{"type":"FeatureCollection","features":[{"type":"Feature","geometry":null,"properties":{"jobName":"Corso Francia_MC","creationTime":"2026-02-19T14:26:07.180291375Z","userPreference":{"distanceUnit":"KILOMETERS","includedSpeedLimits":"ALL"},"dateRanges":[{"@id":1,"name":"Corso Francia","from":"2026-02-01","to":"2026-02-15","exclusions":[],"excludedDaysOfWeek":["SATURDAY","SUNDAY"]}],"timeSets":[{"@id":2,"name":"0:00-1:00","dayToTimeRanges":[{"dayOfWeek":"MONDAY","timeRanges":["00:00-01:00"]},{"dayOfWeek":"TUESDAY","timeRanges":["00:00-01:00"]},{"dayOfWeek":"WEDNESDAY","timeRanges":["00:00-01:00"]},{"dayOfWeek":"THURSDAY","timeRanges":["00:00-01:00"]},{"dayOfWeek":"FRIDAY","timeRanges":["00:00-01:00"]},{"dayOfWeek":"SATURDAY","timeRanges":["00:00-01:00"]},{"dayOfWeek":"SUNDAY","timeRanges":["00:00-01:00"]}]},{"@id":3,"name":"1:00-2:00","dayToTimeRanges":[{"dayOfWeek":"MONDAY","timeRanges":["01:00-02:00"]},{"dayOfWeek":"TUESDAY","timeRanges":["01:00-02:00"]},{"dayOfWeek":"WEDNESDAY","timeRanges":["01:00-02:00"]},{"dayOfWeek":"THURSDAY","timeRanges":["01:00-02:00"]},{"dayOfWeek":"FRIDAY","timeRanges":["01:00-02:00"]},{"dayOfWeek":"SATURDAY","timeRanges":["01:00-02:00"]},{"dayOfWeek":"SUNDAY","timeRanges":["01:00-02:00"]}]},{"@id":4,"name":"2:00-3:00","dayToTimeRanges":[{"dayOfWeek":"MONDAY","timeRanges":["02:00-03:00"]},{"dayOfWeek":"TUESDAY","timeRanges":["02:00-03:00"]},{"dayOfWeek":"WEDNESDAY","timeRanges":["02:00-03:00"]},{"dayOfWeek":"THURSDAY","timeRanges":["02:00-03:00"]},{"dayOfWeek":"FRIDAY","timeRanges":["02:00-03:00"]},{"dayOfWeek":"SATURDAY","timeRanges":["02:00-03:00"]},{"dayOfWeek":"SUNDAY","timeRanges":["02:00-03:00"]}]},{"@id":5,"name":"3:00-4:00","dayToTimeRanges":[{"dayOfWeek":"MONDAY","timeRanges":["03:00-04:00"]},{"dayOfWeek":"TUESDAY","timeRanges":["03:00-04:00"]},{"dayOfWeek":"WEDNESDAY","timeRanges":["03:00-04:00"]},{"dayOfWeek":"THURSDAY","timeRanges":["03:00-04:00"]},{"dayOfWeek":"FRIDAY","timeRanges":["03:00-04:00"]},{"dayOfWeek":"SATURDAY","timeRanges":["03:00-04:00"]},{"dayOfWeek":"SUNDAY","timeRanges":["03:00-04:00"]}]},{"@id":6,"name":"4:00-5:00","dayToTimeRanges":[{"dayOfWeek":"MONDAY","timeRanges":["04:00-05:00"]},{"dayOfWeek":"TUESDAY","timeRanges":["04:00-05:00"]},{"dayOfWeek":"WEDNESDAY","timeRanges":["04:00-05:00"]},{"dayOfWeek":"THURSDAY","timeRanges":["04:00-05:00"]},{"dayOfWeek":"FRIDAY","timeRanges":["04:00-05:00"]},{"dayOfWeek":"SATURDAY","timeRanges":["04:00-05:00"]},{"dayOfWeek":"SUNDAY","timeRanges":["04:00-05:00"]}]},{"@id":7,"name":"5:00-6:00","dayToTimeRanges":[{"dayOfWeek":"MONDAY","timeRanges":["05:00-06:00"]},{"dayOfWeek":"TUESDAY","timeRanges":["05:00-06:00"]},{"dayOfWeek":"WEDNESDAY","timeRanges":["05:00-06:00"]},{"dayOfWeek":"THURSDAY","timeRanges":["05:00-06:00"]},{"dayOfWeek":"FRIDAY","timeRanges":["05:00-06:00"]},{"dayOfWeek":"SATURDAY","timeRanges":["05:00-06:00"]},{"dayOfWeek":"SUNDAY","timeRanges":["05:00-06:00"]}]},{"@id":8,"name":"6:00-7:00","dayToTimeRanges":[{"dayOfWeek":"MONDAY","timeRanges":["06:00-07:00"]},{"dayOfWeek":"TUESDAY","timeRanges":["06:00-07:00"]},{"dayOfWeek":"WEDNESDAY","timeRanges":["06:00-07:00"]},{"dayOfWeek":"THURSDAY","timeRanges":["06:00-07:00"]},{"dayOfWeek":"FRIDAY","timeRanges":["06:00-07:00"]},{"dayOfWeek":"SATURDAY","timeRanges":["06:00-07:00"]},{"dayOfWeek":"SUNDAY","timeRanges":["06:00-07:00"]}]},{"@id":9,"name":"7:00-8:00","dayToTimeRanges":[{"dayOfWeek":"MONDAY","timeRanges":["07:00-08:00"]},{"dayOfWeek":"TUESDAY","timeRanges":["07:00-08:00"]},{"dayOfWeek":"WEDNESDAY","timeRanges":["07:00-08:00"]},{"dayOfWeek":"THURSDAY","timeRanges":["07:00-08:00"]},{"dayOfWeek":"FRIDAY","timeRanges":["07:00-08:00"]},{"dayOfWeek":"SATURDAY","timeRanges":["07:00-08:00"]},{"dayOfWeek":"SUNDAY","timeRanges":["07:00-08:00"]}]},{"@id":10,"name":"8:00-9:00","dayToTimeRanges":[{"dayOfWeek":"MONDAY","timeRanges":["08:00-09:00"]},{"dayOfWeek":"TUESDAY","timeRanges":["08:00-09:00"]},{"dayOfWeek":"WEDNESDAY","timeRanges":["08:00-09:00"]},{"dayOfWeek":"THURSDAY","timeRanges":["08:00-09:00"]},{"dayOfWeek":"FRIDAY","timeRanges":["08:00-09:00"]},{"dayOfWeek":"SATURDAY","timeRanges":["08:00-09:00"]},{"dayOfWeek":"SUNDAY","timeRanges":["08:00-09:00"]}]},{"@id":11,"name":"9:00-10:00","dayToTimeRanges":[{"dayOfWeek":"MONDAY","timeRanges":["09:00-10:00"]},{"dayOfWeek":"TUESDAY","timeRanges":["09:00-10:00"]},{"dayOfWeek":"WEDNESDAY","timeRanges":["09:00-10:00"]},{"dayOfWeek":"THURSDAY","timeRanges":["09:00-10:00"]},{"dayOfWeek":"FRIDAY","timeRanges":["09:00-10:00"]},{"dayOfWeek":"SATURDAY","timeRanges":["09:00-10:00"]},{"dayOfWeek":"SUNDAY","timeRanges":["09:00-10:00"]}]},{"@id":12,"name":"10:00-11:00","dayToTimeRanges":[{"dayOfWeek":"MONDAY","timeRanges":["10:00-11:00"]},{"dayOfWeek":"TUESDAY","timeRanges":["10:00-11:00"]},{"dayOfWeek":"WEDNESDAY","timeRanges":["10:00-11:00"]},{"dayOfWeek":"THURSDAY","timeRanges":["10:00-11:00"]},{"dayOfWeek":"FRIDAY","timeRanges":["10:00-11:00"]},{"dayOfWeek":"SATURDAY","timeRanges":["10:00-11:00"]},{"dayOfWeek":"SUNDAY","timeRanges":["10:00-11:00"]}]},{"@id":13,"name":"11:00-12:00","dayToTimeRanges":[{"dayOfWeek":"MONDAY","timeRanges":["11:00-12:00"]},{"dayOfWeek":"TUESDAY","timeRanges":["11:00-12:00"]},{"dayOfWeek":"WEDNESDAY","timeRanges":["11:00-12:00"]},{"dayOfWeek":"THURSDAY","timeRanges":["11:00-12:00"]},{"dayOfWeek":"FRIDAY","timeRanges":["11:00-12:00"]},{"dayOfWeek":"SATURDAY","timeRanges":["11:00-12:00"]},{"dayOfWeek":"SUNDAY","timeRanges":["11:00-12:00"]}]},{"@id":14,"name":"12:00-13:00","dayToTimeRanges":[{"dayOfWeek":"MONDAY","timeRanges":["12:00-13:00"]},{"dayOfWeek":"TUESDAY","timeRanges":["12:00-13:00"]},{"dayOfWeek":"WEDNESDAY","timeRanges":["12:00-13:00"]},{"dayOfWeek":"THURSDAY","timeRanges":["12:00-13:00"]},{"dayOfWeek":"FRIDAY","timeRanges":["12:00-13:00"]},{"dayOfWeek":"SATURDAY","timeRanges":["12:00-13:00"]},{"dayOfWeek":"SUNDAY","timeRanges":["12:00-13:00"]}]},{"@id":15,"name":"13:00-14:00","dayToTimeRanges":[{"dayOfWeek":"MONDAY","timeRanges":["13:00-14:00"]},{"dayOfWeek":"TUESDAY","timeRanges":["13:00-14:00"]},{"dayOfWeek":"WEDNESDAY","timeRanges":["13:00-14:00"]},{"dayOfWeek":"THURSDAY","timeRanges":["13:00-14:00"]},{"dayOfWeek":"FRIDAY","timeRanges":["13:00-14:00"]},{"dayOfWeek":"SATURDAY","timeRanges":["13:00-14:00"]},{"dayOfWeek":"SUNDAY","timeRanges":["13:00-14:00"]}]},{"@id":16,"name":"14:00-15:00","dayToTimeRanges":[{"dayOfWeek":"MONDAY","timeRanges":["14:00-15:00"]},{"dayOfWeek":"TUESDAY","timeRanges":["14:00-15:00"]},{"dayOfWeek":"WEDNESDAY","timeRanges":["14:00-15:00"]},{"dayOfWeek":"THURSDAY","timeRanges":["14:00-15:00"]},{"dayOfWeek":"FRIDAY","timeRanges":["14:00-15:00"]},{"dayOfWeek":"SATURDAY","timeRanges":["14:00-15:00"]},{"dayOfWeek":"SUNDAY","timeRanges":["14:00-15:00"]}]},{"@id":17,"name":"15:00-16:00","dayToTimeRanges":[{"dayOfWeek":"MONDAY","timeRanges":["15:00-16:00"]},{"dayOfWeek":"TUESDAY","timeRanges":["15:00-16:00"]},{"dayOfWeek":"WEDNESDAY","timeRanges":["15:00-16:00"]},{"dayOfWeek":"THURSDAY","timeRanges":["15:00-16:00"]},{"dayOfWeek":"FRIDAY","timeRanges":["15:00-16:00"]},{"dayOfWeek":"SATURDAY","timeRanges":["15:00-16:00"]},{"dayOfWeek":"SUNDAY","timeRanges":["15:00-16:00"]}]},{"@id":18,"name":"16:00-17:00","dayToTimeRanges":[{"dayOfWeek":"MONDAY","timeRanges":["16:00-17:00"]},{"dayOfWeek":"TUESDAY","timeRanges":["16:00-17:00"]},{"dayOfWeek":"WEDNESDAY","timeRanges":["16:00-17:00"]},{"dayOfWeek":"THURSDAY","timeRanges":["16:00-17:00"]},{"dayOfWeek":"FRIDAY","timeRanges":["16:00-17:00"]},{"dayOfWeek":"SATURDAY","timeRanges":["16:00-17:00"]},{"dayOfWeek":"SUNDAY","timeRanges":["16:00-17:00"]}]},{"@id":19,"name":"17:00-18:00","dayToTimeRanges":[{"dayOfWeek":"MONDAY","timeRanges":["17:00-18:00"]},{"dayOfWeek":"TUESDAY","timeRanges":["17:00-18:00"]},{"dayOfWeek":"WEDNESDAY","timeRanges":["17:00-18:00"]},{"dayOfWeek":"THURSDAY","timeRanges":["17:00-18:00"]},{"dayOfWeek":"FRIDAY","timeRanges":["17:00-18:00"]},{"dayOfWeek":"SATURDAY","timeRanges":["17:00-18:00"]},{"dayOfWeek":"SUNDAY","timeRanges":["17:00-18:00"]}]},{"@id":20,"name":"18:00-19:00","dayToTimeRanges":[{"dayOfWeek":"MONDAY","timeRanges":["18:00-19:00"]},{"dayOfWeek":"TUESDAY","timeRanges":["18:00-19:00"]},{"dayOfWeek":"WEDNESDAY","timeRanges":["18:00-19:00"]},{"dayOfWeek":"THURSDAY","timeRanges":["18:00-19:00"]},{"dayOfWeek":"FRIDAY","timeRanges":["18:00-19:00"]},{"dayOfWeek":"SATURDAY","timeRanges":["18:00-19:00"]},{"dayOfWeek":"SUNDAY","timeRanges":["18:00-19:00"]}]},{"@id":21,"name":"19:00-20:00","dayToTimeRanges":[{"dayOfWeek":"MONDAY","timeRanges":["19:00-20:00"]},{"dayOfWeek":"TUESDAY","timeRanges":["19:00-20:00"]},{"dayOfWeek":"WEDNESDAY","timeRanges":["19:00-20:00"]},{"dayOfWeek":"THURSDAY","timeRanges":["19:00-20:00"]},{"dayOfWeek":"FRIDAY","timeRanges":["19:00-20:00"]},{"dayOfWeek":"SATURDAY","timeRanges":["19:00-20:00"]},{"dayOfWeek":"SUNDAY","timeRanges":["19:00-20:00"]}]},{"@id":22,"name":"20:00-21:00","dayToTimeRanges":[{"dayOfWeek":"MONDAY","timeRanges":["20:00-21:00"]},{"dayOfWeek":"TUESDAY","timeRanges":["20:00-21:00"]},{"dayOfWeek":"WEDNESDAY","timeRanges":["20:00-21:00"]},{"dayOfWeek":"THURSDAY","timeRanges":["20:00-21:00"]},{"dayOfWeek":"FRIDAY","timeRanges":["20:00-21:00"]},{"dayOfWeek":"SATURDAY","timeRanges":["20:00-21:00"]},{"dayOfWeek":"SUNDAY","timeRanges":["20:00-21:00"]}]},{"@id":23,"name":"21:00-22:00","dayToTimeRanges":[{"dayOfWeek":"MONDAY","timeRanges":["21:00-22:00"]},{"dayOfWeek":"TUESDAY","timeRanges":["21:00-22:00"]},{"dayOfWeek":"WEDNESDAY","timeRanges":["21:00-22:00"]},{"dayOfWeek":"THURSDAY","timeRanges":["21:00-22:00"]},{"dayOfWeek":"FRIDAY","timeRanges":["21:00-22:00"]},{"dayOfWeek":"SATURDAY","timeRanges":["21:00-22:00"]},{"dayOfWeek":"SUNDAY","timeRanges":["21:00-22:00"]}]},{"@id":24,"name":"22:00-23:00","dayToTimeRanges":[{"dayOfWeek":"MONDAY","timeRanges":["22:00-23:00"]},{"dayOfWeek":"TUESDAY","timeRanges":["22:00-23:00"]},{"dayOfWeek":"WEDNESDAY","timeRanges":["22:00-23:00"]},{"dayOfWeek":"THURSDAY","timeRanges":["22:00-23:00"]},{"dayOfWeek":"FRIDAY","timeRanges":["22:00-23:00"]},{"dayOfWeek":"SATURDAY","timeRanges":["22:00-23:00"]},{"dayOfWeek":"SUNDAY","timeRanges":["22:00-23:00"]}]},{"@id":25,"name":"23:00-24:00","dayToTimeRanges":[{"dayOfWeek":"MONDAY","timeRanges":["23:00-24:00"]},{"dayOfWeek":"TUESDAY","timeRanges":["23:00-24:00"]},{"dayOfWeek":"WEDNESDAY","timeRanges":["23:00-24:00"]},{"dayOfWeek":"THURSDAY","timeRanges":["23:00-24:00"]},{"dayOfWeek":"FRIDAY","timeRanges":["23:00-24:00"]},{"dayOfWeek":"SATURDAY","timeRanges":["23:00-24:00"]},{"dayOfWeek":"SUNDAY","timeRanges":["23:00-24:00"]}]}],"routeName":"Corso Francia_Dir. GRA","zoneId":"Europe/Rome","probeSource":"ALL","fullTraversal":false,"mapsVersions":["SouthWestEurope_eur2025.12.000-22.395-0 DSEG_NOSPLIT"],"summaries":[{"dateRange":1,"timeSet":2,"distance":2227.24,"coveredDistance":2227.24,"averageSampleSize":1579.13,"harmonicAverageSpeed":48.39,"averageTravelTime":165.69,"medianTravelTime":136.44,"averageTravelTimeRatio":1.0,"planningTimeIndex":2.05,"travelTimePercentiles":[93.02,100.86,106.54,111.59,115.71,119.88,123.62,127.72,131.88,136.44,140.8,146.44,152.39,159.81,169.68,183.98,205.43,244.19,340.14],"speedPercentiles":[23.57,32.84,39.03,43.58,47.26,50.17,52.62,54.75,56.95,58.77,60.8,62.78,64.86,66.89,69.3,71.86,75.26,79.5,86.19]},{"dateRange":1,"timeSet":3,"distance":2227.24,"coveredDistance":2227.24,"averageSampleSize":801.38,"harmonicAverageSpeed":51.08,"averageTravelTime":156.98,"medianTravelTime":128.56,"averageTravelTimeRatio":0.95,"planningTimeIndex":2.05,"travelTimePercentiles":[85.97,93.17,98.77,103.66,107.64,112.08,116.11,120.07,124.12,128.56,133.13,138.56,145.19,152.58,163.52,178.21,200.63,246.18,340.31],"speedPercentiles":[23.56,32.57,39.96,44.99,49.03,52.55,55.22,57.87,60.23,62.37,64.6,66.78,69.05,71.54,74.49,77.35,81.18,86.06,93.27]},{"dateRange":1,"timeSet":4,"distance":2227.24,"coveredDistance":2227.24,"averageSampleSize":420.04,"harmonicAverageSpeed":50.3,"averageTravelTime":159.39,"medianTravelTime":127.6,"averageTravelTimeRatio":0.96,"planningTimeIndex":2.1,"travelTimePercentiles":[84.44,92.02,97.67,102.4,106.32,110.42,114.69,118.84,123.22,127.6,131.9,136.92,143.44,151.28,163.18,178.72,199.84,239.88,347.68],"speedPercentiles":[23.06,33.42,40.12,44.86,49.14,53.0,55.9,58.56,60.79,62.84,65.07,67.47,69.91,72.61,75.42,78.3,82.1,87.13,94.96]},{"dateRange":1,"timeSet":5,"distance":2227.24,"coveredDistance":2227.24,"averageSampleSize":241.64,"harmonicAverageSpeed":49.55,"averageTravelTime":161.82,"medianTravelTime":123.16,"averageTravelTimeRatio":0.98,"planningTimeIndex":2.23,"travelTimePercentiles":[85.74,91.23,96.29,100.64,104.15,107.7,111.06,114.59,118.42,123.16,128.58,135.35,140.95,149.07,159.26,174.36,201.59,247.51,369.18],"speedPercentiles":[21.72,32.4,39.77,45.99,50.34,53.79,56.89,59.24,62.36,65.1,67.71,69.97,72.2,74.45,76.98,79.67,83.27,87.89,93.51]},{"dateRange":1,"timeSet":6,"distance":2227.24,"coveredDistance":2227.24,"averageSampleSize":202.15,"harmonicAverageSpeed":50.12,"averageTravelTime":159.97,"medianTravelTime":127.01,"averageTravelTimeRatio":0.97,"planningTimeIndex":2.16,"travelTimePercentiles":[87.87,94.66,99.46,103.52,106.99,110.44,114.21,118.27,122.7,127.01,131.33,136.44,142.11,149.7,157.98,170.44,188.27,226.54,357.54],"speedPercentiles":[22.43,35.39,42.59,47.04,50.75,53.56,56.42,58.77,61.05,63.13,65.34,67.8,70.21,72.6,74.94,77.46,80.61,84.71,91.25]},{"dateRange":1,"timeSet":7,"distance":2227.24,"coveredDistance":2227.24,"averageSampleSize":257.17,"harmonicAverageSpeed":50.85,"averageTravelTime":157.67,"medianTravelTime":122.2,"averageTravelTimeRatio":0.95,"planningTimeIndex":2.07,"travelTimePercentiles":[85.16,92.68,96.71,100.55,104.05,106.93,110.88,114.43,118.36,122.2,126.81,132.29,138.67,148.0,157.96,173.39,194.23,229.8,342.58],"speedPercentiles":[23.4,34.89,41.28,46.24,50.76,54.18,57.82,60.61,63.23,65.62,67.74,70.07,72.31,74.98,77.06,79.74,82.91,86.51,94.15]},{"dateRange":1,"timeSet":8,"distance":2227.24,"coveredDistance":2227.24,"averageSampleSize":790.43,"harmonicAverageSpeed":48.79,"averageTravelTime":164.35,"medianTravelTime":132.95,"averageTravelTimeRatio":0.99,"planningTimeIndex":2.21,"travelTimePercentiles":[91.61,99.27,104.77,109.3,113.72,117.43,120.96,125.01,128.74,132.95,137.62,142.47,148.36,155.87,166.68,181.44,213.31,261.47,366.21],"speedPercentiles":[21.89,30.67,37.59,44.19,48.1,51.44,54.04,56.28,58.26,60.31,62.28,64.14,66.29,68.28,70.51,73.36,76.53,80.77,87.53]},{"dateRange":1,"timeSet":9,"distance":2227.24,"coveredDistance":2227.24,"averageSampleSize":2576.23,"harmonicAverageSpeed":43.39,"averageTravelTime":184.79,"medianTravelTime":148.92,"averageTravelTimeRatio":1.12,"planningTimeIndex":2.46,"travelTimePercentiles":[102.3,109.75,115.49,120.62,125.37,129.86,134.36,138.94,144.0,148.92,154.85,160.82,168.09,177.02,188.47,205.53,236.15,292.82,406.91],"speedPercentiles":[19.7,27.38,33.95,39.01,42.54,45.29,47.7,49.86,51.78,53.84,55.68,57.71,59.68,61.74,63.95,66.48,69.42,73.06,78.38]},{"dateRange":1,"timeSet":10,"distance":2227.24,"coveredDistance":2227.24,"averageSampleSize":5276.45,"harmonicAverageSpeed":39.44,"averageTravelTime":203.32,"medianTravelTime":161.24,"averageTravelTimeRatio":1.23,"planningTimeIndex":2.7,"travelTimePercentiles":[109.75,118.15,123.92,129.83,134.54,139.77,144.54,149.81,155.08,161.24,167.83,174.87,183.57,194.56,209.32,231.35,272.08,327.15,446.77],"speedPercentiles":[17.95,24.51,29.47,34.66,38.31,41.21,43.68,45.85,47.77,49.73,51.7,53.52,55.47,57.37,59.6,61.76,64.7,67.87,73.06]},{"dateRange":1,"timeSet":11,"distance":2227.24,"coveredDistance":2227.24,"averageSampleSize":3919.36,"harmonicAverageSpeed":41.56,"averageTravelTime":192.91,"medianTravelTime":152.91,"averageTravelTimeRatio":1.16,"planningTimeIndex":2.53,"travelTimePercentiles":[105.85,113.69,119.49,124.66,129.53,134.12,138.4,143.34,148.13,152.91,159.13,165.77,173.89,183.75,197.12,217.2,253.97,303.85,419.46],"speedPercentiles":[19.12,26.39,31.57,36.91,40.68,43.64,46.11,48.37,50.39,52.43,54.13,55.94,57.93,59.78,61.9,64.32,67.1,70.53,75.75]},{"dateRange":1,"timeSet":12,"distance":2227.24,"coveredDistance":2227.24,"averageSampleSize":3658.89,"harmonicAverageSpeed":42.86,"averageTravelTime":187.06,"medianTravelTime":150.27,"averageTravelTimeRatio":1.13,"planningTimeIndex":2.39,"travelTimePercentiles":[104.31,112.09,117.8,122.53,126.97,131.33,135.58,140.25,145.33,150.27,156.17,162.57,169.7,178.58,189.72,206.94,238.43,297.55,396.43],"speedPercentiles":[20.23,26.95,33.63,38.75,42.26,44.9,47.25,49.32,51.34,53.36,55.17,57.17,59.14,61.05,63.15,65.44,68.06,71.53,76.87]},{"dateRange":1,"timeSet":13,"distance":2227.24,"coveredDistance":2227.24,"averageSampleSize":4016.68,"harmonicAverageSpeed":42.19,"averageTravelTime":190.07,"medianTravelTime":153.46,"averageTravelTimeRatio":1.15,"planningTimeIndex":2.46,"travelTimePercentiles":[105.93,113.62,119.24,124.27,129.08,133.81,138.57,143.26,147.92,153.46,159.21,165.57,172.87,181.63,193.07,209.46,236.86,299.75,407.47],"speedPercentiles":[19.68,26.75,33.85,38.28,41.53,44.15,46.38,48.43,50.36,52.25,54.21,55.97,57.86,59.92,62.12,64.52,67.24,70.57,75.69]},{"dateRange":1,"timeSet":14,"distance":2227.24,"coveredDistance":2227.24,"averageSampleSize":4598.72,"harmonicAverageSpeed":39.62,"averageTravelTime":202.36,"medianTravelTime":159.04,"averageTravelTimeRatio":1.22,"planningTimeIndex":2.67,"travelTimePercentiles":[108.14,116.6,122.54,128.13,133.02,137.88,143.01,148.02,153.31,159.04,166.51,173.47,181.65,193.08,207.98,227.88,263.59,328.24,442.56],"speedPercentiles":[18.12,24.43,30.42,35.19,38.55,41.53,44.14,46.22,48.15,50.42,52.3,54.17,56.06,58.15,60.28,62.58,65.43,68.76,74.15]},{"dateRange":1,"timeSet":15,"distance":2227.24,"coveredDistance":2227.24,"averageSampleSize":5120.06,"harmonicAverageSpeed":35.22,"averageTravelTime":227.67,"medianTravelTime":165.16,"averageTravelTimeRatio":1.37,"planningTimeIndex":3.26,"travelTimePercentiles":[110.77,119.03,125.97,131.53,136.97,142.19,147.68,153.43,158.92,165.16,172.74,180.77,190.9,204.31,221.97,249.84,297.95,374.7,540.89],"speedPercentiles":[14.82,21.4,26.91,32.09,36.12,39.24,42.0,44.35,46.42,48.55,50.45,52.26,54.29,56.39,58.54,60.96,63.65,67.36,72.39]},{"dateRange":1,"timeSet":16,"distance":2227.24,"coveredDistance":2227.24,"averageSampleSize":5711.53,"harmonicAverageSpeed":34.6,"averageTravelTime":231.73,"medianTravelTime":167.14,"averageTravelTimeRatio":1.4,"planningTimeIndex":3.52,"travelTimePercentiles":[110.7,119.78,126.28,132.43,137.96,143.17,148.69,154.44,160.74,167.14,174.49,183.96,196.19,210.3,229.47,262.2,313.21,388.65,582.96],"speedPercentiles":[13.75,20.63,25.6,30.58,34.94,38.13,40.87,43.59,45.95,47.97,49.88,51.92,53.93,56.0,58.12,60.54,63.49,66.94,72.43]},{"dateRange":1,"timeSet":17,"distance":2227.24,"coveredDistance":2227.24,"averageSampleSize":5251.43,"harmonicAverageSpeed":38.28,"averageTravelTime":209.48,"medianTravelTime":166.28,"averageTravelTimeRatio":1.26,"planningTimeIndex":2.73,"travelTimePercentiles":[112.0,121.19,127.54,133.45,138.48,143.73,149.03,154.33,160.05,166.28,173.23,181.01,190.7,203.08,218.56,240.69,277.68,337.27,452.66],"speedPercentiles":[17.71,23.77,28.87,33.31,36.69,39.48,42.05,44.3,46.29,48.22,50.1,51.95,53.8,55.78,57.9,60.08,62.87,66.16,71.59]},{"dateRange":1,"timeSet":18,"distance":2227.24,"coveredDistance":2227.24,"averageSampleSize":5607.32,"harmonicAverageSpeed":34.43,"averageTravelTime":232.91,"medianTravelTime":183.54,"averageTravelTimeRatio":1.41,"planningTimeIndex":3.04,"travelTimePercentiles":[117.22,127.27,135.03,141.91,148.65,155.01,161.37,167.94,175.1,183.54,192.97,203.96,217.37,234.63,258.98,284.56,321.35,386.67,504.2],"speedPercentiles":[15.9,20.74,24.95,28.18,30.96,34.17,36.89,39.31,41.55,43.69,45.79,47.74,49.69,51.72,53.94,56.5,59.38,63.0,68.4]},{"dateRange":1,"timeSet":19,"distance":2227.24,"coveredDistance":2227.24,"averageSampleSize":6140.98,"harmonicAverageSpeed":33.99,"averageTravelTime":235.93,"medianTravelTime":187.59,"averageTravelTimeRatio":1.42,"planningTimeIndex":3.05,"travelTimePercentiles":[119.83,130.23,137.77,144.76,151.32,157.59,163.9,171.04,179.06,187.59,197.57,208.8,222.45,241.18,262.51,287.94,328.96,386.18,505.33],"speedPercentiles":[15.87,20.76,24.37,27.85,30.54,33.25,36.05,38.4,40.58,42.74,44.78,46.88,48.92,50.88,52.99,55.39,58.2,61.57,66.91]},{"dateRange":1,"timeSet":20,"distance":2227.24,"coveredDistance":2227.24,"averageSampleSize":6763.21,"harmonicAverageSpeed":30.8,"averageTravelTime":260.31,"medianTravelTime":206.45,"averageTravelTimeRatio":1.57,"planningTimeIndex":3.4,"travelTimePercentiles":[128.54,140.17,149.68,157.12,164.29,171.33,179.39,187.27,196.02,206.45,217.96,232.28,249.13,269.12,294.39,324.69,364.45,426.2,563.72],"speedPercentiles":[14.22,18.81,22.0,24.69,27.24,29.79,32.18,34.52,36.79,38.84,40.9,42.82,44.7,46.8,48.8,51.03,53.57,57.2,62.38]},{"dateRange":1,"timeSet":21,"distance":2227.24,"coveredDistance":2227.24,"averageSampleSize":6660.0,"harmonicAverageSpeed":32.44,"averageTravelTime":247.13,"medianTravelTime":196.33,"averageTravelTimeRatio":1.49,"planningTimeIndex":3.19,"travelTimePercentiles":[125.01,136.16,144.46,152.29,159.16,165.52,172.33,179.36,187.18,196.33,206.26,218.62,232.79,251.7,274.4,301.41,339.07,400.85,529.05],"speedPercentiles":[15.16,20.0,23.65,26.6,29.22,31.86,34.44,36.68,38.87,40.84,42.84,44.7,46.53,48.44,50.38,52.65,55.5,58.89,64.14]},{"dateRange":1,"timeSet":22,"distance":2227.24,"coveredDistance":2227.24,"averageSampleSize":5072.43,"harmonicAverageSpeed":37.18,"averageTravelTime":215.66,"medianTravelTime":173.35,"averageTravelTimeRatio":1.3,"planningTimeIndex":2.78,"travelTimePercentiles":[112.72,122.68,130.03,136.61,142.58,148.7,154.83,161.03,166.44,173.35,181.18,189.89,199.82,212.49,231.33,255.89,298.52,355.98,461.01],"speedPercentiles":[17.39,22.52,26.86,31.33,34.66,37.73,40.13,42.23,44.26,46.25,48.17,49.79,51.79,53.92,56.24,58.69,61.66,65.36,71.13]},{"dateRange":1,"timeSet":23,"distance":2227.24,"coveredDistance":2227.24,"averageSampleSize":2725.74,"harmonicAverageSpeed":44.77,"averageTravelTime":179.08,"medianTravelTime":146.38,"averageTravelTimeRatio":1.08,"planningTimeIndex":2.26,"travelTimePercentiles":[99.18,107.12,113.11,118.19,122.78,127.82,132.31,136.65,141.3,146.38,151.79,157.63,164.15,172.73,183.16,199.55,225.67,275.68,374.8],"speedPercentiles":[21.39,29.09,35.53,40.18,43.78,46.42,48.85,50.87,52.82,54.78,56.75,58.67,60.6,62.73,65.3,67.84,70.88,74.85,80.84]},{"dateRange":1,"timeSet":24,"distance":2227.24,"coveredDistance":2227.24,"averageSampleSize":2651.17,"harmonicAverageSpeed":45.38,"averageTravelTime":176.68,"medianTravelTime":146.11,"averageTravelTimeRatio":1.07,"planningTimeIndex":2.23,"travelTimePercentiles":[99.07,107.49,113.47,118.7,123.42,127.38,132.06,136.11,141.17,146.11,151.26,156.81,163.37,170.86,181.64,197.84,224.25,271.43,368.84],"speedPercentiles":[21.74,29.54,35.75,40.53,44.14,46.93,49.08,51.13,53.01,54.88,56.8,58.91,60.72,62.95,64.97,67.55,70.66,74.59,80.94]},{"dateRange":1,"timeSet":25,"distance":2227.24,"coveredDistance":2227.24,"averageSampleSize":3303.3,"harmonicAverageSpeed":44.32,"averageTravelTime":180.91,"medianTravelTime":148.75,"averageTravelTimeRatio":1.09,"planningTimeIndex":2.3,"travelTimePercentiles":[101.37,109.67,115.61,120.66,125.46,130.02,134.21,139.01,143.81,148.75,153.8,159.82,166.65,174.51,185.8,201.85,233.88,287.46,381.23],"speedPercentiles":[21.03,27.89,34.28,39.72,43.15,45.95,48.11,50.17,52.13,53.9,55.75,57.68,59.74,61.67,63.91,66.45,69.35,73.11,79.1]}]}},{"type":"Feature","geometry":{"type":"LineString","coordinates":[[12.47603,41.92816],[12.47571,41.9281],[12.47562,41.92807],[12.47557,41.92806]]},"properties":{"segmentId":-13800007209313,"newSegmentId":"-00004931-3600-0400-0000-0000034eab38","speedLimit":50,"frc":4,"streetName":"Corso di Francia","distance":39.53,"segmentTimeResults":[{"timeSet":2,"dateRange":1,"harmonicAverageSpeed":49.9,"medianSpeed":53.0,"averageSpeed":52.9,"standardDeviationSpeed":11.5,"travelTimeStandardDeviation":0.83,"sampleSize":512,"normalizedSampleSize":0.0506,"averageTravelTime":2.85,"medianTravelTime":2.69,"travelTimeRatio":1.0,"speedPercentiles":[33,39,42,45,46,48,50,51,52,53,54,55,57,58,60,61,64,66,71]},{"timeSet":3,"dateRange":1,"harmonicAverageSpeed":54.1,"medianSpeed":56.0,"averageSpeed":57.0,"standardDeviationSpeed":12.8,"travelTimeStandardDeviation":0.63,"sampleSize":236,"normalizedSampleSize":0.0233,"averageTravelTime":2.63,"medianTravelTime":2.54,"travelTimeRatio":0.92,"speedPercentiles":[38,43,45,47,48,49,51,53,55,56,57,59,60,62,64,66,70,75,79]},{"timeSet":4,"dateRange":1,"harmonicAverageSpeed":52.1,"medianSpeed":54.0,"averageSpeed":55.5,"standardDeviationSpeed":13.6,"travelTimeStandardDeviation":0.75,"sampleSize":127,"normalizedSampleSize":0.0126,"averageTravelTime":2.73,"medianTravelTime":2.64,"travelTimeRatio":0.96,"speedPercentiles":[37,40,43,44,46,48,49,51,52,54,55,58,59,62,64,67,69,74,79]},{"timeSet":5,"dateRange":1,"harmonicAverageSpeed":49.0,"medianSpeed":58.0,"averageSpeed":55.7,"standardDeviationSpeed":14.1,"travelTimeStandardDeviation":1.81,"sampleSize":53,"normalizedSampleSize":0.0052,"averageTravelTime":2.91,"medianTravelTime":2.45,"travelTimeRatio":1.02,"speedPercentiles":[27,39,42,47,49,49,53,54,56,58,60,60,61,63,64,68,70,72,74]},{"timeSet":6,"dateRange":1,"harmonicAverageSpeed":56.0,"medianSpeed":57.0,"averageSpeed":58.0,"standardDeviationSpeed":11.1,"travelTimeStandardDeviation":0.49,"sampleSize":45,"normalizedSampleSize":0.0044,"averageTravelTime":2.54,"medianTravelTime":2.5,"travelTimeRatio":0.89,"speedPercentiles":[44,46,46,46,52,53,54,54,56,57,58,59,61,63,65,66,69,71,78]},{"timeSet":7,"dateRange":1,"harmonicAverageSpeed":51.3,"medianSpeed":58.0,"averageSpeed":57.5,"standardDeviationSpeed":15.0,"travelTimeStandardDeviation":1.36,"sampleSize":52,"normalizedSampleSize":0.0051,"averageTravelTime":2.78,"medianTravelTime":2.45,"travelTimeRatio":0.97,"speedPercentiles":[28,37,40,48,52,53,56,57,57,58,59,63,66,67,69,70,71,72,80]},{"timeSet":8,"dateRange":1,"harmonicAverageSpeed":48.1,"medianSpeed":53.0,"averageSpeed":52.6,"standardDeviationSpeed":12.3,"travelTimeStandardDeviation":1.53,"sampleSize":196,"normalizedSampleSize":0.0194,"averageTravelTime":2.96,"medianTravelTime":2.69,"travelTimeRatio":1.04,"speedPercentiles":[31,40,43,45,46,47,49,50,52,53,54,54,55,57,59,60,63,68,74]},{"timeSet":9,"dateRange":1,"harmonicAverageSpeed":46.6,"medianSpeed":50.0,"averageSpeed":49.6,"standardDeviationSpeed":11.1,"travelTimeStandardDeviation":0.91,"sampleSize":790,"normalizedSampleSize":0.0781,"averageTravelTime":3.05,"medianTravelTime":2.85,"travelTimeRatio":1.07,"speedPercentiles":[30,36,40,42,43,45,46,47,49,50,52,52,53,55,56,58,60,63,67]},{"timeSet":10,"dateRange":1,"harmonicAverageSpeed":44.4,"medianSpeed":48.0,"averageSpeed":47.3,"standardDeviationSpeed":9.8,"travelTimeStandardDeviation":1.55,"sampleSize":1979,"normalizedSampleSize":0.1956,"averageTravelTime":3.21,"medianTravelTime":2.96,"travelTimeRatio":1.13,"speedPercentiles":[29,36,39,41,43,44,45,46,47,48,49,50,51,52,53,54,56,58,62]},{"timeSet":11,"dateRange":1,"harmonicAverageSpeed":44.1,"medianSpeed":48.0,"averageSpeed":47.2,"standardDeviationSpeed":10.8,"travelTimeStandardDeviation":1.07,"sampleSize":1330,"normalizedSampleSize":0.1315,"averageTravelTime":3.23,"medianTravelTime":2.96,"travelTimeRatio":1.13,"speedPercentiles":[28,34,37,39,41,43,44,45,46,48,49,50,51,52,54,55,57,60,64]},{"timeSet":12,"dateRange":1,"harmonicAverageSpeed":43.9,"medianSpeed":48.0,"averageSpeed":47.5,"standardDeviationSpeed":11.2,"travelTimeStandardDeviation":1.22,"sampleSize":1225,"normalizedSampleSize":0.1211,"averageTravelTime":3.24,"medianTravelTime":2.96,"travelTimeRatio":1.14,"speedPercentiles":[26,33,36,39,41,43,45,46,47,48,49,50,52,53,54,56,57,60,64]},{"timeSet":13,"dateRange":1,"harmonicAverageSpeed":45.1,"medianSpeed":49.0,"averageSpeed":48.2,"standardDeviationSpeed":10.3,"travelTimeStandardDeviation":1.21,"sampleSize":1332,"normalizedSampleSize":0.1317,"averageTravelTime":3.16,"medianTravelTime":2.9,"travelTimeRatio":1.11,"speedPercentiles":[28,35,39,41,43,45,46,47,48,49,50,51,52,53,55,56,58,60,64]},{"timeSet":14,"dateRange":1,"harmonicAverageSpeed":44.2,"medianSpeed":48.0,"averageSpeed":47.4,"standardDeviationSpeed":10.6,"travelTimeStandardDeviation":1.36,"sampleSize":1674,"normalizedSampleSize":0.1655,"averageTravelTime":3.22,"medianTravelTime":2.96,"travelTimeRatio":1.13,"speedPercentiles":[28,35,38,41,42,44,45,46,47,48,49,50,51,52,53,54,56,58,64]},{"timeSet":15,"dateRange":1,"harmonicAverageSpeed":44.7,"medianSpeed":48.0,"averageSpeed":47.3,"standardDeviationSpeed":9.9,"travelTimeStandardDeviation":0.93,"sampleSize":1900,"normalizedSampleSize":0.1878,"averageTravelTime":3.19,"medianTravelTime":2.96,"travelTimeRatio":1.12,"speedPercentiles":[30,35,38,41,43,44,45,46,47,48,49,50,50,52,53,54,56,59,63]},{"timeSet":16,"dateRange":1,"harmonicAverageSpeed":43.9,"medianSpeed":48.0,"averageSpeed":47.4,"standardDeviationSpeed":10.3,"travelTimeStandardDeviation":2.05,"sampleSize":2177,"normalizedSampleSize":0.2152,"averageTravelTime":3.24,"medianTravelTime":2.96,"travelTimeRatio":1.14,"speedPercentiles":[29,35,39,41,42,43,45,46,47,48,49,50,51,52,53,55,56,58,63]},{"timeSet":17,"dateRange":1,"harmonicAverageSpeed":44.1,"medianSpeed":47.0,"averageSpeed":46.8,"standardDeviationSpeed":10.2,"travelTimeStandardDeviation":0.96,"sampleSize":2009,"normalizedSampleSize":0.1986,"averageTravelTime":3.22,"medianTravelTime":3.03,"travelTimeRatio":1.13,"speedPercentiles":[29,34,38,40,42,43,44,45,46,47,48,49,50,51,52,53,55,57,62]},{"timeSet":18,"dateRange":1,"harmonicAverageSpeed":42.7,"medianSpeed":46.0,"averageSpeed":45.6,"standardDeviationSpeed":10.2,"travelTimeStandardDeviation":1.06,"sampleSize":2097,"normalizedSampleSize":0.2073,"averageTravelTime":3.33,"medianTravelTime":3.09,"travelTimeRatio":1.17,"speedPercentiles":[27,33,36,39,41,42,43,44,45,46,47,48,49,50,51,53,54,57,61]},{"timeSet":19,"dateRange":1,"harmonicAverageSpeed":41.2,"medianSpeed":45.0,"averageSpeed":44.1,"standardDeviationSpeed":9.9,"travelTimeStandardDeviation":1.14,"sampleSize":2334,"normalizedSampleSize":0.2307,"averageTravelTime":3.46,"medianTravelTime":3.16,"travelTimeRatio":1.21,"speedPercentiles":[25,31,35,37,39,41,42,43,44,45,46,47,48,49,50,51,53,55,58]},{"timeSet":20,"dateRange":1,"harmonicAverageSpeed":38.6,"medianSpeed":43.0,"averageSpeed":41.9,"standardDeviationSpeed":9.9,"travelTimeStandardDeviation":1.59,"sampleSize":2686,"normalizedSampleSize":0.2655,"averageTravelTime":3.69,"medianTravelTime":3.31,"travelTimeRatio":1.29,"speedPercentiles":[23,28,32,35,37,38,40,41,42,43,44,45,46,47,48,49,50,52,56]},{"timeSet":21,"dateRange":1,"harmonicAverageSpeed":40.1,"medianSpeed":44.0,"averageSpeed":43.4,"standardDeviationSpeed":10.3,"travelTimeStandardDeviation":1.87,"sampleSize":2717,"normalizedSampleSize":0.2686,"averageTravelTime":3.55,"medianTravelTime":3.23,"travelTimeRatio":1.25,"speedPercentiles":[24,30,34,36,38,40,41,42,43,44,45,46,47,48,49,51,52,55,59]},{"timeSet":22,"dateRange":1,"harmonicAverageSpeed":43.5,"medianSpeed":46.0,"averageSpeed":46.2,"standardDeviationSpeed":10.3,"travelTimeStandardDeviation":0.96,"sampleSize":2049,"normalizedSampleSize":0.2026,"averageTravelTime":3.27,"medianTravelTime":3.09,"travelTimeRatio":1.15,"speedPercentiles":[29,34,37,39,40,42,43,44,45,46,47,48,49,51,52,53,55,58,63]},{"timeSet":23,"dateRange":1,"harmonicAverageSpeed":43.5,"medianSpeed":50.0,"averageSpeed":50.3,"standardDeviationSpeed":12.2,"travelTimeStandardDeviation":7.03,"sampleSize":952,"normalizedSampleSize":0.0941,"averageTravelTime":3.28,"medianTravelTime":2.85,"travelTimeRatio":1.15,"speedPercentiles":[31,36,39,41,43,44,46,48,49,50,51,53,54,55,57,59,62,65,70]},{"timeSet":24,"dateRange":1,"harmonicAverageSpeed":45.3,"medianSpeed":48.0,"averageSpeed":48.8,"standardDeviationSpeed":12.1,"travelTimeStandardDeviation":1.1,"sampleSize":964,"normalizedSampleSize":0.0953,"averageTravelTime":3.14,"medianTravelTime":2.96,"travelTimeRatio":1.1,"speedPercentiles":[30,34,37,40,42,44,45,46,47,48,50,51,52,53,55,57,59,63,70]},{"timeSet":25,"dateRange":1,"harmonicAverageSpeed":45.3,"medianSpeed":49.0,"averageSpeed":48.5,"standardDeviationSpeed":11.6,"travelTimeStandardDeviation":0.99,"sampleSize":1296,"normalizedSampleSize":0.1281,"averageTravelTime":3.14,"medianTravelTime":2.9,"travelTimeRatio":1.1,"speedPercentiles":[28,34,37,40,42,44,45,46,47,49,50,51,52,54,55,57,59,62,67]}]}},{"type":"Feature","geometry":{"type":"LineString","coordinates":[[12.47557,41.92806],[12.47538,41.92802],[12.47523,41.928],[12.47507,41.92799],[12.47484,41.92798],[12.47471,41.92798],[12.47451,41.92801],[12.47427,41.92807],[12.47411,41.92812],[12.47393,41.92821],[12.47387,41.92825]]},"properties":{"segmentId":-13800007268579,"newSegmentId":"-00004931-3600-0400-0000-0000034ef413","speedLimit":50,"frc":4,"streetName":"Corso di Francia","distance":149.55,"segmentTimeResults":[{"timeSet":2,"dateRange":1,"harmonicAverageSpeed":51.7,"medianSpeed":54.0,"averageSpeed":53.8,"standardDeviationSpeed":10.2,"travelTimeStandardDeviation":2.29,"sampleSize":509,"normalizedSampleSize":0.0503,"averageTravelTime":10.42,"medianTravelTime":9.97,"travelTimeRatio":1.0,"speedPercentiles":[38,42,44,46,47,49,50,52,53,54,55,56,57,58,59,61,63,67,70]},{"timeSet":3,"dateRange":1,"harmonicAverageSpeed":53.8,"medianSpeed":56.0,"averageSpeed":56.5,"standardDeviationSpeed":12.6,"travelTimeStandardDeviation":2.39,"sampleSize":235,"normalizedSampleSize":0.0232,"averageTravelTime":10.01,"medianTravelTime":9.61,"travelTimeRatio":0.96,"speedPercentiles":[39,43,45,46,48,50,51,53,54,56,57,58,60,61,63,65,68,74,79]},{"timeSet":4,"dateRange":1,"harmonicAverageSpeed":53.7,"medianSpeed":54.0,"averageSpeed":55.9,"standardDeviationSpeed":11.8,"travelTimeStandardDeviation":2.01,"sampleSize":127,"normalizedSampleSize":0.0126,"averageTravelTime":10.03,"medianTravelTime":9.97,"travelTimeRatio":0.96,"speedPercentiles":[40,42,45,45,47,49,50,51,53,54,55,57,60,61,63,65,68,72,78]},{"timeSet":5,"dateRange":1,"harmonicAverageSpeed":55.9,"medianSpeed":59.0,"averageSpeed":58.4,"standardDeviationSpeed":11.4,"travelTimeStandardDeviation":2.21,"sampleSize":52,"normalizedSampleSize":0.0051,"averageTravelTime":9.63,"medianTravelTime":9.13,"travelTimeRatio":0.92,"speedPercentiles":[39,42,46,49,51,54,55,57,59,59,61,62,62,64,65,67,69,71,80]},{"timeSet":6,"dateRange":1,"harmonicAverageSpeed":56.1,"medianSpeed":57.0,"averageSpeed":57.6,"standardDeviationSpeed":9.4,"travelTimeStandardDeviation":1.69,"sampleSize":45,"normalizedSampleSize":0.0044,"averageTravelTime":9.6,"medianTravelTime":9.45,"travelTimeRatio":0.92,"speedPercentiles":[44,46,48,49,53,53,54,55,56,57,58,59,60,62,64,66,67,69,73]},{"timeSet":7,"dateRange":1,"harmonicAverageSpeed":54.5,"medianSpeed":59.0,"averageSpeed":57.7,"standardDeviationSpeed":12.2,"travelTimeStandardDeviation":2.74,"sampleSize":50,"normalizedSampleSize":0.0049,"averageTravelTime":9.87,"medianTravelTime":9.13,"travelTimeRatio":0.95,"speedPercentiles":[34,40,44,49,52,52,55,56,59,59,60,60,61,67,68,69,71,71,74]},{"timeSet":8,"dateRange":1,"harmonicAverageSpeed":51.2,"medianSpeed":54.0,"averageSpeed":54.0,"standardDeviationSpeed":11.0,"travelTimeStandardDeviation":3.31,"sampleSize":197,"normalizedSampleSize":0.0195,"averageTravelTime":10.52,"medianTravelTime":9.97,"travelTimeRatio":1.01,"speedPercentiles":[37,42,44,46,48,49,50,51,53,54,54,56,57,58,59,62,65,67,75]},{"timeSet":9,"dateRange":1,"harmonicAverageSpeed":48.4,"medianSpeed":51.0,"averageSpeed":50.9,"standardDeviationSpeed":10.7,"travelTimeStandardDeviation":2.82,"sampleSize":780,"normalizedSampleSize":0.0771,"averageTravelTime":11.12,"medianTravelTime":10.56,"travelTimeRatio":1.07,"speedPercentiles":[31,38,41,43,45,46,48,49,50,51,52,53,55,56,57,59,61,63,67]},{"timeSet":10,"dateRange":1,"harmonicAverageSpeed":46.7,"medianSpeed":50.0,"averageSpeed":49.2,"standardDeviationSpeed":9.5,"travelTimeStandardDeviation":4.01,"sampleSize":1987,"normalizedSampleSize":0.1964,"averageTravelTime":11.53,"medianTravelTime":10.77,"travelTimeRatio":1.11,"speedPercentiles":[32,38,41,43,44,46,47,48,49,50,51,51,52,53,55,56,58,60,63]},{"timeSet":11,"dateRange":1,"harmonicAverageSpeed":46.9,"medianSpeed":50.0,"averageSpeed":49.3,"standardDeviationSpeed":9.8,"travelTimeStandardDeviation":3.32,"sampleSize":1323,"normalizedSampleSize":0.1308,"averageTravelTime":11.49,"medianTravelTime":10.77,"travelTimeRatio":1.1,"speedPercentiles":[31,38,41,42,44,45,46,48,49,50,51,52,53,54,55,57,59,61,64]},{"timeSet":12,"dateRange":1,"harmonicAverageSpeed":47.2,"medianSpeed":50.0,"averageSpeed":49.6,"standardDeviationSpeed":10.0,"travelTimeStandardDeviation":2.99,"sampleSize":1228,"normalizedSampleSize":0.1214,"averageTravelTime":11.4,"medianTravelTime":10.77,"travelTimeRatio":1.09,"speedPercentiles":[33,37,41,43,45,46,47,48,49,50,51,52,53,54,55,57,58,61,65]},{"timeSet":13,"dateRange":1,"harmonicAverageSpeed":46.8,"medianSpeed":50.0,"averageSpeed":49.7,"standardDeviationSpeed":9.8,"travelTimeStandardDeviation":4.67,"sampleSize":1328,"normalizedSampleSize":0.1313,"averageTravelTime":11.49,"medianTravelTime":10.77,"travelTimeRatio":1.1,"speedPercentiles":[32,38,41,43,45,46,47,48,49,50,51,52,53,54,55,57,59,61,65]},{"timeSet":14,"dateRange":1,"harmonicAverageSpeed":46.4,"medianSpeed":50.0,"averageSpeed":49.2,"standardDeviationSpeed":10.0,"travelTimeStandardDeviation":4.73,"sampleSize":1674,"normalizedSampleSize":0.1655,"averageTravelTime":11.6,"medianTravelTime":10.77,"travelTimeRatio":1.11,"speedPercentiles":[31,37,40,42,44,45,46,47,49,50,51,52,53,54,55,56,58,60,64]},{"timeSet":15,"dateRange":1,"harmonicAverageSpeed":46.6,"medianSpeed":50.0,"averageSpeed":48.9,"standardDeviationSpeed":9.6,"travelTimeStandardDeviation":3.06,"sampleSize":1907,"normalizedSampleSize":0.1885,"averageTravelTime":11.56,"medianTravelTime":10.77,"travelTimeRatio":1.11,"speedPercentiles":[32,37,40,42,44,45,46,48,49,50,51,51,52,53,54,56,57,60,63]},{"timeSet":16,"dateRange":1,"harmonicAverageSpeed":46.4,"medianSpeed":50.0,"averageSpeed":49.0,"standardDeviationSpeed":9.7,"travelTimeStandardDeviation":3.93,"sampleSize":2163,"normalizedSampleSize":0.2138,"averageTravelTime":11.61,"medianTravelTime":10.77,"travelTimeRatio":1.11,"speedPercentiles":[32,37,40,42,44,45,46,48,49,50,50,51,52,54,55,56,58,60,64]},{"timeSet":17,"dateRange":1,"harmonicAverageSpeed":45.9,"medianSpeed":49.0,"averageSpeed":48.7,"standardDeviationSpeed":9.9,"travelTimeStandardDeviation":5.45,"sampleSize":2000,"normalizedSampleSize":0.1977,"averageTravelTime":11.74,"medianTravelTime":10.99,"travelTimeRatio":1.13,"speedPercentiles":[31,37,40,42,44,45,46,47,48,49,50,51,52,53,54,55,57,59,63]},{"timeSet":18,"dateRange":1,"harmonicAverageSpeed":45.2,"medianSpeed":48.0,"averageSpeed":47.7,"standardDeviationSpeed":9.8,"travelTimeStandardDeviation":3.43,"sampleSize":2093,"normalizedSampleSize":0.2069,"averageTravelTime":11.92,"medianTravelTime":11.22,"travelTimeRatio":1.14,"speedPercentiles":[31,36,39,41,42,44,45,46,47,48,49,50,51,52,53,55,56,59,62]},{"timeSet":19,"dateRange":1,"harmonicAverageSpeed":43.7,"medianSpeed":47.0,"averageSpeed":46.1,"standardDeviationSpeed":9.4,"travelTimeStandardDeviation":3.48,"sampleSize":2319,"normalizedSampleSize":0.2292,"averageTravelTime":12.32,"medianTravelTime":11.45,"travelTimeRatio":1.18,"speedPercentiles":[29,34,37,39,41,42,43,45,46,47,47,49,50,51,52,53,55,57,60]},{"timeSet":20,"dateRange":1,"harmonicAverageSpeed":42.2,"medianSpeed":45.0,"averageSpeed":44.5,"standardDeviationSpeed":8.9,"travelTimeStandardDeviation":4.13,"sampleSize":2684,"normalizedSampleSize":0.2653,"averageTravelTime":12.77,"medianTravelTime":11.96,"travelTimeRatio":1.23,"speedPercentiles":[29,33,37,38,40,41,42,43,44,45,46,47,48,48,50,51,52,55,58]},{"timeSet":21,"dateRange":1,"harmonicAverageSpeed":43.1,"medianSpeed":46.0,"averageSpeed":45.5,"standardDeviationSpeed":9.3,"travelTimeStandardDeviation":3.59,"sampleSize":2713,"normalizedSampleSize":0.2682,"averageTravelTime":12.49,"medianTravelTime":11.7,"travelTimeRatio":1.2,"speedPercentiles":[28,34,38,40,41,42,43,44,45,46,47,48,48,49,50,52,54,56,60]},{"timeSet":22,"dateRange":1,"harmonicAverageSpeed":45.8,"medianSpeed":47.0,"averageSpeed":47.7,"standardDeviationSpeed":9.2,"travelTimeStandardDeviation":2.55,"sampleSize":2037,"normalizedSampleSize":0.2014,"averageTravelTime":11.75,"medianTravelTime":11.45,"travelTimeRatio":1.13,"speedPercentiles":[33,37,39,41,42,43,45,45,46,47,48,49,50,52,53,54,56,58,63]},{"timeSet":23,"dateRange":1,"harmonicAverageSpeed":49.0,"medianSpeed":51.0,"averageSpeed":51.4,"standardDeviationSpeed":10.9,"travelTimeStandardDeviation":2.71,"sampleSize":944,"normalizedSampleSize":0.0933,"averageTravelTime":10.99,"medianTravelTime":10.56,"travelTimeRatio":1.06,"speedPercentiles":[36,39,41,43,45,46,47,48,49,51,52,53,54,56,58,60,62,65,70]},{"timeSet":24,"dateRange":1,"harmonicAverageSpeed":48.1,"medianSpeed":50.0,"averageSpeed":50.5,"standardDeviationSpeed":10.4,"travelTimeStandardDeviation":2.95,"sampleSize":965,"normalizedSampleSize":0.0954,"averageTravelTime":11.18,"medianTravelTime":10.77,"travelTimeRatio":1.07,"speedPercentiles":[35,39,41,43,44,46,47,48,49,50,51,52,53,54,55,58,60,63,69]},{"timeSet":25,"dateRange":1,"harmonicAverageSpeed":48.0,"medianSpeed":50.0,"averageSpeed":50.4,"standardDeviationSpeed":10.4,"travelTimeStandardDeviation":2.98,"sampleSize":1291,"normalizedSampleSize":0.1276,"averageTravelTime":11.21,"medianTravelTime":10.77,"travelTimeRatio":1.08,"speedPercentiles":[35,39,41,43,44,45,47,48,49,50,51,52,54,55,56,58,60,62,67]}]}},{"type":"Feature","geometry":{"type":"LineString","coordinates":[[12.47387,41.92825],[12.47375,41.92832],[12.47365,41.92841],[12.4735,41.92854],[12.47343,41.92864],[12.47339,41.92869],[12.47337,41.92872],[12.47326,41.9289],[12.47317,41.92908],[12.47308,41.92913]]},"properties":{"segmentId":-13800007268578,"newSegmentId":"-00004931-3600-0400-0000-0000034ef412","speedLimit":50,"frc":4,"streetName":"Corso di Francia","distance":119.75,"segmentTimeResults":[{"timeSet":2,"dateRange":1,"harmonicAverageSpeed":58.9,"medianSpeed":61.0,"averageSpeed":61.6,"standardDeviationSpeed":12.2,"travelTimeStandardDeviation":1.91,"sampleSize":513,"normalizedSampleSize":0.0507,"averageTravelTime":7.33,"medianTravelTime":7.07,"travelTimeRatio":1.0,"speedPercentiles":[43,48,50,52,54,56,57,58,60,61,62,63,65,66,69,71,73,76,83]},{"timeSet":3,"dateRange":1,"harmonicAverageSpeed":60.8,"medianSpeed":63.0,"averageSpeed":64.1,"standardDeviationSpeed":14.1,"travelTimeStandardDeviation":1.78,"sampleSize":238,"normalizedSampleSize":0.0235,"averageTravelTime":7.09,"medianTravelTime":6.84,"travelTimeRatio":0.97,"speedPercentiles":[43,47,50,53,55,57,59,60,62,63,65,66,68,70,72,74,77,82,90]},{"timeSet":4,"dateRange":1,"harmonicAverageSpeed":62.6,"medianSpeed":63.0,"averageSpeed":65.7,"standardDeviationSpeed":14.5,"travelTimeStandardDeviation":1.5,"sampleSize":127,"normalizedSampleSize":0.0126,"averageTravelTime":6.88,"medianTravelTime":6.84,"travelTimeRatio":0.94,"speedPercentiles":[45,49,51,53,55,57,60,62,62,63,66,68,68,70,73,77,80,88,96]},{"timeSet":5,"dateRange":1,"harmonicAverageSpeed":61.8,"medianSpeed":65.0,"averageSpeed":64.5,"standardDeviationSpeed":12.2,"travelTimeStandardDeviation":1.68,"sampleSize":52,"normalizedSampleSize":0.0051,"averageTravelTime":6.98,"medianTravelTime":6.63,"travelTimeRatio":0.95,"speedPercentiles":[42,46,55,58,59,60,60,61,64,65,66,67,69,69,71,73,76,81,87]},{"timeSet":6,"dateRange":1,"harmonicAverageSpeed":61.2,"medianSpeed":64.0,"averageSpeed":64.6,"standardDeviationSpeed":14.1,"travelTimeStandardDeviation":2.01,"sampleSize":45,"normalizedSampleSize":0.0044,"averageTravelTime":7.05,"medianTravelTime":6.74,"travelTimeRatio":0.96,"speedPercentiles":[46,50,53,54,55,56,60,61,64,64,64,67,69,71,72,73,76,84,87]},{"timeSet":7,"dateRange":1,"harmonicAverageSpeed":64.4,"medianSpeed":69.0,"averageSpeed":68.3,"standardDeviationSpeed":14.6,"travelTimeStandardDeviation":1.97,"sampleSize":49,"normalizedSampleSize":0.0048,"averageTravelTime":6.7,"medianTravelTime":6.25,"travelTimeRatio":0.91,"speedPercentiles":[40,48,52,59,62,64,65,67,69,69,69,74,74,76,76,79,82,82,93]},{"timeSet":8,"dateRange":1,"harmonicAverageSpeed":60.7,"medianSpeed":62.0,"averageSpeed":63.4,"standardDeviationSpeed":12.5,"travelTimeStandardDeviation":1.67,"sampleSize":199,"normalizedSampleSize":0.0197,"averageTravelTime":7.1,"medianTravelTime":6.95,"travelTimeRatio":0.97,"speedPercentiles":[42,49,53,55,57,58,59,60,61,62,64,65,67,69,70,72,75,80,85]},{"timeSet":9,"dateRange":1,"harmonicAverageSpeed":55.3,"medianSpeed":58.0,"averageSpeed":58.5,"standardDeviationSpeed":13.1,"travelTimeStandardDeviation":2.07,"sampleSize":782,"normalizedSampleSize":0.0773,"averageTravelTime":7.79,"medianTravelTime":7.43,"travelTimeRatio":1.06,"speedPercentiles":[36,43,46,49,51,52,54,55,56,58,60,61,63,65,66,69,71,74,80]},{"timeSet":10,"dateRange":1,"harmonicAverageSpeed":53.8,"medianSpeed":57.0,"averageSpeed":56.8,"standardDeviationSpeed":11.8,"travelTimeStandardDeviation":2.26,"sampleSize":2004,"normalizedSampleSize":0.1981,"averageTravelTime":8.01,"medianTravelTime":7.56,"travelTimeRatio":1.09,"speedPercentiles":[35,43,46,49,50,52,53,54,55,57,58,59,61,63,64,66,68,71,75]},{"timeSet":11,"dateRange":1,"harmonicAverageSpeed":54.5,"medianSpeed":58.0,"averageSpeed":57.6,"standardDeviationSpeed":12.4,"travelTimeStandardDeviation":2.2,"sampleSize":1328,"normalizedSampleSize":0.1313,"averageTravelTime":7.91,"medianTravelTime":7.43,"travelTimeRatio":1.08,"speedPercentiles":[36,43,46,49,50,52,54,55,56,58,59,60,62,63,65,67,69,73,78]},{"timeSet":12,"dateRange":1,"harmonicAverageSpeed":54.0,"medianSpeed":57.0,"averageSpeed":57.1,"standardDeviationSpeed":12.2,"travelTimeStandardDeviation":2.22,"sampleSize":1231,"normalizedSampleSize":0.1217,"averageTravelTime":7.99,"medianTravelTime":7.56,"travelTimeRatio":1.09,"speedPercentiles":[36,43,46,48,50,52,53,54,55,57,58,60,61,63,65,67,69,72,77]},{"timeSet":13,"dateRange":1,"harmonicAverageSpeed":53.0,"medianSpeed":56.0,"averageSpeed":56.6,"standardDeviationSpeed":12.5,"travelTimeStandardDeviation":2.74,"sampleSize":1343,"normalizedSampleSize":0.1328,"averageTravelTime":8.13,"medianTravelTime":7.7,"travelTimeRatio":1.11,"speedPercentiles":[34,42,46,48,50,51,53,54,55,56,58,59,60,62,64,66,68,71,77]},{"timeSet":14,"dateRange":1,"harmonicAverageSpeed":52.9,"medianSpeed":56.0,"averageSpeed":56.4,"standardDeviationSpeed":12.2,"travelTimeStandardDeviation":3.44,"sampleSize":1687,"normalizedSampleSize":0.1668,"averageTravelTime":8.15,"medianTravelTime":7.7,"travelTimeRatio":1.11,"speedPercentiles":[35,41,45,48,50,51,53,54,55,56,58,59,61,62,64,66,68,71,77]},{"timeSet":15,"dateRange":1,"harmonicAverageSpeed":52.8,"medianSpeed":56.0,"averageSpeed":55.8,"standardDeviationSpeed":12.0,"travelTimeStandardDeviation":2.27,"sampleSize":1941,"normalizedSampleSize":0.1919,"averageTravelTime":8.17,"medianTravelTime":7.7,"travelTimeRatio":1.12,"speedPercentiles":[34,40,45,47,49,51,53,54,55,56,57,59,60,61,63,65,67,70,75]},{"timeSet":16,"dateRange":1,"harmonicAverageSpeed":52.2,"medianSpeed":56.0,"averageSpeed":55.8,"standardDeviationSpeed":12.0,"travelTimeStandardDeviation":3.93,"sampleSize":2197,"normalizedSampleSize":0.2172,"averageTravelTime":8.26,"medianTravelTime":7.7,"travelTimeRatio":1.13,"speedPercentiles":[35,41,45,47,49,51,52,53,55,56,57,58,60,61,63,65,67,70,75]},{"timeSet":17,"dateRange":1,"harmonicAverageSpeed":53.2,"medianSpeed":56.0,"averageSpeed":56.1,"standardDeviationSpeed":12.1,"travelTimeStandardDeviation":2.19,"sampleSize":2028,"normalizedSampleSize":0.2005,"averageTravelTime":8.11,"medianTravelTime":7.7,"travelTimeRatio":1.11,"speedPercentiles":[34,42,45,48,50,51,52,54,55,56,57,59,60,62,63,65,67,70,76]},{"timeSet":18,"dateRange":1,"harmonicAverageSpeed":51.3,"medianSpeed":55.0,"averageSpeed":54.6,"standardDeviationSpeed":12.1,"travelTimeStandardDeviation":2.57,"sampleSize":2118,"normalizedSampleSize":0.2094,"averageTravelTime":8.41,"medianTravelTime":7.84,"travelTimeRatio":1.15,"speedPercentiles":[33,40,43,46,48,50,51,52,53,55,56,58,59,60,62,64,66,69,75]},{"timeSet":19,"dateRange":1,"harmonicAverageSpeed":49.8,"medianSpeed":53.0,"averageSpeed":53.1,"standardDeviationSpeed":12.1,"travelTimeStandardDeviation":2.66,"sampleSize":2334,"normalizedSampleSize":0.2307,"averageTravelTime":8.65,"medianTravelTime":8.13,"travelTimeRatio":1.18,"speedPercentiles":[32,38,42,44,46,48,49,51,52,53,54,56,57,59,60,62,65,68,73]},{"timeSet":20,"dateRange":1,"harmonicAverageSpeed":47.9,"medianSpeed":51.0,"averageSpeed":50.7,"standardDeviationSpeed":11.2,"travelTimeStandardDeviation":2.49,"sampleSize":2710,"normalizedSampleSize":0.2679,"averageTravelTime":9.0,"medianTravelTime":8.45,"travelTimeRatio":1.23,"speedPercentiles":[31,37,40,43,45,46,47,48,50,51,52,53,54,56,57,59,61,64,69]},{"timeSet":21,"dateRange":1,"harmonicAverageSpeed":48.3,"medianSpeed":51.0,"averageSpeed":51.4,"standardDeviationSpeed":11.6,"travelTimeStandardDeviation":2.71,"sampleSize":2735,"normalizedSampleSize":0.2704,"averageTravelTime":8.92,"medianTravelTime":8.45,"travelTimeRatio":1.22,"speedPercentiles":[31,37,41,43,45,46,48,49,50,51,53,54,55,57,58,60,62,66,71]},{"timeSet":22,"dateRange":1,"harmonicAverageSpeed":51.3,"medianSpeed":53.0,"averageSpeed":54.0,"standardDeviationSpeed":11.7,"travelTimeStandardDeviation":2.07,"sampleSize":2057,"normalizedSampleSize":0.2033,"averageTravelTime":8.41,"medianTravelTime":8.13,"travelTimeRatio":1.15,"speedPercentiles":[35,40,43,45,47,48,50,51,52,53,55,56,57,59,61,63,65,69,75]},{"timeSet":23,"dateRange":1,"harmonicAverageSpeed":56.2,"medianSpeed":59.0,"averageSpeed":59.3,"standardDeviationSpeed":12.8,"travelTimeStandardDeviation":2.07,"sampleSize":951,"normalizedSampleSize":0.094,"averageTravelTime":7.67,"medianTravelTime":7.31,"travelTimeRatio":1.05,"speedPercentiles":[39,44,47,49,51,53,54,56,57,59,60,62,64,65,67,70,73,76,80]},{"timeSet":24,"dateRange":1,"harmonicAverageSpeed":55.4,"medianSpeed":57.0,"averageSpeed":57.9,"standardDeviationSpeed":11.9,"travelTimeStandardDeviation":1.79,"sampleSize":966,"normalizedSampleSize":0.0955,"averageTravelTime":7.78,"medianTravelTime":7.56,"travelTimeRatio":1.06,"speedPercentiles":[39,43,47,49,51,53,54,55,56,57,58,60,61,63,65,67,70,73,78]},{"timeSet":25,"dateRange":1,"harmonicAverageSpeed":55.0,"medianSpeed":58.0,"averageSpeed":58.0,"standardDeviationSpeed":12.6,"travelTimeStandardDeviation":2.18,"sampleSize":1297,"normalizedSampleSize":0.1282,"averageTravelTime":7.83,"medianTravelTime":7.43,"travelTimeRatio":1.07,"speedPercentiles":[38,44,47,49,50,52,54,55,56,58,59,60,62,63,65,67,69,73,78]}]}},{"type":"Feature","geometry":{"type":"LineString","coordinates":[[12.47308,41.92913],[12.47298,41.92947],[12.47296,41.92959],[12.47296,41.92963]]},"properties":{"segmentId":-13800012637788,"newSegmentId":"-912ff086-e346-4858-820b-2ec5368d7387","speedLimit":50,"frc":3,"streetName":"Corso di Francia","distance":56.41,"segmentTimeResults":[{"timeSet":2,"dateRange":1,"harmonicAverageSpeed":60.6,"medianSpeed":63.0,"averageSpeed":63.6,"standardDeviationSpeed":13.4,"travelTimeStandardDeviation":0.81,"sampleSize":1451,"normalizedSampleSize":0.1434,"averageTravelTime":3.35,"medianTravelTime":3.22,"travelTimeRatio":1.0,"speedPercentiles":[42,48,51,53,56,58,59,61,62,63,64,66,68,69,71,73,76,78,85]},{"timeSet":3,"dateRange":1,"harmonicAverageSpeed":64.1,"medianSpeed":66.0,"averageSpeed":67.6,"standardDeviationSpeed":15.0,"travelTimeStandardDeviation":0.8,"sampleSize":728,"normalizedSampleSize":0.072,"averageTravelTime":3.17,"medianTravelTime":3.08,"travelTimeRatio":0.95,"speedPercentiles":[45,49,54,57,59,61,62,63,65,66,67,69,71,74,77,79,81,85,92]},{"timeSet":4,"dateRange":1,"harmonicAverageSpeed":64.0,"medianSpeed":67.0,"averageSpeed":68.0,"standardDeviationSpeed":15.2,"travelTimeStandardDeviation":0.97,"sampleSize":400,"normalizedSampleSize":0.0395,"averageTravelTime":3.17,"medianTravelTime":3.03,"travelTimeRatio":0.95,"speedPercentiles":[44,51,53,56,58,60,63,64,66,67,68,71,73,74,76,79,83,87,96]},{"timeSet":5,"dateRange":1,"harmonicAverageSpeed":60.0,"medianSpeed":70.0,"averageSpeed":70.3,"standardDeviationSpeed":16.5,"travelTimeStandardDeviation":4.48,"sampleSize":232,"normalizedSampleSize":0.0229,"averageTravelTime":3.39,"medianTravelTime":2.9,"travelTimeRatio":1.01,"speedPercentiles":[44,51,55,60,62,64,65,67,69,70,71,73,75,78,80,83,87,89,95]},{"timeSet":6,"dateRange":1,"harmonicAverageSpeed":66.8,"medianSpeed":70.0,"averageSpeed":69.7,"standardDeviationSpeed":13.1,"travelTimeStandardDeviation":0.8,"sampleSize":157,"normalizedSampleSize":0.0155,"averageTravelTime":3.04,"medianTravelTime":2.9,"travelTimeRatio":0.91,"speedPercentiles":[49,54,55,60,62,64,66,68,69,70,71,72,74,75,76,78,81,86,92]},{"timeSet":7,"dateRange":1,"harmonicAverageSpeed":67.5,"medianSpeed":72.0,"averageSpeed":71.2,"standardDeviationSpeed":14.6,"travelTimeStandardDeviation":0.84,"sampleSize":206,"normalizedSampleSize":0.0204,"averageTravelTime":3.01,"medianTravelTime":2.82,"travelTimeRatio":0.9,"speedPercentiles":[45,53,56,60,63,64,67,69,70,72,74,76,77,80,81,82,84,88,93]},{"timeSet":8,"dateRange":1,"harmonicAverageSpeed":62.5,"medianSpeed":65.0,"averageSpeed":65.3,"standardDeviationSpeed":12.6,"travelTimeStandardDeviation":0.81,"sampleSize":676,"normalizedSampleSize":0.0668,"averageTravelTime":3.25,"medianTravelTime":3.12,"travelTimeRatio":0.97,"speedPercentiles":[44,50,55,57,58,60,62,63,64,65,67,68,69,70,72,74,77,81,85]},{"timeSet":9,"dateRange":1,"harmonicAverageSpeed":58.5,"medianSpeed":62.0,"averageSpeed":61.4,"standardDeviationSpeed":12.2,"travelTimeStandardDeviation":0.89,"sampleSize":2310,"normalizedSampleSize":0.2284,"averageTravelTime":3.47,"medianTravelTime":3.28,"travelTimeRatio":1.04,"speedPercentiles":[39,45,50,53,55,57,58,60,61,62,63,64,66,67,69,70,73,76,80]},{"timeSet":10,"dateRange":1,"harmonicAverageSpeed":56.2,"medianSpeed":60.0,"averageSpeed":59.5,"standardDeviationSpeed":12.3,"travelTimeStandardDeviation":1.08,"sampleSize":4686,"normalizedSampleSize":0.4632,"averageTravelTime":3.61,"medianTravelTime":3.38,"travelTimeRatio":1.08,"speedPercentiles":[37,44,48,51,53,55,56,58,59,60,61,63,64,65,67,69,71,73,78]},{"timeSet":11,"dateRange":1,"harmonicAverageSpeed":57.5,"medianSpeed":62.0,"averageSpeed":60.8,"standardDeviationSpeed":12.4,"travelTimeStandardDeviation":1.02,"sampleSize":3468,"normalizedSampleSize":0.3428,"averageTravelTime":3.53,"medianTravelTime":3.28,"travelTimeRatio":1.05,"speedPercentiles":[37,45,50,52,55,56,58,59,61,62,63,64,65,67,68,70,72,75,79]},{"timeSet":12,"dateRange":1,"harmonicAverageSpeed":57.5,"medianSpeed":62.0,"averageSpeed":60.7,"standardDeviationSpeed":12.5,"travelTimeStandardDeviation":0.98,"sampleSize":3419,"normalizedSampleSize":0.338,"averageTravelTime":3.53,"medianTravelTime":3.28,"travelTimeRatio":1.05,"speedPercentiles":[37,44,49,52,55,56,58,59,60,62,63,64,65,66,68,70,72,75,79]},{"timeSet":13,"dateRange":1,"harmonicAverageSpeed":56.8,"medianSpeed":61.0,"averageSpeed":60.0,"standardDeviationSpeed":12.1,"travelTimeStandardDeviation":1.07,"sampleSize":3641,"normalizedSampleSize":0.3599,"averageTravelTime":3.57,"medianTravelTime":3.33,"travelTimeRatio":1.07,"speedPercentiles":[37,44,49,51,54,56,57,59,60,61,62,63,64,66,67,69,71,74,77]},{"timeSet":14,"dateRange":1,"harmonicAverageSpeed":56.0,"medianSpeed":61.0,"averageSpeed":59.5,"standardDeviationSpeed":12.4,"travelTimeStandardDeviation":1.33,"sampleSize":4141,"normalizedSampleSize":0.4094,"averageTravelTime":3.63,"medianTravelTime":3.33,"travelTimeRatio":1.08,"speedPercentiles":[36,43,48,51,53,55,56,58,59,61,62,63,64,66,67,69,70,73,78]},{"timeSet":15,"dateRange":1,"harmonicAverageSpeed":55.2,"medianSpeed":60.0,"averageSpeed":58.5,"standardDeviationSpeed":12.6,"travelTimeStandardDeviation":1.08,"sampleSize":4715,"normalizedSampleSize":0.4661,"averageTravelTime":3.68,"medianTravelTime":3.38,"travelTimeRatio":1.1,"speedPercentiles":[34,41,47,50,52,54,55,57,58,60,61,62,63,65,66,68,70,73,77]},{"timeSet":16,"dateRange":1,"harmonicAverageSpeed":54.9,"medianSpeed":60.0,"averageSpeed":58.4,"standardDeviationSpeed":12.3,"travelTimeStandardDeviation":1.8,"sampleSize":5271,"normalizedSampleSize":0.5211,"averageTravelTime":3.7,"medianTravelTime":3.38,"travelTimeRatio":1.11,"speedPercentiles":[35,42,46,50,52,54,55,57,58,60,61,62,63,64,66,67,70,72,77]},{"timeSet":17,"dateRange":1,"harmonicAverageSpeed":54.8,"medianSpeed":59.0,"averageSpeed":58.1,"standardDeviationSpeed":12.4,"travelTimeStandardDeviation":1.1,"sampleSize":4840,"normalizedSampleSize":0.4784,"averageTravelTime":3.71,"medianTravelTime":3.44,"travelTimeRatio":1.11,"speedPercentiles":[34,42,46,50,52,54,55,57,58,59,60,62,63,64,66,67,69,72,76]},{"timeSet":18,"dateRange":1,"harmonicAverageSpeed":52.5,"medianSpeed":57.0,"averageSpeed":56.1,"standardDeviationSpeed":12.5,"travelTimeStandardDeviation":1.24,"sampleSize":5261,"normalizedSampleSize":0.5201,"averageTravelTime":3.87,"medianTravelTime":3.56,"travelTimeRatio":1.16,"speedPercentiles":[32,39,44,47,50,52,53,55,56,57,59,60,61,62,63,65,67,70,74]},{"timeSet":19,"dateRange":1,"harmonicAverageSpeed":51.8,"medianSpeed":56.0,"averageSpeed":55.1,"standardDeviationSpeed":12.1,"travelTimeStandardDeviation":1.17,"sampleSize":5907,"normalizedSampleSize":0.5839,"averageTravelTime":3.92,"medianTravelTime":3.63,"travelTimeRatio":1.17,"speedPercentiles":[32,39,44,47,49,51,52,53,55,56,57,58,60,61,63,64,66,69,73]},{"timeSet":20,"dateRange":1,"harmonicAverageSpeed":48.8,"medianSpeed":53.0,"averageSpeed":52.3,"standardDeviationSpeed":11.9,"travelTimeStandardDeviation":1.37,"sampleSize":6581,"normalizedSampleSize":0.6506,"averageTravelTime":4.16,"medianTravelTime":3.83,"travelTimeRatio":1.24,"speedPercentiles":[30,36,41,44,46,48,49,51,52,53,55,56,57,58,60,61,63,66,70]},{"timeSet":21,"dateRange":1,"harmonicAverageSpeed":49.7,"medianSpeed":54.0,"averageSpeed":53.0,"standardDeviationSpeed":11.7,"travelTimeStandardDeviation":1.26,"sampleSize":6426,"normalizedSampleSize":0.6352,"averageTravelTime":4.09,"medianTravelTime":3.76,"travelTimeRatio":1.22,"speedPercentiles":[31,38,42,45,47,49,50,51,52,54,55,56,57,59,60,61,63,66,71]},{"timeSet":22,"dateRange":1,"harmonicAverageSpeed":52.8,"medianSpeed":56.0,"averageSpeed":55.8,"standardDeviationSpeed":11.9,"travelTimeStandardDeviation":1.05,"sampleSize":4703,"normalizedSampleSize":0.4649,"averageTravelTime":3.85,"medianTravelTime":3.63,"travelTimeRatio":1.15,"speedPercentiles":[34,40,44,47,49,51,52,54,55,56,58,59,60,61,63,65,67,70,74]},{"timeSet":23,"dateRange":1,"harmonicAverageSpeed":58.3,"medianSpeed":61.0,"averageSpeed":61.3,"standardDeviationSpeed":12.6,"travelTimeStandardDeviation":0.9,"sampleSize":2389,"normalizedSampleSize":0.2362,"averageTravelTime":3.48,"medianTravelTime":3.33,"travelTimeRatio":1.04,"speedPercentiles":[41,46,49,52,54,55,57,58,60,61,63,64,66,67,69,71,73,77,82]},{"timeSet":24,"dateRange":1,"harmonicAverageSpeed":57.9,"medianSpeed":61.0,"averageSpeed":60.6,"standardDeviationSpeed":12.3,"travelTimeStandardDeviation":0.85,"sampleSize":2403,"normalizedSampleSize":0.2375,"averageTravelTime":3.51,"medianTravelTime":3.33,"travelTimeRatio":1.05,"speedPercentiles":[40,45,48,51,53,55,57,58,59,61,62,63,65,66,68,70,72,76,81]},{"timeSet":25,"dateRange":1,"harmonicAverageSpeed":56.8,"medianSpeed":60.0,"averageSpeed":60.0,"standardDeviationSpeed":12.9,"travelTimeStandardDeviation":1.01,"sampleSize":3043,"normalizedSampleSize":0.3008,"averageTravelTime":3.58,"medianTravelTime":3.38,"travelTimeRatio":1.07,"speedPercentiles":[38,44,48,51,53,55,57,58,59,60,61,62,64,65,67,69,71,74,79]}]}},{"type":"Feature","geometry":{"type":"LineString","coordinates":[[12.47296,41.92963],[12.47295,41.92971]]},"properties":{"segmentId":-13800012637793,"newSegmentId":"-cc1a0f42-ebd9-4cee-bfe7-0a23d025310b","speedLimit":50,"frc":3,"streetName":"Corso di Francia","distance":9.01,"segmentTimeResults":[{"timeSet":2,"dateRange":1,"harmonicAverageSpeed":62.1,"medianSpeed":65.0,"averageSpeed":65.4,"standardDeviationSpeed":14.2,"travelTimeStandardDeviation":0.13,"sampleSize":1454,"normalizedSampleSize":0.1437,"averageTravelTime":0.52,"medianTravelTime":0.5,"travelTimeRatio":1.0,"speedPercentiles":[43,48,52,54,57,59,60,62,63,65,67,68,69,71,73,76,78,81,90]},{"timeSet":3,"dateRange":1,"harmonicAverageSpeed":65.6,"medianSpeed":68.0,"averageSpeed":69.3,"standardDeviationSpeed":15.6,"travelTimeStandardDeviation":0.13,"sampleSize":732,"normalizedSampleSize":0.0724,"averageTravelTime":0.49,"medianTravelTime":0.48,"travelTimeRatio":0.95,"speedPercentiles":[45,50,55,58,61,62,64,65,67,68,69,71,74,76,79,81,84,89,95]},{"timeSet":4,"dateRange":1,"harmonicAverageSpeed":65.6,"medianSpeed":69.0,"averageSpeed":70.0,"standardDeviationSpeed":16.0,"travelTimeStandardDeviation":0.16,"sampleSize":400,"normalizedSampleSize":0.0395,"averageTravelTime":0.49,"medianTravelTime":0.47,"travelTimeRatio":0.95,"speedPercentiles":[44,51,54,57,60,62,64,66,68,69,71,73,75,76,79,83,85,90,97]},{"timeSet":5,"dateRange":1,"harmonicAverageSpeed":67.1,"medianSpeed":72.0,"averageSpeed":72.9,"standardDeviationSpeed":17.3,"travelTimeStandardDeviation":0.24,"sampleSize":232,"normalizedSampleSize":0.0229,"averageTravelTime":0.48,"medianTravelTime":0.45,"travelTimeRatio":0.93,"speedPercentiles":[44,52,57,62,63,65,67,69,71,72,74,75,78,81,83,87,90,93,103]},{"timeSet":6,"dateRange":1,"harmonicAverageSpeed":68.5,"medianSpeed":72.0,"averageSpeed":71.7,"standardDeviationSpeed":13.8,"travelTimeStandardDeviation":0.13,"sampleSize":157,"normalizedSampleSize":0.0155,"averageTravelTime":0.47,"medianTravelTime":0.45,"travelTimeRatio":0.91,"speedPercentiles":[49,54,57,61,64,67,68,69,71,72,74,75,76,77,79,82,84,87,95]},{"timeSet":7,"dateRange":1,"harmonicAverageSpeed":68.8,"medianSpeed":74.0,"averageSpeed":73.0,"standardDeviationSpeed":15.7,"travelTimeStandardDeviation":0.14,"sampleSize":206,"normalizedSampleSize":0.0204,"averageTravelTime":0.47,"medianTravelTime":0.44,"travelTimeRatio":0.9,"speedPercentiles":[44,54,59,62,64,67,68,70,72,74,75,78,80,81,83,84,87,93,96]},{"timeSet":8,"dateRange":1,"harmonicAverageSpeed":64.0,"medianSpeed":67.0,"averageSpeed":67.1,"standardDeviationSpeed":13.3,"travelTimeStandardDeviation":0.13,"sampleSize":676,"normalizedSampleSize":0.0668,"averageTravelTime":0.51,"medianTravelTime":0.48,"travelTimeRatio":0.97,"speedPercentiles":[44,50,55,58,60,62,63,65,66,67,69,70,71,73,75,76,79,83,90]},{"timeSet":9,"dateRange":1,"harmonicAverageSpeed":59.9,"medianSpeed":64.0,"averageSpeed":63.2,"standardDeviationSpeed":13.0,"travelTimeStandardDeviation":0.16,"sampleSize":2308,"normalizedSampleSize":0.2282,"averageTravelTime":0.54,"medianTravelTime":0.51,"travelTimeRatio":1.04,"speedPercentiles":[40,46,51,54,56,58,60,61,63,64,65,66,68,70,71,73,75,79,83]},{"timeSet":10,"dateRange":1,"harmonicAverageSpeed":57.4,"medianSpeed":62.0,"averageSpeed":60.9,"standardDeviationSpeed":13.1,"travelTimeStandardDeviation":0.17,"sampleSize":4712,"normalizedSampleSize":0.4658,"averageTravelTime":0.56,"medianTravelTime":0.52,"travelTimeRatio":1.08,"speedPercentiles":[37,44,48,51,54,56,57,59,60,62,63,65,66,67,69,71,73,76,81]},{"timeSet":11,"dateRange":1,"harmonicAverageSpeed":58.8,"medianSpeed":63.0,"averageSpeed":62.3,"standardDeviationSpeed":13.0,"travelTimeStandardDeviation":0.16,"sampleSize":3471,"normalizedSampleSize":0.3431,"averageTravelTime":0.55,"medianTravelTime":0.51,"travelTimeRatio":1.06,"speedPercentiles":[37,45,50,53,55,58,59,61,62,63,65,66,67,69,70,72,75,77,81]},{"timeSet":12,"dateRange":1,"harmonicAverageSpeed":58.8,"medianSpeed":63.0,"averageSpeed":62.5,"standardDeviationSpeed":13.5,"travelTimeStandardDeviation":0.17,"sampleSize":3437,"normalizedSampleSize":0.3398,"averageTravelTime":0.55,"medianTravelTime":0.51,"travelTimeRatio":1.06,"speedPercentiles":[37,44,50,53,56,58,59,60,62,63,64,66,68,69,71,73,75,78,83]},{"timeSet":13,"dateRange":1,"harmonicAverageSpeed":58.2,"medianSpeed":63.0,"averageSpeed":61.7,"standardDeviationSpeed":12.9,"travelTimeStandardDeviation":0.17,"sampleSize":3658,"normalizedSampleSize":0.3616,"averageTravelTime":0.56,"medianTravelTime":0.51,"travelTimeRatio":1.07,"speedPercentiles":[38,45,49,52,55,57,59,60,62,63,64,65,67,68,69,71,74,76,80]},{"timeSet":14,"dateRange":1,"harmonicAverageSpeed":57.3,"medianSpeed":62.0,"averageSpeed":61.1,"standardDeviationSpeed":13.4,"travelTimeStandardDeviation":0.21,"sampleSize":4150,"normalizedSampleSize":0.4102,"averageTravelTime":0.57,"medianTravelTime":0.52,"travelTimeRatio":1.08,"speedPercentiles":[36,43,48,51,54,56,58,59,61,62,63,65,66,68,69,71,73,76,81]},{"timeSet":15,"dateRange":1,"harmonicAverageSpeed":56.3,"medianSpeed":61.0,"averageSpeed":60.0,"standardDeviationSpeed":13.4,"travelTimeStandardDeviation":0.17,"sampleSize":4732,"normalizedSampleSize":0.4678,"averageTravelTime":0.58,"medianTravelTime":0.53,"travelTimeRatio":1.1,"speedPercentiles":[34,42,47,50,53,55,56,58,60,61,62,64,65,67,68,70,73,76,80]},{"timeSet":16,"dateRange":1,"harmonicAverageSpeed":56.2,"medianSpeed":61.0,"averageSpeed":59.8,"standardDeviationSpeed":13.1,"travelTimeStandardDeviation":0.19,"sampleSize":5291,"normalizedSampleSize":0.523,"averageTravelTime":0.58,"medianTravelTime":0.53,"travelTimeRatio":1.11,"speedPercentiles":[36,42,47,50,52,55,56,58,60,61,62,63,65,66,68,70,72,75,80]},{"timeSet":17,"dateRange":1,"harmonicAverageSpeed":55.6,"medianSpeed":61.0,"averageSpeed":59.6,"standardDeviationSpeed":13.2,"travelTimeStandardDeviation":0.29,"sampleSize":4856,"normalizedSampleSize":0.48,"averageTravelTime":0.58,"medianTravelTime":0.53,"travelTimeRatio":1.12,"speedPercentiles":[34,42,47,50,53,55,56,58,59,61,62,63,65,66,68,69,71,75,79]},{"timeSet":18,"dateRange":1,"harmonicAverageSpeed":53.4,"medianSpeed":59.0,"averageSpeed":57.4,"standardDeviationSpeed":13.4,"travelTimeStandardDeviation":0.2,"sampleSize":5283,"normalizedSampleSize":0.5222,"averageTravelTime":0.61,"medianTravelTime":0.55,"travelTimeRatio":1.16,"speedPercentiles":[32,39,44,48,50,52,54,56,57,59,60,61,62,64,65,67,69,72,77]},{"timeSet":19,"dateRange":1,"harmonicAverageSpeed":52.7,"medianSpeed":57.0,"averageSpeed":56.3,"standardDeviationSpeed":12.9,"travelTimeStandardDeviation":0.19,"sampleSize":5926,"normalizedSampleSize":0.5858,"averageTravelTime":0.62,"medianTravelTime":0.57,"travelTimeRatio":1.18,"speedPercentiles":[33,39,44,47,49,51,53,54,56,57,58,60,61,63,64,66,68,71,76]},{"timeSet":20,"dateRange":1,"harmonicAverageSpeed":49.4,"medianSpeed":54.0,"averageSpeed":53.3,"standardDeviationSpeed":12.7,"travelTimeStandardDeviation":0.22,"sampleSize":6600,"normalizedSampleSize":0.6524,"averageTravelTime":0.66,"medianTravelTime":0.6,"travelTimeRatio":1.26,"speedPercentiles":[30,36,41,44,46,48,50,51,53,54,56,57,58,60,61,63,65,68,73]},{"timeSet":21,"dateRange":1,"harmonicAverageSpeed":50.3,"medianSpeed":55.0,"averageSpeed":53.9,"standardDeviationSpeed":12.5,"travelTimeStandardDeviation":0.2,"sampleSize":6457,"normalizedSampleSize":0.6383,"averageTravelTime":0.64,"medianTravelTime":0.59,"travelTimeRatio":1.23,"speedPercentiles":[31,38,42,45,47,49,51,52,53,55,56,57,59,60,62,63,65,68,73]},{"timeSet":22,"dateRange":1,"harmonicAverageSpeed":53.8,"medianSpeed":58.0,"averageSpeed":57.1,"standardDeviationSpeed":12.7,"travelTimeStandardDeviation":0.17,"sampleSize":4713,"normalizedSampleSize":0.4659,"averageTravelTime":0.6,"medianTravelTime":0.56,"travelTimeRatio":1.16,"speedPercentiles":[35,40,44,47,50,51,53,55,56,58,59,60,62,63,65,67,69,73,77]},{"timeSet":23,"dateRange":1,"harmonicAverageSpeed":59.7,"medianSpeed":63.0,"averageSpeed":63.0,"standardDeviationSpeed":13.5,"travelTimeStandardDeviation":0.14,"sampleSize":2400,"normalizedSampleSize":0.2372,"averageTravelTime":0.54,"medianTravelTime":0.51,"travelTimeRatio":1.04,"speedPercentiles":[41,46,50,52,55,57,59,60,61,63,65,66,68,69,71,74,76,79,85]},{"timeSet":24,"dateRange":1,"harmonicAverageSpeed":59.3,"medianSpeed":63.0,"averageSpeed":62.4,"standardDeviationSpeed":13.2,"travelTimeStandardDeviation":0.14,"sampleSize":2403,"normalizedSampleSize":0.2375,"averageTravelTime":0.55,"medianTravelTime":0.51,"travelTimeRatio":1.05,"speedPercentiles":[40,45,49,52,55,57,58,60,61,63,64,65,67,68,70,72,75,78,83]},{"timeSet":25,"dateRange":1,"harmonicAverageSpeed":58.3,"medianSpeed":62.0,"averageSpeed":61.8,"standardDeviationSpeed":13.8,"travelTimeStandardDeviation":0.16,"sampleSize":3058,"normalizedSampleSize":0.3023,"averageTravelTime":0.56,"medianTravelTime":0.52,"travelTimeRatio":1.07,"speedPercentiles":[39,45,49,52,54,56,58,59,61,62,63,65,66,67,69,71,74,77,83]}]}},{"type":"Feature","geometry":{"type":"LineString","coordinates":[[12.47295,41.92971],[12.47294,41.92977]]},"properties":{"segmentId":-13800012637786,"newSegmentId":"-bd84b619-ce19-440f-8123-d4770f54d488","speedLimit":50,"frc":3,"streetName":"Corso di Francia","distance":6.44,"segmentTimeResults":[{"timeSet":2,"dateRange":1,"harmonicAverageSpeed":62.4,"medianSpeed":66.0,"averageSpeed":65.8,"standardDeviationSpeed":14.5,"travelTimeStandardDeviation":0.09,"sampleSize":1456,"normalizedSampleSize":0.1439,"averageTravelTime":0.37,"medianTravelTime":0.35,"travelTimeRatio":1.0,"speedPercentiles":[43,48,52,55,58,59,61,62,64,66,67,69,70,72,74,76,78,83,91]},{"timeSet":3,"dateRange":1,"harmonicAverageSpeed":66.0,"medianSpeed":68.0,"averageSpeed":69.8,"standardDeviationSpeed":15.8,"travelTimeStandardDeviation":0.09,"sampleSize":732,"normalizedSampleSize":0.0724,"averageTravelTime":0.35,"medianTravelTime":0.34,"travelTimeRatio":0.95,"speedPercentiles":[45,50,55,58,61,63,64,65,67,68,69,72,75,77,79,82,84,89,96]},{"timeSet":4,"dateRange":1,"harmonicAverageSpeed":65.9,"medianSpeed":69.0,"averageSpeed":70.4,"standardDeviationSpeed":16.3,"travelTimeStandardDeviation":0.11,"sampleSize":400,"normalizedSampleSize":0.0395,"averageTravelTime":0.35,"medianTravelTime":0.34,"travelTimeRatio":0.95,"speedPercentiles":[45,51,54,58,60,62,65,67,68,69,72,73,75,77,79,83,86,92,97]},{"timeSet":5,"dateRange":1,"harmonicAverageSpeed":67.5,"medianSpeed":72.0,"averageSpeed":73.4,"standardDeviationSpeed":17.5,"travelTimeStandardDeviation":0.17,"sampleSize":232,"normalizedSampleSize":0.0229,"averageTravelTime":0.34,"medianTravelTime":0.32,"travelTimeRatio":0.93,"speedPercentiles":[44,53,57,62,64,65,68,69,71,72,74,77,79,81,83,87,90,94,107]},{"timeSet":6,"dateRange":1,"harmonicAverageSpeed":68.8,"medianSpeed":72.0,"averageSpeed":72.1,"standardDeviationSpeed":14.0,"travelTimeStandardDeviation":0.09,"sampleSize":157,"normalizedSampleSize":0.0155,"averageTravelTime":0.34,"medianTravelTime":0.32,"travelTimeRatio":0.91,"speedPercentiles":[49,54,57,61,64,67,68,69,71,72,74,76,77,78,80,82,85,87,95]},{"timeSet":7,"dateRange":1,"harmonicAverageSpeed":69.2,"medianSpeed":74.0,"averageSpeed":73.4,"standardDeviationSpeed":15.6,"travelTimeStandardDeviation":0.1,"sampleSize":206,"normalizedSampleSize":0.0204,"averageTravelTime":0.33,"medianTravelTime":0.31,"travelTimeRatio":0.9,"speedPercentiles":[44,54,59,62,64,67,68,70,72,74,76,79,80,82,83,85,87,93,97]},{"timeSet":8,"dateRange":1,"harmonicAverageSpeed":64.3,"medianSpeed":68.0,"averageSpeed":67.5,"standardDeviationSpeed":13.4,"travelTimeStandardDeviation":0.09,"sampleSize":676,"normalizedSampleSize":0.0668,"averageTravelTime":0.36,"medianTravelTime":0.34,"travelTimeRatio":0.97,"speedPercentiles":[44,51,55,58,60,62,64,65,67,68,69,70,72,73,75,77,80,84,90]},{"timeSet":9,"dateRange":1,"harmonicAverageSpeed":60.3,"medianSpeed":64.0,"averageSpeed":63.6,"standardDeviationSpeed":13.3,"travelTimeStandardDeviation":0.11,"sampleSize":2308,"normalizedSampleSize":0.2282,"averageTravelTime":0.38,"medianTravelTime":0.36,"travelTimeRatio":1.04,"speedPercentiles":[40,46,51,54,56,58,60,62,63,64,65,67,69,70,72,74,76,79,84]},{"timeSet":10,"dateRange":1,"harmonicAverageSpeed":57.7,"medianSpeed":62.0,"averageSpeed":61.3,"standardDeviationSpeed":13.3,"travelTimeStandardDeviation":0.12,"sampleSize":4716,"normalizedSampleSize":0.4662,"averageTravelTime":0.4,"medianTravelTime":0.37,"travelTimeRatio":1.08,"speedPercentiles":[37,44,48,52,54,56,58,59,61,62,64,65,66,68,69,71,74,77,82]},{"timeSet":11,"dateRange":1,"harmonicAverageSpeed":59.2,"medianSpeed":64.0,"averageSpeed":62.8,"standardDeviationSpeed":13.3,"travelTimeStandardDeviation":0.12,"sampleSize":3471,"normalizedSampleSize":0.3431,"averageTravelTime":0.39,"medianTravelTime":0.36,"travelTimeRatio":1.05,"speedPercentiles":[37,45,50,53,56,58,60,61,62,64,65,67,68,69,71,73,75,78,83]},{"timeSet":12,"dateRange":1,"harmonicAverageSpeed":59.2,"medianSpeed":64.0,"averageSpeed":62.9,"standardDeviationSpeed":13.7,"travelTimeStandardDeviation":0.12,"sampleSize":3435,"normalizedSampleSize":0.3396,"averageTravelTime":0.39,"medianTravelTime":0.36,"travelTimeRatio":1.06,"speedPercentiles":[37,45,50,53,56,58,59,61,62,64,65,67,68,70,71,73,75,78,84]},{"timeSet":13,"dateRange":1,"harmonicAverageSpeed":58.6,"medianSpeed":63.0,"averageSpeed":62.1,"standardDeviationSpeed":13.2,"travelTimeStandardDeviation":0.12,"sampleSize":3657,"normalizedSampleSize":0.3615,"averageTravelTime":0.4,"medianTravelTime":0.37,"travelTimeRatio":1.07,"speedPercentiles":[38,45,49,53,55,57,59,61,62,63,64,66,67,69,70,72,74,77,81]},{"timeSet":14,"dateRange":1,"harmonicAverageSpeed":57.5,"medianSpeed":62.0,"averageSpeed":61.5,"standardDeviationSpeed":13.6,"travelTimeStandardDeviation":0.15,"sampleSize":4150,"normalizedSampleSize":0.4102,"averageTravelTime":0.4,"medianTravelTime":0.37,"travelTimeRatio":1.08,"speedPercentiles":[36,43,48,51,54,56,58,60,61,62,64,65,67,68,70,72,74,77,82]},{"timeSet":15,"dateRange":1,"harmonicAverageSpeed":56.5,"medianSpeed":61.0,"averageSpeed":60.3,"standardDeviationSpeed":13.6,"travelTimeStandardDeviation":0.12,"sampleSize":4739,"normalizedSampleSize":0.4685,"averageTravelTime":0.41,"medianTravelTime":0.38,"travelTimeRatio":1.1,"speedPercentiles":[34,42,47,50,53,55,57,58,60,61,63,64,65,67,69,71,73,76,81]},{"timeSet":16,"dateRange":1,"harmonicAverageSpeed":56.4,"medianSpeed":61.0,"averageSpeed":60.1,"standardDeviationSpeed":13.3,"travelTimeStandardDeviation":0.14,"sampleSize":5291,"normalizedSampleSize":0.523,"averageTravelTime":0.41,"medianTravelTime":0.38,"travelTimeRatio":1.11,"speedPercentiles":[36,42,47,50,52,55,56,58,60,61,62,64,65,67,68,70,72,76,80]},{"timeSet":17,"dateRange":1,"harmonicAverageSpeed":55.8,"medianSpeed":61.0,"averageSpeed":59.9,"standardDeviationSpeed":13.4,"travelTimeStandardDeviation":0.2,"sampleSize":4857,"normalizedSampleSize":0.4801,"averageTravelTime":0.42,"medianTravelTime":0.38,"travelTimeRatio":1.12,"speedPercentiles":[34,42,47,50,53,55,57,58,59,61,62,64,65,67,68,70,72,75,80]},{"timeSet":18,"dateRange":1,"harmonicAverageSpeed":53.7,"medianSpeed":59.0,"averageSpeed":57.7,"standardDeviationSpeed":13.6,"travelTimeStandardDeviation":0.14,"sampleSize":5289,"normalizedSampleSize":0.5228,"averageTravelTime":0.43,"medianTravelTime":0.39,"travelTimeRatio":1.16,"speedPercentiles":[33,39,44,48,50,53,54,56,57,59,60,61,63,64,66,68,70,73,77]},{"timeSet":19,"dateRange":1,"harmonicAverageSpeed":53.0,"medianSpeed":57.0,"averageSpeed":56.7,"standardDeviationSpeed":13.1,"travelTimeStandardDeviation":0.14,"sampleSize":5925,"normalizedSampleSize":0.5857,"averageTravelTime":0.44,"medianTravelTime":0.41,"travelTimeRatio":1.18,"speedPercentiles":[33,39,44,47,49,51,53,55,56,57,59,60,61,63,65,67,69,72,77]},{"timeSet":20,"dateRange":1,"harmonicAverageSpeed":49.6,"medianSpeed":55.0,"averageSpeed":53.5,"standardDeviationSpeed":12.9,"travelTimeStandardDeviation":0.16,"sampleSize":6604,"normalizedSampleSize":0.6528,"averageTravelTime":0.47,"medianTravelTime":0.42,"travelTimeRatio":1.26,"speedPercentiles":[30,36,41,44,46,48,50,51,53,55,56,57,59,60,62,63,65,68,73]},{"timeSet":21,"dateRange":1,"harmonicAverageSpeed":50.5,"medianSpeed":55.0,"averageSpeed":54.1,"standardDeviationSpeed":12.7,"travelTimeStandardDeviation":0.15,"sampleSize":6458,"normalizedSampleSize":0.6384,"averageTravelTime":0.46,"medianTravelTime":0.42,"travelTimeRatio":1.24,"speedPercentiles":[31,38,42,45,47,49,51,52,53,55,56,57,59,60,62,64,66,69,74]},{"timeSet":22,"dateRange":1,"harmonicAverageSpeed":54.0,"medianSpeed":58.0,"averageSpeed":57.4,"standardDeviationSpeed":13.0,"travelTimeStandardDeviation":0.12,"sampleSize":4713,"normalizedSampleSize":0.4659,"averageTravelTime":0.43,"medianTravelTime":0.4,"travelTimeRatio":1.16,"speedPercentiles":[35,40,44,47,50,51,53,55,57,58,59,61,62,64,65,67,70,73,78]},{"timeSet":23,"dateRange":1,"harmonicAverageSpeed":60.0,"medianSpeed":64.0,"averageSpeed":63.3,"standardDeviationSpeed":13.7,"travelTimeStandardDeviation":0.1,"sampleSize":2402,"normalizedSampleSize":0.2374,"averageTravelTime":0.39,"medianTravelTime":0.36,"travelTimeRatio":1.04,"speedPercentiles":[41,46,50,52,55,57,59,60,62,64,65,66,68,69,72,74,76,80,86]},{"timeSet":24,"dateRange":1,"harmonicAverageSpeed":59.5,"medianSpeed":63.0,"averageSpeed":62.7,"standardDeviationSpeed":13.5,"travelTimeStandardDeviation":0.1,"sampleSize":2402,"normalizedSampleSize":0.2374,"averageTravelTime":0.39,"medianTravelTime":0.37,"travelTimeRatio":1.05,"speedPercentiles":[40,45,50,52,55,57,58,60,61,63,64,66,67,69,71,73,76,79,84]},{"timeSet":25,"dateRange":1,"harmonicAverageSpeed":58.6,"medianSpeed":62.0,"averageSpeed":62.2,"standardDeviationSpeed":13.9,"travelTimeStandardDeviation":0.12,"sampleSize":3058,"normalizedSampleSize":0.3023,"averageTravelTime":0.4,"medianTravelTime":0.37,"travelTimeRatio":1.07,"speedPercentiles":[39,45,49,52,54,56,58,59,61,62,64,65,67,68,70,72,75,78,84]}]}},{"type":"Feature","geometry":{"type":"LineString","coordinates":[[12.47294,41.92977],[12.47291,41.93004]]},"properties":{"segmentId":-13800012637796,"newSegmentId":"-edc398f9-1419-464f-bfec-202141cb3c82","speedLimit":50,"frc":3,"streetName":"Corso di Francia","distance":30.58,"segmentTimeResults":[{"timeSet":2,"dateRange":1,"harmonicAverageSpeed":63.0,"medianSpeed":66.0,"averageSpeed":66.4,"standardDeviationSpeed":14.6,"travelTimeStandardDeviation":0.44,"sampleSize":1454,"normalizedSampleSize":0.1437,"averageTravelTime":1.75,"medianTravelTime":1.67,"travelTimeRatio":1.0,"speedPercentiles":[43,49,52,55,58,60,61,63,64,66,68,69,71,72,75,77,79,83,91]},{"timeSet":3,"dateRange":1,"harmonicAverageSpeed":66.7,"medianSpeed":69.0,"averageSpeed":70.5,"standardDeviationSpeed":15.9,"travelTimeStandardDeviation":0.44,"sampleSize":733,"normalizedSampleSize":0.0725,"averageTravelTime":1.65,"medianTravelTime":1.6,"travelTimeRatio":0.94,"speedPercentiles":[45,51,57,58,62,63,65,67,68,69,71,72,75,78,80,83,86,90,97]},{"timeSet":4,"dateRange":1,"harmonicAverageSpeed":66.5,"medianSpeed":71.0,"averageSpeed":71.0,"standardDeviationSpeed":16.4,"travelTimeStandardDeviation":0.54,"sampleSize":398,"normalizedSampleSize":0.0393,"averageTravelTime":1.66,"medianTravelTime":1.55,"travelTimeRatio":0.95,"speedPercentiles":[45,51,55,58,61,63,66,67,69,71,72,74,76,79,81,84,87,92,99]},{"timeSet":5,"dateRange":1,"harmonicAverageSpeed":68.2,"medianSpeed":73.0,"averageSpeed":74.2,"standardDeviationSpeed":17.6,"travelTimeStandardDeviation":0.8,"sampleSize":232,"normalizedSampleSize":0.0229,"averageTravelTime":1.61,"medianTravelTime":1.51,"travelTimeRatio":0.92,"speedPercentiles":[44,53,57,63,64,66,69,70,72,73,75,77,80,82,85,88,91,96,107]},{"timeSet":6,"dateRange":1,"harmonicAverageSpeed":69.5,"medianSpeed":73.0,"averageSpeed":72.9,"standardDeviationSpeed":14.3,"travelTimeStandardDeviation":0.45,"sampleSize":157,"normalizedSampleSize":0.0155,"averageTravelTime":1.58,"medianTravelTime":1.51,"travelTimeRatio":0.91,"speedPercentiles":[49,54,57,62,64,67,68,71,72,73,75,78,79,80,81,84,86,88,95]},{"timeSet":7,"dateRange":1,"harmonicAverageSpeed":69.9,"medianSpeed":75.0,"averageSpeed":74.1,"standardDeviationSpeed":15.6,"travelTimeStandardDeviation":0.46,"sampleSize":206,"normalizedSampleSize":0.0204,"averageTravelTime":1.57,"medianTravelTime":1.47,"travelTimeRatio":0.9,"speedPercentiles":[46,56,59,62,64,67,69,71,73,75,78,80,81,82,84,86,89,93,97]},{"timeSet":8,"dateRange":1,"harmonicAverageSpeed":64.9,"medianSpeed":69.0,"averageSpeed":68.2,"standardDeviationSpeed":13.6,"travelTimeStandardDeviation":0.45,"sampleSize":676,"normalizedSampleSize":0.0668,"averageTravelTime":1.7,"medianTravelTime":1.6,"travelTimeRatio":0.97,"speedPercentiles":[44,52,56,58,61,63,64,66,67,69,70,71,73,74,76,79,81,85,91]},{"timeSet":9,"dateRange":1,"harmonicAverageSpeed":61.0,"medianSpeed":65.0,"averageSpeed":64.3,"standardDeviationSpeed":13.5,"travelTimeStandardDeviation":0.48,"sampleSize":2306,"normalizedSampleSize":0.228,"averageTravelTime":1.81,"medianTravelTime":1.69,"travelTimeRatio":1.03,"speedPercentiles":[40,46,51,54,57,59,61,62,64,65,66,68,69,71,73,75,77,80,85]},{"timeSet":10,"dateRange":1,"harmonicAverageSpeed":58.1,"medianSpeed":63.0,"averageSpeed":61.8,"standardDeviationSpeed":13.6,"travelTimeStandardDeviation":0.57,"sampleSize":4715,"normalizedSampleSize":0.4661,"averageTravelTime":1.89,"medianTravelTime":1.75,"travelTimeRatio":1.08,"speedPercentiles":[37,44,48,52,54,56,58,60,61,63,64,66,67,69,70,72,74,77,82]},{"timeSet":11,"dateRange":1,"harmonicAverageSpeed":59.7,"medianSpeed":64.0,"averageSpeed":63.4,"standardDeviationSpeed":13.6,"travelTimeStandardDeviation":0.55,"sampleSize":3470,"normalizedSampleSize":0.343,"averageTravelTime":1.84,"medianTravelTime":1.72,"travelTimeRatio":1.06,"speedPercentiles":[38,45,50,54,56,58,60,62,63,64,66,67,69,70,72,74,76,79,84]},{"timeSet":12,"dateRange":1,"harmonicAverageSpeed":59.7,"medianSpeed":64.0,"averageSpeed":63.6,"standardDeviationSpeed":14.0,"travelTimeStandardDeviation":0.56,"sampleSize":3432,"normalizedSampleSize":0.3393,"averageTravelTime":1.84,"medianTravelTime":1.72,"travelTimeRatio":1.05,"speedPercentiles":[37,45,50,53,56,58,60,62,63,64,66,67,69,71,72,74,76,80,85]},{"timeSet":13,"dateRange":1,"harmonicAverageSpeed":59.2,"medianSpeed":64.0,"averageSpeed":62.8,"standardDeviationSpeed":13.4,"travelTimeStandardDeviation":0.56,"sampleSize":3656,"normalizedSampleSize":0.3614,"averageTravelTime":1.86,"medianTravelTime":1.72,"travelTimeRatio":1.06,"speedPercentiles":[38,45,49,53,55,58,60,61,63,64,65,67,68,70,71,73,75,78,82]},{"timeSet":14,"dateRange":1,"harmonicAverageSpeed":58.1,"medianSpeed":63.0,"averageSpeed":62.1,"standardDeviationSpeed":13.9,"travelTimeStandardDeviation":0.73,"sampleSize":4150,"normalizedSampleSize":0.4102,"averageTravelTime":1.9,"medianTravelTime":1.75,"travelTimeRatio":1.08,"speedPercentiles":[36,43,48,52,54,56,58,60,62,63,65,66,68,69,71,73,75,78,83]},{"timeSet":15,"dateRange":1,"harmonicAverageSpeed":57.1,"medianSpeed":62.0,"averageSpeed":61.0,"standardDeviationSpeed":13.9,"travelTimeStandardDeviation":0.59,"sampleSize":4730,"normalizedSampleSize":0.4676,"averageTravelTime":1.93,"medianTravelTime":1.78,"travelTimeRatio":1.1,"speedPercentiles":[35,42,47,50,53,55,57,59,60,62,63,65,67,68,70,72,74,77,82]},{"timeSet":16,"dateRange":1,"harmonicAverageSpeed":56.8,"medianSpeed":62.0,"averageSpeed":60.6,"standardDeviationSpeed":13.6,"travelTimeStandardDeviation":0.65,"sampleSize":5291,"normalizedSampleSize":0.523,"averageTravelTime":1.94,"medianTravelTime":1.78,"travelTimeRatio":1.11,"speedPercentiles":[36,42,47,50,52,55,57,58,60,62,63,64,66,68,69,71,73,76,81]},{"timeSet":17,"dateRange":1,"harmonicAverageSpeed":56.3,"medianSpeed":62.0,"averageSpeed":60.4,"standardDeviationSpeed":13.6,"travelTimeStandardDeviation":0.97,"sampleSize":4853,"normalizedSampleSize":0.4797,"averageTravelTime":1.96,"medianTravelTime":1.78,"travelTimeRatio":1.12,"speedPercentiles":[35,42,47,50,53,55,57,59,60,62,63,64,66,67,69,71,73,76,81]},{"timeSet":18,"dateRange":1,"harmonicAverageSpeed":54.2,"medianSpeed":59.0,"averageSpeed":58.2,"standardDeviationSpeed":13.7,"travelTimeStandardDeviation":0.66,"sampleSize":5286,"normalizedSampleSize":0.5225,"averageTravelTime":2.03,"medianTravelTime":1.87,"travelTimeRatio":1.16,"speedPercentiles":[33,40,44,48,50,53,54,56,58,59,61,62,63,65,67,69,71,74,79]},{"timeSet":19,"dateRange":1,"harmonicAverageSpeed":53.3,"medianSpeed":58.0,"averageSpeed":57.1,"standardDeviationSpeed":13.3,"travelTimeStandardDeviation":0.64,"sampleSize":5923,"normalizedSampleSize":0.5855,"averageTravelTime":2.06,"medianTravelTime":1.9,"travelTimeRatio":1.18,"speedPercentiles":[33,40,44,47,49,51,53,55,56,58,59,61,62,64,65,67,70,73,77]},{"timeSet":20,"dateRange":1,"harmonicAverageSpeed":49.8,"medianSpeed":55.0,"averageSpeed":53.8,"standardDeviationSpeed":13.1,"travelTimeStandardDeviation":0.75,"sampleSize":6600,"normalizedSampleSize":0.6524,"averageTravelTime":2.21,"medianTravelTime":2.0,"travelTimeRatio":1.26,"speedPercentiles":[30,36,41,44,46,48,50,52,53,55,56,58,59,61,62,64,66,69,74]},{"timeSet":21,"dateRange":1,"harmonicAverageSpeed":50.8,"medianSpeed":55.0,"averageSpeed":54.5,"standardDeviationSpeed":12.9,"travelTimeStandardDeviation":0.69,"sampleSize":6449,"normalizedSampleSize":0.6375,"averageTravelTime":2.17,"medianTravelTime":2.0,"travelTimeRatio":1.24,"speedPercentiles":[31,38,42,45,47,49,51,52,54,55,56,58,59,61,62,64,67,70,74]},{"timeSet":22,"dateRange":1,"harmonicAverageSpeed":54.4,"medianSpeed":58.0,"averageSpeed":57.9,"standardDeviationSpeed":13.3,"travelTimeStandardDeviation":0.58,"sampleSize":4709,"normalizedSampleSize":0.4655,"averageTravelTime":2.03,"medianTravelTime":1.9,"travelTimeRatio":1.16,"speedPercentiles":[35,40,44,47,50,52,54,55,57,58,60,61,63,64,66,68,71,74,79]},{"timeSet":23,"dateRange":1,"harmonicAverageSpeed":60.5,"medianSpeed":64.0,"averageSpeed":64.0,"standardDeviationSpeed":14.0,"travelTimeStandardDeviation":0.49,"sampleSize":2401,"normalizedSampleSize":0.2373,"averageTravelTime":1.82,"medianTravelTime":1.72,"travelTimeRatio":1.04,"speedPercentiles":[41,46,50,53,55,58,59,61,62,64,66,67,69,70,73,75,77,81,87]},{"timeSet":24,"dateRange":1,"harmonicAverageSpeed":60.2,"medianSpeed":64.0,"averageSpeed":63.5,"standardDeviationSpeed":13.8,"travelTimeStandardDeviation":0.48,"sampleSize":2399,"normalizedSampleSize":0.2371,"averageTravelTime":1.83,"medianTravelTime":1.72,"travelTimeRatio":1.05,"speedPercentiles":[41,46,49,53,55,57,59,61,62,64,65,67,68,70,72,74,77,80,86]},{"timeSet":25,"dateRange":1,"harmonicAverageSpeed":59.1,"medianSpeed":63.0,"averageSpeed":62.7,"standardDeviationSpeed":14.1,"travelTimeStandardDeviation":0.55,"sampleSize":3058,"normalizedSampleSize":0.3023,"averageTravelTime":1.86,"medianTravelTime":1.75,"travelTimeRatio":1.07,"speedPercentiles":[39,45,49,53,55,57,59,60,62,63,64,66,67,69,71,73,75,78,85]}]}},{"type":"Feature","geometry":{"type":"LineString","coordinates":[[12.47291,41.93004],[12.47251,41.93205]]},"properties":{"segmentId":-13800007467709,"newSegmentId":"-00004931-3600-0400-0000-000001365541","speedLimit":50,"frc":3,"streetName":"Corso di Francia","distance":225.59,"segmentTimeResults":[{"timeSet":2,"dateRange":1,"harmonicAverageSpeed":65.9,"medianSpeed":69.0,"averageSpeed":69.7,"standardDeviationSpeed":15.9,"travelTimeStandardDeviation":3.21,"sampleSize":1437,"normalizedSampleSize":0.1421,"averageTravelTime":12.33,"medianTravelTime":11.77,"travelTimeRatio":1.0,"speedPercentiles":[44,50,54,58,60,62,64,66,68,69,71,73,75,77,79,81,84,89,96]},{"timeSet":3,"dateRange":1,"harmonicAverageSpeed":69.5,"medianSpeed":73.0,"averageSpeed":74.0,"standardDeviationSpeed":17.4,"travelTimeStandardDeviation":3.3,"sampleSize":728,"normalizedSampleSize":0.072,"averageTravelTime":11.69,"medianTravelTime":11.12,"travelTimeRatio":0.95,"speedPercentiles":[45,52,58,61,64,65,67,70,71,73,75,77,79,82,85,88,91,95,103]},{"timeSet":4,"dateRange":1,"harmonicAverageSpeed":69.2,"medianSpeed":73.0,"averageSpeed":74.4,"standardDeviationSpeed":18.0,"travelTimeStandardDeviation":3.95,"sampleSize":396,"normalizedSampleSize":0.0391,"averageTravelTime":11.73,"medianTravelTime":11.12,"travelTimeRatio":0.95,"speedPercentiles":[45,52,56,60,63,66,68,70,72,73,76,79,81,84,87,89,91,96,105]},{"timeSet":5,"dateRange":1,"harmonicAverageSpeed":70.4,"medianSpeed":78.0,"averageSpeed":77.2,"standardDeviationSpeed":19.1,"travelTimeStandardDeviation":6.02,"sampleSize":224,"normalizedSampleSize":0.0221,"averageTravelTime":11.54,"medianTravelTime":10.41,"travelTimeRatio":0.94,"speedPercentiles":[44,53,59,64,67,69,71,72,75,78,80,82,83,86,88,90,94,104,109]},{"timeSet":6,"dateRange":1,"harmonicAverageSpeed":71.8,"medianSpeed":78.0,"averageSpeed":76.0,"standardDeviationSpeed":16.1,"travelTimeStandardDeviation":3.45,"sampleSize":154,"normalizedSampleSize":0.0152,"averageTravelTime":11.31,"medianTravelTime":10.41,"travelTimeRatio":0.92,"speedPercentiles":[49,54,60,63,66,68,70,73,75,78,80,81,83,84,86,88,91,95,102]},{"timeSet":7,"dateRange":1,"harmonicAverageSpeed":73.5,"medianSpeed":79.0,"averageSpeed":77.9,"standardDeviationSpeed":17.3,"travelTimeStandardDeviation":3.08,"sampleSize":204,"normalizedSampleSize":0.0202,"averageTravelTime":11.05,"medianTravelTime":10.28,"travelTimeRatio":0.9,"speedPercentiles":[48,55,60,64,67,69,71,74,76,79,82,83,85,87,88,91,94,99,108]},{"timeSet":8,"dateRange":1,"harmonicAverageSpeed":68.2,"medianSpeed":72.0,"averageSpeed":71.8,"standardDeviationSpeed":15.1,"travelTimeStandardDeviation":3.08,"sampleSize":676,"normalizedSampleSize":0.0668,"averageTravelTime":11.92,"medianTravelTime":11.28,"travelTimeRatio":0.97,"speedPercentiles":[45,53,57,60,62,65,67,69,70,72,74,75,77,79,81,84,87,91,97]},{"timeSet":9,"dateRange":1,"harmonicAverageSpeed":63.2,"medianSpeed":68.0,"averageSpeed":67.3,"standardDeviationSpeed":14.8,"travelTimeStandardDeviation":4.65,"sampleSize":2288,"normalizedSampleSize":0.2262,"averageTravelTime":12.85,"medianTravelTime":11.94,"travelTimeRatio":1.04,"speedPercentiles":[40,47,52,56,59,61,63,65,66,68,70,71,73,75,77,79,82,85,90]},{"timeSet":10,"dateRange":1,"harmonicAverageSpeed":60.3,"medianSpeed":65.0,"averageSpeed":64.4,"standardDeviationSpeed":14.7,"travelTimeStandardDeviation":4.29,"sampleSize":4670,"normalizedSampleSize":0.4616,"averageTravelTime":13.47,"medianTravelTime":12.49,"travelTimeRatio":1.09,"speedPercentiles":[38,45,49,53,55,58,60,61,63,65,67,69,70,72,74,76,79,82,87]},{"timeSet":11,"dateRange":1,"harmonicAverageSpeed":62.1,"medianSpeed":67.0,"averageSpeed":66.1,"standardDeviationSpeed":14.8,"travelTimeStandardDeviation":3.83,"sampleSize":3442,"normalizedSampleSize":0.3403,"averageTravelTime":13.07,"medianTravelTime":12.12,"travelTimeRatio":1.06,"speedPercentiles":[39,46,51,54,58,60,62,64,65,67,69,70,72,74,76,78,81,84,89]},{"timeSet":12,"dateRange":1,"harmonicAverageSpeed":62.4,"medianSpeed":68.0,"averageSpeed":66.6,"standardDeviationSpeed":15.3,"travelTimeStandardDeviation":4.01,"sampleSize":3410,"normalizedSampleSize":0.3371,"averageTravelTime":13.02,"medianTravelTime":11.94,"travelTimeRatio":1.06,"speedPercentiles":[38,46,51,55,58,60,62,64,66,68,69,71,73,75,76,79,81,84,90]},{"timeSet":13,"dateRange":1,"harmonicAverageSpeed":62.0,"medianSpeed":67.0,"averageSpeed":66.0,"standardDeviationSpeed":14.8,"travelTimeStandardDeviation":3.99,"sampleSize":3639,"normalizedSampleSize":0.3597,"averageTravelTime":13.1,"medianTravelTime":12.12,"travelTimeRatio":1.06,"speedPercentiles":[39,46,51,54,57,60,62,64,65,67,69,71,72,74,76,78,80,83,88]},{"timeSet":14,"dateRange":1,"harmonicAverageSpeed":60.7,"medianSpeed":66.0,"averageSpeed":65.1,"standardDeviationSpeed":15.2,"travelTimeStandardDeviation":4.48,"sampleSize":4119,"normalizedSampleSize":0.4072,"averageTravelTime":13.37,"medianTravelTime":12.3,"travelTimeRatio":1.08,"speedPercentiles":[37,45,50,53,56,59,61,62,64,66,68,69,71,73,75,77,79,83,89]},{"timeSet":15,"dateRange":1,"harmonicAverageSpeed":59.4,"medianSpeed":65.0,"averageSpeed":63.8,"standardDeviationSpeed":15.3,"travelTimeStandardDeviation":4.22,"sampleSize":4694,"normalizedSampleSize":0.464,"averageTravelTime":13.67,"medianTravelTime":12.49,"travelTimeRatio":1.11,"speedPercentiles":[36,43,48,52,54,57,59,61,63,65,66,68,70,72,74,76,79,82,87]},{"timeSet":16,"dateRange":1,"harmonicAverageSpeed":58.2,"medianSpeed":63.0,"averageSpeed":62.7,"standardDeviationSpeed":15.1,"travelTimeStandardDeviation":4.91,"sampleSize":5259,"normalizedSampleSize":0.5199,"averageTravelTime":13.96,"medianTravelTime":12.89,"travelTimeRatio":1.13,"speedPercentiles":[36,42,47,50,53,55,58,60,62,63,65,67,69,71,73,75,78,81,86]},{"timeSet":17,"dateRange":1,"harmonicAverageSpeed":58.6,"medianSpeed":64.0,"averageSpeed":62.9,"standardDeviationSpeed":14.9,"travelTimeStandardDeviation":4.35,"sampleSize":4807,"normalizedSampleSize":0.4752,"averageTravelTime":13.86,"medianTravelTime":12.69,"travelTimeRatio":1.12,"speedPercentiles":[36,43,47,51,54,56,58,60,62,64,66,67,69,71,73,75,77,80,86]},{"timeSet":18,"dateRange":1,"harmonicAverageSpeed":56.3,"medianSpeed":61.0,"averageSpeed":60.5,"standardDeviationSpeed":14.6,"travelTimeStandardDeviation":4.55,"sampleSize":5234,"normalizedSampleSize":0.5174,"averageTravelTime":14.43,"medianTravelTime":13.31,"travelTimeRatio":1.17,"speedPercentiles":[34,41,46,49,52,54,56,58,59,61,63,64,66,68,70,72,74,78,83]},{"timeSet":19,"dateRange":1,"harmonicAverageSpeed":55.1,"medianSpeed":59.0,"averageSpeed":59.0,"standardDeviationSpeed":14.3,"travelTimeStandardDeviation":4.47,"sampleSize":5891,"normalizedSampleSize":0.5823,"averageTravelTime":14.75,"medianTravelTime":13.76,"travelTimeRatio":1.2,"speedPercentiles":[34,40,44,48,50,52,54,56,57,59,61,63,65,66,68,70,73,76,82]},{"timeSet":20,"dateRange":1,"harmonicAverageSpeed":51.2,"medianSpeed":55.0,"averageSpeed":55.0,"standardDeviationSpeed":13.4,"travelTimeStandardDeviation":4.97,"sampleSize":6540,"normalizedSampleSize":0.6465,"averageTravelTime":15.85,"medianTravelTime":14.77,"travelTimeRatio":1.29,"speedPercentiles":[31,38,42,45,47,49,50,52,54,55,57,59,60,62,64,66,68,71,76]},{"timeSet":21,"dateRange":1,"harmonicAverageSpeed":52.0,"medianSpeed":56.0,"averageSpeed":55.8,"standardDeviationSpeed":13.5,"travelTimeStandardDeviation":4.73,"sampleSize":6394,"normalizedSampleSize":0.6321,"averageTravelTime":15.61,"medianTravelTime":14.5,"travelTimeRatio":1.27,"speedPercentiles":[32,39,43,45,47,49,51,53,54,56,57,59,61,62,64,66,69,72,77]},{"timeSet":22,"dateRange":1,"harmonicAverageSpeed":56.2,"medianSpeed":60.0,"averageSpeed":59.9,"standardDeviationSpeed":14.2,"travelTimeStandardDeviation":4.08,"sampleSize":4686,"normalizedSampleSize":0.4632,"averageTravelTime":14.45,"medianTravelTime":13.54,"travelTimeRatio":1.17,"speedPercentiles":[36,41,45,48,51,53,55,57,58,60,62,63,65,67,69,71,74,78,83]},{"timeSet":23,"dateRange":1,"harmonicAverageSpeed":63.2,"medianSpeed":67.0,"averageSpeed":67.1,"standardDeviationSpeed":15.5,"travelTimeStandardDeviation":3.53,"sampleSize":2394,"normalizedSampleSize":0.2367,"averageTravelTime":12.86,"medianTravelTime":12.12,"travelTimeRatio":1.04,"speedPercentiles":[42,48,51,54,57,59,61,64,66,67,69,70,72,74,77,79,82,86,93]},{"timeSet":24,"dateRange":1,"harmonicAverageSpeed":62.8,"medianSpeed":66.0,"averageSpeed":66.6,"standardDeviationSpeed":15.3,"travelTimeStandardDeviation":3.48,"sampleSize":2380,"normalizedSampleSize":0.2353,"averageTravelTime":12.93,"medianTravelTime":12.3,"travelTimeRatio":1.05,"speedPercentiles":[42,47,51,54,57,59,61,63,65,66,69,71,72,74,76,78,81,85,92]},{"timeSet":25,"dateRange":1,"harmonicAverageSpeed":61.9,"medianSpeed":66.0,"averageSpeed":65.9,"standardDeviationSpeed":15.4,"travelTimeStandardDeviation":3.83,"sampleSize":3035,"normalizedSampleSize":0.3,"averageTravelTime":13.11,"medianTravelTime":12.3,"travelTimeRatio":1.06,"speedPercentiles":[41,47,51,54,56,59,61,63,64,66,67,69,71,73,75,77,80,84,91]}]}},{"type":"Feature","geometry":{"type":"LineString","coordinates":[[12.47251,41.93205],[12.47242,41.9326]]},"properties":{"segmentId":-13800012637773,"newSegmentId":"-e7522841-7509-43a4-bf2f-0b06ea1493d3","speedLimit":50,"frc":3,"streetName":"Corso di Francia","distance":60.99,"segmentTimeResults":[{"timeSet":2,"dateRange":1,"harmonicAverageSpeed":67.6,"medianSpeed":71.0,"averageSpeed":72.2,"standardDeviationSpeed":17.7,"travelTimeStandardDeviation":0.9,"sampleSize":1459,"normalizedSampleSize":0.1442,"averageTravelTime":3.25,"medianTravelTime":3.09,"travelTimeRatio":1.0,"speedPercentiles":[44,50,54,58,60,63,66,68,70,71,74,76,78,80,82,86,89,94,102]},{"timeSet":3,"dateRange":1,"harmonicAverageSpeed":71.1,"medianSpeed":75.0,"averageSpeed":76.3,"standardDeviationSpeed":19.0,"travelTimeStandardDeviation":0.94,"sampleSize":729,"normalizedSampleSize":0.0721,"averageTravelTime":3.09,"medianTravelTime":2.93,"travelTimeRatio":0.95,"speedPercentiles":[44,52,58,61,64,66,69,71,73,75,78,80,82,85,89,92,96,100,108]},{"timeSet":4,"dateRange":1,"harmonicAverageSpeed":70.0,"medianSpeed":76.0,"averageSpeed":76.5,"standardDeviationSpeed":19.5,"travelTimeStandardDeviation":1.43,"sampleSize":399,"normalizedSampleSize":0.0394,"averageTravelTime":3.14,"medianTravelTime":2.89,"travelTimeRatio":0.97,"speedPercentiles":[45,52,56,60,65,67,70,72,74,76,78,81,83,87,88,92,96,99,109]},{"timeSet":5,"dateRange":1,"harmonicAverageSpeed":73.4,"medianSpeed":80.0,"averageSpeed":79.1,"standardDeviationSpeed":20.1,"travelTimeStandardDeviation":0.94,"sampleSize":229,"normalizedSampleSize":0.0226,"averageTravelTime":2.99,"medianTravelTime":2.74,"travelTimeRatio":0.92,"speedPercentiles":[44,53,59,63,66,70,71,73,76,80,81,83,86,89,92,94,99,105,112]},{"timeSet":6,"dateRange":1,"harmonicAverageSpeed":73.4,"medianSpeed":78.0,"averageSpeed":78.0,"standardDeviationSpeed":17.1,"travelTimeStandardDeviation":0.94,"sampleSize":158,"normalizedSampleSize":0.0156,"averageTravelTime":2.99,"medianTravelTime":2.81,"travelTimeRatio":0.92,"speedPercentiles":[50,54,59,64,67,69,71,74,76,78,82,84,85,88,89,91,95,99,103]},{"timeSet":7,"dateRange":1,"harmonicAverageSpeed":75.0,"medianSpeed":81.0,"averageSpeed":80.3,"standardDeviationSpeed":19.2,"travelTimeStandardDeviation":0.88,"sampleSize":205,"normalizedSampleSize":0.0203,"averageTravelTime":2.93,"medianTravelTime":2.71,"travelTimeRatio":0.9,"speedPercentiles":[46,56,61,65,68,70,73,76,79,81,83,85,88,90,92,95,98,103,112]},{"timeSet":8,"dateRange":1,"harmonicAverageSpeed":70.3,"medianSpeed":74.0,"averageSpeed":74.6,"standardDeviationSpeed":16.8,"travelTimeStandardDeviation":0.85,"sampleSize":679,"normalizedSampleSize":0.0671,"averageTravelTime":3.12,"medianTravelTime":2.97,"travelTimeRatio":0.96,"speedPercentiles":[45,54,58,62,64,66,69,70,72,74,76,79,80,82,84,88,92,96,105]},{"timeSet":9,"dateRange":1,"harmonicAverageSpeed":64.7,"medianSpeed":70.0,"averageSpeed":69.1,"standardDeviationSpeed":16.1,"travelTimeStandardDeviation":1.04,"sampleSize":2311,"normalizedSampleSize":0.2284,"averageTravelTime":3.39,"medianTravelTime":3.14,"travelTimeRatio":1.04,"speedPercentiles":[40,47,53,56,59,61,64,66,68,70,71,74,76,78,80,82,85,88,94]},{"timeSet":10,"dateRange":1,"harmonicAverageSpeed":61.5,"medianSpeed":66.0,"averageSpeed":65.9,"standardDeviationSpeed":15.8,"travelTimeStandardDeviation":1.12,"sampleSize":4726,"normalizedSampleSize":0.4672,"averageTravelTime":3.57,"medianTravelTime":3.33,"travelTimeRatio":1.1,"speedPercentiles":[38,45,50,53,56,58,60,62,64,66,68,70,72,74,76,79,82,85,91]},{"timeSet":11,"dateRange":1,"harmonicAverageSpeed":63.6,"medianSpeed":68.0,"averageSpeed":67.9,"standardDeviationSpeed":15.8,"travelTimeStandardDeviation":1.03,"sampleSize":3487,"normalizedSampleSize":0.3447,"averageTravelTime":3.45,"medianTravelTime":3.23,"travelTimeRatio":1.06,"speedPercentiles":[40,47,52,55,58,60,63,64,66,68,70,72,74,76,78,81,84,87,93]},{"timeSet":12,"dateRange":1,"harmonicAverageSpeed":63.5,"medianSpeed":69.0,"averageSpeed":68.2,"standardDeviationSpeed":16.3,"travelTimeStandardDeviation":1.11,"sampleSize":3434,"normalizedSampleSize":0.3395,"averageTravelTime":3.46,"medianTravelTime":3.18,"travelTimeRatio":1.06,"speedPercentiles":[39,46,52,55,59,61,63,65,67,69,71,73,75,77,79,81,84,88,92]},{"timeSet":13,"dateRange":1,"harmonicAverageSpeed":63.2,"medianSpeed":69.0,"averageSpeed":67.9,"standardDeviationSpeed":16.3,"travelTimeStandardDeviation":1.14,"sampleSize":3676,"normalizedSampleSize":0.3634,"averageTravelTime":3.48,"medianTravelTime":3.18,"travelTimeRatio":1.07,"speedPercentiles":[39,46,51,55,57,60,62,65,67,69,71,73,75,77,79,82,84,87,92]},{"timeSet":14,"dateRange":1,"harmonicAverageSpeed":61.8,"medianSpeed":67.0,"averageSpeed":66.8,"standardDeviationSpeed":16.5,"travelTimeStandardDeviation":1.26,"sampleSize":4160,"normalizedSampleSize":0.4112,"averageTravelTime":3.55,"medianTravelTime":3.28,"travelTimeRatio":1.09,"speedPercentiles":[37,44,50,54,57,60,62,64,65,67,69,71,73,75,78,80,83,87,93]},{"timeSet":15,"dateRange":1,"harmonicAverageSpeed":60.6,"medianSpeed":66.0,"averageSpeed":65.4,"standardDeviationSpeed":16.4,"travelTimeStandardDeviation":1.15,"sampleSize":4738,"normalizedSampleSize":0.4684,"averageTravelTime":3.62,"medianTravelTime":3.33,"travelTimeRatio":1.12,"speedPercentiles":[36,43,48,52,55,58,60,62,64,66,68,70,72,74,76,79,82,86,91]},{"timeSet":16,"dateRange":1,"harmonicAverageSpeed":57.8,"medianSpeed":65.0,"averageSpeed":64.0,"standardDeviationSpeed":17.1,"travelTimeStandardDeviation":2.19,"sampleSize":5312,"normalizedSampleSize":0.5251,"averageTravelTime":3.8,"medianTravelTime":3.38,"travelTimeRatio":1.17,"speedPercentiles":[35,41,46,50,53,56,58,61,63,65,67,69,71,73,76,78,81,84,91]},{"timeSet":17,"dateRange":1,"harmonicAverageSpeed":59.7,"medianSpeed":65.0,"averageSpeed":64.4,"standardDeviationSpeed":16.0,"travelTimeStandardDeviation":1.21,"sampleSize":4854,"normalizedSampleSize":0.4798,"averageTravelTime":3.68,"medianTravelTime":3.38,"travelTimeRatio":1.13,"speedPercentiles":[36,43,48,51,54,57,59,61,63,65,67,69,71,73,75,77,80,84,90]},{"timeSet":18,"dateRange":1,"harmonicAverageSpeed":57.3,"medianSpeed":62.0,"averageSpeed":61.8,"standardDeviationSpeed":15.5,"travelTimeStandardDeviation":1.24,"sampleSize":5290,"normalizedSampleSize":0.5229,"averageTravelTime":3.83,"medianTravelTime":3.54,"travelTimeRatio":1.18,"speedPercentiles":[34,42,46,50,52,55,57,59,60,62,64,66,68,70,72,74,77,80,86]},{"timeSet":19,"dateRange":1,"harmonicAverageSpeed":56.0,"medianSpeed":60.0,"averageSpeed":60.3,"standardDeviationSpeed":15.2,"travelTimeStandardDeviation":1.21,"sampleSize":5946,"normalizedSampleSize":0.5878,"averageTravelTime":3.92,"medianTravelTime":3.66,"travelTimeRatio":1.21,"speedPercentiles":[35,41,45,48,51,53,55,57,58,60,62,64,66,68,70,72,75,79,85]},{"timeSet":20,"dateRange":1,"harmonicAverageSpeed":51.9,"medianSpeed":56.0,"averageSpeed":55.8,"standardDeviationSpeed":13.8,"travelTimeStandardDeviation":1.32,"sampleSize":6614,"normalizedSampleSize":0.6538,"averageTravelTime":4.23,"medianTravelTime":3.92,"travelTimeRatio":1.3,"speedPercentiles":[32,38,42,45,47,49,51,52,54,56,57,59,61,63,65,67,70,73,78]},{"timeSet":21,"dateRange":1,"harmonicAverageSpeed":52.7,"medianSpeed":56.0,"averageSpeed":56.6,"standardDeviationSpeed":14.2,"travelTimeStandardDeviation":1.32,"sampleSize":6467,"normalizedSampleSize":0.6393,"averageTravelTime":4.17,"medianTravelTime":3.92,"travelTimeRatio":1.28,"speedPercentiles":[33,39,43,45,47,49,51,53,55,56,58,60,62,63,65,68,71,74,79]},{"timeSet":22,"dateRange":1,"harmonicAverageSpeed":57.2,"medianSpeed":61.0,"averageSpeed":61.2,"standardDeviationSpeed":15.1,"travelTimeStandardDeviation":1.11,"sampleSize":4738,"normalizedSampleSize":0.4684,"averageTravelTime":3.84,"medianTravelTime":3.6,"travelTimeRatio":1.18,"speedPercentiles":[36,42,46,49,51,53,55,58,59,61,63,64,66,69,71,74,76,81,87]},{"timeSet":23,"dateRange":1,"harmonicAverageSpeed":64.5,"medianSpeed":69.0,"averageSpeed":69.0,"standardDeviationSpeed":17.0,"travelTimeStandardDeviation":0.98,"sampleSize":2416,"normalizedSampleSize":0.2388,"averageTravelTime":3.4,"medianTravelTime":3.18,"travelTimeRatio":1.05,"speedPercentiles":[43,48,51,55,58,60,62,65,67,69,71,73,75,77,79,83,86,90,97]},{"timeSet":24,"dateRange":1,"harmonicAverageSpeed":64.1,"medianSpeed":68.0,"averageSpeed":68.6,"standardDeviationSpeed":16.8,"travelTimeStandardDeviation":0.99,"sampleSize":2397,"normalizedSampleSize":0.237,"averageTravelTime":3.43,"medianTravelTime":3.23,"travelTimeRatio":1.05,"speedPercentiles":[42,47,51,55,57,60,62,64,66,68,71,73,75,77,79,81,85,89,97]},{"timeSet":25,"dateRange":1,"harmonicAverageSpeed":63.5,"medianSpeed":68.0,"averageSpeed":67.9,"standardDeviationSpeed":16.7,"travelTimeStandardDeviation":1.05,"sampleSize":3036,"normalizedSampleSize":0.3001,"averageTravelTime":3.46,"medianTravelTime":3.23,"travelTimeRatio":1.06,"speedPercentiles":[41,47,51,55,58,60,62,64,66,68,69,71,74,76,78,80,83,88,95]}]}},{"type":"Feature","geometry":{"type":"LineString","coordinates":[[12.47242,41.9326],[12.47221,41.93381]]},"properties":{"segmentId":-13800013612781,"newSegmentId":"-d538a32f-4bc9-49c7-918c-705606269ec6","speedLimit":50,"frc":3,"streetName":"Corso di Francia","distance":136.45,"segmentTimeResults":[{"timeSet":2,"dateRange":1,"harmonicAverageSpeed":65.5,"medianSpeed":69.0,"averageSpeed":70.5,"standardDeviationSpeed":18.1,"travelTimeStandardDeviation":2.36,"sampleSize":1445,"normalizedSampleSize":0.1428,"averageTravelTime":7.5,"medianTravelTime":7.12,"travelTimeRatio":1.0,"speedPercentiles":[43,48,52,55,59,61,63,65,67,69,71,74,76,78,82,85,89,94,100]},{"timeSet":3,"dateRange":1,"harmonicAverageSpeed":69.3,"medianSpeed":74.0,"averageSpeed":74.9,"standardDeviationSpeed":19.8,"travelTimeStandardDeviation":2.19,"sampleSize":727,"normalizedSampleSize":0.0719,"averageTravelTime":7.08,"medianTravelTime":6.64,"travelTimeRatio":0.94,"speedPercentiles":[44,50,55,59,62,64,67,69,71,74,76,78,81,84,88,91,97,101,108]},{"timeSet":4,"dateRange":1,"harmonicAverageSpeed":67.7,"medianSpeed":74.0,"averageSpeed":74.8,"standardDeviationSpeed":19.9,"travelTimeStandardDeviation":3.43,"sampleSize":398,"normalizedSampleSize":0.0393,"averageTravelTime":7.25,"medianTravelTime":6.64,"travelTimeRatio":0.97,"speedPercentiles":[45,51,55,58,61,65,67,69,72,74,77,79,82,85,88,91,95,100,108]},{"timeSet":5,"dateRange":1,"harmonicAverageSpeed":72.2,"medianSpeed":77.0,"averageSpeed":78.0,"standardDeviationSpeed":20.5,"travelTimeStandardDeviation":2.11,"sampleSize":228,"normalizedSampleSize":0.0225,"averageTravelTime":6.8,"medianTravelTime":6.38,"travelTimeRatio":0.91,"speedPercentiles":[45,53,57,60,64,68,69,71,73,77,81,82,84,87,91,95,98,105,110]},{"timeSet":6,"dateRange":1,"harmonicAverageSpeed":71.0,"medianSpeed":74.0,"averageSpeed":76.4,"standardDeviationSpeed":18.8,"travelTimeStandardDeviation":2.25,"sampleSize":157,"normalizedSampleSize":0.0155,"averageTravelTime":6.92,"medianTravelTime":6.64,"travelTimeRatio":0.92,"speedPercentiles":[48,51,55,61,63,68,69,71,73,74,79,82,86,88,89,91,95,101,111]},{"timeSet":7,"dateRange":1,"harmonicAverageSpeed":73.2,"medianSpeed":80.0,"averageSpeed":78.7,"standardDeviationSpeed":19.4,"travelTimeStandardDeviation":2.05,"sampleSize":204,"normalizedSampleSize":0.0202,"averageTravelTime":6.71,"medianTravelTime":6.14,"travelTimeRatio":0.89,"speedPercentiles":[46,51,59,62,65,68,72,74,77,80,83,85,87,89,92,95,98,101,111]},{"timeSet":8,"dateRange":1,"harmonicAverageSpeed":68.4,"medianSpeed":72.0,"averageSpeed":72.8,"standardDeviationSpeed":17.4,"travelTimeStandardDeviation":1.96,"sampleSize":679,"normalizedSampleSize":0.0671,"averageTravelTime":7.18,"medianTravelTime":6.82,"travelTimeRatio":0.96,"speedPercentiles":[45,51,55,58,61,64,66,68,70,72,75,76,79,80,83,86,90,95,104]},{"timeSet":9,"dateRange":1,"harmonicAverageSpeed":62.8,"medianSpeed":67.0,"averageSpeed":67.1,"standardDeviationSpeed":16.1,"travelTimeStandardDeviation":2.32,"sampleSize":2304,"normalizedSampleSize":0.2278,"averageTravelTime":7.83,"medianTravelTime":7.33,"travelTimeRatio":1.04,"speedPercentiles":[40,46,50,54,57,59,61,63,65,67,69,71,73,75,77,80,84,88,93]},{"timeSet":10,"dateRange":1,"harmonicAverageSpeed":59.5,"medianSpeed":63.0,"averageSpeed":63.7,"standardDeviationSpeed":15.5,"travelTimeStandardDeviation":2.44,"sampleSize":4716,"normalizedSampleSize":0.4662,"averageTravelTime":8.25,"medianTravelTime":7.8,"travelTimeRatio":1.1,"speedPercentiles":[38,44,48,51,53,55,58,60,61,63,65,67,69,71,74,76,80,84,89]},{"timeSet":11,"dateRange":1,"harmonicAverageSpeed":61.3,"medianSpeed":65.0,"averageSpeed":65.3,"standardDeviationSpeed":15.4,"travelTimeStandardDeviation":2.3,"sampleSize":3478,"normalizedSampleSize":0.3438,"averageTravelTime":8.01,"medianTravelTime":7.56,"travelTimeRatio":1.07,"speedPercentiles":[39,46,50,52,55,58,60,61,63,65,67,69,71,73,75,78,81,85,91]},{"timeSet":12,"dateRange":1,"harmonicAverageSpeed":61.2,"medianSpeed":65.0,"averageSpeed":65.7,"standardDeviationSpeed":16.1,"travelTimeStandardDeviation":2.5,"sampleSize":3422,"normalizedSampleSize":0.3383,"averageTravelTime":8.02,"medianTravelTime":7.56,"travelTimeRatio":1.07,"speedPercentiles":[38,45,49,53,55,58,60,62,64,65,68,70,72,74,76,78,82,86,92]},{"timeSet":13,"dateRange":1,"harmonicAverageSpeed":61.0,"medianSpeed":65.0,"averageSpeed":65.4,"standardDeviationSpeed":16.0,"travelTimeStandardDeviation":2.49,"sampleSize":3669,"normalizedSampleSize":0.3627,"averageTravelTime":8.06,"medianTravelTime":7.56,"travelTimeRatio":1.07,"speedPercentiles":[39,45,49,52,55,57,59,61,64,65,67,69,72,74,76,79,82,85,91]},{"timeSet":14,"dateRange":1,"harmonicAverageSpeed":59.7,"medianSpeed":64.0,"averageSpeed":64.3,"standardDeviationSpeed":16.0,"travelTimeStandardDeviation":2.79,"sampleSize":4144,"normalizedSampleSize":0.4096,"averageTravelTime":8.23,"medianTravelTime":7.68,"travelTimeRatio":1.1,"speedPercentiles":[37,43,48,51,54,56,58,60,62,64,66,68,70,72,75,77,81,84,90]},{"timeSet":15,"dateRange":1,"harmonicAverageSpeed":58.2,"medianSpeed":63.0,"averageSpeed":62.7,"standardDeviationSpeed":15.8,"travelTimeStandardDeviation":2.77,"sampleSize":4740,"normalizedSampleSize":0.4686,"averageTravelTime":8.44,"medianTravelTime":7.8,"travelTimeRatio":1.13,"speedPercentiles":[36,42,46,50,52,54,57,59,61,63,65,66,68,71,73,76,79,83,89]},{"timeSet":16,"dateRange":1,"harmonicAverageSpeed":57.1,"medianSpeed":62.0,"averageSpeed":61.9,"standardDeviationSpeed":16.0,"travelTimeStandardDeviation":3.2,"sampleSize":5291,"normalizedSampleSize":0.523,"averageTravelTime":8.6,"medianTravelTime":7.92,"travelTimeRatio":1.15,"speedPercentiles":[36,41,45,48,51,53,55,58,60,62,64,66,68,70,72,75,78,83,89]},{"timeSet":17,"dateRange":1,"harmonicAverageSpeed":57.5,"medianSpeed":62.0,"averageSpeed":61.9,"standardDeviationSpeed":15.7,"travelTimeStandardDeviation":2.65,"sampleSize":4837,"normalizedSampleSize":0.4782,"averageTravelTime":8.54,"medianTravelTime":7.92,"travelTimeRatio":1.14,"speedPercentiles":[36,42,45,49,52,54,56,58,60,62,64,66,67,70,72,75,78,82,88]},{"timeSet":18,"dateRange":1,"harmonicAverageSpeed":54.8,"medianSpeed":58.0,"averageSpeed":58.9,"standardDeviationSpeed":15.0,"travelTimeStandardDeviation":2.74,"sampleSize":5275,"normalizedSampleSize":0.5215,"averageTravelTime":8.97,"medianTravelTime":8.47,"travelTimeRatio":1.2,"speedPercentiles":[34,40,44,47,49,51,53,55,57,58,60,62,64,66,68,71,74,78,84]},{"timeSet":19,"dateRange":1,"harmonicAverageSpeed":53.7,"medianSpeed":57.0,"averageSpeed":57.5,"standardDeviationSpeed":14.3,"travelTimeStandardDeviation":2.65,"sampleSize":5921,"normalizedSampleSize":0.5853,"averageTravelTime":9.14,"medianTravelTime":8.62,"travelTimeRatio":1.22,"speedPercentiles":[35,40,43,46,48,50,52,54,55,57,59,60,62,64,67,69,72,76,82]},{"timeSet":20,"dateRange":1,"harmonicAverageSpeed":49.8,"medianSpeed":53.0,"averageSpeed":53.4,"standardDeviationSpeed":13.3,"travelTimeStandardDeviation":2.9,"sampleSize":6600,"normalizedSampleSize":0.6524,"averageTravelTime":9.86,"medianTravelTime":9.27,"travelTimeRatio":1.31,"speedPercentiles":[32,37,40,43,45,46,48,50,51,53,54,56,58,60,62,64,66,70,76]},{"timeSet":21,"dateRange":1,"harmonicAverageSpeed":50.4,"medianSpeed":53.0,"averageSpeed":54.0,"standardDeviationSpeed":13.6,"travelTimeStandardDeviation":2.78,"sampleSize":6458,"normalizedSampleSize":0.6384,"averageTravelTime":9.74,"medianTravelTime":9.27,"travelTimeRatio":1.3,"speedPercentiles":[33,37,40,43,45,47,48,50,52,53,55,57,58,60,63,65,67,71,77]},{"timeSet":22,"dateRange":1,"harmonicAverageSpeed":55.0,"medianSpeed":58.0,"averageSpeed":58.8,"standardDeviationSpeed":14.8,"travelTimeStandardDeviation":2.51,"sampleSize":4719,"normalizedSampleSize":0.4665,"averageTravelTime":8.94,"medianTravelTime":8.47,"travelTimeRatio":1.19,"speedPercentiles":[36,40,43,46,48,51,52,55,56,58,60,62,64,66,68,71,74,78,85]},{"timeSet":23,"dateRange":1,"harmonicAverageSpeed":62.8,"medianSpeed":66.0,"averageSpeed":67.2,"standardDeviationSpeed":17.0,"travelTimeStandardDeviation":2.19,"sampleSize":2412,"normalizedSampleSize":0.2384,"averageTravelTime":7.82,"medianTravelTime":7.44,"travelTimeRatio":1.04,"speedPercentiles":[42,47,50,53,55,57,60,62,64,66,68,71,73,75,78,81,85,90,96]},{"timeSet":24,"dateRange":1,"harmonicAverageSpeed":62.0,"medianSpeed":65.0,"averageSpeed":66.5,"standardDeviationSpeed":17.1,"travelTimeStandardDeviation":2.28,"sampleSize":2388,"normalizedSampleSize":0.2361,"averageTravelTime":7.93,"medianTravelTime":7.56,"travelTimeRatio":1.06,"speedPercentiles":[41,46,49,52,55,57,59,61,63,65,68,70,72,75,77,80,83,89,97]},{"timeSet":25,"dateRange":1,"harmonicAverageSpeed":61.4,"medianSpeed":65.0,"averageSpeed":65.7,"standardDeviationSpeed":16.5,"travelTimeStandardDeviation":2.37,"sampleSize":3027,"normalizedSampleSize":0.2992,"averageTravelTime":8.0,"medianTravelTime":7.56,"travelTimeRatio":1.07,"speedPercentiles":[41,45,49,52,55,57,59,61,63,65,67,69,71,73,75,78,82,87,95]}]}},{"type":"Feature","geometry":{"type":"LineString","coordinates":[[12.47221,41.93381],[12.4722,41.93392]]},"properties":{"segmentId":-13800013612779,"newSegmentId":"-e574a37f-d1fe-401c-923e-c83cbd639ce5","speedLimit":50,"frc":3,"streetName":"Corso di Francia","distance":12.18,"segmentTimeResults":[{"timeSet":2,"dateRange":1,"harmonicAverageSpeed":66.7,"medianSpeed":71.0,"averageSpeed":72.0,"standardDeviationSpeed":18.2,"travelTimeStandardDeviation":0.24,"sampleSize":1452,"normalizedSampleSize":0.1435,"averageTravelTime":0.66,"medianTravelTime":0.62,"travelTimeRatio":1.0,"speedPercentiles":[43,49,53,57,60,62,64,67,69,71,73,76,78,82,84,87,91,96,102]},{"timeSet":3,"dateRange":1,"harmonicAverageSpeed":71.7,"medianSpeed":77.0,"averageSpeed":76.8,"standardDeviationSpeed":19.0,"travelTimeStandardDeviation":0.18,"sampleSize":730,"normalizedSampleSize":0.0722,"averageTravelTime":0.61,"medianTravelTime":0.57,"travelTimeRatio":0.93,"speedPercentiles":[45,52,57,61,64,67,69,72,74,77,79,80,83,86,90,93,97,101,108]},{"timeSet":4,"dateRange":1,"harmonicAverageSpeed":68.9,"medianSpeed":77.0,"averageSpeed":76.7,"standardDeviationSpeed":19.7,"travelTimeStandardDeviation":0.37,"sampleSize":400,"normalizedSampleSize":0.0395,"averageTravelTime":0.64,"medianTravelTime":0.57,"travelTimeRatio":0.97,"speedPercentiles":[45,51,56,60,64,67,70,72,75,77,80,82,85,88,90,93,95,101,106]},{"timeSet":5,"dateRange":1,"harmonicAverageSpeed":73.7,"medianSpeed":80.0,"averageSpeed":79.4,"standardDeviationSpeed":20.1,"travelTimeStandardDeviation":0.19,"sampleSize":227,"normalizedSampleSize":0.0224,"averageTravelTime":0.59,"medianTravelTime":0.55,"travelTimeRatio":0.9,"speedPercentiles":[45,53,57,63,66,69,71,75,79,80,82,84,87,89,92,96,100,104,110]},{"timeSet":6,"dateRange":1,"harmonicAverageSpeed":72.8,"medianSpeed":79.0,"averageSpeed":78.6,"standardDeviationSpeed":19.2,"travelTimeStandardDeviation":0.21,"sampleSize":154,"normalizedSampleSize":0.0152,"averageTravelTime":0.6,"medianTravelTime":0.56,"travelTimeRatio":0.92,"speedPercentiles":[46,51,58,62,65,69,71,74,77,79,82,85,88,89,92,94,97,102,109]},{"timeSet":7,"dateRange":1,"harmonicAverageSpeed":74.4,"medianSpeed":80.0,"averageSpeed":79.5,"standardDeviationSpeed":18.7,"travelTimeStandardDeviation":0.17,"sampleSize":207,"normalizedSampleSize":0.0205,"averageTravelTime":0.59,"medianTravelTime":0.55,"travelTimeRatio":0.9,"speedPercentiles":[47,54,60,64,67,69,73,76,79,80,84,85,88,89,92,94,98,102,109]},{"timeSet":8,"dateRange":1,"harmonicAverageSpeed":69.7,"medianSpeed":74.0,"averageSpeed":74.1,"standardDeviationSpeed":17.3,"travelTimeStandardDeviation":0.17,"sampleSize":681,"normalizedSampleSize":0.0673,"averageTravelTime":0.63,"medianTravelTime":0.59,"travelTimeRatio":0.96,"speedPercentiles":[46,53,57,60,63,66,67,69,72,74,76,78,80,82,84,87,92,97,104]},{"timeSet":9,"dateRange":1,"harmonicAverageSpeed":63.9,"medianSpeed":69.0,"averageSpeed":68.5,"standardDeviationSpeed":16.5,"travelTimeStandardDeviation":0.21,"sampleSize":2304,"normalizedSampleSize":0.2278,"averageTravelTime":0.69,"medianTravelTime":0.64,"travelTimeRatio":1.04,"speedPercentiles":[40,46,51,55,58,60,62,65,67,69,71,73,75,77,80,82,86,89,95]},{"timeSet":10,"dateRange":1,"harmonicAverageSpeed":60.2,"medianSpeed":65.0,"averageSpeed":64.7,"standardDeviationSpeed":15.9,"travelTimeStandardDeviation":0.23,"sampleSize":4751,"normalizedSampleSize":0.4697,"averageTravelTime":0.73,"medianTravelTime":0.67,"travelTimeRatio":1.11,"speedPercentiles":[38,44,49,51,54,56,58,61,62,65,66,69,71,73,76,78,81,85,91]},{"timeSet":11,"dateRange":1,"harmonicAverageSpeed":61.8,"medianSpeed":66.0,"averageSpeed":66.2,"standardDeviationSpeed":15.9,"travelTimeStandardDeviation":0.21,"sampleSize":3508,"normalizedSampleSize":0.3468,"averageTravelTime":0.71,"medianTravelTime":0.66,"travelTimeRatio":1.08,"speedPercentiles":[39,45,50,53,56,58,60,62,64,66,68,70,72,75,77,80,83,87,92]},{"timeSet":12,"dateRange":1,"harmonicAverageSpeed":61.7,"medianSpeed":67.0,"averageSpeed":66.5,"standardDeviationSpeed":16.4,"travelTimeStandardDeviation":0.24,"sampleSize":3423,"normalizedSampleSize":0.3384,"averageTravelTime":0.71,"medianTravelTime":0.65,"travelTimeRatio":1.08,"speedPercentiles":[38,45,50,53,56,58,60,62,65,67,69,71,73,75,78,80,83,87,93]},{"timeSet":13,"dateRange":1,"harmonicAverageSpeed":61.6,"medianSpeed":66.0,"averageSpeed":66.2,"standardDeviationSpeed":16.2,"travelTimeStandardDeviation":0.22,"sampleSize":3695,"normalizedSampleSize":0.3653,"averageTravelTime":0.71,"medianTravelTime":0.66,"travelTimeRatio":1.08,"speedPercentiles":[39,45,49,53,55,58,60,62,64,66,68,71,73,75,77,80,83,86,92]},{"timeSet":14,"dateRange":1,"harmonicAverageSpeed":59.8,"medianSpeed":65.0,"averageSpeed":64.8,"standardDeviationSpeed":16.3,"travelTimeStandardDeviation":0.27,"sampleSize":4164,"normalizedSampleSize":0.4116,"averageTravelTime":0.73,"medianTravelTime":0.67,"travelTimeRatio":1.11,"speedPercentiles":[37,43,48,51,54,56,59,61,63,65,67,69,72,74,76,78,81,85,91]},{"timeSet":15,"dateRange":1,"harmonicAverageSpeed":58.5,"medianSpeed":63.0,"averageSpeed":63.3,"standardDeviationSpeed":16.0,"travelTimeStandardDeviation":0.27,"sampleSize":4763,"normalizedSampleSize":0.4708,"averageTravelTime":0.75,"medianTravelTime":0.7,"travelTimeRatio":1.14,"speedPercentiles":[36,42,47,50,53,55,57,60,61,63,66,67,70,72,74,77,80,84,89]},{"timeSet":16,"dateRange":1,"harmonicAverageSpeed":58.4,"medianSpeed":63.0,"averageSpeed":63.4,"standardDeviationSpeed":16.2,"travelTimeStandardDeviation":0.3,"sampleSize":5320,"normalizedSampleSize":0.5259,"averageTravelTime":0.75,"medianTravelTime":0.7,"travelTimeRatio":1.14,"speedPercentiles":[36,42,46,50,52,55,57,59,61,63,65,67,70,72,74,77,80,84,90]},{"timeSet":17,"dateRange":1,"harmonicAverageSpeed":58.3,"medianSpeed":63.0,"averageSpeed":63.0,"standardDeviationSpeed":16.0,"travelTimeStandardDeviation":0.24,"sampleSize":4866,"normalizedSampleSize":0.481,"averageTravelTime":0.75,"medianTravelTime":0.7,"travelTimeRatio":1.14,"speedPercentiles":[36,42,46,50,52,54,57,59,61,63,65,67,69,71,74,76,79,83,89]},{"timeSet":18,"dateRange":1,"harmonicAverageSpeed":55.3,"medianSpeed":59.0,"averageSpeed":59.9,"standardDeviationSpeed":15.7,"travelTimeStandardDeviation":0.26,"sampleSize":5292,"normalizedSampleSize":0.5231,"averageTravelTime":0.79,"medianTravelTime":0.74,"travelTimeRatio":1.21,"speedPercentiles":[34,40,44,47,50,52,54,56,58,59,61,63,65,68,70,73,76,80,86]},{"timeSet":19,"dateRange":1,"harmonicAverageSpeed":54.6,"medianSpeed":59.0,"averageSpeed":58.8,"standardDeviationSpeed":14.8,"travelTimeStandardDeviation":0.25,"sampleSize":5949,"normalizedSampleSize":0.5881,"averageTravelTime":0.8,"medianTravelTime":0.74,"travelTimeRatio":1.22,"speedPercentiles":[34,40,44,46,49,51,53,55,57,59,60,62,64,66,69,71,74,78,83]},{"timeSet":20,"dateRange":1,"harmonicAverageSpeed":51.0,"medianSpeed":55.0,"averageSpeed":54.9,"standardDeviationSpeed":13.9,"travelTimeStandardDeviation":0.26,"sampleSize":6627,"normalizedSampleSize":0.6551,"averageTravelTime":0.86,"medianTravelTime":0.8,"travelTimeRatio":1.31,"speedPercentiles":[32,37,41,44,46,48,49,51,53,55,56,58,60,62,64,66,69,73,79]},{"timeSet":21,"dateRange":1,"harmonicAverageSpeed":51.4,"medianSpeed":55.0,"averageSpeed":55.3,"standardDeviationSpeed":14.1,"travelTimeStandardDeviation":0.26,"sampleSize":6505,"normalizedSampleSize":0.643,"averageTravelTime":0.85,"medianTravelTime":0.8,"travelTimeRatio":1.3,"speedPercentiles":[32,38,41,44,46,48,49,51,53,55,57,58,60,62,64,67,70,74,80]},{"timeSet":22,"dateRange":1,"harmonicAverageSpeed":56.0,"medianSpeed":60.0,"averageSpeed":60.3,"standardDeviationSpeed":15.4,"travelTimeStandardDeviation":0.25,"sampleSize":4756,"normalizedSampleSize":0.4701,"averageTravelTime":0.78,"medianTravelTime":0.73,"travelTimeRatio":1.19,"speedPercentiles":[36,41,44,47,49,52,54,56,58,60,62,64,66,68,70,74,77,80,86]},{"timeSet":23,"dateRange":1,"harmonicAverageSpeed":64.3,"medianSpeed":68.0,"averageSpeed":68.7,"standardDeviationSpeed":16.8,"travelTimeStandardDeviation":0.2,"sampleSize":2419,"normalizedSampleSize":0.2391,"averageTravelTime":0.68,"medianTravelTime":0.64,"travelTimeRatio":1.04,"speedPercentiles":[43,48,51,54,57,59,62,64,66,68,70,73,75,77,79,82,86,90,97]},{"timeSet":24,"dateRange":1,"harmonicAverageSpeed":63.2,"medianSpeed":67.0,"averageSpeed":68.0,"standardDeviationSpeed":17.2,"travelTimeStandardDeviation":0.22,"sampleSize":2400,"normalizedSampleSize":0.2372,"averageTravelTime":0.69,"medianTravelTime":0.65,"travelTimeRatio":1.06,"speedPercentiles":[41,46,50,53,56,58,61,63,65,67,70,72,74,77,79,81,85,90,97]},{"timeSet":25,"dateRange":1,"harmonicAverageSpeed":61.1,"medianSpeed":66.0,"averageSpeed":66.8,"standardDeviationSpeed":16.7,"travelTimeStandardDeviation":0.81,"sampleSize":3028,"normalizedSampleSize":0.2993,"averageTravelTime":0.72,"medianTravelTime":0.66,"travelTimeRatio":1.09,"speedPercentiles":[41,46,50,53,55,58,60,62,64,66,68,70,73,75,78,80,84,88,95]}]}},{"type":"Feature","geometry":{"type":"LineString","coordinates":[[12.4722,41.93392],[12.47215,41.93418]]},"properties":{"segmentId":-13800013612780,"newSegmentId":"-f7d166dd-f6f0-4438-bcf2-4fdd5b32fb99","speedLimit":50,"frc":3,"streetName":"Corso di Francia","distance":28.34,"segmentTimeResults":[{"timeSet":2,"dateRange":1,"harmonicAverageSpeed":66.5,"medianSpeed":71.0,"averageSpeed":71.7,"standardDeviationSpeed":18.0,"travelTimeStandardDeviation":0.55,"sampleSize":1452,"normalizedSampleSize":0.1435,"averageTravelTime":1.54,"medianTravelTime":1.44,"travelTimeRatio":1.0,"speedPercentiles":[43,49,53,57,60,62,64,67,69,71,73,75,78,81,84,87,91,95,101]},{"timeSet":3,"dateRange":1,"harmonicAverageSpeed":71.4,"medianSpeed":77.0,"averageSpeed":76.5,"standardDeviationSpeed":18.9,"travelTimeStandardDeviation":0.42,"sampleSize":731,"normalizedSampleSize":0.0723,"averageTravelTime":1.43,"medianTravelTime":1.32,"travelTimeRatio":0.93,"speedPercentiles":[45,52,57,61,63,66,69,71,74,77,79,80,83,86,89,92,96,100,108]},{"timeSet":4,"dateRange":1,"harmonicAverageSpeed":68.8,"medianSpeed":76.0,"averageSpeed":76.5,"standardDeviationSpeed":19.6,"travelTimeStandardDeviation":0.85,"sampleSize":401,"normalizedSampleSize":0.0396,"averageTravelTime":1.48,"medianTravelTime":1.34,"travelTimeRatio":0.97,"speedPercentiles":[45,52,56,59,64,67,70,72,75,76,80,82,84,88,90,92,95,101,106]},{"timeSet":5,"dateRange":1,"harmonicAverageSpeed":73.4,"medianSpeed":80.0,"averageSpeed":79.0,"standardDeviationSpeed":19.6,"travelTimeStandardDeviation":0.43,"sampleSize":227,"normalizedSampleSize":0.0224,"averageTravelTime":1.39,"medianTravelTime":1.28,"travelTimeRatio":0.9,"speedPercentiles":[45,53,57,63,66,69,71,75,78,80,82,83,87,89,91,95,100,104,109]},{"timeSet":6,"dateRange":1,"harmonicAverageSpeed":72.6,"medianSpeed":79.0,"averageSpeed":78.3,"standardDeviationSpeed":18.9,"travelTimeStandardDeviation":0.48,"sampleSize":154,"normalizedSampleSize":0.0152,"averageTravelTime":1.4,"medianTravelTime":1.29,"travelTimeRatio":0.91,"speedPercentiles":[46,51,58,62,65,69,71,74,77,79,82,85,88,89,91,93,97,102,108]},{"timeSet":7,"dateRange":1,"harmonicAverageSpeed":74.2,"medianSpeed":80.0,"averageSpeed":79.2,"standardDeviationSpeed":18.6,"travelTimeStandardDeviation":0.4,"sampleSize":207,"normalizedSampleSize":0.0205,"averageTravelTime":1.38,"medianTravelTime":1.28,"travelTimeRatio":0.9,"speedPercentiles":[47,54,60,64,67,69,73,76,79,80,83,85,87,88,91,94,97,101,109]},{"timeSet":8,"dateRange":1,"harmonicAverageSpeed":69.5,"medianSpeed":73.0,"averageSpeed":73.8,"standardDeviationSpeed":17.2,"travelTimeStandardDeviation":0.4,"sampleSize":682,"normalizedSampleSize":0.0674,"averageTravelTime":1.47,"medianTravelTime":1.4,"travelTimeRatio":0.96,"speedPercentiles":[45,52,57,59,63,66,67,69,72,73,76,78,80,82,84,87,92,96,104]},{"timeSet":9,"dateRange":1,"harmonicAverageSpeed":63.6,"medianSpeed":69.0,"averageSpeed":68.2,"standardDeviationSpeed":16.4,"travelTimeStandardDeviation":0.49,"sampleSize":2302,"normalizedSampleSize":0.2276,"averageTravelTime":1.6,"medianTravelTime":1.48,"travelTimeRatio":1.04,"speedPercentiles":[40,46,51,54,57,60,62,64,66,69,70,73,75,77,79,82,85,89,94]},{"timeSet":10,"dateRange":1,"harmonicAverageSpeed":60.0,"medianSpeed":65.0,"averageSpeed":64.4,"standardDeviationSpeed":15.8,"travelTimeStandardDeviation":0.54,"sampleSize":4750,"normalizedSampleSize":0.4696,"averageTravelTime":1.7,"medianTravelTime":1.57,"travelTimeRatio":1.11,"speedPercentiles":[38,44,48,51,54,56,58,60,62,65,66,69,70,73,75,78,81,85,91]},{"timeSet":11,"dateRange":1,"harmonicAverageSpeed":61.6,"medianSpeed":66.0,"averageSpeed":65.9,"standardDeviationSpeed":15.8,"travelTimeStandardDeviation":0.5,"sampleSize":3510,"normalizedSampleSize":0.347,"averageTravelTime":1.66,"medianTravelTime":1.55,"travelTimeRatio":1.08,"speedPercentiles":[39,45,49,53,55,58,60,62,64,66,68,70,72,74,77,80,82,86,92]},{"timeSet":12,"dateRange":1,"harmonicAverageSpeed":61.4,"medianSpeed":66.0,"averageSpeed":66.2,"standardDeviationSpeed":16.3,"travelTimeStandardDeviation":0.57,"sampleSize":3423,"normalizedSampleSize":0.3384,"averageTravelTime":1.66,"medianTravelTime":1.55,"travelTimeRatio":1.08,"speedPercentiles":[38,45,49,53,55,57,60,62,64,66,69,71,73,75,77,80,83,87,92]},{"timeSet":13,"dateRange":1,"harmonicAverageSpeed":61.4,"medianSpeed":66.0,"averageSpeed":65.9,"standardDeviationSpeed":16.1,"travelTimeStandardDeviation":0.52,"sampleSize":3695,"normalizedSampleSize":0.3653,"averageTravelTime":1.66,"medianTravelTime":1.55,"travelTimeRatio":1.08,"speedPercentiles":[39,45,49,52,55,57,60,62,64,66,68,70,73,74,77,80,82,86,91]},{"timeSet":14,"dateRange":1,"harmonicAverageSpeed":59.5,"medianSpeed":65.0,"averageSpeed":64.4,"standardDeviationSpeed":16.1,"travelTimeStandardDeviation":0.63,"sampleSize":4168,"normalizedSampleSize":0.412,"averageTravelTime":1.71,"medianTravelTime":1.57,"travelTimeRatio":1.12,"speedPercentiles":[37,43,48,51,54,56,58,61,63,65,67,69,71,73,75,78,81,84,90]},{"timeSet":15,"dateRange":1,"harmonicAverageSpeed":58.3,"medianSpeed":63.0,"averageSpeed":63.1,"standardDeviationSpeed":15.8,"travelTimeStandardDeviation":0.62,"sampleSize":4767,"normalizedSampleSize":0.4712,"averageTravelTime":1.75,"medianTravelTime":1.62,"travelTimeRatio":1.14,"speedPercentiles":[36,42,46,50,53,55,57,59,61,63,65,67,69,72,74,76,80,83,89]},{"timeSet":16,"dateRange":1,"harmonicAverageSpeed":58.3,"medianSpeed":63.0,"averageSpeed":63.1,"standardDeviationSpeed":16.1,"travelTimeStandardDeviation":0.63,"sampleSize":5319,"normalizedSampleSize":0.5258,"averageTravelTime":1.75,"medianTravelTime":1.62,"travelTimeRatio":1.14,"speedPercentiles":[36,42,46,49,52,55,57,59,61,63,65,67,69,71,74,77,80,84,89]},{"timeSet":17,"dateRange":1,"harmonicAverageSpeed":58.1,"medianSpeed":63.0,"averageSpeed":62.7,"standardDeviationSpeed":15.9,"travelTimeStandardDeviation":0.58,"sampleSize":4868,"normalizedSampleSize":0.4812,"averageTravelTime":1.76,"medianTravelTime":1.62,"travelTimeRatio":1.14,"speedPercentiles":[36,42,46,49,52,54,57,58,61,63,65,67,69,71,73,76,79,83,89]},{"timeSet":18,"dateRange":1,"harmonicAverageSpeed":55.1,"medianSpeed":59.0,"averageSpeed":59.7,"standardDeviationSpeed":15.6,"travelTimeStandardDeviation":0.64,"sampleSize":5292,"normalizedSampleSize":0.5231,"averageTravelTime":1.85,"medianTravelTime":1.73,"travelTimeRatio":1.21,"speedPercentiles":[34,40,44,47,49,52,54,56,58,59,61,63,65,67,70,73,76,79,85]},{"timeSet":19,"dateRange":1,"harmonicAverageSpeed":54.4,"medianSpeed":58.0,"averageSpeed":58.6,"standardDeviationSpeed":14.7,"travelTimeStandardDeviation":0.58,"sampleSize":5951,"normalizedSampleSize":0.5883,"averageTravelTime":1.87,"medianTravelTime":1.76,"travelTimeRatio":1.22,"speedPercentiles":[34,40,44,46,49,51,53,54,56,58,60,62,64,66,68,71,74,78,83]},{"timeSet":20,"dateRange":1,"harmonicAverageSpeed":50.8,"medianSpeed":54.0,"averageSpeed":54.6,"standardDeviationSpeed":13.8,"travelTimeStandardDeviation":0.61,"sampleSize":6626,"normalizedSampleSize":0.655,"averageTravelTime":2.01,"medianTravelTime":1.89,"travelTimeRatio":1.31,"speedPercentiles":[32,37,41,44,45,47,49,51,53,54,56,58,60,61,64,66,69,72,78]},{"timeSet":21,"dateRange":1,"harmonicAverageSpeed":50.9,"medianSpeed":54.0,"averageSpeed":55.1,"standardDeviationSpeed":14.1,"travelTimeStandardDeviation":1.06,"sampleSize":6510,"normalizedSampleSize":0.6435,"averageTravelTime":2.0,"medianTravelTime":1.89,"travelTimeRatio":1.31,"speedPercentiles":[32,37,41,43,45,47,49,51,53,54,56,58,60,62,64,67,70,74,79]},{"timeSet":22,"dateRange":1,"harmonicAverageSpeed":55.8,"medianSpeed":59.0,"averageSpeed":60.0,"standardDeviationSpeed":15.3,"travelTimeStandardDeviation":0.57,"sampleSize":4755,"normalizedSampleSize":0.47,"averageTravelTime":1.83,"medianTravelTime":1.73,"travelTimeRatio":1.19,"speedPercentiles":[36,41,44,47,49,52,54,55,57,59,61,63,66,68,70,73,76,80,86]},{"timeSet":23,"dateRange":1,"harmonicAverageSpeed":64.1,"medianSpeed":68.0,"averageSpeed":68.4,"standardDeviationSpeed":16.6,"travelTimeStandardDeviation":0.45,"sampleSize":2418,"normalizedSampleSize":0.239,"averageTravelTime":1.59,"medianTravelTime":1.5,"travelTimeRatio":1.04,"speedPercentiles":[43,47,51,54,57,59,62,64,66,68,70,72,74,77,79,82,86,89,96]},{"timeSet":24,"dateRange":1,"harmonicAverageSpeed":62.9,"medianSpeed":67.0,"averageSpeed":67.6,"standardDeviationSpeed":17.0,"travelTimeStandardDeviation":0.5,"sampleSize":2399,"normalizedSampleSize":0.2371,"averageTravelTime":1.62,"medianTravelTime":1.52,"travelTimeRatio":1.06,"speedPercentiles":[41,46,50,53,56,58,61,63,65,67,70,72,74,76,79,81,85,89,96]},{"timeSet":25,"dateRange":1,"harmonicAverageSpeed":62.2,"medianSpeed":66.0,"averageSpeed":66.6,"standardDeviationSpeed":16.4,"travelTimeStandardDeviation":0.5,"sampleSize":3028,"normalizedSampleSize":0.2993,"averageTravelTime":1.64,"medianTravelTime":1.55,"travelTimeRatio":1.07,"speedPercentiles":[41,46,50,53,55,57,60,62,64,66,68,70,72,75,77,80,83,88,94]}]}},{"type":"Feature","geometry":{"type":"LineString","coordinates":[[12.47215,41.93418],[12.47212,41.93436]]},"properties":{"segmentId":-13800006897928,"newSegmentId":"-00004931-3600-0400-0000-0000034eed97","speedLimit":50,"frc":3,"streetName":"Corso di Francia","distance":21.15,"segmentTimeResults":[{"timeSet":2,"dateRange":1,"harmonicAverageSpeed":66.0,"medianSpeed":71.0,"averageSpeed":71.2,"standardDeviationSpeed":17.9,"travelTimeStandardDeviation":0.4,"sampleSize":1450,"normalizedSampleSize":0.1433,"averageTravelTime":1.15,"medianTravelTime":1.07,"travelTimeRatio":1.0,"speedPercentiles":[42,49,53,56,60,62,64,66,68,71,73,75,77,80,83,86,90,95,100]},{"timeSet":3,"dateRange":1,"harmonicAverageSpeed":70.8,"medianSpeed":77.0,"averageSpeed":76.0,"standardDeviationSpeed":18.9,"travelTimeStandardDeviation":0.32,"sampleSize":731,"normalizedSampleSize":0.0723,"averageTravelTime":1.07,"medianTravelTime":0.99,"travelTimeRatio":0.93,"speedPercentiles":[45,51,57,61,63,66,68,71,74,77,78,80,83,85,89,92,96,100,107]},{"timeSet":4,"dateRange":1,"harmonicAverageSpeed":68.6,"medianSpeed":76.0,"averageSpeed":76.3,"standardDeviationSpeed":19.5,"travelTimeStandardDeviation":0.64,"sampleSize":399,"normalizedSampleSize":0.0394,"averageTravelTime":1.11,"medianTravelTime":1.0,"travelTimeRatio":0.96,"speedPercentiles":[45,51,56,59,64,67,70,72,74,76,79,81,84,87,90,92,95,101,106]},{"timeSet":5,"dateRange":1,"harmonicAverageSpeed":73.4,"medianSpeed":80.0,"averageSpeed":79.0,"standardDeviationSpeed":19.6,"travelTimeStandardDeviation":0.32,"sampleSize":224,"normalizedSampleSize":0.0221,"averageTravelTime":1.04,"medianTravelTime":0.95,"travelTimeRatio":0.9,"speedPercentiles":[45,54,58,63,66,69,71,75,78,80,82,83,87,89,90,95,100,104,108]},{"timeSet":6,"dateRange":1,"harmonicAverageSpeed":72.0,"medianSpeed":79.0,"averageSpeed":77.6,"standardDeviationSpeed":19.0,"travelTimeStandardDeviation":0.36,"sampleSize":156,"normalizedSampleSize":0.0154,"averageTravelTime":1.06,"medianTravelTime":0.96,"travelTimeRatio":0.92,"speedPercentiles":[46,51,57,61,64,67,71,73,77,79,80,85,87,88,90,93,97,102,108]},{"timeSet":7,"dateRange":1,"harmonicAverageSpeed":73.6,"medianSpeed":79.0,"averageSpeed":78.6,"standardDeviationSpeed":18.5,"travelTimeStandardDeviation":0.3,"sampleSize":207,"normalizedSampleSize":0.0205,"averageTravelTime":1.04,"medianTravelTime":0.96,"travelTimeRatio":0.9,"speedPercentiles":[48,52,59,63,66,69,73,76,79,79,82,84,87,88,90,94,97,101,109]},{"timeSet":8,"dateRange":1,"harmonicAverageSpeed":68.7,"medianSpeed":73.0,"averageSpeed":73.3,"standardDeviationSpeed":17.5,"travelTimeStandardDeviation":0.32,"sampleSize":679,"normalizedSampleSize":0.0671,"averageTravelTime":1.11,"medianTravelTime":1.04,"travelTimeRatio":0.96,"speedPercentiles":[45,51,56,59,62,64,67,68,71,73,75,77,80,82,84,87,91,96,103]},{"timeSet":9,"dateRange":1,"harmonicAverageSpeed":62.8,"medianSpeed":68.0,"averageSpeed":67.5,"standardDeviationSpeed":16.5,"travelTimeStandardDeviation":0.39,"sampleSize":2298,"normalizedSampleSize":0.2272,"averageTravelTime":1.21,"medianTravelTime":1.12,"travelTimeRatio":1.05,"speedPercentiles":[39,45,50,54,57,59,62,64,66,68,70,72,74,76,79,81,84,89,94]},{"timeSet":10,"dateRange":1,"harmonicAverageSpeed":59.1,"medianSpeed":64.0,"averageSpeed":63.8,"standardDeviationSpeed":15.9,"travelTimeStandardDeviation":0.47,"sampleSize":4757,"normalizedSampleSize":0.4702,"averageTravelTime":1.29,"medianTravelTime":1.19,"travelTimeRatio":1.12,"speedPercentiles":[37,44,47,50,53,55,58,60,62,64,66,68,70,72,75,77,80,84,90]},{"timeSet":11,"dateRange":1,"harmonicAverageSpeed":60.8,"medianSpeed":66.0,"averageSpeed":65.2,"standardDeviationSpeed":15.9,"travelTimeStandardDeviation":0.39,"sampleSize":3509,"normalizedSampleSize":0.3469,"averageTravelTime":1.25,"medianTravelTime":1.15,"travelTimeRatio":1.09,"speedPercentiles":[38,44,49,52,54,57,59,61,63,66,67,69,72,74,76,79,82,86,91]},{"timeSet":12,"dateRange":1,"harmonicAverageSpeed":60.4,"medianSpeed":66.0,"averageSpeed":65.4,"standardDeviationSpeed":16.6,"travelTimeStandardDeviation":0.45,"sampleSize":3421,"normalizedSampleSize":0.3382,"averageTravelTime":1.26,"medianTravelTime":1.15,"travelTimeRatio":1.09,"speedPercentiles":[37,44,48,51,54,56,59,62,64,66,68,70,73,75,77,79,82,86,92]},{"timeSet":13,"dateRange":1,"harmonicAverageSpeed":60.6,"medianSpeed":65.0,"averageSpeed":65.2,"standardDeviationSpeed":16.1,"travelTimeStandardDeviation":0.4,"sampleSize":3696,"normalizedSampleSize":0.3654,"averageTravelTime":1.26,"medianTravelTime":1.17,"travelTimeRatio":1.09,"speedPercentiles":[38,44,49,52,54,57,59,61,63,65,67,70,72,74,76,79,82,85,91]},{"timeSet":14,"dateRange":1,"harmonicAverageSpeed":58.8,"medianSpeed":64.0,"averageSpeed":63.7,"standardDeviationSpeed":16.0,"travelTimeStandardDeviation":0.48,"sampleSize":4166,"normalizedSampleSize":0.4118,"averageTravelTime":1.3,"medianTravelTime":1.19,"travelTimeRatio":1.12,"speedPercentiles":[37,43,47,50,53,55,58,60,62,64,66,68,70,73,75,77,80,84,89]},{"timeSet":15,"dateRange":1,"harmonicAverageSpeed":57.1,"medianSpeed":62.0,"averageSpeed":62.3,"standardDeviationSpeed":15.9,"travelTimeStandardDeviation":0.77,"sampleSize":4770,"normalizedSampleSize":0.4715,"averageTravelTime":1.33,"medianTravelTime":1.23,"travelTimeRatio":1.16,"speedPercentiles":[35,41,45,49,52,54,56,58,60,62,64,67,69,71,73,76,79,82,88]},{"timeSet":16,"dateRange":1,"harmonicAverageSpeed":57.8,"medianSpeed":63.0,"averageSpeed":62.6,"standardDeviationSpeed":16.0,"travelTimeStandardDeviation":0.45,"sampleSize":5311,"normalizedSampleSize":0.525,"averageTravelTime":1.32,"medianTravelTime":1.21,"travelTimeRatio":1.14,"speedPercentiles":[36,41,45,49,52,54,56,58,61,63,65,67,69,71,73,76,79,83,89]},{"timeSet":17,"dateRange":1,"harmonicAverageSpeed":57.3,"medianSpeed":62.0,"averageSpeed":62.0,"standardDeviationSpeed":15.9,"travelTimeStandardDeviation":0.44,"sampleSize":4868,"normalizedSampleSize":0.4812,"averageTravelTime":1.33,"medianTravelTime":1.23,"travelTimeRatio":1.15,"speedPercentiles":[36,42,45,49,51,54,56,58,60,62,64,66,68,70,73,76,78,82,88]},{"timeSet":18,"dateRange":1,"harmonicAverageSpeed":54.3,"medianSpeed":59.0,"averageSpeed":59.0,"standardDeviationSpeed":15.5,"travelTimeStandardDeviation":0.49,"sampleSize":5292,"normalizedSampleSize":0.5231,"averageTravelTime":1.4,"medianTravelTime":1.29,"travelTimeRatio":1.21,"speedPercentiles":[33,39,43,46,49,51,53,55,57,59,60,63,65,67,70,72,75,79,84]},{"timeSet":19,"dateRange":1,"harmonicAverageSpeed":53.6,"medianSpeed":58.0,"averageSpeed":57.8,"standardDeviationSpeed":14.8,"travelTimeStandardDeviation":0.46,"sampleSize":5953,"normalizedSampleSize":0.5885,"averageTravelTime":1.42,"medianTravelTime":1.31,"travelTimeRatio":1.23,"speedPercentiles":[33,39,42,45,48,50,52,54,56,58,60,61,63,65,68,70,73,77,83]},{"timeSet":20,"dateRange":1,"harmonicAverageSpeed":49.9,"medianSpeed":54.0,"averageSpeed":53.9,"standardDeviationSpeed":13.9,"travelTimeStandardDeviation":0.47,"sampleSize":6624,"normalizedSampleSize":0.6548,"averageTravelTime":1.53,"medianTravelTime":1.41,"travelTimeRatio":1.32,"speedPercentiles":[31,36,40,42,44,46,48,50,52,54,55,57,59,61,63,65,68,72,77]},{"timeSet":21,"dateRange":1,"harmonicAverageSpeed":50.1,"medianSpeed":54.0,"averageSpeed":54.1,"standardDeviationSpeed":14.2,"travelTimeStandardDeviation":0.47,"sampleSize":6510,"normalizedSampleSize":0.6435,"averageTravelTime":1.52,"medianTravelTime":1.41,"travelTimeRatio":1.32,"speedPercentiles":[31,36,39,42,44,46,48,50,52,54,56,57,59,61,63,66,69,73,78]},{"timeSet":22,"dateRange":1,"harmonicAverageSpeed":54.8,"medianSpeed":59.0,"averageSpeed":59.3,"standardDeviationSpeed":15.5,"travelTimeStandardDeviation":0.47,"sampleSize":4760,"normalizedSampleSize":0.4705,"averageTravelTime":1.39,"medianTravelTime":1.29,"travelTimeRatio":1.2,"speedPercentiles":[35,39,43,46,48,51,53,55,57,59,61,63,65,67,70,72,75,79,85]},{"timeSet":23,"dateRange":1,"harmonicAverageSpeed":63.1,"medianSpeed":68.0,"averageSpeed":67.8,"standardDeviationSpeed":16.7,"travelTimeStandardDeviation":0.44,"sampleSize":2420,"normalizedSampleSize":0.2392,"averageTravelTime":1.21,"medianTravelTime":1.12,"travelTimeRatio":1.05,"speedPercentiles":[42,46,50,53,56,59,61,63,65,68,70,72,74,76,78,82,85,89,95]},{"timeSet":24,"dateRange":1,"harmonicAverageSpeed":62.1,"medianSpeed":67.0,"averageSpeed":67.0,"standardDeviationSpeed":17.1,"travelTimeStandardDeviation":0.39,"sampleSize":2396,"normalizedSampleSize":0.2369,"averageTravelTime":1.23,"medianTravelTime":1.14,"travelTimeRatio":1.06,"speedPercentiles":[40,45,49,52,55,58,60,62,65,67,69,72,74,76,78,81,84,89,95]},{"timeSet":25,"dateRange":1,"harmonicAverageSpeed":61.3,"medianSpeed":66.0,"averageSpeed":66.0,"standardDeviationSpeed":16.5,"travelTimeStandardDeviation":0.46,"sampleSize":3028,"normalizedSampleSize":0.2993,"averageTravelTime":1.24,"medianTravelTime":1.15,"travelTimeRatio":1.08,"speedPercentiles":[41,45,49,52,54,57,59,62,64,66,68,70,72,74,77,79,83,87,94]}]}},{"type":"Feature","geometry":{"type":"LineString","coordinates":[[12.47212,41.93436],[12.47211,41.93441]]},"properties":{"segmentId":-13800007065599,"newSegmentId":"-00004931-3600-0400-0000-0000034eed96","speedLimit":50,"frc":3,"streetName":"Corso di Francia","distance":4.71,"segmentTimeResults":[{"timeSet":2,"dateRange":1,"harmonicAverageSpeed":65.5,"medianSpeed":70.0,"averageSpeed":71.0,"standardDeviationSpeed":18.1,"travelTimeStandardDeviation":0.1,"sampleSize":1454,"normalizedSampleSize":0.1437,"averageTravelTime":0.26,"medianTravelTime":0.24,"travelTimeRatio":1.0,"speedPercentiles":[42,49,53,56,59,61,64,66,68,70,73,75,77,80,83,86,90,95,100]},{"timeSet":3,"dateRange":1,"harmonicAverageSpeed":70.6,"medianSpeed":77.0,"averageSpeed":76.0,"standardDeviationSpeed":19.2,"travelTimeStandardDeviation":0.07,"sampleSize":733,"normalizedSampleSize":0.0725,"averageTravelTime":0.24,"medianTravelTime":0.22,"travelTimeRatio":0.93,"speedPercentiles":[44,51,57,61,63,65,68,71,74,77,78,80,82,86,89,92,96,100,107]},{"timeSet":4,"dateRange":1,"harmonicAverageSpeed":68.5,"medianSpeed":76.0,"averageSpeed":76.3,"standardDeviationSpeed":19.7,"travelTimeStandardDeviation":0.14,"sampleSize":399,"normalizedSampleSize":0.0394,"averageTravelTime":0.25,"medianTravelTime":0.22,"travelTimeRatio":0.96,"speedPercentiles":[45,51,56,59,64,67,70,72,73,76,79,81,84,87,90,92,95,101,107]},{"timeSet":5,"dateRange":1,"harmonicAverageSpeed":73.5,"medianSpeed":80.0,"averageSpeed":79.1,"standardDeviationSpeed":19.8,"travelTimeStandardDeviation":0.07,"sampleSize":223,"normalizedSampleSize":0.022,"averageTravelTime":0.23,"medianTravelTime":0.21,"travelTimeRatio":0.89,"speedPercentiles":[45,54,57,63,67,69,71,75,79,80,82,83,87,89,91,96,100,104,109]},{"timeSet":6,"dateRange":1,"harmonicAverageSpeed":71.9,"medianSpeed":79.0,"averageSpeed":77.4,"standardDeviationSpeed":18.7,"travelTimeStandardDeviation":0.08,"sampleSize":157,"normalizedSampleSize":0.0155,"averageTravelTime":0.24,"medianTravelTime":0.21,"travelTimeRatio":0.91,"speedPercentiles":[46,51,57,61,64,66,71,73,76,79,81,85,87,88,91,94,96,102,108]},{"timeSet":7,"dateRange":1,"harmonicAverageSpeed":73.6,"medianSpeed":80.0,"averageSpeed":78.5,"standardDeviationSpeed":18.4,"travelTimeStandardDeviation":0.07,"sampleSize":207,"normalizedSampleSize":0.0205,"averageTravelTime":0.23,"medianTravelTime":0.21,"travelTimeRatio":0.89,"speedPercentiles":[49,53,59,62,67,69,73,76,78,80,82,84,87,88,90,94,97,101,107]},{"timeSet":8,"dateRange":1,"harmonicAverageSpeed":68.4,"medianSpeed":73.0,"averageSpeed":73.3,"standardDeviationSpeed":17.7,"travelTimeStandardDeviation":0.08,"sampleSize":680,"normalizedSampleSize":0.0672,"averageTravelTime":0.25,"medianTravelTime":0.23,"travelTimeRatio":0.96,"speedPercentiles":[44,50,55,59,62,64,66,69,71,73,75,77,80,82,84,87,91,97,103]},{"timeSet":9,"dateRange":1,"harmonicAverageSpeed":62.7,"medianSpeed":68.0,"averageSpeed":67.6,"standardDeviationSpeed":16.7,"travelTimeStandardDeviation":0.09,"sampleSize":2295,"normalizedSampleSize":0.2269,"averageTravelTime":0.27,"medianTravelTime":0.25,"travelTimeRatio":1.04,"speedPercentiles":[39,45,49,54,57,59,62,64,66,68,70,72,74,76,79,82,84,89,94]},{"timeSet":10,"dateRange":1,"harmonicAverageSpeed":58.8,"medianSpeed":64.0,"averageSpeed":63.7,"standardDeviationSpeed":16.1,"travelTimeStandardDeviation":0.11,"sampleSize":4771,"normalizedSampleSize":0.4716,"averageTravelTime":0.29,"medianTravelTime":0.26,"travelTimeRatio":1.11,"speedPercentiles":[37,43,47,50,53,55,57,60,62,64,66,68,70,72,75,77,80,84,90]},{"timeSet":11,"dateRange":1,"harmonicAverageSpeed":60.4,"medianSpeed":65.0,"averageSpeed":65.1,"standardDeviationSpeed":16.1,"travelTimeStandardDeviation":0.09,"sampleSize":3509,"normalizedSampleSize":0.3469,"averageTravelTime":0.28,"medianTravelTime":0.26,"travelTimeRatio":1.08,"speedPercentiles":[38,44,48,52,54,57,59,61,63,65,67,69,72,74,76,79,82,86,92]},{"timeSet":12,"dateRange":1,"harmonicAverageSpeed":59.9,"medianSpeed":66.0,"averageSpeed":65.3,"standardDeviationSpeed":16.8,"travelTimeStandardDeviation":0.11,"sampleSize":3426,"normalizedSampleSize":0.3387,"averageTravelTime":0.28,"medianTravelTime":0.26,"travelTimeRatio":1.09,"speedPercentiles":[37,43,48,51,54,56,59,61,64,66,68,70,72,75,77,79,82,86,92]},{"timeSet":13,"dateRange":1,"harmonicAverageSpeed":60.0,"medianSpeed":65.0,"averageSpeed":65.0,"standardDeviationSpeed":16.3,"travelTimeStandardDeviation":0.12,"sampleSize":3701,"normalizedSampleSize":0.3659,"averageTravelTime":0.28,"medianTravelTime":0.26,"travelTimeRatio":1.09,"speedPercentiles":[38,44,48,51,54,57,59,61,63,65,67,69,72,74,76,79,82,85,91]},{"timeSet":14,"dateRange":1,"harmonicAverageSpeed":58.2,"medianSpeed":64.0,"averageSpeed":63.4,"standardDeviationSpeed":16.2,"travelTimeStandardDeviation":0.11,"sampleSize":4169,"normalizedSampleSize":0.4121,"averageTravelTime":0.29,"medianTravelTime":0.26,"travelTimeRatio":1.12,"speedPercentiles":[36,42,46,49,52,55,57,59,62,64,66,68,70,72,74,77,80,84,89]},{"timeSet":15,"dateRange":1,"harmonicAverageSpeed":56.4,"medianSpeed":62.0,"averageSpeed":62.0,"standardDeviationSpeed":16.1,"travelTimeStandardDeviation":0.21,"sampleSize":4776,"normalizedSampleSize":0.4721,"averageTravelTime":0.3,"medianTravelTime":0.27,"travelTimeRatio":1.16,"speedPercentiles":[35,41,45,49,51,54,56,58,60,62,64,66,68,71,73,76,79,82,88]},{"timeSet":16,"dateRange":1,"harmonicAverageSpeed":57.2,"medianSpeed":63.0,"averageSpeed":62.4,"standardDeviationSpeed":16.2,"travelTimeStandardDeviation":0.12,"sampleSize":5315,"normalizedSampleSize":0.5254,"averageTravelTime":0.3,"medianTravelTime":0.27,"travelTimeRatio":1.14,"speedPercentiles":[35,41,45,49,52,54,56,58,61,63,64,66,68,71,73,76,79,83,89]},{"timeSet":17,"dateRange":1,"harmonicAverageSpeed":56.7,"medianSpeed":62.0,"averageSpeed":61.9,"standardDeviationSpeed":16.1,"travelTimeStandardDeviation":0.12,"sampleSize":4876,"normalizedSampleSize":0.482,"averageTravelTime":0.3,"medianTravelTime":0.27,"travelTimeRatio":1.15,"speedPercentiles":[35,41,45,48,51,53,56,58,60,62,64,66,68,70,72,76,79,82,88]},{"timeSet":18,"dateRange":1,"harmonicAverageSpeed":53.7,"medianSpeed":59.0,"averageSpeed":58.8,"standardDeviationSpeed":15.7,"travelTimeStandardDeviation":0.12,"sampleSize":5298,"normalizedSampleSize":0.5237,"averageTravelTime":0.32,"medianTravelTime":0.29,"travelTimeRatio":1.22,"speedPercentiles":[33,38,42,46,48,51,53,55,57,59,60,63,64,67,69,72,75,79,84]},{"timeSet":19,"dateRange":1,"harmonicAverageSpeed":53.1,"medianSpeed":57.0,"averageSpeed":57.6,"standardDeviationSpeed":15.0,"travelTimeStandardDeviation":0.11,"sampleSize":5961,"normalizedSampleSize":0.5893,"averageTravelTime":0.32,"medianTravelTime":0.3,"travelTimeRatio":1.23,"speedPercentiles":[33,38,42,45,47,50,52,54,56,57,59,61,63,65,68,70,73,77,83]},{"timeSet":20,"dateRange":1,"harmonicAverageSpeed":49.3,"medianSpeed":53.0,"averageSpeed":53.5,"standardDeviationSpeed":14.1,"travelTimeStandardDeviation":0.12,"sampleSize":6632,"normalizedSampleSize":0.6556,"averageTravelTime":0.34,"medianTravelTime":0.32,"travelTimeRatio":1.33,"speedPercentiles":[31,35,39,42,44,46,48,50,52,53,55,57,59,61,63,65,68,72,77]},{"timeSet":21,"dateRange":1,"harmonicAverageSpeed":49.4,"medianSpeed":53.0,"averageSpeed":53.8,"standardDeviationSpeed":14.5,"travelTimeStandardDeviation":0.13,"sampleSize":6515,"normalizedSampleSize":0.644,"averageTravelTime":0.34,"medianTravelTime":0.32,"travelTimeRatio":1.33,"speedPercentiles":[31,35,39,41,44,46,48,50,52,53,55,57,59,61,63,65,69,73,79]},{"timeSet":22,"dateRange":1,"harmonicAverageSpeed":54.4,"medianSpeed":58.0,"averageSpeed":59.1,"standardDeviationSpeed":15.7,"travelTimeStandardDeviation":0.11,"sampleSize":4768,"normalizedSampleSize":0.4713,"averageTravelTime":0.31,"medianTravelTime":0.29,"travelTimeRatio":1.2,"speedPercentiles":[34,39,43,45,48,50,53,55,57,58,61,63,65,67,69,72,75,79,85]},{"timeSet":23,"dateRange":1,"harmonicAverageSpeed":62.5,"medianSpeed":67.0,"averageSpeed":67.5,"standardDeviationSpeed":17.0,"travelTimeStandardDeviation":0.11,"sampleSize":2424,"normalizedSampleSize":0.2396,"averageTravelTime":0.27,"medianTravelTime":0.25,"travelTimeRatio":1.05,"speedPercentiles":[41,46,50,53,56,58,61,63,65,67,70,72,74,76,79,82,85,89,95]},{"timeSet":24,"dateRange":1,"harmonicAverageSpeed":61.6,"medianSpeed":67.0,"averageSpeed":66.8,"standardDeviationSpeed":17.3,"travelTimeStandardDeviation":0.1,"sampleSize":2398,"normalizedSampleSize":0.2371,"averageTravelTime":0.28,"medianTravelTime":0.25,"travelTimeRatio":1.06,"speedPercentiles":[40,45,49,52,55,57,60,62,64,67,69,72,74,76,78,80,84,89,95]},{"timeSet":25,"dateRange":1,"harmonicAverageSpeed":60.6,"medianSpeed":65.0,"averageSpeed":65.8,"standardDeviationSpeed":16.7,"travelTimeStandardDeviation":0.17,"sampleSize":3026,"normalizedSampleSize":0.2991,"averageTravelTime":0.28,"medianTravelTime":0.26,"travelTimeRatio":1.08,"speedPercentiles":[40,45,49,52,54,57,59,61,63,65,68,69,72,74,77,79,83,87,94]}]}},{"type":"Feature","geometry":{"type":"LineString","coordinates":[[12.47211,41.93441],[12.47211,41.93444],[12.47205,41.93466]]},"properties":{"segmentId":-13800007467711,"newSegmentId":"-00004931-3600-0400-0000-000003493295","speedLimit":50,"frc":3,"streetName":"Corso di Francia","distance":28.83,"segmentTimeResults":[{"timeSet":2,"dateRange":1,"harmonicAverageSpeed":65.0,"medianSpeed":70.0,"averageSpeed":70.7,"standardDeviationSpeed":18.1,"travelTimeStandardDeviation":0.69,"sampleSize":1451,"normalizedSampleSize":0.1434,"averageTravelTime":1.6,"medianTravelTime":1.48,"travelTimeRatio":1.0,"speedPercentiles":[42,48,52,56,59,61,63,66,68,70,72,75,77,80,82,86,90,94,100]},{"timeSet":3,"dateRange":1,"harmonicAverageSpeed":69.8,"medianSpeed":77.0,"averageSpeed":75.5,"standardDeviationSpeed":19.1,"travelTimeStandardDeviation":0.53,"sampleSize":731,"normalizedSampleSize":0.0723,"averageTravelTime":1.49,"medianTravelTime":1.35,"travelTimeRatio":0.93,"speedPercentiles":[44,50,56,59,63,65,67,71,74,77,78,80,82,85,89,92,96,100,106]},{"timeSet":4,"dateRange":1,"harmonicAverageSpeed":68.1,"medianSpeed":76.0,"averageSpeed":75.9,"standardDeviationSpeed":19.7,"travelTimeStandardDeviation":0.87,"sampleSize":398,"normalizedSampleSize":0.0393,"averageTravelTime":1.52,"medianTravelTime":1.37,"travelTimeRatio":0.95,"speedPercentiles":[45,52,55,58,63,67,70,71,73,76,79,81,84,87,89,92,95,101,106]},{"timeSet":5,"dateRange":1,"harmonicAverageSpeed":73.1,"medianSpeed":81.0,"averageSpeed":78.8,"standardDeviationSpeed":19.8,"travelTimeStandardDeviation":0.45,"sampleSize":220,"normalizedSampleSize":0.0217,"averageTravelTime":1.42,"medianTravelTime":1.28,"travelTimeRatio":0.89,"speedPercentiles":[44,53,56,63,66,69,71,74,78,81,82,83,86,89,91,95,100,104,108]},{"timeSet":6,"dateRange":1,"harmonicAverageSpeed":70.9,"medianSpeed":78.0,"averageSpeed":76.6,"standardDeviationSpeed":19.0,"travelTimeStandardDeviation":0.5,"sampleSize":157,"normalizedSampleSize":0.0155,"averageTravelTime":1.46,"medianTravelTime":1.33,"travelTimeRatio":0.92,"speedPercentiles":[45,50,55,58,63,66,70,72,75,78,80,84,86,88,90,93,96,102,108]},{"timeSet":7,"dateRange":1,"harmonicAverageSpeed":73.3,"medianSpeed":80.0,"averageSpeed":78.3,"standardDeviationSpeed":18.4,"travelTimeStandardDeviation":0.41,"sampleSize":205,"normalizedSampleSize":0.0203,"averageTravelTime":1.42,"medianTravelTime":1.3,"travelTimeRatio":0.89,"speedPercentiles":[47,53,58,62,67,69,72,75,78,80,82,84,86,88,90,94,98,101,107]},{"timeSet":8,"dateRange":1,"harmonicAverageSpeed":68.0,"medianSpeed":73.0,"averageSpeed":72.8,"standardDeviationSpeed":17.8,"travelTimeStandardDeviation":0.45,"sampleSize":681,"normalizedSampleSize":0.0673,"averageTravelTime":1.53,"medianTravelTime":1.42,"travelTimeRatio":0.96,"speedPercentiles":[44,50,55,58,61,64,66,68,71,73,75,77,79,81,84,86,91,97,103]},{"timeSet":9,"dateRange":1,"harmonicAverageSpeed":62.5,"medianSpeed":68.0,"averageSpeed":67.3,"standardDeviationSpeed":16.6,"travelTimeStandardDeviation":0.53,"sampleSize":2293,"normalizedSampleSize":0.2267,"averageTravelTime":1.66,"medianTravelTime":1.53,"travelTimeRatio":1.04,"speedPercentiles":[39,45,49,53,56,59,61,63,66,68,70,72,74,76,79,81,84,88,93]},{"timeSet":10,"dateRange":1,"harmonicAverageSpeed":58.6,"medianSpeed":63.0,"averageSpeed":63.3,"standardDeviationSpeed":16.0,"travelTimeStandardDeviation":0.67,"sampleSize":4756,"normalizedSampleSize":0.4701,"averageTravelTime":1.77,"medianTravelTime":1.65,"travelTimeRatio":1.11,"speedPercentiles":[37,43,46,50,52,54,57,59,61,63,65,68,70,72,74,77,80,83,90]},{"timeSet":11,"dateRange":1,"harmonicAverageSpeed":60.2,"medianSpeed":65.0,"averageSpeed":64.8,"standardDeviationSpeed":16.1,"travelTimeStandardDeviation":0.54,"sampleSize":3502,"normalizedSampleSize":0.3462,"averageTravelTime":1.72,"medianTravelTime":1.6,"travelTimeRatio":1.08,"speedPercentiles":[38,44,48,51,54,56,58,60,62,65,67,69,71,74,76,79,82,85,91]},{"timeSet":12,"dateRange":1,"harmonicAverageSpeed":58.8,"medianSpeed":65.0,"averageSpeed":64.8,"standardDeviationSpeed":16.8,"travelTimeStandardDeviation":1.58,"sampleSize":3420,"normalizedSampleSize":0.3381,"averageTravelTime":1.77,"medianTravelTime":1.6,"travelTimeRatio":1.11,"speedPercentiles":[37,43,47,50,53,56,58,60,63,65,68,70,72,74,77,79,82,86,92]},{"timeSet":13,"dateRange":1,"harmonicAverageSpeed":59.2,"medianSpeed":65.0,"averageSpeed":64.5,"standardDeviationSpeed":16.2,"travelTimeStandardDeviation":1.11,"sampleSize":3700,"normalizedSampleSize":0.3658,"averageTravelTime":1.75,"medianTravelTime":1.6,"travelTimeRatio":1.1,"speedPercentiles":[38,44,47,50,53,56,58,60,62,65,67,69,71,74,76,78,81,85,90]},{"timeSet":14,"dateRange":1,"harmonicAverageSpeed":57.6,"medianSpeed":63.0,"averageSpeed":62.7,"standardDeviationSpeed":16.2,"travelTimeStandardDeviation":0.69,"sampleSize":4163,"normalizedSampleSize":0.4115,"averageTravelTime":1.8,"medianTravelTime":1.65,"travelTimeRatio":1.13,"speedPercentiles":[36,41,45,48,51,54,56,59,61,63,65,68,70,72,74,76,80,83,88]},{"timeSet":15,"dateRange":1,"harmonicAverageSpeed":56.1,"medianSpeed":61.0,"averageSpeed":61.3,"standardDeviationSpeed":16.2,"travelTimeStandardDeviation":0.8,"sampleSize":4758,"normalizedSampleSize":0.4703,"averageTravelTime":1.85,"medianTravelTime":1.7,"travelTimeRatio":1.16,"speedPercentiles":[34,40,44,47,50,53,55,57,59,61,64,66,68,70,73,75,78,82,87]},{"timeSet":16,"dateRange":1,"harmonicAverageSpeed":56.4,"medianSpeed":62.0,"averageSpeed":61.7,"standardDeviationSpeed":16.3,"travelTimeStandardDeviation":0.75,"sampleSize":5305,"normalizedSampleSize":0.5244,"averageTravelTime":1.84,"medianTravelTime":1.67,"travelTimeRatio":1.15,"speedPercentiles":[35,40,44,48,50,53,55,57,60,62,64,66,68,71,73,76,79,83,89]},{"timeSet":17,"dateRange":1,"harmonicAverageSpeed":56.4,"medianSpeed":61.0,"averageSpeed":61.4,"standardDeviationSpeed":16.1,"travelTimeStandardDeviation":0.74,"sampleSize":4867,"normalizedSampleSize":0.4811,"averageTravelTime":1.84,"medianTravelTime":1.7,"travelTimeRatio":1.15,"speedPercentiles":[35,41,44,48,50,53,55,57,59,61,64,65,68,70,72,75,78,82,88]},{"timeSet":18,"dateRange":1,"harmonicAverageSpeed":53.4,"medianSpeed":58.0,"averageSpeed":58.2,"standardDeviationSpeed":15.7,"travelTimeStandardDeviation":0.68,"sampleSize":5286,"normalizedSampleSize":0.5225,"averageTravelTime":1.94,"medianTravelTime":1.79,"travelTimeRatio":1.22,"speedPercentiles":[33,38,42,45,47,50,52,54,56,58,60,62,64,66,69,72,75,78,84]},{"timeSet":19,"dateRange":1,"harmonicAverageSpeed":52.6,"medianSpeed":56.0,"averageSpeed":56.9,"standardDeviationSpeed":15.0,"travelTimeStandardDeviation":0.64,"sampleSize":5949,"normalizedSampleSize":0.5881,"averageTravelTime":1.97,"medianTravelTime":1.85,"travelTimeRatio":1.24,"speedPercentiles":[33,38,41,44,46,49,51,53,54,56,59,60,63,65,67,70,73,76,82]},{"timeSet":20,"dateRange":1,"harmonicAverageSpeed":48.6,"medianSpeed":52.0,"averageSpeed":52.7,"standardDeviationSpeed":14.0,"travelTimeStandardDeviation":0.72,"sampleSize":6611,"normalizedSampleSize":0.6535,"averageTravelTime":2.13,"medianTravelTime":2.0,"travelTimeRatio":1.34,"speedPercentiles":[31,35,38,41,43,45,47,48,50,52,54,55,57,60,62,64,67,71,77]},{"timeSet":21,"dateRange":1,"harmonicAverageSpeed":48.7,"medianSpeed":52.0,"averageSpeed":52.9,"standardDeviationSpeed":14.3,"travelTimeStandardDeviation":0.77,"sampleSize":6499,"normalizedSampleSize":0.6424,"averageTravelTime":2.13,"medianTravelTime":2.0,"travelTimeRatio":1.33,"speedPercentiles":[31,35,38,41,43,45,47,48,50,52,54,56,58,60,62,65,68,72,78]},{"timeSet":22,"dateRange":1,"harmonicAverageSpeed":53.8,"medianSpeed":58.0,"averageSpeed":58.4,"standardDeviationSpeed":15.7,"travelTimeStandardDeviation":0.67,"sampleSize":4755,"normalizedSampleSize":0.47,"averageTravelTime":1.93,"medianTravelTime":1.79,"travelTimeRatio":1.21,"speedPercentiles":[35,38,42,45,47,49,51,53,56,58,60,62,64,67,69,72,75,79,85]},{"timeSet":23,"dateRange":1,"harmonicAverageSpeed":62.2,"medianSpeed":67.0,"averageSpeed":67.1,"standardDeviationSpeed":16.9,"travelTimeStandardDeviation":0.61,"sampleSize":2422,"normalizedSampleSize":0.2394,"averageTravelTime":1.67,"medianTravelTime":1.55,"travelTimeRatio":1.04,"speedPercentiles":[41,45,49,52,55,58,60,62,65,67,69,71,74,76,78,81,85,89,95]},{"timeSet":24,"dateRange":1,"harmonicAverageSpeed":60.1,"medianSpeed":66.0,"averageSpeed":66.3,"standardDeviationSpeed":17.4,"travelTimeStandardDeviation":1.29,"sampleSize":2395,"normalizedSampleSize":0.2368,"averageTravelTime":1.73,"medianTravelTime":1.57,"travelTimeRatio":1.08,"speedPercentiles":[39,44,47,51,54,57,59,61,64,66,69,71,73,75,78,80,84,89,95]},{"timeSet":25,"dateRange":1,"harmonicAverageSpeed":60.8,"medianSpeed":65.0,"averageSpeed":65.4,"standardDeviationSpeed":16.7,"travelTimeStandardDeviation":0.53,"sampleSize":3022,"normalizedSampleSize":0.2987,"averageTravelTime":1.71,"medianTravelTime":1.6,"travelTimeRatio":1.07,"speedPercentiles":[40,44,47,51,53,56,58,61,63,65,67,69,71,74,76,79,83,87,93]}]}},{"type":"Feature","geometry":{"type":"LineString","coordinates":[[12.47205,41.93466],[12.47198,41.93502]]},"properties":{"segmentId":-13800007305421,"newSegmentId":"-00004931-3600-0400-0000-0000034bb9fe","speedLimit":50,"frc":3,"streetName":"Corso di Francia","distance":40.13,"segmentTimeResults":[{"timeSet":2,"dateRange":1,"harmonicAverageSpeed":55.4,"medianSpeed":65.0,"averageSpeed":64.4,"standardDeviationSpeed":21.4,"travelTimeStandardDeviation":1.42,"sampleSize":1706,"normalizedSampleSize":0.1686,"averageTravelTime":2.61,"medianTravelTime":2.22,"travelTimeRatio":1.0,"speedPercentiles":[29,34,39,45,50,54,57,60,62,65,68,70,73,76,79,82,87,92,99]},{"timeSet":3,"dateRange":1,"harmonicAverageSpeed":60.1,"medianSpeed":69.0,"averageSpeed":69.1,"standardDeviationSpeed":22.6,"travelTimeStandardDeviation":1.06,"sampleSize":846,"normalizedSampleSize":0.0836,"averageTravelTime":2.4,"medianTravelTime":2.09,"travelTimeRatio":0.92,"speedPercentiles":[31,36,42,48,54,58,62,64,67,69,73,76,78,81,85,89,94,98,105]},{"timeSet":4,"dateRange":1,"harmonicAverageSpeed":62.4,"medianSpeed":72.0,"averageSpeed":71.8,"standardDeviationSpeed":21.8,"travelTimeStandardDeviation":1.32,"sampleSize":433,"normalizedSampleSize":0.0428,"averageTravelTime":2.31,"medianTravelTime":2.01,"travelTimeRatio":0.89,"speedPercentiles":[32,44,48,54,57,60,65,68,70,72,75,78,81,84,87,91,94,99,106]},{"timeSet":5,"dateRange":1,"harmonicAverageSpeed":67.6,"medianSpeed":77.0,"averageSpeed":75.3,"standardDeviationSpeed":21.9,"travelTimeStandardDeviation":0.82,"sampleSize":237,"normalizedSampleSize":0.0234,"averageTravelTime":2.14,"medianTravelTime":1.88,"travelTimeRatio":0.82,"speedPercentiles":[36,44,48,56,63,66,69,70,73,77,81,82,84,86,90,92,99,103,108]},{"timeSet":6,"dateRange":1,"harmonicAverageSpeed":60.2,"medianSpeed":71.0,"averageSpeed":69.4,"standardDeviationSpeed":23.1,"travelTimeStandardDeviation":1.05,"sampleSize":187,"normalizedSampleSize":0.0185,"averageTravelTime":2.4,"medianTravelTime":2.03,"travelTimeRatio":0.92,"speedPercentiles":[32,35,41,47,51,56,61,63,66,71,74,79,81,85,87,90,94,101,104]},{"timeSet":7,"dateRange":1,"harmonicAverageSpeed":62.9,"medianSpeed":76.0,"averageSpeed":72.3,"standardDeviationSpeed":22.9,"travelTimeStandardDeviation":1.04,"sampleSize":232,"normalizedSampleSize":0.0229,"averageTravelTime":2.3,"medianTravelTime":1.9,"travelTimeRatio":0.88,"speedPercentiles":[31,36,45,51,58,62,66,69,71,76,78,81,83,86,88,91,95,100,103]},{"timeSet":8,"dateRange":1,"harmonicAverageSpeed":58.7,"medianSpeed":68.0,"averageSpeed":67.0,"standardDeviationSpeed":21.1,"travelTimeStandardDeviation":1.15,"sampleSize":782,"normalizedSampleSize":0.0773,"averageTravelTime":2.46,"medianTravelTime":2.12,"travelTimeRatio":0.94,"speedPercentiles":[31,37,43,47,53,57,60,63,66,68,70,73,75,78,80,84,88,94,101]},{"timeSet":9,"dateRange":1,"harmonicAverageSpeed":53.2,"medianSpeed":62.0,"averageSpeed":61.3,"standardDeviationSpeed":19.8,"travelTimeStandardDeviation":1.29,"sampleSize":2680,"normalizedSampleSize":0.2649,"averageTravelTime":2.72,"medianTravelTime":2.33,"travelTimeRatio":1.04,"speedPercentiles":[28,33,37,42,47,51,55,58,60,62,65,68,70,73,75,78,82,86,92]},{"timeSet":10,"dateRange":1,"harmonicAverageSpeed":50.7,"medianSpeed":59.0,"averageSpeed":57.9,"standardDeviationSpeed":18.4,"travelTimeStandardDeviation":1.32,"sampleSize":5538,"normalizedSampleSize":0.5474,"averageTravelTime":2.85,"medianTravelTime":2.45,"travelTimeRatio":1.09,"speedPercentiles":[27,32,36,40,45,48,51,54,56,59,61,63,66,68,71,74,77,81,87]},{"timeSet":11,"dateRange":1,"harmonicAverageSpeed":52.1,"medianSpeed":60.0,"averageSpeed":59.2,"standardDeviationSpeed":18.7,"travelTimeStandardDeviation":1.2,"sampleSize":4073,"normalizedSampleSize":0.4026,"averageTravelTime":2.77,"medianTravelTime":2.41,"travelTimeRatio":1.06,"speedPercentiles":[28,33,36,41,46,50,53,55,58,60,62,65,67,70,73,75,78,83,90]},{"timeSet":12,"dateRange":1,"harmonicAverageSpeed":52.3,"medianSpeed":61.0,"averageSpeed":59.8,"standardDeviationSpeed":18.9,"travelTimeStandardDeviation":1.29,"sampleSize":3894,"normalizedSampleSize":0.3849,"averageTravelTime":2.76,"medianTravelTime":2.37,"travelTimeRatio":1.06,"speedPercentiles":[28,33,37,42,46,50,53,56,58,61,63,66,69,71,74,76,79,83,89]},{"timeSet":13,"dateRange":1,"harmonicAverageSpeed":51.5,"medianSpeed":60.0,"averageSpeed":58.9,"standardDeviationSpeed":18.6,"travelTimeStandardDeviation":1.28,"sampleSize":4298,"normalizedSampleSize":0.4249,"averageTravelTime":2.8,"medianTravelTime":2.41,"travelTimeRatio":1.08,"speedPercentiles":[28,32,37,41,46,49,52,55,58,60,62,65,67,69,72,75,78,82,88]},{"timeSet":14,"dateRange":1,"harmonicAverageSpeed":47.8,"medianSpeed":57.0,"averageSpeed":56.2,"standardDeviationSpeed":19.1,"travelTimeStandardDeviation":1.68,"sampleSize":5011,"normalizedSampleSize":0.4954,"averageTravelTime":3.02,"medianTravelTime":2.53,"travelTimeRatio":1.16,"speedPercentiles":[25,29,33,37,42,46,49,52,55,57,60,63,65,68,70,73,76,80,86]},{"timeSet":15,"dateRange":1,"harmonicAverageSpeed":46.6,"medianSpeed":56.0,"averageSpeed":55.2,"standardDeviationSpeed":18.8,"travelTimeStandardDeviation":1.85,"sampleSize":5671,"normalizedSampleSize":0.5606,"averageTravelTime":3.1,"medianTravelTime":2.58,"travelTimeRatio":1.19,"speedPercentiles":[25,29,33,37,41,45,48,51,54,56,59,61,64,66,69,72,75,79,85]},{"timeSet":16,"dateRange":1,"harmonicAverageSpeed":47.4,"medianSpeed":57.0,"averageSpeed":56.0,"standardDeviationSpeed":18.8,"travelTimeStandardDeviation":1.88,"sampleSize":6222,"normalizedSampleSize":0.6151,"averageTravelTime":3.05,"medianTravelTime":2.53,"travelTimeRatio":1.17,"speedPercentiles":[25,30,34,38,43,46,49,52,55,57,59,62,64,67,69,72,75,79,86]},{"timeSet":17,"dateRange":1,"harmonicAverageSpeed":48.9,"medianSpeed":57.0,"averageSpeed":56.2,"standardDeviationSpeed":18.2,"travelTimeStandardDeviation":1.45,"sampleSize":5637,"normalizedSampleSize":0.5572,"averageTravelTime":2.96,"medianTravelTime":2.53,"travelTimeRatio":1.13,"speedPercentiles":[27,31,35,39,43,47,50,52,55,57,59,62,64,66,69,72,75,79,85]},{"timeSet":18,"dateRange":1,"harmonicAverageSpeed":45.5,"medianSpeed":54.0,"averageSpeed":52.7,"standardDeviationSpeed":17.7,"travelTimeStandardDeviation":1.6,"sampleSize":6190,"normalizedSampleSize":0.6119,"averageTravelTime":3.18,"medianTravelTime":2.68,"travelTimeRatio":1.22,"speedPercentiles":[25,28,32,35,40,43,46,49,51,54,56,58,60,62,65,68,71,75,81]},{"timeSet":19,"dateRange":1,"harmonicAverageSpeed":45.5,"medianSpeed":53.0,"averageSpeed":52.0,"standardDeviationSpeed":16.5,"travelTimeStandardDeviation":1.51,"sampleSize":6924,"normalizedSampleSize":0.6845,"averageTravelTime":3.18,"medianTravelTime":2.73,"travelTimeRatio":1.22,"speedPercentiles":[25,29,32,37,40,43,46,49,51,53,55,57,59,61,63,66,69,73,78]},{"timeSet":20,"dateRange":1,"harmonicAverageSpeed":42.7,"medianSpeed":49.0,"averageSpeed":48.4,"standardDeviationSpeed":15.1,"travelTimeStandardDeviation":1.53,"sampleSize":7629,"normalizedSampleSize":0.7542,"averageTravelTime":3.38,"medianTravelTime":2.95,"travelTimeRatio":1.3,"speedPercentiles":[24,28,31,34,38,41,43,45,47,49,51,52,54,56,58,61,64,67,73]},{"timeSet":21,"dateRange":1,"harmonicAverageSpeed":42.9,"medianSpeed":49.0,"averageSpeed":48.7,"standardDeviationSpeed":15.2,"travelTimeStandardDeviation":1.53,"sampleSize":7506,"normalizedSampleSize":0.742,"averageTravelTime":3.37,"medianTravelTime":2.95,"travelTimeRatio":1.29,"speedPercentiles":[24,28,31,35,38,41,43,45,47,49,51,53,54,57,59,61,64,68,73]},{"timeSet":22,"dateRange":1,"harmonicAverageSpeed":47.0,"medianSpeed":54.0,"averageSpeed":53.6,"standardDeviationSpeed":17.2,"travelTimeStandardDeviation":1.39,"sampleSize":5554,"normalizedSampleSize":0.549,"averageTravelTime":3.07,"medianTravelTime":2.68,"travelTimeRatio":1.18,"speedPercentiles":[26,30,34,38,42,44,47,49,52,54,56,58,60,63,65,68,71,75,82]},{"timeSet":23,"dateRange":1,"harmonicAverageSpeed":52.9,"medianSpeed":62.0,"averageSpeed":60.9,"standardDeviationSpeed":20.0,"travelTimeStandardDeviation":1.32,"sampleSize":2858,"normalizedSampleSize":0.2825,"averageTravelTime":2.73,"medianTravelTime":2.33,"travelTimeRatio":1.05,"speedPercentiles":[28,32,38,43,47,50,53,56,59,62,64,67,69,72,75,78,81,86,94]},{"timeSet":24,"dateRange":1,"harmonicAverageSpeed":51.9,"medianSpeed":61.0,"averageSpeed":60.1,"standardDeviationSpeed":20.1,"travelTimeStandardDeviation":1.34,"sampleSize":2811,"normalizedSampleSize":0.2779,"averageTravelTime":2.78,"medianTravelTime":2.37,"travelTimeRatio":1.07,"speedPercentiles":[27,32,37,42,46,49,53,56,58,61,63,66,69,71,74,77,81,86,93]},{"timeSet":25,"dateRange":1,"harmonicAverageSpeed":50.8,"medianSpeed":60.0,"averageSpeed":59.1,"standardDeviationSpeed":19.8,"travelTimeStandardDeviation":1.52,"sampleSize":3589,"normalizedSampleSize":0.3548,"averageTravelTime":2.84,"medianTravelTime":2.41,"travelTimeRatio":1.09,"speedPercentiles":[27,31,36,41,45,49,52,55,57,60,62,65,67,69,72,75,79,84,91]}]}},{"type":"Feature","geometry":{"type":"LineString","coordinates":[[12.47198,41.93502],[12.47194,41.93523]]},"properties":{"segmentId":-13800007305422,"newSegmentId":"-00004931-3600-0400-0000-0000034bb9fd","speedLimit":50,"frc":3,"streetName":"Corso di Francia","distance":23.32,"segmentTimeResults":[{"timeSet":2,"dateRange":1,"harmonicAverageSpeed":58.7,"medianSpeed":65.0,"averageSpeed":65.4,"standardDeviationSpeed":19.3,"travelTimeStandardDeviation":0.73,"sampleSize":1710,"normalizedSampleSize":0.169,"averageTravelTime":1.43,"medianTravelTime":1.29,"travelTimeRatio":1.0,"speedPercentiles":[36,40,44,47,51,54,58,60,63,65,68,70,73,75,78,81,85,90,98]},{"timeSet":3,"dateRange":1,"harmonicAverageSpeed":63.2,"medianSpeed":68.0,"averageSpeed":69.8,"standardDeviationSpeed":20.6,"travelTimeStandardDeviation":0.46,"sampleSize":847,"normalizedSampleSize":0.0837,"averageTravelTime":1.33,"medianTravelTime":1.23,"travelTimeRatio":0.93,"speedPercentiles":[37,42,46,51,55,59,62,64,66,68,72,75,77,80,84,88,93,97,103]},{"timeSet":4,"dateRange":1,"harmonicAverageSpeed":63.6,"medianSpeed":72.0,"averageSpeed":71.8,"standardDeviationSpeed":20.7,"travelTimeStandardDeviation":0.72,"sampleSize":432,"normalizedSampleSize":0.0427,"averageTravelTime":1.32,"medianTravelTime":1.17,"travelTimeRatio":0.92,"speedPercentiles":[38,46,51,54,58,61,64,67,70,72,74,76,79,82,85,90,93,98,106]},{"timeSet":5,"dateRange":1,"harmonicAverageSpeed":68.6,"medianSpeed":76.0,"averageSpeed":75.2,"standardDeviationSpeed":21.0,"travelTimeStandardDeviation":0.42,"sampleSize":239,"normalizedSampleSize":0.0236,"averageTravelTime":1.22,"medianTravelTime":1.1,"travelTimeRatio":0.85,"speedPercentiles":[39,45,51,58,60,66,68,70,72,76,78,81,83,86,88,93,98,101,109]},{"timeSet":6,"dateRange":1,"harmonicAverageSpeed":63.2,"medianSpeed":69.0,"averageSpeed":70.2,"standardDeviationSpeed":21.0,"travelTimeStandardDeviation":0.49,"sampleSize":187,"normalizedSampleSize":0.0185,"averageTravelTime":1.33,"medianTravelTime":1.22,"travelTimeRatio":0.93,"speedPercentiles":[39,42,47,49,54,57,61,64,67,69,72,77,80,83,86,89,93,98,104]},{"timeSet":7,"dateRange":1,"harmonicAverageSpeed":66.2,"medianSpeed":75.0,"averageSpeed":73.0,"standardDeviationSpeed":20.8,"travelTimeStandardDeviation":0.44,"sampleSize":234,"normalizedSampleSize":0.0231,"averageTravelTime":1.27,"medianTravelTime":1.12,"travelTimeRatio":0.89,"speedPercentiles":[37,42,48,52,58,62,66,68,71,75,78,81,83,85,87,90,93,99,104]},{"timeSet":8,"dateRange":1,"harmonicAverageSpeed":61.6,"medianSpeed":68.0,"averageSpeed":67.6,"standardDeviationSpeed":19.3,"travelTimeStandardDeviation":0.46,"sampleSize":782,"normalizedSampleSize":0.0773,"averageTravelTime":1.36,"medianTravelTime":1.23,"travelTimeRatio":0.95,"speedPercentiles":[37,41,45,50,54,57,60,63,66,68,70,72,75,77,80,83,86,92,101]},{"timeSet":9,"dateRange":1,"harmonicAverageSpeed":56.0,"medianSpeed":63.0,"averageSpeed":62.4,"standardDeviationSpeed":17.6,"travelTimeStandardDeviation":0.82,"sampleSize":2684,"normalizedSampleSize":0.2653,"averageTravelTime":1.5,"medianTravelTime":1.33,"travelTimeRatio":1.05,"speedPercentiles":[35,39,42,45,49,52,56,58,60,63,65,67,70,72,74,77,81,85,90]},{"timeSet":10,"dateRange":1,"harmonicAverageSpeed":54.1,"medianSpeed":60.0,"averageSpeed":59.2,"standardDeviationSpeed":16.3,"travelTimeStandardDeviation":0.55,"sampleSize":5557,"normalizedSampleSize":0.5493,"averageTravelTime":1.55,"medianTravelTime":1.4,"travelTimeRatio":1.08,"speedPercentiles":[33,38,41,44,47,50,53,55,57,60,62,64,66,68,71,73,76,80,85]},{"timeSet":11,"dateRange":1,"harmonicAverageSpeed":55.3,"medianSpeed":61.0,"averageSpeed":60.5,"standardDeviationSpeed":16.4,"travelTimeStandardDeviation":0.6,"sampleSize":4085,"normalizedSampleSize":0.4038,"averageTravelTime":1.52,"medianTravelTime":1.38,"travelTimeRatio":1.06,"speedPercentiles":[35,39,42,45,48,51,54,56,59,61,63,65,67,69,72,74,77,81,87]},{"timeSet":12,"dateRange":1,"harmonicAverageSpeed":55.3,"medianSpeed":61.0,"averageSpeed":60.9,"standardDeviationSpeed":16.9,"travelTimeStandardDeviation":0.65,"sampleSize":3905,"normalizedSampleSize":0.386,"averageTravelTime":1.52,"medianTravelTime":1.38,"travelTimeRatio":1.06,"speedPercentiles":[34,38,41,46,49,51,54,57,59,61,63,66,68,71,73,75,78,82,88]},{"timeSet":13,"dateRange":1,"harmonicAverageSpeed":54.5,"medianSpeed":61.0,"averageSpeed":60.1,"standardDeviationSpeed":16.5,"travelTimeStandardDeviation":0.76,"sampleSize":4305,"normalizedSampleSize":0.4256,"averageTravelTime":1.54,"medianTravelTime":1.38,"travelTimeRatio":1.08,"speedPercentiles":[34,38,41,45,48,50,53,56,58,61,63,65,67,69,72,74,77,81,86]},{"timeSet":14,"dateRange":1,"harmonicAverageSpeed":51.5,"medianSpeed":58.0,"averageSpeed":57.9,"standardDeviationSpeed":16.8,"travelTimeStandardDeviation":0.98,"sampleSize":5034,"normalizedSampleSize":0.4976,"averageTravelTime":1.63,"medianTravelTime":1.45,"travelTimeRatio":1.14,"speedPercentiles":[32,36,39,42,45,48,51,53,56,58,60,63,65,68,70,73,75,79,84]},{"timeSet":15,"dateRange":1,"harmonicAverageSpeed":50.8,"medianSpeed":57.0,"averageSpeed":56.9,"standardDeviationSpeed":16.5,"travelTimeStandardDeviation":0.85,"sampleSize":5689,"normalizedSampleSize":0.5624,"averageTravelTime":1.65,"medianTravelTime":1.47,"travelTimeRatio":1.15,"speedPercentiles":[32,35,38,41,44,47,50,53,55,57,59,62,64,66,68,71,74,78,83]},{"timeSet":16,"dateRange":1,"harmonicAverageSpeed":50.5,"medianSpeed":58.0,"averageSpeed":57.4,"standardDeviationSpeed":16.7,"travelTimeStandardDeviation":1.19,"sampleSize":6248,"normalizedSampleSize":0.6176,"averageTravelTime":1.66,"medianTravelTime":1.45,"travelTimeRatio":1.16,"speedPercentiles":[32,36,39,42,45,48,51,53,56,58,60,62,65,67,69,72,75,78,84]},{"timeSet":17,"dateRange":1,"harmonicAverageSpeed":52.4,"medianSpeed":58.0,"averageSpeed":57.7,"standardDeviationSpeed":16.2,"travelTimeStandardDeviation":0.65,"sampleSize":5657,"normalizedSampleSize":0.5592,"averageTravelTime":1.6,"medianTravelTime":1.45,"travelTimeRatio":1.12,"speedPercentiles":[32,36,40,43,46,48,51,53,56,58,60,62,65,67,69,72,74,78,83]},{"timeSet":18,"dateRange":1,"harmonicAverageSpeed":49.0,"medianSpeed":55.0,"averageSpeed":54.5,"standardDeviationSpeed":15.6,"travelTimeStandardDeviation":0.94,"sampleSize":6212,"normalizedSampleSize":0.6141,"averageTravelTime":1.71,"medianTravelTime":1.53,"travelTimeRatio":1.2,"speedPercentiles":[31,34,38,40,43,46,48,51,53,55,56,59,61,63,65,67,70,74,80]},{"timeSet":19,"dateRange":1,"harmonicAverageSpeed":49.2,"medianSpeed":54.0,"averageSpeed":53.8,"standardDeviationSpeed":14.5,"travelTimeStandardDeviation":0.71,"sampleSize":6942,"normalizedSampleSize":0.6862,"averageTravelTime":1.71,"medianTravelTime":1.55,"travelTimeRatio":1.19,"speedPercentiles":[31,35,38,40,43,45,48,50,52,54,56,58,60,62,64,66,69,72,77]},{"timeSet":20,"dateRange":1,"harmonicAverageSpeed":46.1,"medianSpeed":51.0,"averageSpeed":50.4,"standardDeviationSpeed":13.5,"travelTimeStandardDeviation":0.78,"sampleSize":7657,"normalizedSampleSize":0.7569,"averageTravelTime":1.82,"medianTravelTime":1.65,"travelTimeRatio":1.27,"speedPercentiles":[29,33,36,38,41,43,45,47,49,51,52,54,55,57,59,62,64,67,72]},{"timeSet":21,"dateRange":1,"harmonicAverageSpeed":46.7,"medianSpeed":51.0,"averageSpeed":50.7,"standardDeviationSpeed":13.3,"travelTimeStandardDeviation":0.64,"sampleSize":7541,"normalizedSampleSize":0.7455,"averageTravelTime":1.8,"medianTravelTime":1.65,"travelTimeRatio":1.26,"speedPercentiles":[30,34,36,39,41,43,45,47,49,51,52,54,56,58,60,62,64,68,73]},{"timeSet":22,"dateRange":1,"harmonicAverageSpeed":50.6,"medianSpeed":55.0,"averageSpeed":55.3,"standardDeviationSpeed":15.2,"travelTimeStandardDeviation":0.64,"sampleSize":5583,"normalizedSampleSize":0.5519,"averageTravelTime":1.66,"medianTravelTime":1.53,"travelTimeRatio":1.16,"speedPercentiles":[32,36,39,42,44,46,49,51,53,55,57,59,61,63,66,68,71,75,81]},{"timeSet":23,"dateRange":1,"harmonicAverageSpeed":56.5,"medianSpeed":62.0,"averageSpeed":62.2,"standardDeviationSpeed":17.7,"travelTimeStandardDeviation":0.63,"sampleSize":2875,"normalizedSampleSize":0.2842,"averageTravelTime":1.49,"medianTravelTime":1.35,"travelTimeRatio":1.04,"speedPercentiles":[36,39,43,46,49,52,54,57,60,62,64,67,69,71,74,77,80,85,93]},{"timeSet":24,"dateRange":1,"harmonicAverageSpeed":55.7,"medianSpeed":61.0,"averageSpeed":61.3,"standardDeviationSpeed":17.8,"travelTimeStandardDeviation":0.56,"sampleSize":2824,"normalizedSampleSize":0.2792,"averageTravelTime":1.51,"medianTravelTime":1.38,"travelTimeRatio":1.05,"speedPercentiles":[35,38,42,45,48,51,54,56,58,61,63,66,68,70,73,76,80,84,92]},{"timeSet":25,"dateRange":1,"harmonicAverageSpeed":54.7,"medianSpeed":61.0,"averageSpeed":60.6,"standardDeviationSpeed":17.3,"travelTimeStandardDeviation":0.77,"sampleSize":3600,"normalizedSampleSize":0.3559,"averageTravelTime":1.53,"medianTravelTime":1.38,"travelTimeRatio":1.07,"speedPercentiles":[35,38,42,45,47,51,53,56,58,61,63,65,67,69,72,75,78,82,90]}]}},{"type":"Feature","geometry":{"type":"LineString","coordinates":[[12.47194,41.93523],[12.47191,41.9354]]},"properties":{"segmentId":-13800007305427,"newSegmentId":"-00004931-3600-0400-0000-00000334dd3a","speedLimit":50,"frc":3,"streetName":"Corso di Francia","distance":19.87,"segmentTimeResults":[{"timeSet":2,"dateRange":1,"harmonicAverageSpeed":60.7,"medianSpeed":66.0,"averageSpeed":66.5,"standardDeviationSpeed":18.6,"travelTimeStandardDeviation":0.48,"sampleSize":1709,"normalizedSampleSize":0.1689,"averageTravelTime":1.18,"medianTravelTime":1.08,"travelTimeRatio":1.0,"speedPercentiles":[39,43,47,50,53,56,59,61,63,66,68,71,73,76,78,82,85,90,99]},{"timeSet":3,"dateRange":1,"harmonicAverageSpeed":64.8,"medianSpeed":69.0,"averageSpeed":70.8,"standardDeviationSpeed":19.9,"travelTimeStandardDeviation":0.36,"sampleSize":847,"normalizedSampleSize":0.0837,"averageTravelTime":1.1,"medianTravelTime":1.04,"travelTimeRatio":0.94,"speedPercentiles":[39,44,50,53,57,60,63,65,67,69,72,75,78,80,84,88,93,97,104]},{"timeSet":4,"dateRange":1,"harmonicAverageSpeed":63.2,"medianSpeed":72.0,"averageSpeed":72.2,"standardDeviationSpeed":20.5,"travelTimeStandardDeviation":0.78,"sampleSize":431,"normalizedSampleSize":0.0426,"averageTravelTime":1.13,"medianTravelTime":0.99,"travelTimeRatio":0.96,"speedPercentiles":[41,47,51,55,58,62,65,67,70,72,75,77,79,82,85,90,93,98,106]},{"timeSet":5,"dateRange":1,"harmonicAverageSpeed":69.6,"medianSpeed":75.0,"averageSpeed":75.5,"standardDeviationSpeed":20.4,"travelTimeStandardDeviation":0.33,"sampleSize":241,"normalizedSampleSize":0.0238,"averageTravelTime":1.03,"medianTravelTime":0.95,"travelTimeRatio":0.87,"speedPercentiles":[43,47,53,59,62,66,68,70,72,75,77,82,84,86,88,92,98,101,109]},{"timeSet":6,"dateRange":1,"harmonicAverageSpeed":64.4,"medianSpeed":70.0,"averageSpeed":70.8,"standardDeviationSpeed":20.3,"travelTimeStandardDeviation":0.39,"sampleSize":186,"normalizedSampleSize":0.0184,"averageTravelTime":1.11,"medianTravelTime":1.02,"travelTimeRatio":0.94,"speedPercentiles":[41,45,48,51,54,58,61,64,68,70,73,77,80,84,86,89,93,96,105]},{"timeSet":7,"dateRange":1,"harmonicAverageSpeed":67.8,"medianSpeed":75.0,"averageSpeed":73.8,"standardDeviationSpeed":20.0,"travelTimeStandardDeviation":0.34,"sampleSize":234,"normalizedSampleSize":0.0231,"averageTravelTime":1.05,"medianTravelTime":0.95,"travelTimeRatio":0.89,"speedPercentiles":[42,47,51,55,58,62,66,70,72,75,78,81,83,84,87,90,94,99,105]},{"timeSet":8,"dateRange":1,"harmonicAverageSpeed":63.0,"medianSpeed":68.0,"averageSpeed":68.4,"standardDeviationSpeed":18.7,"travelTimeStandardDeviation":0.36,"sampleSize":783,"normalizedSampleSize":0.0774,"averageTravelTime":1.14,"medianTravelTime":1.05,"travelTimeRatio":0.96,"speedPercentiles":[39,44,48,51,55,58,60,63,66,68,71,73,75,77,80,83,87,93,101]},{"timeSet":9,"dateRange":1,"harmonicAverageSpeed":58.3,"medianSpeed":63.0,"averageSpeed":63.4,"standardDeviationSpeed":16.9,"travelTimeStandardDeviation":0.44,"sampleSize":2683,"normalizedSampleSize":0.2652,"averageTravelTime":1.23,"medianTravelTime":1.14,"travelTimeRatio":1.04,"speedPercentiles":[37,42,45,48,51,54,56,59,61,63,66,68,70,72,75,78,81,85,91]},{"timeSet":10,"dateRange":1,"harmonicAverageSpeed":55.5,"medianSpeed":60.0,"averageSpeed":60.3,"standardDeviationSpeed":15.8,"travelTimeStandardDeviation":0.5,"sampleSize":5553,"normalizedSampleSize":0.5489,"averageTravelTime":1.29,"medianTravelTime":1.19,"travelTimeRatio":1.09,"speedPercentiles":[35,40,44,46,49,52,54,56,58,60,62,64,66,69,71,74,77,80,86]},{"timeSet":11,"dateRange":1,"harmonicAverageSpeed":57.0,"medianSpeed":62.0,"averageSpeed":61.7,"standardDeviationSpeed":15.8,"travelTimeStandardDeviation":0.43,"sampleSize":4091,"normalizedSampleSize":0.4044,"averageTravelTime":1.25,"medianTravelTime":1.15,"travelTimeRatio":1.06,"speedPercentiles":[36,41,45,48,50,53,55,57,59,62,64,66,68,70,72,75,78,82,88]},{"timeSet":12,"dateRange":1,"harmonicAverageSpeed":56.9,"medianSpeed":62.0,"averageSpeed":61.9,"standardDeviationSpeed":16.3,"travelTimeStandardDeviation":0.46,"sampleSize":3904,"normalizedSampleSize":0.3859,"averageTravelTime":1.26,"medianTravelTime":1.15,"travelTimeRatio":1.07,"speedPercentiles":[36,41,44,47,50,53,55,58,59,62,64,67,69,71,74,76,79,82,88]},{"timeSet":13,"dateRange":1,"harmonicAverageSpeed":56.6,"medianSpeed":61.0,"averageSpeed":61.2,"standardDeviationSpeed":15.9,"travelTimeStandardDeviation":0.4,"sampleSize":4304,"normalizedSampleSize":0.4255,"averageTravelTime":1.26,"medianTravelTime":1.17,"travelTimeRatio":1.07,"speedPercentiles":[36,41,44,47,49,52,55,57,59,61,63,66,68,70,72,75,78,81,87]},{"timeSet":14,"dateRange":1,"harmonicAverageSpeed":54.2,"medianSpeed":59.0,"averageSpeed":59.3,"standardDeviationSpeed":16.1,"travelTimeStandardDeviation":0.49,"sampleSize":5028,"normalizedSampleSize":0.497,"averageTravelTime":1.32,"medianTravelTime":1.21,"travelTimeRatio":1.12,"speedPercentiles":[34,38,42,45,47,50,53,55,57,59,62,63,66,68,71,73,76,80,85]},{"timeSet":15,"dateRange":1,"harmonicAverageSpeed":53.0,"medianSpeed":58.0,"averageSpeed":58.1,"standardDeviationSpeed":15.8,"travelTimeStandardDeviation":0.52,"sampleSize":5687,"normalizedSampleSize":0.5622,"averageTravelTime":1.35,"medianTravelTime":1.23,"travelTimeRatio":1.14,"speedPercentiles":[33,38,41,44,47,49,52,54,56,58,60,62,65,67,69,72,75,78,83]},{"timeSet":16,"dateRange":1,"harmonicAverageSpeed":53.2,"medianSpeed":59.0,"averageSpeed":58.6,"standardDeviationSpeed":16.0,"travelTimeStandardDeviation":0.57,"sampleSize":6248,"normalizedSampleSize":0.6176,"averageTravelTime":1.34,"medianTravelTime":1.21,"travelTimeRatio":1.14,"speedPercentiles":[33,38,41,44,47,50,52,54,57,59,61,63,65,67,70,72,75,79,85]},{"timeSet":17,"dateRange":1,"harmonicAverageSpeed":54.2,"medianSpeed":59.0,"averageSpeed":58.9,"standardDeviationSpeed":15.7,"travelTimeStandardDeviation":0.44,"sampleSize":5660,"normalizedSampleSize":0.5595,"averageTravelTime":1.32,"medianTravelTime":1.21,"travelTimeRatio":1.12,"speedPercentiles":[34,39,42,45,48,50,52,55,57,59,61,63,65,67,70,72,75,78,84]},{"timeSet":18,"dateRange":1,"harmonicAverageSpeed":51.1,"medianSpeed":56.0,"averageSpeed":55.8,"standardDeviationSpeed":15.1,"travelTimeStandardDeviation":0.5,"sampleSize":6212,"normalizedSampleSize":0.6141,"averageTravelTime":1.4,"medianTravelTime":1.28,"travelTimeRatio":1.19,"speedPercentiles":[32,36,40,43,45,48,50,52,54,56,58,59,61,64,66,68,71,75,80]},{"timeSet":19,"dateRange":1,"harmonicAverageSpeed":51.0,"medianSpeed":55.0,"averageSpeed":55.0,"standardDeviationSpeed":14.1,"travelTimeStandardDeviation":0.45,"sampleSize":6941,"normalizedSampleSize":0.6861,"averageTravelTime":1.4,"medianTravelTime":1.3,"travelTimeRatio":1.19,"speedPercentiles":[32,37,40,43,45,47,49,52,53,55,57,59,61,63,65,67,69,73,78]},{"timeSet":20,"dateRange":1,"harmonicAverageSpeed":47.7,"medianSpeed":52.0,"averageSpeed":51.6,"standardDeviationSpeed":13.2,"travelTimeStandardDeviation":0.49,"sampleSize":7665,"normalizedSampleSize":0.7577,"averageTravelTime":1.5,"medianTravelTime":1.38,"travelTimeRatio":1.27,"speedPercentiles":[29,35,38,41,43,45,47,48,50,52,53,55,56,58,60,62,65,68,73]},{"timeSet":21,"dateRange":1,"harmonicAverageSpeed":48.2,"medianSpeed":52.0,"averageSpeed":51.9,"standardDeviationSpeed":13.0,"travelTimeStandardDeviation":0.47,"sampleSize":7537,"normalizedSampleSize":0.7451,"averageTravelTime":1.48,"medianTravelTime":1.38,"travelTimeRatio":1.26,"speedPercentiles":[31,35,38,41,43,45,47,49,50,52,54,55,57,59,61,62,65,68,73]},{"timeSet":22,"dateRange":1,"harmonicAverageSpeed":52.0,"medianSpeed":56.0,"averageSpeed":56.4,"standardDeviationSpeed":14.8,"travelTimeStandardDeviation":0.59,"sampleSize":5581,"normalizedSampleSize":0.5517,"averageTravelTime":1.38,"medianTravelTime":1.28,"travelTimeRatio":1.17,"speedPercentiles":[34,38,41,44,46,48,50,52,54,56,58,60,62,64,66,69,72,75,81]},{"timeSet":23,"dateRange":1,"harmonicAverageSpeed":58.5,"medianSpeed":63.0,"averageSpeed":63.3,"standardDeviationSpeed":17.0,"travelTimeStandardDeviation":0.38,"sampleSize":2871,"normalizedSampleSize":0.2838,"averageTravelTime":1.22,"medianTravelTime":1.14,"travelTimeRatio":1.04,"speedPercentiles":[38,42,45,48,50,53,55,58,61,63,65,67,69,71,74,77,81,86,93]},{"timeSet":24,"dateRange":1,"harmonicAverageSpeed":57.3,"medianSpeed":62.0,"averageSpeed":62.3,"standardDeviationSpeed":17.0,"travelTimeStandardDeviation":0.44,"sampleSize":2820,"normalizedSampleSize":0.2788,"averageTravelTime":1.25,"medianTravelTime":1.15,"travelTimeRatio":1.06,"speedPercentiles":[37,41,44,47,49,52,54,57,59,62,64,66,69,71,74,77,80,84,92]},{"timeSet":25,"dateRange":1,"harmonicAverageSpeed":56.7,"medianSpeed":62.0,"averageSpeed":61.7,"standardDeviationSpeed":16.6,"travelTimeStandardDeviation":0.54,"sampleSize":3603,"normalizedSampleSize":0.3562,"averageTravelTime":1.26,"medianTravelTime":1.15,"travelTimeRatio":1.07,"speedPercentiles":[37,41,44,47,50,52,54,57,59,62,63,65,67,70,72,75,78,83,90]}]}},{"type":"Feature","geometry":{"type":"LineString","coordinates":[[12.47191,41.9354],[12.47183,41.9358],[12.47176,41.93625]]},"properties":{"segmentId":-13800012637799,"newSegmentId":"-bd137076-979a-4dc8-bf0e-a1ca49b051f4","speedLimit":50,"frc":3,"streetName":"Ponte Flaminio","distance":94.82,"segmentTimeResults":[{"timeSet":2,"dateRange":1,"harmonicAverageSpeed":62.8,"medianSpeed":67.0,"averageSpeed":67.8,"standardDeviationSpeed":17.8,"travelTimeStandardDeviation":1.69,"sampleSize":1698,"normalizedSampleSize":0.1679,"averageTravelTime":5.43,"medianTravelTime":5.09,"travelTimeRatio":1.0,"speedPercentiles":[41,46,50,53,55,58,60,62,65,67,69,71,74,76,78,82,86,90,99]},{"timeSet":3,"dateRange":1,"harmonicAverageSpeed":66.4,"medianSpeed":70.0,"averageSpeed":71.9,"standardDeviationSpeed":19.5,"travelTimeStandardDeviation":1.6,"sampleSize":845,"normalizedSampleSize":0.0835,"averageTravelTime":5.14,"medianTravelTime":4.88,"travelTimeRatio":0.95,"speedPercentiles":[42,47,52,56,58,61,64,66,68,70,73,75,78,81,84,88,93,98,106]},{"timeSet":4,"dateRange":1,"harmonicAverageSpeed":63.3,"medianSpeed":72.0,"averageSpeed":72.6,"standardDeviationSpeed":20.2,"travelTimeStandardDeviation":4.26,"sampleSize":430,"normalizedSampleSize":0.0425,"averageTravelTime":5.39,"medianTravelTime":4.74,"travelTimeRatio":0.99,"speedPercentiles":[41,48,52,56,59,63,65,68,70,72,75,77,80,82,86,89,93,97,105]},{"timeSet":5,"dateRange":1,"harmonicAverageSpeed":70.5,"medianSpeed":75.0,"averageSpeed":76.0,"standardDeviationSpeed":19.5,"travelTimeStandardDeviation":1.47,"sampleSize":240,"normalizedSampleSize":0.0237,"averageTravelTime":4.84,"medianTravelTime":4.55,"travelTimeRatio":0.89,"speedPercentiles":[44,51,55,59,63,65,68,70,73,75,78,82,84,86,89,91,96,100,108]},{"timeSet":6,"dateRange":1,"harmonicAverageSpeed":65.8,"medianSpeed":69.0,"averageSpeed":71.6,"standardDeviationSpeed":19.3,"travelTimeStandardDeviation":1.74,"sampleSize":186,"normalizedSampleSize":0.0184,"averageTravelTime":5.19,"medianTravelTime":4.95,"travelTimeRatio":0.95,"speedPercentiles":[42,49,50,55,58,60,62,64,68,69,72,76,79,83,85,89,93,96,105]},{"timeSet":7,"dateRange":1,"harmonicAverageSpeed":70.1,"medianSpeed":75.0,"averageSpeed":75.2,"standardDeviationSpeed":18.8,"travelTimeStandardDeviation":1.4,"sampleSize":234,"normalizedSampleSize":0.0231,"averageTravelTime":4.87,"medianTravelTime":4.55,"travelTimeRatio":0.9,"speedPercentiles":[47,51,54,58,61,64,67,71,73,75,78,81,84,86,87,89,93,99,105]},{"timeSet":8,"dateRange":1,"harmonicAverageSpeed":64.9,"medianSpeed":69.0,"averageSpeed":69.7,"standardDeviationSpeed":18.0,"travelTimeStandardDeviation":1.52,"sampleSize":784,"normalizedSampleSize":0.0775,"averageTravelTime":5.26,"medianTravelTime":4.95,"travelTimeRatio":0.97,"speedPercentiles":[43,47,51,54,57,59,62,64,66,69,70,73,75,78,81,84,87,93,102]},{"timeSet":9,"dateRange":1,"harmonicAverageSpeed":60.0,"medianSpeed":64.0,"averageSpeed":64.7,"standardDeviationSpeed":16.3,"travelTimeStandardDeviation":1.97,"sampleSize":2673,"normalizedSampleSize":0.2642,"averageTravelTime":5.69,"medianTravelTime":5.33,"travelTimeRatio":1.05,"speedPercentiles":[38,44,48,51,54,56,58,60,62,64,66,69,71,73,76,78,82,86,91]},{"timeSet":10,"dateRange":1,"harmonicAverageSpeed":57.1,"medianSpeed":62.0,"averageSpeed":61.6,"standardDeviationSpeed":15.3,"travelTimeStandardDeviation":2.08,"sampleSize":5531,"normalizedSampleSize":0.5468,"averageTravelTime":5.98,"medianTravelTime":5.51,"travelTimeRatio":1.1,"speedPercentiles":[36,42,46,49,52,54,56,58,60,62,63,65,67,70,72,74,77,81,86]},{"timeSet":11,"dateRange":1,"harmonicAverageSpeed":58.7,"medianSpeed":63.0,"averageSpeed":63.2,"standardDeviationSpeed":15.3,"travelTimeStandardDeviation":2.01,"sampleSize":4065,"normalizedSampleSize":0.4018,"averageTravelTime":5.81,"medianTravelTime":5.42,"travelTimeRatio":1.07,"speedPercentiles":[37,44,48,51,53,55,57,60,61,63,65,67,69,71,73,76,79,82,88]},{"timeSet":12,"dateRange":1,"harmonicAverageSpeed":58.5,"medianSpeed":63.0,"averageSpeed":63.3,"standardDeviationSpeed":15.9,"travelTimeStandardDeviation":2.06,"sampleSize":3892,"normalizedSampleSize":0.3847,"averageTravelTime":5.83,"medianTravelTime":5.42,"travelTimeRatio":1.07,"speedPercentiles":[37,43,47,50,53,55,57,59,61,63,65,68,70,72,74,76,79,82,88]},{"timeSet":13,"dateRange":1,"harmonicAverageSpeed":58.0,"medianSpeed":62.0,"averageSpeed":62.4,"standardDeviationSpeed":15.5,"travelTimeStandardDeviation":1.96,"sampleSize":4285,"normalizedSampleSize":0.4236,"averageTravelTime":5.89,"medianTravelTime":5.51,"travelTimeRatio":1.08,"speedPercentiles":[37,42,47,49,52,54,56,58,60,62,65,66,68,71,73,75,78,82,87]},{"timeSet":14,"dateRange":1,"harmonicAverageSpeed":56.2,"medianSpeed":61.0,"averageSpeed":60.9,"standardDeviationSpeed":15.6,"travelTimeStandardDeviation":2.17,"sampleSize":5002,"normalizedSampleSize":0.4945,"averageTravelTime":6.08,"medianTravelTime":5.6,"travelTimeRatio":1.12,"speedPercentiles":[35,41,45,48,50,53,55,57,59,61,63,65,67,69,72,74,77,80,86]},{"timeSet":15,"dateRange":1,"harmonicAverageSpeed":54.8,"medianSpeed":60.0,"averageSpeed":59.6,"standardDeviationSpeed":15.4,"travelTimeStandardDeviation":2.35,"sampleSize":5659,"normalizedSampleSize":0.5594,"averageTravelTime":6.24,"medianTravelTime":5.69,"travelTimeRatio":1.15,"speedPercentiles":[34,39,44,47,50,52,54,56,58,60,62,64,66,68,70,73,75,79,84]},{"timeSet":16,"dateRange":1,"harmonicAverageSpeed":54.9,"medianSpeed":61.0,"averageSpeed":60.0,"standardDeviationSpeed":15.5,"travelTimeStandardDeviation":2.51,"sampleSize":6214,"normalizedSampleSize":0.6143,"averageTravelTime":6.22,"medianTravelTime":5.6,"travelTimeRatio":1.15,"speedPercentiles":[34,40,44,47,50,52,54,56,59,61,62,64,66,68,71,73,76,79,85]},{"timeSet":17,"dateRange":1,"harmonicAverageSpeed":55.8,"medianSpeed":61.0,"averageSpeed":60.3,"standardDeviationSpeed":15.3,"travelTimeStandardDeviation":2.05,"sampleSize":5632,"normalizedSampleSize":0.5567,"averageTravelTime":6.12,"medianTravelTime":5.6,"travelTimeRatio":1.13,"speedPercentiles":[34,40,44,48,50,53,55,57,59,61,63,64,66,68,71,73,76,79,84]},{"timeSet":18,"dateRange":1,"harmonicAverageSpeed":52.7,"medianSpeed":57.0,"averageSpeed":57.3,"standardDeviationSpeed":14.9,"travelTimeStandardDeviation":2.34,"sampleSize":6173,"normalizedSampleSize":0.6102,"averageTravelTime":6.48,"medianTravelTime":5.99,"travelTimeRatio":1.19,"speedPercentiles":[32,37,42,45,48,50,52,54,56,57,59,61,63,65,67,69,72,75,81]},{"timeSet":19,"dateRange":1,"harmonicAverageSpeed":52.5,"medianSpeed":57.0,"averageSpeed":56.6,"standardDeviationSpeed":14.0,"travelTimeStandardDeviation":2.14,"sampleSize":6906,"normalizedSampleSize":0.6827,"averageTravelTime":6.5,"medianTravelTime":5.99,"travelTimeRatio":1.2,"speedPercentiles":[32,38,42,45,48,50,52,53,55,57,59,60,62,64,66,68,71,74,79]},{"timeSet":20,"dateRange":1,"harmonicAverageSpeed":49.0,"medianSpeed":53.0,"averageSpeed":52.9,"standardDeviationSpeed":13.1,"travelTimeStandardDeviation":2.34,"sampleSize":7615,"normalizedSampleSize":0.7528,"averageTravelTime":6.96,"medianTravelTime":6.44,"travelTimeRatio":1.28,"speedPercentiles":[29,35,40,43,45,47,49,50,52,53,55,56,58,60,61,63,66,69,73]},{"timeSet":21,"dateRange":1,"harmonicAverageSpeed":49.3,"medianSpeed":53.0,"averageSpeed":53.1,"standardDeviationSpeed":12.9,"travelTimeStandardDeviation":2.33,"sampleSize":7490,"normalizedSampleSize":0.7404,"averageTravelTime":6.92,"medianTravelTime":6.44,"travelTimeRatio":1.27,"speedPercentiles":[31,36,40,43,45,47,49,50,52,53,55,56,58,60,61,63,66,69,74]},{"timeSet":22,"dateRange":1,"harmonicAverageSpeed":53.8,"medianSpeed":57.0,"averageSpeed":57.8,"standardDeviationSpeed":14.2,"travelTimeStandardDeviation":1.97,"sampleSize":5553,"normalizedSampleSize":0.5489,"averageTravelTime":6.34,"medianTravelTime":5.99,"travelTimeRatio":1.17,"speedPercentiles":[35,39,44,46,48,51,52,54,56,57,59,61,63,65,67,69,72,76,81]},{"timeSet":23,"dateRange":1,"harmonicAverageSpeed":60.1,"medianSpeed":64.0,"averageSpeed":64.5,"standardDeviationSpeed":16.4,"travelTimeStandardDeviation":1.72,"sampleSize":2861,"normalizedSampleSize":0.2828,"averageTravelTime":5.68,"medianTravelTime":5.33,"travelTimeRatio":1.05,"speedPercentiles":[40,44,48,51,53,55,57,60,62,64,66,68,70,72,75,77,81,86,93]},{"timeSet":24,"dateRange":1,"harmonicAverageSpeed":59.0,"medianSpeed":63.0,"averageSpeed":63.7,"standardDeviationSpeed":16.4,"travelTimeStandardDeviation":1.99,"sampleSize":2804,"normalizedSampleSize":0.2772,"averageTravelTime":5.79,"medianTravelTime":5.42,"travelTimeRatio":1.06,"speedPercentiles":[39,44,47,49,52,54,57,59,61,63,65,67,69,72,74,77,80,85,92]},{"timeSet":25,"dateRange":1,"harmonicAverageSpeed":58.6,"medianSpeed":63.0,"averageSpeed":63.2,"standardDeviationSpeed":15.8,"travelTimeStandardDeviation":2.24,"sampleSize":3583,"normalizedSampleSize":0.3542,"averageTravelTime":5.83,"medianTravelTime":5.42,"travelTimeRatio":1.07,"speedPercentiles":[38,44,48,50,53,55,57,59,61,63,65,67,68,71,73,75,79,83,90]}]}},{"type":"Feature","geometry":{"type":"LineString","coordinates":[[12.47176,41.93625],[12.4717,41.93658]]},"properties":{"segmentId":-13800012637774,"newSegmentId":"-9ba003f5-7bcc-461c-b002-ed1e9e614e66","speedLimit":50,"frc":3,"streetName":"Ponte Flaminio","distance":36.94,"segmentTimeResults":[{"timeSet":2,"dateRange":1,"harmonicAverageSpeed":63.7,"medianSpeed":68.0,"averageSpeed":68.5,"standardDeviationSpeed":17.5,"travelTimeStandardDeviation":0.63,"sampleSize":1708,"normalizedSampleSize":0.1688,"averageTravelTime":2.09,"medianTravelTime":1.96,"travelTimeRatio":1.0,"speedPercentiles":[41,47,51,54,57,59,61,63,65,68,70,72,74,77,79,82,86,90,98]},{"timeSet":3,"dateRange":1,"harmonicAverageSpeed":66.6,"medianSpeed":71.0,"averageSpeed":72.2,"standardDeviationSpeed":19.2,"travelTimeStandardDeviation":0.66,"sampleSize":849,"normalizedSampleSize":0.0839,"averageTravelTime":2.0,"medianTravelTime":1.87,"travelTimeRatio":0.96,"speedPercentiles":[42,49,53,56,59,62,64,67,68,71,73,76,78,81,83,88,92,97,105]},{"timeSet":4,"dateRange":1,"harmonicAverageSpeed":64.7,"medianSpeed":72.0,"averageSpeed":72.8,"standardDeviationSpeed":19.9,"travelTimeStandardDeviation":1.22,"sampleSize":433,"normalizedSampleSize":0.0428,"averageTravelTime":2.06,"medianTravelTime":1.85,"travelTimeRatio":0.98,"speedPercentiles":[42,49,53,57,60,62,65,68,70,72,74,76,79,83,85,89,93,98,107]},{"timeSet":5,"dateRange":1,"harmonicAverageSpeed":69.6,"medianSpeed":76.0,"averageSpeed":75.6,"standardDeviationSpeed":19.7,"travelTimeStandardDeviation":0.64,"sampleSize":242,"normalizedSampleSize":0.0239,"averageTravelTime":1.91,"medianTravelTime":1.75,"travelTimeRatio":0.92,"speedPercentiles":[43,49,54,60,64,66,68,70,73,76,79,82,84,86,88,92,96,100,108]},{"timeSet":6,"dateRange":1,"harmonicAverageSpeed":66.2,"medianSpeed":71.0,"averageSpeed":71.8,"standardDeviationSpeed":18.9,"travelTimeStandardDeviation":0.67,"sampleSize":185,"normalizedSampleSize":0.0183,"averageTravelTime":2.01,"medianTravelTime":1.87,"travelTimeRatio":0.96,"speedPercentiles":[42,49,52,55,58,61,63,66,69,71,73,76,79,82,84,88,92,95,105]},{"timeSet":7,"dateRange":1,"harmonicAverageSpeed":70.9,"medianSpeed":75.0,"averageSpeed":75.7,"standardDeviationSpeed":18.5,"travelTimeStandardDeviation":0.53,"sampleSize":235,"normalizedSampleSize":0.0232,"averageTravelTime":1.88,"medianTravelTime":1.77,"travelTimeRatio":0.9,"speedPercentiles":[47,53,55,60,62,66,67,70,72,75,78,80,83,85,88,90,94,99,109]},{"timeSet":8,"dateRange":1,"harmonicAverageSpeed":65.7,"medianSpeed":69.0,"averageSpeed":70.4,"standardDeviationSpeed":17.7,"travelTimeStandardDeviation":0.59,"sampleSize":786,"normalizedSampleSize":0.0777,"averageTravelTime":2.02,"medianTravelTime":1.93,"travelTimeRatio":0.97,"speedPercentiles":[43,48,53,56,58,61,64,66,67,69,71,74,76,78,81,84,88,93,101]},{"timeSet":9,"dateRange":1,"harmonicAverageSpeed":60.4,"medianSpeed":65.0,"averageSpeed":65.2,"standardDeviationSpeed":16.3,"travelTimeStandardDeviation":0.76,"sampleSize":2673,"normalizedSampleSize":0.2642,"averageTravelTime":2.2,"medianTravelTime":2.05,"travelTimeRatio":1.05,"speedPercentiles":[38,44,48,52,55,57,59,61,63,65,67,69,71,74,76,79,81,85,91]},{"timeSet":10,"dateRange":1,"harmonicAverageSpeed":57.3,"medianSpeed":63.0,"averageSpeed":62.1,"standardDeviationSpeed":15.4,"travelTimeStandardDeviation":0.85,"sampleSize":5569,"normalizedSampleSize":0.5505,"averageTravelTime":2.32,"medianTravelTime":2.11,"travelTimeRatio":1.11,"speedPercentiles":[35,42,46,50,53,55,57,59,61,63,64,66,68,70,72,75,78,81,86]},{"timeSet":11,"dateRange":1,"harmonicAverageSpeed":59.2,"medianSpeed":64.0,"averageSpeed":63.8,"standardDeviationSpeed":15.4,"travelTimeStandardDeviation":0.77,"sampleSize":4081,"normalizedSampleSize":0.4034,"averageTravelTime":2.25,"medianTravelTime":2.08,"travelTimeRatio":1.08,"speedPercentiles":[37,44,48,52,55,57,59,60,62,64,66,68,70,72,74,76,79,83,88]},{"timeSet":12,"dateRange":1,"harmonicAverageSpeed":59.1,"medianSpeed":64.0,"averageSpeed":64.0,"standardDeviationSpeed":16.0,"travelTimeStandardDeviation":0.82,"sampleSize":3910,"normalizedSampleSize":0.3865,"averageTravelTime":2.25,"medianTravelTime":2.08,"travelTimeRatio":1.08,"speedPercentiles":[37,43,48,51,54,56,58,60,63,64,67,69,71,72,75,77,80,83,89]},{"timeSet":13,"dateRange":1,"harmonicAverageSpeed":58.3,"medianSpeed":63.0,"averageSpeed":63.0,"standardDeviationSpeed":15.6,"travelTimeStandardDeviation":0.84,"sampleSize":4309,"normalizedSampleSize":0.426,"averageTravelTime":2.28,"medianTravelTime":2.11,"travelTimeRatio":1.09,"speedPercentiles":[37,43,47,50,53,55,57,59,61,63,65,67,69,71,74,76,79,82,87]},{"timeSet":14,"dateRange":1,"harmonicAverageSpeed":56.7,"medianSpeed":62.0,"averageSpeed":61.9,"standardDeviationSpeed":15.8,"travelTimeStandardDeviation":1.09,"sampleSize":5039,"normalizedSampleSize":0.4981,"averageTravelTime":2.34,"medianTravelTime":2.14,"travelTimeRatio":1.12,"speedPercentiles":[35,41,46,49,52,54,56,58,60,62,64,66,68,70,72,75,78,81,87]},{"timeSet":15,"dateRange":1,"harmonicAverageSpeed":55.2,"medianSpeed":60.0,"averageSpeed":60.2,"standardDeviationSpeed":15.5,"travelTimeStandardDeviation":0.92,"sampleSize":5702,"normalizedSampleSize":0.5637,"averageTravelTime":2.41,"medianTravelTime":2.22,"travelTimeRatio":1.15,"speedPercentiles":[33,39,44,48,50,53,55,57,59,60,63,64,66,68,71,73,76,80,85]},{"timeSet":16,"dateRange":1,"harmonicAverageSpeed":55.3,"medianSpeed":61.0,"averageSpeed":60.6,"standardDeviationSpeed":15.7,"travelTimeStandardDeviation":0.98,"sampleSize":6256,"normalizedSampleSize":0.6184,"averageTravelTime":2.4,"medianTravelTime":2.18,"travelTimeRatio":1.15,"speedPercentiles":[34,40,44,48,51,53,55,57,59,61,63,65,67,69,71,73,76,80,85]},{"timeSet":17,"dateRange":1,"harmonicAverageSpeed":56.2,"medianSpeed":61.0,"averageSpeed":61.0,"standardDeviationSpeed":15.5,"travelTimeStandardDeviation":0.84,"sampleSize":5672,"normalizedSampleSize":0.5607,"averageTravelTime":2.37,"medianTravelTime":2.18,"travelTimeRatio":1.13,"speedPercentiles":[34,40,45,48,51,54,56,58,59,61,63,65,67,69,71,73,76,80,85]},{"timeSet":18,"dateRange":1,"harmonicAverageSpeed":52.9,"medianSpeed":58.0,"averageSpeed":57.8,"standardDeviationSpeed":15.1,"travelTimeStandardDeviation":0.99,"sampleSize":6206,"normalizedSampleSize":0.6135,"averageTravelTime":2.51,"medianTravelTime":2.29,"travelTimeRatio":1.2,"speedPercentiles":[32,37,42,46,49,51,53,55,57,58,60,62,63,65,67,70,72,76,81]},{"timeSet":19,"dateRange":1,"harmonicAverageSpeed":52.7,"medianSpeed":58.0,"averageSpeed":57.0,"standardDeviationSpeed":14.3,"travelTimeStandardDeviation":0.89,"sampleSize":6946,"normalizedSampleSize":0.6866,"averageTravelTime":2.52,"medianTravelTime":2.29,"travelTimeRatio":1.21,"speedPercentiles":[32,38,42,45,48,50,52,54,56,58,59,61,63,64,67,69,71,74,79]},{"timeSet":20,"dateRange":1,"harmonicAverageSpeed":48.9,"medianSpeed":54.0,"averageSpeed":53.0,"standardDeviationSpeed":13.4,"travelTimeStandardDeviation":0.98,"sampleSize":7650,"normalizedSampleSize":0.7562,"averageTravelTime":2.72,"medianTravelTime":2.46,"travelTimeRatio":1.3,"speedPercentiles":[29,35,40,43,45,47,49,50,52,54,55,57,58,60,62,64,66,69,74]},{"timeSet":21,"dateRange":1,"harmonicAverageSpeed":48.9,"medianSpeed":53.0,"averageSpeed":53.1,"standardDeviationSpeed":13.4,"travelTimeStandardDeviation":1.02,"sampleSize":7548,"normalizedSampleSize":0.7461,"averageTravelTime":2.72,"medianTravelTime":2.51,"travelTimeRatio":1.3,"speedPercentiles":[30,35,39,42,45,47,49,50,52,53,55,56,58,60,62,64,66,70,74]},{"timeSet":22,"dateRange":1,"harmonicAverageSpeed":54.0,"medianSpeed":58.0,"averageSpeed":58.1,"standardDeviationSpeed":14.4,"travelTimeStandardDeviation":0.79,"sampleSize":5589,"normalizedSampleSize":0.5525,"averageTravelTime":2.46,"medianTravelTime":2.29,"travelTimeRatio":1.18,"speedPercentiles":[34,39,43,46,49,51,53,55,56,58,60,62,63,65,67,70,72,76,82]},{"timeSet":23,"dateRange":1,"harmonicAverageSpeed":60.5,"medianSpeed":64.0,"averageSpeed":65.0,"standardDeviationSpeed":16.3,"travelTimeStandardDeviation":0.67,"sampleSize":2876,"normalizedSampleSize":0.2843,"averageTravelTime":2.2,"medianTravelTime":2.08,"travelTimeRatio":1.05,"speedPercentiles":[40,45,48,51,54,56,58,60,63,64,66,68,71,73,75,78,81,86,92]},{"timeSet":24,"dateRange":1,"harmonicAverageSpeed":59.6,"medianSpeed":63.0,"averageSpeed":64.3,"standardDeviationSpeed":16.4,"travelTimeStandardDeviation":0.78,"sampleSize":2818,"normalizedSampleSize":0.2786,"averageTravelTime":2.23,"medianTravelTime":2.11,"travelTimeRatio":1.07,"speedPercentiles":[39,44,47,51,53,55,57,59,61,63,66,68,70,73,75,78,81,85,92]},{"timeSet":25,"dateRange":1,"harmonicAverageSpeed":59.1,"medianSpeed":63.0,"averageSpeed":63.8,"standardDeviationSpeed":15.8,"travelTimeStandardDeviation":0.83,"sampleSize":3621,"normalizedSampleSize":0.3579,"averageTravelTime":2.25,"medianTravelTime":2.11,"travelTimeRatio":1.08,"speedPercentiles":[38,44,48,51,54,56,58,60,61,63,65,67,69,71,73,76,79,84,90]}]}},{"type":"Feature","geometry":{"type":"LineString","coordinates":[[12.4717,41.93658],[12.47162,41.93708]]},"properties":{"segmentId":-13800012257373,"newSegmentId":"-e8a1dc78-861d-4a53-abd8-0e02f351b943","speedLimit":50,"frc":3,"streetName":"Ponte Flaminio","distance":55.96,"segmentTimeResults":[{"timeSet":2,"dateRange":1,"harmonicAverageSpeed":63.1,"medianSpeed":67.0,"averageSpeed":68.1,"standardDeviationSpeed":17.1,"travelTimeStandardDeviation":1.3,"sampleSize":1709,"normalizedSampleSize":0.1689,"averageTravelTime":3.19,"medianTravelTime":3.01,"travelTimeRatio":1.0,"speedPercentiles":[41,47,51,54,56,59,61,63,65,67,69,72,74,76,79,82,85,90,97]},{"timeSet":3,"dateRange":1,"harmonicAverageSpeed":66.1,"medianSpeed":71.0,"averageSpeed":71.6,"standardDeviationSpeed":18.9,"travelTimeStandardDeviation":1.01,"sampleSize":845,"normalizedSampleSize":0.0835,"averageTravelTime":3.05,"medianTravelTime":2.84,"travelTimeRatio":0.96,"speedPercentiles":[42,48,52,56,59,62,64,66,69,71,73,75,78,80,83,87,91,96,103]},{"timeSet":4,"dateRange":1,"harmonicAverageSpeed":64.3,"medianSpeed":71.0,"averageSpeed":72.2,"standardDeviationSpeed":19.8,"travelTimeStandardDeviation":1.81,"sampleSize":431,"normalizedSampleSize":0.0426,"averageTravelTime":3.13,"medianTravelTime":2.84,"travelTimeRatio":0.98,"speedPercentiles":[42,49,53,56,58,62,65,68,69,71,74,76,78,82,85,88,92,97,106]},{"timeSet":5,"dateRange":1,"harmonicAverageSpeed":67.2,"medianSpeed":76.0,"averageSpeed":74.6,"standardDeviationSpeed":19.7,"travelTimeStandardDeviation":1.45,"sampleSize":241,"normalizedSampleSize":0.0238,"averageTravelTime":3.0,"medianTravelTime":2.65,"travelTimeRatio":0.94,"speedPercentiles":[42,48,54,59,63,66,68,70,73,76,79,81,83,86,88,91,94,99,104]},{"timeSet":6,"dateRange":1,"harmonicAverageSpeed":66.0,"medianSpeed":71.0,"averageSpeed":71.4,"standardDeviationSpeed":18.6,"travelTimeStandardDeviation":1.02,"sampleSize":183,"normalizedSampleSize":0.0181,"averageTravelTime":3.05,"medianTravelTime":2.84,"travelTimeRatio":0.96,"speedPercentiles":[42,49,54,55,58,60,62,66,68,71,73,75,77,81,84,88,91,94,105]},{"timeSet":7,"dateRange":1,"harmonicAverageSpeed":70.4,"medianSpeed":74.0,"averageSpeed":75.4,"standardDeviationSpeed":18.7,"travelTimeStandardDeviation":0.82,"sampleSize":237,"normalizedSampleSize":0.0234,"averageTravelTime":2.86,"medianTravelTime":2.72,"travelTimeRatio":0.9,"speedPercentiles":[42,52,56,60,62,64,68,70,72,74,76,80,83,85,88,91,94,99,109]},{"timeSet":8,"dateRange":1,"harmonicAverageSpeed":65.5,"medianSpeed":69.0,"averageSpeed":70.1,"standardDeviationSpeed":17.7,"travelTimeStandardDeviation":0.89,"sampleSize":787,"normalizedSampleSize":0.0778,"averageTravelTime":3.08,"medianTravelTime":2.92,"travelTimeRatio":0.96,"speedPercentiles":[43,48,53,56,58,61,63,65,67,69,71,73,76,77,80,84,87,93,101]},{"timeSet":9,"dateRange":1,"harmonicAverageSpeed":60.0,"medianSpeed":65.0,"averageSpeed":65.2,"standardDeviationSpeed":16.2,"travelTimeStandardDeviation":1.64,"sampleSize":2669,"normalizedSampleSize":0.2638,"averageTravelTime":3.36,"medianTravelTime":3.1,"travelTimeRatio":1.05,"speedPercentiles":[38,44,48,52,55,58,60,61,63,65,67,69,71,74,76,78,81,86,91]},{"timeSet":10,"dateRange":1,"harmonicAverageSpeed":57.1,"medianSpeed":62.0,"averageSpeed":61.9,"standardDeviationSpeed":15.5,"travelTimeStandardDeviation":1.32,"sampleSize":5564,"normalizedSampleSize":0.55,"averageTravelTime":3.53,"medianTravelTime":3.25,"travelTimeRatio":1.11,"speedPercentiles":[35,42,46,50,52,55,57,59,60,62,64,66,68,70,72,75,77,81,86]},{"timeSet":11,"dateRange":1,"harmonicAverageSpeed":58.6,"medianSpeed":64.0,"averageSpeed":63.4,"standardDeviationSpeed":15.5,"travelTimeStandardDeviation":1.31,"sampleSize":4079,"normalizedSampleSize":0.4032,"averageTravelTime":3.44,"medianTravelTime":3.15,"travelTimeRatio":1.08,"speedPercentiles":[36,43,48,51,54,56,58,60,62,64,66,67,69,71,73,76,79,82,88]},{"timeSet":12,"dateRange":1,"harmonicAverageSpeed":58.9,"medianSpeed":65.0,"averageSpeed":63.9,"standardDeviationSpeed":16.0,"travelTimeStandardDeviation":1.28,"sampleSize":3910,"normalizedSampleSize":0.3865,"averageTravelTime":3.42,"medianTravelTime":3.1,"travelTimeRatio":1.07,"speedPercentiles":[36,42,47,51,53,56,58,60,62,65,67,69,71,73,75,77,80,83,89]},{"timeSet":13,"dateRange":1,"harmonicAverageSpeed":58.0,"medianSpeed":63.0,"averageSpeed":62.9,"standardDeviationSpeed":15.7,"travelTimeStandardDeviation":1.36,"sampleSize":4310,"normalizedSampleSize":0.4261,"averageTravelTime":3.47,"medianTravelTime":3.2,"travelTimeRatio":1.09,"speedPercentiles":[37,42,47,50,53,55,57,59,61,63,65,67,69,71,74,76,79,82,88]},{"timeSet":14,"dateRange":1,"harmonicAverageSpeed":56.3,"medianSpeed":62.0,"averageSpeed":61.8,"standardDeviationSpeed":15.8,"travelTimeStandardDeviation":1.93,"sampleSize":5044,"normalizedSampleSize":0.4986,"averageTravelTime":3.58,"medianTravelTime":3.25,"travelTimeRatio":1.12,"speedPercentiles":[35,41,45,49,52,54,56,58,60,62,64,66,68,70,72,75,78,81,87]},{"timeSet":15,"dateRange":1,"harmonicAverageSpeed":54.7,"medianSpeed":60.0,"averageSpeed":59.9,"standardDeviationSpeed":15.6,"travelTimeStandardDeviation":1.49,"sampleSize":5711,"normalizedSampleSize":0.5646,"averageTravelTime":3.68,"medianTravelTime":3.36,"travelTimeRatio":1.15,"speedPercentiles":[33,39,44,47,50,53,55,56,58,60,62,64,66,68,70,73,76,79,85]},{"timeSet":16,"dateRange":1,"harmonicAverageSpeed":53.7,"medianSpeed":61.0,"averageSpeed":60.2,"standardDeviationSpeed":15.8,"travelTimeStandardDeviation":4.81,"sampleSize":6271,"normalizedSampleSize":0.6199,"averageTravelTime":3.75,"medianTravelTime":3.3,"travelTimeRatio":1.17,"speedPercentiles":[33,40,44,47,50,53,55,57,59,61,63,65,66,68,71,73,76,80,85]},{"timeSet":17,"dateRange":1,"harmonicAverageSpeed":55.7,"medianSpeed":61.0,"averageSpeed":60.7,"standardDeviationSpeed":15.6,"travelTimeStandardDeviation":1.42,"sampleSize":5676,"normalizedSampleSize":0.5611,"averageTravelTime":3.62,"medianTravelTime":3.3,"travelTimeRatio":1.13,"speedPercentiles":[34,40,44,48,51,53,56,57,59,61,63,65,67,69,71,73,76,80,86]},{"timeSet":18,"dateRange":1,"harmonicAverageSpeed":52.5,"medianSpeed":58.0,"averageSpeed":57.5,"standardDeviationSpeed":15.1,"travelTimeStandardDeviation":1.58,"sampleSize":6215,"normalizedSampleSize":0.6144,"averageTravelTime":3.84,"medianTravelTime":3.47,"travelTimeRatio":1.2,"speedPercentiles":[31,37,42,45,48,51,53,55,56,58,60,61,63,65,67,70,72,76,81]},{"timeSet":19,"dateRange":1,"harmonicAverageSpeed":52.3,"medianSpeed":57.0,"averageSpeed":56.6,"standardDeviationSpeed":14.3,"travelTimeStandardDeviation":1.38,"sampleSize":6950,"normalizedSampleSize":0.687,"averageTravelTime":3.85,"medianTravelTime":3.53,"travelTimeRatio":1.21,"speedPercentiles":[32,38,42,45,48,50,52,54,55,57,59,60,62,64,66,68,71,74,79]},{"timeSet":20,"dateRange":1,"harmonicAverageSpeed":48.2,"medianSpeed":53.0,"averageSpeed":52.4,"standardDeviationSpeed":13.4,"travelTimeStandardDeviation":1.54,"sampleSize":7659,"normalizedSampleSize":0.7571,"averageTravelTime":4.18,"medianTravelTime":3.8,"travelTimeRatio":1.31,"speedPercentiles":[29,34,39,42,44,46,48,50,51,53,55,56,58,59,61,63,66,69,74]},{"timeSet":21,"dateRange":1,"harmonicAverageSpeed":47.9,"medianSpeed":53.0,"averageSpeed":52.4,"standardDeviationSpeed":13.5,"travelTimeStandardDeviation":1.8,"sampleSize":7571,"normalizedSampleSize":0.7484,"averageTravelTime":4.21,"medianTravelTime":3.8,"travelTimeRatio":1.32,"speedPercentiles":[29,35,39,42,44,46,48,49,51,53,54,56,57,59,61,64,66,69,74]},{"timeSet":22,"dateRange":1,"harmonicAverageSpeed":53.4,"medianSpeed":57.0,"averageSpeed":57.5,"standardDeviationSpeed":14.4,"travelTimeStandardDeviation":1.21,"sampleSize":5583,"normalizedSampleSize":0.5519,"averageTravelTime":3.77,"medianTravelTime":3.53,"travelTimeRatio":1.18,"speedPercentiles":[34,39,43,46,48,50,52,54,56,57,59,61,63,65,67,69,72,76,82]},{"timeSet":23,"dateRange":1,"harmonicAverageSpeed":59.3,"medianSpeed":64.0,"averageSpeed":64.5,"standardDeviationSpeed":16.3,"travelTimeStandardDeviation":2.1,"sampleSize":2875,"normalizedSampleSize":0.2842,"averageTravelTime":3.4,"medianTravelTime":3.15,"travelTimeRatio":1.06,"speedPercentiles":[39,44,48,51,53,56,58,60,62,64,66,68,70,72,75,78,81,85,92]},{"timeSet":24,"dateRange":1,"harmonicAverageSpeed":59.3,"medianSpeed":63.0,"averageSpeed":64.0,"standardDeviationSpeed":16.3,"travelTimeStandardDeviation":1.21,"sampleSize":2813,"normalizedSampleSize":0.2781,"averageTravelTime":3.4,"medianTravelTime":3.2,"travelTimeRatio":1.07,"speedPercentiles":[39,44,47,50,53,55,57,59,61,63,65,68,70,72,75,77,81,85,92]},{"timeSet":25,"dateRange":1,"harmonicAverageSpeed":59.0,"medianSpeed":63.0,"averageSpeed":63.5,"standardDeviationSpeed":15.7,"travelTimeStandardDeviation":1.26,"sampleSize":3635,"normalizedSampleSize":0.3593,"averageTravelTime":3.42,"medianTravelTime":3.2,"travelTimeRatio":1.07,"speedPercentiles":[38,44,48,51,53,55,58,60,61,63,65,67,69,71,73,76,79,83,89]}]}},{"type":"Feature","geometry":{"type":"LineString","coordinates":[[12.47162,41.93708],[12.4716,41.93721],[12.47158,41.93727]]},"properties":{"segmentId":-13800006791426,"newSegmentId":"-00004931-3600-0400-0000-0000034cdc2a","speedLimit":50,"frc":3,"streetName":"Corso di Francia","distance":21.62,"segmentTimeResults":[{"timeSet":2,"dateRange":1,"harmonicAverageSpeed":61.8,"medianSpeed":67.0,"averageSpeed":67.6,"standardDeviationSpeed":17.1,"travelTimeStandardDeviation":0.98,"sampleSize":1712,"normalizedSampleSize":0.1692,"averageTravelTime":1.26,"medianTravelTime":1.16,"travelTimeRatio":1.0,"speedPercentiles":[41,47,50,53,56,58,61,63,65,67,69,71,74,76,79,81,85,89,97]},{"timeSet":3,"dateRange":1,"harmonicAverageSpeed":65.6,"medianSpeed":70.0,"averageSpeed":71.0,"standardDeviationSpeed":18.6,"travelTimeStandardDeviation":0.39,"sampleSize":847,"normalizedSampleSize":0.0837,"averageTravelTime":1.19,"medianTravelTime":1.11,"travelTimeRatio":0.94,"speedPercentiles":[42,47,52,55,58,61,64,66,69,70,73,75,78,80,83,86,90,95,103]},{"timeSet":4,"dateRange":1,"harmonicAverageSpeed":64.5,"medianSpeed":71.0,"averageSpeed":71.7,"standardDeviationSpeed":19.6,"travelTimeStandardDeviation":0.61,"sampleSize":431,"normalizedSampleSize":0.0426,"averageTravelTime":1.21,"medianTravelTime":1.1,"travelTimeRatio":0.96,"speedPercentiles":[42,48,52,55,58,61,64,66,69,71,73,75,78,80,85,87,92,97,106]},{"timeSet":5,"dateRange":1,"harmonicAverageSpeed":66.5,"medianSpeed":75.0,"averageSpeed":73.9,"standardDeviationSpeed":19.6,"travelTimeStandardDeviation":0.56,"sampleSize":241,"normalizedSampleSize":0.0238,"averageTravelTime":1.17,"medianTravelTime":1.04,"travelTimeRatio":0.93,"speedPercentiles":[41,48,53,59,62,65,67,70,71,75,78,80,82,84,87,90,94,99,102]},{"timeSet":6,"dateRange":1,"harmonicAverageSpeed":65.4,"medianSpeed":70.0,"averageSpeed":70.8,"standardDeviationSpeed":18.6,"travelTimeStandardDeviation":0.4,"sampleSize":183,"normalizedSampleSize":0.0181,"averageTravelTime":1.19,"medianTravelTime":1.11,"travelTimeRatio":0.95,"speedPercentiles":[42,49,54,55,57,59,62,64,67,70,72,75,77,82,83,86,90,94,104]},{"timeSet":7,"dateRange":1,"harmonicAverageSpeed":69.8,"medianSpeed":74.0,"averageSpeed":75.1,"standardDeviationSpeed":19.1,"travelTimeStandardDeviation":0.34,"sampleSize":234,"normalizedSampleSize":0.0231,"averageTravelTime":1.12,"medianTravelTime":1.05,"travelTimeRatio":0.89,"speedPercentiles":[42,51,56,59,62,65,67,69,71,74,76,80,83,86,88,92,94,100,108]},{"timeSet":8,"dateRange":1,"harmonicAverageSpeed":62.7,"medianSpeed":69.0,"averageSpeed":69.4,"standardDeviationSpeed":17.5,"travelTimeStandardDeviation":1.26,"sampleSize":791,"normalizedSampleSize":0.0782,"averageTravelTime":1.24,"medianTravelTime":1.13,"travelTimeRatio":0.99,"speedPercentiles":[43,47,52,55,57,60,63,65,67,69,71,72,75,77,80,83,86,92,101]},{"timeSet":9,"dateRange":1,"harmonicAverageSpeed":59.9,"medianSpeed":65.0,"averageSpeed":64.8,"standardDeviationSpeed":16.2,"travelTimeStandardDeviation":0.46,"sampleSize":2669,"normalizedSampleSize":0.2638,"averageTravelTime":1.3,"medianTravelTime":1.2,"travelTimeRatio":1.03,"speedPercentiles":[38,44,48,52,55,57,59,61,63,65,67,69,71,73,75,78,81,85,91]},{"timeSet":10,"dateRange":1,"harmonicAverageSpeed":56.0,"medianSpeed":62.0,"averageSpeed":61.5,"standardDeviationSpeed":15.6,"travelTimeStandardDeviation":1.17,"sampleSize":5575,"normalizedSampleSize":0.5511,"averageTravelTime":1.39,"medianTravelTime":1.26,"travelTimeRatio":1.1,"speedPercentiles":[34,41,46,49,52,54,56,58,60,62,64,66,68,70,72,74,77,81,86]},{"timeSet":11,"dateRange":1,"harmonicAverageSpeed":57.5,"medianSpeed":63.0,"averageSpeed":63.0,"standardDeviationSpeed":15.7,"travelTimeStandardDeviation":0.84,"sampleSize":4090,"normalizedSampleSize":0.4043,"averageTravelTime":1.35,"medianTravelTime":1.24,"travelTimeRatio":1.08,"speedPercentiles":[36,43,47,51,53,56,58,60,62,63,65,67,69,71,73,76,79,82,88]},{"timeSet":12,"dateRange":1,"harmonicAverageSpeed":57.5,"medianSpeed":64.0,"averageSpeed":63.5,"standardDeviationSpeed":16.3,"travelTimeStandardDeviation":1.01,"sampleSize":3917,"normalizedSampleSize":0.3872,"averageTravelTime":1.35,"medianTravelTime":1.22,"travelTimeRatio":1.07,"speedPercentiles":[36,41,46,50,53,55,58,60,62,64,66,69,70,73,74,77,80,83,89]},{"timeSet":13,"dateRange":1,"harmonicAverageSpeed":57.0,"medianSpeed":63.0,"averageSpeed":62.4,"standardDeviationSpeed":15.9,"travelTimeStandardDeviation":0.75,"sampleSize":4323,"normalizedSampleSize":0.4273,"averageTravelTime":1.36,"medianTravelTime":1.24,"travelTimeRatio":1.08,"speedPercentiles":[36,42,46,49,52,54,56,58,61,63,65,67,69,71,73,76,79,82,88]},{"timeSet":14,"dateRange":1,"harmonicAverageSpeed":55.3,"medianSpeed":62.0,"averageSpeed":61.5,"standardDeviationSpeed":15.9,"travelTimeStandardDeviation":1.1,"sampleSize":5078,"normalizedSampleSize":0.502,"averageTravelTime":1.41,"medianTravelTime":1.26,"travelTimeRatio":1.12,"speedPercentiles":[34,41,45,48,51,54,56,58,60,62,64,66,68,70,72,75,78,81,86]},{"timeSet":15,"dateRange":1,"harmonicAverageSpeed":53.5,"medianSpeed":60.0,"averageSpeed":59.3,"standardDeviationSpeed":15.9,"travelTimeStandardDeviation":0.89,"sampleSize":5743,"normalizedSampleSize":0.5677,"averageTravelTime":1.45,"medianTravelTime":1.3,"travelTimeRatio":1.16,"speedPercentiles":[32,38,43,46,49,52,54,56,58,60,62,64,66,68,70,72,75,80,85]},{"timeSet":16,"dateRange":1,"harmonicAverageSpeed":53.3,"medianSpeed":60.0,"averageSpeed":59.6,"standardDeviationSpeed":16.0,"travelTimeStandardDeviation":1.04,"sampleSize":6289,"normalizedSampleSize":0.6217,"averageTravelTime":1.46,"medianTravelTime":1.3,"travelTimeRatio":1.16,"speedPercentiles":[33,39,43,46,49,52,54,56,58,60,62,64,66,68,70,73,76,80,85]},{"timeSet":17,"dateRange":1,"harmonicAverageSpeed":55.2,"medianSpeed":60.0,"averageSpeed":60.3,"standardDeviationSpeed":15.6,"travelTimeStandardDeviation":0.55,"sampleSize":5692,"normalizedSampleSize":0.5627,"averageTravelTime":1.41,"medianTravelTime":1.3,"travelTimeRatio":1.12,"speedPercentiles":[34,40,44,47,50,53,55,57,58,60,62,65,66,69,71,73,76,79,85]},{"timeSet":18,"dateRange":1,"harmonicAverageSpeed":51.6,"medianSpeed":57.0,"averageSpeed":57.0,"standardDeviationSpeed":15.2,"travelTimeStandardDeviation":0.85,"sampleSize":6226,"normalizedSampleSize":0.6155,"averageTravelTime":1.51,"medianTravelTime":1.37,"travelTimeRatio":1.2,"speedPercentiles":[31,36,41,45,47,50,52,54,56,57,59,61,63,65,67,69,72,76,81]},{"timeSet":19,"dateRange":1,"harmonicAverageSpeed":50.7,"medianSpeed":56.0,"averageSpeed":56.0,"standardDeviationSpeed":14.4,"travelTimeStandardDeviation":1.29,"sampleSize":6972,"normalizedSampleSize":0.6892,"averageTravelTime":1.54,"medianTravelTime":1.39,"travelTimeRatio":1.22,"speedPercentiles":[31,37,41,44,47,49,51,53,55,56,58,60,62,63,66,68,70,74,79]},{"timeSet":20,"dateRange":1,"harmonicAverageSpeed":47.0,"medianSpeed":52.0,"averageSpeed":51.8,"standardDeviationSpeed":13.5,"travelTimeStandardDeviation":1.12,"sampleSize":7692,"normalizedSampleSize":0.7604,"averageTravelTime":1.66,"medianTravelTime":1.5,"travelTimeRatio":1.32,"speedPercentiles":[28,34,38,41,44,45,47,49,50,52,54,55,57,58,61,63,65,68,73]},{"timeSet":21,"dateRange":1,"harmonicAverageSpeed":46.3,"medianSpeed":52.0,"averageSpeed":51.7,"standardDeviationSpeed":13.8,"travelTimeStandardDeviation":1.36,"sampleSize":7593,"normalizedSampleSize":0.7506,"averageTravelTime":1.68,"medianTravelTime":1.5,"travelTimeRatio":1.34,"speedPercentiles":[28,34,38,41,43,45,47,49,50,52,53,55,57,59,61,63,66,69,73]},{"timeSet":22,"dateRange":1,"harmonicAverageSpeed":52.6,"medianSpeed":57.0,"averageSpeed":56.8,"standardDeviationSpeed":14.6,"travelTimeStandardDeviation":0.48,"sampleSize":5600,"normalizedSampleSize":0.5536,"averageTravelTime":1.48,"medianTravelTime":1.37,"travelTimeRatio":1.18,"speedPercentiles":[33,38,42,45,47,49,51,53,55,57,58,60,62,64,66,69,72,75,81]},{"timeSet":23,"dateRange":1,"harmonicAverageSpeed":58.1,"medianSpeed":63.0,"averageSpeed":64.0,"standardDeviationSpeed":16.3,"travelTimeStandardDeviation":1.21,"sampleSize":2877,"normalizedSampleSize":0.2844,"averageTravelTime":1.34,"medianTravelTime":1.24,"travelTimeRatio":1.06,"speedPercentiles":[39,44,48,50,53,55,57,59,62,63,65,67,69,71,74,77,80,85,91]},{"timeSet":24,"dateRange":1,"harmonicAverageSpeed":58.3,"medianSpeed":63.0,"averageSpeed":63.5,"standardDeviationSpeed":16.4,"travelTimeStandardDeviation":0.61,"sampleSize":2823,"normalizedSampleSize":0.2791,"averageTravelTime":1.34,"medianTravelTime":1.24,"travelTimeRatio":1.06,"speedPercentiles":[38,44,47,50,52,54,57,59,61,63,65,67,69,71,74,77,80,84,91]},{"timeSet":25,"dateRange":1,"harmonicAverageSpeed":58.4,"medianSpeed":63.0,"averageSpeed":63.0,"standardDeviationSpeed":15.7,"travelTimeStandardDeviation":0.49,"sampleSize":3647,"normalizedSampleSize":0.3605,"averageTravelTime":1.33,"medianTravelTime":1.24,"travelTimeRatio":1.06,"speedPercentiles":[38,44,47,50,53,55,57,59,61,63,65,66,68,70,73,75,79,83,89]}]}},{"type":"Feature","geometry":{"type":"LineString","coordinates":[[12.47158,41.93727],[12.47153,41.93759]]},"properties":{"segmentId":-13800011256680,"newSegmentId":"-c9746c03-e6b4-4a5b-acd2-8b2ac8b87d12","speedLimit":50,"frc":3,"streetName":"Corso di Francia","distance":35.8,"segmentTimeResults":[{"timeSet":2,"dateRange":1,"harmonicAverageSpeed":61.8,"medianSpeed":66.0,"averageSpeed":66.6,"standardDeviationSpeed":17.0,"travelTimeStandardDeviation":0.65,"sampleSize":1713,"normalizedSampleSize":0.1693,"averageTravelTime":2.08,"medianTravelTime":1.95,"travelTimeRatio":1.0,"speedPercentiles":[40,46,50,52,55,58,59,61,64,66,68,70,72,75,77,80,84,89,96]},{"timeSet":3,"dateRange":1,"harmonicAverageSpeed":64.6,"medianSpeed":69.0,"averageSpeed":70.0,"standardDeviationSpeed":18.5,"travelTimeStandardDeviation":0.66,"sampleSize":845,"normalizedSampleSize":0.0835,"averageTravelTime":1.99,"medianTravelTime":1.87,"travelTimeRatio":0.96,"speedPercentiles":[41,46,51,54,57,60,62,65,67,69,72,74,76,79,81,84,89,95,102]},{"timeSet":4,"dateRange":1,"harmonicAverageSpeed":63.4,"medianSpeed":70.0,"averageSpeed":70.5,"standardDeviationSpeed":19.3,"travelTimeStandardDeviation":1.01,"sampleSize":427,"normalizedSampleSize":0.0422,"averageTravelTime":2.03,"medianTravelTime":1.84,"travelTimeRatio":0.98,"speedPercentiles":[41,47,52,54,57,59,63,65,68,70,72,75,77,79,84,86,90,96,103]},{"timeSet":5,"dateRange":1,"harmonicAverageSpeed":65.1,"medianSpeed":72.0,"averageSpeed":72.6,"standardDeviationSpeed":19.6,"travelTimeStandardDeviation":0.97,"sampleSize":241,"normalizedSampleSize":0.0238,"averageTravelTime":1.98,"medianTravelTime":1.79,"travelTimeRatio":0.95,"speedPercentiles":[39,47,53,57,62,64,66,68,70,72,76,79,81,82,86,89,92,98,102]},{"timeSet":6,"dateRange":1,"harmonicAverageSpeed":64.3,"medianSpeed":69.0,"averageSpeed":69.7,"standardDeviationSpeed":18.4,"travelTimeStandardDeviation":0.67,"sampleSize":181,"normalizedSampleSize":0.0179,"averageTravelTime":2.0,"medianTravelTime":1.87,"travelTimeRatio":0.96,"speedPercentiles":[42,49,51,54,57,59,61,63,66,69,72,74,76,80,82,86,88,93,101]},{"timeSet":7,"dateRange":1,"harmonicAverageSpeed":69.3,"medianSpeed":73.0,"averageSpeed":74.5,"standardDeviationSpeed":19.0,"travelTimeStandardDeviation":0.56,"sampleSize":234,"normalizedSampleSize":0.0231,"averageTravelTime":1.86,"medianTravelTime":1.77,"travelTimeRatio":0.89,"speedPercentiles":[42,51,55,59,61,64,67,69,70,73,76,79,82,85,88,91,94,100,107]},{"timeSet":8,"dateRange":1,"harmonicAverageSpeed":62.0,"medianSpeed":68.0,"averageSpeed":68.6,"standardDeviationSpeed":17.7,"travelTimeStandardDeviation":1.79,"sampleSize":790,"normalizedSampleSize":0.0781,"averageTravelTime":2.08,"medianTravelTime":1.9,"travelTimeRatio":1.0,"speedPercentiles":[40,45,50,54,57,60,62,64,66,68,70,72,74,77,80,83,86,92,100]},{"timeSet":9,"dateRange":1,"harmonicAverageSpeed":59.0,"medianSpeed":64.0,"averageSpeed":64.0,"standardDeviationSpeed":16.2,"travelTimeStandardDeviation":0.8,"sampleSize":2663,"normalizedSampleSize":0.2632,"averageTravelTime":2.18,"medianTravelTime":2.01,"travelTimeRatio":1.05,"speedPercentiles":[37,43,47,51,54,56,58,60,62,64,66,68,70,72,75,77,80,85,90]},{"timeSet":10,"dateRange":1,"harmonicAverageSpeed":55.7,"medianSpeed":61.0,"averageSpeed":60.8,"standardDeviationSpeed":15.6,"travelTimeStandardDeviation":1.13,"sampleSize":5570,"normalizedSampleSize":0.5506,"averageTravelTime":2.31,"medianTravelTime":2.11,"travelTimeRatio":1.11,"speedPercentiles":[34,40,45,48,51,53,55,57,60,61,63,65,67,69,71,74,76,80,86]},{"timeSet":11,"dateRange":1,"harmonicAverageSpeed":57.1,"medianSpeed":62.0,"averageSpeed":62.3,"standardDeviationSpeed":15.6,"travelTimeStandardDeviation":1.08,"sampleSize":4080,"normalizedSampleSize":0.4033,"averageTravelTime":2.26,"medianTravelTime":2.08,"travelTimeRatio":1.08,"speedPercentiles":[36,42,47,50,53,55,57,59,61,62,64,66,68,70,73,75,78,82,87]},{"timeSet":12,"dateRange":1,"harmonicAverageSpeed":57.8,"medianSpeed":63.0,"averageSpeed":62.9,"standardDeviationSpeed":16.4,"travelTimeStandardDeviation":0.82,"sampleSize":3908,"normalizedSampleSize":0.3863,"averageTravelTime":2.23,"medianTravelTime":2.05,"travelTimeRatio":1.07,"speedPercentiles":[35,41,46,49,52,55,57,59,61,63,66,68,70,72,74,76,79,83,89]},{"timeSet":13,"dateRange":1,"harmonicAverageSpeed":56.9,"medianSpeed":62.0,"averageSpeed":61.8,"standardDeviationSpeed":16.0,"travelTimeStandardDeviation":0.86,"sampleSize":4307,"normalizedSampleSize":0.4258,"averageTravelTime":2.27,"medianTravelTime":2.08,"travelTimeRatio":1.09,"speedPercentiles":[35,41,45,49,51,53,56,58,60,62,64,66,68,70,73,76,79,82,87]},{"timeSet":14,"dateRange":1,"harmonicAverageSpeed":55.6,"medianSpeed":61.0,"averageSpeed":60.9,"standardDeviationSpeed":15.7,"travelTimeStandardDeviation":1.3,"sampleSize":5068,"normalizedSampleSize":0.501,"averageTravelTime":2.32,"medianTravelTime":2.11,"travelTimeRatio":1.11,"speedPercentiles":[34,41,45,48,50,53,55,57,59,61,63,65,67,69,72,74,77,81,86]},{"timeSet":15,"dateRange":1,"harmonicAverageSpeed":52.9,"medianSpeed":59.0,"averageSpeed":58.5,"standardDeviationSpeed":16.0,"travelTimeStandardDeviation":1.09,"sampleSize":5733,"normalizedSampleSize":0.5667,"averageTravelTime":2.44,"medianTravelTime":2.18,"travelTimeRatio":1.17,"speedPercentiles":[32,37,41,45,48,50,53,55,57,59,61,63,65,67,69,72,75,79,84]},{"timeSet":16,"dateRange":1,"harmonicAverageSpeed":52.9,"medianSpeed":59.0,"averageSpeed":58.7,"standardDeviationSpeed":16.1,"travelTimeStandardDeviation":1.1,"sampleSize":6277,"normalizedSampleSize":0.6205,"averageTravelTime":2.44,"medianTravelTime":2.18,"travelTimeRatio":1.17,"speedPercentiles":[32,37,42,45,48,51,53,55,57,59,61,63,65,67,69,72,75,79,84]},{"timeSet":17,"dateRange":1,"harmonicAverageSpeed":54.3,"medianSpeed":60.0,"averageSpeed":59.5,"standardDeviationSpeed":15.5,"travelTimeStandardDeviation":1.54,"sampleSize":5692,"normalizedSampleSize":0.5627,"averageTravelTime":2.37,"medianTravelTime":2.15,"travelTimeRatio":1.14,"speedPercentiles":[33,39,43,47,49,52,54,56,58,60,62,64,66,68,70,72,75,79,84]},{"timeSet":18,"dateRange":1,"harmonicAverageSpeed":51.3,"medianSpeed":57.0,"averageSpeed":56.3,"standardDeviationSpeed":15.1,"travelTimeStandardDeviation":0.98,"sampleSize":6211,"normalizedSampleSize":0.614,"averageTravelTime":2.51,"medianTravelTime":2.26,"travelTimeRatio":1.21,"speedPercentiles":[31,36,40,44,46,49,51,53,55,57,58,60,62,64,66,69,72,75,80]},{"timeSet":19,"dateRange":1,"harmonicAverageSpeed":50.8,"medianSpeed":55.0,"averageSpeed":55.2,"standardDeviationSpeed":14.3,"travelTimeStandardDeviation":0.88,"sampleSize":6955,"normalizedSampleSize":0.6875,"averageTravelTime":2.54,"medianTravelTime":2.34,"travelTimeRatio":1.22,"speedPercentiles":[31,36,40,44,46,48,50,52,53,55,57,59,61,63,65,67,70,73,78]},{"timeSet":20,"dateRange":1,"harmonicAverageSpeed":46.8,"medianSpeed":51.0,"averageSpeed":51.2,"standardDeviationSpeed":13.4,"travelTimeStandardDeviation":1.27,"sampleSize":7672,"normalizedSampleSize":0.7584,"averageTravelTime":2.75,"medianTravelTime":2.53,"travelTimeRatio":1.32,"speedPercentiles":[28,33,38,41,43,45,47,48,50,51,53,55,56,58,60,62,64,68,73]},{"timeSet":21,"dateRange":1,"harmonicAverageSpeed":46.1,"medianSpeed":51.0,"averageSpeed":51.1,"standardDeviationSpeed":13.7,"travelTimeStandardDeviation":1.47,"sampleSize":7561,"normalizedSampleSize":0.7474,"averageTravelTime":2.8,"medianTravelTime":2.53,"travelTimeRatio":1.34,"speedPercentiles":[28,33,37,40,42,44,46,48,50,51,53,55,56,58,60,62,65,68,73]},{"timeSet":22,"dateRange":1,"harmonicAverageSpeed":51.8,"medianSpeed":56.0,"averageSpeed":56.0,"standardDeviationSpeed":14.6,"travelTimeStandardDeviation":0.81,"sampleSize":5593,"normalizedSampleSize":0.5529,"averageTravelTime":2.49,"medianTravelTime":2.3,"travelTimeRatio":1.19,"speedPercentiles":[33,37,41,44,46,48,50,52,54,56,58,59,61,63,65,68,71,75,80]},{"timeSet":23,"dateRange":1,"harmonicAverageSpeed":58.8,"medianSpeed":63.0,"averageSpeed":63.1,"standardDeviationSpeed":16.1,"travelTimeStandardDeviation":0.66,"sampleSize":2876,"normalizedSampleSize":0.2843,"averageTravelTime":2.19,"medianTravelTime":2.05,"travelTimeRatio":1.05,"speedPercentiles":[38,43,47,50,52,54,56,58,61,63,64,66,68,70,73,76,80,84,91]},{"timeSet":24,"dateRange":1,"harmonicAverageSpeed":57.6,"medianSpeed":62.0,"averageSpeed":62.7,"standardDeviationSpeed":16.4,"travelTimeStandardDeviation":0.98,"sampleSize":2820,"normalizedSampleSize":0.2788,"averageTravelTime":2.24,"medianTravelTime":2.08,"travelTimeRatio":1.07,"speedPercentiles":[38,43,46,49,51,54,56,58,60,62,64,66,69,71,73,76,80,84,90]},{"timeSet":25,"dateRange":1,"harmonicAverageSpeed":57.5,"medianSpeed":62.0,"averageSpeed":62.2,"standardDeviationSpeed":15.7,"travelTimeStandardDeviation":0.83,"sampleSize":3645,"normalizedSampleSize":0.3603,"averageTravelTime":2.24,"medianTravelTime":2.08,"travelTimeRatio":1.08,"speedPercentiles":[37,43,47,49,52,54,56,58,60,62,64,66,68,70,72,75,78,82,88]}]}},{"type":"Feature","geometry":{"type":"LineString","coordinates":[[12.47153,41.93759],[12.47148,41.93787]]},"properties":{"segmentId":-13800011256681,"newSegmentId":"-fbee8086-e179-4220-826d-bc1c22ec34d1","speedLimit":50,"frc":3,"streetName":"Corso di Francia","distance":30.89,"segmentTimeResults":[{"timeSet":2,"dateRange":1,"harmonicAverageSpeed":60.2,"medianSpeed":64.0,"averageSpeed":65.1,"standardDeviationSpeed":17.1,"travelTimeStandardDeviation":0.6,"sampleSize":1717,"normalizedSampleSize":0.1697,"averageTravelTime":1.85,"medianTravelTime":1.74,"travelTimeRatio":1.0,"speedPercentiles":[39,45,48,51,53,55,58,60,62,64,67,69,71,73,76,79,82,87,95]},{"timeSet":3,"dateRange":1,"harmonicAverageSpeed":61.9,"medianSpeed":68.0,"averageSpeed":68.3,"standardDeviationSpeed":19.0,"travelTimeStandardDeviation":0.9,"sampleSize":845,"normalizedSampleSize":0.0835,"averageTravelTime":1.8,"medianTravelTime":1.64,"travelTimeRatio":0.97,"speedPercentiles":[39,45,49,52,55,58,60,63,65,68,70,73,75,77,80,84,88,93,101]},{"timeSet":4,"dateRange":1,"harmonicAverageSpeed":61.8,"medianSpeed":68.0,"averageSpeed":69.1,"standardDeviationSpeed":19.7,"travelTimeStandardDeviation":0.9,"sampleSize":426,"normalizedSampleSize":0.0421,"averageTravelTime":1.8,"medianTravelTime":1.64,"travelTimeRatio":0.98,"speedPercentiles":[41,45,49,53,55,57,60,63,66,68,71,72,76,79,83,85,90,95,102]},{"timeSet":5,"dateRange":1,"harmonicAverageSpeed":64.7,"medianSpeed":72.0,"averageSpeed":71.5,"standardDeviationSpeed":18.7,"travelTimeStandardDeviation":0.8,"sampleSize":241,"normalizedSampleSize":0.0238,"averageTravelTime":1.72,"medianTravelTime":1.54,"travelTimeRatio":0.93,"speedPercentiles":[40,47,53,55,60,64,66,67,70,72,75,77,80,81,83,87,91,96,101]},{"timeSet":6,"dateRange":1,"harmonicAverageSpeed":63.3,"medianSpeed":67.0,"averageSpeed":68.7,"standardDeviationSpeed":18.3,"travelTimeStandardDeviation":0.58,"sampleSize":181,"normalizedSampleSize":0.0179,"averageTravelTime":1.76,"medianTravelTime":1.66,"travelTimeRatio":0.95,"speedPercentiles":[41,48,50,54,56,57,60,61,63,67,70,73,76,79,81,84,87,93,101]},{"timeSet":7,"dateRange":1,"harmonicAverageSpeed":68.5,"medianSpeed":73.0,"averageSpeed":73.6,"standardDeviationSpeed":18.5,"travelTimeStandardDeviation":0.49,"sampleSize":234,"normalizedSampleSize":0.0231,"averageTravelTime":1.62,"medianTravelTime":1.52,"travelTimeRatio":0.88,"speedPercentiles":[42,50,54,57,60,63,67,68,70,73,76,79,81,85,87,90,92,95,105]},{"timeSet":8,"dateRange":1,"harmonicAverageSpeed":54.9,"medianSpeed":67.0,"averageSpeed":67.2,"standardDeviationSpeed":18.5,"travelTimeStandardDeviation":4.57,"sampleSize":791,"normalizedSampleSize":0.0782,"averageTravelTime":2.02,"medianTravelTime":1.66,"travelTimeRatio":1.1,"speedPercentiles":[38,44,49,53,56,58,61,63,65,67,69,71,74,76,79,82,85,90,99]},{"timeSet":9,"dateRange":1,"harmonicAverageSpeed":56.7,"medianSpeed":62.0,"averageSpeed":62.7,"standardDeviationSpeed":16.6,"travelTimeStandardDeviation":1.02,"sampleSize":2657,"normalizedSampleSize":0.2627,"averageTravelTime":1.96,"medianTravelTime":1.79,"travelTimeRatio":1.06,"speedPercentiles":[36,42,46,48,52,54,56,59,61,62,64,67,69,71,74,77,80,84,89]},{"timeSet":10,"dateRange":1,"harmonicAverageSpeed":53.9,"medianSpeed":60.0,"averageSpeed":59.8,"standardDeviationSpeed":15.8,"travelTimeStandardDeviation":2.06,"sampleSize":5579,"normalizedSampleSize":0.5515,"averageTravelTime":2.07,"medianTravelTime":1.85,"travelTimeRatio":1.12,"speedPercentiles":[33,39,44,46,49,52,54,56,58,60,62,64,66,68,71,73,76,79,85]},{"timeSet":11,"dateRange":1,"harmonicAverageSpeed":55.9,"medianSpeed":62.0,"averageSpeed":61.2,"standardDeviationSpeed":15.9,"travelTimeStandardDeviation":0.82,"sampleSize":4078,"normalizedSampleSize":0.4031,"averageTravelTime":1.99,"medianTravelTime":1.79,"travelTimeRatio":1.08,"speedPercentiles":[35,41,45,48,51,53,55,58,60,62,63,65,67,69,72,74,77,81,87]},{"timeSet":12,"dateRange":1,"harmonicAverageSpeed":56.3,"medianSpeed":63.0,"averageSpeed":62.0,"standardDeviationSpeed":16.7,"travelTimeStandardDeviation":0.89,"sampleSize":3904,"normalizedSampleSize":0.3859,"averageTravelTime":1.98,"medianTravelTime":1.77,"travelTimeRatio":1.07,"speedPercentiles":[35,40,44,47,50,53,56,58,60,63,65,67,69,71,73,76,79,83,88]},{"timeSet":13,"dateRange":1,"harmonicAverageSpeed":54.3,"medianSpeed":61.0,"averageSpeed":60.9,"standardDeviationSpeed":16.3,"travelTimeStandardDeviation":2.33,"sampleSize":4305,"normalizedSampleSize":0.4256,"averageTravelTime":2.05,"medianTravelTime":1.82,"travelTimeRatio":1.11,"speedPercentiles":[34,40,44,47,49,52,54,56,59,61,63,65,68,70,72,75,78,82,87]},{"timeSet":14,"dateRange":1,"harmonicAverageSpeed":53.9,"medianSpeed":60.0,"averageSpeed":59.8,"standardDeviationSpeed":16.0,"travelTimeStandardDeviation":1.27,"sampleSize":5078,"normalizedSampleSize":0.502,"averageTravelTime":2.06,"medianTravelTime":1.85,"travelTimeRatio":1.12,"speedPercentiles":[34,39,43,46,49,51,54,56,58,60,62,64,66,68,71,73,76,80,85]},{"timeSet":15,"dateRange":1,"harmonicAverageSpeed":49.8,"medianSpeed":58.0,"averageSpeed":57.2,"standardDeviationSpeed":16.6,"travelTimeStandardDeviation":1.6,"sampleSize":5740,"normalizedSampleSize":0.5674,"averageTravelTime":2.23,"medianTravelTime":1.92,"travelTimeRatio":1.21,"speedPercentiles":[30,35,40,43,46,48,51,53,56,58,60,62,64,66,68,71,74,78,84]},{"timeSet":16,"dateRange":1,"harmonicAverageSpeed":49.5,"medianSpeed":58.0,"averageSpeed":57.1,"standardDeviationSpeed":16.8,"travelTimeStandardDeviation":1.59,"sampleSize":6289,"normalizedSampleSize":0.6217,"averageTravelTime":2.25,"medianTravelTime":1.92,"travelTimeRatio":1.22,"speedPercentiles":[29,35,40,43,46,48,51,53,55,58,60,62,64,66,68,71,74,78,84]},{"timeSet":17,"dateRange":1,"harmonicAverageSpeed":53.0,"medianSpeed":58.0,"averageSpeed":58.3,"standardDeviationSpeed":15.7,"travelTimeStandardDeviation":0.87,"sampleSize":5706,"normalizedSampleSize":0.5641,"averageTravelTime":2.1,"medianTravelTime":1.92,"travelTimeRatio":1.14,"speedPercentiles":[32,38,42,45,48,50,52,54,56,58,60,63,65,67,69,71,74,78,83]},{"timeSet":18,"dateRange":1,"harmonicAverageSpeed":48.9,"medianSpeed":55.0,"averageSpeed":54.9,"standardDeviationSpeed":15.6,"travelTimeStandardDeviation":1.3,"sampleSize":6213,"normalizedSampleSize":0.6142,"averageTravelTime":2.28,"medianTravelTime":2.02,"travelTimeRatio":1.23,"speedPercentiles":[29,34,39,42,45,47,49,51,53,55,57,59,61,63,66,68,71,74,80]},{"timeSet":19,"dateRange":1,"harmonicAverageSpeed":48.8,"medianSpeed":54.0,"averageSpeed":54.0,"standardDeviationSpeed":14.5,"travelTimeStandardDeviation":1.28,"sampleSize":6949,"normalizedSampleSize":0.6869,"averageTravelTime":2.28,"medianTravelTime":2.06,"travelTimeRatio":1.24,"speedPercentiles":[30,36,39,42,44,46,48,50,52,54,56,58,60,62,64,67,69,72,77]},{"timeSet":20,"dateRange":1,"harmonicAverageSpeed":45.4,"medianSpeed":50.0,"averageSpeed":50.2,"standardDeviationSpeed":13.5,"travelTimeStandardDeviation":1.48,"sampleSize":7682,"normalizedSampleSize":0.7594,"averageTravelTime":2.45,"medianTravelTime":2.22,"travelTimeRatio":1.33,"speedPercentiles":[27,33,37,40,42,44,46,47,49,50,52,54,55,57,59,61,64,67,72]},{"timeSet":21,"dateRange":1,"harmonicAverageSpeed":44.0,"medianSpeed":51.0,"averageSpeed":50.1,"standardDeviationSpeed":14.0,"travelTimeStandardDeviation":1.79,"sampleSize":7581,"normalizedSampleSize":0.7494,"averageTravelTime":2.53,"medianTravelTime":2.18,"travelTimeRatio":1.37,"speedPercentiles":[27,32,35,39,41,43,45,47,49,51,52,54,55,57,59,61,64,67,72]},{"timeSet":22,"dateRange":1,"harmonicAverageSpeed":49.2,"medianSpeed":54.0,"averageSpeed":54.8,"standardDeviationSpeed":14.9,"travelTimeStandardDeviation":2.83,"sampleSize":5601,"normalizedSampleSize":0.5537,"averageTravelTime":2.26,"medianTravelTime":2.06,"travelTimeRatio":1.22,"speedPercentiles":[32,36,39,42,45,47,49,51,53,54,56,58,60,62,64,67,70,74,80]},{"timeSet":23,"dateRange":1,"harmonicAverageSpeed":56.8,"medianSpeed":61.0,"averageSpeed":61.7,"standardDeviationSpeed":16.4,"travelTimeStandardDeviation":0.71,"sampleSize":2879,"normalizedSampleSize":0.2846,"averageTravelTime":1.96,"medianTravelTime":1.82,"travelTimeRatio":1.06,"speedPercentiles":[36,42,46,48,50,52,54,56,59,61,63,65,67,69,72,75,78,83,90]},{"timeSet":24,"dateRange":1,"harmonicAverageSpeed":55.7,"medianSpeed":60.0,"averageSpeed":61.6,"standardDeviationSpeed":16.6,"travelTimeStandardDeviation":1.11,"sampleSize":2822,"normalizedSampleSize":0.279,"averageTravelTime":2.0,"medianTravelTime":1.85,"travelTimeRatio":1.08,"speedPercentiles":[37,42,45,47,50,52,54,57,59,60,63,65,67,70,72,75,79,83,89]},{"timeSet":25,"dateRange":1,"harmonicAverageSpeed":55.3,"medianSpeed":61.0,"averageSpeed":60.6,"standardDeviationSpeed":16.0,"travelTimeStandardDeviation":0.9,"sampleSize":3651,"normalizedSampleSize":0.3609,"averageTravelTime":2.01,"medianTravelTime":1.82,"travelTimeRatio":1.09,"speedPercentiles":[36,41,45,47,50,52,54,57,59,61,62,64,66,68,71,73,77,81,87]}]}},{"type":"Feature","geometry":{"type":"LineString","coordinates":[[12.47148,41.93787],[12.47138,41.93851]]},"properties":{"segmentId":-13800010858709,"newSegmentId":"-a3b46578-f913-4b60-ba3e-a2ba823bed17","speedLimit":50,"frc":3,"streetName":"Corso di Francia","distance":71.88,"segmentTimeResults":[{"timeSet":2,"dateRange":1,"harmonicAverageSpeed":55.8,"medianSpeed":63.0,"averageSpeed":62.5,"standardDeviationSpeed":18.4,"travelTimeStandardDeviation":2.15,"sampleSize":1717,"normalizedSampleSize":0.1697,"averageTravelTime":4.64,"medianTravelTime":4.11,"travelTimeRatio":1.0,"speedPercentiles":[31,38,44,47,50,53,56,58,61,63,65,67,70,72,75,77,80,85,93]},{"timeSet":3,"dateRange":1,"harmonicAverageSpeed":56.9,"medianSpeed":66.0,"averageSpeed":65.5,"standardDeviationSpeed":20.5,"travelTimeStandardDeviation":3.45,"sampleSize":845,"normalizedSampleSize":0.0835,"averageTravelTime":4.55,"medianTravelTime":3.92,"travelTimeRatio":0.98,"speedPercentiles":[31,38,43,48,52,55,58,61,64,66,68,71,74,76,79,82,86,92,100]},{"timeSet":4,"dateRange":1,"harmonicAverageSpeed":57.4,"medianSpeed":67.0,"averageSpeed":66.4,"standardDeviationSpeed":20.8,"travelTimeStandardDeviation":2.5,"sampleSize":422,"normalizedSampleSize":0.0417,"averageTravelTime":4.51,"medianTravelTime":3.86,"travelTimeRatio":0.97,"speedPercentiles":[30,41,46,51,53,55,57,62,65,67,70,71,74,77,81,84,87,92,100]},{"timeSet":5,"dateRange":1,"harmonicAverageSpeed":58.0,"medianSpeed":69.0,"averageSpeed":68.2,"standardDeviationSpeed":20.3,"travelTimeStandardDeviation":3.43,"sampleSize":242,"normalizedSampleSize":0.0239,"averageTravelTime":4.46,"medianTravelTime":3.75,"travelTimeRatio":0.96,"speedPercentiles":[32,39,46,52,57,60,63,65,67,69,72,74,77,79,82,85,90,93,99]},{"timeSet":6,"dateRange":1,"harmonicAverageSpeed":60.5,"medianSpeed":64.0,"averageSpeed":66.3,"standardDeviationSpeed":18.4,"travelTimeStandardDeviation":1.5,"sampleSize":181,"normalizedSampleSize":0.0179,"averageTravelTime":4.28,"medianTravelTime":4.04,"travelTimeRatio":0.92,"speedPercentiles":[35,43,49,52,55,55,58,60,62,64,68,70,74,77,80,82,84,89,101]},{"timeSet":7,"dateRange":1,"harmonicAverageSpeed":67.1,"medianSpeed":73.0,"averageSpeed":72.5,"standardDeviationSpeed":18.6,"travelTimeStandardDeviation":1.22,"sampleSize":234,"normalizedSampleSize":0.0231,"averageTravelTime":3.86,"medianTravelTime":3.54,"travelTimeRatio":0.83,"speedPercentiles":[42,49,53,56,60,63,65,67,70,73,76,78,81,83,85,88,91,94,105]},{"timeSet":8,"dateRange":1,"harmonicAverageSpeed":53.5,"medianSpeed":66.0,"averageSpeed":65.0,"standardDeviationSpeed":20.6,"travelTimeStandardDeviation":3.7,"sampleSize":790,"normalizedSampleSize":0.0781,"averageTravelTime":4.84,"medianTravelTime":3.92,"travelTimeRatio":1.04,"speedPercentiles":[29,38,44,49,54,56,59,62,65,66,68,71,73,75,77,80,85,89,100]},{"timeSet":9,"dateRange":1,"harmonicAverageSpeed":52.1,"medianSpeed":61.0,"averageSpeed":59.9,"standardDeviationSpeed":18.2,"travelTimeStandardDeviation":3.16,"sampleSize":2645,"normalizedSampleSize":0.2615,"averageTravelTime":4.96,"medianTravelTime":4.24,"travelTimeRatio":1.07,"speedPercentiles":[29,34,39,43,48,51,54,57,59,61,63,65,67,70,72,75,78,83,88]},{"timeSet":10,"dateRange":1,"harmonicAverageSpeed":50.2,"medianSpeed":59.0,"averageSpeed":57.3,"standardDeviationSpeed":17.1,"travelTimeStandardDeviation":2.74,"sampleSize":5568,"normalizedSampleSize":0.5504,"averageTravelTime":5.16,"medianTravelTime":4.39,"travelTimeRatio":1.11,"speedPercentiles":[28,33,37,42,46,49,52,55,57,59,61,63,65,67,69,72,74,78,84]},{"timeSet":11,"dateRange":1,"harmonicAverageSpeed":51.1,"medianSpeed":60.0,"averageSpeed":58.7,"standardDeviationSpeed":17.5,"travelTimeStandardDeviation":2.92,"sampleSize":4063,"normalizedSampleSize":0.4016,"averageTravelTime":5.06,"medianTravelTime":4.31,"travelTimeRatio":1.09,"speedPercentiles":[28,33,38,43,48,51,54,56,58,60,62,64,66,68,70,73,76,79,85]},{"timeSet":12,"dateRange":1,"harmonicAverageSpeed":51.7,"medianSpeed":62.0,"averageSpeed":59.8,"standardDeviationSpeed":18.1,"travelTimeStandardDeviation":4.23,"sampleSize":3886,"normalizedSampleSize":0.3841,"averageTravelTime":5.01,"medianTravelTime":4.17,"travelTimeRatio":1.08,"speedPercentiles":[29,34,38,43,48,51,54,57,59,62,64,66,68,70,73,75,78,82,87]},{"timeSet":13,"dateRange":1,"harmonicAverageSpeed":52.0,"medianSpeed":60.0,"averageSpeed":58.9,"standardDeviationSpeed":17.4,"travelTimeStandardDeviation":2.93,"sampleSize":4288,"normalizedSampleSize":0.4239,"averageTravelTime":4.98,"medianTravelTime":4.31,"travelTimeRatio":1.07,"speedPercentiles":[29,34,39,43,47,50,53,55,58,60,62,64,66,69,71,74,77,81,86]},{"timeSet":14,"dateRange":1,"harmonicAverageSpeed":49.8,"medianSpeed":59.0,"averageSpeed":57.5,"standardDeviationSpeed":17.3,"travelTimeStandardDeviation":4.08,"sampleSize":5069,"normalizedSampleSize":0.5011,"averageTravelTime":5.2,"medianTravelTime":4.39,"travelTimeRatio":1.12,"speedPercentiles":[28,33,37,42,45,49,52,54,56,59,61,63,65,67,69,72,75,79,84]},{"timeSet":15,"dateRange":1,"harmonicAverageSpeed":38.1,"medianSpeed":56.0,"averageSpeed":54.3,"standardDeviationSpeed":18.9,"travelTimeStandardDeviation":11.18,"sampleSize":5713,"normalizedSampleSize":0.5647,"averageTravelTime":6.79,"medianTravelTime":4.62,"travelTimeRatio":1.46,"speedPercentiles":[24,29,33,37,41,45,49,52,54,56,59,61,63,65,68,70,73,77,82]},{"timeSet":16,"dateRange":1,"harmonicAverageSpeed":40.1,"medianSpeed":56.0,"averageSpeed":53.7,"standardDeviationSpeed":19.1,"travelTimeStandardDeviation":8.01,"sampleSize":6269,"normalizedSampleSize":0.6197,"averageTravelTime":6.45,"medianTravelTime":4.62,"travelTimeRatio":1.39,"speedPercentiles":[23,28,32,35,40,44,47,51,53,56,58,61,63,65,67,70,73,76,82]},{"timeSet":17,"dateRange":1,"harmonicAverageSpeed":47.7,"medianSpeed":57.0,"averageSpeed":55.5,"standardDeviationSpeed":17.1,"travelTimeStandardDeviation":4.53,"sampleSize":5688,"normalizedSampleSize":0.5623,"averageTravelTime":5.42,"medianTravelTime":4.54,"travelTimeRatio":1.17,"speedPercentiles":[27,31,35,40,44,47,50,53,55,57,59,61,63,65,67,70,73,76,82]},{"timeSet":18,"dateRange":1,"harmonicAverageSpeed":42.2,"medianSpeed":54.0,"averageSpeed":52.0,"standardDeviationSpeed":17.3,"travelTimeStandardDeviation":5.54,"sampleSize":6192,"normalizedSampleSize":0.6121,"averageTravelTime":6.13,"medianTravelTime":4.79,"travelTimeRatio":1.32,"speedPercentiles":[24,28,32,35,39,43,46,49,52,54,56,58,60,62,64,67,70,73,78]},{"timeSet":19,"dateRange":1,"harmonicAverageSpeed":43.9,"medianSpeed":53.0,"averageSpeed":51.3,"standardDeviationSpeed":16.1,"travelTimeStandardDeviation":4.85,"sampleSize":6927,"normalizedSampleSize":0.6848,"averageTravelTime":5.9,"medianTravelTime":4.88,"travelTimeRatio":1.27,"speedPercentiles":[25,29,32,36,39,43,46,48,51,53,55,57,59,61,63,65,68,71,76]},{"timeSet":20,"dateRange":1,"harmonicAverageSpeed":41.4,"medianSpeed":49.0,"averageSpeed":47.8,"standardDeviationSpeed":14.9,"travelTimeStandardDeviation":3.54,"sampleSize":7642,"normalizedSampleSize":0.7554,"averageTravelTime":6.25,"medianTravelTime":5.28,"travelTimeRatio":1.35,"speedPercentiles":[24,27,30,33,36,40,43,46,47,49,51,53,54,56,58,60,63,66,71]},{"timeSet":21,"dateRange":1,"harmonicAverageSpeed":40.0,"medianSpeed":50.0,"averageSpeed":47.7,"standardDeviationSpeed":15.3,"travelTimeStandardDeviation":4.98,"sampleSize":7564,"normalizedSampleSize":0.7477,"averageTravelTime":6.47,"medianTravelTime":5.18,"travelTimeRatio":1.4,"speedPercentiles":[23,27,30,33,36,40,43,45,48,50,51,53,55,57,58,60,63,66,71]},{"timeSet":22,"dateRange":1,"harmonicAverageSpeed":46.3,"medianSpeed":53.0,"averageSpeed":52.5,"standardDeviationSpeed":16.3,"travelTimeStandardDeviation":2.54,"sampleSize":5585,"normalizedSampleSize":0.5521,"averageTravelTime":5.59,"medianTravelTime":4.88,"travelTimeRatio":1.21,"speedPercentiles":[26,30,33,37,41,44,47,49,51,53,55,57,59,61,64,66,69,73,78]},{"timeSet":23,"dateRange":1,"harmonicAverageSpeed":51.0,"medianSpeed":59.0,"averageSpeed":58.7,"standardDeviationSpeed":18.2,"travelTimeStandardDeviation":3.04,"sampleSize":2871,"normalizedSampleSize":0.2838,"averageTravelTime":5.07,"medianTravelTime":4.39,"travelTimeRatio":1.09,"speedPercentiles":[29,34,39,44,47,49,52,54,57,59,61,64,65,68,71,74,77,81,88]},{"timeSet":24,"dateRange":1,"harmonicAverageSpeed":52.1,"medianSpeed":59.0,"averageSpeed":59.3,"standardDeviationSpeed":17.7,"travelTimeStandardDeviation":3.07,"sampleSize":2813,"normalizedSampleSize":0.2781,"averageTravelTime":4.97,"medianTravelTime":4.39,"travelTimeRatio":1.07,"speedPercentiles":[29,36,41,45,48,51,53,55,57,59,62,64,66,69,71,74,77,81,87]},{"timeSet":25,"dateRange":1,"harmonicAverageSpeed":49.7,"medianSpeed":59.0,"averageSpeed":57.9,"standardDeviationSpeed":17.3,"travelTimeStandardDeviation":6.38,"sampleSize":3636,"normalizedSampleSize":0.3594,"averageTravelTime":5.21,"medianTravelTime":4.39,"travelTimeRatio":1.12,"speedPercentiles":[28,34,39,44,47,50,52,55,57,59,61,63,65,67,69,72,75,79,85]}]}},{"type":"Feature","geometry":{"type":"LineString","coordinates":[[12.47138,41.93851],[12.47133,41.93874]]},"properties":{"segmentId":-13800006530919,"newSegmentId":"-00004931-3600-0400-0000-0000015e9b3a","speedLimit":50,"frc":3,"streetName":"Corso di Francia","distance":25.73,"segmentTimeResults":[{"timeSet":2,"dateRange":1,"harmonicAverageSpeed":55.2,"medianSpeed":63.0,"averageSpeed":62.0,"standardDeviationSpeed":18.6,"travelTimeStandardDeviation":0.73,"sampleSize":1668,"normalizedSampleSize":0.1649,"averageTravelTime":1.68,"medianTravelTime":1.47,"travelTimeRatio":1.0,"speedPercentiles":[30,37,42,46,50,53,56,58,61,63,65,67,69,71,73,77,80,85,92]},{"timeSet":3,"dateRange":1,"harmonicAverageSpeed":54.2,"medianSpeed":64.0,"averageSpeed":63.1,"standardDeviationSpeed":20.9,"travelTimeStandardDeviation":0.91,"sampleSize":871,"normalizedSampleSize":0.0861,"averageTravelTime":1.71,"medianTravelTime":1.45,"travelTimeRatio":1.02,"speedPercentiles":[29,34,40,44,49,52,55,58,61,64,66,68,71,75,77,80,85,90,98]},{"timeSet":4,"dateRange":1,"harmonicAverageSpeed":52.5,"medianSpeed":65.0,"averageSpeed":63.6,"standardDeviationSpeed":21.9,"travelTimeStandardDeviation":1.56,"sampleSize":448,"normalizedSampleSize":0.0443,"averageTravelTime":1.76,"medianTravelTime":1.43,"travelTimeRatio":1.05,"speedPercentiles":[29,34,41,45,48,52,54,57,61,65,68,69,72,75,78,82,86,91,100]},{"timeSet":5,"dateRange":1,"harmonicAverageSpeed":51.3,"medianSpeed":64.0,"averageSpeed":62.2,"standardDeviationSpeed":21.6,"travelTimeStandardDeviation":1.28,"sampleSize":290,"normalizedSampleSize":0.0287,"averageTravelTime":1.81,"medianTravelTime":1.45,"travelTimeRatio":1.08,"speedPercentiles":[25,32,38,42,46,50,54,59,61,64,66,68,70,75,78,81,86,90,97]},{"timeSet":6,"dateRange":1,"harmonicAverageSpeed":42.7,"medianSpeed":59.0,"averageSpeed":58.9,"standardDeviationSpeed":21.8,"travelTimeStandardDeviation":2.9,"sampleSize":221,"normalizedSampleSize":0.0218,"averageTravelTime":2.17,"medianTravelTime":1.57,"travelTimeRatio":1.29,"speedPercentiles":[24,32,35,40,44,47,50,53,56,59,62,64,68,72,74,79,82,84,94]},{"timeSet":7,"dateRange":1,"harmonicAverageSpeed":57.1,"medianSpeed":70.0,"averageSpeed":68.7,"standardDeviationSpeed":20.7,"travelTimeStandardDeviation":2.13,"sampleSize":255,"normalizedSampleSize":0.0252,"averageTravelTime":1.62,"medianTravelTime":1.32,"travelTimeRatio":0.97,"speedPercentiles":[33,41,47,51,54,58,61,64,66,70,72,75,78,80,83,86,90,93,103]},{"timeSet":8,"dateRange":1,"harmonicAverageSpeed":55.8,"medianSpeed":65.0,"averageSpeed":63.8,"standardDeviationSpeed":20.1,"travelTimeStandardDeviation":0.76,"sampleSize":818,"normalizedSampleSize":0.0809,"averageTravelTime":1.66,"medianTravelTime":1.43,"travelTimeRatio":0.99,"speedPercentiles":[30,35,41,45,50,54,58,61,64,65,68,69,71,74,76,79,83,87,99]},{"timeSet":9,"dateRange":1,"harmonicAverageSpeed":51.3,"medianSpeed":60.0,"averageSpeed":58.8,"standardDeviationSpeed":18.1,"travelTimeStandardDeviation":1.13,"sampleSize":2624,"normalizedSampleSize":0.2594,"averageTravelTime":1.81,"medianTravelTime":1.54,"travelTimeRatio":1.08,"speedPercentiles":[29,34,38,42,46,50,53,56,58,60,62,64,66,69,71,74,78,81,87]},{"timeSet":10,"dateRange":1,"harmonicAverageSpeed":49.5,"medianSpeed":58.0,"averageSpeed":56.8,"standardDeviationSpeed":16.9,"travelTimeStandardDeviation":1.29,"sampleSize":5267,"normalizedSampleSize":0.5207,"averageTravelTime":1.87,"medianTravelTime":1.6,"travelTimeRatio":1.12,"speedPercentiles":[28,33,37,42,46,49,52,54,56,58,60,62,64,66,68,70,74,77,83]},{"timeSet":11,"dateRange":1,"harmonicAverageSpeed":51.5,"medianSpeed":60.0,"averageSpeed":58.5,"standardDeviationSpeed":17.2,"travelTimeStandardDeviation":0.91,"sampleSize":3865,"normalizedSampleSize":0.3821,"averageTravelTime":1.8,"medianTravelTime":1.54,"travelTimeRatio":1.07,"speedPercentiles":[29,34,38,43,47,51,54,56,58,60,62,64,66,68,70,73,76,79,85]},{"timeSet":12,"dateRange":1,"harmonicAverageSpeed":51.9,"medianSpeed":62.0,"averageSpeed":59.6,"standardDeviationSpeed":18.1,"travelTimeStandardDeviation":1.14,"sampleSize":3726,"normalizedSampleSize":0.3683,"averageTravelTime":1.78,"medianTravelTime":1.49,"travelTimeRatio":1.06,"speedPercentiles":[29,34,38,43,47,51,54,57,59,62,64,66,68,70,72,74,77,81,87]},{"timeSet":13,"dateRange":1,"harmonicAverageSpeed":50.9,"medianSpeed":60.0,"averageSpeed":58.3,"standardDeviationSpeed":17.8,"travelTimeStandardDeviation":0.98,"sampleSize":4144,"normalizedSampleSize":0.4096,"averageTravelTime":1.82,"medianTravelTime":1.54,"travelTimeRatio":1.08,"speedPercentiles":[28,33,37,42,46,50,53,55,57,60,62,64,66,69,71,73,76,80,85]},{"timeSet":14,"dateRange":1,"harmonicAverageSpeed":49.7,"medianSpeed":59.0,"averageSpeed":57.1,"standardDeviationSpeed":17.4,"travelTimeStandardDeviation":1.21,"sampleSize":4792,"normalizedSampleSize":0.4737,"averageTravelTime":1.86,"medianTravelTime":1.57,"travelTimeRatio":1.11,"speedPercentiles":[27,32,36,41,45,49,52,54,57,59,61,63,65,67,69,72,75,78,84]},{"timeSet":15,"dateRange":1,"harmonicAverageSpeed":37.3,"medianSpeed":57.0,"averageSpeed":54.5,"standardDeviationSpeed":18.8,"travelTimeStandardDeviation":4.41,"sampleSize":5221,"normalizedSampleSize":0.5161,"averageTravelTime":2.48,"medianTravelTime":1.63,"travelTimeRatio":1.48,"speedPercentiles":[21,29,33,38,42,46,50,53,55,57,59,61,63,65,67,70,72,76,82]},{"timeSet":16,"dateRange":1,"harmonicAverageSpeed":36.3,"medianSpeed":56.0,"averageSpeed":53.1,"standardDeviationSpeed":19.4,"travelTimeStandardDeviation":4.25,"sampleSize":5850,"normalizedSampleSize":0.5783,"averageTravelTime":2.55,"medianTravelTime":1.65,"travelTimeRatio":1.52,"speedPercentiles":[18,26,31,35,40,44,48,51,54,56,58,60,62,65,67,69,72,76,81]},{"timeSet":17,"dateRange":1,"harmonicAverageSpeed":48.4,"medianSpeed":57.0,"averageSpeed":55.7,"standardDeviationSpeed":16.7,"travelTimeStandardDeviation":1.38,"sampleSize":5130,"normalizedSampleSize":0.5071,"averageTravelTime":1.91,"medianTravelTime":1.63,"travelTimeRatio":1.14,"speedPercentiles":[27,32,37,41,45,48,51,53,55,57,59,61,63,65,67,69,72,76,81]},{"timeSet":18,"dateRange":1,"harmonicAverageSpeed":46.8,"medianSpeed":55.0,"averageSpeed":53.4,"standardDeviationSpeed":16.2,"travelTimeStandardDeviation":0.98,"sampleSize":5368,"normalizedSampleSize":0.5306,"averageTravelTime":1.98,"medianTravelTime":1.68,"travelTimeRatio":1.18,"speedPercentiles":[26,30,34,39,43,46,49,51,53,55,57,59,60,62,64,67,69,73,78]},{"timeSet":19,"dateRange":1,"harmonicAverageSpeed":45.9,"medianSpeed":54.0,"averageSpeed":52.2,"standardDeviationSpeed":15.3,"travelTimeStandardDeviation":1.11,"sampleSize":6103,"normalizedSampleSize":0.6033,"averageTravelTime":2.02,"medianTravelTime":1.72,"travelTimeRatio":1.2,"speedPercentiles":[25,30,35,39,43,45,48,50,52,54,55,57,59,61,63,65,67,70,75]},{"timeSet":20,"dateRange":1,"harmonicAverageSpeed":43.2,"medianSpeed":51.0,"averageSpeed":49.0,"standardDeviationSpeed":14.4,"travelTimeStandardDeviation":1.07,"sampleSize":6787,"normalizedSampleSize":0.6709,"averageTravelTime":2.15,"medianTravelTime":1.82,"travelTimeRatio":1.28,"speedPercentiles":[24,28,32,36,40,43,45,47,49,51,52,53,55,57,59,61,63,66,71]},{"timeSet":21,"dateRange":1,"harmonicAverageSpeed":42.5,"medianSpeed":51.0,"averageSpeed":48.9,"standardDeviationSpeed":14.7,"travelTimeStandardDeviation":1.23,"sampleSize":6711,"normalizedSampleSize":0.6634,"averageTravelTime":2.18,"medianTravelTime":1.82,"travelTimeRatio":1.3,"speedPercentiles":[23,28,32,35,39,42,45,47,49,51,52,54,55,57,59,61,63,66,71]},{"timeSet":22,"dateRange":1,"harmonicAverageSpeed":46.4,"medianSpeed":54.0,"averageSpeed":52.9,"standardDeviationSpeed":16.4,"travelTimeStandardDeviation":1.01,"sampleSize":5251,"normalizedSampleSize":0.5191,"averageTravelTime":2.0,"medianTravelTime":1.72,"travelTimeRatio":1.19,"speedPercentiles":[26,30,34,38,42,45,47,50,52,54,56,58,60,61,64,66,69,73,78]},{"timeSet":23,"dateRange":1,"harmonicAverageSpeed":50.2,"medianSpeed":59.0,"averageSpeed":58.0,"standardDeviationSpeed":18.1,"travelTimeStandardDeviation":1.2,"sampleSize":2810,"normalizedSampleSize":0.2778,"averageTravelTime":1.85,"medianTravelTime":1.57,"travelTimeRatio":1.1,"speedPercentiles":[27,32,38,43,46,49,52,54,56,59,61,63,65,67,70,73,76,80,88]},{"timeSet":24,"dateRange":1,"harmonicAverageSpeed":50.7,"medianSpeed":59.0,"averageSpeed":58.2,"standardDeviationSpeed":17.9,"travelTimeStandardDeviation":1.03,"sampleSize":2793,"normalizedSampleSize":0.2761,"averageTravelTime":1.83,"medianTravelTime":1.57,"travelTimeRatio":1.09,"speedPercentiles":[28,34,39,43,47,49,52,55,57,59,61,63,65,68,70,73,76,80,87]},{"timeSet":25,"dateRange":1,"harmonicAverageSpeed":49.2,"medianSpeed":58.0,"averageSpeed":56.9,"standardDeviationSpeed":17.5,"travelTimeStandardDeviation":1.22,"sampleSize":3583,"normalizedSampleSize":0.3542,"averageTravelTime":1.88,"medianTravelTime":1.6,"travelTimeRatio":1.12,"speedPercentiles":[27,33,38,42,46,49,52,54,56,58,60,62,64,66,68,71,74,78,85]}]}},{"type":"Feature","geometry":{"type":"LineString","coordinates":[[12.47133,41.93874],[12.47125,41.9392]]},"properties":{"segmentId":-13800006809474,"newSegmentId":"-00004931-3600-0400-0000-0000015e9b39","speedLimit":50,"frc":3,"streetName":"Corso di Francia","distance":51.21,"segmentTimeResults":[{"timeSet":2,"dateRange":1,"harmonicAverageSpeed":55.4,"medianSpeed":61.0,"averageSpeed":61.4,"standardDeviationSpeed":17.7,"travelTimeStandardDeviation":1.38,"sampleSize":1670,"normalizedSampleSize":0.1651,"averageTravelTime":3.33,"medianTravelTime":3.02,"travelTimeRatio":1.0,"speedPercentiles":[34,39,43,46,50,52,55,57,59,61,63,65,68,70,72,75,78,83,92]},{"timeSet":3,"dateRange":1,"harmonicAverageSpeed":54.9,"medianSpeed":62.0,"averageSpeed":62.9,"standardDeviationSpeed":19.8,"travelTimeStandardDeviation":1.74,"sampleSize":868,"normalizedSampleSize":0.0858,"averageTravelTime":3.36,"medianTravelTime":2.97,"travelTimeRatio":1.01,"speedPercentiles":[31,39,43,46,49,52,55,57,60,62,65,68,71,73,76,79,84,89,96]},{"timeSet":4,"dateRange":1,"harmonicAverageSpeed":53.4,"medianSpeed":63.0,"averageSpeed":63.1,"standardDeviationSpeed":20.8,"travelTimeStandardDeviation":2.94,"sampleSize":447,"normalizedSampleSize":0.0442,"averageTravelTime":3.45,"medianTravelTime":2.93,"travelTimeRatio":1.04,"speedPercentiles":[32,39,43,45,48,51,54,56,58,63,65,68,70,73,76,80,84,91,100]},{"timeSet":5,"dateRange":1,"harmonicAverageSpeed":48.6,"medianSpeed":61.0,"averageSpeed":60.5,"standardDeviationSpeed":20.7,"travelTimeStandardDeviation":3.68,"sampleSize":289,"normalizedSampleSize":0.0286,"averageTravelTime":3.8,"medianTravelTime":3.02,"travelTimeRatio":1.14,"speedPercentiles":[25,34,39,43,46,49,52,54,57,61,63,66,69,73,76,80,82,87,93]},{"timeSet":6,"dateRange":1,"harmonicAverageSpeed":42.8,"medianSpeed":57.0,"averageSpeed":58.2,"standardDeviationSpeed":20.7,"travelTimeStandardDeviation":5.78,"sampleSize":220,"normalizedSampleSize":0.0217,"averageTravelTime":4.31,"medianTravelTime":3.23,"travelTimeRatio":1.29,"speedPercentiles":[25,33,38,42,45,48,50,51,54,57,60,63,66,69,72,76,80,83,92]},{"timeSet":7,"dateRange":1,"harmonicAverageSpeed":56.4,"medianSpeed":69.0,"averageSpeed":67.6,"standardDeviationSpeed":20.4,"travelTimeStandardDeviation":4.23,"sampleSize":255,"normalizedSampleSize":0.0252,"averageTravelTime":3.27,"medianTravelTime":2.67,"travelTimeRatio":0.98,"speedPercentiles":[35,41,46,49,53,56,59,62,65,69,71,74,76,79,81,85,88,93,103]},{"timeSet":8,"dateRange":1,"harmonicAverageSpeed":56.7,"medianSpeed":65.0,"averageSpeed":63.7,"standardDeviationSpeed":19.0,"travelTimeStandardDeviation":1.4,"sampleSize":818,"normalizedSampleSize":0.0809,"averageTravelTime":3.25,"medianTravelTime":2.84,"travelTimeRatio":0.98,"speedPercentiles":[34,40,43,46,49,54,57,60,62,65,67,69,71,73,76,78,82,86,96]},{"timeSet":9,"dateRange":1,"harmonicAverageSpeed":51.2,"medianSpeed":58.0,"averageSpeed":57.9,"standardDeviationSpeed":17.1,"travelTimeStandardDeviation":2.18,"sampleSize":2619,"normalizedSampleSize":0.2589,"averageTravelTime":3.6,"medianTravelTime":3.18,"travelTimeRatio":1.08,"speedPercentiles":[30,36,40,43,46,48,51,54,56,58,60,62,64,67,69,72,76,80,86]},{"timeSet":10,"dateRange":1,"harmonicAverageSpeed":48.4,"medianSpeed":56.0,"averageSpeed":55.3,"standardDeviationSpeed":16.2,"travelTimeStandardDeviation":2.56,"sampleSize":5259,"normalizedSampleSize":0.5199,"averageTravelTime":3.81,"medianTravelTime":3.29,"travelTimeRatio":1.14,"speedPercentiles":[28,34,38,42,44,47,49,52,54,56,58,60,62,64,66,69,72,76,82]},{"timeSet":11,"dateRange":1,"harmonicAverageSpeed":49.6,"medianSpeed":58.0,"averageSpeed":57.3,"standardDeviationSpeed":16.5,"travelTimeStandardDeviation":3.88,"sampleSize":3858,"normalizedSampleSize":0.3814,"averageTravelTime":3.72,"medianTravelTime":3.18,"travelTimeRatio":1.12,"speedPercentiles":[30,36,39,43,46,49,51,54,56,58,60,62,64,66,69,71,74,77,83]},{"timeSet":12,"dateRange":1,"harmonicAverageSpeed":50.4,"medianSpeed":60.0,"averageSpeed":58.6,"standardDeviationSpeed":17.2,"travelTimeStandardDeviation":4.04,"sampleSize":3720,"normalizedSampleSize":0.3677,"averageTravelTime":3.66,"medianTravelTime":3.07,"travelTimeRatio":1.1,"speedPercentiles":[30,36,40,43,47,50,52,55,58,60,62,64,66,68,70,73,76,80,86]},{"timeSet":13,"dateRange":1,"harmonicAverageSpeed":49.9,"medianSpeed":58.0,"averageSpeed":57.2,"standardDeviationSpeed":17.0,"travelTimeStandardDeviation":2.5,"sampleSize":4140,"normalizedSampleSize":0.4093,"averageTravelTime":3.7,"medianTravelTime":3.18,"travelTimeRatio":1.11,"speedPercentiles":[28,35,39,42,45,49,51,53,56,58,60,62,64,67,69,71,75,79,84]},{"timeSet":14,"dateRange":1,"harmonicAverageSpeed":48.7,"medianSpeed":57.0,"averageSpeed":55.8,"standardDeviationSpeed":16.6,"travelTimeStandardDeviation":2.7,"sampleSize":4788,"normalizedSampleSize":0.4733,"averageTravelTime":3.78,"medianTravelTime":3.23,"travelTimeRatio":1.14,"speedPercentiles":[28,34,37,41,44,47,50,52,54,57,59,61,63,65,67,70,73,77,82]},{"timeSet":15,"dateRange":1,"harmonicAverageSpeed":31.3,"medianSpeed":55.0,"averageSpeed":52.8,"standardDeviationSpeed":18.7,"travelTimeStandardDeviation":12.11,"sampleSize":5199,"normalizedSampleSize":0.5139,"averageTravelTime":5.9,"medianTravelTime":3.35,"travelTimeRatio":1.77,"speedPercentiles":[18,29,34,38,42,45,48,50,53,55,57,59,61,63,65,68,71,75,80]},{"timeSet":16,"dateRange":1,"harmonicAverageSpeed":29.3,"medianSpeed":54.0,"averageSpeed":51.2,"standardDeviationSpeed":19.7,"travelTimeStandardDeviation":11.62,"sampleSize":5831,"normalizedSampleSize":0.5764,"averageTravelTime":6.29,"medianTravelTime":3.41,"travelTimeRatio":1.89,"speedPercentiles":[10,24,31,36,39,43,46,49,51,54,56,58,60,62,65,67,70,74,80]},{"timeSet":17,"dateRange":1,"harmonicAverageSpeed":47.2,"medianSpeed":55.0,"averageSpeed":53.8,"standardDeviationSpeed":15.9,"travelTimeStandardDeviation":2.44,"sampleSize":5124,"normalizedSampleSize":0.5065,"averageTravelTime":3.91,"medianTravelTime":3.35,"travelTimeRatio":1.17,"speedPercentiles":[27,33,37,40,43,46,49,51,53,55,56,58,60,62,64,67,70,73,79]},{"timeSet":18,"dateRange":1,"harmonicAverageSpeed":45.4,"medianSpeed":52.0,"averageSpeed":51.5,"standardDeviationSpeed":15.5,"travelTimeStandardDeviation":1.99,"sampleSize":5359,"normalizedSampleSize":0.5298,"averageTravelTime":4.06,"medianTravelTime":3.55,"travelTimeRatio":1.22,"speedPercentiles":[26,31,34,38,41,44,46,48,50,52,54,56,58,60,62,64,67,71,76]},{"timeSet":19,"dateRange":1,"harmonicAverageSpeed":44.2,"medianSpeed":51.0,"averageSpeed":50.2,"standardDeviationSpeed":14.7,"travelTimeStandardDeviation":2.62,"sampleSize":6091,"normalizedSampleSize":0.6021,"averageTravelTime":4.17,"medianTravelTime":3.61,"travelTimeRatio":1.25,"speedPercentiles":[25,30,35,38,40,43,45,47,49,51,53,54,56,58,60,63,65,68,73]},{"timeSet":20,"dateRange":1,"harmonicAverageSpeed":40.6,"medianSpeed":48.0,"averageSpeed":46.8,"standardDeviationSpeed":14.2,"travelTimeStandardDeviation":2.92,"sampleSize":6768,"normalizedSampleSize":0.669,"averageTravelTime":4.54,"medianTravelTime":3.84,"travelTimeRatio":1.36,"speedPercentiles":[22,28,32,35,38,40,42,44,46,48,49,51,53,54,57,59,61,64,69]},{"timeSet":21,"dateRange":1,"harmonicAverageSpeed":39.7,"medianSpeed":48.0,"averageSpeed":46.9,"standardDeviationSpeed":14.5,"travelTimeStandardDeviation":3.48,"sampleSize":6700,"normalizedSampleSize":0.6623,"averageTravelTime":4.64,"medianTravelTime":3.84,"travelTimeRatio":1.39,"speedPercentiles":[22,28,31,35,37,40,42,44,46,48,50,51,53,55,57,59,62,65,69]},{"timeSet":22,"dateRange":1,"harmonicAverageSpeed":46.2,"medianSpeed":53.0,"averageSpeed":52.1,"standardDeviationSpeed":15.7,"travelTimeStandardDeviation":1.87,"sampleSize":5248,"normalizedSampleSize":0.5188,"averageTravelTime":3.99,"medianTravelTime":3.48,"travelTimeRatio":1.2,"speedPercentiles":[27,32,35,38,41,44,46,48,51,53,54,57,58,60,62,65,68,71,77]},{"timeSet":23,"dateRange":1,"harmonicAverageSpeed":49.7,"medianSpeed":57.0,"averageSpeed":57.4,"standardDeviationSpeed":17.1,"travelTimeStandardDeviation":3.68,"sampleSize":2809,"normalizedSampleSize":0.2777,"averageTravelTime":3.71,"medianTravelTime":3.23,"travelTimeRatio":1.11,"speedPercentiles":[31,36,39,43,46,48,51,53,55,57,59,61,64,66,68,71,75,79,86]},{"timeSet":24,"dateRange":1,"harmonicAverageSpeed":50.9,"medianSpeed":58.0,"averageSpeed":57.6,"standardDeviationSpeed":16.9,"travelTimeStandardDeviation":1.99,"sampleSize":2795,"normalizedSampleSize":0.2763,"averageTravelTime":3.62,"medianTravelTime":3.18,"travelTimeRatio":1.09,"speedPercentiles":[31,36,40,44,46,49,51,53,55,58,59,61,63,66,68,71,75,79,85]},{"timeSet":25,"dateRange":1,"harmonicAverageSpeed":49.3,"medianSpeed":56.0,"averageSpeed":56.0,"standardDeviationSpeed":16.6,"travelTimeStandardDeviation":2.11,"sampleSize":3578,"normalizedSampleSize":0.3537,"averageTravelTime":3.74,"medianTravelTime":3.29,"travelTimeRatio":1.12,"speedPercentiles":[29,35,39,42,45,48,50,52,54,56,58,60,62,64,67,69,73,77,83]}]}},{"type":"Feature","geometry":{"type":"LineString","coordinates":[[12.47125,41.9392],[12.47111,41.93997]]},"properties":{"segmentId":-13800014505221,"newSegmentId":"-ad10dda4-642d-4637-b7e9-6e4de179be96","speedLimit":50,"frc":2,"streetName":"Corso di Francia","distance":87.0,"segmentTimeResults":[{"timeSet":2,"dateRange":1,"harmonicAverageSpeed":44.8,"medianSpeed":55.0,"averageSpeed":55.7,"standardDeviationSpeed":19.2,"travelTimeStandardDeviation":7.19,"sampleSize":1771,"normalizedSampleSize":0.1751,"averageTravelTime":6.99,"medianTravelTime":5.69,"travelTimeRatio":1.0,"speedPercentiles":[25,34,37,40,42,45,48,50,53,55,58,60,62,65,68,71,75,79,89]},{"timeSet":3,"dateRange":1,"harmonicAverageSpeed":44.8,"medianSpeed":57.0,"averageSpeed":57.5,"standardDeviationSpeed":21.3,"travelTimeStandardDeviation":6.73,"sampleSize":926,"normalizedSampleSize":0.0915,"averageTravelTime":6.99,"medianTravelTime":5.49,"travelTimeRatio":1.0,"speedPercentiles":[23,32,36,40,43,46,49,52,55,57,59,63,65,68,72,75,80,85,95]},{"timeSet":4,"dateRange":1,"harmonicAverageSpeed":36.2,"medianSpeed":57.0,"averageSpeed":56.6,"standardDeviationSpeed":23.8,"travelTimeStandardDeviation":12.66,"sampleSize":477,"normalizedSampleSize":0.0472,"averageTravelTime":8.66,"medianTravelTime":5.49,"travelTimeRatio":1.24,"speedPercentiles":[13,24,32,38,42,45,48,53,55,57,59,63,66,68,71,74,80,87,96]},{"timeSet":5,"dateRange":1,"harmonicAverageSpeed":27.1,"medianSpeed":54.0,"averageSpeed":52.7,"standardDeviationSpeed":26.0,"travelTimeStandardDeviation":19.39,"sampleSize":296,"normalizedSampleSize":0.0293,"averageTravelTime":11.56,"medianTravelTime":5.8,"travelTimeRatio":1.65,"speedPercentiles":[6,14,23,31,34,37,43,45,51,54,58,63,65,68,73,75,80,85,92]},{"timeSet":6,"dateRange":1,"harmonicAverageSpeed":31.5,"medianSpeed":53.0,"averageSpeed":52.6,"standardDeviationSpeed":21.9,"travelTimeStandardDeviation":14.58,"sampleSize":234,"normalizedSampleSize":0.0231,"averageTravelTime":9.96,"medianTravelTime":5.91,"travelTimeRatio":1.43,"speedPercentiles":[9,21,32,36,40,43,46,49,50,53,56,60,62,63,69,71,75,79,84]},{"timeSet":7,"dateRange":1,"harmonicAverageSpeed":41.0,"medianSpeed":60.0,"averageSpeed":59.8,"standardDeviationSpeed":22.8,"travelTimeStandardDeviation":11.53,"sampleSize":291,"normalizedSampleSize":0.0288,"averageTravelTime":7.65,"medianTravelTime":5.22,"travelTimeRatio":1.09,"speedPercentiles":[21,33,38,41,44,47,51,54,56,60,63,66,70,72,74,78,83,90,98]},{"timeSet":8,"dateRange":1,"harmonicAverageSpeed":50.4,"medianSpeed":58.0,"averageSpeed":58.5,"standardDeviationSpeed":19.8,"travelTimeStandardDeviation":3.39,"sampleSize":894,"normalizedSampleSize":0.0884,"averageTravelTime":6.21,"medianTravelTime":5.4,"travelTimeRatio":0.89,"speedPercentiles":[30,35,38,41,44,46,49,51,55,58,60,63,67,69,72,75,78,84,91]},{"timeSet":9,"dateRange":1,"harmonicAverageSpeed":37.5,"medianSpeed":47.0,"averageSpeed":48.7,"standardDeviationSpeed":18.5,"travelTimeStandardDeviation":9.69,"sampleSize":3305,"normalizedSampleSize":0.3267,"averageTravelTime":8.36,"medianTravelTime":6.66,"travelTimeRatio":1.2,"speedPercentiles":[19,27,31,34,36,38,40,42,44,47,49,52,55,58,61,65,69,74,80]},{"timeSet":10,"dateRange":1,"harmonicAverageSpeed":33.9,"medianSpeed":45.0,"averageSpeed":45.9,"standardDeviationSpeed":18.4,"travelTimeStandardDeviation":11.77,"sampleSize":5993,"normalizedSampleSize":0.5924,"averageTravelTime":9.25,"medianTravelTime":6.96,"travelTimeRatio":1.32,"speedPercentiles":[15,22,27,31,34,36,38,40,42,45,47,50,53,56,59,62,66,70,76]},{"timeSet":11,"dateRange":1,"harmonicAverageSpeed":35.9,"medianSpeed":47.0,"averageSpeed":48.6,"standardDeviationSpeed":18.3,"travelTimeStandardDeviation":13.4,"sampleSize":4444,"normalizedSampleSize":0.4393,"averageTravelTime":8.72,"medianTravelTime":6.66,"travelTimeRatio":1.25,"speedPercentiles":[19,27,32,34,36,38,40,42,45,47,50,52,55,58,61,65,69,74,79]},{"timeSet":12,"dateRange":1,"harmonicAverageSpeed":39.9,"medianSpeed":51.0,"averageSpeed":51.3,"standardDeviationSpeed":18.6,"travelTimeStandardDeviation":9.92,"sampleSize":4021,"normalizedSampleSize":0.3975,"averageTravelTime":7.85,"medianTravelTime":6.14,"travelTimeRatio":1.12,"speedPercentiles":[22,29,33,36,38,40,42,45,47,51,53,56,59,62,65,68,71,76,82]},{"timeSet":13,"dateRange":1,"harmonicAverageSpeed":38.3,"medianSpeed":48.0,"averageSpeed":49.2,"standardDeviationSpeed":18.8,"travelTimeStandardDeviation":7.94,"sampleSize":4524,"normalizedSampleSize":0.4472,"averageTravelTime":8.18,"medianTravelTime":6.53,"travelTimeRatio":1.17,"speedPercentiles":[19,26,31,34,36,38,40,43,45,48,51,53,56,59,63,66,70,74,81]},{"timeSet":14,"dateRange":1,"harmonicAverageSpeed":34.1,"medianSpeed":46.0,"averageSpeed":47.0,"standardDeviationSpeed":18.9,"travelTimeStandardDeviation":12.43,"sampleSize":5219,"normalizedSampleSize":0.5159,"averageTravelTime":9.19,"medianTravelTime":6.81,"travelTimeRatio":1.32,"speedPercentiles":[15,22,28,32,34,37,39,41,43,46,48,51,55,58,61,64,68,72,78]},{"timeSet":15,"dateRange":1,"harmonicAverageSpeed":20.9,"medianSpeed":43.0,"averageSpeed":43.5,"standardDeviationSpeed":20.2,"travelTimeStandardDeviation":30.54,"sampleSize":5710,"normalizedSampleSize":0.5645,"averageTravelTime":15.02,"medianTravelTime":7.28,"travelTimeRatio":2.15,"speedPercentiles":[6,14,22,27,31,34,36,38,41,43,46,49,52,55,59,62,65,69,75]},{"timeSet":16,"dateRange":1,"harmonicAverageSpeed":19.8,"medianSpeed":41.0,"averageSpeed":41.4,"standardDeviationSpeed":20.5,"travelTimeStandardDeviation":27.81,"sampleSize":6601,"normalizedSampleSize":0.6525,"averageTravelTime":15.81,"medianTravelTime":7.64,"travelTimeRatio":2.26,"speedPercentiles":[4,12,18,24,29,32,34,36,39,41,44,46,49,53,56,60,64,68,74]},{"timeSet":17,"dateRange":1,"harmonicAverageSpeed":31.1,"medianSpeed":41.0,"averageSpeed":42.2,"standardDeviationSpeed":18.0,"travelTimeStandardDeviation":10.44,"sampleSize":6298,"normalizedSampleSize":0.6226,"averageTravelTime":10.08,"medianTravelTime":7.64,"travelTimeRatio":1.44,"speedPercentiles":[13,18,23,27,30,33,35,37,39,41,43,45,48,51,55,58,62,66,73]},{"timeSet":18,"dateRange":1,"harmonicAverageSpeed":29.5,"medianSpeed":39.0,"averageSpeed":40.1,"standardDeviationSpeed":17.2,"travelTimeStandardDeviation":10.91,"sampleSize":6704,"normalizedSampleSize":0.6627,"averageTravelTime":10.63,"medianTravelTime":8.03,"travelTimeRatio":1.52,"speedPercentiles":[12,17,22,26,29,31,33,35,37,39,41,43,45,48,52,55,59,63,70]},{"timeSet":19,"dateRange":1,"harmonicAverageSpeed":28.5,"medianSpeed":38.0,"averageSpeed":39.3,"standardDeviationSpeed":16.8,"travelTimeStandardDeviation":12.55,"sampleSize":7235,"normalizedSampleSize":0.7152,"averageTravelTime":10.97,"medianTravelTime":8.24,"travelTimeRatio":1.57,"speedPercentiles":[12,17,21,25,28,31,33,34,36,38,40,42,45,47,51,54,58,62,68]},{"timeSet":20,"dateRange":1,"harmonicAverageSpeed":25.4,"medianSpeed":35.0,"averageSpeed":36.0,"standardDeviationSpeed":16.1,"travelTimeStandardDeviation":12.91,"sampleSize":7721,"normalizedSampleSize":0.7632,"averageTravelTime":12.33,"medianTravelTime":8.95,"travelTimeRatio":1.76,"speedPercentiles":[10,14,18,22,25,28,30,32,34,35,37,39,41,44,47,50,54,58,64]},{"timeSet":21,"dateRange":1,"harmonicAverageSpeed":25.8,"medianSpeed":37.0,"averageSpeed":37.0,"standardDeviationSpeed":16.7,"travelTimeStandardDeviation":11.86,"sampleSize":7434,"normalizedSampleSize":0.7349,"averageTravelTime":12.12,"medianTravelTime":8.46,"travelTimeRatio":1.73,"speedPercentiles":[9,14,18,22,25,28,31,33,35,37,38,40,43,45,48,52,55,60,65]},{"timeSet":22,"dateRange":1,"harmonicAverageSpeed":33.2,"medianSpeed":42.0,"averageSpeed":44.0,"standardDeviationSpeed":17.8,"travelTimeStandardDeviation":9.68,"sampleSize":5754,"normalizedSampleSize":0.5688,"averageTravelTime":9.42,"medianTravelTime":7.46,"travelTimeRatio":1.35,"speedPercentiles":[14,22,26,30,33,35,36,38,40,42,45,47,50,53,57,60,63,67,74]},{"timeSet":23,"dateRange":1,"harmonicAverageSpeed":37.6,"medianSpeed":49.0,"averageSpeed":50.3,"standardDeviationSpeed":18.6,"travelTimeStandardDeviation":12.32,"sampleSize":3131,"normalizedSampleSize":0.3095,"averageTravelTime":8.34,"medianTravelTime":6.39,"travelTimeRatio":1.19,"speedPercentiles":[20,30,33,36,38,40,42,44,46,49,51,54,56,59,63,66,70,75,82]},{"timeSet":24,"dateRange":1,"harmonicAverageSpeed":40.9,"medianSpeed":50.0,"averageSpeed":51.5,"standardDeviationSpeed":18.2,"travelTimeStandardDeviation":8.32,"sampleSize":2998,"normalizedSampleSize":0.2964,"averageTravelTime":7.65,"medianTravelTime":6.26,"travelTimeRatio":1.09,"speedPercentiles":[22,31,34,37,39,41,43,45,48,50,53,56,58,61,64,67,70,75,83]},{"timeSet":25,"dateRange":1,"harmonicAverageSpeed":37.3,"medianSpeed":48.0,"averageSpeed":49.1,"standardDeviationSpeed":18.5,"travelTimeStandardDeviation":9.44,"sampleSize":3781,"normalizedSampleSize":0.3738,"averageTravelTime":8.4,"medianTravelTime":6.53,"travelTimeRatio":1.2,"speedPercentiles":[18,26,31,34,37,39,41,43,46,48,51,54,56,59,62,65,68,73,79]}]}},{"type":"Feature","geometry":{"type":"LineString","coordinates":[[12.47111,41.93997],[12.47108,41.94018]]},"properties":{"segmentId":-13800014505222,"newSegmentId":"-e71f3061-b25b-4b92-a9c4-167471e2181a","speedLimit":50,"frc":2,"streetName":"Corso di Francia","distance":22.54,"segmentTimeResults":[{"timeSet":2,"dateRange":1,"harmonicAverageSpeed":33.7,"medianSpeed":51.0,"averageSpeed":52.2,"standardDeviationSpeed":20.1,"travelTimeStandardDeviation":7.68,"sampleSize":1767,"normalizedSampleSize":0.1747,"averageTravelTime":2.41,"medianTravelTime":1.59,"travelTimeRatio":1.0,"speedPercentiles":[19,28,33,36,38,41,43,46,48,51,54,57,60,63,66,69,73,78,86]},{"timeSet":3,"dateRange":1,"harmonicAverageSpeed":37.4,"medianSpeed":53.0,"averageSpeed":55.2,"standardDeviationSpeed":21.7,"travelTimeStandardDeviation":5.52,"sampleSize":911,"normalizedSampleSize":0.0901,"averageTravelTime":2.17,"medianTravelTime":1.53,"travelTimeRatio":0.9,"speedPercentiles":[22,30,34,38,40,43,45,47,50,53,57,60,63,66,70,74,79,84,93]},{"timeSet":4,"dateRange":1,"harmonicAverageSpeed":36.9,"medianSpeed":54.0,"averageSpeed":55.7,"standardDeviationSpeed":22.4,"travelTimeStandardDeviation":4.16,"sampleSize":453,"normalizedSampleSize":0.0448,"averageTravelTime":2.2,"medianTravelTime":1.5,"travelTimeRatio":0.91,"speedPercentiles":[18,29,35,39,42,44,47,48,50,54,57,60,63,66,69,73,79,86,96]},{"timeSet":5,"dateRange":1,"harmonicAverageSpeed":20.9,"medianSpeed":54.0,"averageSpeed":53.4,"standardDeviationSpeed":25.0,"travelTimeStandardDeviation":13.27,"sampleSize":280,"normalizedSampleSize":0.0277,"averageTravelTime":3.89,"medianTravelTime":1.5,"travelTimeRatio":1.62,"speedPercentiles":[9,17,26,32,36,40,44,46,50,54,57,62,65,67,72,75,80,83,91]},{"timeSet":6,"dateRange":1,"harmonicAverageSpeed":16.4,"medianSpeed":51.0,"averageSpeed":50.6,"standardDeviationSpeed":22.3,"travelTimeStandardDeviation":15.81,"sampleSize":246,"normalizedSampleSize":0.0243,"averageTravelTime":4.95,"medianTravelTime":1.59,"travelTimeRatio":2.06,"speedPercentiles":[5,17,30,35,38,41,43,46,49,51,54,58,60,63,67,70,75,77,83]},{"timeSet":7,"dateRange":1,"harmonicAverageSpeed":24.2,"medianSpeed":57.0,"averageSpeed":56.5,"standardDeviationSpeed":23.5,"travelTimeStandardDeviation":13.48,"sampleSize":292,"normalizedSampleSize":0.0289,"averageTravelTime":3.35,"medianTravelTime":1.42,"travelTimeRatio":1.39,"speedPercentiles":[12,29,34,38,41,45,47,50,54,57,60,63,65,70,73,76,80,85,97]},{"timeSet":8,"dateRange":1,"harmonicAverageSpeed":40.7,"medianSpeed":55.0,"averageSpeed":55.6,"standardDeviationSpeed":20.9,"travelTimeStandardDeviation":3.87,"sampleSize":906,"normalizedSampleSize":0.0896,"averageTravelTime":1.99,"medianTravelTime":1.48,"travelTimeRatio":0.83,"speedPercentiles":[22,31,34,38,41,43,45,48,51,55,58,61,64,68,71,74,77,82,89]},{"timeSet":9,"dateRange":1,"harmonicAverageSpeed":31.9,"medianSpeed":45.0,"averageSpeed":46.3,"standardDeviationSpeed":19.7,"travelTimeStandardDeviation":3.6,"sampleSize":3271,"normalizedSampleSize":0.3233,"averageTravelTime":2.55,"medianTravelTime":1.8,"travelTimeRatio":1.06,"speedPercentiles":[13,21,26,30,32,35,38,41,43,45,48,51,54,57,60,64,68,72,78]},{"timeSet":10,"dateRange":1,"harmonicAverageSpeed":26.6,"medianSpeed":43.0,"averageSpeed":43.5,"standardDeviationSpeed":19.6,"travelTimeStandardDeviation":6.27,"sampleSize":6006,"normalizedSampleSize":0.5937,"averageTravelTime":3.05,"medianTravelTime":1.89,"travelTimeRatio":1.27,"speedPercentiles":[10,18,23,27,30,32,35,37,40,43,46,49,52,55,58,61,65,69,75]},{"timeSet":11,"dateRange":1,"harmonicAverageSpeed":29.2,"medianSpeed":45.0,"averageSpeed":45.3,"standardDeviationSpeed":19.8,"travelTimeStandardDeviation":4.83,"sampleSize":4450,"normalizedSampleSize":0.4399,"averageTravelTime":2.78,"medianTravelTime":1.8,"travelTimeRatio":1.15,"speedPercentiles":[12,19,24,28,31,34,36,39,42,45,47,51,54,57,60,63,67,72,78]},{"timeSet":12,"dateRange":1,"harmonicAverageSpeed":30.0,"medianSpeed":47.0,"averageSpeed":47.2,"standardDeviationSpeed":20.5,"travelTimeStandardDeviation":5.24,"sampleSize":4014,"normalizedSampleSize":0.3968,"averageTravelTime":2.71,"medianTravelTime":1.73,"travelTimeRatio":1.12,"speedPercentiles":[12,21,26,29,32,35,38,41,44,47,50,53,56,59,63,66,69,74,80]},{"timeSet":13,"dateRange":1,"harmonicAverageSpeed":27.8,"medianSpeed":44.0,"averageSpeed":45.4,"standardDeviationSpeed":20.5,"travelTimeStandardDeviation":6.27,"sampleSize":4515,"normalizedSampleSize":0.4463,"averageTravelTime":2.92,"medianTravelTime":1.84,"travelTimeRatio":1.21,"speedPercentiles":[11,19,24,28,31,33,36,39,41,44,48,51,54,57,61,64,68,73,79]},{"timeSet":14,"dateRange":1,"harmonicAverageSpeed":26.4,"medianSpeed":44.0,"averageSpeed":44.3,"standardDeviationSpeed":20.1,"travelTimeStandardDeviation":5.71,"sampleSize":5176,"normalizedSampleSize":0.5117,"averageTravelTime":3.07,"medianTravelTime":1.84,"travelTimeRatio":1.28,"speedPercentiles":[9,17,23,27,30,33,35,38,41,44,47,50,53,56,59,63,66,71,76]},{"timeSet":15,"dateRange":1,"harmonicAverageSpeed":20.3,"medianSpeed":40.0,"averageSpeed":40.6,"standardDeviationSpeed":20.2,"travelTimeStandardDeviation":10.77,"sampleSize":5670,"normalizedSampleSize":0.5605,"averageTravelTime":4.01,"medianTravelTime":2.03,"travelTimeRatio":1.66,"speedPercentiles":[6,13,18,23,26,29,32,35,37,40,43,46,49,53,56,60,63,67,73]},{"timeSet":16,"dateRange":1,"harmonicAverageSpeed":19.9,"medianSpeed":39.0,"averageSpeed":39.3,"standardDeviationSpeed":20.6,"travelTimeStandardDeviation":7.28,"sampleSize":6582,"normalizedSampleSize":0.6507,"averageTravelTime":4.07,"medianTravelTime":2.08,"travelTimeRatio":1.69,"speedPercentiles":[5,10,16,20,24,28,31,33,36,39,42,45,48,51,54,58,62,66,73]},{"timeSet":17,"dateRange":1,"harmonicAverageSpeed":25.8,"medianSpeed":40.0,"averageSpeed":40.6,"standardDeviationSpeed":18.5,"travelTimeStandardDeviation":4.46,"sampleSize":6291,"normalizedSampleSize":0.6219,"averageTravelTime":3.14,"medianTravelTime":2.03,"travelTimeRatio":1.3,"speedPercentiles":[9,16,21,25,28,30,32,35,37,40,42,45,48,51,54,57,61,65,72]},{"timeSet":18,"dateRange":1,"harmonicAverageSpeed":23.5,"medianSpeed":37.0,"averageSpeed":38.4,"standardDeviationSpeed":17.8,"travelTimeStandardDeviation":7.26,"sampleSize":6711,"normalizedSampleSize":0.6634,"averageTravelTime":3.46,"medianTravelTime":2.19,"travelTimeRatio":1.44,"speedPercentiles":[8,15,20,23,26,28,31,33,35,37,40,43,45,48,51,54,58,62,68]},{"timeSet":19,"dateRange":1,"harmonicAverageSpeed":23.3,"medianSpeed":37.0,"averageSpeed":37.8,"standardDeviationSpeed":17.4,"travelTimeStandardDeviation":6.3,"sampleSize":7179,"normalizedSampleSize":0.7097,"averageTravelTime":3.48,"medianTravelTime":2.19,"travelTimeRatio":1.45,"speedPercentiles":[8,16,20,23,26,28,30,32,35,37,39,42,44,47,50,53,57,61,67]},{"timeSet":20,"dateRange":1,"harmonicAverageSpeed":21.6,"medianSpeed":34.0,"averageSpeed":35.0,"standardDeviationSpeed":16.3,"travelTimeStandardDeviation":6.63,"sampleSize":7715,"normalizedSampleSize":0.7627,"averageTravelTime":3.75,"medianTravelTime":2.39,"travelTimeRatio":1.56,"speedPercentiles":[7,14,17,21,24,26,28,30,32,34,37,39,41,44,46,49,53,57,63]},{"timeSet":21,"dateRange":1,"harmonicAverageSpeed":22.5,"medianSpeed":35.0,"averageSpeed":36.2,"standardDeviationSpeed":16.8,"travelTimeStandardDeviation":5.78,"sampleSize":7380,"normalizedSampleSize":0.7295,"averageTravelTime":3.61,"medianTravelTime":2.32,"travelTimeRatio":1.5,"speedPercentiles":[8,14,19,22,25,27,29,31,33,35,38,40,42,45,48,51,54,59,64]},{"timeSet":22,"dateRange":1,"harmonicAverageSpeed":26.4,"medianSpeed":41.0,"averageSpeed":42.1,"standardDeviationSpeed":18.7,"travelTimeStandardDeviation":6.74,"sampleSize":5687,"normalizedSampleSize":0.5622,"averageTravelTime":3.08,"medianTravelTime":1.98,"travelTimeRatio":1.28,"speedPercentiles":[11,18,23,27,29,32,34,36,38,41,43,46,49,52,56,59,62,67,73]},{"timeSet":23,"dateRange":1,"harmonicAverageSpeed":29.9,"medianSpeed":46.0,"averageSpeed":47.4,"standardDeviationSpeed":20.1,"travelTimeStandardDeviation":5.88,"sampleSize":3090,"normalizedSampleSize":0.3055,"averageTravelTime":2.71,"medianTravelTime":1.76,"travelTimeRatio":1.13,"speedPercentiles":[13,22,28,31,34,36,39,41,44,46,49,52,55,58,61,65,69,74,81]},{"timeSet":24,"dateRange":1,"harmonicAverageSpeed":31.3,"medianSpeed":47.0,"averageSpeed":48.2,"standardDeviationSpeed":19.7,"travelTimeStandardDeviation":7.57,"sampleSize":2963,"normalizedSampleSize":0.2929,"averageTravelTime":2.59,"medianTravelTime":1.73,"travelTimeRatio":1.08,"speedPercentiles":[16,24,29,32,34,37,39,42,44,47,50,53,56,59,62,65,69,74,81]},{"timeSet":25,"dateRange":1,"harmonicAverageSpeed":29.7,"medianSpeed":45.0,"averageSpeed":45.9,"standardDeviationSpeed":19.8,"travelTimeStandardDeviation":5.08,"sampleSize":3755,"normalizedSampleSize":0.3712,"averageTravelTime":2.73,"medianTravelTime":1.8,"travelTimeRatio":1.14,"speedPercentiles":[13,21,26,29,32,35,37,40,42,45,48,51,54,57,60,63,67,71,78]}]}},{"type":"Feature","geometry":{"type":"LineString","coordinates":[[12.47108,41.94018],[12.47104,41.94037]]},"properties":{"segmentId":-13800007290272,"newSegmentId":"-00004931-3600-0400-0000-000001376eef","speedLimit":50,"frc":2,"streetName":"Corso di Francia","distance":22.27,"segmentTimeResults":[{"timeSet":2,"dateRange":1,"harmonicAverageSpeed":28.5,"medianSpeed":48.0,"averageSpeed":48.9,"standardDeviationSpeed":21.9,"travelTimeStandardDeviation":8.47,"sampleSize":1782,"normalizedSampleSize":0.1762,"averageTravelTime":2.81,"medianTravelTime":1.67,"travelTimeRatio":1.0,"speedPercentiles":[13,20,26,30,33,36,39,42,45,48,51,55,58,61,64,68,72,77,85]},{"timeSet":3,"dateRange":1,"harmonicAverageSpeed":38.5,"medianSpeed":50.0,"averageSpeed":52.2,"standardDeviationSpeed":23.0,"travelTimeStandardDeviation":1.98,"sampleSize":919,"normalizedSampleSize":0.0908,"averageTravelTime":2.08,"medianTravelTime":1.6,"travelTimeRatio":0.74,"speedPercentiles":[17,24,30,32,35,38,40,43,46,50,54,57,60,65,68,73,77,83,91]},{"timeSet":4,"dateRange":1,"harmonicAverageSpeed":24.5,"medianSpeed":51.0,"averageSpeed":53.2,"standardDeviationSpeed":23.3,"travelTimeStandardDeviation":16.79,"sampleSize":460,"normalizedSampleSize":0.0455,"averageTravelTime":3.28,"medianTravelTime":1.57,"travelTimeRatio":1.17,"speedPercentiles":[17,23,29,33,38,41,43,46,48,51,54,58,62,65,69,72,77,84,93]},{"timeSet":5,"dateRange":1,"harmonicAverageSpeed":24.3,"medianSpeed":51.0,"averageSpeed":51.3,"standardDeviationSpeed":24.9,"travelTimeStandardDeviation":8.18,"sampleSize":284,"normalizedSampleSize":0.0281,"averageTravelTime":3.29,"medianTravelTime":1.57,"travelTimeRatio":1.17,"speedPercentiles":[10,18,25,30,33,36,40,43,46,51,54,59,64,66,71,74,79,82,90]},{"timeSet":6,"dateRange":1,"harmonicAverageSpeed":28.6,"medianSpeed":49.0,"averageSpeed":49.0,"standardDeviationSpeed":22.2,"travelTimeStandardDeviation":4.87,"sampleSize":251,"normalizedSampleSize":0.0248,"averageTravelTime":2.8,"medianTravelTime":1.64,"travelTimeRatio":1.0,"speedPercentiles":[12,20,26,30,33,37,40,42,45,49,52,56,59,62,65,68,75,77,83]},{"timeSet":7,"dateRange":1,"harmonicAverageSpeed":31.5,"medianSpeed":54.0,"averageSpeed":53.8,"standardDeviationSpeed":24.0,"travelTimeStandardDeviation":5.3,"sampleSize":297,"normalizedSampleSize":0.0294,"averageTravelTime":2.55,"medianTravelTime":1.48,"travelTimeRatio":0.91,"speedPercentiles":[12,24,30,33,36,39,42,47,49,54,59,61,64,67,71,75,78,84,97]},{"timeSet":8,"dateRange":1,"harmonicAverageSpeed":37.1,"medianSpeed":53.0,"averageSpeed":53.0,"standardDeviationSpeed":22.4,"travelTimeStandardDeviation":3.27,"sampleSize":908,"normalizedSampleSize":0.0898,"averageTravelTime":2.16,"medianTravelTime":1.51,"travelTimeRatio":0.77,"speedPercentiles":[17,23,29,33,36,39,43,46,49,53,57,59,63,67,70,73,76,81,87]},{"timeSet":9,"dateRange":1,"harmonicAverageSpeed":25.1,"medianSpeed":42.0,"averageSpeed":43.1,"standardDeviationSpeed":21.1,"travelTimeStandardDeviation":4.41,"sampleSize":3266,"normalizedSampleSize":0.3229,"averageTravelTime":3.2,"medianTravelTime":1.91,"travelTimeRatio":1.14,"speedPercentiles":[7,14,20,25,28,31,34,37,40,42,45,48,52,55,59,62,67,71,77]},{"timeSet":10,"dateRange":1,"harmonicAverageSpeed":22.0,"medianSpeed":41.0,"averageSpeed":40.9,"standardDeviationSpeed":20.7,"travelTimeStandardDeviation":5.44,"sampleSize":6017,"normalizedSampleSize":0.5948,"averageTravelTime":3.65,"medianTravelTime":1.96,"travelTimeRatio":1.3,"speedPercentiles":[6,12,17,22,26,29,32,35,38,41,44,47,50,53,56,60,64,67,74]},{"timeSet":11,"dateRange":1,"harmonicAverageSpeed":23.5,"medianSpeed":43.0,"averageSpeed":42.5,"standardDeviationSpeed":21.3,"travelTimeStandardDeviation":4.96,"sampleSize":4461,"normalizedSampleSize":0.441,"averageTravelTime":3.41,"medianTravelTime":1.86,"travelTimeRatio":1.21,"speedPercentiles":[7,13,18,22,26,30,33,36,39,43,46,49,53,56,59,62,66,70,76]},{"timeSet":12,"dateRange":1,"harmonicAverageSpeed":23.8,"medianSpeed":44.0,"averageSpeed":44.1,"standardDeviationSpeed":22.2,"travelTimeStandardDeviation":5.2,"sampleSize":4024,"normalizedSampleSize":0.3978,"averageTravelTime":3.36,"medianTravelTime":1.82,"travelTimeRatio":1.2,"speedPercentiles":[7,13,19,23,28,31,34,38,41,44,48,51,55,58,61,64,68,73,79]},{"timeSet":13,"dateRange":1,"harmonicAverageSpeed":23.6,"medianSpeed":42.0,"averageSpeed":42.7,"standardDeviationSpeed":21.7,"travelTimeStandardDeviation":4.84,"sampleSize":4521,"normalizedSampleSize":0.4469,"averageTravelTime":3.4,"medianTravelTime":1.91,"travelTimeRatio":1.21,"speedPercentiles":[7,13,18,23,26,30,33,36,39,42,46,49,52,56,59,63,67,71,77]},{"timeSet":14,"dateRange":1,"harmonicAverageSpeed":22.1,"medianSpeed":42.0,"averageSpeed":41.6,"standardDeviationSpeed":21.1,"travelTimeStandardDeviation":5.84,"sampleSize":5201,"normalizedSampleSize":0.5141,"averageTravelTime":3.64,"medianTravelTime":1.91,"travelTimeRatio":1.29,"speedPercentiles":[6,12,17,22,26,29,32,35,38,42,45,48,51,54,58,61,65,69,75]},{"timeSet":15,"dateRange":1,"harmonicAverageSpeed":17.4,"medianSpeed":37.0,"averageSpeed":37.8,"standardDeviationSpeed":21.0,"travelTimeStandardDeviation":7.87,"sampleSize":5694,"normalizedSampleSize":0.5629,"averageTravelTime":4.61,"medianTravelTime":2.17,"travelTimeRatio":1.64,"speedPercentiles":[4,8,13,17,22,25,28,31,34,37,40,43,47,50,54,58,62,66,72]},{"timeSet":16,"dateRange":1,"harmonicAverageSpeed":17.6,"medianSpeed":36.0,"averageSpeed":37.0,"standardDeviationSpeed":21.0,"travelTimeStandardDeviation":6.89,"sampleSize":6632,"normalizedSampleSize":0.6556,"averageTravelTime":4.56,"medianTravelTime":2.23,"travelTimeRatio":1.62,"speedPercentiles":[4,8,12,16,20,24,27,30,33,36,39,43,46,50,53,57,61,65,71]},{"timeSet":17,"dateRange":1,"harmonicAverageSpeed":20.4,"medianSpeed":38.0,"averageSpeed":38.0,"standardDeviationSpeed":19.4,"travelTimeStandardDeviation":5.76,"sampleSize":6330,"normalizedSampleSize":0.6257,"averageTravelTime":3.92,"medianTravelTime":2.11,"travelTimeRatio":1.39,"speedPercentiles":[6,11,16,21,24,27,30,32,35,38,40,43,46,49,52,55,59,64,70]},{"timeSet":18,"dateRange":1,"harmonicAverageSpeed":18.8,"medianSpeed":35.0,"averageSpeed":35.9,"standardDeviationSpeed":18.7,"travelTimeStandardDeviation":7.06,"sampleSize":6735,"normalizedSampleSize":0.6658,"averageTravelTime":4.27,"medianTravelTime":2.29,"travelTimeRatio":1.52,"speedPercentiles":[5,10,15,19,22,25,28,30,33,35,38,41,43,46,49,53,57,61,67]},{"timeSet":19,"dateRange":1,"harmonicAverageSpeed":19.1,"medianSpeed":35.0,"averageSpeed":35.5,"standardDeviationSpeed":18.1,"travelTimeStandardDeviation":6.63,"sampleSize":7198,"normalizedSampleSize":0.7115,"averageTravelTime":4.21,"medianTravelTime":2.29,"travelTimeRatio":1.49,"speedPercentiles":[5,11,16,20,23,25,28,30,32,35,37,40,43,45,48,52,55,59,66]},{"timeSet":20,"dateRange":1,"harmonicAverageSpeed":17.8,"medianSpeed":32.0,"averageSpeed":32.9,"standardDeviationSpeed":16.9,"travelTimeStandardDeviation":6.78,"sampleSize":7732,"normalizedSampleSize":0.7643,"averageTravelTime":4.5,"medianTravelTime":2.51,"travelTimeRatio":1.6,"speedPercentiles":[5,10,15,17,21,23,26,28,30,32,35,37,40,42,45,48,52,56,61]},{"timeSet":21,"dateRange":1,"harmonicAverageSpeed":19.3,"medianSpeed":33.0,"averageSpeed":34.1,"standardDeviationSpeed":17.2,"travelTimeStandardDeviation":5.89,"sampleSize":7406,"normalizedSampleSize":0.7321,"averageTravelTime":4.15,"medianTravelTime":2.43,"travelTimeRatio":1.47,"speedPercentiles":[6,11,16,19,22,24,27,29,31,33,36,38,41,43,47,50,53,57,62]},{"timeSet":22,"dateRange":1,"harmonicAverageSpeed":21.8,"medianSpeed":39.0,"averageSpeed":39.6,"standardDeviationSpeed":19.8,"travelTimeStandardDeviation":5.71,"sampleSize":5688,"normalizedSampleSize":0.5623,"averageTravelTime":3.67,"medianTravelTime":2.06,"travelTimeRatio":1.31,"speedPercentiles":[6,12,17,22,26,29,31,34,36,39,42,45,48,51,54,58,61,66,72]},{"timeSet":23,"dateRange":1,"harmonicAverageSpeed":25.4,"medianSpeed":44.0,"averageSpeed":44.3,"standardDeviationSpeed":21.6,"travelTimeStandardDeviation":5.97,"sampleSize":3099,"normalizedSampleSize":0.3063,"averageTravelTime":3.16,"medianTravelTime":1.82,"travelTimeRatio":1.12,"speedPercentiles":[8,15,20,25,29,32,35,38,41,44,47,50,53,57,60,64,67,72,79]},{"timeSet":24,"dateRange":1,"harmonicAverageSpeed":25.8,"medianSpeed":45.0,"averageSpeed":45.2,"standardDeviationSpeed":21.4,"travelTimeStandardDeviation":7.96,"sampleSize":2971,"normalizedSampleSize":0.2937,"averageTravelTime":3.11,"medianTravelTime":1.78,"travelTimeRatio":1.1,"speedPercentiles":[10,16,21,26,30,33,35,39,42,45,48,52,55,58,61,64,68,73,80]},{"timeSet":25,"dateRange":1,"harmonicAverageSpeed":24.5,"medianSpeed":42.0,"averageSpeed":42.8,"standardDeviationSpeed":21.3,"travelTimeStandardDeviation":5.7,"sampleSize":3789,"normalizedSampleSize":0.3746,"averageTravelTime":3.27,"medianTravelTime":1.91,"travelTimeRatio":1.16,"speedPercentiles":[8,14,19,24,27,30,33,36,39,42,45,49,52,55,59,62,66,70,77]}]}},{"type":"Feature","geometry":{"type":"LineString","coordinates":[[12.47104,41.94037],[12.47099,41.94065]]},"properties":{"segmentId":-13800006851951,"newSegmentId":"-00004931-3600-0400-0000-0000015c6af0","speedLimit":50,"frc":2,"streetName":"Corso di Francia","distance":30.98,"segmentTimeResults":[{"timeSet":2,"dateRange":1,"harmonicAverageSpeed":13.9,"medianSpeed":46.0,"averageSpeed":42.4,"standardDeviationSpeed":27.3,"travelTimeStandardDeviation":12.01,"sampleSize":1731,"normalizedSampleSize":0.1711,"averageTravelTime":8.05,"medianTravelTime":2.42,"travelTimeRatio":1.0,"speedPercentiles":[3,4,6,9,15,22,30,36,42,46,50,54,57,60,63,67,72,77,84]},{"timeSet":3,"dateRange":1,"harmonicAverageSpeed":13.2,"medianSpeed":46.0,"averageSpeed":44.1,"standardDeviationSpeed":29.8,"travelTimeStandardDeviation":12.4,"sampleSize":895,"normalizedSampleSize":0.0885,"averageTravelTime":8.44,"medianTravelTime":2.42,"travelTimeRatio":1.05,"speedPercentiles":[3,4,6,8,13,22,29,35,40,46,52,56,60,64,68,71,76,81,90]},{"timeSet":4,"dateRange":1,"harmonicAverageSpeed":13.7,"medianSpeed":48.0,"averageSpeed":44.8,"standardDeviationSpeed":30.2,"travelTimeStandardDeviation":12.76,"sampleSize":453,"normalizedSampleSize":0.0448,"averageTravelTime":8.17,"medianTravelTime":2.32,"travelTimeRatio":1.01,"speedPercentiles":[3,4,6,8,13,23,29,38,44,48,51,56,61,65,68,71,76,83,93]},{"timeSet":5,"dateRange":1,"harmonicAverageSpeed":15.2,"medianSpeed":51.0,"averageSpeed":46.5,"standardDeviationSpeed":29.5,"travelTimeStandardDeviation":11.39,"sampleSize":273,"normalizedSampleSize":0.027,"averageTravelTime":7.32,"medianTravelTime":2.19,"travelTimeRatio":0.91,"speedPercentiles":[3,5,7,11,18,27,32,38,44,51,55,60,64,67,70,74,79,82,88]},{"timeSet":6,"dateRange":1,"harmonicAverageSpeed":14.9,"medianSpeed":47.0,"averageSpeed":43.8,"standardDeviationSpeed":27.0,"travelTimeStandardDeviation":12.19,"sampleSize":244,"normalizedSampleSize":0.0241,"averageTravelTime":7.47,"medianTravelTime":2.37,"travelTimeRatio":0.93,"speedPercentiles":[3,5,9,12,17,24,33,38,44,47,51,55,60,62,65,69,74,76,81]},{"timeSet":7,"dateRange":1,"harmonicAverageSpeed":13.4,"medianSpeed":51.0,"averageSpeed":45.7,"standardDeviationSpeed":30.7,"travelTimeStandardDeviation":12.21,"sampleSize":293,"normalizedSampleSize":0.029,"averageTravelTime":8.3,"medianTravelTime":2.19,"travelTimeRatio":1.03,"speedPercentiles":[3,4,6,7,13,18,31,38,45,51,56,60,62,65,69,74,79,83,93]},{"timeSet":8,"dateRange":1,"harmonicAverageSpeed":14.8,"medianSpeed":52.0,"averageSpeed":46.4,"standardDeviationSpeed":28.4,"travelTimeStandardDeviation":11.41,"sampleSize":890,"normalizedSampleSize":0.088,"averageTravelTime":7.56,"medianTravelTime":2.14,"travelTimeRatio":0.94,"speedPercentiles":[3,4,6,11,18,28,37,43,47,52,56,58,62,65,69,72,76,79,87]},{"timeSet":9,"dateRange":1,"harmonicAverageSpeed":15.6,"medianSpeed":41.0,"averageSpeed":39.9,"standardDeviationSpeed":23.5,"travelTimeStandardDeviation":10.6,"sampleSize":3005,"normalizedSampleSize":0.2971,"averageTravelTime":7.15,"medianTravelTime":2.72,"travelTimeRatio":0.89,"speedPercentiles":[3,5,9,16,22,26,29,33,37,41,44,48,51,55,58,62,65,70,76]},{"timeSet":10,"dateRange":1,"harmonicAverageSpeed":16.0,"medianSpeed":38.0,"averageSpeed":38.4,"standardDeviationSpeed":21.3,"travelTimeStandardDeviation":10.77,"sampleSize":5857,"normalizedSampleSize":0.579,"averageTravelTime":6.97,"medianTravelTime":2.93,"travelTimeRatio":0.87,"speedPercentiles":[3,5,13,19,23,26,29,33,36,38,41,45,48,52,55,58,62,66,72]},{"timeSet":11,"dateRange":1,"harmonicAverageSpeed":15.6,"medianSpeed":40.0,"averageSpeed":39.4,"standardDeviationSpeed":22.6,"travelTimeStandardDeviation":11.49,"sampleSize":4336,"normalizedSampleSize":0.4286,"averageTravelTime":7.17,"medianTravelTime":2.79,"travelTimeRatio":0.89,"speedPercentiles":[3,5,10,17,22,26,29,33,36,40,44,47,51,55,58,61,64,69,75]},{"timeSet":12,"dateRange":1,"harmonicAverageSpeed":15.1,"medianSpeed":41.0,"averageSpeed":40.5,"standardDeviationSpeed":23.9,"travelTimeStandardDeviation":11.13,"sampleSize":3918,"normalizedSampleSize":0.3873,"averageTravelTime":7.38,"medianTravelTime":2.72,"travelTimeRatio":0.92,"speedPercentiles":[3,4,8,16,22,26,30,34,38,41,46,50,53,56,60,63,67,71,77]},{"timeSet":13,"dateRange":1,"harmonicAverageSpeed":16.0,"medianSpeed":40.0,"averageSpeed":40.0,"standardDeviationSpeed":22.9,"travelTimeStandardDeviation":10.86,"sampleSize":4372,"normalizedSampleSize":0.4322,"averageTravelTime":6.97,"medianTravelTime":2.79,"travelTimeRatio":0.87,"speedPercentiles":[3,5,12,19,23,26,29,33,36,40,44,48,51,55,58,62,65,70,76]},{"timeSet":14,"dateRange":1,"harmonicAverageSpeed":15.8,"medianSpeed":39.0,"averageSpeed":38.9,"standardDeviationSpeed":22.2,"travelTimeStandardDeviation":10.79,"sampleSize":5037,"normalizedSampleSize":0.4979,"averageTravelTime":7.07,"medianTravelTime":2.86,"travelTimeRatio":0.88,"speedPercentiles":[3,5,10,18,22,26,29,32,35,39,43,46,50,53,57,60,64,67,74]},{"timeSet":15,"dateRange":1,"harmonicAverageSpeed":12.9,"medianSpeed":34.0,"averageSpeed":35.2,"standardDeviationSpeed":21.6,"travelTimeStandardDeviation":13.44,"sampleSize":5535,"normalizedSampleSize":0.5472,"averageTravelTime":8.68,"medianTravelTime":3.28,"travelTimeRatio":1.08,"speedPercentiles":[3,4,7,13,19,23,26,29,32,34,37,41,44,49,52,56,60,64,70]},{"timeSet":16,"dateRange":1,"harmonicAverageSpeed":12.7,"medianSpeed":34.0,"averageSpeed":34.6,"standardDeviationSpeed":21.7,"travelTimeStandardDeviation":13.47,"sampleSize":6405,"normalizedSampleSize":0.6332,"averageTravelTime":8.77,"medianTravelTime":3.28,"travelTimeRatio":1.09,"speedPercentiles":[3,4,6,11,18,22,25,28,31,34,37,40,44,48,52,56,59,64,70]},{"timeSet":17,"dateRange":1,"harmonicAverageSpeed":15.8,"medianSpeed":35.0,"averageSpeed":35.6,"standardDeviationSpeed":19.8,"travelTimeStandardDeviation":10.62,"sampleSize":6148,"normalizedSampleSize":0.6078,"averageTravelTime":7.08,"medianTravelTime":3.19,"travelTimeRatio":0.88,"speedPercentiles":[3,6,13,18,22,24,27,30,32,35,38,41,44,47,50,54,58,62,68]},{"timeSet":18,"dateRange":1,"harmonicAverageSpeed":15.2,"medianSpeed":33.0,"averageSpeed":33.7,"standardDeviationSpeed":18.9,"travelTimeStandardDeviation":11.07,"sampleSize":6487,"normalizedSampleSize":0.6413,"averageTravelTime":7.35,"medianTravelTime":3.38,"travelTimeRatio":0.91,"speedPercentiles":[3,6,13,17,20,23,26,28,30,33,35,38,41,44,47,51,55,60,65]},{"timeSet":19,"dateRange":1,"harmonicAverageSpeed":15.3,"medianSpeed":32.0,"averageSpeed":33.2,"standardDeviationSpeed":18.2,"travelTimeStandardDeviation":10.83,"sampleSize":6936,"normalizedSampleSize":0.6856,"averageTravelTime":7.3,"medianTravelTime":3.49,"travelTimeRatio":0.91,"speedPercentiles":[3,6,14,18,21,23,26,28,30,32,35,37,40,43,46,50,54,58,64]},{"timeSet":20,"dateRange":1,"harmonicAverageSpeed":14.7,"medianSpeed":30.0,"averageSpeed":30.7,"standardDeviationSpeed":16.9,"travelTimeStandardDeviation":10.94,"sampleSize":7439,"normalizedSampleSize":0.7354,"averageTravelTime":7.61,"medianTravelTime":3.72,"travelTimeRatio":0.95,"speedPercentiles":[3,6,12,16,19,21,24,26,28,30,32,34,37,39,42,45,49,54,60]},{"timeSet":21,"dateRange":1,"harmonicAverageSpeed":15.0,"medianSpeed":31.0,"averageSpeed":31.6,"standardDeviationSpeed":17.5,"travelTimeStandardDeviation":10.69,"sampleSize":7175,"normalizedSampleSize":0.7093,"averageTravelTime":7.46,"medianTravelTime":3.6,"travelTimeRatio":0.93,"speedPercentiles":[3,6,12,16,20,22,24,27,29,31,33,36,38,41,44,47,51,55,61]},{"timeSet":22,"dateRange":1,"harmonicAverageSpeed":16.0,"medianSpeed":37.0,"averageSpeed":37.1,"standardDeviationSpeed":20.8,"travelTimeStandardDeviation":10.61,"sampleSize":5494,"normalizedSampleSize":0.5431,"averageTravelTime":6.96,"medianTravelTime":3.01,"travelTimeRatio":0.86,"speedPercentiles":[3,6,12,18,22,26,28,31,34,37,40,43,46,49,53,57,60,64,71]},{"timeSet":23,"dateRange":1,"harmonicAverageSpeed":13.6,"medianSpeed":42.0,"averageSpeed":39.5,"standardDeviationSpeed":25.1,"travelTimeStandardDeviation":14.16,"sampleSize":2991,"normalizedSampleSize":0.2957,"averageTravelTime":8.23,"medianTravelTime":2.66,"travelTimeRatio":1.02,"speedPercentiles":[3,4,6,10,16,22,28,33,37,42,46,49,53,56,59,62,66,71,77]},{"timeSet":24,"dateRange":1,"harmonicAverageSpeed":13.3,"medianSpeed":42.0,"averageSpeed":39.7,"standardDeviationSpeed":25.2,"travelTimeStandardDeviation":12.54,"sampleSize":2884,"normalizedSampleSize":0.2851,"averageTravelTime":8.42,"medianTravelTime":2.66,"travelTimeRatio":1.05,"speedPercentiles":[3,4,5,9,16,23,29,33,38,42,46,50,53,56,60,63,67,71,79]},{"timeSet":25,"dateRange":1,"harmonicAverageSpeed":13.4,"medianSpeed":38.0,"averageSpeed":38.4,"standardDeviationSpeed":24.2,"travelTimeStandardDeviation":13.84,"sampleSize":3678,"normalizedSampleSize":0.3636,"averageTravelTime":8.32,"medianTravelTime":2.93,"travelTimeRatio":1.03,"speedPercentiles":[3,4,6,11,17,23,27,31,35,38,43,47,51,54,58,61,65,69,75]}]}},{"type":"Feature","geometry":{"type":"LineString","coordinates":[[12.47099,41.94065],[12.47096,41.94079],[12.47095,41.94087],[12.47093,41.941],[12.47089,41.94124]]},"properties":{"segmentId":-13800006771004,"newSegmentId":"-00004931-3600-0400-0000-00000346e266","speedLimit":50,"frc":2,"streetName":"Corso di Francia","distance":65.7,"segmentTimeResults":[{"timeSet":2,"dateRange":1,"harmonicAverageSpeed":34.8,"medianSpeed":45.0,"averageSpeed":45.9,"standardDeviationSpeed":19.3,"travelTimeStandardDeviation":5.93,"sampleSize":1737,"normalizedSampleSize":0.1717,"averageTravelTime":6.79,"medianTravelTime":5.26,"travelTimeRatio":1.0,"speedPercentiles":[15,24,28,30,32,34,36,38,41,45,47,50,53,56,59,62,66,72,80]},{"timeSet":3,"dateRange":1,"harmonicAverageSpeed":35.5,"medianSpeed":46.0,"averageSpeed":48.0,"standardDeviationSpeed":21.8,"travelTimeStandardDeviation":5.31,"sampleSize":897,"normalizedSampleSize":0.0887,"averageTravelTime":6.66,"medianTravelTime":5.14,"travelTimeRatio":0.98,"speedPercentiles":[15,23,27,29,32,33,35,39,43,46,49,52,55,58,63,66,73,79,87]},{"timeSet":4,"dateRange":1,"harmonicAverageSpeed":36.7,"medianSpeed":46.0,"averageSpeed":48.9,"standardDeviationSpeed":22.3,"travelTimeStandardDeviation":5.01,"sampleSize":462,"normalizedSampleSize":0.0457,"averageTravelTime":6.44,"medianTravelTime":5.14,"travelTimeRatio":0.95,"speedPercentiles":[15,24,28,29,31,34,37,40,43,46,49,52,56,60,63,68,73,80,90]},{"timeSet":5,"dateRange":1,"harmonicAverageSpeed":34.1,"medianSpeed":49.0,"averageSpeed":49.9,"standardDeviationSpeed":23.1,"travelTimeStandardDeviation":8.35,"sampleSize":279,"normalizedSampleSize":0.0276,"averageTravelTime":6.94,"medianTravelTime":4.83,"travelTimeRatio":1.02,"speedPercentiles":[13,23,26,29,31,33,37,41,45,49,53,56,60,64,68,72,77,81,83]},{"timeSet":6,"dateRange":1,"harmonicAverageSpeed":36.0,"medianSpeed":47.0,"averageSpeed":47.8,"standardDeviationSpeed":20.2,"travelTimeStandardDeviation":5.27,"sampleSize":255,"normalizedSampleSize":0.0252,"averageTravelTime":6.58,"medianTravelTime":5.03,"travelTimeRatio":0.97,"speedPercentiles":[16,24,27,29,33,35,38,40,43,47,49,54,56,60,63,65,69,74,81]},{"timeSet":7,"dateRange":1,"harmonicAverageSpeed":31.1,"medianSpeed":51.0,"averageSpeed":49.4,"standardDeviationSpeed":23.3,"travelTimeStandardDeviation":12.03,"sampleSize":297,"normalizedSampleSize":0.0294,"averageTravelTime":7.61,"medianTravelTime":4.64,"travelTimeRatio":1.12,"speedPercentiles":[12,18,25,29,31,34,37,43,47,51,53,56,59,62,65,69,74,80,90]},{"timeSet":8,"dateRange":1,"harmonicAverageSpeed":32.6,"medianSpeed":47.0,"averageSpeed":47.6,"standardDeviationSpeed":21.9,"travelTimeStandardDeviation":6.73,"sampleSize":883,"normalizedSampleSize":0.0873,"averageTravelTime":7.26,"medianTravelTime":5.03,"travelTimeRatio":1.07,"speedPercentiles":[9,18,25,29,31,34,37,42,44,47,50,53,56,60,64,67,71,76,83]},{"timeSet":9,"dateRange":1,"harmonicAverageSpeed":31.8,"medianSpeed":39.0,"averageSpeed":41.0,"standardDeviationSpeed":16.4,"travelTimeStandardDeviation":9.68,"sampleSize":2978,"normalizedSampleSize":0.2944,"averageTravelTime":7.44,"medianTravelTime":6.06,"travelTimeRatio":1.09,"speedPercentiles":[15,23,26,28,30,32,33,35,37,39,40,43,45,48,51,55,59,64,71]},{"timeSet":10,"dateRange":1,"harmonicAverageSpeed":32.5,"medianSpeed":37.0,"averageSpeed":39.0,"standardDeviationSpeed":14.3,"travelTimeStandardDeviation":4.95,"sampleSize":5850,"normalizedSampleSize":0.5783,"averageTravelTime":7.29,"medianTravelTime":6.39,"travelTimeRatio":1.07,"speedPercentiles":[17,23,26,28,30,31,33,34,35,37,38,40,43,45,48,52,55,59,65]},{"timeSet":11,"dateRange":1,"harmonicAverageSpeed":33.0,"medianSpeed":39.0,"averageSpeed":40.9,"standardDeviationSpeed":15.7,"travelTimeStandardDeviation":5.31,"sampleSize":4339,"normalizedSampleSize":0.4289,"averageTravelTime":7.18,"medianTravelTime":6.06,"travelTimeRatio":1.06,"speedPercentiles":[17,23,26,28,30,32,33,35,37,39,41,43,46,48,51,54,59,63,69]},{"timeSet":12,"dateRange":1,"harmonicAverageSpeed":32.9,"medianSpeed":40.0,"averageSpeed":42.0,"standardDeviationSpeed":16.7,"travelTimeStandardDeviation":6.16,"sampleSize":3911,"normalizedSampleSize":0.3866,"averageTravelTime":7.2,"medianTravelTime":5.91,"travelTimeRatio":1.06,"speedPercentiles":[16,23,27,29,31,32,34,36,38,40,42,44,47,51,54,57,61,65,71]},{"timeSet":13,"dateRange":1,"harmonicAverageSpeed":32.8,"medianSpeed":39.0,"averageSpeed":41.1,"standardDeviationSpeed":16.2,"travelTimeStandardDeviation":5.82,"sampleSize":4358,"normalizedSampleSize":0.4308,"averageTravelTime":7.21,"medianTravelTime":6.06,"travelTimeRatio":1.06,"speedPercentiles":[17,23,26,28,30,32,33,35,37,39,41,43,46,49,52,55,59,64,70]},{"timeSet":14,"dateRange":1,"harmonicAverageSpeed":30.4,"medianSpeed":37.0,"averageSpeed":39.0,"standardDeviationSpeed":15.7,"travelTimeStandardDeviation":6.25,"sampleSize":5057,"normalizedSampleSize":0.4999,"averageTravelTime":7.79,"medianTravelTime":6.39,"travelTimeRatio":1.15,"speedPercentiles":[14,21,24,26,28,30,32,34,35,37,39,41,43,46,49,52,56,61,67]},{"timeSet":15,"dateRange":1,"harmonicAverageSpeed":20.7,"medianSpeed":35.0,"averageSpeed":35.5,"standardDeviationSpeed":16.4,"travelTimeStandardDeviation":17.43,"sampleSize":5524,"normalizedSampleSize":0.5461,"averageTravelTime":11.43,"medianTravelTime":6.76,"travelTimeRatio":1.68,"speedPercentiles":[6,14,19,23,26,28,30,31,33,35,36,38,40,43,45,49,53,58,64]},{"timeSet":16,"dateRange":1,"harmonicAverageSpeed":20.1,"medianSpeed":34.0,"averageSpeed":34.9,"standardDeviationSpeed":16.6,"travelTimeStandardDeviation":17.79,"sampleSize":6397,"normalizedSampleSize":0.6324,"averageTravelTime":11.74,"medianTravelTime":6.96,"travelTimeRatio":1.73,"speedPercentiles":[6,12,18,22,25,27,29,31,33,34,36,38,40,42,44,48,52,57,64]},{"timeSet":17,"dateRange":1,"harmonicAverageSpeed":27.5,"medianSpeed":34.0,"averageSpeed":35.4,"standardDeviationSpeed":14.6,"travelTimeStandardDeviation":7.21,"sampleSize":6154,"normalizedSampleSize":0.6083,"averageTravelTime":8.61,"medianTravelTime":6.96,"travelTimeRatio":1.27,"speedPercentiles":[13,18,21,23,26,27,29,31,32,34,36,37,39,42,44,47,51,55,62]},{"timeSet":18,"dateRange":1,"harmonicAverageSpeed":26.3,"medianSpeed":32.0,"averageSpeed":33.4,"standardDeviationSpeed":13.8,"travelTimeStandardDeviation":6.47,"sampleSize":6493,"normalizedSampleSize":0.6419,"averageTravelTime":8.99,"medianTravelTime":7.39,"travelTimeRatio":1.32,"speedPercentiles":[12,17,20,22,24,26,27,29,31,32,34,35,37,39,41,44,48,52,59]},{"timeSet":19,"dateRange":1,"harmonicAverageSpeed":26.2,"medianSpeed":32.0,"averageSpeed":32.8,"standardDeviationSpeed":13.0,"travelTimeStandardDeviation":6.55,"sampleSize":6941,"normalizedSampleSize":0.6861,"averageTravelTime":9.02,"medianTravelTime":7.39,"travelTimeRatio":1.33,"speedPercentiles":[13,17,20,22,24,26,27,29,30,32,33,35,36,38,40,43,46,50,56]},{"timeSet":20,"dateRange":1,"harmonicAverageSpeed":22.9,"medianSpeed":30.0,"averageSpeed":29.9,"standardDeviationSpeed":12.4,"travelTimeStandardDeviation":8.72,"sampleSize":7442,"normalizedSampleSize":0.7357,"averageTravelTime":10.32,"medianTravelTime":7.88,"travelTimeRatio":1.52,"speedPercentiles":[10,14,17,19,21,23,25,27,28,30,31,33,34,36,38,40,42,46,51]},{"timeSet":21,"dateRange":1,"harmonicAverageSpeed":23.5,"medianSpeed":31.0,"averageSpeed":31.1,"standardDeviationSpeed":13.0,"travelTimeStandardDeviation":9.22,"sampleSize":7175,"normalizedSampleSize":0.7093,"averageTravelTime":10.08,"medianTravelTime":7.63,"travelTimeRatio":1.48,"speedPercentiles":[10,15,18,20,22,24,26,27,29,31,32,34,35,37,39,41,44,48,54]},{"timeSet":22,"dateRange":1,"harmonicAverageSpeed":29.7,"medianSpeed":36.0,"averageSpeed":37.7,"standardDeviationSpeed":15.0,"travelTimeStandardDeviation":6.41,"sampleSize":5504,"normalizedSampleSize":0.5441,"averageTravelTime":7.96,"medianTravelTime":6.57,"travelTimeRatio":1.17,"speedPercentiles":[14,20,23,26,28,29,31,33,34,36,38,39,41,44,47,50,54,58,65]},{"timeSet":23,"dateRange":1,"harmonicAverageSpeed":31.4,"medianSpeed":40.0,"averageSpeed":42.7,"standardDeviationSpeed":17.7,"travelTimeStandardDeviation":10.8,"sampleSize":3005,"normalizedSampleSize":0.2971,"averageTravelTime":7.54,"medianTravelTime":5.91,"travelTimeRatio":1.11,"speedPercentiles":[14,23,27,29,31,33,35,36,38,40,43,45,48,51,54,57,61,66,74]},{"timeSet":24,"dateRange":1,"harmonicAverageSpeed":33.6,"medianSpeed":41.0,"averageSpeed":43.0,"standardDeviationSpeed":17.4,"travelTimeStandardDeviation":5.91,"sampleSize":2891,"normalizedSampleSize":0.2858,"averageTravelTime":7.03,"medianTravelTime":5.77,"travelTimeRatio":1.04,"speedPercentiles":[15,23,27,29,31,33,35,37,39,41,43,46,48,52,55,58,62,67,74]},{"timeSet":25,"dateRange":1,"harmonicAverageSpeed":32.3,"medianSpeed":39.0,"averageSpeed":41.5,"standardDeviationSpeed":16.8,"travelTimeStandardDeviation":6.9,"sampleSize":3690,"normalizedSampleSize":0.3648,"averageTravelTime":7.32,"medianTravelTime":6.06,"travelTimeRatio":1.08,"speedPercentiles":[15,23,26,29,30,32,33,35,37,39,41,43,46,49,52,56,60,64,71]}]}},{"type":"Feature","geometry":{"type":"LineString","coordinates":[[12.47089,41.94124],[12.47088,41.9413]]},"properties":{"segmentId":-13800007410845,"newSegmentId":"-00004931-3600-0400-0000-0000014b11bd","speedLimit":50,"frc":2,"streetName":"Corso di Francia","distance":7.17,"segmentTimeResults":[{"timeSet":2,"dateRange":1,"harmonicAverageSpeed":37.6,"medianSpeed":45.0,"averageSpeed":46.7,"standardDeviationSpeed":17.2,"travelTimeStandardDeviation":0.61,"sampleSize":1933,"normalizedSampleSize":0.1911,"averageTravelTime":0.69,"medianTravelTime":0.57,"travelTimeRatio":1.0,"speedPercentiles":[20,26,30,33,36,38,39,41,43,45,47,49,52,54,57,60,64,69,77]},{"timeSet":3,"dateRange":1,"harmonicAverageSpeed":38.8,"medianSpeed":47.0,"averageSpeed":49.0,"standardDeviationSpeed":19.3,"travelTimeStandardDeviation":0.54,"sampleSize":1014,"normalizedSampleSize":0.1002,"averageTravelTime":0.67,"medianTravelTime":0.55,"travelTimeRatio":0.97,"speedPercentiles":[20,27,30,33,36,38,40,43,45,47,49,52,55,57,61,65,69,76,84]},{"timeSet":4,"dateRange":1,"harmonicAverageSpeed":37.9,"medianSpeed":49.0,"averageSpeed":50.7,"standardDeviationSpeed":20.0,"travelTimeStandardDeviation":0.78,"sampleSize":515,"normalizedSampleSize":0.0509,"averageTravelTime":0.68,"medianTravelTime":0.53,"travelTimeRatio":0.99,"speedPercentiles":[21,28,32,35,38,40,43,44,47,49,51,54,56,59,62,66,71,78,87]},{"timeSet":5,"dateRange":1,"harmonicAverageSpeed":36.5,"medianSpeed":50.0,"averageSpeed":51.0,"standardDeviationSpeed":21.3,"travelTimeStandardDeviation":0.86,"sampleSize":310,"normalizedSampleSize":0.0306,"averageTravelTime":0.71,"medianTravelTime":0.52,"travelTimeRatio":1.03,"speedPercentiles":[14,25,29,34,37,39,42,44,47,50,52,55,59,63,67,69,75,79,84]},{"timeSet":6,"dateRange":1,"harmonicAverageSpeed":40.6,"medianSpeed":48.0,"averageSpeed":49.6,"standardDeviationSpeed":18.1,"travelTimeStandardDeviation":0.48,"sampleSize":291,"normalizedSampleSize":0.0288,"averageTravelTime":0.64,"medianTravelTime":0.54,"travelTimeRatio":0.93,"speedPercentiles":[21,28,32,34,37,40,42,44,46,48,50,52,55,57,61,65,69,73,81]},{"timeSet":7,"dateRange":1,"harmonicAverageSpeed":37.1,"medianSpeed":48.0,"averageSpeed":50.2,"standardDeviationSpeed":19.3,"travelTimeStandardDeviation":1.11,"sampleSize":369,"normalizedSampleSize":0.0365,"averageTravelTime":0.7,"medianTravelTime":0.54,"travelTimeRatio":1.01,"speedPercentiles":[22,28,32,35,37,39,41,44,47,48,51,52,55,58,61,66,70,76,85]},{"timeSet":8,"dateRange":1,"harmonicAverageSpeed":36.3,"medianSpeed":43.0,"averageSpeed":45.5,"standardDeviationSpeed":18.4,"travelTimeStandardDeviation":0.53,"sampleSize":1137,"normalizedSampleSize":0.1124,"averageTravelTime":0.71,"medianTravelTime":0.6,"travelTimeRatio":1.04,"speedPercentiles":[19,23,27,29,32,35,37,39,42,43,46,48,50,53,57,62,66,71,78]},{"timeSet":9,"dateRange":1,"harmonicAverageSpeed":27.9,"medianSpeed":37.0,"averageSpeed":38.3,"standardDeviationSpeed":15.7,"travelTimeStandardDeviation":1.5,"sampleSize":3645,"normalizedSampleSize":0.3603,"averageTravelTime":0.93,"medianTravelTime":0.7,"travelTimeRatio":1.35,"speedPercentiles":[15,20,23,25,28,30,31,33,35,37,39,41,42,45,47,50,54,59,67]},{"timeSet":10,"dateRange":1,"harmonicAverageSpeed":26.3,"medianSpeed":36.0,"averageSpeed":36.3,"standardDeviationSpeed":14.0,"travelTimeStandardDeviation":1.76,"sampleSize":6761,"normalizedSampleSize":0.6683,"averageTravelTime":0.98,"medianTravelTime":0.72,"travelTimeRatio":1.43,"speedPercentiles":[14,19,22,25,27,29,31,32,34,36,37,39,41,43,45,47,50,54,61]},{"timeSet":11,"dateRange":1,"harmonicAverageSpeed":28.8,"medianSpeed":38.0,"averageSpeed":38.6,"standardDeviationSpeed":14.9,"travelTimeStandardDeviation":1.44,"sampleSize":5137,"normalizedSampleSize":0.5078,"averageTravelTime":0.9,"medianTravelTime":0.68,"travelTimeRatio":1.31,"speedPercentiles":[16,21,24,26,28,31,32,34,36,38,39,41,43,45,47,50,54,59,65]},{"timeSet":12,"dateRange":1,"harmonicAverageSpeed":30.4,"medianSpeed":38.0,"averageSpeed":39.6,"standardDeviationSpeed":15.4,"travelTimeStandardDeviation":1.1,"sampleSize":4722,"normalizedSampleSize":0.4668,"averageTravelTime":0.85,"medianTravelTime":0.68,"travelTimeRatio":1.24,"speedPercentiles":[17,22,24,27,29,31,33,35,37,38,40,42,44,46,49,52,56,60,67]},{"timeSet":13,"dateRange":1,"harmonicAverageSpeed":28.4,"medianSpeed":37.0,"averageSpeed":38.6,"standardDeviationSpeed":15.4,"travelTimeStandardDeviation":1.43,"sampleSize":5197,"normalizedSampleSize":0.5137,"averageTravelTime":0.91,"medianTravelTime":0.7,"travelTimeRatio":1.32,"speedPercentiles":[15,20,23,26,28,30,32,34,36,37,39,41,43,45,48,51,55,60,66]},{"timeSet":14,"dateRange":1,"harmonicAverageSpeed":26.4,"medianSpeed":36.0,"averageSpeed":36.7,"standardDeviationSpeed":15.0,"travelTimeStandardDeviation":1.59,"sampleSize":5965,"normalizedSampleSize":0.5897,"averageTravelTime":0.98,"medianTravelTime":0.72,"travelTimeRatio":1.43,"speedPercentiles":[13,19,22,24,27,29,30,32,34,36,38,39,41,43,45,48,52,57,63]},{"timeSet":15,"dateRange":1,"harmonicAverageSpeed":20.1,"medianSpeed":34.0,"averageSpeed":33.9,"standardDeviationSpeed":15.4,"travelTimeStandardDeviation":2.55,"sampleSize":6424,"normalizedSampleSize":0.635,"averageTravelTime":1.29,"medianTravelTime":0.76,"travelTimeRatio":1.87,"speedPercentiles":[8,14,18,21,24,26,28,30,32,34,36,37,39,41,43,45,49,54,61]},{"timeSet":16,"dateRange":1,"harmonicAverageSpeed":19.0,"medianSpeed":33.0,"averageSpeed":33.3,"standardDeviationSpeed":15.4,"travelTimeStandardDeviation":3.24,"sampleSize":7299,"normalizedSampleSize":0.7215,"averageTravelTime":1.36,"medianTravelTime":0.78,"travelTimeRatio":1.98,"speedPercentiles":[8,13,17,20,23,25,28,30,31,33,35,37,38,40,43,45,48,53,60]},{"timeSet":17,"dateRange":1,"harmonicAverageSpeed":23.2,"medianSpeed":33.0,"averageSpeed":33.2,"standardDeviationSpeed":14.0,"travelTimeStandardDeviation":1.98,"sampleSize":7002,"normalizedSampleSize":0.6922,"averageTravelTime":1.11,"medianTravelTime":0.78,"travelTimeRatio":1.62,"speedPercentiles":[12,16,19,21,23,25,27,29,31,33,34,36,38,40,42,44,47,52,57]},{"timeSet":18,"dateRange":1,"harmonicAverageSpeed":22.0,"medianSpeed":31.0,"averageSpeed":31.6,"standardDeviationSpeed":13.6,"travelTimeStandardDeviation":1.95,"sampleSize":7300,"normalizedSampleSize":0.7216,"averageTravelTime":1.17,"medianTravelTime":0.83,"travelTimeRatio":1.71,"speedPercentiles":[11,15,18,20,22,24,26,27,29,31,33,34,36,38,40,43,45,49,55]},{"timeSet":19,"dateRange":1,"harmonicAverageSpeed":20.6,"medianSpeed":30.0,"averageSpeed":30.9,"standardDeviationSpeed":13.2,"travelTimeStandardDeviation":2.46,"sampleSize":7831,"normalizedSampleSize":0.7741,"averageTravelTime":1.26,"medianTravelTime":0.86,"travelTimeRatio":1.83,"speedPercentiles":[11,15,18,20,22,23,25,27,28,30,32,33,35,37,39,41,44,47,53]},{"timeSet":20,"dateRange":1,"harmonicAverageSpeed":18.6,"medianSpeed":28.0,"averageSpeed":28.4,"standardDeviationSpeed":12.5,"travelTimeStandardDeviation":2.54,"sampleSize":8360,"normalizedSampleSize":0.8264,"averageTravelTime":1.39,"medianTravelTime":0.92,"travelTimeRatio":2.02,"speedPercentiles":[9,13,15,17,19,21,23,24,26,28,30,31,33,35,37,39,41,44,49]},{"timeSet":21,"dateRange":1,"harmonicAverageSpeed":19.1,"medianSpeed":29.0,"averageSpeed":29.5,"standardDeviationSpeed":12.8,"travelTimeStandardDeviation":2.64,"sampleSize":8164,"normalizedSampleSize":0.807,"averageTravelTime":1.35,"medianTravelTime":0.89,"travelTimeRatio":1.97,"speedPercentiles":[10,14,16,19,20,22,24,25,27,29,31,32,34,36,38,40,42,46,51]},{"timeSet":22,"dateRange":1,"harmonicAverageSpeed":25.6,"medianSpeed":35.0,"averageSpeed":35.6,"standardDeviationSpeed":14.5,"travelTimeStandardDeviation":1.75,"sampleSize":6415,"normalizedSampleSize":0.6341,"averageTravelTime":1.01,"medianTravelTime":0.74,"travelTimeRatio":1.47,"speedPercentiles":[14,18,21,23,26,28,29,31,33,35,37,38,40,42,44,47,50,55,61]},{"timeSet":23,"dateRange":1,"harmonicAverageSpeed":32.3,"medianSpeed":40.0,"averageSpeed":41.8,"standardDeviationSpeed":16.0,"travelTimeStandardDeviation":1.09,"sampleSize":3659,"normalizedSampleSize":0.3617,"averageTravelTime":0.8,"medianTravelTime":0.65,"travelTimeRatio":1.17,"speedPercentiles":[18,23,26,29,31,34,36,37,39,40,42,44,46,48,51,53,58,63,70]},{"timeSet":24,"dateRange":1,"harmonicAverageSpeed":34.0,"medianSpeed":41.0,"averageSpeed":42.4,"standardDeviationSpeed":16.0,"travelTimeStandardDeviation":0.64,"sampleSize":3394,"normalizedSampleSize":0.3355,"averageTravelTime":0.76,"medianTravelTime":0.63,"travelTimeRatio":1.11,"speedPercentiles":[17,23,27,29,32,34,36,38,39,41,43,45,47,49,52,55,59,64,71]},{"timeSet":25,"dateRange":1,"harmonicAverageSpeed":32.7,"medianSpeed":40.0,"averageSpeed":41.4,"standardDeviationSpeed":15.4,"travelTimeStandardDeviation":1.11,"sampleSize":4115,"normalizedSampleSize":0.4068,"averageTravelTime":0.79,"medianTravelTime":0.65,"travelTimeRatio":1.15,"speedPercentiles":[18,23,27,29,32,33,35,37,38,40,42,44,46,48,50,54,57,62,68]}]}},{"type":"Feature","geometry":{"type":"LineString","coordinates":[[12.47088,41.9413],[12.47084,41.9415]]},"properties":{"segmentId":-13800007410844,"newSegmentId":"-00004931-3600-0400-0000-0000014b11bc","speedLimit":50,"frc":2,"streetName":"Corso di Francia","distance":21.91,"segmentTimeResults":[{"timeSet":2,"dateRange":1,"harmonicAverageSpeed":30.0,"medianSpeed":44.0,"averageSpeed":45.1,"standardDeviationSpeed":18.0,"travelTimeStandardDeviation":4.26,"sampleSize":1932,"normalizedSampleSize":0.191,"averageTravelTime":2.63,"medianTravelTime":1.79,"travelTimeRatio":1.0,"speedPercentiles":[15,22,27,31,34,37,39,41,43,44,47,48,51,53,56,59,63,68,76]},{"timeSet":3,"dateRange":1,"harmonicAverageSpeed":33.4,"medianSpeed":47.0,"averageSpeed":47.9,"standardDeviationSpeed":20.2,"travelTimeStandardDeviation":2.91,"sampleSize":1016,"normalizedSampleSize":0.1004,"averageTravelTime":2.37,"medianTravelTime":1.68,"travelTimeRatio":0.9,"speedPercentiles":[16,22,27,32,34,37,39,43,45,47,50,52,55,57,61,64,69,75,83]},{"timeSet":4,"dateRange":1,"harmonicAverageSpeed":37.2,"medianSpeed":49.0,"averageSpeed":50.4,"standardDeviationSpeed":20.0,"travelTimeStandardDeviation":2.68,"sampleSize":516,"normalizedSampleSize":0.051,"averageTravelTime":2.12,"medianTravelTime":1.61,"travelTimeRatio":0.81,"speedPercentiles":[19,26,30,34,38,40,43,45,47,49,51,54,56,60,63,65,70,77,87]},{"timeSet":5,"dateRange":1,"harmonicAverageSpeed":33.9,"medianSpeed":49.0,"averageSpeed":50.3,"standardDeviationSpeed":21.6,"travelTimeStandardDeviation":3.17,"sampleSize":310,"normalizedSampleSize":0.0306,"averageTravelTime":2.33,"medianTravelTime":1.61,"travelTimeRatio":0.89,"speedPercentiles":[13,21,27,32,36,39,42,44,47,49,52,55,59,62,67,69,73,78,83]},{"timeSet":6,"dateRange":1,"harmonicAverageSpeed":37.7,"medianSpeed":48.0,"averageSpeed":48.9,"standardDeviationSpeed":18.7,"travelTimeStandardDeviation":1.96,"sampleSize":291,"normalizedSampleSize":0.0288,"averageTravelTime":2.09,"medianTravelTime":1.64,"travelTimeRatio":0.8,"speedPercentiles":[19,26,29,33,36,39,42,44,46,48,50,52,55,58,61,64,68,73,83]},{"timeSet":7,"dateRange":1,"harmonicAverageSpeed":33.4,"medianSpeed":48.0,"averageSpeed":49.3,"standardDeviationSpeed":20.0,"travelTimeStandardDeviation":4.19,"sampleSize":369,"normalizedSampleSize":0.0365,"averageTravelTime":2.36,"medianTravelTime":1.64,"travelTimeRatio":0.9,"speedPercentiles":[17,23,31,34,37,38,41,44,46,48,50,52,55,58,61,65,69,75,85]},{"timeSet":8,"dateRange":1,"harmonicAverageSpeed":27.6,"medianSpeed":43.0,"averageSpeed":44.2,"standardDeviationSpeed":19.6,"travelTimeStandardDeviation":4.43,"sampleSize":1135,"normalizedSampleSize":0.1122,"averageTravelTime":2.86,"medianTravelTime":1.83,"travelTimeRatio":1.09,"speedPercentiles":[11,19,24,28,31,34,37,39,41,43,46,48,50,53,57,61,65,70,76]},{"timeSet":9,"dateRange":1,"harmonicAverageSpeed":20.6,"medianSpeed":36.0,"averageSpeed":36.3,"standardDeviationSpeed":16.5,"travelTimeStandardDeviation":6.27,"sampleSize":3630,"normalizedSampleSize":0.3588,"averageTravelTime":3.83,"medianTravelTime":2.19,"travelTimeRatio":1.46,"speedPercentiles":[6,16,21,23,26,28,30,32,34,36,38,40,42,44,46,49,53,58,65]},{"timeSet":10,"dateRange":1,"harmonicAverageSpeed":20.2,"medianSpeed":34.0,"averageSpeed":34.3,"standardDeviationSpeed":14.7,"travelTimeStandardDeviation":6.43,"sampleSize":6752,"normalizedSampleSize":0.6675,"averageTravelTime":3.91,"medianTravelTime":2.32,"travelTimeRatio":1.49,"speedPercentiles":[7,16,20,23,25,27,29,31,32,34,36,38,39,41,43,46,49,53,59]},{"timeSet":11,"dateRange":1,"harmonicAverageSpeed":21.5,"medianSpeed":37.0,"averageSpeed":36.8,"standardDeviationSpeed":15.8,"travelTimeStandardDeviation":6.15,"sampleSize":5129,"normalizedSampleSize":0.507,"averageTravelTime":3.68,"medianTravelTime":2.13,"travelTimeRatio":1.4,"speedPercentiles":[8,18,22,25,27,29,31,33,35,37,38,40,42,44,46,49,53,57,63]},{"timeSet":12,"dateRange":1,"harmonicAverageSpeed":22.9,"medianSpeed":37.0,"averageSpeed":37.6,"standardDeviationSpeed":16.2,"travelTimeStandardDeviation":5.52,"sampleSize":4708,"normalizedSampleSize":0.4654,"averageTravelTime":3.44,"medianTravelTime":2.13,"travelTimeRatio":1.31,"speedPercentiles":[9,18,22,25,27,30,32,33,35,37,39,41,43,45,48,51,54,58,64]},{"timeSet":13,"dateRange":1,"harmonicAverageSpeed":22.0,"medianSpeed":36.0,"averageSpeed":36.8,"standardDeviationSpeed":16.1,"travelTimeStandardDeviation":5.81,"sampleSize":5198,"normalizedSampleSize":0.5138,"averageTravelTime":3.59,"medianTravelTime":2.19,"travelTimeRatio":1.37,"speedPercentiles":[8,17,21,24,27,29,31,32,34,36,38,40,42,44,47,50,53,58,64]},{"timeSet":14,"dateRange":1,"harmonicAverageSpeed":20.1,"medianSpeed":34.0,"averageSpeed":34.6,"standardDeviationSpeed":15.7,"travelTimeStandardDeviation":6.35,"sampleSize":5950,"normalizedSampleSize":0.5882,"averageTravelTime":3.93,"medianTravelTime":2.32,"travelTimeRatio":1.5,"speedPercentiles":[7,15,19,22,24,27,29,31,32,34,36,38,40,42,44,47,50,55,62]},{"timeSet":15,"dateRange":1,"harmonicAverageSpeed":16.6,"medianSpeed":32.0,"averageSpeed":31.9,"standardDeviationSpeed":15.7,"travelTimeStandardDeviation":7.92,"sampleSize":6414,"normalizedSampleSize":0.634,"averageTravelTime":4.76,"medianTravelTime":2.46,"travelTimeRatio":1.81,"speedPercentiles":[4,10,16,19,22,24,26,28,30,32,34,36,38,39,42,44,47,52,59]},{"timeSet":16,"dateRange":1,"harmonicAverageSpeed":17.0,"medianSpeed":32.0,"averageSpeed":31.6,"standardDeviationSpeed":15.6,"travelTimeStandardDeviation":7.45,"sampleSize":7290,"normalizedSampleSize":0.7206,"averageTravelTime":4.65,"medianTravelTime":2.46,"travelTimeRatio":1.77,"speedPercentiles":[5,10,15,18,21,23,26,28,30,32,33,35,37,39,41,44,47,51,58]},{"timeSet":17,"dateRange":1,"harmonicAverageSpeed":18.4,"medianSpeed":31.0,"averageSpeed":31.2,"standardDeviationSpeed":14.5,"travelTimeStandardDeviation":6.53,"sampleSize":6992,"normalizedSampleSize":0.6912,"averageTravelTime":4.28,"medianTravelTime":2.54,"travelTimeRatio":1.63,"speedPercentiles":[6,14,17,19,21,23,25,27,29,31,33,34,36,38,40,43,46,50,56]},{"timeSet":18,"dateRange":1,"harmonicAverageSpeed":17.6,"medianSpeed":29.0,"averageSpeed":29.7,"standardDeviationSpeed":13.9,"travelTimeStandardDeviation":6.73,"sampleSize":7297,"normalizedSampleSize":0.7213,"averageTravelTime":4.47,"medianTravelTime":2.72,"travelTimeRatio":1.7,"speedPercentiles":[6,13,16,18,20,22,24,26,27,29,31,32,34,36,39,41,44,48,53]},{"timeSet":19,"dateRange":1,"harmonicAverageSpeed":16.9,"medianSpeed":28.0,"averageSpeed":29.0,"standardDeviationSpeed":13.6,"travelTimeStandardDeviation":7.09,"sampleSize":7822,"normalizedSampleSize":0.7732,"averageTravelTime":4.66,"medianTravelTime":2.82,"travelTimeRatio":1.77,"speedPercentiles":[5,13,16,18,20,21,23,25,27,28,30,32,34,36,38,40,43,46,52]},{"timeSet":20,"dateRange":1,"harmonicAverageSpeed":15.1,"medianSpeed":26.0,"averageSpeed":26.6,"standardDeviationSpeed":12.8,"travelTimeStandardDeviation":7.85,"sampleSize":8348,"normalizedSampleSize":0.8252,"averageTravelTime":5.24,"medianTravelTime":3.03,"travelTimeRatio":1.99,"speedPercentiles":[4,10,14,16,18,20,21,23,25,26,28,30,31,33,35,37,40,43,48]},{"timeSet":21,"dateRange":1,"harmonicAverageSpeed":16.2,"medianSpeed":27.0,"averageSpeed":27.8,"standardDeviationSpeed":13.1,"travelTimeStandardDeviation":7.3,"sampleSize":8159,"normalizedSampleSize":0.8065,"averageTravelTime":4.86,"medianTravelTime":2.92,"travelTimeRatio":1.85,"speedPercentiles":[5,12,15,17,19,21,22,24,26,27,29,31,33,35,36,39,41,44,50]},{"timeSet":22,"dateRange":1,"harmonicAverageSpeed":20.5,"medianSpeed":33.0,"averageSpeed":34.0,"standardDeviationSpeed":15.0,"travelTimeStandardDeviation":6.04,"sampleSize":6402,"normalizedSampleSize":0.6329,"averageTravelTime":3.85,"medianTravelTime":2.39,"travelTimeRatio":1.46,"speedPercentiles":[8,15,19,22,24,26,28,30,32,33,35,37,39,41,43,46,49,53,59]},{"timeSet":23,"dateRange":1,"harmonicAverageSpeed":26.1,"medianSpeed":40.0,"averageSpeed":40.4,"standardDeviationSpeed":16.8,"travelTimeStandardDeviation":4.68,"sampleSize":3662,"normalizedSampleSize":0.362,"averageTravelTime":3.02,"medianTravelTime":1.97,"travelTimeRatio":1.15,"speedPercentiles":[12,20,25,28,30,32,34,36,38,40,42,43,45,48,50,53,57,61,68]},{"timeSet":24,"dateRange":1,"harmonicAverageSpeed":25.1,"medianSpeed":41.0,"averageSpeed":40.9,"standardDeviationSpeed":17.1,"travelTimeStandardDeviation":5.19,"sampleSize":3386,"normalizedSampleSize":0.3347,"averageTravelTime":3.14,"medianTravelTime":1.92,"travelTimeRatio":1.2,"speedPercentiles":[11,19,24,28,31,33,35,37,39,41,42,44,46,49,51,55,59,63,70]},{"timeSet":25,"dateRange":1,"harmonicAverageSpeed":24.2,"medianSpeed":39.0,"averageSpeed":39.6,"standardDeviationSpeed":16.5,"travelTimeStandardDeviation":5.45,"sampleSize":4108,"normalizedSampleSize":0.4061,"averageTravelTime":3.25,"medianTravelTime":2.02,"travelTimeRatio":1.24,"speedPercentiles":[11,19,24,27,30,32,34,36,37,39,41,43,45,47,49,53,56,61,67]}]}},{"type":"Feature","geometry":{"type":"LineString","coordinates":[[12.47084,41.9415],[12.47082,41.94162],[12.47079,41.94172]]},"properties":{"segmentId":-13800007467712,"newSegmentId":"-00004931-3600-0400-0000-0000014b11ad","speedLimit":50,"frc":2,"streetName":"Corso di Francia","distance":25.01,"segmentTimeResults":[{"timeSet":2,"dateRange":1,"harmonicAverageSpeed":19.9,"medianSpeed":47.0,"averageSpeed":45.4,"standardDeviationSpeed":20.0,"travelTimeStandardDeviation":8.62,"sampleSize":1673,"normalizedSampleSize":0.1654,"averageTravelTime":4.52,"medianTravelTime":1.92,"travelTimeRatio":1.0,"speedPercentiles":[3,15,25,33,37,39,41,43,45,47,49,51,53,55,57,60,64,69,77]},{"timeSet":3,"dateRange":1,"harmonicAverageSpeed":18.2,"medianSpeed":51.0,"averageSpeed":48.0,"standardDeviationSpeed":22.8,"travelTimeStandardDeviation":9.42,"sampleSize":900,"normalizedSampleSize":0.089,"averageTravelTime":4.96,"medianTravelTime":1.77,"travelTimeRatio":1.1,"speedPercentiles":[3,7,22,32,37,40,44,46,49,51,53,55,57,60,62,65,69,76,83]},{"timeSet":4,"dateRange":1,"harmonicAverageSpeed":22.4,"medianSpeed":52.0,"averageSpeed":51.6,"standardDeviationSpeed":22.0,"travelTimeStandardDeviation":8.46,"sampleSize":463,"normalizedSampleSize":0.0458,"averageTravelTime":4.03,"medianTravelTime":1.73,"travelTimeRatio":0.89,"speedPercentiles":[3,22,30,38,42,45,47,49,50,52,55,57,59,62,65,67,72,77,87]},{"timeSet":5,"dateRange":1,"harmonicAverageSpeed":26.6,"medianSpeed":53.0,"averageSpeed":52.2,"standardDeviationSpeed":22.8,"travelTimeStandardDeviation":5.97,"sampleSize":270,"normalizedSampleSize":0.0267,"averageTravelTime":3.38,"medianTravelTime":1.7,"travelTimeRatio":0.75,"speedPercentiles":[6,15,28,35,41,44,47,50,51,53,56,59,62,65,68,71,75,78,83]},{"timeSet":6,"dateRange":1,"harmonicAverageSpeed":19.2,"medianSpeed":50.0,"averageSpeed":48.8,"standardDeviationSpeed":21.9,"travelTimeStandardDeviation":9.33,"sampleSize":268,"normalizedSampleSize":0.0265,"averageTravelTime":4.7,"medianTravelTime":1.8,"travelTimeRatio":1.04,"speedPercentiles":[3,13,26,35,38,42,44,47,49,50,52,55,58,61,62,65,70,74,82]},{"timeSet":7,"dateRange":1,"harmonicAverageSpeed":19.3,"medianSpeed":51.0,"averageSpeed":49.7,"standardDeviationSpeed":22.0,"travelTimeStandardDeviation":9.56,"sampleSize":337,"normalizedSampleSize":0.0333,"averageTravelTime":4.66,"medianTravelTime":1.77,"travelTimeRatio":1.03,"speedPercentiles":[3,15,31,37,40,43,45,47,49,51,52,55,58,60,63,66,70,76,84]},{"timeSet":8,"dateRange":1,"harmonicAverageSpeed":18.3,"medianSpeed":48.0,"averageSpeed":46.0,"standardDeviationSpeed":21.1,"travelTimeStandardDeviation":9.43,"sampleSize":936,"normalizedSampleSize":0.0925,"averageTravelTime":4.92,"medianTravelTime":1.88,"travelTimeRatio":1.09,"speedPercentiles":[3,11,22,33,37,40,42,44,46,48,49,51,54,56,59,62,66,71,77]},{"timeSet":9,"dateRange":1,"harmonicAverageSpeed":18.6,"medianSpeed":38.0,"averageSpeed":37.0,"standardDeviationSpeed":17.1,"travelTimeStandardDeviation":8.41,"sampleSize":2976,"normalizedSampleSize":0.2942,"averageTravelTime":4.83,"medianTravelTime":2.37,"travelTimeRatio":1.07,"speedPercentiles":[4,15,20,23,26,29,31,33,35,38,40,42,44,46,48,51,54,59,65]},{"timeSet":10,"dateRange":1,"harmonicAverageSpeed":19.5,"medianSpeed":34.0,"averageSpeed":33.6,"standardDeviationSpeed":14.4,"travelTimeStandardDeviation":7.66,"sampleSize":5882,"normalizedSampleSize":0.5815,"averageTravelTime":4.61,"medianTravelTime":2.65,"travelTimeRatio":1.02,"speedPercentiles":[8,16,19,22,24,26,28,30,32,34,36,37,39,41,43,45,48,52,58]},{"timeSet":11,"dateRange":1,"harmonicAverageSpeed":18.9,"medianSpeed":37.0,"averageSpeed":36.5,"standardDeviationSpeed":16.2,"travelTimeStandardDeviation":8.35,"sampleSize":4417,"normalizedSampleSize":0.4366,"averageTravelTime":4.77,"medianTravelTime":2.43,"travelTimeRatio":1.05,"speedPercentiles":[4,16,21,24,26,29,31,33,35,37,39,41,43,45,47,49,52,57,62]},{"timeSet":12,"dateRange":1,"harmonicAverageSpeed":19.0,"medianSpeed":38.0,"averageSpeed":37.7,"standardDeviationSpeed":16.7,"travelTimeStandardDeviation":8.61,"sampleSize":3935,"normalizedSampleSize":0.389,"averageTravelTime":4.73,"medianTravelTime":2.37,"travelTimeRatio":1.04,"speedPercentiles":[4,15,21,25,28,31,33,35,37,38,40,42,44,46,48,51,54,58,64]},{"timeSet":13,"dateRange":1,"harmonicAverageSpeed":18.5,"medianSpeed":37.0,"averageSpeed":36.6,"standardDeviationSpeed":16.6,"travelTimeStandardDeviation":8.56,"sampleSize":4332,"normalizedSampleSize":0.4282,"averageTravelTime":4.86,"medianTravelTime":2.43,"travelTimeRatio":1.07,"speedPercentiles":[4,15,20,23,26,29,31,33,35,37,39,41,42,45,47,50,53,57,63]},{"timeSet":14,"dateRange":1,"harmonicAverageSpeed":18.4,"medianSpeed":35.0,"averageSpeed":34.5,"standardDeviationSpeed":15.8,"travelTimeStandardDeviation":8.26,"sampleSize":4930,"normalizedSampleSize":0.4873,"averageTravelTime":4.9,"medianTravelTime":2.57,"travelTimeRatio":1.08,"speedPercentiles":[5,14,18,22,24,27,29,31,33,35,37,38,40,42,44,47,50,54,60]},{"timeSet":15,"dateRange":1,"harmonicAverageSpeed":16.9,"medianSpeed":32.0,"averageSpeed":31.8,"standardDeviationSpeed":15.6,"travelTimeStandardDeviation":8.4,"sampleSize":5289,"normalizedSampleSize":0.5228,"averageTravelTime":5.32,"medianTravelTime":2.81,"travelTimeRatio":1.18,"speedPercentiles":[5,10,15,18,21,24,26,28,30,32,34,36,38,40,42,44,47,51,57]},{"timeSet":16,"dateRange":1,"harmonicAverageSpeed":17.5,"medianSpeed":32.0,"averageSpeed":31.9,"standardDeviationSpeed":15.4,"travelTimeStandardDeviation":8.11,"sampleSize":5907,"normalizedSampleSize":0.5839,"averageTravelTime":5.14,"medianTravelTime":2.81,"travelTimeRatio":1.14,"speedPercentiles":[5,12,16,19,21,23,26,28,30,32,34,36,38,40,42,44,47,51,58]},{"timeSet":17,"dateRange":1,"harmonicAverageSpeed":18.0,"medianSpeed":32.0,"averageSpeed":31.8,"standardDeviationSpeed":14.6,"travelTimeStandardDeviation":8.06,"sampleSize":5505,"normalizedSampleSize":0.5442,"averageTravelTime":5.01,"medianTravelTime":2.81,"travelTimeRatio":1.11,"speedPercentiles":[5,14,17,20,22,24,26,28,30,32,34,35,37,39,41,43,46,50,56]},{"timeSet":18,"dateRange":1,"harmonicAverageSpeed":17.8,"medianSpeed":30.0,"averageSpeed":30.1,"standardDeviationSpeed":13.4,"travelTimeStandardDeviation":7.92,"sampleSize":5642,"normalizedSampleSize":0.5577,"averageTravelTime":5.06,"medianTravelTime":3.0,"travelTimeRatio":1.12,"speedPercentiles":[6,14,17,19,21,23,24,26,28,30,31,33,35,37,39,41,44,47,52]},{"timeSet":19,"dateRange":1,"harmonicAverageSpeed":17.6,"medianSpeed":29.0,"averageSpeed":29.3,"standardDeviationSpeed":13.2,"travelTimeStandardDeviation":7.61,"sampleSize":6084,"normalizedSampleSize":0.6014,"averageTravelTime":5.11,"medianTravelTime":3.1,"travelTimeRatio":1.13,"speedPercentiles":[6,13,16,19,20,22,24,25,27,29,30,32,34,36,38,40,42,45,51]},{"timeSet":20,"dateRange":1,"harmonicAverageSpeed":16.5,"medianSpeed":27.0,"averageSpeed":26.9,"standardDeviationSpeed":12.2,"travelTimeStandardDeviation":7.72,"sampleSize":6584,"normalizedSampleSize":0.6509,"averageTravelTime":5.45,"medianTravelTime":3.33,"travelTimeRatio":1.2,"speedPercentiles":[6,12,15,17,18,20,22,23,25,27,28,30,31,33,35,37,39,43,47]},{"timeSet":21,"dateRange":1,"harmonicAverageSpeed":16.8,"medianSpeed":28.0,"averageSpeed":28.0,"standardDeviationSpeed":12.6,"travelTimeStandardDeviation":8.05,"sampleSize":6623,"normalizedSampleSize":0.6547,"averageTravelTime":5.35,"medianTravelTime":3.22,"travelTimeRatio":1.18,"speedPercentiles":[6,13,16,18,19,21,23,24,26,28,29,31,33,34,36,38,41,44,49]},{"timeSet":22,"dateRange":1,"harmonicAverageSpeed":19.3,"medianSpeed":35.0,"averageSpeed":34.4,"standardDeviationSpeed":14.9,"travelTimeStandardDeviation":8.0,"sampleSize":5277,"normalizedSampleSize":0.5216,"averageTravelTime":4.68,"medianTravelTime":2.57,"travelTimeRatio":1.03,"speedPercentiles":[6,16,20,23,25,27,29,31,33,35,36,38,40,42,44,46,49,53,59]},{"timeSet":23,"dateRange":1,"harmonicAverageSpeed":18.5,"medianSpeed":42.0,"averageSpeed":40.9,"standardDeviationSpeed":18.3,"travelTimeStandardDeviation":9.15,"sampleSize":3070,"normalizedSampleSize":0.3035,"averageTravelTime":4.86,"medianTravelTime":2.14,"travelTimeRatio":1.07,"speedPercentiles":[3,13,24,29,32,35,37,39,40,42,43,45,47,49,52,54,57,62,69]},{"timeSet":24,"dateRange":1,"harmonicAverageSpeed":18.0,"medianSpeed":42.0,"averageSpeed":40.9,"standardDeviationSpeed":18.5,"travelTimeStandardDeviation":9.22,"sampleSize":2928,"normalizedSampleSize":0.2894,"averageTravelTime":5.01,"medianTravelTime":2.14,"travelTimeRatio":1.11,"speedPercentiles":[3,12,22,28,32,35,37,39,41,42,44,46,48,50,52,56,59,63,70]},{"timeSet":25,"dateRange":1,"harmonicAverageSpeed":18.7,"medianSpeed":41.0,"averageSpeed":40.0,"standardDeviationSpeed":17.8,"travelTimeStandardDeviation":8.97,"sampleSize":3491,"normalizedSampleSize":0.3451,"averageTravelTime":4.81,"medianTravelTime":2.2,"travelTimeRatio":1.06,"speedPercentiles":[3,15,22,27,30,33,35,37,39,41,43,45,46,48,51,54,57,61,67]}]}},{"type":"Feature","geometry":{"type":"LineString","coordinates":[[12.47079,41.94172],[12.47076,41.94185]]},"properties":{"segmentId":-13800006499932,"newSegmentId":"-00004931-3600-0400-0000-0000015c6a8c","speedLimit":50,"frc":2,"streetName":"Corso di Francia","distance":15.2,"segmentTimeResults":[{"timeSet":2,"dateRange":1,"harmonicAverageSpeed":36.3,"medianSpeed":47.0,"averageSpeed":47.4,"standardDeviationSpeed":16.8,"travelTimeStandardDeviation":1.86,"sampleSize":1700,"normalizedSampleSize":0.1681,"averageTravelTime":1.51,"medianTravelTime":1.16,"travelTimeRatio":1.0,"speedPercentiles":[21,25,30,34,37,39,41,44,45,47,49,51,53,55,57,60,64,69,77]},{"timeSet":3,"dateRange":1,"harmonicAverageSpeed":39.8,"medianSpeed":52.0,"averageSpeed":51.2,"standardDeviationSpeed":18.6,"travelTimeStandardDeviation":1.56,"sampleSize":883,"normalizedSampleSize":0.0873,"averageTravelTime":1.37,"medianTravelTime":1.05,"travelTimeRatio":0.91,"speedPercentiles":[21,26,31,35,39,43,46,48,50,52,54,56,58,60,62,65,69,75,82]},{"timeSet":4,"dateRange":1,"harmonicAverageSpeed":42.2,"medianSpeed":53.0,"averageSpeed":53.4,"standardDeviationSpeed":19.2,"travelTimeStandardDeviation":1.36,"sampleSize":463,"normalizedSampleSize":0.0458,"averageTravelTime":1.3,"medianTravelTime":1.03,"travelTimeRatio":0.86,"speedPercentiles":[21,26,31,39,42,46,48,50,51,53,56,57,60,62,65,67,71,77,87]},{"timeSet":5,"dateRange":1,"harmonicAverageSpeed":41.3,"medianSpeed":55.0,"averageSpeed":54.0,"standardDeviationSpeed":19.4,"travelTimeStandardDeviation":1.25,"sampleSize":270,"normalizedSampleSize":0.0267,"averageTravelTime":1.32,"medianTravelTime":0.99,"travelTimeRatio":0.88,"speedPercentiles":[20,27,32,36,42,45,48,50,53,55,57,60,63,66,68,70,75,79,83]},{"timeSet":6,"dateRange":1,"harmonicAverageSpeed":44.8,"medianSpeed":52.0,"averageSpeed":52.9,"standardDeviationSpeed":16.7,"travelTimeStandardDeviation":0.79,"sampleSize":252,"normalizedSampleSize":0.0249,"averageTravelTime":1.22,"medianTravelTime":1.05,"travelTimeRatio":0.81,"speedPercentiles":[21,32,36,41,43,46,48,50,51,52,54,57,60,61,63,66,71,74,80]},{"timeSet":7,"dateRange":1,"harmonicAverageSpeed":35.9,"medianSpeed":52.0,"averageSpeed":52.2,"standardDeviationSpeed":18.5,"travelTimeStandardDeviation":2.85,"sampleSize":332,"normalizedSampleSize":0.0328,"averageTravelTime":1.52,"medianTravelTime":1.05,"travelTimeRatio":1.01,"speedPercentiles":[23,28,34,39,41,44,47,49,51,52,54,56,58,61,63,66,70,75,81]},{"timeSet":8,"dateRange":1,"harmonicAverageSpeed":39.9,"medianSpeed":49.0,"averageSpeed":48.7,"standardDeviationSpeed":16.6,"travelTimeStandardDeviation":1.27,"sampleSize":935,"normalizedSampleSize":0.0924,"averageTravelTime":1.37,"medianTravelTime":1.12,"travelTimeRatio":0.91,"speedPercentiles":[22,27,30,34,38,41,43,45,47,49,51,52,54,57,59,62,66,70,76]},{"timeSet":9,"dateRange":1,"harmonicAverageSpeed":30.2,"medianSpeed":37.0,"averageSpeed":38.0,"standardDeviationSpeed":14.6,"travelTimeStandardDeviation":1.81,"sampleSize":3023,"normalizedSampleSize":0.2988,"averageTravelTime":1.81,"medianTravelTime":1.48,"travelTimeRatio":1.2,"speedPercentiles":[16,20,23,26,27,29,31,33,35,37,39,41,43,45,48,50,53,58,63]},{"timeSet":10,"dateRange":1,"harmonicAverageSpeed":28.4,"medianSpeed":33.0,"averageSpeed":34.1,"standardDeviationSpeed":12.6,"travelTimeStandardDeviation":1.32,"sampleSize":5964,"normalizedSampleSize":0.5896,"averageTravelTime":1.92,"medianTravelTime":1.66,"travelTimeRatio":1.28,"speedPercentiles":[15,19,21,23,25,27,28,30,31,33,35,37,38,40,42,44,47,51,56]},{"timeSet":11,"dateRange":1,"harmonicAverageSpeed":29.7,"medianSpeed":37.0,"averageSpeed":37.4,"standardDeviationSpeed":13.4,"travelTimeStandardDeviation":3.35,"sampleSize":4485,"normalizedSampleSize":0.4434,"averageTravelTime":1.84,"medianTravelTime":1.48,"travelTimeRatio":1.22,"speedPercentiles":[18,21,24,26,28,30,31,33,35,37,38,40,42,44,46,49,51,55,61]},{"timeSet":12,"dateRange":1,"harmonicAverageSpeed":30.8,"medianSpeed":38.0,"averageSpeed":38.4,"standardDeviationSpeed":14.1,"travelTimeStandardDeviation":1.76,"sampleSize":4008,"normalizedSampleSize":0.3962,"averageTravelTime":1.78,"medianTravelTime":1.44,"travelTimeRatio":1.18,"speedPercentiles":[17,22,24,26,28,30,33,34,36,38,40,42,43,45,47,50,53,57,63]},{"timeSet":13,"dateRange":1,"harmonicAverageSpeed":28.3,"medianSpeed":36.0,"averageSpeed":37.1,"standardDeviationSpeed":14.2,"travelTimeStandardDeviation":3.62,"sampleSize":4427,"normalizedSampleSize":0.4376,"averageTravelTime":1.93,"medianTravelTime":1.52,"travelTimeRatio":1.28,"speedPercentiles":[15,20,23,25,27,29,31,33,34,36,38,40,42,44,46,49,52,56,62]},{"timeSet":14,"dateRange":1,"harmonicAverageSpeed":27.0,"medianSpeed":34.0,"averageSpeed":34.7,"standardDeviationSpeed":13.8,"travelTimeStandardDeviation":1.87,"sampleSize":5032,"normalizedSampleSize":0.4974,"averageTravelTime":2.03,"medianTravelTime":1.61,"travelTimeRatio":1.35,"speedPercentiles":[13,18,21,23,25,27,29,30,32,34,35,37,39,41,43,46,49,53,58]},{"timeSet":15,"dateRange":1,"harmonicAverageSpeed":25.2,"medianSpeed":32.0,"averageSpeed":32.7,"standardDeviationSpeed":13.3,"travelTimeStandardDeviation":3.68,"sampleSize":5369,"normalizedSampleSize":0.5307,"averageTravelTime":2.18,"medianTravelTime":1.71,"travelTimeRatio":1.44,"speedPercentiles":[13,16,19,21,23,25,26,28,30,32,34,35,37,39,41,43,46,50,56]},{"timeSet":16,"dateRange":1,"harmonicAverageSpeed":26.0,"medianSpeed":32.0,"averageSpeed":32.8,"standardDeviationSpeed":13.1,"travelTimeStandardDeviation":1.75,"sampleSize":6011,"normalizedSampleSize":0.5942,"averageTravelTime":2.1,"medianTravelTime":1.71,"travelTimeRatio":1.4,"speedPercentiles":[13,17,20,22,24,25,27,29,30,32,34,35,37,39,41,43,46,50,56]},{"timeSet":17,"dateRange":1,"harmonicAverageSpeed":26.0,"medianSpeed":31.0,"averageSpeed":32.1,"standardDeviationSpeed":12.6,"travelTimeStandardDeviation":1.9,"sampleSize":5619,"normalizedSampleSize":0.5555,"averageTravelTime":2.1,"medianTravelTime":1.77,"travelTimeRatio":1.39,"speedPercentiles":[13,17,19,21,23,25,27,28,29,31,33,34,36,38,40,42,45,49,55]},{"timeSet":18,"dateRange":1,"harmonicAverageSpeed":24.3,"medianSpeed":29.0,"averageSpeed":30.2,"standardDeviationSpeed":11.7,"travelTimeStandardDeviation":2.08,"sampleSize":5770,"normalizedSampleSize":0.5704,"averageTravelTime":2.25,"medianTravelTime":1.89,"travelTimeRatio":1.49,"speedPercentiles":[13,16,18,20,22,23,25,26,28,29,31,32,34,36,38,40,43,46,50]},{"timeSet":19,"dateRange":1,"harmonicAverageSpeed":23.9,"medianSpeed":29.0,"averageSpeed":29.6,"standardDeviationSpeed":11.4,"travelTimeStandardDeviation":2.09,"sampleSize":6158,"normalizedSampleSize":0.6087,"averageTravelTime":2.29,"medianTravelTime":1.89,"travelTimeRatio":1.52,"speedPercentiles":[13,16,18,20,22,23,25,26,27,29,30,32,33,35,37,39,41,44,49]},{"timeSet":20,"dateRange":1,"harmonicAverageSpeed":22.1,"medianSpeed":27.0,"averageSpeed":27.4,"standardDeviationSpeed":10.6,"travelTimeStandardDeviation":2.05,"sampleSize":6712,"normalizedSampleSize":0.6635,"averageTravelTime":2.47,"medianTravelTime":2.03,"travelTimeRatio":1.64,"speedPercentiles":[12,15,16,18,20,21,23,24,25,27,28,29,31,32,34,36,39,42,46]},{"timeSet":21,"dateRange":1,"harmonicAverageSpeed":23.0,"medianSpeed":28.0,"averageSpeed":28.7,"standardDeviationSpeed":10.8,"travelTimeStandardDeviation":6.28,"sampleSize":6725,"normalizedSampleSize":0.6648,"averageTravelTime":2.38,"medianTravelTime":1.95,"travelTimeRatio":1.58,"speedPercentiles":[13,16,18,20,21,23,24,25,27,28,29,31,32,34,35,37,40,43,47]},{"timeSet":22,"dateRange":1,"harmonicAverageSpeed":29.1,"medianSpeed":34.0,"averageSpeed":35.1,"standardDeviationSpeed":12.5,"travelTimeStandardDeviation":1.86,"sampleSize":5356,"normalizedSampleSize":0.5295,"averageTravelTime":1.88,"medianTravelTime":1.61,"travelTimeRatio":1.25,"speedPercentiles":[16,20,23,25,26,28,29,31,33,34,36,37,39,41,43,45,48,51,57]},{"timeSet":23,"dateRange":1,"harmonicAverageSpeed":33.7,"medianSpeed":42.0,"averageSpeed":42.4,"standardDeviationSpeed":15.0,"travelTimeStandardDeviation":2.01,"sampleSize":3118,"normalizedSampleSize":0.3082,"averageTravelTime":1.62,"medianTravelTime":1.3,"travelTimeRatio":1.08,"speedPercentiles":[19,24,27,30,33,35,37,38,40,42,44,45,48,49,52,54,57,61,68]},{"timeSet":24,"dateRange":1,"harmonicAverageSpeed":34.3,"medianSpeed":43.0,"averageSpeed":43.0,"standardDeviationSpeed":15.0,"travelTimeStandardDeviation":1.67,"sampleSize":2979,"normalizedSampleSize":0.2945,"averageTravelTime":1.6,"medianTravelTime":1.27,"travelTimeRatio":1.06,"speedPercentiles":[20,25,28,30,33,35,37,39,41,43,44,46,48,50,52,55,59,62,69]},{"timeSet":25,"dateRange":1,"harmonicAverageSpeed":35.4,"medianSpeed":41.0,"averageSpeed":42.1,"standardDeviationSpeed":14.5,"travelTimeStandardDeviation":1.1,"sampleSize":3494,"normalizedSampleSize":0.3454,"averageTravelTime":1.54,"medianTravelTime":1.33,"travelTimeRatio":1.02,"speedPercentiles":[20,25,27,30,32,34,36,38,40,41,43,45,47,49,51,54,57,61,67]}]}},{"type":"Feature","geometry":{"type":"LineString","coordinates":[[12.47076,41.94185],[12.47072,41.94194],[12.47069,41.94202]]},"properties":{"segmentId":-13800006496134,"newSegmentId":"-00004931-3600-0400-0000-0000015250b6","speedLimit":50,"frc":2,"streetName":"Corso di Francia","distance":19.86,"segmentTimeResults":[{"timeSet":2,"dateRange":1,"harmonicAverageSpeed":39.6,"medianSpeed":48.0,"averageSpeed":48.6,"standardDeviationSpeed":15.8,"travelTimeStandardDeviation":1.95,"sampleSize":1703,"normalizedSampleSize":0.1683,"averageTravelTime":1.81,"medianTravelTime":1.49,"travelTimeRatio":1.0,"speedPercentiles":[24,30,34,37,39,41,43,45,46,48,50,52,53,56,57,60,64,69,76]},{"timeSet":3,"dateRange":1,"harmonicAverageSpeed":43.9,"medianSpeed":53.0,"averageSpeed":52.9,"standardDeviationSpeed":17.5,"travelTimeStandardDeviation":1.35,"sampleSize":884,"normalizedSampleSize":0.0874,"averageTravelTime":1.63,"medianTravelTime":1.35,"travelTimeRatio":0.9,"speedPercentiles":[24,31,35,38,41,44,47,49,51,53,55,57,59,61,63,66,70,75,82]},{"timeSet":4,"dateRange":1,"harmonicAverageSpeed":43.8,"medianSpeed":54.0,"averageSpeed":54.7,"standardDeviationSpeed":18.0,"travelTimeStandardDeviation":2.48,"sampleSize":464,"normalizedSampleSize":0.0459,"averageTravelTime":1.63,"medianTravelTime":1.32,"travelTimeRatio":0.9,"speedPercentiles":[25,32,37,41,44,47,49,51,52,54,57,58,60,62,65,68,73,77,86]},{"timeSet":5,"dateRange":1,"harmonicAverageSpeed":45.7,"medianSpeed":55.0,"averageSpeed":54.9,"standardDeviationSpeed":18.1,"travelTimeStandardDeviation":1.04,"sampleSize":271,"normalizedSampleSize":0.0268,"averageTravelTime":1.57,"medianTravelTime":1.3,"travelTimeRatio":0.87,"speedPercentiles":[25,30,34,39,44,47,49,51,53,55,58,60,63,66,69,70,74,78,83]},{"timeSet":6,"dateRange":1,"harmonicAverageSpeed":44.5,"medianSpeed":54.0,"averageSpeed":54.3,"standardDeviationSpeed":15.7,"travelTimeStandardDeviation":2.26,"sampleSize":255,"normalizedSampleSize":0.0252,"averageTravelTime":1.61,"medianTravelTime":1.32,"travelTimeRatio":0.89,"speedPercentiles":[32,35,39,42,44,46,49,50,51,54,56,58,60,62,64,67,71,74,80]},{"timeSet":7,"dateRange":1,"harmonicAverageSpeed":38.3,"medianSpeed":53.0,"averageSpeed":53.3,"standardDeviationSpeed":17.5,"travelTimeStandardDeviation":3.7,"sampleSize":335,"normalizedSampleSize":0.0331,"averageTravelTime":1.87,"medianTravelTime":1.35,"travelTimeRatio":1.04,"speedPercentiles":[27,33,37,41,43,45,47,50,51,53,55,57,58,61,63,66,70,75,83]},{"timeSet":8,"dateRange":1,"harmonicAverageSpeed":44.2,"medianSpeed":50.0,"averageSpeed":50.1,"standardDeviationSpeed":14.9,"travelTimeStandardDeviation":0.97,"sampleSize":932,"normalizedSampleSize":0.0921,"averageTravelTime":1.62,"medianTravelTime":1.43,"travelTimeRatio":0.9,"speedPercentiles":[28,32,35,38,40,42,45,46,48,50,51,53,55,57,59,62,64,69,75]},{"timeSet":9,"dateRange":1,"harmonicAverageSpeed":31.4,"medianSpeed":38.0,"averageSpeed":38.6,"standardDeviationSpeed":14.3,"travelTimeStandardDeviation":1.99,"sampleSize":3021,"normalizedSampleSize":0.2986,"averageTravelTime":2.28,"medianTravelTime":1.88,"travelTimeRatio":1.26,"speedPercentiles":[16,21,24,26,28,30,32,34,36,38,40,42,44,46,48,50,53,57,63]},{"timeSet":10,"dateRange":1,"harmonicAverageSpeed":29.0,"medianSpeed":34.0,"averageSpeed":34.5,"standardDeviationSpeed":12.1,"travelTimeStandardDeviation":2.32,"sampleSize":5965,"normalizedSampleSize":0.5897,"averageTravelTime":2.47,"medianTravelTime":2.1,"travelTimeRatio":1.37,"speedPercentiles":[16,19,22,24,26,28,29,31,32,34,35,37,39,40,42,44,47,50,56]},{"timeSet":11,"dateRange":1,"harmonicAverageSpeed":30.7,"medianSpeed":37.0,"averageSpeed":38.0,"standardDeviationSpeed":12.6,"travelTimeStandardDeviation":6.87,"sampleSize":4492,"normalizedSampleSize":0.444,"averageTravelTime":2.33,"medianTravelTime":1.93,"travelTimeRatio":1.29,"speedPercentiles":[18,22,25,27,29,31,33,34,36,37,39,41,42,44,46,48,51,54,60]},{"timeSet":12,"dateRange":1,"harmonicAverageSpeed":33.0,"medianSpeed":38.0,"averageSpeed":39.1,"standardDeviationSpeed":13.3,"travelTimeStandardDeviation":1.44,"sampleSize":4010,"normalizedSampleSize":0.3964,"averageTravelTime":2.16,"medianTravelTime":1.88,"travelTimeRatio":1.2,"speedPercentiles":[18,23,26,28,30,32,34,35,37,38,40,42,44,45,48,50,53,56,62]},{"timeSet":13,"dateRange":1,"harmonicAverageSpeed":29.1,"medianSpeed":37.0,"averageSpeed":37.5,"standardDeviationSpeed":13.6,"travelTimeStandardDeviation":3.52,"sampleSize":4427,"normalizedSampleSize":0.4376,"averageTravelTime":2.46,"medianTravelTime":1.93,"travelTimeRatio":1.36,"speedPercentiles":[16,21,24,26,29,30,32,34,35,37,38,40,42,44,46,48,51,55,61]},{"timeSet":14,"dateRange":1,"harmonicAverageSpeed":28.1,"medianSpeed":34.0,"averageSpeed":35.1,"standardDeviationSpeed":13.2,"travelTimeStandardDeviation":2.89,"sampleSize":5036,"normalizedSampleSize":0.4978,"averageTravelTime":2.54,"medianTravelTime":2.1,"travelTimeRatio":1.41,"speedPercentiles":[15,19,22,24,26,28,30,31,33,34,36,38,39,41,43,46,48,52,58]},{"timeSet":15,"dateRange":1,"harmonicAverageSpeed":26.5,"medianSpeed":33.0,"averageSpeed":33.3,"standardDeviationSpeed":12.8,"travelTimeStandardDeviation":2.83,"sampleSize":5369,"normalizedSampleSize":0.5307,"averageTravelTime":2.7,"medianTravelTime":2.17,"travelTimeRatio":1.49,"speedPercentiles":[14,17,20,22,24,26,28,30,31,33,34,36,37,39,41,44,46,50,55]},{"timeSet":16,"dateRange":1,"harmonicAverageSpeed":27.2,"medianSpeed":33.0,"averageSpeed":33.5,"standardDeviationSpeed":12.6,"travelTimeStandardDeviation":1.94,"sampleSize":6017,"normalizedSampleSize":0.5948,"averageTravelTime":2.63,"medianTravelTime":2.17,"travelTimeRatio":1.45,"speedPercentiles":[14,18,20,23,25,27,29,30,31,33,34,36,37,39,41,43,46,50,56]},{"timeSet":17,"dateRange":1,"harmonicAverageSpeed":26.9,"medianSpeed":32.0,"averageSpeed":32.7,"standardDeviationSpeed":12.2,"travelTimeStandardDeviation":2.76,"sampleSize":5626,"normalizedSampleSize":0.5561,"averageTravelTime":2.66,"medianTravelTime":2.23,"travelTimeRatio":1.47,"speedPercentiles":[14,18,20,22,24,26,28,29,31,32,34,35,37,38,40,42,45,48,54]},{"timeSet":18,"dateRange":1,"harmonicAverageSpeed":24.2,"medianSpeed":29.0,"averageSpeed":30.1,"standardDeviationSpeed":11.5,"travelTimeStandardDeviation":2.83,"sampleSize":5768,"normalizedSampleSize":0.5702,"averageTravelTime":2.96,"medianTravelTime":2.47,"travelTimeRatio":1.64,"speedPercentiles":[13,16,18,20,22,23,25,27,28,29,31,32,34,36,37,40,42,45,50]},{"timeSet":19,"dateRange":1,"harmonicAverageSpeed":23.9,"medianSpeed":29.0,"averageSpeed":29.7,"standardDeviationSpeed":11.1,"travelTimeStandardDeviation":3.37,"sampleSize":6156,"normalizedSampleSize":0.6085,"averageTravelTime":3.0,"medianTravelTime":2.47,"travelTimeRatio":1.66,"speedPercentiles":[13,16,18,20,22,23,25,26,28,29,31,32,34,35,37,39,41,44,48]},{"timeSet":20,"dateRange":1,"harmonicAverageSpeed":21.8,"medianSpeed":27.0,"averageSpeed":27.5,"standardDeviationSpeed":10.5,"travelTimeStandardDeviation":3.52,"sampleSize":6729,"normalizedSampleSize":0.6652,"averageTravelTime":3.27,"medianTravelTime":2.65,"travelTimeRatio":1.81,"speedPercentiles":[11,14,17,18,20,22,23,25,26,27,29,30,31,33,34,36,38,41,45]},{"timeSet":21,"dateRange":1,"harmonicAverageSpeed":23.2,"medianSpeed":29.0,"averageSpeed":29.1,"standardDeviationSpeed":10.5,"travelTimeStandardDeviation":5.0,"sampleSize":6733,"normalizedSampleSize":0.6656,"averageTravelTime":3.08,"medianTravelTime":2.47,"travelTimeRatio":1.71,"speedPercentiles":[13,16,18,20,22,23,25,26,28,29,30,31,33,34,36,38,40,42,47]},{"timeSet":22,"dateRange":1,"harmonicAverageSpeed":28.6,"medianSpeed":35.0,"averageSpeed":35.4,"standardDeviationSpeed":12.2,"travelTimeStandardDeviation":4.93,"sampleSize":5356,"normalizedSampleSize":0.5295,"averageTravelTime":2.5,"medianTravelTime":2.04,"travelTimeRatio":1.38,"speedPercentiles":[16,20,23,26,27,29,31,32,34,35,36,38,39,41,43,45,47,51,56]},{"timeSet":23,"dateRange":1,"harmonicAverageSpeed":35.8,"medianSpeed":43.0,"averageSpeed":43.5,"standardDeviationSpeed":14.2,"travelTimeStandardDeviation":2.38,"sampleSize":3117,"normalizedSampleSize":0.3081,"averageTravelTime":1.99,"medianTravelTime":1.66,"travelTimeRatio":1.1,"speedPercentiles":[20,27,30,33,35,36,38,40,41,43,44,46,48,50,52,54,57,61,68]},{"timeSet":24,"dateRange":1,"harmonicAverageSpeed":36.3,"medianSpeed":44.0,"averageSpeed":44.2,"standardDeviationSpeed":14.1,"travelTimeStandardDeviation":2.81,"sampleSize":2980,"normalizedSampleSize":0.2946,"averageTravelTime":1.97,"medianTravelTime":1.62,"travelTimeRatio":1.09,"speedPercentiles":[22,28,31,33,35,37,39,41,42,44,45,47,49,51,53,56,59,62,68]},{"timeSet":25,"dateRange":1,"harmonicAverageSpeed":37.1,"medianSpeed":42.0,"averageSpeed":43.1,"standardDeviationSpeed":13.8,"travelTimeStandardDeviation":1.4,"sampleSize":3498,"normalizedSampleSize":0.3458,"averageTravelTime":1.93,"medianTravelTime":1.7,"travelTimeRatio":1.07,"speedPercentiles":[22,27,30,32,34,36,37,39,41,42,44,46,47,49,51,54,57,61,67]}]}},{"type":"Feature","geometry":{"type":"LineString","coordinates":[[12.47069,41.94202],[12.47063,41.94215],[12.47057,41.94227]]},"properties":{"segmentId":-13800006562564,"newSegmentId":"-00004931-3600-0400-0000-0000034dd5b0","speedLimit":50,"frc":2,"streetName":"Corso di Francia","distance":28.48,"segmentTimeResults":[{"timeSet":2,"dateRange":1,"harmonicAverageSpeed":44.0,"medianSpeed":50.0,"averageSpeed":50.7,"standardDeviationSpeed":15.0,"travelTimeStandardDeviation":1.81,"sampleSize":1699,"normalizedSampleSize":0.168,"averageTravelTime":2.33,"medianTravelTime":2.05,"travelTimeRatio":1.0,"speedPercentiles":[27,34,37,40,41,43,45,46,48,50,51,53,55,57,59,61,65,70,77]},{"timeSet":3,"dateRange":1,"harmonicAverageSpeed":47.3,"medianSpeed":55.0,"averageSpeed":55.1,"standardDeviationSpeed":16.8,"travelTimeStandardDeviation":1.5,"sampleSize":881,"normalizedSampleSize":0.0871,"averageTravelTime":2.17,"medianTravelTime":1.86,"travelTimeRatio":0.93,"speedPercentiles":[25,35,40,43,44,47,49,51,53,55,56,58,60,63,65,68,72,76,83]},{"timeSet":4,"dateRange":1,"harmonicAverageSpeed":49.0,"medianSpeed":57.0,"averageSpeed":56.6,"standardDeviationSpeed":17.6,"travelTimeStandardDeviation":1.2,"sampleSize":465,"normalizedSampleSize":0.046,"averageTravelTime":2.09,"medianTravelTime":1.8,"travelTimeRatio":0.9,"speedPercentiles":[27,36,41,44,46,48,50,52,54,57,58,59,61,65,67,70,73,78,86]},{"timeSet":5,"dateRange":1,"harmonicAverageSpeed":48.6,"medianSpeed":58.0,"averageSpeed":57.0,"standardDeviationSpeed":17.3,"travelTimeStandardDeviation":1.34,"sampleSize":271,"normalizedSampleSize":0.0268,"averageTravelTime":2.11,"medianTravelTime":1.77,"travelTimeRatio":0.9,"speedPercentiles":[25,33,39,44,47,50,52,54,55,58,60,62,65,67,69,71,74,79,82]},{"timeSet":6,"dateRange":1,"harmonicAverageSpeed":46.3,"medianSpeed":55.0,"averageSpeed":56.3,"standardDeviationSpeed":15.9,"travelTimeStandardDeviation":2.48,"sampleSize":256,"normalizedSampleSize":0.0253,"averageTravelTime":2.22,"medianTravelTime":1.86,"travelTimeRatio":0.95,"speedPercentiles":[34,40,42,45,46,49,50,52,54,55,57,60,62,64,65,69,72,76,80]},{"timeSet":7,"dateRange":1,"harmonicAverageSpeed":43.0,"medianSpeed":55.0,"averageSpeed":55.4,"standardDeviationSpeed":16.0,"travelTimeStandardDeviation":4.39,"sampleSize":332,"normalizedSampleSize":0.0328,"averageTravelTime":2.39,"medianTravelTime":1.86,"travelTimeRatio":1.02,"speedPercentiles":[29,38,42,44,45,48,50,52,54,55,56,58,61,63,64,67,71,75,83]},{"timeSet":8,"dateRange":1,"harmonicAverageSpeed":46.7,"medianSpeed":51.0,"averageSpeed":51.9,"standardDeviationSpeed":14.2,"travelTimeStandardDeviation":1.1,"sampleSize":929,"normalizedSampleSize":0.0918,"averageTravelTime":2.2,"medianTravelTime":2.01,"travelTimeRatio":0.94,"speedPercentiles":[29,36,39,41,43,45,46,48,50,51,53,55,56,58,60,62,66,70,75]},{"timeSet":9,"dateRange":1,"harmonicAverageSpeed":33.3,"medianSpeed":40.0,"averageSpeed":40.2,"standardDeviationSpeed":14.2,"travelTimeStandardDeviation":2.48,"sampleSize":3004,"normalizedSampleSize":0.297,"averageTravelTime":3.08,"medianTravelTime":2.56,"travelTimeRatio":1.32,"speedPercentiles":[17,21,25,28,31,33,35,37,39,40,42,44,46,48,50,52,55,58,63]},{"timeSet":10,"dateRange":1,"harmonicAverageSpeed":31.2,"medianSpeed":36.0,"averageSpeed":36.5,"standardDeviationSpeed":11.6,"travelTimeStandardDeviation":3.37,"sampleSize":5925,"normalizedSampleSize":0.5857,"averageTravelTime":3.28,"medianTravelTime":2.85,"travelTimeRatio":1.41,"speedPercentiles":[18,22,25,27,29,30,32,33,35,36,38,39,41,42,44,46,48,51,56]},{"timeSet":11,"dateRange":1,"harmonicAverageSpeed":34.2,"medianSpeed":40.0,"averageSpeed":40.1,"standardDeviationSpeed":12.1,"travelTimeStandardDeviation":4.1,"sampleSize":4456,"normalizedSampleSize":0.4405,"averageTravelTime":3.0,"medianTravelTime":2.56,"travelTimeRatio":1.29,"speedPercentiles":[21,26,28,30,32,34,35,37,38,40,41,43,44,46,47,49,52,55,61]},{"timeSet":12,"dateRange":1,"harmonicAverageSpeed":35.5,"medianSpeed":41.0,"averageSpeed":41.1,"standardDeviationSpeed":12.6,"travelTimeStandardDeviation":2.47,"sampleSize":3989,"normalizedSampleSize":0.3943,"averageTravelTime":2.89,"medianTravelTime":2.5,"travelTimeRatio":1.24,"speedPercentiles":[22,26,29,31,33,35,36,38,39,41,42,43,45,47,49,51,54,57,63]},{"timeSet":13,"dateRange":1,"harmonicAverageSpeed":33.6,"medianSpeed":39.0,"averageSpeed":39.9,"standardDeviationSpeed":12.8,"travelTimeStandardDeviation":2.95,"sampleSize":4392,"normalizedSampleSize":0.4342,"averageTravelTime":3.05,"medianTravelTime":2.63,"travelTimeRatio":1.31,"speedPercentiles":[20,24,27,30,32,33,35,36,38,39,41,42,44,46,48,50,53,56,62]},{"timeSet":14,"dateRange":1,"harmonicAverageSpeed":31.1,"medianSpeed":37.0,"averageSpeed":37.4,"standardDeviationSpeed":12.5,"travelTimeStandardDeviation":3.59,"sampleSize":4985,"normalizedSampleSize":0.4928,"averageTravelTime":3.29,"medianTravelTime":2.77,"travelTimeRatio":1.41,"speedPercentiles":[19,23,25,27,29,31,32,34,35,37,38,40,41,43,45,47,50,53,59]},{"timeSet":15,"dateRange":1,"harmonicAverageSpeed":30.2,"medianSpeed":36.0,"averageSpeed":36.1,"standardDeviationSpeed":12.4,"travelTimeStandardDeviation":2.64,"sampleSize":5337,"normalizedSampleSize":0.5276,"averageTravelTime":3.39,"medianTravelTime":2.85,"travelTimeRatio":1.46,"speedPercentiles":[17,21,24,26,28,30,31,33,34,36,37,38,40,42,43,45,48,52,57]},{"timeSet":16,"dateRange":1,"harmonicAverageSpeed":29.5,"medianSpeed":35.0,"averageSpeed":35.8,"standardDeviationSpeed":12.2,"travelTimeStandardDeviation":3.49,"sampleSize":5985,"normalizedSampleSize":0.5916,"averageTravelTime":3.48,"medianTravelTime":2.93,"travelTimeRatio":1.49,"speedPercentiles":[16,20,23,26,28,30,31,33,34,35,37,38,40,41,43,45,48,51,57]},{"timeSet":17,"dateRange":1,"harmonicAverageSpeed":30.2,"medianSpeed":35.0,"averageSpeed":35.5,"standardDeviationSpeed":11.6,"travelTimeStandardDeviation":3.46,"sampleSize":5568,"normalizedSampleSize":0.5504,"averageTravelTime":3.39,"medianTravelTime":2.93,"travelTimeRatio":1.45,"speedPercentiles":[18,21,24,26,28,29,31,32,34,35,36,38,39,41,42,44,47,50,55]},{"timeSet":18,"dateRange":1,"harmonicAverageSpeed":23.5,"medianSpeed":31.0,"averageSpeed":31.0,"standardDeviationSpeed":11.9,"travelTimeStandardDeviation":4.56,"sampleSize":5728,"normalizedSampleSize":0.5662,"averageTravelTime":4.36,"medianTravelTime":3.31,"travelTimeRatio":1.87,"speedPercentiles":[12,16,19,21,23,25,27,28,30,31,32,34,35,37,39,40,43,46,50]},{"timeSet":19,"dateRange":1,"harmonicAverageSpeed":23.6,"medianSpeed":31.0,"averageSpeed":31.2,"standardDeviationSpeed":11.7,"travelTimeStandardDeviation":5.11,"sampleSize":6100,"normalizedSampleSize":0.603,"averageTravelTime":4.35,"medianTravelTime":3.31,"travelTimeRatio":1.86,"speedPercentiles":[12,17,19,22,23,25,27,28,30,31,33,34,36,37,39,40,43,45,50]},{"timeSet":20,"dateRange":1,"harmonicAverageSpeed":22.2,"medianSpeed":29.0,"averageSpeed":29.1,"standardDeviationSpeed":11.4,"travelTimeStandardDeviation":4.19,"sampleSize":6665,"normalizedSampleSize":0.6589,"averageTravelTime":4.62,"medianTravelTime":3.54,"travelTimeRatio":1.98,"speedPercentiles":[11,14,17,19,21,23,25,27,28,29,31,32,33,35,36,38,40,43,47]},{"timeSet":21,"dateRange":1,"harmonicAverageSpeed":23.2,"medianSpeed":31.0,"averageSpeed":30.6,"standardDeviationSpeed":11.4,"travelTimeStandardDeviation":6.36,"sampleSize":6660,"normalizedSampleSize":0.6584,"averageTravelTime":4.42,"medianTravelTime":3.31,"travelTimeRatio":1.89,"speedPercentiles":[12,16,19,21,23,25,27,28,29,31,32,33,35,36,38,39,42,44,49]},{"timeSet":22,"dateRange":1,"harmonicAverageSpeed":30.1,"medianSpeed":37.0,"averageSpeed":36.7,"standardDeviationSpeed":12.0,"travelTimeStandardDeviation":4.61,"sampleSize":5297,"normalizedSampleSize":0.5236,"averageTravelTime":3.41,"medianTravelTime":2.77,"travelTimeRatio":1.46,"speedPercentiles":[17,21,25,27,29,31,33,34,35,37,38,39,41,42,44,46,48,51,57]},{"timeSet":23,"dateRange":1,"harmonicAverageSpeed":39.2,"medianSpeed":45.0,"averageSpeed":45.7,"standardDeviationSpeed":13.4,"travelTimeStandardDeviation":2.59,"sampleSize":3090,"normalizedSampleSize":0.3055,"averageTravelTime":2.62,"medianTravelTime":2.28,"travelTimeRatio":1.12,"speedPercentiles":[24,30,33,36,38,40,41,42,44,45,47,48,50,52,54,56,58,62,69]},{"timeSet":24,"dateRange":1,"harmonicAverageSpeed":40.2,"medianSpeed":45.0,"averageSpeed":46.3,"standardDeviationSpeed":13.3,"travelTimeStandardDeviation":2.2,"sampleSize":2970,"normalizedSampleSize":0.2936,"averageTravelTime":2.55,"medianTravelTime":2.28,"travelTimeRatio":1.09,"speedPercentiles":[26,31,34,36,38,40,41,43,44,45,47,48,50,52,54,57,60,63,69]},{"timeSet":25,"dateRange":1,"harmonicAverageSpeed":39.6,"medianSpeed":44.0,"averageSpeed":45.2,"standardDeviationSpeed":13.2,"travelTimeStandardDeviation":2.73,"sampleSize":3489,"normalizedSampleSize":0.3449,"averageTravelTime":2.59,"medianTravelTime":2.33,"travelTimeRatio":1.11,"speedPercentiles":[25,30,33,35,37,39,40,42,43,44,46,47,49,51,53,55,58,63,68]}]}},{"type":"Feature","geometry":{"type":"LineString","coordinates":[[12.47057,41.94227],[12.47053,41.94235],[12.47048,41.94243],[12.47042,41.94254],[12.47034,41.94268],[12.47027,41.9428],[12.47011,41.94306]]},"properties":{"segmentId":-13800006751007,"newSegmentId":"-00004931-3600-0400-0000-000001376f5b","speedLimit":50,"frc":2,"streetName":"Corso di Francia","distance":96.05,"segmentTimeResults":[{"timeSet":2,"dateRange":1,"harmonicAverageSpeed":42.4,"medianSpeed":52.0,"averageSpeed":52.2,"standardDeviationSpeed":15.4,"travelTimeStandardDeviation":11.35,"sampleSize":1688,"normalizedSampleSize":0.1669,"averageTravelTime":8.15,"medianTravelTime":6.65,"travelTimeRatio":1.0,"speedPercentiles":[26,34,38,41,43,45,47,48,50,52,54,56,58,60,62,64,67,71,77]},{"timeSet":3,"dateRange":1,"harmonicAverageSpeed":47.3,"medianSpeed":57.0,"averageSpeed":57.1,"standardDeviationSpeed":16.8,"travelTimeStandardDeviation":8.55,"sampleSize":874,"normalizedSampleSize":0.0864,"averageTravelTime":7.32,"medianTravelTime":6.07,"travelTimeRatio":0.9,"speedPercentiles":[28,37,41,44,46,49,51,53,56,57,59,61,63,66,69,71,73,77,84]},{"timeSet":4,"dateRange":1,"harmonicAverageSpeed":47.1,"medianSpeed":59.0,"averageSpeed":57.7,"standardDeviationSpeed":18.4,"travelTimeStandardDeviation":6.91,"sampleSize":463,"normalizedSampleSize":0.0458,"averageTravelTime":7.34,"medianTravelTime":5.86,"travelTimeRatio":0.9,"speedPercentiles":[25,35,41,44,47,49,52,53,56,59,60,62,64,66,69,71,76,79,88]},{"timeSet":5,"dateRange":1,"harmonicAverageSpeed":39.8,"medianSpeed":60.0,"averageSpeed":57.0,"standardDeviationSpeed":18.7,"travelTimeStandardDeviation":15.66,"sampleSize":269,"normalizedSampleSize":0.0266,"averageTravelTime":8.69,"medianTravelTime":5.76,"travelTimeRatio":1.07,"speedPercentiles":[25,32,38,42,45,49,52,54,57,60,61,63,66,68,70,72,75,79,82]},{"timeSet":6,"dateRange":1,"harmonicAverageSpeed":48.1,"medianSpeed":59.0,"averageSpeed":58.4,"standardDeviationSpeed":16.0,"travelTimeStandardDeviation":10.35,"sampleSize":261,"normalizedSampleSize":0.0258,"averageTravelTime":7.19,"medianTravelTime":5.86,"travelTimeRatio":0.88,"speedPercentiles":[33,38,43,47,49,51,54,55,57,59,61,62,64,66,69,71,73,78,81]},{"timeSet":7,"dateRange":1,"harmonicAverageSpeed":39.0,"medianSpeed":57.0,"averageSpeed":56.2,"standardDeviationSpeed":16.9,"travelTimeStandardDeviation":18.57,"sampleSize":332,"normalizedSampleSize":0.0328,"averageTravelTime":8.87,"medianTravelTime":6.07,"travelTimeRatio":1.09,"speedPercentiles":[29,37,41,43,45,48,50,52,55,57,59,61,63,65,68,70,72,76,83]},{"timeSet":8,"dateRange":1,"harmonicAverageSpeed":41.7,"medianSpeed":52.0,"averageSpeed":51.2,"standardDeviationSpeed":16.1,"travelTimeStandardDeviation":7.3,"sampleSize":919,"normalizedSampleSize":0.0908,"averageTravelTime":8.29,"medianTravelTime":6.65,"travelTimeRatio":1.02,"speedPercentiles":[20,32,37,40,42,45,46,48,49,52,54,56,58,60,61,64,66,70,76]},{"timeSet":9,"dateRange":1,"harmonicAverageSpeed":32.3,"medianSpeed":43.0,"averageSpeed":42.2,"standardDeviationSpeed":14.5,"travelTimeStandardDeviation":11.3,"sampleSize":2725,"normalizedSampleSize":0.2694,"averageTravelTime":10.7,"medianTravelTime":8.04,"travelTimeRatio":1.31,"speedPercentiles":[13,23,29,33,35,37,38,40,41,43,44,46,48,49,52,54,57,60,65]},{"timeSet":10,"dateRange":1,"harmonicAverageSpeed":26.6,"medianSpeed":37.0,"averageSpeed":35.9,"standardDeviationSpeed":13.5,"travelTimeStandardDeviation":13.05,"sampleSize":5830,"normalizedSampleSize":0.5763,"averageTravelTime":13.02,"medianTravelTime":9.35,"travelTimeRatio":1.6,"speedPercentiles":[8,15,21,26,29,31,33,35,36,37,39,40,42,43,45,46,49,51,56]},{"timeSet":11,"dateRange":1,"harmonicAverageSpeed":30.9,"medianSpeed":40.0,"averageSpeed":39.4,"standardDeviationSpeed":13.4,"travelTimeStandardDeviation":11.43,"sampleSize":4428,"normalizedSampleSize":0.4377,"averageTravelTime":11.19,"medianTravelTime":8.64,"travelTimeRatio":1.37,"speedPercentiles":[13,22,27,30,32,34,36,37,38,40,41,43,44,46,48,50,52,55,60]},{"timeSet":12,"dateRange":1,"harmonicAverageSpeed":32.7,"medianSpeed":41.0,"averageSpeed":41.1,"standardDeviationSpeed":13.5,"travelTimeStandardDeviation":11.34,"sampleSize":3966,"normalizedSampleSize":0.3921,"averageTravelTime":10.57,"medianTravelTime":8.43,"travelTimeRatio":1.3,"speedPercentiles":[17,24,29,32,34,36,37,38,40,41,42,44,46,47,49,51,54,57,63]},{"timeSet":13,"dateRange":1,"harmonicAverageSpeed":34.4,"medianSpeed":41.0,"averageSpeed":40.8,"standardDeviationSpeed":12.4,"travelTimeStandardDeviation":9.01,"sampleSize":4344,"normalizedSampleSize":0.4294,"averageTravelTime":10.04,"medianTravelTime":8.43,"travelTimeRatio":1.23,"speedPercentiles":[20,25,29,32,34,35,37,38,39,41,42,43,45,46,48,50,53,57,62]},{"timeSet":14,"dateRange":1,"harmonicAverageSpeed":32.3,"medianSpeed":39.0,"averageSpeed":38.8,"standardDeviationSpeed":12.1,"travelTimeStandardDeviation":9.8,"sampleSize":4893,"normalizedSampleSize":0.4837,"averageTravelTime":10.7,"medianTravelTime":8.87,"travelTimeRatio":1.31,"speedPercentiles":[18,23,27,30,32,34,35,36,37,39,40,41,42,44,46,48,51,54,59]},{"timeSet":15,"dateRange":1,"harmonicAverageSpeed":30.3,"medianSpeed":38.0,"averageSpeed":37.3,"standardDeviationSpeed":12.4,"travelTimeStandardDeviation":10.75,"sampleSize":5351,"normalizedSampleSize":0.529,"averageTravelTime":11.43,"medianTravelTime":9.1,"travelTimeRatio":1.4,"speedPercentiles":[15,21,25,28,31,33,34,35,36,38,39,40,42,43,45,46,49,53,57]},{"timeSet":16,"dateRange":1,"harmonicAverageSpeed":29.6,"medianSpeed":37.0,"averageSpeed":36.8,"standardDeviationSpeed":12.5,"travelTimeStandardDeviation":10.5,"sampleSize":5913,"normalizedSampleSize":0.5845,"averageTravelTime":11.67,"medianTravelTime":9.35,"travelTimeRatio":1.43,"speedPercentiles":[14,20,24,28,30,32,33,35,36,37,38,40,41,43,44,46,49,52,57]},{"timeSet":17,"dateRange":1,"harmonicAverageSpeed":32.1,"medianSpeed":38.0,"averageSpeed":38.1,"standardDeviationSpeed":11.4,"travelTimeStandardDeviation":10.14,"sampleSize":5426,"normalizedSampleSize":0.5364,"averageTravelTime":10.77,"medianTravelTime":9.1,"travelTimeRatio":1.32,"speedPercentiles":[18,23,27,30,32,34,35,36,37,38,39,41,42,43,45,46,49,51,56]},{"timeSet":18,"dateRange":1,"harmonicAverageSpeed":16.1,"medianSpeed":26.0,"averageSpeed":26.1,"standardDeviationSpeed":15.4,"travelTimeStandardDeviation":17.32,"sampleSize":5694,"normalizedSampleSize":0.5629,"averageTravelTime":21.54,"medianTravelTime":13.3,"travelTimeRatio":2.64,"speedPercentiles":[7,7,8,9,10,13,16,19,22,26,29,32,34,36,38,40,43,46,52]},{"timeSet":19,"dateRange":1,"harmonicAverageSpeed":15.9,"medianSpeed":24.0,"averageSpeed":25.7,"standardDeviationSpeed":15.6,"travelTimeStandardDeviation":17.07,"sampleSize":6018,"normalizedSampleSize":0.5949,"averageTravelTime":21.79,"medianTravelTime":14.41,"travelTimeRatio":2.67,"speedPercentiles":[7,7,8,9,10,12,15,18,21,24,28,31,34,36,38,41,43,46,51]},{"timeSet":20,"dateRange":1,"harmonicAverageSpeed":14.9,"medianSpeed":22.0,"averageSpeed":24.1,"standardDeviationSpeed":14.9,"travelTimeStandardDeviation":17.33,"sampleSize":6593,"normalizedSampleSize":0.6517,"averageTravelTime":23.18,"medianTravelTime":15.72,"travelTimeRatio":2.84,"speedPercentiles":[7,7,8,8,9,11,13,16,19,22,25,28,31,34,36,39,41,44,49]},{"timeSet":21,"dateRange":1,"harmonicAverageSpeed":15.9,"medianSpeed":24.0,"averageSpeed":25.6,"standardDeviationSpeed":15.4,"travelTimeStandardDeviation":16.26,"sampleSize":6567,"normalizedSampleSize":0.6492,"averageTravelTime":21.78,"medianTravelTime":14.41,"travelTimeRatio":2.67,"speedPercentiles":[7,8,8,9,10,12,15,18,21,24,28,31,34,36,38,40,43,46,51]},{"timeSet":22,"dateRange":1,"harmonicAverageSpeed":19.4,"medianSpeed":33.0,"averageSpeed":30.6,"standardDeviationSpeed":16.2,"travelTimeStandardDeviation":14.98,"sampleSize":5239,"normalizedSampleSize":0.5179,"averageTravelTime":17.78,"medianTravelTime":10.48,"travelTimeRatio":2.18,"speedPercentiles":[7,8,9,12,15,19,23,26,30,33,35,37,39,41,43,45,48,51,56]},{"timeSet":23,"dateRange":1,"harmonicAverageSpeed":39.4,"medianSpeed":46.0,"averageSpeed":46.5,"standardDeviationSpeed":14.0,"travelTimeStandardDeviation":6.89,"sampleSize":3068,"normalizedSampleSize":0.3033,"averageTravelTime":8.77,"medianTravelTime":7.52,"travelTimeRatio":1.08,"speedPercentiles":[21,30,34,37,38,40,42,43,45,46,48,50,51,53,56,58,60,64,69]},{"timeSet":24,"dateRange":1,"harmonicAverageSpeed":40.4,"medianSpeed":47.0,"averageSpeed":47.5,"standardDeviationSpeed":13.5,"travelTimeStandardDeviation":8.75,"sampleSize":2944,"normalizedSampleSize":0.291,"averageTravelTime":8.55,"medianTravelTime":7.36,"travelTimeRatio":1.05,"speedPercentiles":[25,32,35,38,39,41,42,44,45,47,48,50,52,54,56,58,61,65,70]},{"timeSet":25,"dateRange":1,"harmonicAverageSpeed":40.9,"medianSpeed":46.0,"averageSpeed":46.6,"standardDeviationSpeed":13.3,"travelTimeStandardDeviation":5.84,"sampleSize":3464,"normalizedSampleSize":0.3424,"averageTravelTime":8.46,"medianTravelTime":7.52,"travelTimeRatio":1.04,"speedPercentiles":[24,31,34,37,38,40,42,43,45,46,47,49,51,53,55,57,60,63,68]}]}},{"type":"Feature","geometry":{"type":"LineString","coordinates":[[12.47011,41.94306],[12.46996,41.94331]]},"properties":{"segmentId":-13800006777387,"newSegmentId":"-00004931-3600-0400-0000-0000015e7c86","speedLimit":50,"frc":2,"streetName":"Corso di Francia","distance":30.79,"segmentTimeResults":[{"timeSet":2,"dateRange":1,"harmonicAverageSpeed":43.7,"medianSpeed":56.0,"averageSpeed":55.4,"standardDeviationSpeed":16.7,"travelTimeStandardDeviation":3.0,"sampleSize":1702,"normalizedSampleSize":0.1682,"averageTravelTime":2.54,"medianTravelTime":1.98,"travelTimeRatio":1.0,"speedPercentiles":[24,34,40,44,47,49,51,53,55,56,58,60,62,64,66,68,71,75,80]},{"timeSet":3,"dateRange":1,"harmonicAverageSpeed":46.6,"medianSpeed":61.0,"averageSpeed":60.0,"standardDeviationSpeed":17.5,"travelTimeStandardDeviation":3.53,"sampleSize":876,"normalizedSampleSize":0.0866,"averageTravelTime":2.38,"medianTravelTime":1.82,"travelTimeRatio":0.94,"speedPercentiles":[25,37,44,48,51,53,56,58,59,61,63,65,67,69,71,74,76,80,86]},{"timeSet":4,"dateRange":1,"harmonicAverageSpeed":44.8,"medianSpeed":62.0,"averageSpeed":60.6,"standardDeviationSpeed":19.2,"travelTimeStandardDeviation":3.58,"sampleSize":463,"normalizedSampleSize":0.0458,"averageTravelTime":2.48,"medianTravelTime":1.79,"travelTimeRatio":0.98,"speedPercentiles":[23,36,44,48,52,54,56,58,60,62,64,66,67,70,73,76,78,81,89]},{"timeSet":5,"dateRange":1,"harmonicAverageSpeed":42.0,"medianSpeed":63.0,"averageSpeed":59.7,"standardDeviationSpeed":18.7,"travelTimeStandardDeviation":6.82,"sampleSize":270,"normalizedSampleSize":0.0267,"averageTravelTime":2.64,"medianTravelTime":1.76,"travelTimeRatio":1.04,"speedPercentiles":[23,32,39,47,51,53,55,58,60,63,65,66,68,70,72,74,77,81,86]},{"timeSet":6,"dateRange":1,"harmonicAverageSpeed":51.2,"medianSpeed":61.0,"averageSpeed":61.2,"standardDeviationSpeed":17.2,"travelTimeStandardDeviation":2.17,"sampleSize":271,"normalizedSampleSize":0.0268,"averageTravelTime":2.17,"medianTravelTime":1.82,"travelTimeRatio":0.85,"speedPercentiles":[35,42,46,50,53,55,57,58,60,61,63,64,67,69,71,74,76,80,88]},{"timeSet":7,"dateRange":1,"harmonicAverageSpeed":46.6,"medianSpeed":62.0,"averageSpeed":60.4,"standardDeviationSpeed":16.2,"travelTimeStandardDeviation":4.66,"sampleSize":335,"normalizedSampleSize":0.0331,"averageTravelTime":2.38,"medianTravelTime":1.79,"travelTimeRatio":0.94,"speedPercentiles":[32,41,44,48,51,54,56,58,60,62,64,65,67,70,71,73,76,79,83]},{"timeSet":8,"dateRange":1,"harmonicAverageSpeed":31.9,"medianSpeed":56.0,"averageSpeed":52.5,"standardDeviationSpeed":19.5,"travelTimeStandardDeviation":5.34,"sampleSize":924,"normalizedSampleSize":0.0913,"averageTravelTime":3.48,"medianTravelTime":1.98,"travelTimeRatio":1.37,"speedPercentiles":[10,22,31,39,44,48,51,52,54,56,58,60,61,63,65,68,69,74,78]},{"timeSet":9,"dateRange":1,"harmonicAverageSpeed":28.1,"medianSpeed":49.0,"averageSpeed":46.0,"standardDeviationSpeed":17.9,"travelTimeStandardDeviation":6.08,"sampleSize":2707,"normalizedSampleSize":0.2676,"averageTravelTime":3.95,"medianTravelTime":2.26,"travelTimeRatio":1.56,"speedPercentiles":[10,21,25,31,35,39,42,44,46,49,51,53,54,56,59,61,63,67,71]},{"timeSet":10,"dateRange":1,"harmonicAverageSpeed":24.2,"medianSpeed":42.0,"averageSpeed":40.2,"standardDeviationSpeed":16.8,"travelTimeStandardDeviation":6.73,"sampleSize":5832,"normalizedSampleSize":0.5765,"averageTravelTime":4.58,"medianTravelTime":2.64,"travelTimeRatio":1.8,"speedPercentiles":[7,17,22,25,29,33,35,38,40,42,44,46,47,49,52,54,57,60,67]},{"timeSet":11,"dateRange":1,"harmonicAverageSpeed":25.6,"medianSpeed":44.0,"averageSpeed":42.5,"standardDeviationSpeed":17.1,"travelTimeStandardDeviation":6.78,"sampleSize":4453,"normalizedSampleSize":0.4402,"averageTravelTime":4.33,"medianTravelTime":2.52,"travelTimeRatio":1.71,"speedPercentiles":[8,19,23,28,32,35,38,40,42,44,46,48,50,52,54,56,59,63,69]},{"timeSet":12,"dateRange":1,"harmonicAverageSpeed":29.6,"medianSpeed":46.0,"averageSpeed":44.8,"standardDeviationSpeed":16.8,"travelTimeStandardDeviation":5.83,"sampleSize":3962,"normalizedSampleSize":0.3917,"averageTravelTime":3.74,"medianTravelTime":2.41,"travelTimeRatio":1.47,"speedPercentiles":[13,22,27,32,35,38,40,42,44,46,48,50,52,54,56,59,62,65,70]},{"timeSet":13,"dateRange":1,"harmonicAverageSpeed":34.1,"medianSpeed":46.0,"averageSpeed":45.1,"standardDeviationSpeed":15.2,"travelTimeStandardDeviation":4.86,"sampleSize":4361,"normalizedSampleSize":0.4311,"averageTravelTime":3.25,"medianTravelTime":2.41,"travelTimeRatio":1.28,"speedPercentiles":[18,25,30,33,36,38,40,42,44,46,48,49,51,53,55,58,61,64,69]},{"timeSet":14,"dateRange":1,"harmonicAverageSpeed":33.5,"medianSpeed":45.0,"averageSpeed":43.7,"standardDeviationSpeed":15.2,"travelTimeStandardDeviation":3.74,"sampleSize":4910,"normalizedSampleSize":0.4854,"averageTravelTime":3.31,"medianTravelTime":2.46,"travelTimeRatio":1.31,"speedPercentiles":[18,23,28,31,34,37,39,41,42,45,46,48,50,52,54,56,59,63,68]},{"timeSet":15,"dateRange":1,"harmonicAverageSpeed":31.5,"medianSpeed":43.0,"averageSpeed":42.5,"standardDeviationSpeed":15.5,"travelTimeStandardDeviation":4.18,"sampleSize":5360,"normalizedSampleSize":0.5299,"averageTravelTime":3.52,"medianTravelTime":2.58,"travelTimeRatio":1.39,"speedPercentiles":[15,22,26,30,33,36,38,39,41,43,45,47,49,51,53,55,58,62,67]},{"timeSet":16,"dateRange":1,"harmonicAverageSpeed":30.7,"medianSpeed":42.0,"averageSpeed":41.4,"standardDeviationSpeed":15.5,"travelTimeStandardDeviation":4.06,"sampleSize":5944,"normalizedSampleSize":0.5876,"averageTravelTime":3.61,"medianTravelTime":2.64,"travelTimeRatio":1.42,"speedPercentiles":[14,20,24,28,32,34,36,38,40,42,44,46,48,50,52,54,57,61,66]},{"timeSet":17,"dateRange":1,"harmonicAverageSpeed":33.2,"medianSpeed":43.0,"averageSpeed":42.9,"standardDeviationSpeed":14.8,"travelTimeStandardDeviation":3.65,"sampleSize":5458,"normalizedSampleSize":0.5395,"averageTravelTime":3.34,"medianTravelTime":2.58,"travelTimeRatio":1.32,"speedPercentiles":[17,22,27,31,34,36,38,40,42,43,45,47,49,51,53,55,58,61,66]},{"timeSet":18,"dateRange":1,"harmonicAverageSpeed":20.8,"medianSpeed":34.0,"averageSpeed":34.3,"standardDeviationSpeed":16.2,"travelTimeStandardDeviation":7.19,"sampleSize":5732,"normalizedSampleSize":0.5666,"averageTravelTime":5.32,"medianTravelTime":3.26,"travelTimeRatio":2.1,"speedPercentiles":[7,14,18,21,22,24,27,29,32,34,36,38,40,43,46,49,52,55,61]},{"timeSet":19,"dateRange":1,"harmonicAverageSpeed":20.9,"medianSpeed":33.0,"averageSpeed":34.0,"standardDeviationSpeed":16.3,"travelTimeStandardDeviation":6.72,"sampleSize":6036,"normalizedSampleSize":0.5967,"averageTravelTime":5.3,"medianTravelTime":3.36,"travelTimeRatio":2.09,"speedPercentiles":[7,14,18,21,22,24,26,28,31,33,35,38,40,43,46,49,52,56,61]},{"timeSet":20,"dateRange":1,"harmonicAverageSpeed":20.0,"medianSpeed":31.0,"averageSpeed":31.9,"standardDeviationSpeed":15.5,"travelTimeStandardDeviation":6.69,"sampleSize":6630,"normalizedSampleSize":0.6554,"averageTravelTime":5.55,"medianTravelTime":3.58,"travelTimeRatio":2.19,"speedPercentiles":[7,13,16,18,21,22,24,27,29,31,33,35,37,40,43,46,49,53,59]},{"timeSet":21,"dateRange":1,"harmonicAverageSpeed":20.5,"medianSpeed":33.0,"averageSpeed":33.5,"standardDeviationSpeed":15.9,"travelTimeStandardDeviation":7.01,"sampleSize":6588,"normalizedSampleSize":0.6512,"averageTravelTime":5.41,"medianTravelTime":3.36,"travelTimeRatio":2.13,"speedPercentiles":[7,14,17,20,22,24,26,28,31,33,35,37,40,42,44,47,51,55,60]},{"timeSet":22,"dateRange":1,"harmonicAverageSpeed":21.1,"medianSpeed":37.0,"averageSpeed":36.4,"standardDeviationSpeed":17.1,"travelTimeStandardDeviation":7.19,"sampleSize":5260,"normalizedSampleSize":0.52,"averageTravelTime":5.24,"medianTravelTime":3.0,"travelTimeRatio":2.07,"speedPercentiles":[5,13,19,22,24,27,29,31,34,37,39,41,44,47,49,52,54,58,63]},{"timeSet":23,"dateRange":1,"harmonicAverageSpeed":39.4,"medianSpeed":51.0,"averageSpeed":50.2,"standardDeviationSpeed":15.7,"travelTimeStandardDeviation":3.15,"sampleSize":3083,"normalizedSampleSize":0.3048,"averageTravelTime":2.82,"medianTravelTime":2.17,"travelTimeRatio":1.11,"speedPercentiles":[21,29,35,39,42,43,46,48,49,51,53,55,57,59,61,63,66,69,74]},{"timeSet":24,"dateRange":1,"harmonicAverageSpeed":42.8,"medianSpeed":52.0,"averageSpeed":51.8,"standardDeviationSpeed":15.1,"travelTimeStandardDeviation":2.68,"sampleSize":2950,"normalizedSampleSize":0.2916,"averageTravelTime":2.59,"medianTravelTime":2.13,"travelTimeRatio":1.02,"speedPercentiles":[24,33,37,41,43,45,47,49,51,52,54,56,58,60,62,64,67,70,75]},{"timeSet":25,"dateRange":1,"harmonicAverageSpeed":41.7,"medianSpeed":51.0,"averageSpeed":50.7,"standardDeviationSpeed":15.2,"travelTimeStandardDeviation":2.6,"sampleSize":3490,"normalizedSampleSize":0.345,"averageTravelTime":2.66,"medianTravelTime":2.17,"travelTimeRatio":1.05,"speedPercentiles":[23,32,36,39,42,44,46,48,50,51,53,55,57,59,61,63,65,68,74]}]}},{"type":"Feature","geometry":{"type":"LineString","coordinates":[[12.46996,41.94331],[12.46988,41.94342]]},"properties":{"segmentId":-13800006629975,"newSegmentId":"-00004931-3600-0400-0000-0000015e7c85","speedLimit":50,"frc":2,"streetName":"Corso di Francia","distance":13.72,"segmentTimeResults":[{"timeSet":2,"dateRange":1,"harmonicAverageSpeed":39.5,"medianSpeed":56.0,"averageSpeed":55.4,"standardDeviationSpeed":16.7,"travelTimeStandardDeviation":2.42,"sampleSize":1709,"normalizedSampleSize":0.1689,"averageTravelTime":1.25,"medianTravelTime":0.88,"travelTimeRatio":1.0,"speedPercentiles":[25,35,40,44,47,49,51,53,54,56,58,60,62,64,66,68,71,75,80]},{"timeSet":3,"dateRange":1,"harmonicAverageSpeed":46.1,"medianSpeed":61.0,"averageSpeed":60.1,"standardDeviationSpeed":17.3,"travelTimeStandardDeviation":1.84,"sampleSize":877,"normalizedSampleSize":0.0867,"averageTravelTime":1.07,"medianTravelTime":0.81,"travelTimeRatio":0.86,"speedPercentiles":[27,39,44,48,51,53,55,58,59,61,63,65,67,69,71,74,76,80,86]},{"timeSet":4,"dateRange":1,"harmonicAverageSpeed":46.2,"medianSpeed":62.0,"averageSpeed":60.7,"standardDeviationSpeed":18.5,"travelTimeStandardDeviation":1.86,"sampleSize":465,"normalizedSampleSize":0.046,"averageTravelTime":1.07,"medianTravelTime":0.8,"travelTimeRatio":0.85,"speedPercentiles":[24,36,45,49,52,54,56,58,60,62,64,65,67,69,73,75,78,81,89]},{"timeSet":5,"dateRange":1,"harmonicAverageSpeed":45.4,"medianSpeed":63.0,"averageSpeed":59.6,"standardDeviationSpeed":18.3,"travelTimeStandardDeviation":1.85,"sampleSize":271,"normalizedSampleSize":0.0268,"averageTravelTime":1.09,"medianTravelTime":0.78,"travelTimeRatio":0.87,"speedPercentiles":[25,33,40,47,50,53,54,58,60,63,65,66,68,70,72,74,77,81,84]},{"timeSet":6,"dateRange":1,"harmonicAverageSpeed":48.3,"medianSpeed":61.0,"averageSpeed":61.3,"standardDeviationSpeed":17.5,"travelTimeStandardDeviation":1.91,"sampleSize":275,"normalizedSampleSize":0.0272,"averageTravelTime":1.02,"medianTravelTime":0.81,"travelTimeRatio":0.82,"speedPercentiles":[34,42,46,49,52,54,56,58,60,61,63,64,67,68,72,75,76,81,90]},{"timeSet":7,"dateRange":1,"harmonicAverageSpeed":46.5,"medianSpeed":62.0,"averageSpeed":60.5,"standardDeviationSpeed":16.1,"travelTimeStandardDeviation":2.1,"sampleSize":335,"normalizedSampleSize":0.0331,"averageTravelTime":1.06,"medianTravelTime":0.8,"travelTimeRatio":0.85,"speedPercentiles":[32,41,44,48,51,54,56,57,60,62,64,66,67,70,71,74,76,79,84]},{"timeSet":8,"dateRange":1,"harmonicAverageSpeed":28.6,"medianSpeed":56.0,"averageSpeed":53.2,"standardDeviationSpeed":18.7,"travelTimeStandardDeviation":4.06,"sampleSize":923,"normalizedSampleSize":0.0912,"averageTravelTime":1.73,"medianTravelTime":0.88,"travelTimeRatio":1.38,"speedPercentiles":[15,26,34,40,45,48,51,52,54,56,58,59,61,63,65,68,70,73,78]},{"timeSet":9,"dateRange":1,"harmonicAverageSpeed":30.1,"medianSpeed":49.0,"averageSpeed":47.2,"standardDeviationSpeed":16.7,"travelTimeStandardDeviation":3.38,"sampleSize":2702,"normalizedSampleSize":0.2671,"averageTravelTime":1.64,"medianTravelTime":1.01,"travelTimeRatio":1.31,"speedPercentiles":[16,24,29,33,37,40,43,45,47,49,51,53,55,57,59,61,63,67,71]},{"timeSet":10,"dateRange":1,"harmonicAverageSpeed":27.7,"medianSpeed":43.0,"averageSpeed":41.6,"standardDeviationSpeed":15.6,"travelTimeStandardDeviation":3.32,"sampleSize":5866,"normalizedSampleSize":0.5799,"averageTravelTime":1.79,"medianTravelTime":1.15,"travelTimeRatio":1.43,"speedPercentiles":[14,20,25,28,31,34,37,39,41,43,45,46,48,50,52,54,57,61,67]},{"timeSet":11,"dateRange":1,"harmonicAverageSpeed":26.8,"medianSpeed":45.0,"averageSpeed":43.6,"standardDeviationSpeed":16.2,"travelTimeStandardDeviation":3.76,"sampleSize":4476,"normalizedSampleSize":0.4425,"averageTravelTime":1.84,"medianTravelTime":1.1,"travelTimeRatio":1.47,"speedPercentiles":[14,21,26,31,34,37,39,41,43,45,47,49,51,53,55,57,60,63,69]},{"timeSet":12,"dateRange":1,"harmonicAverageSpeed":30.5,"medianSpeed":47.0,"averageSpeed":45.8,"standardDeviationSpeed":16.1,"travelTimeStandardDeviation":3.25,"sampleSize":3965,"normalizedSampleSize":0.392,"averageTravelTime":1.62,"medianTravelTime":1.05,"travelTimeRatio":1.3,"speedPercentiles":[17,23,29,33,36,39,41,43,45,47,49,51,52,55,57,59,62,65,71]},{"timeSet":13,"dateRange":1,"harmonicAverageSpeed":32.7,"medianSpeed":46.0,"averageSpeed":45.6,"standardDeviationSpeed":15.1,"travelTimeStandardDeviation":3.22,"sampleSize":4365,"normalizedSampleSize":0.4315,"averageTravelTime":1.51,"medianTravelTime":1.07,"travelTimeRatio":1.21,"speedPercentiles":[19,25,30,34,37,39,41,43,45,46,48,50,52,54,56,58,61,64,69]},{"timeSet":14,"dateRange":1,"harmonicAverageSpeed":32.7,"medianSpeed":45.0,"averageSpeed":44.2,"standardDeviationSpeed":15.1,"travelTimeStandardDeviation":2.55,"sampleSize":4909,"normalizedSampleSize":0.4853,"averageTravelTime":1.51,"medianTravelTime":1.1,"travelTimeRatio":1.21,"speedPercentiles":[18,23,28,32,35,37,39,42,43,45,47,48,50,52,54,57,59,63,68]},{"timeSet":15,"dateRange":1,"harmonicAverageSpeed":30.9,"medianSpeed":44.0,"averageSpeed":43.1,"standardDeviationSpeed":15.4,"travelTimeStandardDeviation":2.8,"sampleSize":5375,"normalizedSampleSize":0.5313,"averageTravelTime":1.6,"medianTravelTime":1.12,"travelTimeRatio":1.28,"speedPercentiles":[15,22,27,31,34,37,38,40,42,44,46,47,49,51,53,56,58,62,67]},{"timeSet":16,"dateRange":1,"harmonicAverageSpeed":30.7,"medianSpeed":43.0,"averageSpeed":42.0,"standardDeviationSpeed":15.4,"travelTimeStandardDeviation":2.3,"sampleSize":5970,"normalizedSampleSize":0.5902,"averageTravelTime":1.61,"medianTravelTime":1.15,"travelTimeRatio":1.29,"speedPercentiles":[14,20,25,29,33,35,37,39,41,43,45,46,48,50,52,55,58,61,66]},{"timeSet":17,"dateRange":1,"harmonicAverageSpeed":32.8,"medianSpeed":44.0,"averageSpeed":43.3,"standardDeviationSpeed":14.7,"travelTimeStandardDeviation":2.28,"sampleSize":5479,"normalizedSampleSize":0.5416,"averageTravelTime":1.51,"medianTravelTime":1.12,"travelTimeRatio":1.21,"speedPercentiles":[17,22,28,31,35,37,39,41,42,44,46,47,49,51,53,55,58,62,66]},{"timeSet":18,"dateRange":1,"harmonicAverageSpeed":23.4,"medianSpeed":36.0,"averageSpeed":36.2,"standardDeviationSpeed":15.5,"travelTimeStandardDeviation":3.61,"sampleSize":5750,"normalizedSampleSize":0.5684,"averageTravelTime":2.11,"medianTravelTime":1.37,"travelTimeRatio":1.69,"speedPercentiles":[12,16,19,22,25,28,30,32,34,36,38,40,42,45,47,50,53,56,62]},{"timeSet":19,"dateRange":1,"harmonicAverageSpeed":24.0,"medianSpeed":35.0,"averageSpeed":36.0,"standardDeviationSpeed":15.3,"travelTimeStandardDeviation":3.48,"sampleSize":6061,"normalizedSampleSize":0.5991,"averageTravelTime":2.06,"medianTravelTime":1.41,"travelTimeRatio":1.64,"speedPercentiles":[12,16,19,22,25,27,29,32,33,35,37,40,42,44,47,49,53,56,62]},{"timeSet":20,"dateRange":1,"harmonicAverageSpeed":22.4,"medianSpeed":32.0,"averageSpeed":33.1,"standardDeviationSpeed":14.9,"travelTimeStandardDeviation":3.2,"sampleSize":6664,"normalizedSampleSize":0.6588,"averageTravelTime":2.21,"medianTravelTime":1.54,"travelTimeRatio":1.77,"speedPercentiles":[11,15,17,19,22,24,26,28,30,32,34,36,38,41,43,46,49,53,59]},{"timeSet":21,"dateRange":1,"harmonicAverageSpeed":23.5,"medianSpeed":34.0,"averageSpeed":35.2,"standardDeviationSpeed":15.0,"travelTimeStandardDeviation":3.41,"sampleSize":6612,"normalizedSampleSize":0.6536,"averageTravelTime":2.1,"medianTravelTime":1.45,"travelTimeRatio":1.68,"speedPercentiles":[12,16,19,22,24,27,29,31,32,34,37,38,41,43,45,48,51,55,61]},{"timeSet":22,"dateRange":1,"harmonicAverageSpeed":24.3,"medianSpeed":38.0,"averageSpeed":38.1,"standardDeviationSpeed":15.8,"travelTimeStandardDeviation":3.68,"sampleSize":5304,"normalizedSampleSize":0.5243,"averageTravelTime":2.04,"medianTravelTime":1.3,"travelTimeRatio":1.63,"speedPercentiles":[12,18,21,25,27,29,31,34,36,38,40,42,45,47,49,52,55,58,64]},{"timeSet":23,"dateRange":1,"harmonicAverageSpeed":38.6,"medianSpeed":51.0,"averageSpeed":50.4,"standardDeviationSpeed":15.6,"travelTimeStandardDeviation":1.93,"sampleSize":3090,"normalizedSampleSize":0.3055,"averageTravelTime":1.28,"medianTravelTime":0.97,"travelTimeRatio":1.02,"speedPercentiles":[21,29,35,39,42,44,46,48,50,51,53,55,57,59,61,63,66,69,74]},{"timeSet":24,"dateRange":1,"harmonicAverageSpeed":39.9,"medianSpeed":52.0,"averageSpeed":51.9,"standardDeviationSpeed":15.2,"travelTimeStandardDeviation":2.12,"sampleSize":2948,"normalizedSampleSize":0.2914,"averageTravelTime":1.24,"medianTravelTime":0.95,"travelTimeRatio":0.99,"speedPercentiles":[25,33,38,41,43,45,47,49,51,52,54,56,58,60,62,64,67,70,76]},{"timeSet":25,"dateRange":1,"harmonicAverageSpeed":39.1,"medianSpeed":51.0,"averageSpeed":50.8,"standardDeviationSpeed":15.1,"travelTimeStandardDeviation":2.29,"sampleSize":3502,"normalizedSampleSize":0.3462,"averageTravelTime":1.26,"medianTravelTime":0.97,"travelTimeRatio":1.01,"speedPercentiles":[23,32,36,39,42,45,46,48,50,51,53,55,57,59,61,63,65,69,74]}]}},{"type":"Feature","geometry":{"type":"LineString","coordinates":[[12.46988,41.94342],[12.4698,41.94352]]},"properties":{"segmentId":-13800006438168,"newSegmentId":"-00004931-3600-0400-0000-0000014dc5af","speedLimit":50,"frc":2,"streetName":"Corso di Francia","distance":13.32,"segmentTimeResults":[{"timeSet":2,"dateRange":1,"harmonicAverageSpeed":47.1,"medianSpeed":56.0,"averageSpeed":55.6,"standardDeviationSpeed":16.1,"travelTimeStandardDeviation":1.11,"sampleSize":1709,"normalizedSampleSize":0.1689,"averageTravelTime":1.02,"medianTravelTime":0.86,"travelTimeRatio":1.0,"speedPercentiles":[26,35,40,44,47,49,51,53,54,56,58,60,62,63,66,68,71,75,80]},{"timeSet":3,"dateRange":1,"harmonicAverageSpeed":51.6,"medianSpeed":61.0,"averageSpeed":59.9,"standardDeviationSpeed":17.2,"travelTimeStandardDeviation":0.63,"sampleSize":876,"normalizedSampleSize":0.0866,"averageTravelTime":0.93,"medianTravelTime":0.79,"travelTimeRatio":0.91,"speedPercentiles":[26,37,44,48,50,53,55,57,59,61,63,65,67,68,71,73,76,81,86]},{"timeSet":4,"dateRange":1,"harmonicAverageSpeed":49.6,"medianSpeed":62.0,"averageSpeed":60.7,"standardDeviationSpeed":18.2,"travelTimeStandardDeviation":1.27,"sampleSize":464,"normalizedSampleSize":0.0459,"averageTravelTime":0.97,"medianTravelTime":0.77,"travelTimeRatio":0.95,"speedPercentiles":[27,36,45,48,51,54,56,58,60,62,64,66,67,69,73,75,78,81,87]},{"timeSet":5,"dateRange":1,"harmonicAverageSpeed":46.4,"medianSpeed":63.0,"averageSpeed":59.4,"standardDeviationSpeed":18.4,"travelTimeStandardDeviation":1.4,"sampleSize":270,"normalizedSampleSize":0.0267,"averageTravelTime":1.03,"medianTravelTime":0.76,"travelTimeRatio":1.01,"speedPercentiles":[25,32,39,44,50,53,54,57,60,63,65,67,68,70,72,74,77,81,84]},{"timeSet":6,"dateRange":1,"harmonicAverageSpeed":48.3,"medianSpeed":61.0,"averageSpeed":61.3,"standardDeviationSpeed":17.6,"travelTimeStandardDeviation":1.94,"sampleSize":275,"normalizedSampleSize":0.0272,"averageTravelTime":0.99,"medianTravelTime":0.79,"travelTimeRatio":0.98,"speedPercentiles":[33,41,45,49,51,54,56,58,60,61,63,64,67,69,72,75,76,81,90]},{"timeSet":7,"dateRange":1,"harmonicAverageSpeed":51.4,"medianSpeed":62.0,"averageSpeed":60.2,"standardDeviationSpeed":16.1,"travelTimeStandardDeviation":0.91,"sampleSize":338,"normalizedSampleSize":0.0334,"averageTravelTime":0.93,"medianTravelTime":0.77,"travelTimeRatio":0.92,"speedPercentiles":[30,40,44,48,51,54,56,58,60,62,64,65,67,69,71,74,76,78,83]},{"timeSet":8,"dateRange":1,"harmonicAverageSpeed":44.2,"medianSpeed":56.0,"averageSpeed":53.9,"standardDeviationSpeed":17.1,"travelTimeStandardDeviation":0.91,"sampleSize":924,"normalizedSampleSize":0.0913,"averageTravelTime":1.09,"medianTravelTime":0.86,"travelTimeRatio":1.07,"speedPercentiles":[22,28,35,40,45,48,51,53,54,56,58,60,61,63,65,67,69,73,78]},{"timeSet":9,"dateRange":1,"harmonicAverageSpeed":39.1,"medianSpeed":49.0,"averageSpeed":47.7,"standardDeviationSpeed":15.9,"travelTimeStandardDeviation":0.98,"sampleSize":2700,"normalizedSampleSize":0.2669,"averageTravelTime":1.23,"medianTravelTime":0.98,"travelTimeRatio":1.21,"speedPercentiles":[19,25,30,33,37,40,43,45,48,49,52,53,55,57,59,61,63,67,71]},{"timeSet":10,"dateRange":1,"harmonicAverageSpeed":33.9,"medianSpeed":43.0,"averageSpeed":42.3,"standardDeviationSpeed":15.0,"travelTimeStandardDeviation":1.39,"sampleSize":5860,"normalizedSampleSize":0.5793,"averageTravelTime":1.42,"medianTravelTime":1.12,"travelTimeRatio":1.39,"speedPercentiles":[17,22,26,29,32,35,37,39,41,43,45,47,49,50,52,55,58,61,67]},{"timeSet":11,"dateRange":1,"harmonicAverageSpeed":35.0,"medianSpeed":46.0,"averageSpeed":44.3,"standardDeviationSpeed":15.5,"travelTimeStandardDeviation":1.37,"sampleSize":4481,"normalizedSampleSize":0.443,"averageTravelTime":1.37,"medianTravelTime":1.04,"travelTimeRatio":1.35,"speedPercentiles":[17,22,27,31,34,37,39,42,44,46,47,49,51,53,55,57,60,63,69]},{"timeSet":12,"dateRange":1,"harmonicAverageSpeed":35.9,"medianSpeed":48.0,"averageSpeed":46.2,"standardDeviationSpeed":15.7,"travelTimeStandardDeviation":1.92,"sampleSize":3973,"normalizedSampleSize":0.3927,"averageTravelTime":1.34,"medianTravelTime":1.0,"travelTimeRatio":1.31,"speedPercentiles":[18,24,29,33,36,39,42,44,46,48,49,51,53,55,57,59,62,65,71]},{"timeSet":13,"dateRange":1,"harmonicAverageSpeed":36.6,"medianSpeed":47.0,"averageSpeed":45.9,"standardDeviationSpeed":15.0,"travelTimeStandardDeviation":1.71,"sampleSize":4364,"normalizedSampleSize":0.4314,"averageTravelTime":1.31,"medianTravelTime":1.02,"travelTimeRatio":1.29,"speedPercentiles":[19,25,30,34,37,40,42,44,45,47,49,50,52,54,56,58,61,64,69]},{"timeSet":14,"dateRange":1,"harmonicAverageSpeed":32.4,"medianSpeed":46.0,"averageSpeed":44.5,"standardDeviationSpeed":15.1,"travelTimeStandardDeviation":4.87,"sampleSize":4891,"normalizedSampleSize":0.4835,"averageTravelTime":1.48,"medianTravelTime":1.04,"travelTimeRatio":1.45,"speedPercentiles":[18,23,28,31,35,38,40,42,44,46,47,49,51,53,55,57,59,63,68]},{"timeSet":15,"dateRange":1,"harmonicAverageSpeed":35.0,"medianSpeed":44.0,"averageSpeed":43.5,"standardDeviationSpeed":15.2,"travelTimeStandardDeviation":1.23,"sampleSize":5373,"normalizedSampleSize":0.5311,"averageTravelTime":1.37,"medianTravelTime":1.09,"travelTimeRatio":1.35,"speedPercentiles":[17,22,26,31,34,37,39,41,43,44,46,48,50,52,53,56,59,62,67]},{"timeSet":16,"dateRange":1,"harmonicAverageSpeed":32.4,"medianSpeed":43.0,"averageSpeed":42.2,"standardDeviationSpeed":15.3,"travelTimeStandardDeviation":2.28,"sampleSize":5943,"normalizedSampleSize":0.5875,"averageTravelTime":1.48,"medianTravelTime":1.12,"travelTimeRatio":1.45,"speedPercentiles":[15,20,25,29,32,35,38,40,42,43,45,47,49,51,53,55,58,61,66]},{"timeSet":17,"dateRange":1,"harmonicAverageSpeed":35.5,"medianSpeed":45.0,"averageSpeed":43.5,"standardDeviationSpeed":14.8,"travelTimeStandardDeviation":1.23,"sampleSize":5465,"normalizedSampleSize":0.5402,"averageTravelTime":1.35,"medianTravelTime":1.07,"travelTimeRatio":1.33,"speedPercentiles":[18,22,27,31,34,37,39,41,43,45,46,48,50,51,53,56,58,62,67]},{"timeSet":18,"dateRange":1,"harmonicAverageSpeed":27.7,"medianSpeed":36.0,"averageSpeed":36.9,"standardDeviationSpeed":15.2,"travelTimeStandardDeviation":1.95,"sampleSize":5733,"normalizedSampleSize":0.5667,"averageTravelTime":1.73,"medianTravelTime":1.33,"travelTimeRatio":1.7,"speedPercentiles":[13,17,20,23,26,28,30,32,34,36,38,41,43,45,48,50,53,57,62]},{"timeSet":19,"dateRange":1,"harmonicAverageSpeed":28.0,"medianSpeed":36.0,"averageSpeed":36.5,"standardDeviationSpeed":15.0,"travelTimeStandardDeviation":1.99,"sampleSize":6058,"normalizedSampleSize":0.5989,"averageTravelTime":1.72,"medianTravelTime":1.33,"travelTimeRatio":1.69,"speedPercentiles":[13,17,20,23,25,28,30,32,34,36,38,40,42,44,47,49,53,56,62]},{"timeSet":20,"dateRange":1,"harmonicAverageSpeed":25.1,"medianSpeed":32.0,"averageSpeed":33.3,"standardDeviationSpeed":14.7,"travelTimeStandardDeviation":1.97,"sampleSize":6629,"normalizedSampleSize":0.6553,"averageTravelTime":1.91,"medianTravelTime":1.5,"travelTimeRatio":1.88,"speedPercentiles":[12,15,18,20,22,24,26,28,30,32,34,36,38,41,44,46,49,53,59]},{"timeSet":21,"dateRange":1,"harmonicAverageSpeed":27.5,"medianSpeed":35.0,"averageSpeed":35.7,"standardDeviationSpeed":14.6,"travelTimeStandardDeviation":2.37,"sampleSize":6574,"normalizedSampleSize":0.6499,"averageTravelTime":1.74,"medianTravelTime":1.37,"travelTimeRatio":1.71,"speedPercentiles":[14,17,20,23,25,27,29,31,33,35,37,39,41,43,46,48,52,55,61]},{"timeSet":22,"dateRange":1,"harmonicAverageSpeed":30.0,"medianSpeed":38.0,"averageSpeed":38.8,"standardDeviationSpeed":15.3,"travelTimeStandardDeviation":1.78,"sampleSize":5302,"normalizedSampleSize":0.5241,"averageTravelTime":1.6,"medianTravelTime":1.26,"travelTimeRatio":1.57,"speedPercentiles":[15,19,23,25,28,30,32,34,36,38,40,42,45,47,49,52,55,59,64]},{"timeSet":23,"dateRange":1,"harmonicAverageSpeed":42.7,"medianSpeed":52.0,"averageSpeed":50.5,"standardDeviationSpeed":15.4,"travelTimeStandardDeviation":0.83,"sampleSize":3073,"normalizedSampleSize":0.3038,"averageTravelTime":1.12,"medianTravelTime":0.92,"travelTimeRatio":1.1,"speedPercentiles":[21,29,35,39,42,44,46,48,50,52,53,55,57,59,61,63,66,69,74]},{"timeSet":24,"dateRange":1,"harmonicAverageSpeed":44.6,"medianSpeed":52.0,"averageSpeed":51.9,"standardDeviationSpeed":15.1,"travelTimeStandardDeviation":0.9,"sampleSize":2948,"normalizedSampleSize":0.2914,"averageTravelTime":1.07,"medianTravelTime":0.92,"travelTimeRatio":1.06,"speedPercentiles":[25,32,37,40,43,45,47,49,51,52,54,56,58,60,62,64,67,70,76]},{"timeSet":25,"dateRange":1,"harmonicAverageSpeed":42.7,"medianSpeed":52.0,"averageSpeed":51.1,"standardDeviationSpeed":14.8,"travelTimeStandardDeviation":1.33,"sampleSize":3505,"normalizedSampleSize":0.3465,"averageTravelTime":1.12,"medianTravelTime":0.92,"travelTimeRatio":1.1,"speedPercentiles":[24,32,37,40,43,45,47,48,50,52,53,55,57,59,61,63,66,69,74]}]}},{"type":"Feature","geometry":{"type":"LineString","coordinates":[[12.4698,41.94352],[12.46971,41.94365],[12.46964,41.94376],[12.46956,41.9439],[12.46947,41.9441],[12.4694,41.94427],[12.46934,41.94443],[12.4693,41.94458],[12.46928,41.94468],[12.46927,41.94475]]},"properties":{"segmentId":-13800006712220,"newSegmentId":"-00004931-3600-0400-0000-0000015e8902","speedLimit":50,"frc":2,"streetName":"Corso di Francia","distance":143.93,"segmentTimeResults":[{"timeSet":2,"dateRange":1,"harmonicAverageSpeed":37.7,"medianSpeed":53.0,"averageSpeed":51.0,"standardDeviationSpeed":18.7,"travelTimeStandardDeviation":11.83,"sampleSize":1619,"normalizedSampleSize":0.16,"averageTravelTime":13.75,"medianTravelTime":9.78,"travelTimeRatio":1.0,"speedPercentiles":[11,20,32,39,43,46,48,50,52,53,55,57,58,60,63,65,69,72,77]},{"timeSet":3,"dateRange":1,"harmonicAverageSpeed":39.3,"medianSpeed":59.0,"averageSpeed":55.6,"standardDeviationSpeed":20.6,"travelTimeStandardDeviation":13.01,"sampleSize":823,"normalizedSampleSize":0.0814,"averageTravelTime":13.18,"medianTravelTime":8.78,"travelTimeRatio":0.96,"speedPercentiles":[11,21,34,43,47,50,52,55,57,59,61,63,64,66,69,71,74,79,85]},{"timeSet":4,"dateRange":1,"harmonicAverageSpeed":38.9,"medianSpeed":59.0,"averageSpeed":56.0,"standardDeviationSpeed":21.8,"travelTimeStandardDeviation":12.77,"sampleSize":437,"normalizedSampleSize":0.0432,"averageTravelTime":13.31,"medianTravelTime":8.78,"travelTimeRatio":0.97,"speedPercentiles":[10,19,31,41,47,50,53,56,57,59,61,63,65,68,70,72,76,80,87]},{"timeSet":5,"dateRange":1,"harmonicAverageSpeed":42.1,"medianSpeed":60.0,"averageSpeed":56.3,"standardDeviationSpeed":20.4,"travelTimeStandardDeviation":10.47,"sampleSize":249,"normalizedSampleSize":0.0246,"averageTravelTime":12.32,"medianTravelTime":8.64,"travelTimeRatio":0.9,"speedPercentiles":[12,25,33,40,45,48,52,54,58,60,63,65,67,68,70,72,75,79,83]},{"timeSet":6,"dateRange":1,"harmonicAverageSpeed":43.0,"medianSpeed":61.0,"averageSpeed":58.6,"standardDeviationSpeed":19.8,"travelTimeStandardDeviation":14.05,"sampleSize":247,"normalizedSampleSize":0.0244,"averageTravelTime":12.06,"medianTravelTime":8.49,"travelTimeRatio":0.88,"speedPercentiles":[11,33,41,47,50,52,54,58,59,61,62,63,66,69,71,73,76,80,88]},{"timeSet":7,"dateRange":1,"harmonicAverageSpeed":40.7,"medianSpeed":58.0,"averageSpeed":55.1,"standardDeviationSpeed":19.4,"travelTimeStandardDeviation":11.26,"sampleSize":318,"normalizedSampleSize":0.0314,"averageTravelTime":12.73,"medianTravelTime":8.93,"travelTimeRatio":0.93,"speedPercentiles":[11,27,35,42,45,50,52,54,56,58,59,62,64,66,69,71,74,76,83]},{"timeSet":8,"dateRange":1,"harmonicAverageSpeed":33.8,"medianSpeed":52.0,"averageSpeed":48.3,"standardDeviationSpeed":19.3,"travelTimeStandardDeviation":13.63,"sampleSize":893,"normalizedSampleSize":0.0883,"averageTravelTime":15.32,"medianTravelTime":9.96,"travelTimeRatio":1.11,"speedPercentiles":[10,13,21,34,39,43,46,49,50,52,54,55,58,59,61,64,66,69,74]},{"timeSet":9,"dateRange":1,"harmonicAverageSpeed":29.6,"medianSpeed":46.0,"averageSpeed":42.2,"standardDeviationSpeed":17.7,"travelTimeStandardDeviation":15.16,"sampleSize":2560,"normalizedSampleSize":0.2531,"averageTravelTime":17.49,"medianTravelTime":11.26,"travelTimeRatio":1.27,"speedPercentiles":[10,11,18,25,30,35,39,42,44,46,48,50,51,53,55,57,59,62,67]},{"timeSet":10,"dateRange":1,"harmonicAverageSpeed":24.3,"medianSpeed":39.0,"averageSpeed":36.2,"standardDeviationSpeed":16.9,"travelTimeStandardDeviation":17.65,"sampleSize":5479,"normalizedSampleSize":0.5416,"averageTravelTime":21.29,"medianTravelTime":13.29,"travelTimeRatio":1.55,"speedPercentiles":[9,10,11,17,22,27,31,34,37,39,42,44,46,47,49,51,54,56,61]},{"timeSet":11,"dateRange":1,"harmonicAverageSpeed":26.0,"medianSpeed":44.0,"averageSpeed":39.1,"standardDeviationSpeed":17.7,"travelTimeStandardDeviation":17.52,"sampleSize":4119,"normalizedSampleSize":0.4072,"averageTravelTime":19.93,"medianTravelTime":11.78,"travelTimeRatio":1.45,"speedPercentiles":[9,10,12,19,25,30,35,39,42,44,45,47,49,50,52,54,56,59,64]},{"timeSet":12,"dateRange":1,"harmonicAverageSpeed":28.9,"medianSpeed":46.0,"averageSpeed":41.7,"standardDeviationSpeed":17.3,"travelTimeStandardDeviation":17.51,"sampleSize":3707,"normalizedSampleSize":0.3664,"averageTravelTime":17.93,"medianTravelTime":11.26,"travelTimeRatio":1.3,"speedPercentiles":[10,11,18,25,31,35,39,41,44,46,47,49,51,52,54,56,58,61,65]},{"timeSet":13,"dateRange":1,"harmonicAverageSpeed":28.5,"medianSpeed":45.0,"averageSpeed":41.1,"standardDeviationSpeed":16.4,"travelTimeStandardDeviation":19.12,"sampleSize":4071,"normalizedSampleSize":0.4024,"averageTravelTime":18.17,"medianTravelTime":11.51,"travelTimeRatio":1.32,"speedPercentiles":[10,11,19,26,31,36,39,41,43,45,46,48,49,51,53,55,57,59,63]},{"timeSet":14,"dateRange":1,"harmonicAverageSpeed":26.5,"medianSpeed":42.0,"averageSpeed":38.4,"standardDeviationSpeed":16.6,"travelTimeStandardDeviation":16.83,"sampleSize":4568,"normalizedSampleSize":0.4516,"averageTravelTime":19.55,"medianTravelTime":12.34,"travelTimeRatio":1.42,"speedPercentiles":[9,10,15,21,26,30,35,38,40,42,44,46,47,49,51,53,55,57,61]},{"timeSet":15,"dateRange":1,"harmonicAverageSpeed":23.9,"medianSpeed":40.0,"averageSpeed":36.0,"standardDeviationSpeed":16.9,"travelTimeStandardDeviation":18.57,"sampleSize":5078,"normalizedSampleSize":0.502,"averageTravelTime":21.66,"medianTravelTime":12.95,"travelTimeRatio":1.58,"speedPercentiles":[9,10,12,17,22,26,31,35,37,40,42,43,45,47,49,51,53,56,60]},{"timeSet":16,"dateRange":1,"harmonicAverageSpeed":23.0,"medianSpeed":39.0,"averageSpeed":35.2,"standardDeviationSpeed":17.1,"travelTimeStandardDeviation":19.26,"sampleSize":5524,"normalizedSampleSize":0.5461,"averageTravelTime":22.58,"medianTravelTime":13.29,"travelTimeRatio":1.64,"speedPercentiles":[9,10,11,15,20,24,28,33,36,39,41,43,45,46,48,50,53,55,60]},{"timeSet":17,"dateRange":1,"harmonicAverageSpeed":24.8,"medianSpeed":40.0,"averageSpeed":36.5,"standardDeviationSpeed":16.7,"travelTimeStandardDeviation":18.13,"sampleSize":4989,"normalizedSampleSize":0.4932,"averageTravelTime":20.92,"medianTravelTime":12.95,"travelTimeRatio":1.52,"speedPercentiles":[9,10,13,18,22,27,31,35,38,40,42,44,46,47,49,51,53,56,60]},{"timeSet":18,"dateRange":1,"harmonicAverageSpeed":22.1,"medianSpeed":31.0,"averageSpeed":31.0,"standardDeviationSpeed":14.9,"travelTimeStandardDeviation":18.0,"sampleSize":5178,"normalizedSampleSize":0.5119,"averageTravelTime":23.46,"medianTravelTime":16.71,"travelTimeRatio":1.71,"speedPercentiles":[9,10,13,16,19,22,25,27,29,31,33,35,37,39,41,44,47,51,56]},{"timeSet":19,"dateRange":1,"harmonicAverageSpeed":21.0,"medianSpeed":30.0,"averageSpeed":30.1,"standardDeviationSpeed":14.8,"travelTimeStandardDeviation":20.69,"sampleSize":5506,"normalizedSampleSize":0.5443,"averageTravelTime":24.65,"medianTravelTime":17.27,"travelTimeRatio":1.79,"speedPercentiles":[9,9,11,15,18,21,24,26,28,30,32,34,36,38,40,43,46,50,56]},{"timeSet":20,"dateRange":1,"harmonicAverageSpeed":18.0,"medianSpeed":25.0,"averageSpeed":25.7,"standardDeviationSpeed":13.4,"travelTimeStandardDeviation":21.21,"sampleSize":6172,"normalizedSampleSize":0.6101,"averageTravelTime":28.76,"medianTravelTime":20.73,"travelTimeRatio":2.09,"speedPercentiles":[8,9,10,12,14,17,19,21,23,25,27,29,31,33,34,36,39,44,50]},{"timeSet":21,"dateRange":1,"harmonicAverageSpeed":21.0,"medianSpeed":29.0,"averageSpeed":28.9,"standardDeviationSpeed":13.7,"travelTimeStandardDeviation":17.73,"sampleSize":6172,"normalizedSampleSize":0.6101,"averageTravelTime":24.69,"medianTravelTime":17.87,"travelTimeRatio":1.8,"speedPercentiles":[9,10,12,15,18,21,23,25,27,29,31,32,34,36,38,40,43,47,53]},{"timeSet":22,"dateRange":1,"harmonicAverageSpeed":23.1,"medianSpeed":33.0,"averageSpeed":32.9,"standardDeviationSpeed":15.7,"travelTimeStandardDeviation":17.63,"sampleSize":4907,"normalizedSampleSize":0.4851,"averageTravelTime":22.41,"medianTravelTime":15.7,"travelTimeRatio":1.63,"speedPercentiles":[9,10,12,17,21,25,27,29,31,33,35,36,38,40,43,46,50,54,60]},{"timeSet":23,"dateRange":1,"harmonicAverageSpeed":31.7,"medianSpeed":48.0,"averageSpeed":45.1,"standardDeviationSpeed":17.7,"travelTimeStandardDeviation":17.63,"sampleSize":2809,"normalizedSampleSize":0.2777,"averageTravelTime":16.36,"medianTravelTime":10.79,"travelTimeRatio":1.19,"speedPercentiles":[10,13,23,30,36,40,43,45,46,48,50,52,53,55,57,59,62,65,69]},{"timeSet":24,"dateRange":1,"harmonicAverageSpeed":33.4,"medianSpeed":50.0,"averageSpeed":46.9,"standardDeviationSpeed":17.7,"travelTimeStandardDeviation":14.77,"sampleSize":2691,"normalizedSampleSize":0.266,"averageTravelTime":15.49,"medianTravelTime":10.36,"travelTimeRatio":1.13,"speedPercentiles":[10,15,27,34,39,42,44,46,48,50,51,53,55,57,58,60,63,66,71]},{"timeSet":25,"dateRange":1,"harmonicAverageSpeed":30.6,"medianSpeed":48.0,"averageSpeed":44.7,"standardDeviationSpeed":18.5,"travelTimeStandardDeviation":15.04,"sampleSize":3198,"normalizedSampleSize":0.3161,"averageTravelTime":16.92,"medianTravelTime":10.79,"travelTimeRatio":1.23,"speedPercentiles":[10,11,19,29,35,39,42,44,47,48,50,52,54,55,57,60,62,65,70]}]}},{"type":"Feature","geometry":{"type":"LineString","coordinates":[[12.46927,41.94475],[12.46927,41.94486],[12.46925,41.94496]]},"properties":{"segmentId":13800006562927,"newSegmentId":"00004931-3600-0400-0000-0000014ddfd0","speedLimit":50,"frc":2,"streetName":"Corso di Francia","distance":23.47,"segmentTimeResults":[{"timeSet":2,"dateRange":1,"harmonicAverageSpeed":43.6,"medianSpeed":52.0,"averageSpeed":51.7,"standardDeviationSpeed":16.3,"travelTimeStandardDeviation":1.46,"sampleSize":1658,"normalizedSampleSize":0.1639,"averageTravelTime":1.94,"medianTravelTime":1.62,"travelTimeRatio":1.0,"speedPercentiles":[24,29,34,39,43,45,47,49,51,52,54,56,58,59,61,64,68,72,77]},{"timeSet":3,"dateRange":1,"harmonicAverageSpeed":47.4,"medianSpeed":58.0,"averageSpeed":56.5,"standardDeviationSpeed":17.9,"travelTimeStandardDeviation":1.25,"sampleSize":832,"normalizedSampleSize":0.0822,"averageTravelTime":1.78,"medianTravelTime":1.46,"travelTimeRatio":0.92,"speedPercentiles":[25,29,36,43,47,50,53,54,56,58,60,62,63,65,67,70,73,77,86]},{"timeSet":4,"dateRange":1,"harmonicAverageSpeed":46.2,"medianSpeed":58.0,"averageSpeed":56.6,"standardDeviationSpeed":19.4,"travelTimeStandardDeviation":1.26,"sampleSize":445,"normalizedSampleSize":0.044,"averageTravelTime":1.83,"medianTravelTime":1.46,"travelTimeRatio":0.94,"speedPercentiles":[23,27,32,39,45,50,52,55,57,58,60,62,65,68,70,73,76,79,84]},{"timeSet":5,"dateRange":1,"harmonicAverageSpeed":45.5,"medianSpeed":60.0,"averageSpeed":56.5,"standardDeviationSpeed":18.8,"travelTimeStandardDeviation":1.44,"sampleSize":251,"normalizedSampleSize":0.0248,"averageTravelTime":1.86,"medianTravelTime":1.41,"travelTimeRatio":0.96,"speedPercentiles":[23,30,34,39,44,48,52,55,58,60,63,65,66,68,69,71,73,78,83]},{"timeSet":6,"dateRange":1,"harmonicAverageSpeed":50.8,"medianSpeed":61.0,"averageSpeed":58.8,"standardDeviationSpeed":17.3,"travelTimeStandardDeviation":0.95,"sampleSize":247,"normalizedSampleSize":0.0244,"averageTravelTime":1.66,"medianTravelTime":1.39,"travelTimeRatio":0.86,"speedPercentiles":[25,35,42,47,49,52,56,57,59,61,62,64,65,67,71,73,76,78,83]},{"timeSet":7,"dateRange":1,"harmonicAverageSpeed":46.7,"medianSpeed":57.0,"averageSpeed":54.9,"standardDeviationSpeed":17.2,"travelTimeStandardDeviation":1.04,"sampleSize":323,"normalizedSampleSize":0.0319,"averageTravelTime":1.81,"medianTravelTime":1.48,"travelTimeRatio":0.93,"speedPercentiles":[25,29,35,41,45,48,50,53,55,57,58,60,63,65,67,70,73,75,81]},{"timeSet":8,"dateRange":1,"harmonicAverageSpeed":42.2,"medianSpeed":52.0,"averageSpeed":50.6,"standardDeviationSpeed":15.8,"travelTimeStandardDeviation":1.52,"sampleSize":896,"normalizedSampleSize":0.0886,"averageTravelTime":2.0,"medianTravelTime":1.62,"travelTimeRatio":1.03,"speedPercentiles":[23,28,32,37,41,45,48,49,51,52,54,56,57,59,61,63,66,69,73]},{"timeSet":9,"dateRange":1,"harmonicAverageSpeed":37.0,"medianSpeed":46.0,"averageSpeed":44.3,"standardDeviationSpeed":14.5,"travelTimeStandardDeviation":1.69,"sampleSize":2549,"normalizedSampleSize":0.252,"averageTravelTime":2.28,"medianTravelTime":1.84,"travelTimeRatio":1.18,"speedPercentiles":[19,25,28,31,34,37,40,42,44,46,48,49,51,52,54,56,59,61,67]},{"timeSet":10,"dateRange":1,"harmonicAverageSpeed":30.3,"medianSpeed":39.0,"averageSpeed":37.9,"standardDeviationSpeed":13.7,"travelTimeStandardDeviation":2.2,"sampleSize":5560,"normalizedSampleSize":0.5496,"averageTravelTime":2.79,"medianTravelTime":2.17,"travelTimeRatio":1.44,"speedPercentiles":[14,19,23,26,28,30,32,34,36,39,41,43,44,46,48,50,52,55,59]},{"timeSet":11,"dateRange":1,"harmonicAverageSpeed":34.3,"medianSpeed":44.0,"averageSpeed":41.7,"standardDeviationSpeed":14.0,"travelTimeStandardDeviation":2.34,"sampleSize":4191,"normalizedSampleSize":0.4143,"averageTravelTime":2.46,"medianTravelTime":1.92,"travelTimeRatio":1.27,"speedPercentiles":[18,23,26,29,31,34,37,39,42,44,45,47,48,50,51,53,56,58,63]},{"timeSet":12,"dateRange":1,"harmonicAverageSpeed":35.3,"medianSpeed":45.0,"averageSpeed":42.9,"standardDeviationSpeed":14.0,"travelTimeStandardDeviation":2.34,"sampleSize":3754,"normalizedSampleSize":0.3711,"averageTravelTime":2.4,"medianTravelTime":1.88,"travelTimeRatio":1.24,"speedPercentiles":[18,24,28,30,33,36,39,41,43,45,46,48,49,51,52,54,57,59,64]},{"timeSet":13,"dateRange":1,"harmonicAverageSpeed":34.2,"medianSpeed":43.0,"averageSpeed":41.7,"standardDeviationSpeed":13.7,"travelTimeStandardDeviation":2.16,"sampleSize":4122,"normalizedSampleSize":0.4075,"averageTravelTime":2.47,"medianTravelTime":1.96,"travelTimeRatio":1.28,"speedPercentiles":[17,23,27,29,32,35,38,40,42,43,45,47,48,50,51,53,55,58,62]},{"timeSet":14,"dateRange":1,"harmonicAverageSpeed":28.7,"medianSpeed":40.0,"averageSpeed":37.9,"standardDeviationSpeed":14.4,"travelTimeStandardDeviation":2.63,"sampleSize":4634,"normalizedSampleSize":0.4581,"averageTravelTime":2.94,"medianTravelTime":2.11,"travelTimeRatio":1.52,"speedPercentiles":[12,18,22,25,28,30,32,35,37,40,42,43,45,47,48,50,53,55,60]},{"timeSet":15,"dateRange":1,"harmonicAverageSpeed":26.9,"medianSpeed":37.0,"averageSpeed":36.0,"standardDeviationSpeed":14.3,"travelTimeStandardDeviation":2.97,"sampleSize":5141,"normalizedSampleSize":0.5082,"averageTravelTime":3.14,"medianTravelTime":2.28,"travelTimeRatio":1.62,"speedPercentiles":[11,16,20,23,26,28,30,32,35,37,39,41,43,44,46,48,51,54,58]},{"timeSet":16,"dateRange":1,"harmonicAverageSpeed":25.3,"medianSpeed":36.0,"averageSpeed":35.3,"standardDeviationSpeed":14.9,"travelTimeStandardDeviation":3.37,"sampleSize":5631,"normalizedSampleSize":0.5566,"averageTravelTime":3.34,"medianTravelTime":2.35,"travelTimeRatio":1.72,"speedPercentiles":[10,15,18,21,24,27,29,31,34,36,38,41,43,44,46,48,51,54,58]},{"timeSet":17,"dateRange":1,"harmonicAverageSpeed":27.3,"medianSpeed":37.0,"averageSpeed":36.3,"standardDeviationSpeed":14.0,"travelTimeStandardDeviation":3.97,"sampleSize":5073,"normalizedSampleSize":0.5015,"averageTravelTime":3.09,"medianTravelTime":2.28,"travelTimeRatio":1.6,"speedPercentiles":[13,17,21,24,26,29,31,33,35,37,39,41,43,45,47,48,51,53,57]},{"timeSet":18,"dateRange":1,"harmonicAverageSpeed":25.8,"medianSpeed":32.0,"averageSpeed":32.3,"standardDeviationSpeed":12.6,"travelTimeStandardDeviation":2.94,"sampleSize":5254,"normalizedSampleSize":0.5194,"averageTravelTime":3.28,"medianTravelTime":2.64,"travelTimeRatio":1.69,"speedPercentiles":[13,16,19,21,24,26,27,29,30,32,33,35,36,38,40,42,45,49,54]},{"timeSet":19,"dateRange":1,"harmonicAverageSpeed":26.1,"medianSpeed":32.0,"averageSpeed":32.2,"standardDeviationSpeed":12.0,"travelTimeStandardDeviation":2.58,"sampleSize":5583,"normalizedSampleSize":0.5519,"averageTravelTime":3.24,"medianTravelTime":2.64,"travelTimeRatio":1.67,"speedPercentiles":[13,17,20,22,24,26,28,29,31,32,33,34,36,38,39,41,44,48,53]},{"timeSet":20,"dateRange":1,"harmonicAverageSpeed":20.1,"medianSpeed":27.0,"averageSpeed":26.9,"standardDeviationSpeed":11.6,"travelTimeStandardDeviation":3.87,"sampleSize":6265,"normalizedSampleSize":0.6193,"averageTravelTime":4.2,"medianTravelTime":3.13,"travelTimeRatio":2.17,"speedPercentiles":[9,12,15,16,18,20,22,24,26,27,28,30,31,32,34,36,38,41,46]},{"timeSet":21,"dateRange":1,"harmonicAverageSpeed":24.1,"medianSpeed":30.0,"averageSpeed":30.2,"standardDeviationSpeed":11.5,"travelTimeStandardDeviation":2.76,"sampleSize":6273,"normalizedSampleSize":0.6201,"averageTravelTime":3.51,"medianTravelTime":2.82,"travelTimeRatio":1.81,"speedPercentiles":[12,15,18,20,22,24,26,28,29,30,31,33,34,35,37,39,41,45,50]},{"timeSet":22,"dateRange":1,"harmonicAverageSpeed":29.7,"medianSpeed":35.0,"averageSpeed":35.9,"standardDeviationSpeed":12.8,"travelTimeStandardDeviation":2.05,"sampleSize":4991,"normalizedSampleSize":0.4934,"averageTravelTime":2.84,"medianTravelTime":2.41,"travelTimeRatio":1.47,"speedPercentiles":[15,20,24,26,28,29,31,32,34,35,36,38,39,41,43,46,49,53,59]},{"timeSet":23,"dateRange":1,"harmonicAverageSpeed":38.0,"medianSpeed":47.0,"averageSpeed":46.0,"standardDeviationSpeed":14.9,"travelTimeStandardDeviation":1.78,"sampleSize":2849,"normalizedSampleSize":0.2816,"averageTravelTime":2.22,"medianTravelTime":1.8,"travelTimeRatio":1.15,"speedPercentiles":[20,26,29,33,36,39,42,44,45,47,49,51,52,54,56,58,61,64,68]},{"timeSet":24,"dateRange":1,"harmonicAverageSpeed":39.8,"medianSpeed":49.0,"averageSpeed":47.6,"standardDeviationSpeed":15.0,"travelTimeStandardDeviation":1.85,"sampleSize":2715,"normalizedSampleSize":0.2684,"averageTravelTime":2.12,"medianTravelTime":1.72,"travelTimeRatio":1.09,"speedPercentiles":[22,27,31,35,39,42,44,45,47,49,50,52,54,55,57,59,61,65,70]},{"timeSet":25,"dateRange":1,"harmonicAverageSpeed":38.2,"medianSpeed":47.0,"averageSpeed":46.0,"standardDeviationSpeed":15.1,"travelTimeStandardDeviation":1.63,"sampleSize":3229,"normalizedSampleSize":0.3192,"averageTravelTime":2.21,"medianTravelTime":1.8,"travelTimeRatio":1.14,"speedPercentiles":[20,26,29,32,36,39,41,44,45,47,49,51,52,54,56,58,61,64,69]}]}},{"type":"Feature","geometry":{"type":"LineString","coordinates":[[12.46925,41.94496],[12.46925,41.94513],[12.46926,41.94523],[12.46926,41.94534],[12.46928,41.94548],[12.46929,41.94559],[12.46932,41.94572],[12.46934,41.9458]]},"properties":{"segmentId":13800006578242,"newSegmentId":"00004931-3600-0400-0000-0000015d7b7e","speedLimit":50,"frc":2,"streetName":"Corso di Francia","distance":94.15,"segmentTimeResults":[{"timeSet":2,"dateRange":1,"harmonicAverageSpeed":39.1,"medianSpeed":51.0,"averageSpeed":51.3,"standardDeviationSpeed":14.7,"travelTimeStandardDeviation":53.47,"sampleSize":1782,"normalizedSampleSize":0.1762,"averageTravelTime":8.67,"medianTravelTime":6.65,"travelTimeRatio":1.0,"speedPercentiles":[27,33,38,40,43,44,46,48,50,51,53,54,56,58,60,62,66,69,76]},{"timeSet":3,"dateRange":1,"harmonicAverageSpeed":48.0,"medianSpeed":56.0,"averageSpeed":55.8,"standardDeviationSpeed":16.7,"travelTimeStandardDeviation":4.6,"sampleSize":897,"normalizedSampleSize":0.0887,"averageTravelTime":7.06,"medianTravelTime":6.05,"travelTimeRatio":0.81,"speedPercentiles":[27,34,39,43,45,49,51,53,55,56,58,60,62,64,66,69,72,76,83]},{"timeSet":4,"dateRange":1,"harmonicAverageSpeed":47.8,"medianSpeed":57.0,"averageSpeed":56.1,"standardDeviationSpeed":17.5,"travelTimeStandardDeviation":4.71,"sampleSize":487,"normalizedSampleSize":0.0481,"averageTravelTime":7.09,"medianTravelTime":5.95,"travelTimeRatio":0.82,"speedPercentiles":[27,35,38,42,44,47,51,53,56,57,58,60,62,65,67,70,74,78,82]},{"timeSet":5,"dateRange":1,"harmonicAverageSpeed":47.3,"medianSpeed":58.0,"averageSpeed":56.3,"standardDeviationSpeed":17.9,"travelTimeStandardDeviation":4.96,"sampleSize":265,"normalizedSampleSize":0.0262,"averageTravelTime":7.17,"medianTravelTime":5.84,"travelTimeRatio":0.83,"speedPercentiles":[26,33,38,42,44,46,50,52,54,58,61,63,65,66,68,71,73,78,83]},{"timeSet":6,"dateRange":1,"harmonicAverageSpeed":47.6,"medianSpeed":58.0,"averageSpeed":57.3,"standardDeviationSpeed":16.8,"travelTimeStandardDeviation":8.07,"sampleSize":265,"normalizedSampleSize":0.0262,"averageTravelTime":7.12,"medianTravelTime":5.84,"travelTimeRatio":0.82,"speedPercentiles":[25,36,41,45,48,49,52,55,57,58,60,62,64,66,68,71,74,77,81]},{"timeSet":7,"dateRange":1,"harmonicAverageSpeed":47.1,"medianSpeed":55.0,"averageSpeed":54.2,"standardDeviationSpeed":16.3,"travelTimeStandardDeviation":4.34,"sampleSize":361,"normalizedSampleSize":0.0357,"averageTravelTime":7.2,"medianTravelTime":6.16,"travelTimeRatio":0.83,"speedPercentiles":[28,33,38,41,43,46,49,50,53,55,57,58,61,64,66,68,71,74,81]},{"timeSet":8,"dateRange":1,"harmonicAverageSpeed":45.8,"medianSpeed":51.0,"averageSpeed":51.1,"standardDeviationSpeed":13.9,"travelTimeStandardDeviation":3.92,"sampleSize":985,"normalizedSampleSize":0.0974,"averageTravelTime":7.4,"medianTravelTime":6.65,"travelTimeRatio":0.85,"speedPercentiles":[28,34,37,40,42,45,47,48,50,51,53,55,56,58,60,62,65,68,72]},{"timeSet":9,"dateRange":1,"harmonicAverageSpeed":37.4,"medianSpeed":45.0,"averageSpeed":43.5,"standardDeviationSpeed":13.3,"travelTimeStandardDeviation":5.39,"sampleSize":2769,"normalizedSampleSize":0.2737,"averageTravelTime":9.07,"medianTravelTime":7.53,"travelTimeRatio":1.05,"speedPercentiles":[19,25,30,33,36,38,40,41,43,45,46,48,49,50,52,54,56,59,64]},{"timeSet":10,"dateRange":1,"harmonicAverageSpeed":27.5,"medianSpeed":36.0,"averageSpeed":35.4,"standardDeviationSpeed":13.2,"travelTimeStandardDeviation":10.0,"sampleSize":6034,"normalizedSampleSize":0.5965,"averageTravelTime":12.32,"medianTravelTime":9.41,"travelTimeRatio":1.42,"speedPercentiles":[12,17,20,23,27,29,31,33,35,36,38,39,41,43,45,46,49,52,56]},{"timeSet":11,"dateRange":1,"harmonicAverageSpeed":32.5,"medianSpeed":42.0,"averageSpeed":40.2,"standardDeviationSpeed":13.1,"travelTimeStandardDeviation":17.36,"sampleSize":4603,"normalizedSampleSize":0.455,"averageTravelTime":10.42,"medianTravelTime":8.07,"travelTimeRatio":1.2,"speedPercentiles":[16,22,26,29,32,34,36,38,40,42,43,44,46,47,49,51,53,56,60]},{"timeSet":12,"dateRange":1,"harmonicAverageSpeed":34.7,"medianSpeed":42.0,"averageSpeed":40.9,"standardDeviationSpeed":12.9,"travelTimeStandardDeviation":6.43,"sampleSize":4128,"normalizedSampleSize":0.4081,"averageTravelTime":9.78,"medianTravelTime":8.07,"travelTimeRatio":1.13,"speedPercentiles":[17,23,28,31,33,35,37,39,40,42,44,45,46,48,50,51,53,56,60]},{"timeSet":13,"dateRange":1,"harmonicAverageSpeed":30.4,"medianSpeed":40.0,"averageSpeed":38.7,"standardDeviationSpeed":13.5,"travelTimeStandardDeviation":9.43,"sampleSize":4577,"normalizedSampleSize":0.4525,"averageTravelTime":11.16,"medianTravelTime":8.47,"travelTimeRatio":1.29,"speedPercentiles":[13,19,24,28,31,33,35,37,39,40,42,43,45,46,48,50,52,55,59]},{"timeSet":14,"dateRange":1,"harmonicAverageSpeed":24.3,"medianSpeed":36.0,"averageSpeed":33.8,"standardDeviationSpeed":14.4,"travelTimeStandardDeviation":12.61,"sampleSize":5054,"normalizedSampleSize":0.4996,"averageTravelTime":13.98,"medianTravelTime":9.41,"travelTimeRatio":1.61,"speedPercentiles":[9,13,17,20,23,26,29,31,33,36,37,39,41,43,44,46,49,52,56]},{"timeSet":15,"dateRange":1,"harmonicAverageSpeed":22.6,"medianSpeed":33.0,"averageSpeed":32.3,"standardDeviationSpeed":14.3,"travelTimeStandardDeviation":13.49,"sampleSize":5619,"normalizedSampleSize":0.5555,"averageTravelTime":14.97,"medianTravelTime":10.27,"travelTimeRatio":1.73,"speedPercentiles":[8,12,15,18,21,24,27,29,31,33,35,37,39,41,43,45,47,50,55]},{"timeSet":16,"dateRange":1,"harmonicAverageSpeed":21.9,"medianSpeed":33.0,"averageSpeed":31.8,"standardDeviationSpeed":14.7,"travelTimeStandardDeviation":13.7,"sampleSize":6136,"normalizedSampleSize":0.6066,"averageTravelTime":15.48,"medianTravelTime":10.27,"travelTimeRatio":1.79,"speedPercentiles":[8,11,14,17,20,23,26,28,31,33,35,37,39,41,43,45,47,51,55]},{"timeSet":17,"dateRange":1,"harmonicAverageSpeed":23.3,"medianSpeed":33.0,"averageSpeed":32.1,"standardDeviationSpeed":13.6,"travelTimeStandardDeviation":12.98,"sampleSize":5523,"normalizedSampleSize":0.546,"averageTravelTime":14.57,"medianTravelTime":10.27,"travelTimeRatio":1.68,"speedPercentiles":[9,13,16,19,22,24,27,29,31,33,35,37,38,40,42,44,46,49,53]},{"timeSet":18,"dateRange":1,"harmonicAverageSpeed":24.0,"medianSpeed":30.0,"averageSpeed":30.1,"standardDeviationSpeed":12.2,"travelTimeStandardDeviation":9.35,"sampleSize":5840,"normalizedSampleSize":0.5773,"averageTravelTime":14.13,"medianTravelTime":11.3,"travelTimeRatio":1.63,"speedPercentiles":[11,14,16,19,21,23,25,27,29,30,32,33,35,36,38,40,43,46,51]},{"timeSet":19,"dateRange":1,"harmonicAverageSpeed":24.6,"medianSpeed":31.0,"averageSpeed":30.4,"standardDeviationSpeed":11.7,"travelTimeStandardDeviation":9.74,"sampleSize":6102,"normalizedSampleSize":0.6032,"averageTravelTime":13.76,"medianTravelTime":10.93,"travelTimeRatio":1.59,"speedPercentiles":[12,15,17,20,22,23,25,27,29,31,32,34,35,37,38,40,42,45,50]},{"timeSet":20,"dateRange":1,"harmonicAverageSpeed":19.3,"medianSpeed":24.0,"averageSpeed":25.0,"standardDeviationSpeed":11.5,"travelTimeStandardDeviation":11.3,"sampleSize":6811,"normalizedSampleSize":0.6733,"averageTravelTime":17.61,"medianTravelTime":14.12,"travelTimeRatio":2.03,"speedPercentiles":[9,11,13,14,16,17,19,20,22,24,26,27,29,31,33,35,37,40,45]},{"timeSet":21,"dateRange":1,"harmonicAverageSpeed":23.1,"medianSpeed":28.0,"averageSpeed":28.6,"standardDeviationSpeed":11.6,"travelTimeStandardDeviation":8.66,"sampleSize":6745,"normalizedSampleSize":0.6668,"averageTravelTime":14.66,"medianTravelTime":12.11,"travelTimeRatio":1.69,"speedPercentiles":[11,14,16,18,20,21,23,25,27,28,30,32,33,35,36,38,41,43,48]},{"timeSet":22,"dateRange":1,"harmonicAverageSpeed":29.7,"medianSpeed":36.0,"averageSpeed":35.6,"standardDeviationSpeed":12.4,"travelTimeStandardDeviation":7.84,"sampleSize":5395,"normalizedSampleSize":0.5333,"averageTravelTime":11.4,"medianTravelTime":9.41,"travelTimeRatio":1.32,"speedPercentiles":[15,19,23,26,28,30,32,33,34,36,37,38,40,41,43,45,48,51,56]},{"timeSet":23,"dateRange":1,"harmonicAverageSpeed":39.4,"medianSpeed":46.0,"averageSpeed":45.8,"standardDeviationSpeed":13.5,"travelTimeStandardDeviation":6.25,"sampleSize":3060,"normalizedSampleSize":0.3025,"averageTravelTime":8.6,"medianTravelTime":7.37,"travelTimeRatio":0.99,"speedPercentiles":[21,28,33,36,38,40,42,43,45,46,48,49,51,53,55,57,59,62,67]},{"timeSet":24,"dateRange":1,"harmonicAverageSpeed":41.4,"medianSpeed":48.0,"averageSpeed":47.2,"standardDeviationSpeed":13.5,"travelTimeStandardDeviation":5.16,"sampleSize":2914,"normalizedSampleSize":0.2881,"averageTravelTime":8.19,"medianTravelTime":7.06,"travelTimeRatio":0.95,"speedPercentiles":[23,31,34,37,39,41,43,45,46,48,49,51,52,54,55,57,60,63,68]},{"timeSet":25,"dateRange":1,"harmonicAverageSpeed":39.9,"medianSpeed":46.0,"averageSpeed":45.7,"standardDeviationSpeed":13.5,"travelTimeStandardDeviation":5.04,"sampleSize":3449,"normalizedSampleSize":0.3409,"averageTravelTime":8.49,"medianTravelTime":7.37,"travelTimeRatio":0.98,"speedPercentiles":[21,28,33,35,38,40,41,43,45,46,48,49,51,52,55,57,59,62,67]}]}},{"type":"Feature","geometry":{"type":"LineString","coordinates":[[12.46934,41.9458],[12.46939,41.94594]]},"properties":{"segmentId":13800006907411,"newSegmentId":"00004931-3600-0400-0000-0000015d7b7f","speedLimit":50,"frc":2,"streetName":"Corso di Francia","distance":15.4,"segmentTimeResults":[{"timeSet":2,"dateRange":1,"harmonicAverageSpeed":45.7,"medianSpeed":51.0,"averageSpeed":51.1,"standardDeviationSpeed":13.9,"travelTimeStandardDeviation":0.61,"sampleSize":1769,"normalizedSampleSize":0.1749,"averageTravelTime":1.21,"medianTravelTime":1.09,"travelTimeRatio":1.0,"speedPercentiles":[27,34,39,42,44,45,47,48,49,51,53,54,56,57,59,61,64,68,74]},{"timeSet":3,"dateRange":1,"harmonicAverageSpeed":49.8,"medianSpeed":56.0,"averageSpeed":56.2,"standardDeviationSpeed":15.3,"travelTimeStandardDeviation":0.64,"sampleSize":904,"normalizedSampleSize":0.0894,"averageTravelTime":1.11,"medianTravelTime":0.99,"travelTimeRatio":0.92,"speedPercentiles":[29,38,43,45,47,49,52,53,55,56,58,59,62,63,65,68,71,74,81]},{"timeSet":4,"dateRange":1,"harmonicAverageSpeed":46.8,"medianSpeed":57.0,"averageSpeed":57.0,"standardDeviationSpeed":17.0,"travelTimeStandardDeviation":1.68,"sampleSize":484,"normalizedSampleSize":0.0478,"averageTravelTime":1.19,"medianTravelTime":0.97,"travelTimeRatio":0.98,"speedPercentiles":[27,37,41,45,47,50,52,54,55,57,58,60,63,65,68,70,74,77,84]},{"timeSet":5,"dateRange":1,"harmonicAverageSpeed":44.4,"medianSpeed":58.0,"averageSpeed":56.9,"standardDeviationSpeed":17.6,"travelTimeStandardDeviation":1.9,"sampleSize":263,"normalizedSampleSize":0.026,"averageTravelTime":1.25,"medianTravelTime":0.96,"travelTimeRatio":1.03,"speedPercentiles":[29,35,40,43,47,50,52,53,56,58,60,61,64,66,67,70,73,79,84]},{"timeSet":6,"dateRange":1,"harmonicAverageSpeed":48.4,"medianSpeed":58.0,"averageSpeed":57.9,"standardDeviationSpeed":16.7,"travelTimeStandardDeviation":1.28,"sampleSize":263,"normalizedSampleSize":0.026,"averageTravelTime":1.15,"medianTravelTime":0.96,"travelTimeRatio":0.94,"speedPercentiles":[30,38,43,47,48,50,52,54,56,58,59,62,64,66,68,71,74,78,85]},{"timeSet":7,"dateRange":1,"harmonicAverageSpeed":47.9,"medianSpeed":55.0,"averageSpeed":54.7,"standardDeviationSpeed":16.0,"travelTimeStandardDeviation":0.61,"sampleSize":364,"normalizedSampleSize":0.036,"averageTravelTime":1.16,"medianTravelTime":1.01,"travelTimeRatio":0.95,"speedPercentiles":[28,34,40,43,45,47,49,51,53,55,57,59,61,63,65,67,71,75,80]},{"timeSet":8,"dateRange":1,"harmonicAverageSpeed":46.5,"medianSpeed":52.0,"averageSpeed":51.9,"standardDeviationSpeed":13.4,"travelTimeStandardDeviation":0.65,"sampleSize":984,"normalizedSampleSize":0.0973,"averageTravelTime":1.19,"medianTravelTime":1.07,"travelTimeRatio":0.98,"speedPercentiles":[29,37,39,42,45,46,48,49,50,52,54,55,57,58,60,62,65,67,73]},{"timeSet":9,"dateRange":1,"harmonicAverageSpeed":36.6,"medianSpeed":44.0,"averageSpeed":43.0,"standardDeviationSpeed":13.0,"travelTimeStandardDeviation":1.09,"sampleSize":2664,"normalizedSampleSize":0.2633,"averageTravelTime":1.51,"medianTravelTime":1.26,"travelTimeRatio":1.25,"speedPercentiles":[19,25,30,33,36,38,40,41,43,44,46,47,48,50,51,53,55,58,63]},{"timeSet":10,"dateRange":1,"harmonicAverageSpeed":24.4,"medianSpeed":34.0,"averageSpeed":33.4,"standardDeviationSpeed":13.4,"travelTimeStandardDeviation":2.77,"sampleSize":5867,"normalizedSampleSize":0.58,"averageTravelTime":2.28,"medianTravelTime":1.63,"travelTimeRatio":1.88,"speedPercentiles":[11,15,18,21,24,26,28,30,32,34,36,38,39,41,43,45,47,50,55]},{"timeSet":11,"dateRange":1,"harmonicAverageSpeed":31.4,"medianSpeed":40.0,"averageSpeed":39.2,"standardDeviationSpeed":12.9,"travelTimeStandardDeviation":2.58,"sampleSize":4499,"normalizedSampleSize":0.4447,"averageTravelTime":1.76,"medianTravelTime":1.39,"travelTimeRatio":1.45,"speedPercentiles":[15,21,25,28,31,34,35,37,39,40,42,43,45,46,48,50,52,55,59]},{"timeSet":12,"dateRange":1,"harmonicAverageSpeed":32.8,"medianSpeed":40.0,"averageSpeed":39.6,"standardDeviationSpeed":12.8,"travelTimeStandardDeviation":1.46,"sampleSize":3993,"normalizedSampleSize":0.3947,"averageTravelTime":1.69,"medianTravelTime":1.39,"travelTimeRatio":1.39,"speedPercentiles":[16,22,26,30,32,34,36,38,39,40,42,43,45,46,48,50,52,55,59]},{"timeSet":13,"dateRange":1,"harmonicAverageSpeed":27.6,"medianSpeed":38.0,"averageSpeed":36.9,"standardDeviationSpeed":13.4,"travelTimeStandardDeviation":2.5,"sampleSize":4457,"normalizedSampleSize":0.4406,"averageTravelTime":2.01,"medianTravelTime":1.46,"travelTimeRatio":1.66,"speedPercentiles":[13,18,22,26,29,31,33,35,37,38,40,41,43,44,46,48,50,53,57]},{"timeSet":14,"dateRange":1,"harmonicAverageSpeed":18.9,"medianSpeed":32.0,"averageSpeed":31.6,"standardDeviationSpeed":14.4,"travelTimeStandardDeviation":4.98,"sampleSize":4894,"normalizedSampleSize":0.4838,"averageTravelTime":2.93,"medianTravelTime":1.73,"travelTimeRatio":2.42,"speedPercentiles":[8,12,15,18,21,23,26,28,30,32,35,37,38,40,42,44,47,50,54]},{"timeSet":15,"dateRange":1,"harmonicAverageSpeed":18.6,"medianSpeed":31.0,"averageSpeed":30.5,"standardDeviationSpeed":14.2,"travelTimeStandardDeviation":4.75,"sampleSize":5440,"normalizedSampleSize":0.5378,"averageTravelTime":2.98,"medianTravelTime":1.79,"travelTimeRatio":2.45,"speedPercentiles":[8,11,14,17,19,22,24,27,29,31,33,35,37,39,41,43,45,49,53]},{"timeSet":16,"dateRange":1,"harmonicAverageSpeed":18.1,"medianSpeed":30.0,"averageSpeed":30.2,"standardDeviationSpeed":14.7,"travelTimeStandardDeviation":4.77,"sampleSize":5948,"normalizedSampleSize":0.588,"averageTravelTime":3.07,"medianTravelTime":1.85,"travelTimeRatio":2.53,"speedPercentiles":[7,11,14,16,18,21,23,26,28,30,33,35,37,39,41,43,46,49,54]},{"timeSet":17,"dateRange":1,"harmonicAverageSpeed":18.3,"medianSpeed":30.0,"averageSpeed":29.8,"standardDeviationSpeed":13.8,"travelTimeStandardDeviation":4.75,"sampleSize":5313,"normalizedSampleSize":0.5252,"averageTravelTime":3.03,"medianTravelTime":1.85,"travelTimeRatio":2.5,"speedPercentiles":[8,12,14,17,19,21,24,26,28,30,32,34,36,38,40,42,44,47,52]},{"timeSet":18,"dateRange":1,"harmonicAverageSpeed":21.7,"medianSpeed":29.0,"averageSpeed":29.2,"standardDeviationSpeed":12.4,"travelTimeStandardDeviation":2.72,"sampleSize":5638,"normalizedSampleSize":0.5573,"averageTravelTime":2.55,"medianTravelTime":1.91,"travelTimeRatio":2.1,"speedPercentiles":[10,14,16,18,20,22,23,25,27,29,30,32,34,36,38,40,43,46,50]},{"timeSet":19,"dateRange":1,"harmonicAverageSpeed":22.6,"medianSpeed":29.0,"averageSpeed":29.3,"standardDeviationSpeed":11.9,"travelTimeStandardDeviation":2.25,"sampleSize":5916,"normalizedSampleSize":0.5848,"averageTravelTime":2.45,"medianTravelTime":1.91,"travelTimeRatio":2.02,"speedPercentiles":[11,14,17,19,21,22,24,25,27,29,30,32,34,36,38,40,42,45,49]},{"timeSet":20,"dateRange":1,"harmonicAverageSpeed":17.6,"medianSpeed":23.0,"averageSpeed":24.7,"standardDeviationSpeed":11.6,"travelTimeStandardDeviation":3.59,"sampleSize":6600,"normalizedSampleSize":0.6524,"averageTravelTime":3.15,"medianTravelTime":2.41,"travelTimeRatio":2.6,"speedPercentiles":[8,11,13,15,16,18,19,20,22,23,25,26,28,30,32,34,37,40,45]},{"timeSet":21,"dateRange":1,"harmonicAverageSpeed":20.9,"medianSpeed":27.0,"averageSpeed":27.9,"standardDeviationSpeed":11.7,"travelTimeStandardDeviation":2.93,"sampleSize":6575,"normalizedSampleSize":0.65,"averageTravelTime":2.65,"medianTravelTime":2.05,"travelTimeRatio":2.19,"speedPercentiles":[10,14,16,18,19,21,22,24,25,27,29,30,32,34,36,38,41,43,48]},{"timeSet":22,"dateRange":1,"harmonicAverageSpeed":27.9,"medianSpeed":35.0,"averageSpeed":35.0,"standardDeviationSpeed":12.6,"travelTimeStandardDeviation":2.07,"sampleSize":5267,"normalizedSampleSize":0.5207,"averageTravelTime":1.99,"medianTravelTime":1.58,"travelTimeRatio":1.64,"speedPercentiles":[14,18,22,24,27,28,30,32,34,35,37,38,40,42,43,45,48,51,56]},{"timeSet":23,"dateRange":1,"harmonicAverageSpeed":40.3,"medianSpeed":47.0,"averageSpeed":46.2,"standardDeviationSpeed":13.1,"travelTimeStandardDeviation":1.03,"sampleSize":2974,"normalizedSampleSize":0.294,"averageTravelTime":1.38,"medianTravelTime":1.18,"travelTimeRatio":1.13,"speedPercentiles":[21,29,34,37,39,41,43,44,45,47,48,49,51,53,54,57,59,62,66]},{"timeSet":24,"dateRange":1,"harmonicAverageSpeed":41.5,"medianSpeed":47.0,"averageSpeed":47.3,"standardDeviationSpeed":13.1,"travelTimeStandardDeviation":1.1,"sampleSize":2874,"normalizedSampleSize":0.2841,"averageTravelTime":1.34,"medianTravelTime":1.18,"travelTimeRatio":1.1,"speedPercentiles":[24,31,35,38,40,42,44,45,46,47,49,50,52,53,55,57,59,62,68]},{"timeSet":25,"dateRange":1,"harmonicAverageSpeed":39.6,"medianSpeed":46.0,"averageSpeed":45.4,"standardDeviationSpeed":13.2,"travelTimeStandardDeviation":1.07,"sampleSize":3412,"normalizedSampleSize":0.3373,"averageTravelTime":1.4,"medianTravelTime":1.21,"travelTimeRatio":1.15,"speedPercentiles":[21,28,33,36,38,40,41,43,44,46,47,49,50,52,54,56,58,61,66]}]}},{"type":"Feature","geometry":{"type":"LineString","coordinates":[[12.46939,41.94594],[12.46944,41.94605]]},"properties":{"segmentId":13800007410723,"newSegmentId":"00004931-3600-0400-0000-0000015d7bac","speedLimit":50,"frc":2,"streetName":"Corso di Francia","distance":12.61,"segmentTimeResults":[{"timeSet":2,"dateRange":1,"harmonicAverageSpeed":45.1,"medianSpeed":50.0,"averageSpeed":50.7,"standardDeviationSpeed":13.7,"travelTimeStandardDeviation":0.58,"sampleSize":1769,"normalizedSampleSize":0.1749,"averageTravelTime":1.01,"medianTravelTime":0.91,"travelTimeRatio":1.0,"speedPercentiles":[27,34,39,41,43,45,46,48,49,50,52,53,55,57,58,61,64,68,74]},{"timeSet":3,"dateRange":1,"harmonicAverageSpeed":49.8,"medianSpeed":56.0,"averageSpeed":55.8,"standardDeviationSpeed":15.1,"travelTimeStandardDeviation":0.48,"sampleSize":906,"normalizedSampleSize":0.0896,"averageTravelTime":0.91,"medianTravelTime":0.81,"travelTimeRatio":0.9,"speedPercentiles":[29,38,42,44,47,49,51,52,54,56,57,59,61,63,65,67,70,74,80]},{"timeSet":4,"dateRange":1,"harmonicAverageSpeed":46.4,"medianSpeed":57.0,"averageSpeed":56.6,"standardDeviationSpeed":16.8,"travelTimeStandardDeviation":1.37,"sampleSize":483,"normalizedSampleSize":0.0477,"averageTravelTime":0.98,"medianTravelTime":0.8,"travelTimeRatio":0.97,"speedPercentiles":[27,36,41,45,47,50,52,53,55,57,58,60,62,64,68,69,73,77,85]},{"timeSet":5,"dateRange":1,"harmonicAverageSpeed":48.6,"medianSpeed":57.0,"averageSpeed":56.7,"standardDeviationSpeed":17.1,"travelTimeStandardDeviation":0.63,"sampleSize":264,"normalizedSampleSize":0.0261,"averageTravelTime":0.93,"medianTravelTime":0.8,"travelTimeRatio":0.93,"speedPercentiles":[31,34,39,43,46,49,51,53,55,57,59,61,64,66,67,69,73,78,83]},{"timeSet":6,"dateRange":1,"harmonicAverageSpeed":46.9,"medianSpeed":57.0,"averageSpeed":57.6,"standardDeviationSpeed":16.9,"travelTimeStandardDeviation":1.17,"sampleSize":263,"normalizedSampleSize":0.026,"averageTravelTime":0.97,"medianTravelTime":0.8,"travelTimeRatio":0.96,"speedPercentiles":[30,38,42,47,49,50,52,54,56,57,59,60,63,66,68,71,74,78,85]},{"timeSet":7,"dateRange":1,"harmonicAverageSpeed":48.3,"medianSpeed":55.0,"averageSpeed":54.6,"standardDeviationSpeed":15.7,"travelTimeStandardDeviation":0.45,"sampleSize":364,"normalizedSampleSize":0.036,"averageTravelTime":0.94,"medianTravelTime":0.83,"travelTimeRatio":0.93,"speedPercentiles":[28,34,40,43,45,47,49,51,53,55,57,59,61,63,65,67,70,75,80]},{"timeSet":8,"dateRange":1,"harmonicAverageSpeed":46.6,"medianSpeed":52.0,"averageSpeed":51.5,"standardDeviationSpeed":13.1,"travelTimeStandardDeviation":0.46,"sampleSize":982,"normalizedSampleSize":0.0971,"averageTravelTime":0.98,"medianTravelTime":0.87,"travelTimeRatio":0.97,"speedPercentiles":[29,36,39,42,45,46,47,49,50,52,53,55,56,58,59,62,64,67,72]},{"timeSet":9,"dateRange":1,"harmonicAverageSpeed":35.4,"medianSpeed":43.0,"averageSpeed":42.3,"standardDeviationSpeed":12.9,"travelTimeStandardDeviation":1.26,"sampleSize":2665,"normalizedSampleSize":0.2634,"averageTravelTime":1.28,"medianTravelTime":1.06,"travelTimeRatio":1.27,"speedPercentiles":[19,24,29,32,35,37,39,40,42,43,45,46,48,49,51,52,54,58,63]},{"timeSet":10,"dateRange":1,"harmonicAverageSpeed":22.3,"medianSpeed":33.0,"averageSpeed":32.6,"standardDeviationSpeed":13.4,"travelTimeStandardDeviation":3.25,"sampleSize":5867,"normalizedSampleSize":0.58,"averageTravelTime":2.04,"medianTravelTime":1.38,"travelTimeRatio":2.02,"speedPercentiles":[10,15,18,20,23,25,27,29,31,33,35,37,38,40,42,44,47,50,54]},{"timeSet":11,"dateRange":1,"harmonicAverageSpeed":30.2,"medianSpeed":39.0,"averageSpeed":38.3,"standardDeviationSpeed":12.9,"travelTimeStandardDeviation":3.08,"sampleSize":4500,"normalizedSampleSize":0.4448,"averageTravelTime":1.5,"medianTravelTime":1.16,"travelTimeRatio":1.49,"speedPercentiles":[15,20,24,28,30,32,34,36,38,39,41,42,44,45,47,49,51,54,58]},{"timeSet":12,"dateRange":1,"harmonicAverageSpeed":31.2,"medianSpeed":40.0,"averageSpeed":38.7,"standardDeviationSpeed":12.8,"travelTimeStandardDeviation":1.68,"sampleSize":3998,"normalizedSampleSize":0.3952,"averageTravelTime":1.46,"medianTravelTime":1.13,"travelTimeRatio":1.45,"speedPercentiles":[16,21,25,29,31,33,35,37,38,40,41,42,44,45,47,49,51,54,58]},{"timeSet":13,"dateRange":1,"harmonicAverageSpeed":25.7,"medianSpeed":37.0,"averageSpeed":35.9,"standardDeviationSpeed":13.4,"travelTimeStandardDeviation":2.7,"sampleSize":4456,"normalizedSampleSize":0.4405,"averageTravelTime":1.77,"medianTravelTime":1.23,"travelTimeRatio":1.75,"speedPercentiles":[12,17,21,24,27,30,32,34,36,37,39,40,42,43,45,47,49,52,56]},{"timeSet":14,"dateRange":1,"harmonicAverageSpeed":18.4,"medianSpeed":31.0,"averageSpeed":30.8,"standardDeviationSpeed":14.1,"travelTimeStandardDeviation":4.43,"sampleSize":4889,"normalizedSampleSize":0.4833,"averageTravelTime":2.47,"medianTravelTime":1.46,"travelTimeRatio":2.45,"speedPercentiles":[8,12,15,18,20,22,25,27,29,31,33,36,37,39,41,43,46,49,54]},{"timeSet":15,"dateRange":1,"harmonicAverageSpeed":17.1,"medianSpeed":30.0,"averageSpeed":29.8,"standardDeviationSpeed":14.0,"travelTimeStandardDeviation":4.91,"sampleSize":5433,"normalizedSampleSize":0.5371,"averageTravelTime":2.66,"medianTravelTime":1.51,"travelTimeRatio":2.64,"speedPercentiles":[7,11,14,17,19,21,23,26,28,30,32,34,36,38,40,42,45,48,52]},{"timeSet":16,"dateRange":1,"harmonicAverageSpeed":16.9,"medianSpeed":29.0,"averageSpeed":29.5,"standardDeviationSpeed":14.5,"travelTimeStandardDeviation":4.69,"sampleSize":5930,"normalizedSampleSize":0.5862,"averageTravelTime":2.68,"medianTravelTime":1.57,"travelTimeRatio":2.66,"speedPercentiles":[7,11,13,16,18,20,22,25,27,29,32,34,36,38,40,43,45,48,53]},{"timeSet":17,"dateRange":1,"harmonicAverageSpeed":17.2,"medianSpeed":29.0,"averageSpeed":28.9,"standardDeviationSpeed":13.7,"travelTimeStandardDeviation":4.24,"sampleSize":5306,"normalizedSampleSize":0.5245,"averageTravelTime":2.64,"medianTravelTime":1.57,"travelTimeRatio":2.62,"speedPercentiles":[7,11,14,17,19,21,23,25,27,29,31,33,35,37,39,41,43,46,51]},{"timeSet":18,"dateRange":1,"harmonicAverageSpeed":21.8,"medianSpeed":28.0,"averageSpeed":28.9,"standardDeviationSpeed":12.2,"travelTimeStandardDeviation":2.21,"sampleSize":5627,"normalizedSampleSize":0.5562,"averageTravelTime":2.09,"medianTravelTime":1.62,"travelTimeRatio":2.07,"speedPercentiles":[11,14,16,18,20,22,23,25,27,28,30,32,33,35,37,40,42,45,49]},{"timeSet":19,"dateRange":1,"harmonicAverageSpeed":22.2,"medianSpeed":28.0,"averageSpeed":28.8,"standardDeviationSpeed":11.6,"travelTimeStandardDeviation":2.08,"sampleSize":5911,"normalizedSampleSize":0.5843,"averageTravelTime":2.05,"medianTravelTime":1.62,"travelTimeRatio":2.03,"speedPercentiles":[11,14,17,19,20,22,23,25,27,28,30,31,33,35,37,39,41,44,49]},{"timeSet":20,"dateRange":1,"harmonicAverageSpeed":17.2,"medianSpeed":23.0,"averageSpeed":24.4,"standardDeviationSpeed":11.3,"travelTimeStandardDeviation":3.2,"sampleSize":6603,"normalizedSampleSize":0.6527,"averageTravelTime":2.64,"medianTravelTime":1.97,"travelTimeRatio":2.62,"speedPercentiles":[8,11,13,15,16,18,19,20,22,23,25,26,27,29,31,33,36,40,44]},{"timeSet":21,"dateRange":1,"harmonicAverageSpeed":20.2,"medianSpeed":27.0,"averageSpeed":27.5,"standardDeviationSpeed":11.6,"travelTimeStandardDeviation":2.7,"sampleSize":6564,"normalizedSampleSize":0.6489,"averageTravelTime":2.25,"medianTravelTime":1.68,"travelTimeRatio":2.23,"speedPercentiles":[10,13,15,17,19,21,22,24,25,27,28,30,31,33,35,37,40,43,48]},{"timeSet":22,"dateRange":1,"harmonicAverageSpeed":27.8,"medianSpeed":35.0,"averageSpeed":34.6,"standardDeviationSpeed":12.5,"travelTimeStandardDeviation":1.77,"sampleSize":5270,"normalizedSampleSize":0.521,"averageTravelTime":1.64,"medianTravelTime":1.3,"travelTimeRatio":1.62,"speedPercentiles":[14,18,21,24,26,28,30,32,33,35,36,38,39,41,43,45,47,50,55]},{"timeSet":23,"dateRange":1,"harmonicAverageSpeed":40.0,"medianSpeed":46.0,"averageSpeed":45.8,"standardDeviationSpeed":13.1,"travelTimeStandardDeviation":0.67,"sampleSize":2970,"normalizedSampleSize":0.2936,"averageTravelTime":1.13,"medianTravelTime":0.99,"travelTimeRatio":1.13,"speedPercentiles":[21,29,34,37,39,41,42,43,45,46,48,49,51,52,54,56,58,61,66]},{"timeSet":24,"dateRange":1,"harmonicAverageSpeed":41.1,"medianSpeed":47.0,"averageSpeed":46.9,"standardDeviationSpeed":13.0,"travelTimeStandardDeviation":0.85,"sampleSize":2866,"normalizedSampleSize":0.2833,"averageTravelTime":1.11,"medianTravelTime":0.97,"travelTimeRatio":1.1,"speedPercentiles":[24,31,35,37,40,42,43,45,46,47,48,50,51,53,54,57,59,62,67]},{"timeSet":25,"dateRange":1,"harmonicAverageSpeed":39.8,"medianSpeed":45.0,"averageSpeed":45.0,"standardDeviationSpeed":13.0,"travelTimeStandardDeviation":0.59,"sampleSize":3416,"normalizedSampleSize":0.3377,"averageTravelTime":1.14,"medianTravelTime":1.01,"travelTimeRatio":1.13,"speedPercentiles":[22,28,32,35,37,39,41,42,44,45,47,48,50,51,53,55,57,61,66]}]}}]}