{"type":"FeatureCollection","features":[{"type":"Feature","geometry":null,"properties":{"jobName":"Corso Francia_MC","creationTime":"2026-02-19T14:26:07.180291375Z","userPreference":{"distanceUnit":"KILOMETERS","includedSpeedLimits":"ALL"},"dateRanges":[{"@id":1,"name":"Corso Francia","from":"2026-02-01","to":"2026-02-15","exclusions":[],"excludedDaysOfWeek":["SATURDAY","SUNDAY"]}],"timeSets":[{"@id":2,"name":"0:00-1:00","dayToTimeRanges":[{"dayOfWeek":"MONDAY","timeRanges":["00:00-01:00"]},{"dayOfWeek":"TUESDAY","timeRanges":["00:00-01:00"]},{"dayOfWeek":"WEDNESDAY","timeRanges":["00:00-01:00"]},{"dayOfWeek":"THURSDAY","timeRanges":["00:00-01:00"]},{"dayOfWeek":"FRIDAY","timeRanges":["00:00-01:00"]},{"dayOfWeek":"SATURDAY","timeRanges":["00:00-01:00"]},{"dayOfWeek":"SUNDAY","timeRanges":["00:00-01:00"]}]},{"@id":3,"name":"1:00-2:00","dayToTimeRanges":[{"dayOfWeek":"MONDAY","timeRanges":["01:00-02:00"]},{"dayOfWeek":"TUESDAY","timeRanges":["01:00-02:00"]},{"dayOfWeek":"WEDNESDAY","timeRanges":["01:00-02:00"]},{"dayOfWeek":"THURSDAY","timeRanges":["01:00-02:00"]},{"dayOfWeek":"FRIDAY","timeRanges":["01:00-02:00"]},{"dayOfWeek":"SATURDAY","timeRanges":["01:00-02:00"]},{"dayOfWeek":"SUNDAY","timeRanges":["01:00-02:00"]}]},{"@id":4,"name":"2:00-3:00","dayToTimeRanges":[{"dayOfWeek":"MONDAY","timeRanges":["02:00-03:00"]},{"dayOfWeek":"TUESDAY","timeRanges":["02:00-03:00"]},{"dayOfWeek":"WEDNESDAY","timeRanges":["02:00-03:00"]},{"dayOfWeek":"THURSDAY","timeRanges":["02:00-03:00"]},{"dayOfWeek":"FRIDAY","timeRanges":["02:00-03:00"]},{"dayOfWeek":"SATURDAY","timeRanges":["02:00-03:00"]},{"dayOfWeek":"SUNDAY","timeRanges":["02:00-03:00"]}]},{"@id":5,"name":"3:00-4:00","dayToTimeRanges":[{"dayOfWeek":"MONDAY","timeRanges":["03:00-04:00"]},{"dayOfWeek":"TUESDAY","timeRanges":["03:00-04:00"]},{"dayOfWeek":"WEDNESDAY","timeRanges":["03:00-04:00"]},{"dayOfWeek":"THURSDAY","timeRanges":["03:00-04:00"]},{"dayOfWeek":"FRIDAY","timeRanges":["03:00-04:00"]},{"dayOfWeek":"SATURDAY","timeRanges":["03:00-04:00"]},{"dayOfWeek":"SUNDAY","timeRanges":["03:00-04:00"]}]},{"@id":6,"name":"4:00-5:00","dayToTimeRanges":[{"dayOfWeek":"MONDAY","timeRanges":["04:00-05:00"]},{"dayOfWeek":"TUESDAY","timeRanges":["04:00-05:00"]},{"dayOfWeek":"WEDNESDAY","timeRanges":["04:00-05:00"]},{"dayOfWeek":"THURSDAY","timeRanges":["04:00-05:00"]},{"dayOfWeek":"FRIDAY","timeRanges":["04:00-05:00"]},{"dayOfWeek":"SATURDAY","timeRanges":["04:00-05:00"]},{"dayOfWeek":"SUNDAY","timeRanges":["04:00-05:00"]}]},{"@id":7,"name":"5:00-6:00","dayToTimeRanges":[{"dayOfWeek":"MONDAY","timeRanges":["05:00-06:00"]},{"dayOfWeek":"TUESDAY","timeRanges":["05:00-06:00"]},{"dayOfWeek":"WEDNESDAY","timeRanges":["05:00-06:00"]},{"dayOfWeek":"THURSDAY","timeRanges":["05:00-06:00"]},{"dayOfWeek":"FRIDAY","timeRanges":["05:00-06:00"]},{"dayOfWeek":"SATURDAY","timeRanges":["05:00-06:00"]},{"dayOfWeek":"SUNDAY","timeRanges":["05:00-06:00"]}]},{"@id":8,"name":"6:00-7:00","dayToTimeRanges":[{"dayOfWeek":"MONDAY","timeRanges":["06:00-07:00"]},{"dayOfWeek":"TUESDAY","timeRanges":["06:00-07:00"]},{"dayOfWeek":"WEDNESDAY","timeRanges":["06:00-07:00"]},{"dayOfWeek":"THURSDAY","timeRanges":["06:00-07:00"]},{"dayOfWeek":"FRIDAY","timeRanges":["06:00-07:00"]},{"dayOfWeek":"SATURDAY","timeRanges":["06:00-07:00"]},{"dayOfWeek":"SUNDAY","timeRanges":["06:00-07:00"]}]},{"@id":9,"name":"7:00-8:00","dayToTimeRanges":[{"dayOfWeek":"MONDAY","timeRanges":["07:00-08:00"]},{"dayOfWeek":"TUESDAY","timeRanges":["07:00-08:00"]},{"dayOfWeek":"WEDNESDAY","timeRanges":["07:00-08:00"]},{"dayOfWeek":"THURSDAY","timeRanges":["07:00-08:00"]},{"dayOfWeek":"FRIDAY","timeRanges":["07:00-08:00"]},{"dayOfWeek":"SATURDAY","timeRanges":["07:00-08:00"]},{"dayOfWeek":"SUNDAY","timeRanges":["07:00-08:00"]}]},{"@id":10,"name":"8:00-9:00","dayToTimeRanges":[{"dayOfWeek":"MONDAY","timeRanges":["08:00-09:00"]},{"dayOfWeek":"TUESDAY","timeRanges":["08:00-09:00"]},{"dayOfWeek":"WEDNESDAY","timeRanges":["08:00-09:00"]},{"dayOfWeek":"THURSDAY","timeRanges":["08:00-09:00"]},{"dayOfWeek":"FRIDAY","timeRanges":["08:00-09:00"]},{"dayOfWeek":"SATURDAY","timeRanges":["08:00-09:00"]},{"dayOfWeek":"SUNDAY","timeRanges":["08:00-09:00"]}]},{"@id":11,"name":"9:00-10:00","dayToTimeRanges":[{"dayOfWeek":"MONDAY","timeRanges":["09:00-10:00"]},{"dayOfWeek":"TUESDAY","timeRanges":["09:00-10:00"]},{"dayOfWeek":"WEDNESDAY","timeRanges":["09:00-10:00"]},{"dayOfWeek":"THURSDAY","timeRanges":["09:00-10:00"]},{"dayOfWeek":"FRIDAY","timeRanges":["09:00-10:00"]},{"dayOfWeek":"SATURDAY","timeRanges":["09:00-10:00"]},{"dayOfWeek":"SUNDAY","timeRanges":["09:00-10:00"]}]},{"@id":12,"name":"10:00-11:00","dayToTimeRanges":[{"dayOfWeek":"MONDAY","timeRanges":["10:00-11:00"]},{"dayOfWeek":"TUESDAY","timeRanges":["10:00-11:00"]},{"dayOfWeek":"WEDNESDAY","timeRanges":["10:00-11:00"]},{"dayOfWeek":"THURSDAY","timeRanges":["10:00-11:00"]},{"dayOfWeek":"FRIDAY","timeRanges":["10:00-11:00"]},{"dayOfWeek":"SATURDAY","timeRanges":["10:00-11:00"]},{"dayOfWeek":"SUNDAY","timeRanges":["10:00-11:00"]}]},{"@id":13,"name":"11:00-12:00","dayToTimeRanges":[{"dayOfWeek":"MONDAY","timeRanges":["11:00-12:00"]},{"dayOfWeek":"TUESDAY","timeRanges":["11:00-12:00"]},{"dayOfWeek":"WEDNESDAY","timeRanges":["11:00-12:00"]},{"dayOfWeek":"THURSDAY","timeRanges":["11:00-12:00"]},{"dayOfWeek":"FRIDAY","timeRanges":["11:00-12:00"]},{"dayOfWeek":"SATURDAY","timeRanges":["11:00-12:00"]},{"dayOfWeek":"SUNDAY","timeRanges":["11:00-12:00"]}]},{"@id":14,"name":"12:00-13:00","dayToTimeRanges":[{"dayOfWeek":"MONDAY","timeRanges":["12:00-13:00"]},{"dayOfWeek":"TUESDAY","timeRanges":["12:00-13:00"]},{"dayOfWeek":"WEDNESDAY","timeRanges":["12:00-13:00"]},{"dayOfWeek":"THURSDAY","timeRanges":["12:00-13:00"]},{"dayOfWeek":"FRIDAY","timeRanges":["12:00-13:00"]},{"dayOfWeek":"SATURDAY","timeRanges":["12:00-13:00"]},{"dayOfWeek":"SUNDAY","timeRanges":["12:00-13:00"]}]},{"@id":15,"name":"13:00-14:00","dayToTimeRanges":[{"dayOfWeek":"MONDAY","timeRanges":["13:00-14:00"]},{"dayOfWeek":"TUESDAY","timeRanges":["13:00-14:00"]},{"dayOfWeek":"WEDNESDAY","timeRanges":["13:00-14:00"]},{"dayOfWeek":"THURSDAY","timeRanges":["13:00-14:00"]},{"dayOfWeek":"FRIDAY","timeRanges":["13:00-14:00"]},{"dayOfWeek":"SATURDAY","timeRanges":["13:00-14:00"]},{"dayOfWeek":"SUNDAY","timeRanges":["13:00-14:00"]}]},{"@id":16,"name":"14:00-15:00","dayToTimeRanges":[{"dayOfWeek":"MONDAY","timeRanges":["14:00-15:00"]},{"dayOfWeek":"TUESDAY","timeRanges":["14:00-15:00"]},{"dayOfWeek":"WEDNESDAY","timeRanges":["14:00-15:00"]},{"dayOfWeek":"THURSDAY","timeRanges":["14:00-15:00"]},{"dayOfWeek":"FRIDAY","timeRanges":["14:00-15:00"]},{"dayOfWeek":"SATURDAY","timeRanges":["14:00-15:00"]},{"dayOfWeek":"SUNDAY","timeRanges":["14:00-15:00"]}]},{"@id":17,"name":"15:00-16:00","dayToTimeRanges":[{"dayOfWeek":"MONDAY","timeRanges":["15:00-16:00"]},{"dayOfWeek":"TUESDAY","timeRanges":["15:00-16:00"]},{"dayOfWeek":"WEDNESDAY","timeRanges":["15:00-16:00"]},{"dayOfWeek":"THURSDAY","timeRanges":["15:00-16:00"]},{"dayOfWeek":"FRIDAY","timeRanges":["15:00-16:00"]},{"dayOfWeek":"SATURDAY","timeRanges":["15:00-16:00"]},{"dayOfWeek":"SUNDAY","timeRanges":["15:00-16:00"]}]},{"@id":18,"name":"16:00-17:00","dayToTimeRanges":[{"dayOfWeek":"MONDAY","timeRanges":["16:00-17:00"]},{"dayOfWeek":"TUESDAY","timeRanges":["16:00-17:00"]},{"dayOfWeek":"WEDNESDAY","timeRanges":["16:00-17:00"]},{"dayOfWeek":"THURSDAY","timeRanges":["16:00-17:00"]},{"dayOfWeek":"FRIDAY","timeRanges":["16:00-17:00"]},{"dayOfWeek":"SATURDAY","timeRanges":["16:00-17:00"]},{"dayOfWeek":"SUNDAY","timeRanges":["16:00-17:00"]}]},{"@id":19,"name":"17:00-18:00","dayToTimeRanges":[{"dayOfWeek":"MONDAY","timeRanges":["17:00-18:00"]},{"dayOfWeek":"TUESDAY","timeRanges":["17:00-18:00"]},{"dayOfWeek":"WEDNESDAY","timeRanges":["17:00-18:00"]},{"dayOfWeek":"THURSDAY","timeRanges":["17:00-18:00"]},{"dayOfWeek":"FRIDAY","timeRanges":["17:00-18:00"]},{"dayOfWeek":"SATURDAY","timeRanges":["17:00-18:00"]},{"dayOfWeek":"SUNDAY","timeRanges":["17:00-18:00"]}]},{"@id":20,"name":"18:00-19:00","dayToTimeRanges":[{"dayOfWeek":"MONDAY","timeRanges":["18:00-19:00"]},{"dayOfWeek":"TUESDAY","timeRanges":["18:00-19:00"]},{"dayOfWeek":"WEDNESDAY","timeRanges":["18:00-19:00"]},{"dayOfWeek":"THURSDAY","timeRanges":["18:00-19:00"]},{"dayOfWeek":"FRIDAY","timeRanges":["18:00-19:00"]},{"dayOfWeek":"SATURDAY","timeRanges":["18:00-19:00"]},{"dayOfWeek":"SUNDAY","timeRanges":["18:00-19:00"]}]},{"@id":21,"name":"19:00-20:00","dayToTimeRanges":[{"dayOfWeek":"MONDAY","timeRanges":["19:00-20:00"]},{"dayOfWeek":"TUESDAY","timeRanges":["19:00-20:00"]},{"dayOfWeek":"WEDNESDAY","timeRanges":["19:00-20:00"]},{"dayOfWeek":"THURSDAY","timeRanges":["19:00-20:00"]},{"dayOfWeek":"FRIDAY","timeRanges":["19:00-20:00"]},{"dayOfWeek":"SATURDAY","timeRanges":["19:00-20:00"]},{"dayOfWeek":"SUNDAY","timeRanges":["19:00-20:00"]}]},{"@id":22,"name":"20:00-21:00","dayToTimeRanges":[{"dayOfWeek":"MONDAY","timeRanges":["20:00-21:00"]},{"dayOfWeek":"TUESDAY","timeRanges":["20:00-21:00"]},{"dayOfWeek":"WEDNESDAY","timeRanges":["20:00-21:00"]},{"dayOfWeek":"THURSDAY","timeRanges":["20:00-21:00"]},{"dayOfWeek":"FRIDAY","timeRanges":["20:00-21:00"]},{"dayOfWeek":"SATURDAY","timeRanges":["20:00-21:00"]},{"dayOfWeek":"SUNDAY","timeRanges":["20:00-21:00"]}]},{"@id":23,"name":"21:00-22:00","dayToTimeRanges":[{"dayOfWeek":"MONDAY","timeRanges":["21:00-22:00"]},{"dayOfWeek":"TUESDAY","timeRanges":["21:00-22:00"]},{"dayOfWeek":"WEDNESDAY","timeRanges":["21:00-22:00"]},{"dayOfWeek":"THURSDAY","timeRanges":["21:00-22:00"]},{"dayOfWeek":"FRIDAY","timeRanges":["21:00-22:00"]},{"dayOfWeek":"SATURDAY","timeRanges":["21:00-22:00"]},{"dayOfWeek":"SUNDAY","timeRanges":["21:00-22:00"]}]},{"@id":24,"name":"22:00-23:00","dayToTimeRanges":[{"dayOfWeek":"MONDAY","timeRanges":["22:00-23:00"]},{"dayOfWeek":"TUESDAY","timeRanges":["22:00-23:00"]},{"dayOfWeek":"WEDNESDAY","timeRanges":["22:00-23:00"]},{"dayOfWeek":"THURSDAY","timeRanges":["22:00-23:00"]},{"dayOfWeek":"FRIDAY","timeRanges":["22:00-23:00"]},{"dayOfWeek":"SATURDAY","timeRanges":["22:00-23:00"]},{"dayOfWeek":"SUNDAY","timeRanges":["22:00-23:00"]}]},{"@id":25,"name":"23:00-24:00","dayToTimeRanges":[{"dayOfWeek":"MONDAY","timeRanges":["23:00-24:00"]},{"dayOfWeek":"TUESDAY","timeRanges":["23:00-24:00"]},{"dayOfWeek":"WEDNESDAY","timeRanges":["23:00-24:00"]},{"dayOfWeek":"THURSDAY","timeRanges":["23:00-24:00"]},{"dayOfWeek":"FRIDAY","timeRanges":["23:00-24:00"]},{"dayOfWeek":"SATURDAY","timeRanges":["23:00-24:00"]},{"dayOfWeek":"SUNDAY","timeRanges":["23:00-24:00"]}]}],"routeName":"Corso Francia_Dir. Centro","zoneId":"Europe/Rome","probeSource":"ALL","fullTraversal":false,"mapsVersions":["SouthWestEurope_eur2025.12.000-22.395-0 DSEG_NOSPLIT"],"summaries":[{"dateRange":1,"timeSet":2,"distance":2640.58,"coveredDistance":2640.58,"averageSampleSize":804.64,"harmonicAverageSpeed":42.84,"averageTravelTime":221.89,"medianTravelTime":162.23,"averageTravelTimeRatio":1.0,"planningTimeIndex":2.31,"travelTimePercentiles":[107.31,116.97,124.48,129.89,135.07,139.78,144.79,149.93,155.84,162.23,170.14,178.85,190.65,206.37,229.1,267.04,320.48,394.36,511.49],"speedPercentiles":[18.58,24.11,29.66,35.6,41.49,46.06,49.86,53.15,55.87,58.6,61.0,63.4,65.65,68.01,70.38,73.18,76.36,81.27,88.58]},{"dateRange":1,"timeSet":3,"distance":2640.58,"coveredDistance":2640.58,"averageSampleSize":464.59,"harmonicAverageSpeed":44.18,"averageTravelTime":215.15,"medianTravelTime":160.8,"averageTravelTimeRatio":0.97,"planningTimeIndex":2.23,"travelTimePercentiles":[104.41,115.48,123.29,129.81,134.67,140.13,145.22,149.85,155.26,160.8,167.78,174.89,186.83,200.21,222.0,257.48,309.19,372.69,494.48],"speedPercentiles":[19.22,25.51,30.75,36.92,42.82,47.48,50.88,54.36,56.66,59.12,61.23,63.44,65.46,67.84,70.59,73.23,77.11,82.32,91.05]},{"dateRange":1,"timeSet":4,"distance":2640.58,"coveredDistance":2640.58,"averageSampleSize":222.51,"harmonicAverageSpeed":43.22,"averageTravelTime":219.97,"medianTravelTime":162.08,"averageTravelTimeRatio":0.99,"planningTimeIndex":2.23,"travelTimePercentiles":[105.97,115.12,122.48,128.05,133.82,139.56,145.22,150.34,156.0,162.08,168.92,177.03,187.18,201.9,225.24,257.66,318.0,389.48,495.72],"speedPercentiles":[19.18,24.41,29.89,36.89,42.2,47.08,50.78,53.7,56.28,58.65,60.94,63.23,65.46,68.12,71.04,74.23,77.61,82.57,89.71]},{"dateRange":1,"timeSet":5,"distance":2640.58,"coveredDistance":2640.58,"averageSampleSize":134.78,"harmonicAverageSpeed":46.54,"averageTravelTime":204.25,"medianTravelTime":156.21,"averageTravelTimeRatio":0.92,"planningTimeIndex":2.1,"travelTimePercentiles":[104.77,113.78,119.6,125.51,129.59,134.53,139.26,144.74,149.81,156.21,163.1,170.52,179.28,192.86,216.81,247.34,298.13,363.52,466.56],"speedPercentiles":[20.37,26.15,31.89,38.43,43.84,49.29,53.02,55.75,58.28,60.86,63.45,65.68,68.26,70.66,73.35,75.74,79.49,83.55,90.74]},{"dateRange":1,"timeSet":6,"distance":2640.58,"coveredDistance":2640.58,"averageSampleSize":200.71,"harmonicAverageSpeed":47.3,"averageTravelTime":200.98,"medianTravelTime":151.53,"averageTravelTimeRatio":0.91,"planningTimeIndex":2.1,"travelTimePercentiles":[103.67,110.8,116.2,120.9,125.61,130.79,135.54,140.52,145.83,151.53,157.64,165.58,176.93,189.77,213.36,245.17,278.6,333.77,465.12],"speedPercentiles":[20.44,28.48,34.12,38.77,44.55,50.09,53.73,57.41,60.3,62.73,65.19,67.65,70.13,72.68,75.68,78.63,81.81,85.8,91.7]},{"dateRange":1,"timeSet":7,"distance":2640.58,"coveredDistance":2640.58,"averageSampleSize":801.25,"harmonicAverageSpeed":46.52,"averageTravelTime":204.34,"medianTravelTime":153.63,"averageTravelTimeRatio":0.92,"planningTimeIndex":2.17,"travelTimePercentiles":[110.61,117.6,122.92,127.69,131.69,135.95,139.69,144.19,148.44,153.63,160.07,166.55,175.73,189.78,209.33,234.9,269.05,342.79,482.08],"speedPercentiles":[19.72,27.73,35.33,40.47,45.41,50.09,54.1,57.08,59.39,61.88,64.04,65.93,68.05,69.92,72.18,74.45,77.34,80.84,85.95]},{"dateRange":1,"timeSet":8,"distance":2640.58,"coveredDistance":2640.58,"averageSampleSize":2306.68,"harmonicAverageSpeed":41.24,"averageTravelTime":230.53,"medianTravelTime":174.49,"averageTravelTimeRatio":1.04,"planningTimeIndex":2.52,"travelTimePercentiles":[123.21,131.61,137.85,143.43,148.56,153.77,158.29,163.73,169.07,174.49,181.74,189.82,202.25,216.19,235.76,257.68,291.43,359.17,559.73],"speedPercentiles":[16.98,26.47,32.62,36.89,40.32,43.97,47.0,50.08,52.31,54.48,56.22,58.06,60.05,61.82,63.99,66.28,68.96,72.23,77.15]},{"dateRange":1,"timeSet":9,"distance":2640.58,"coveredDistance":2640.58,"averageSampleSize":6982.02,"harmonicAverageSpeed":31.48,"averageTravelTime":301.99,"medianTravelTime":220.23,"averageTravelTimeRatio":1.36,"planningTimeIndex":3.54,"travelTimePercentiles":[143.57,155.37,164.12,171.9,179.45,186.32,193.3,201.21,210.04,220.23,232.03,246.73,267.36,292.98,323.41,360.95,418.8,520.78,786.08],"speedPercentiles":[12.09,18.25,22.7,26.34,29.39,32.45,35.56,38.53,40.97,43.16,45.26,47.24,49.18,51.02,52.97,55.3,57.92,61.18,66.21]},{"dateRange":1,"timeSet":10,"distance":2640.58,"coveredDistance":2640.58,"averageSampleSize":8332.93,"harmonicAverageSpeed":25.67,"averageTravelTime":370.32,"medianTravelTime":261.04,"averageTravelTimeRatio":1.67,"planningTimeIndex":4.48,"travelTimePercentiles":[158.33,172.42,182.91,192.35,201.52,210.53,219.94,231.79,245.14,261.04,281.19,307.01,333.29,365.11,405.15,463.39,546.74,669.66,995.14],"speedPercentiles":[9.55,14.2,17.39,20.51,23.46,26.04,28.52,30.96,33.81,36.42,38.78,41.01,43.22,45.15,47.17,49.42,51.97,55.13,60.04]},{"dateRange":1,"timeSet":11,"distance":2640.58,"coveredDistance":2640.58,"averageSampleSize":7294.1,"harmonicAverageSpeed":28.3,"averageTravelTime":335.92,"medianTravelTime":236.13,"averageTravelTimeRatio":1.51,"planningTimeIndex":3.99,"travelTimePercentiles":[150.24,162.81,172.61,181.02,189.3,197.6,205.84,213.56,223.53,236.13,251.37,270.93,294.98,324.52,362.66,410.39,491.48,607.94,884.38],"speedPercentiles":[10.75,15.64,19.34,23.16,26.21,29.29,32.23,35.09,37.82,40.26,42.53,44.51,46.18,48.11,50.22,52.51,55.07,58.39,63.27]},{"dateRange":1,"timeSet":12,"distance":2640.58,"coveredDistance":2640.58,"averageSampleSize":5732.83,"harmonicAverageSpeed":32.91,"averageTravelTime":288.82,"medianTravelTime":211.73,"averageTravelTimeRatio":1.3,"planningTimeIndex":3.37,"travelTimePercentiles":[140.77,152.28,160.69,167.87,174.46,180.95,187.92,195.33,202.91,211.73,223.66,236.97,254.73,276.3,301.64,331.99,380.27,478.77,746.97],"speedPercentiles":[12.73,19.86,25.0,28.63,31.51,34.4,37.32,40.12,42.5,44.9,46.85,48.67,50.58,52.54,54.49,56.63,59.16,62.42,67.53]},{"dateRange":1,"timeSet":13,"distance":2640.58,"coveredDistance":2640.58,"averageSampleSize":5089.2,"harmonicAverageSpeed":33.7,"averageTravelTime":282.11,"medianTravelTime":207.0,"averageTravelTimeRatio":1.27,"planningTimeIndex":3.3,"travelTimePercentiles":[135.66,147.27,155.85,163.4,170.38,176.52,182.84,190.16,197.5,207.0,217.65,230.7,249.9,267.14,290.97,322.49,372.54,471.37,731.79],"speedPercentiles":[12.99,20.17,25.52,29.48,32.67,35.58,38.04,41.21,43.68,45.92,48.13,49.99,51.99,53.85,55.79,58.18,61.0,64.55,70.07]},{"dateRange":1,"timeSet":14,"distance":2640.58,"coveredDistance":2640.58,"averageSampleSize":4843.58,"harmonicAverageSpeed":34.83,"averageTravelTime":272.9,"medianTravelTime":203.19,"averageTravelTimeRatio":1.23,"planningTimeIndex":3.12,"travelTimePercentiles":[133.66,144.53,152.97,159.88,166.22,172.7,178.71,185.86,193.5,203.19,212.69,226.59,243.45,261.06,281.76,309.94,358.4,445.96,692.52],"speedPercentiles":[13.73,21.32,26.52,30.67,33.74,36.41,39.05,41.95,44.69,46.78,49.13,51.15,53.19,55.04,57.19,59.46,62.14,65.77,71.12]},{"dateRange":1,"timeSet":15,"distance":2640.58,"coveredDistance":2640.58,"averageSampleSize":5032.2,"harmonicAverageSpeed":34.93,"averageTravelTime":272.14,"medianTravelTime":201.12,"averageTravelTimeRatio":1.23,"planningTimeIndex":3.09,"travelTimePercentiles":[133.91,144.47,151.96,159.38,165.77,171.9,178.32,184.83,192.36,201.12,212.71,225.32,241.69,260.3,279.49,311.26,363.06,453.38,685.58],"speedPercentiles":[13.87,20.97,26.18,30.54,34.01,36.52,39.33,42.19,44.69,47.27,49.42,51.43,53.31,55.3,57.34,59.65,62.56,65.8,70.99]},{"dateRange":1,"timeSet":16,"distance":2640.58,"coveredDistance":2640.58,"averageSampleSize":5407.76,"harmonicAverageSpeed":34.77,"averageTravelTime":273.41,"medianTravelTime":202.17,"averageTravelTimeRatio":1.23,"planningTimeIndex":3.14,"travelTimePercentiles":[134.87,145.62,153.6,160.91,167.39,173.9,179.57,185.83,193.95,202.17,211.73,223.77,238.82,258.64,280.63,311.9,356.92,459.0,696.96],"speedPercentiles":[13.64,20.71,26.63,30.48,33.87,36.75,39.81,42.48,44.9,47.02,49.01,51.16,52.94,54.66,56.79,59.08,61.89,65.28,70.48]},{"dateRange":1,"timeSet":17,"distance":2640.58,"coveredDistance":2640.58,"averageSampleSize":6242.93,"harmonicAverageSpeed":33.11,"averageTravelTime":287.09,"medianTravelTime":214.26,"averageTravelTimeRatio":1.29,"planningTimeIndex":3.29,"travelTimePercentiles":[140.67,152.52,161.29,169.0,176.14,182.44,189.59,196.69,204.54,214.26,226.49,238.64,256.57,275.22,299.86,331.37,383.13,473.07,730.71],"speedPercentiles":[13.01,20.09,24.81,28.69,31.7,34.54,37.05,39.83,41.97,44.37,46.48,48.33,50.14,52.11,53.97,56.25,58.94,62.33,67.58]},{"dateRange":1,"timeSet":18,"distance":2640.58,"coveredDistance":2640.58,"averageSampleSize":6008.85,"harmonicAverageSpeed":32.15,"averageTravelTime":295.64,"medianTravelTime":217.75,"averageTravelTimeRatio":1.33,"planningTimeIndex":3.42,"travelTimePercentiles":[143.23,154.39,163.26,170.41,176.98,183.78,190.9,198.37,207.17,217.75,230.25,244.52,263.66,284.49,311.07,347.73,405.6,513.59,758.06],"speedPercentiles":[12.54,18.51,23.44,27.34,30.56,33.42,36.05,38.88,41.29,43.66,45.89,47.92,49.79,51.73,53.71,55.78,58.23,61.57,66.37]},{"dateRange":1,"timeSet":19,"distance":2640.58,"coveredDistance":2640.58,"averageSampleSize":6286.64,"harmonicAverageSpeed":31.8,"averageTravelTime":298.92,"medianTravelTime":222.82,"averageTravelTimeRatio":1.35,"planningTimeIndex":3.37,"travelTimePercentiles":[147.26,159.16,168.4,176.13,183.64,190.27,197.46,205.41,213.39,222.82,233.09,248.85,267.03,289.15,316.32,353.04,412.05,519.18,748.18],"speedPercentiles":[12.71,18.31,23.07,26.93,30.05,32.88,35.6,38.2,40.78,42.66,44.55,46.28,48.14,49.96,51.77,53.97,56.45,59.73,64.55]},{"dateRange":1,"timeSet":20,"distance":2640.58,"coveredDistance":2640.58,"averageSampleSize":5814.08,"harmonicAverageSpeed":32.31,"averageTravelTime":294.2,"medianTravelTime":219.32,"averageTravelTimeRatio":1.33,"planningTimeIndex":3.31,"travelTimePercentiles":[146.75,158.21,167.28,174.73,181.57,188.59,195.1,202.36,209.91,219.32,229.37,243.88,261.79,282.73,308.28,342.9,395.53,506.77,734.53],"speedPercentiles":[12.94,18.76,24.03,27.72,30.84,33.62,36.31,38.98,41.44,43.34,45.29,46.98,48.72,50.41,52.36,54.41,56.83,60.09,64.78]},{"dateRange":1,"timeSet":21,"distance":2640.58,"coveredDistance":2640.58,"averageSampleSize":5561.17,"harmonicAverageSpeed":33.28,"averageTravelTime":285.63,"medianTravelTime":212.6,"averageTravelTimeRatio":1.29,"planningTimeIndex":3.23,"travelTimePercentiles":[142.38,153.87,162.09,169.48,176.45,183.38,189.59,197.14,204.48,212.6,222.33,233.84,249.84,270.78,296.09,329.44,384.24,502.13,716.92],"speedPercentiles":[13.26,18.93,24.74,28.86,32.11,35.11,38.05,40.65,42.76,44.71,46.49,48.22,50.14,51.84,53.87,56.09,58.65,61.78,66.77]},{"dateRange":1,"timeSet":22,"distance":2640.58,"coveredDistance":2640.58,"averageSampleSize":4875.17,"harmonicAverageSpeed":35.77,"averageTravelTime":265.78,"medianTravelTime":197.96,"averageTravelTimeRatio":1.2,"planningTimeIndex":2.95,"travelTimePercentiles":[132.6,143.47,151.01,158.32,164.12,170.51,176.58,183.06,190.3,197.96,206.47,218.85,233.17,250.13,274.45,304.82,355.47,457.96,653.82],"speedPercentiles":[14.54,20.76,26.74,31.19,34.64,38.01,40.77,43.44,46.04,48.02,49.95,51.93,53.83,55.75,57.92,60.04,62.95,66.26,71.69]},{"dateRange":1,"timeSet":23,"distance":2640.58,"coveredDistance":2640.58,"averageSampleSize":2474.54,"harmonicAverageSpeed":40.23,"averageTravelTime":236.28,"medianTravelTime":174.11,"averageTravelTimeRatio":1.06,"planningTimeIndex":2.55,"travelTimePercentiles":[115.82,125.7,132.79,138.36,143.9,149.61,155.07,160.82,166.89,174.11,182.89,192.49,205.72,223.43,243.49,275.24,323.52,409.34,565.74],"speedPercentiles":[16.8,23.22,29.38,34.54,39.04,42.55,46.21,49.39,51.98,54.6,56.96,59.11,61.3,63.54,66.06,68.7,71.59,75.63,82.08]},{"dateRange":1,"timeSet":24,"distance":2640.58,"coveredDistance":2640.58,"averageSampleSize":2093.29,"harmonicAverageSpeed":41.01,"averageTravelTime":231.78,"medianTravelTime":171.3,"averageTravelTimeRatio":1.04,"planningTimeIndex":2.43,"travelTimePercentiles":[116.06,125.43,132.02,137.72,142.4,147.83,153.31,158.63,164.75,171.3,178.83,187.58,199.8,216.07,236.48,270.56,320.88,401.61,539.08],"speedPercentiles":[17.63,23.67,29.63,35.13,40.2,44.0,47.58,50.68,53.16,55.49,57.7,59.93,62.01,64.3,66.76,69.02,72.0,75.79,81.91]},{"dateRange":1,"timeSet":25,"distance":2640.58,"coveredDistance":2640.58,"averageSampleSize":1945.0,"harmonicAverageSpeed":41.35,"averageTravelTime":229.9,"medianTravelTime":171.94,"averageTravelTimeRatio":1.04,"planningTimeIndex":2.36,"travelTimePercentiles":[114.09,124.06,131.22,137.6,142.96,148.45,153.6,159.49,165.26,171.94,179.33,188.23,199.86,217.36,239.14,271.89,315.79,395.15,524.64],"speedPercentiles":[18.12,24.06,30.1,34.96,39.75,43.73,47.56,50.5,53.01,55.29,57.52,59.6,61.89,64.04,66.49,69.08,72.44,76.62,83.32]}]}},{"type":"Feature","geometry":{"type":"LineString","coordinates":[[12.46972,41.94753],[12.46969,41.9474]]},"properties":{"segmentId":-13800007198127,"newSegmentId":"-00004931-3600-0400-0000-0000033ea757","speedLimit":50,"frc":2,"streetName":"Corso di Francia","distance":14.98,"segmentTimeResults":[{"timeSet":2,"dateRange":1,"harmonicAverageSpeed":31.3,"medianSpeed":40.0,"averageSpeed":40.2,"standardDeviationSpeed":15.3,"travelTimeStandardDeviation":1.38,"sampleSize":737,"normalizedSampleSize":0.0729,"averageTravelTime":1.72,"medianTravelTime":1.35,"travelTimeRatio":1.0,"speedPercentiles":[14,20,25,28,31,33,35,37,38,40,42,44,46,48,50,53,55,59,66]},{"timeSet":3,"dateRange":1,"harmonicAverageSpeed":34.9,"medianSpeed":41.0,"averageSpeed":42.3,"standardDeviationSpeed":16.0,"travelTimeStandardDeviation":0.93,"sampleSize":437,"normalizedSampleSize":0.0432,"averageTravelTime":1.55,"medianTravelTime":1.32,"travelTimeRatio":0.9,"speedPercentiles":[17,24,27,30,32,34,35,37,39,41,42,44,47,49,52,55,59,64,69]},{"timeSet":4,"dateRange":1,"harmonicAverageSpeed":34.0,"medianSpeed":40.0,"averageSpeed":40.7,"standardDeviationSpeed":14.8,"travelTimeStandardDeviation":0.89,"sampleSize":197,"normalizedSampleSize":0.0195,"averageTravelTime":1.59,"medianTravelTime":1.35,"travelTimeRatio":0.92,"speedPercentiles":[17,23,25,28,30,32,34,37,39,40,41,42,46,48,50,54,57,61,67]},{"timeSet":5,"dateRange":1,"harmonicAverageSpeed":34.3,"medianSpeed":42.0,"averageSpeed":43.9,"standardDeviationSpeed":16.7,"travelTimeStandardDeviation":1.34,"sampleSize":122,"normalizedSampleSize":0.0121,"averageTravelTime":1.57,"medianTravelTime":1.28,"travelTimeRatio":0.91,"speedPercentiles":[18,26,29,31,33,34,36,38,40,42,45,48,51,53,56,58,61,64,69]},{"timeSet":6,"dateRange":1,"harmonicAverageSpeed":37.1,"medianSpeed":42.0,"averageSpeed":41.8,"standardDeviationSpeed":13.4,"travelTimeStandardDeviation":0.58,"sampleSize":224,"normalizedSampleSize":0.0221,"averageTravelTime":1.45,"medianTravelTime":1.28,"travelTimeRatio":0.84,"speedPercentiles":[22,25,28,30,31,34,37,39,40,42,43,45,46,48,49,51,55,60,65]},{"timeSet":7,"dateRange":1,"harmonicAverageSpeed":27.6,"medianSpeed":38.0,"averageSpeed":37.9,"standardDeviationSpeed":15.9,"travelTimeStandardDeviation":1.95,"sampleSize":922,"normalizedSampleSize":0.0911,"averageTravelTime":1.95,"medianTravelTime":1.42,"travelTimeRatio":1.13,"speedPercentiles":[12,17,21,23,26,29,31,34,36,38,40,42,44,46,49,51,54,57,64]},{"timeSet":8,"dateRange":1,"harmonicAverageSpeed":17.4,"medianSpeed":31.0,"averageSpeed":30.6,"standardDeviationSpeed":13.8,"travelTimeStandardDeviation":5.48,"sampleSize":2658,"normalizedSampleSize":0.2628,"averageTravelTime":3.11,"medianTravelTime":1.74,"travelTimeRatio":1.8,"speedPercentiles":[7,12,16,19,21,23,25,27,29,31,33,35,37,38,40,42,45,48,52]},{"timeSet":9,"dateRange":1,"harmonicAverageSpeed":10.2,"medianSpeed":23.0,"averageSpeed":23.0,"standardDeviationSpeed":12.4,"travelTimeStandardDeviation":9.23,"sampleSize":7221,"normalizedSampleSize":0.7138,"averageTravelTime":5.3,"medianTravelTime":2.34,"travelTimeRatio":3.07,"speedPercentiles":[2,6,10,12,14,16,18,19,21,23,24,26,28,29,32,34,36,39,44]},{"timeSet":10,"dateRange":1,"harmonicAverageSpeed":9.5,"medianSpeed":20.0,"averageSpeed":20.5,"standardDeviationSpeed":11.4,"travelTimeStandardDeviation":9.19,"sampleSize":8075,"normalizedSampleSize":0.7982,"averageTravelTime":5.68,"medianTravelTime":2.7,"travelTimeRatio":3.29,"speedPercentiles":[2,5,8,10,12,14,16,17,19,20,21,23,24,26,28,30,32,35,40]},{"timeSet":11,"dateRange":1,"harmonicAverageSpeed":10.3,"medianSpeed":22.0,"averageSpeed":22.2,"standardDeviationSpeed":11.9,"travelTimeStandardDeviation":8.81,"sampleSize":6993,"normalizedSampleSize":0.6913,"averageTravelTime":5.26,"medianTravelTime":2.45,"travelTimeRatio":3.05,"speedPercentiles":[2,6,9,12,14,16,17,19,21,22,24,25,26,28,30,32,35,38,42]},{"timeSet":12,"dateRange":1,"harmonicAverageSpeed":11.5,"medianSpeed":24.0,"averageSpeed":24.2,"standardDeviationSpeed":12.6,"travelTimeStandardDeviation":8.14,"sampleSize":5795,"normalizedSampleSize":0.5729,"averageTravelTime":4.71,"medianTravelTime":2.25,"travelTimeRatio":2.73,"speedPercentiles":[3,7,10,13,16,17,20,21,23,24,26,27,29,31,33,35,37,40,45]},{"timeSet":13,"dateRange":1,"harmonicAverageSpeed":12.0,"medianSpeed":25.0,"averageSpeed":24.9,"standardDeviationSpeed":12.9,"travelTimeStandardDeviation":7.88,"sampleSize":5268,"normalizedSampleSize":0.5208,"averageTravelTime":4.5,"medianTravelTime":2.16,"travelTimeRatio":2.61,"speedPercentiles":[3,7,10,13,16,18,20,22,24,25,27,28,30,32,33,36,38,41,46]},{"timeSet":14,"dateRange":1,"harmonicAverageSpeed":11.7,"medianSpeed":25.0,"averageSpeed":24.9,"standardDeviationSpeed":13.3,"travelTimeStandardDeviation":7.95,"sampleSize":4922,"normalizedSampleSize":0.4866,"averageTravelTime":4.62,"medianTravelTime":2.16,"travelTimeRatio":2.68,"speedPercentiles":[3,7,10,13,16,18,20,21,23,25,26,28,30,31,34,36,39,42,47]},{"timeSet":15,"dateRange":1,"harmonicAverageSpeed":13.2,"medianSpeed":26.0,"averageSpeed":25.7,"standardDeviationSpeed":13.1,"travelTimeStandardDeviation":6.97,"sampleSize":5177,"normalizedSampleSize":0.5118,"averageTravelTime":4.09,"medianTravelTime":2.07,"travelTimeRatio":2.37,"speedPercentiles":[4,8,11,14,16,18,20,22,24,26,27,29,31,33,35,37,40,43,47]},{"timeSet":16,"dateRange":1,"harmonicAverageSpeed":12.2,"medianSpeed":26.0,"averageSpeed":25.8,"standardDeviationSpeed":13.4,"travelTimeStandardDeviation":7.93,"sampleSize":5142,"normalizedSampleSize":0.5083,"averageTravelTime":4.41,"medianTravelTime":2.07,"travelTimeRatio":2.56,"speedPercentiles":[3,8,11,14,16,18,20,22,24,26,27,29,31,33,35,37,40,43,48]},{"timeSet":17,"dateRange":1,"harmonicAverageSpeed":10.5,"medianSpeed":23.0,"averageSpeed":23.2,"standardDeviationSpeed":12.7,"travelTimeStandardDeviation":8.67,"sampleSize":5717,"normalizedSampleSize":0.5651,"averageTravelTime":5.14,"medianTravelTime":2.34,"travelTimeRatio":2.98,"speedPercentiles":[2,6,9,12,14,16,18,20,21,23,25,26,28,30,32,34,36,40,45]},{"timeSet":18,"dateRange":1,"harmonicAverageSpeed":10.0,"medianSpeed":24.0,"averageSpeed":24.1,"standardDeviationSpeed":13.8,"travelTimeStandardDeviation":9.59,"sampleSize":5648,"normalizedSampleSize":0.5583,"averageTravelTime":5.42,"medianTravelTime":2.25,"travelTimeRatio":3.14,"speedPercentiles":[2,5,9,12,14,16,18,20,22,24,25,27,29,31,34,36,39,42,48]},{"timeSet":19,"dateRange":1,"harmonicAverageSpeed":9.5,"medianSpeed":22.0,"averageSpeed":23.1,"standardDeviationSpeed":13.1,"travelTimeStandardDeviation":9.89,"sampleSize":5768,"normalizedSampleSize":0.5702,"averageTravelTime":5.69,"medianTravelTime":2.45,"travelTimeRatio":3.3,"speedPercentiles":[2,5,8,11,14,16,18,19,21,22,24,26,28,30,32,35,37,40,45]},{"timeSet":20,"dateRange":1,"harmonicAverageSpeed":9.6,"medianSpeed":22.0,"averageSpeed":22.9,"standardDeviationSpeed":13.3,"travelTimeStandardDeviation":9.49,"sampleSize":5674,"normalizedSampleSize":0.5609,"averageTravelTime":5.6,"medianTravelTime":2.45,"travelTimeRatio":3.25,"speedPercentiles":[2,5,8,11,14,15,17,19,21,22,24,26,27,29,32,34,37,41,46]},{"timeSet":21,"dateRange":1,"harmonicAverageSpeed":10.2,"medianSpeed":23.0,"averageSpeed":24.0,"standardDeviationSpeed":14.0,"travelTimeStandardDeviation":9.03,"sampleSize":5426,"normalizedSampleSize":0.5364,"averageTravelTime":5.31,"medianTravelTime":2.34,"travelTimeRatio":3.08,"speedPercentiles":[2,5,8,11,14,16,18,20,22,23,25,27,29,31,33,36,39,43,48]},{"timeSet":22,"dateRange":1,"harmonicAverageSpeed":13.3,"medianSpeed":28.0,"averageSpeed":28.1,"standardDeviationSpeed":14.8,"travelTimeStandardDeviation":7.45,"sampleSize":4566,"normalizedSampleSize":0.4514,"averageTravelTime":4.07,"medianTravelTime":1.93,"travelTimeRatio":2.36,"speedPercentiles":[4,8,12,15,18,20,22,24,26,28,30,32,34,36,38,40,43,47,53]},{"timeSet":23,"dateRange":1,"harmonicAverageSpeed":26.7,"medianSpeed":37.0,"averageSpeed":36.9,"standardDeviationSpeed":15.3,"travelTimeStandardDeviation":2.12,"sampleSize":2434,"normalizedSampleSize":0.2406,"averageTravelTime":2.02,"medianTravelTime":1.46,"travelTimeRatio":1.17,"speedPercentiles":[11,17,21,24,27,28,31,33,35,37,39,41,42,44,47,49,52,55,63]},{"timeSet":24,"dateRange":1,"harmonicAverageSpeed":28.0,"medianSpeed":38.0,"averageSpeed":38.1,"standardDeviationSpeed":15.6,"travelTimeStandardDeviation":2.14,"sampleSize":2038,"normalizedSampleSize":0.2015,"averageTravelTime":1.93,"medianTravelTime":1.42,"travelTimeRatio":1.12,"speedPercentiles":[12,18,22,24,26,29,32,34,36,38,40,42,44,46,49,51,54,58,63]},{"timeSet":25,"dateRange":1,"harmonicAverageSpeed":27.1,"medianSpeed":38.0,"averageSpeed":38.2,"standardDeviationSpeed":16.1,"travelTimeStandardDeviation":2.3,"sampleSize":1753,"normalizedSampleSize":0.1733,"averageTravelTime":1.99,"medianTravelTime":1.42,"travelTimeRatio":1.15,"speedPercentiles":[11,17,22,24,27,29,32,34,36,38,40,42,44,46,48,52,55,59,65]}]}},{"type":"Feature","geometry":{"type":"LineString","coordinates":[[12.46969,41.9474],[12.46968,41.94732],[12.46966,41.94725]]},"properties":{"segmentId":-13800007184018,"newSegmentId":"-00004931-3600-0400-0000-0000033ea756","speedLimit":50,"frc":2,"streetName":"Corso di Francia","distance":16.14,"segmentTimeResults":[{"timeSet":2,"dateRange":1,"harmonicAverageSpeed":23.1,"medianSpeed":40.0,"averageSpeed":37.9,"standardDeviationSpeed":18.1,"travelTimeStandardDeviation":3.22,"sampleSize":734,"normalizedSampleSize":0.0726,"averageTravelTime":2.51,"medianTravelTime":1.45,"travelTimeRatio":1.0,"speedPercentiles":[8,13,17,20,23,27,31,35,38,40,42,44,46,48,51,54,56,60,67]},{"timeSet":3,"dateRange":1,"harmonicAverageSpeed":28.3,"medianSpeed":41.0,"averageSpeed":40.9,"standardDeviationSpeed":18.4,"travelTimeStandardDeviation":2.57,"sampleSize":434,"normalizedSampleSize":0.0429,"averageTravelTime":2.05,"medianTravelTime":1.42,"travelTimeRatio":0.82,"speedPercentiles":[13,17,20,23,26,30,34,36,38,41,44,46,48,50,53,56,60,65,71]},{"timeSet":4,"dateRange":1,"harmonicAverageSpeed":30.0,"medianSpeed":39.0,"averageSpeed":38.6,"standardDeviationSpeed":16.7,"travelTimeStandardDeviation":1.24,"sampleSize":197,"normalizedSampleSize":0.0195,"averageTravelTime":1.94,"medianTravelTime":1.49,"travelTimeRatio":0.77,"speedPercentiles":[13,18,20,22,24,27,29,33,37,39,41,43,45,48,52,55,58,61,67]},{"timeSet":5,"dateRange":1,"harmonicAverageSpeed":30.6,"medianSpeed":42.0,"averageSpeed":42.8,"standardDeviationSpeed":18.9,"travelTimeStandardDeviation":1.71,"sampleSize":122,"normalizedSampleSize":0.0121,"averageTravelTime":1.9,"medianTravelTime":1.38,"travelTimeRatio":0.76,"speedPercentiles":[14,19,22,25,27,30,35,36,40,42,45,51,53,56,58,60,62,65,70]},{"timeSet":6,"dateRange":1,"harmonicAverageSpeed":26.2,"medianSpeed":41.0,"averageSpeed":39.4,"standardDeviationSpeed":17.2,"travelTimeStandardDeviation":2.63,"sampleSize":224,"normalizedSampleSize":0.0221,"averageTravelTime":2.21,"medianTravelTime":1.42,"travelTimeRatio":0.88,"speedPercentiles":[10,16,19,24,28,31,33,36,39,41,43,45,47,48,51,53,56,61,65]},{"timeSet":7,"dateRange":1,"harmonicAverageSpeed":19.9,"medianSpeed":38.0,"averageSpeed":35.8,"standardDeviationSpeed":18.6,"travelTimeStandardDeviation":3.76,"sampleSize":915,"normalizedSampleSize":0.0905,"averageTravelTime":2.93,"medianTravelTime":1.53,"travelTimeRatio":1.17,"speedPercentiles":[5,10,14,17,20,23,27,31,34,38,40,43,45,47,50,52,55,59,65]},{"timeSet":8,"dateRange":1,"harmonicAverageSpeed":11.6,"medianSpeed":32.0,"averageSpeed":30.5,"standardDeviationSpeed":15.6,"travelTimeStandardDeviation":10.17,"sampleSize":2643,"normalizedSampleSize":0.2613,"averageTravelTime":5.0,"medianTravelTime":1.82,"travelTimeRatio":1.99,"speedPercentiles":[2,7,13,16,19,22,25,27,30,32,34,36,38,40,42,44,47,49,54]},{"timeSet":9,"dateRange":1,"harmonicAverageSpeed":8.9,"medianSpeed":23.0,"averageSpeed":23.5,"standardDeviationSpeed":13.1,"travelTimeStandardDeviation":11.8,"sampleSize":7184,"normalizedSampleSize":0.7102,"averageTravelTime":6.56,"medianTravelTime":2.53,"travelTimeRatio":2.61,"speedPercentiles":[1,4,9,12,15,17,19,20,22,23,25,27,28,30,32,35,37,41,45]},{"timeSet":10,"dateRange":1,"harmonicAverageSpeed":9.1,"medianSpeed":21.0,"averageSpeed":21.4,"standardDeviationSpeed":11.9,"travelTimeStandardDeviation":10.88,"sampleSize":8039,"normalizedSampleSize":0.7947,"averageTravelTime":6.37,"medianTravelTime":2.77,"travelTimeRatio":2.54,"speedPercentiles":[2,5,8,11,13,15,17,18,20,21,23,24,25,27,29,31,33,37,42]},{"timeSet":11,"dateRange":1,"harmonicAverageSpeed":9.6,"medianSpeed":23.0,"averageSpeed":22.9,"standardDeviationSpeed":12.5,"travelTimeStandardDeviation":10.75,"sampleSize":6946,"normalizedSampleSize":0.6866,"averageTravelTime":6.04,"medianTravelTime":2.53,"travelTimeRatio":2.4,"speedPercentiles":[2,5,9,12,15,17,18,20,21,23,24,26,27,29,31,33,35,39,44]},{"timeSet":12,"dateRange":1,"harmonicAverageSpeed":9.9,"medianSpeed":25.0,"averageSpeed":24.9,"standardDeviationSpeed":13.3,"travelTimeStandardDeviation":10.98,"sampleSize":5743,"normalizedSampleSize":0.5677,"averageTravelTime":5.89,"medianTravelTime":2.32,"travelTimeRatio":2.34,"speedPercentiles":[2,6,10,14,16,18,20,22,23,25,27,28,30,32,34,36,38,42,46]},{"timeSet":13,"dateRange":1,"harmonicAverageSpeed":9.8,"medianSpeed":26.0,"averageSpeed":25.1,"standardDeviationSpeed":13.7,"travelTimeStandardDeviation":11.1,"sampleSize":5241,"normalizedSampleSize":0.5181,"averageTravelTime":5.93,"medianTravelTime":2.23,"travelTimeRatio":2.36,"speedPercentiles":[2,5,10,13,16,18,20,22,24,26,27,29,30,32,34,36,39,43,48]},{"timeSet":14,"dateRange":1,"harmonicAverageSpeed":9.7,"medianSpeed":25.0,"averageSpeed":25.2,"standardDeviationSpeed":13.9,"travelTimeStandardDeviation":11.2,"sampleSize":4898,"normalizedSampleSize":0.4842,"averageTravelTime":6.02,"medianTravelTime":2.32,"travelTimeRatio":2.4,"speedPercentiles":[2,5,9,13,16,18,20,22,24,25,27,28,30,32,34,37,40,44,49]},{"timeSet":15,"dateRange":1,"harmonicAverageSpeed":10.3,"medianSpeed":26.0,"averageSpeed":25.8,"standardDeviationSpeed":13.9,"travelTimeStandardDeviation":10.62,"sampleSize":5124,"normalizedSampleSize":0.5065,"averageTravelTime":5.62,"medianTravelTime":2.23,"travelTimeRatio":2.24,"speedPercentiles":[2,6,10,14,16,18,20,22,24,26,28,29,31,33,35,38,41,44,49]},{"timeSet":16,"dateRange":1,"harmonicAverageSpeed":9.8,"medianSpeed":26.0,"averageSpeed":26.0,"standardDeviationSpeed":14.5,"travelTimeStandardDeviation":11.22,"sampleSize":5111,"normalizedSampleSize":0.5052,"averageTravelTime":5.96,"medianTravelTime":2.23,"travelTimeRatio":2.37,"speedPercentiles":[2,5,10,13,16,18,20,22,24,26,28,30,31,33,36,39,42,45,50]},{"timeSet":17,"dateRange":1,"harmonicAverageSpeed":8.9,"medianSpeed":24.0,"averageSpeed":23.7,"standardDeviationSpeed":13.4,"travelTimeStandardDeviation":11.71,"sampleSize":5662,"normalizedSampleSize":0.5597,"averageTravelTime":6.53,"medianTravelTime":2.42,"travelTimeRatio":2.6,"speedPercentiles":[1,4,8,12,14,16,18,20,22,24,25,27,29,30,32,35,38,41,47]},{"timeSet":18,"dateRange":1,"harmonicAverageSpeed":8.5,"medianSpeed":24.0,"averageSpeed":24.4,"standardDeviationSpeed":14.5,"travelTimeStandardDeviation":12.27,"sampleSize":5609,"normalizedSampleSize":0.5545,"averageTravelTime":6.8,"medianTravelTime":2.42,"travelTimeRatio":2.71,"speedPercentiles":[1,3,8,11,14,16,18,20,22,24,26,27,30,32,35,37,40,44,49]},{"timeSet":19,"dateRange":1,"harmonicAverageSpeed":8.1,"medianSpeed":23.0,"averageSpeed":23.3,"standardDeviationSpeed":13.9,"travelTimeStandardDeviation":12.78,"sampleSize":5722,"normalizedSampleSize":0.5656,"averageTravelTime":7.22,"medianTravelTime":2.53,"travelTimeRatio":2.87,"speedPercentiles":[1,3,7,10,13,16,17,20,21,23,25,26,28,31,33,35,38,42,47]},{"timeSet":20,"dateRange":1,"harmonicAverageSpeed":8.1,"medianSpeed":23.0,"averageSpeed":23.2,"standardDeviationSpeed":14.2,"travelTimeStandardDeviation":12.49,"sampleSize":5620,"normalizedSampleSize":0.5556,"averageTravelTime":7.22,"medianTravelTime":2.53,"travelTimeRatio":2.87,"speedPercentiles":[1,3,6,10,13,15,17,19,21,23,25,26,28,30,33,35,39,43,48]},{"timeSet":21,"dateRange":1,"harmonicAverageSpeed":7.8,"medianSpeed":23.0,"averageSpeed":23.8,"standardDeviationSpeed":15.1,"travelTimeStandardDeviation":12.82,"sampleSize":5389,"normalizedSampleSize":0.5327,"averageTravelTime":7.48,"medianTravelTime":2.53,"travelTimeRatio":2.98,"speedPercentiles":[1,2,6,9,12,15,17,19,21,23,25,27,29,32,34,37,40,44,50]},{"timeSet":22,"dateRange":1,"harmonicAverageSpeed":8.8,"medianSpeed":27.0,"averageSpeed":27.0,"standardDeviationSpeed":16.6,"travelTimeStandardDeviation":11.92,"sampleSize":4539,"normalizedSampleSize":0.4487,"averageTravelTime":6.61,"medianTravelTime":2.15,"travelTimeRatio":2.63,"speedPercentiles":[2,3,7,11,14,17,19,22,25,27,29,32,34,36,39,41,44,48,55]},{"timeSet":23,"dateRange":1,"harmonicAverageSpeed":16.8,"medianSpeed":37.0,"averageSpeed":34.5,"standardDeviationSpeed":18.4,"travelTimeStandardDeviation":5.16,"sampleSize":2413,"normalizedSampleSize":0.2385,"averageTravelTime":3.45,"medianTravelTime":1.57,"travelTimeRatio":1.37,"speedPercentiles":[4,8,12,16,20,22,27,30,33,37,39,41,43,45,47,51,53,57,64]},{"timeSet":24,"dateRange":1,"harmonicAverageSpeed":18.1,"medianSpeed":38.0,"averageSpeed":35.8,"standardDeviationSpeed":18.5,"travelTimeStandardDeviation":5.07,"sampleSize":2029,"normalizedSampleSize":0.2006,"averageTravelTime":3.2,"medianTravelTime":1.53,"travelTimeRatio":1.28,"speedPercentiles":[5,10,14,18,21,24,27,32,35,38,40,43,45,47,49,52,55,59,63]},{"timeSet":25,"dateRange":1,"harmonicAverageSpeed":18.9,"medianSpeed":38.0,"averageSpeed":35.8,"standardDeviationSpeed":18.9,"travelTimeStandardDeviation":4.49,"sampleSize":1745,"normalizedSampleSize":0.1725,"averageTravelTime":3.08,"medianTravelTime":1.53,"travelTimeRatio":1.23,"speedPercentiles":[5,9,14,17,20,23,27,31,35,38,40,42,45,47,49,52,56,60,66]}]}},{"type":"Feature","geometry":{"type":"LineString","coordinates":[[12.46966,41.94725],[12.46964,41.94715],[12.4696,41.94697]]},"properties":{"segmentId":-13800007468537,"newSegmentId":"-00004931-3600-0400-0000-000001365470","speedLimit":50,"frc":2,"streetName":"Corso di Francia","distance":31.38,"segmentTimeResults":[{"timeSet":2,"dateRange":1,"harmonicAverageSpeed":13.1,"medianSpeed":40.0,"averageSpeed":35.2,"standardDeviationSpeed":22.0,"travelTimeStandardDeviation":11.31,"sampleSize":733,"normalizedSampleSize":0.0725,"averageTravelTime":8.63,"medianTravelTime":2.82,"travelTimeRatio":1.0,"speedPercentiles":[3,4,5,7,12,18,27,32,36,40,42,45,48,50,52,55,58,61,67]},{"timeSet":3,"dateRange":1,"harmonicAverageSpeed":12.6,"medianSpeed":41.0,"averageSpeed":37.6,"standardDeviationSpeed":23.5,"travelTimeStandardDeviation":13.03,"sampleSize":434,"normalizedSampleSize":0.0429,"averageTravelTime":8.94,"medianTravelTime":2.76,"travelTimeRatio":1.04,"speedPercentiles":[3,4,6,8,14,21,30,35,38,41,44,46,49,52,56,59,61,65,72]},{"timeSet":4,"dateRange":1,"harmonicAverageSpeed":12.3,"medianSpeed":36.0,"averageSpeed":33.7,"standardDeviationSpeed":22.4,"travelTimeStandardDeviation":11.52,"sampleSize":195,"normalizedSampleSize":0.0193,"averageTravelTime":9.15,"medianTravelTime":3.14,"travelTimeRatio":1.06,"speedPercentiles":[3,4,6,6,8,14,21,26,32,36,40,43,46,50,53,55,58,63,67]},{"timeSet":5,"dateRange":1,"harmonicAverageSpeed":13.3,"medianSpeed":42.0,"averageSpeed":38.6,"standardDeviationSpeed":24.5,"travelTimeStandardDeviation":11.26,"sampleSize":122,"normalizedSampleSize":0.0121,"averageTravelTime":8.5,"medianTravelTime":2.69,"travelTimeRatio":0.98,"speedPercentiles":[4,5,5,6,9,21,30,34,37,42,46,51,55,57,59,61,64,67,70]},{"timeSet":6,"dateRange":1,"harmonicAverageSpeed":14.2,"medianSpeed":39.0,"averageSpeed":36.3,"standardDeviationSpeed":22.6,"travelTimeStandardDeviation":10.46,"sampleSize":221,"normalizedSampleSize":0.0218,"averageTravelTime":7.98,"medianTravelTime":2.9,"travelTimeRatio":0.92,"speedPercentiles":[4,5,6,7,12,20,29,34,36,39,44,46,48,51,55,56,59,62,69]},{"timeSet":7,"dateRange":1,"harmonicAverageSpeed":14.4,"medianSpeed":38.0,"averageSpeed":35.2,"standardDeviationSpeed":21.2,"travelTimeStandardDeviation":10.68,"sampleSize":913,"normalizedSampleSize":0.0903,"averageTravelTime":7.83,"medianTravelTime":2.97,"travelTimeRatio":0.91,"speedPercentiles":[4,5,7,10,15,21,25,30,34,38,41,44,47,49,52,54,58,62,67]},{"timeSet":8,"dateRange":1,"harmonicAverageSpeed":14.3,"medianSpeed":34.0,"averageSpeed":32.8,"standardDeviationSpeed":16.0,"travelTimeStandardDeviation":13.45,"sampleSize":2627,"normalizedSampleSize":0.2597,"averageTravelTime":7.88,"medianTravelTime":3.32,"travelTimeRatio":0.91,"speedPercentiles":[2,7,15,20,23,26,28,30,32,34,36,38,40,42,45,47,49,52,56]},{"timeSet":9,"dateRange":1,"harmonicAverageSpeed":12.9,"medianSpeed":26.0,"averageSpeed":25.8,"standardDeviationSpeed":13.0,"travelTimeStandardDeviation":13.23,"sampleSize":7180,"normalizedSampleSize":0.7098,"averageTravelTime":8.79,"medianTravelTime":4.34,"travelTimeRatio":1.02,"speedPercentiles":[2,7,11,15,17,20,22,23,25,26,27,29,31,32,34,36,39,42,48]},{"timeSet":10,"dateRange":1,"harmonicAverageSpeed":12.7,"medianSpeed":23.0,"averageSpeed":23.3,"standardDeviationSpeed":11.9,"travelTimeStandardDeviation":12.02,"sampleSize":8058,"normalizedSampleSize":0.7966,"averageTravelTime":8.88,"medianTravelTime":4.91,"travelTimeRatio":1.03,"speedPercentiles":[3,7,10,13,15,17,19,20,22,23,25,26,27,29,31,33,35,38,44]},{"timeSet":11,"dateRange":1,"harmonicAverageSpeed":12.7,"medianSpeed":25.0,"averageSpeed":24.8,"standardDeviationSpeed":12.5,"travelTimeStandardDeviation":13.02,"sampleSize":6947,"normalizedSampleSize":0.6867,"averageTravelTime":8.91,"medianTravelTime":4.52,"travelTimeRatio":1.03,"speedPercentiles":[2,7,11,14,17,19,21,22,24,25,27,28,29,31,32,34,37,40,46]},{"timeSet":12,"dateRange":1,"harmonicAverageSpeed":13.1,"medianSpeed":27.0,"averageSpeed":26.9,"standardDeviationSpeed":13.3,"travelTimeStandardDeviation":13.46,"sampleSize":5763,"normalizedSampleSize":0.5697,"averageTravelTime":8.62,"medianTravelTime":4.18,"travelTimeRatio":1.0,"speedPercentiles":[2,7,13,16,19,21,23,24,26,27,29,30,32,33,35,37,40,43,48]},{"timeSet":13,"dateRange":1,"harmonicAverageSpeed":13.0,"medianSpeed":28.0,"averageSpeed":27.1,"standardDeviationSpeed":13.7,"travelTimeStandardDeviation":13.41,"sampleSize":5238,"normalizedSampleSize":0.5178,"averageTravelTime":8.7,"medianTravelTime":4.03,"travelTimeRatio":1.01,"speedPercentiles":[2,7,12,16,19,21,23,25,26,28,29,30,32,33,35,37,40,44,50]},{"timeSet":14,"dateRange":1,"harmonicAverageSpeed":13.1,"medianSpeed":27.0,"averageSpeed":27.2,"standardDeviationSpeed":13.9,"travelTimeStandardDeviation":13.44,"sampleSize":4896,"normalizedSampleSize":0.484,"averageTravelTime":8.64,"medianTravelTime":4.18,"travelTimeRatio":1.0,"speedPercentiles":[2,7,12,16,18,21,22,24,26,27,29,30,32,34,36,38,41,45,51]},{"timeSet":15,"dateRange":1,"harmonicAverageSpeed":12.9,"medianSpeed":28.0,"averageSpeed":27.6,"standardDeviationSpeed":14.1,"travelTimeStandardDeviation":13.6,"sampleSize":5134,"normalizedSampleSize":0.5075,"averageTravelTime":8.73,"medianTravelTime":4.03,"travelTimeRatio":1.01,"speedPercentiles":[2,6,12,16,19,21,23,25,26,28,29,31,32,34,37,39,42,46,51]},{"timeSet":16,"dateRange":1,"harmonicAverageSpeed":12.4,"medianSpeed":28.0,"averageSpeed":27.9,"standardDeviationSpeed":14.7,"travelTimeStandardDeviation":14.38,"sampleSize":5105,"normalizedSampleSize":0.5046,"averageTravelTime":9.1,"medianTravelTime":4.03,"travelTimeRatio":1.05,"speedPercentiles":[2,5,11,16,19,21,23,25,27,28,30,32,33,35,37,40,43,47,52]},{"timeSet":17,"dateRange":1,"harmonicAverageSpeed":12.6,"medianSpeed":26.0,"averageSpeed":25.8,"standardDeviationSpeed":13.3,"travelTimeStandardDeviation":13.46,"sampleSize":5658,"normalizedSampleSize":0.5593,"averageTravelTime":8.97,"medianTravelTime":4.34,"travelTimeRatio":1.04,"speedPercentiles":[2,6,11,14,17,20,22,23,25,26,28,29,30,32,34,36,39,43,49]},{"timeSet":18,"dateRange":1,"harmonicAverageSpeed":11.6,"medianSpeed":27.0,"averageSpeed":26.5,"standardDeviationSpeed":14.4,"travelTimeStandardDeviation":15.51,"sampleSize":5616,"normalizedSampleSize":0.5552,"averageTravelTime":9.78,"medianTravelTime":4.18,"travelTimeRatio":1.13,"speedPercentiles":[2,4,10,14,17,20,22,24,25,27,28,30,31,34,36,38,42,45,50]},{"timeSet":19,"dateRange":1,"harmonicAverageSpeed":11.1,"medianSpeed":26.0,"averageSpeed":25.4,"standardDeviationSpeed":13.8,"travelTimeStandardDeviation":15.53,"sampleSize":5721,"normalizedSampleSize":0.5655,"averageTravelTime":10.19,"medianTravelTime":4.34,"travelTimeRatio":1.18,"speedPercentiles":[2,4,9,13,16,19,21,23,25,26,28,29,31,32,34,37,39,43,48]},{"timeSet":20,"dateRange":1,"harmonicAverageSpeed":11.0,"medianSpeed":26.0,"averageSpeed":25.5,"standardDeviationSpeed":14.2,"travelTimeStandardDeviation":15.47,"sampleSize":5627,"normalizedSampleSize":0.5562,"averageTravelTime":10.32,"medianTravelTime":4.34,"travelTimeRatio":1.2,"speedPercentiles":[2,4,9,12,16,18,21,22,24,26,28,29,31,32,34,37,40,44,49]},{"timeSet":21,"dateRange":1,"harmonicAverageSpeed":10.8,"medianSpeed":26.0,"averageSpeed":26.1,"standardDeviationSpeed":15.0,"travelTimeStandardDeviation":15.51,"sampleSize":5384,"normalizedSampleSize":0.5322,"averageTravelTime":10.46,"medianTravelTime":4.34,"travelTimeRatio":1.21,"speedPercentiles":[2,3,7,12,16,18,21,23,25,26,28,30,31,33,36,39,42,46,51]},{"timeSet":22,"dateRange":1,"harmonicAverageSpeed":10.6,"medianSpeed":29.0,"averageSpeed":28.5,"standardDeviationSpeed":16.8,"travelTimeStandardDeviation":16.44,"sampleSize":4537,"normalizedSampleSize":0.4485,"averageTravelTime":10.67,"medianTravelTime":3.9,"travelTimeRatio":1.24,"speedPercentiles":[2,3,7,12,16,20,23,25,27,29,31,33,35,38,40,43,47,50,55]},{"timeSet":23,"dateRange":1,"harmonicAverageSpeed":12.7,"medianSpeed":35.0,"averageSpeed":33.1,"standardDeviationSpeed":20.5,"travelTimeStandardDeviation":12.23,"sampleSize":2411,"normalizedSampleSize":0.2383,"averageTravelTime":8.88,"medianTravelTime":3.23,"travelTimeRatio":1.03,"speedPercentiles":[3,4,6,8,14,19,23,28,32,35,38,41,44,47,49,52,54,58,65]},{"timeSet":24,"dateRange":1,"harmonicAverageSpeed":12.8,"medianSpeed":38.0,"averageSpeed":34.1,"standardDeviationSpeed":21.1,"travelTimeStandardDeviation":12.69,"sampleSize":2017,"normalizedSampleSize":0.1994,"averageTravelTime":8.85,"medianTravelTime":2.97,"travelTimeRatio":1.03,"speedPercentiles":[3,4,6,8,13,19,24,29,34,38,41,44,46,49,51,53,56,60,65]},{"timeSet":25,"dateRange":1,"harmonicAverageSpeed":12.8,"medianSpeed":36.0,"averageSpeed":33.9,"standardDeviationSpeed":21.6,"travelTimeStandardDeviation":11.74,"sampleSize":1744,"normalizedSampleSize":0.1724,"averageTravelTime":8.81,"medianTravelTime":3.14,"travelTimeRatio":1.02,"speedPercentiles":[3,5,6,8,12,18,23,28,33,36,40,43,46,48,51,53,57,61,67]}]}},{"type":"Feature","geometry":{"type":"LineString","coordinates":[[12.4696,41.94697],[12.46958,41.94689]]},"properties":{"segmentId":-13800006407150,"newSegmentId":"-00004931-3600-0400-0000-0000015f88be","speedLimit":50,"frc":2,"streetName":"Corso di Francia","distance":9.82,"segmentTimeResults":[{"timeSet":2,"dateRange":1,"harmonicAverageSpeed":20.2,"medianSpeed":37.0,"averageSpeed":37.6,"standardDeviationSpeed":18.5,"travelTimeStandardDeviation":3.29,"sampleSize":904,"normalizedSampleSize":0.0894,"averageTravelTime":1.75,"medianTravelTime":0.96,"travelTimeRatio":1.0,"speedPercentiles":[6,14,18,21,23,26,29,32,35,37,40,43,46,49,52,55,58,61,67]},{"timeSet":3,"dateRange":1,"harmonicAverageSpeed":21.8,"medianSpeed":36.0,"averageSpeed":38.5,"standardDeviationSpeed":18.9,"travelTimeStandardDeviation":3.86,"sampleSize":589,"normalizedSampleSize":0.0582,"averageTravelTime":1.62,"medianTravelTime":0.98,"travelTimeRatio":0.93,"speedPercentiles":[12,17,19,22,24,26,29,31,33,36,38,42,45,49,52,56,60,64,71]},{"timeSet":4,"dateRange":1,"harmonicAverageSpeed":12.4,"medianSpeed":33.0,"averageSpeed":36.8,"standardDeviationSpeed":18.4,"travelTimeStandardDeviation":15.52,"sampleSize":255,"normalizedSampleSize":0.0252,"averageTravelTime":2.85,"medianTravelTime":1.07,"travelTimeRatio":1.63,"speedPercentiles":[6,17,19,21,23,24,27,29,31,33,36,40,45,48,52,55,57,61,67]},{"timeSet":5,"dateRange":1,"harmonicAverageSpeed":14.1,"medianSpeed":34.0,"averageSpeed":38.4,"standardDeviationSpeed":20.2,"travelTimeStandardDeviation":7.92,"sampleSize":160,"normalizedSampleSize":0.0158,"averageTravelTime":2.51,"medianTravelTime":1.04,"travelTimeRatio":1.43,"speedPercentiles":[5,16,17,21,23,25,27,30,33,34,37,42,47,52,56,60,62,65,70]},{"timeSet":6,"dateRange":1,"harmonicAverageSpeed":23.5,"medianSpeed":38.0,"averageSpeed":40.3,"standardDeviationSpeed":19.1,"travelTimeStandardDeviation":4.12,"sampleSize":240,"normalizedSampleSize":0.0237,"averageTravelTime":1.51,"medianTravelTime":0.93,"travelTimeRatio":0.86,"speedPercentiles":[11,17,20,22,26,27,30,34,36,38,42,46,48,52,55,58,62,65,71]},{"timeSet":7,"dateRange":1,"harmonicAverageSpeed":28.5,"medianSpeed":41.0,"averageSpeed":41.8,"standardDeviationSpeed":16.7,"travelTimeStandardDeviation":2.7,"sampleSize":930,"normalizedSampleSize":0.0919,"averageTravelTime":1.24,"medianTravelTime":0.86,"travelTimeRatio":0.71,"speedPercentiles":[15,21,25,27,29,32,34,37,39,41,44,46,49,51,54,56,60,64,69]},{"timeSet":8,"dateRange":1,"harmonicAverageSpeed":29.7,"medianSpeed":38.0,"averageSpeed":38.2,"standardDeviationSpeed":13.4,"travelTimeStandardDeviation":1.43,"sampleSize":2646,"normalizedSampleSize":0.2616,"averageTravelTime":1.19,"medianTravelTime":0.93,"travelTimeRatio":0.68,"speedPercentiles":[15,21,25,28,30,32,34,35,37,38,39,41,43,45,47,49,51,55,59]},{"timeSet":9,"dateRange":1,"harmonicAverageSpeed":22.2,"medianSpeed":30.0,"averageSpeed":29.8,"standardDeviationSpeed":11.7,"travelTimeStandardDeviation":2.15,"sampleSize":7874,"normalizedSampleSize":0.7784,"averageTravelTime":1.59,"medianTravelTime":1.18,"travelTimeRatio":0.91,"speedPercentiles":[10,14,17,20,22,24,26,27,29,30,31,33,34,35,37,39,41,44,50]},{"timeSet":10,"dateRange":1,"harmonicAverageSpeed":18.6,"medianSpeed":27.0,"averageSpeed":26.5,"standardDeviationSpeed":11.3,"travelTimeStandardDeviation":2.33,"sampleSize":9061,"normalizedSampleSize":0.8957,"averageTravelTime":1.9,"medianTravelTime":1.31,"travelTimeRatio":1.09,"speedPercentiles":[8,11,14,17,19,21,23,24,26,27,28,29,31,32,33,35,37,40,45]},{"timeSet":11,"dateRange":1,"harmonicAverageSpeed":20.7,"medianSpeed":28.0,"averageSpeed":28.2,"standardDeviationSpeed":11.5,"travelTimeStandardDeviation":1.88,"sampleSize":7686,"normalizedSampleSize":0.7598,"averageTravelTime":1.71,"medianTravelTime":1.26,"travelTimeRatio":0.97,"speedPercentiles":[9,13,16,19,21,23,24,26,27,28,29,31,32,33,35,37,39,42,48]},{"timeSet":12,"dateRange":1,"harmonicAverageSpeed":22.6,"medianSpeed":30.0,"averageSpeed":30.6,"standardDeviationSpeed":11.7,"travelTimeStandardDeviation":2.29,"sampleSize":6181,"normalizedSampleSize":0.611,"averageTravelTime":1.56,"medianTravelTime":1.18,"travelTimeRatio":0.89,"speedPercentiles":[11,16,20,22,23,25,26,28,29,30,32,33,34,36,37,39,42,45,51]},{"timeSet":13,"dateRange":1,"harmonicAverageSpeed":22.3,"medianSpeed":31.0,"averageSpeed":30.9,"standardDeviationSpeed":12.1,"travelTimeStandardDeviation":3.17,"sampleSize":5634,"normalizedSampleSize":0.5569,"averageTravelTime":1.59,"medianTravelTime":1.14,"travelTimeRatio":0.91,"speedPercentiles":[10,16,19,22,24,25,27,28,29,31,32,33,34,36,37,39,42,46,52]},{"timeSet":14,"dateRange":1,"harmonicAverageSpeed":22.6,"medianSpeed":31.0,"averageSpeed":31.0,"standardDeviationSpeed":12.6,"travelTimeStandardDeviation":1.89,"sampleSize":5325,"normalizedSampleSize":0.5264,"averageTravelTime":1.56,"medianTravelTime":1.14,"travelTimeRatio":0.89,"speedPercentiles":[10,15,19,22,23,25,26,28,29,31,32,33,35,36,38,40,43,47,53]},{"timeSet":15,"dateRange":1,"harmonicAverageSpeed":22.5,"medianSpeed":31.0,"averageSpeed":31.2,"standardDeviationSpeed":12.6,"travelTimeStandardDeviation":2.23,"sampleSize":5537,"normalizedSampleSize":0.5474,"averageTravelTime":1.57,"medianTravelTime":1.14,"travelTimeRatio":0.9,"speedPercentiles":[10,15,19,21,24,25,27,28,29,31,32,34,35,37,38,41,44,48,53]},{"timeSet":16,"dateRange":1,"harmonicAverageSpeed":23.3,"medianSpeed":31.0,"averageSpeed":31.9,"standardDeviationSpeed":12.6,"travelTimeStandardDeviation":2.52,"sampleSize":5639,"normalizedSampleSize":0.5574,"averageTravelTime":1.52,"medianTravelTime":1.14,"travelTimeRatio":0.86,"speedPercentiles":[11,16,20,22,24,26,27,29,30,31,33,34,36,37,39,41,44,48,53]},{"timeSet":17,"dateRange":1,"harmonicAverageSpeed":21.4,"medianSpeed":29.0,"averageSpeed":29.3,"standardDeviationSpeed":11.8,"travelTimeStandardDeviation":2.49,"sampleSize":6434,"normalizedSampleSize":0.636,"averageTravelTime":1.65,"medianTravelTime":1.22,"travelTimeRatio":0.94,"speedPercentiles":[10,14,18,20,22,24,25,27,28,29,30,31,33,34,36,38,40,45,50]},{"timeSet":18,"dateRange":1,"harmonicAverageSpeed":21.7,"medianSpeed":30.0,"averageSpeed":30.5,"standardDeviationSpeed":12.3,"travelTimeStandardDeviation":2.55,"sampleSize":6391,"normalizedSampleSize":0.6318,"averageTravelTime":1.63,"medianTravelTime":1.18,"travelTimeRatio":0.93,"speedPercentiles":[10,15,18,21,23,25,26,27,29,30,31,33,35,36,38,40,42,46,51]},{"timeSet":19,"dateRange":1,"harmonicAverageSpeed":21.9,"medianSpeed":30.0,"averageSpeed":30.0,"standardDeviationSpeed":11.6,"travelTimeStandardDeviation":2.3,"sampleSize":6435,"normalizedSampleSize":0.6361,"averageTravelTime":1.62,"medianTravelTime":1.18,"travelTimeRatio":0.92,"speedPercentiles":[10,15,18,21,23,25,26,28,29,30,31,32,34,35,37,39,41,45,50]},{"timeSet":20,"dateRange":1,"harmonicAverageSpeed":22.3,"medianSpeed":30.0,"averageSpeed":30.4,"standardDeviationSpeed":11.8,"travelTimeStandardDeviation":2.43,"sampleSize":6202,"normalizedSampleSize":0.6131,"averageTravelTime":1.59,"medianTravelTime":1.18,"travelTimeRatio":0.91,"speedPercentiles":[10,15,18,21,23,25,26,28,29,30,31,33,34,36,37,39,42,45,51]},{"timeSet":21,"dateRange":1,"harmonicAverageSpeed":22.5,"medianSpeed":31.0,"averageSpeed":31.2,"standardDeviationSpeed":12.5,"travelTimeStandardDeviation":2.0,"sampleSize":5892,"normalizedSampleSize":0.5824,"averageTravelTime":1.57,"medianTravelTime":1.14,"travelTimeRatio":0.89,"speedPercentiles":[10,15,19,21,24,25,27,28,30,31,32,34,35,37,38,41,44,47,52]},{"timeSet":22,"dateRange":1,"harmonicAverageSpeed":22.8,"medianSpeed":32.0,"averageSpeed":33.2,"standardDeviationSpeed":13.7,"travelTimeStandardDeviation":2.42,"sampleSize":5226,"normalizedSampleSize":0.5166,"averageTravelTime":1.55,"medianTravelTime":1.1,"travelTimeRatio":0.88,"speedPercentiles":[10,16,20,23,25,26,28,29,31,32,34,36,37,39,41,44,47,51,57]},{"timeSet":23,"dateRange":1,"harmonicAverageSpeed":24.5,"medianSpeed":35.0,"averageSpeed":37.3,"standardDeviationSpeed":16.5,"travelTimeStandardDeviation":2.57,"sampleSize":2845,"normalizedSampleSize":0.2812,"averageTravelTime":1.45,"medianTravelTime":1.01,"travelTimeRatio":0.82,"speedPercentiles":[11,18,21,24,26,28,29,31,33,35,38,41,43,46,49,52,55,59,65]},{"timeSet":24,"dateRange":1,"harmonicAverageSpeed":22.1,"medianSpeed":36.0,"averageSpeed":37.4,"standardDeviationSpeed":16.8,"travelTimeStandardDeviation":4.13,"sampleSize":2446,"normalizedSampleSize":0.2418,"averageTravelTime":1.6,"medianTravelTime":0.98,"travelTimeRatio":0.91,"speedPercentiles":[10,17,20,23,25,27,29,32,34,36,39,41,44,48,50,53,56,59,65]},{"timeSet":25,"dateRange":1,"harmonicAverageSpeed":22.8,"medianSpeed":35.0,"averageSpeed":37.3,"standardDeviationSpeed":17.2,"travelTimeStandardDeviation":3.28,"sampleSize":2125,"normalizedSampleSize":0.2101,"averageTravelTime":1.55,"medianTravelTime":1.01,"travelTimeRatio":0.88,"speedPercentiles":[10,17,21,22,25,27,29,31,32,35,38,41,44,47,50,53,56,61,67]}]}},{"type":"Feature","geometry":{"type":"LineString","coordinates":[[12.46958,41.94689],[12.46956,41.94682],[12.46952,41.94671],[12.46949,41.94661],[12.46941,41.94638]]},"properties":{"segmentId":-13800006502581,"newSegmentId":"-00004931-3600-0400-0000-0000015f88c0","speedLimit":50,"frc":2,"streetName":"Corso di Francia","distance":57.45,"segmentTimeResults":[{"timeSet":2,"dateRange":1,"harmonicAverageSpeed":21.7,"medianSpeed":43.0,"averageSpeed":42.9,"standardDeviationSpeed":17.5,"travelTimeStandardDeviation":20.23,"sampleSize":855,"normalizedSampleSize":0.0845,"averageTravelTime":9.54,"medianTravelTime":4.81,"travelTimeRatio":1.0,"speedPercentiles":[8,18,27,31,34,36,37,39,41,43,45,48,49,53,55,57,60,64,70]},{"timeSet":3,"dateRange":1,"harmonicAverageSpeed":26.4,"medianSpeed":42.0,"averageSpeed":43.5,"standardDeviationSpeed":17.5,"travelTimeStandardDeviation":15.82,"sampleSize":560,"normalizedSampleSize":0.0554,"averageTravelTime":7.84,"medianTravelTime":4.92,"travelTimeRatio":0.82,"speedPercentiles":[14,25,29,31,33,34,36,38,40,42,44,46,48,51,55,58,62,66,74]},{"timeSet":4,"dateRange":1,"harmonicAverageSpeed":20.1,"medianSpeed":43.0,"averageSpeed":42.6,"standardDeviationSpeed":16.7,"travelTimeStandardDeviation":29.63,"sampleSize":237,"normalizedSampleSize":0.0234,"averageTravelTime":10.28,"medianTravelTime":4.81,"travelTimeRatio":1.08,"speedPercentiles":[8,21,27,32,34,35,37,39,41,43,45,47,49,52,54,57,60,64,68]},{"timeSet":5,"dateRange":1,"harmonicAverageSpeed":25.9,"medianSpeed":43.0,"averageSpeed":45.4,"standardDeviationSpeed":17.4,"travelTimeStandardDeviation":19.96,"sampleSize":143,"normalizedSampleSize":0.0141,"averageTravelTime":7.98,"medianTravelTime":4.81,"travelTimeRatio":0.84,"speedPercentiles":[21,25,30,31,34,35,37,39,41,43,45,47,52,56,60,64,67,68,69]},{"timeSet":6,"dateRange":1,"harmonicAverageSpeed":26.8,"medianSpeed":47.0,"averageSpeed":46.5,"standardDeviationSpeed":17.8,"travelTimeStandardDeviation":15.14,"sampleSize":226,"normalizedSampleSize":0.0223,"averageTravelTime":7.71,"medianTravelTime":4.4,"travelTimeRatio":0.81,"speedPercentiles":[11,25,30,33,36,38,40,42,44,47,49,53,54,57,60,61,65,67,72]},{"timeSet":7,"dateRange":1,"harmonicAverageSpeed":27.2,"medianSpeed":46.0,"averageSpeed":45.8,"standardDeviationSpeed":16.1,"travelTimeStandardDeviation":19.41,"sampleSize":909,"normalizedSampleSize":0.0899,"averageTravelTime":7.61,"medianTravelTime":4.5,"travelTimeRatio":0.8,"speedPercentiles":[16,26,31,34,37,39,41,43,44,46,48,50,52,54,56,59,62,66,71]},{"timeSet":8,"dateRange":1,"harmonicAverageSpeed":29.8,"medianSpeed":42.0,"averageSpeed":41.7,"standardDeviationSpeed":13.3,"travelTimeStandardDeviation":12.95,"sampleSize":2588,"normalizedSampleSize":0.2558,"averageTravelTime":6.94,"medianTravelTime":4.92,"travelTimeRatio":0.73,"speedPercentiles":[17,26,30,33,35,37,38,40,41,42,43,45,46,47,50,52,55,58,63]},{"timeSet":9,"dateRange":1,"harmonicAverageSpeed":23.3,"medianSpeed":34.0,"averageSpeed":32.3,"standardDeviationSpeed":12.3,"travelTimeStandardDeviation":12.56,"sampleSize":7733,"normalizedSampleSize":0.7644,"averageTravelTime":8.88,"medianTravelTime":6.08,"travelTimeRatio":0.93,"speedPercentiles":[10,14,18,21,25,27,29,31,32,34,35,36,37,38,40,42,44,46,51]},{"timeSet":10,"dateRange":1,"harmonicAverageSpeed":19.9,"medianSpeed":30.0,"averageSpeed":28.3,"standardDeviationSpeed":12.0,"travelTimeStandardDeviation":12.52,"sampleSize":8812,"normalizedSampleSize":0.8711,"averageTravelTime":10.37,"medianTravelTime":6.89,"travelTimeRatio":1.09,"speedPercentiles":[8,11,14,17,19,22,24,26,28,30,31,32,34,35,37,38,40,42,47]},{"timeSet":11,"dateRange":1,"harmonicAverageSpeed":21.2,"medianSpeed":32.0,"averageSpeed":30.6,"standardDeviationSpeed":12.2,"travelTimeStandardDeviation":13.9,"sampleSize":7447,"normalizedSampleSize":0.7362,"averageTravelTime":9.77,"medianTravelTime":6.46,"travelTimeRatio":1.02,"speedPercentiles":[9,13,17,20,23,25,27,29,30,32,33,34,35,37,38,40,42,45,49]},{"timeSet":12,"dateRange":1,"harmonicAverageSpeed":23.0,"medianSpeed":34.0,"averageSpeed":33.5,"standardDeviationSpeed":11.9,"travelTimeStandardDeviation":17.18,"sampleSize":6030,"normalizedSampleSize":0.5961,"averageTravelTime":8.98,"medianTravelTime":6.08,"travelTimeRatio":0.94,"speedPercentiles":[12,18,22,25,27,29,30,32,33,34,35,37,38,39,40,42,44,47,52]},{"timeSet":13,"dateRange":1,"harmonicAverageSpeed":24.2,"medianSpeed":34.0,"averageSpeed":33.7,"standardDeviationSpeed":12.3,"travelTimeStandardDeviation":14.16,"sampleSize":5470,"normalizedSampleSize":0.5407,"averageTravelTime":8.55,"medianTravelTime":6.08,"travelTimeRatio":0.9,"speedPercentiles":[12,18,22,25,27,29,30,32,33,34,35,36,38,39,40,42,44,48,55]},{"timeSet":14,"dateRange":1,"harmonicAverageSpeed":23.3,"medianSpeed":34.0,"averageSpeed":33.9,"standardDeviationSpeed":12.8,"travelTimeStandardDeviation":15.37,"sampleSize":5168,"normalizedSampleSize":0.5109,"averageTravelTime":8.89,"medianTravelTime":6.08,"travelTimeRatio":0.93,"speedPercentiles":[10,16,21,24,27,29,30,32,33,34,36,37,38,40,41,43,45,49,55]},{"timeSet":15,"dateRange":1,"harmonicAverageSpeed":23.9,"medianSpeed":35.0,"averageSpeed":34.2,"standardDeviationSpeed":12.5,"travelTimeStandardDeviation":15.31,"sampleSize":5391,"normalizedSampleSize":0.5329,"averageTravelTime":8.65,"medianTravelTime":5.91,"travelTimeRatio":0.91,"speedPercentiles":[12,17,22,25,27,29,30,32,33,35,36,37,38,40,41,43,46,50,55]},{"timeSet":16,"dateRange":1,"harmonicAverageSpeed":23.9,"medianSpeed":35.0,"averageSpeed":34.6,"standardDeviationSpeed":12.7,"travelTimeStandardDeviation":14.25,"sampleSize":5477,"normalizedSampleSize":0.5414,"averageTravelTime":8.67,"medianTravelTime":5.91,"travelTimeRatio":0.91,"speedPercentiles":[12,18,23,26,28,30,31,32,34,35,36,37,39,40,41,43,46,50,56]},{"timeSet":17,"dateRange":1,"harmonicAverageSpeed":22.8,"medianSpeed":33.0,"averageSpeed":32.0,"standardDeviationSpeed":12.0,"travelTimeStandardDeviation":14.09,"sampleSize":6278,"normalizedSampleSize":0.6206,"averageTravelTime":9.08,"medianTravelTime":6.27,"travelTimeRatio":0.95,"speedPercentiles":[11,16,20,23,25,27,29,30,31,33,34,35,36,37,39,41,43,46,52]},{"timeSet":18,"dateRange":1,"harmonicAverageSpeed":21.8,"medianSpeed":35.0,"averageSpeed":33.5,"standardDeviationSpeed":12.6,"travelTimeStandardDeviation":20.53,"sampleSize":6184,"normalizedSampleSize":0.6113,"averageTravelTime":9.47,"medianTravelTime":5.91,"travelTimeRatio":0.99,"speedPercentiles":[10,16,20,24,27,29,30,32,33,35,36,37,38,40,41,43,45,48,53]},{"timeSet":19,"dateRange":1,"harmonicAverageSpeed":22.8,"medianSpeed":34.0,"averageSpeed":33.0,"standardDeviationSpeed":11.9,"travelTimeStandardDeviation":15.07,"sampleSize":6254,"normalizedSampleSize":0.6182,"averageTravelTime":9.07,"medianTravelTime":6.08,"travelTimeRatio":0.95,"speedPercentiles":[11,16,20,24,26,28,30,32,33,34,35,36,38,39,40,42,44,47,51]},{"timeSet":20,"dateRange":1,"harmonicAverageSpeed":22.2,"medianSpeed":35.0,"averageSpeed":33.5,"standardDeviationSpeed":12.2,"travelTimeStandardDeviation":16.25,"sampleSize":5988,"normalizedSampleSize":0.5919,"averageTravelTime":9.33,"medianTravelTime":5.91,"travelTimeRatio":0.98,"speedPercentiles":[10,16,21,24,27,29,31,32,34,35,36,37,38,40,41,43,45,47,52]},{"timeSet":21,"dateRange":1,"harmonicAverageSpeed":24.0,"medianSpeed":36.0,"averageSpeed":34.7,"standardDeviationSpeed":12.6,"travelTimeStandardDeviation":14.41,"sampleSize":5690,"normalizedSampleSize":0.5625,"averageTravelTime":8.63,"medianTravelTime":5.74,"travelTimeRatio":0.9,"speedPercentiles":[11,17,22,25,28,30,32,33,35,36,37,38,39,40,42,44,46,49,54]},{"timeSet":22,"dateRange":1,"harmonicAverageSpeed":22.3,"medianSpeed":38.0,"averageSpeed":36.7,"standardDeviationSpeed":13.9,"travelTimeStandardDeviation":18.09,"sampleSize":5054,"normalizedSampleSize":0.4996,"averageTravelTime":9.28,"medianTravelTime":5.44,"travelTimeRatio":0.97,"speedPercentiles":[10,17,23,27,30,32,34,35,36,38,39,40,41,43,45,47,49,53,58]},{"timeSet":23,"dateRange":1,"harmonicAverageSpeed":21.2,"medianSpeed":41.0,"averageSpeed":41.1,"standardDeviationSpeed":16.5,"travelTimeStandardDeviation":21.65,"sampleSize":2723,"normalizedSampleSize":0.2692,"averageTravelTime":9.78,"medianTravelTime":5.04,"travelTimeRatio":1.02,"speedPercentiles":[8,20,26,30,32,34,36,38,39,41,43,45,47,49,52,55,58,62,67]},{"timeSet":24,"dateRange":1,"harmonicAverageSpeed":21.2,"medianSpeed":42.0,"averageSpeed":41.3,"standardDeviationSpeed":16.6,"travelTimeStandardDeviation":21.94,"sampleSize":2333,"normalizedSampleSize":0.2306,"averageTravelTime":9.74,"medianTravelTime":4.92,"travelTimeRatio":1.02,"speedPercentiles":[8,18,25,30,33,35,37,39,40,42,43,45,48,50,53,55,58,62,66]},{"timeSet":25,"dateRange":1,"harmonicAverageSpeed":21.2,"medianSpeed":42.0,"averageSpeed":41.8,"standardDeviationSpeed":16.6,"travelTimeStandardDeviation":36.37,"sampleSize":2046,"normalizedSampleSize":0.2023,"averageTravelTime":9.76,"medianTravelTime":4.92,"travelTimeRatio":1.02,"speedPercentiles":[10,21,27,31,33,35,36,38,40,42,43,45,47,49,52,55,59,63,70]}]}},{"type":"Feature","geometry":{"type":"LineString","coordinates":[[12.46941,41.94638],[12.46932,41.9461]]},"properties":{"segmentId":-13800007235814,"newSegmentId":"-00004931-3600-0400-0000-0000014b1191","speedLimit":50,"frc":2,"streetName":"Corso di Francia","distance":32.98,"segmentTimeResults":[{"timeSet":2,"dateRange":1,"harmonicAverageSpeed":27.1,"medianSpeed":51.0,"averageSpeed":49.2,"standardDeviationSpeed":17.2,"travelTimeStandardDeviation":15.36,"sampleSize":814,"normalizedSampleSize":0.0805,"averageTravelTime":4.38,"medianTravelTime":2.33,"travelTimeRatio":1.0,"speedPercentiles":[15,25,32,38,41,43,45,47,49,51,53,55,56,58,60,63,65,69,74]},{"timeSet":3,"dateRange":1,"harmonicAverageSpeed":32.1,"medianSpeed":50.0,"averageSpeed":49.9,"standardDeviationSpeed":17.4,"travelTimeStandardDeviation":12.39,"sampleSize":511,"normalizedSampleSize":0.0505,"averageTravelTime":3.7,"medianTravelTime":2.37,"travelTimeRatio":0.85,"speedPercentiles":[16,27,35,39,41,43,45,46,48,50,52,54,56,58,60,63,66,71,78]},{"timeSet":4,"dateRange":1,"harmonicAverageSpeed":32.5,"medianSpeed":50.0,"averageSpeed":48.0,"standardDeviationSpeed":16.6,"travelTimeStandardDeviation":6.64,"sampleSize":225,"normalizedSampleSize":0.0222,"averageTravelTime":3.65,"medianTravelTime":2.37,"travelTimeRatio":0.83,"speedPercentiles":[19,23,31,35,38,42,44,46,49,50,52,53,55,57,60,62,64,67,72]},{"timeSet":5,"dateRange":1,"harmonicAverageSpeed":43.4,"medianSpeed":53.0,"averageSpeed":51.9,"standardDeviationSpeed":16.9,"travelTimeStandardDeviation":1.77,"sampleSize":140,"normalizedSampleSize":0.0138,"averageTravelTime":2.74,"medianTravelTime":2.24,"travelTimeRatio":0.63,"speedPercentiles":[17,30,34,40,42,45,46,48,51,53,55,56,58,60,64,66,69,72,77]},{"timeSet":6,"dateRange":1,"harmonicAverageSpeed":42.7,"medianSpeed":55.0,"averageSpeed":53.2,"standardDeviationSpeed":17.3,"travelTimeStandardDeviation":2.37,"sampleSize":220,"normalizedSampleSize":0.0217,"averageTravelTime":2.78,"medianTravelTime":2.16,"travelTimeRatio":0.64,"speedPercentiles":[21,29,36,40,43,46,48,50,52,55,56,58,61,63,65,68,70,73,77]},{"timeSet":7,"dateRange":1,"harmonicAverageSpeed":35.7,"medianSpeed":53.0,"averageSpeed":49.5,"standardDeviationSpeed":17.5,"travelTimeStandardDeviation":3.72,"sampleSize":905,"normalizedSampleSize":0.0895,"averageTravelTime":3.32,"medianTravelTime":2.24,"travelTimeRatio":0.76,"speedPercentiles":[14,22,29,36,41,44,47,49,51,53,54,55,57,59,61,63,66,70,74]},{"timeSet":8,"dateRange":1,"harmonicAverageSpeed":33.9,"medianSpeed":47.0,"averageSpeed":45.1,"standardDeviationSpeed":14.7,"travelTimeStandardDeviation":4.2,"sampleSize":2568,"normalizedSampleSize":0.2539,"averageTravelTime":3.51,"medianTravelTime":2.53,"travelTimeRatio":0.8,"speedPercentiles":[15,24,31,36,39,41,43,44,46,47,48,49,51,52,54,56,59,62,67]},{"timeSet":9,"dateRange":1,"harmonicAverageSpeed":26.1,"medianSpeed":37.0,"averageSpeed":35.3,"standardDeviationSpeed":13.6,"travelTimeStandardDeviation":5.13,"sampleSize":7645,"normalizedSampleSize":0.7557,"averageTravelTime":4.54,"medianTravelTime":3.21,"travelTimeRatio":1.04,"speedPercentiles":[11,15,19,22,26,29,32,34,36,37,39,40,41,43,44,46,48,51,56]},{"timeSet":10,"dateRange":1,"harmonicAverageSpeed":22.1,"medianSpeed":32.0,"averageSpeed":31.0,"standardDeviationSpeed":13.1,"travelTimeStandardDeviation":6.26,"sampleSize":8650,"normalizedSampleSize":0.8551,"averageTravelTime":5.38,"medianTravelTime":3.71,"travelTimeRatio":1.23,"speedPercentiles":[9,13,15,18,21,23,26,28,31,32,34,36,38,39,41,42,44,47,51]},{"timeSet":11,"dateRange":1,"harmonicAverageSpeed":25.3,"medianSpeed":36.0,"averageSpeed":34.3,"standardDeviationSpeed":13.2,"travelTimeStandardDeviation":6.01,"sampleSize":7274,"normalizedSampleSize":0.7191,"averageTravelTime":4.7,"medianTravelTime":3.3,"travelTimeRatio":1.07,"speedPercentiles":[11,15,19,22,25,28,31,33,35,36,37,39,40,42,43,45,47,50,54]},{"timeSet":12,"dateRange":1,"harmonicAverageSpeed":29.5,"medianSpeed":39.0,"averageSpeed":37.8,"standardDeviationSpeed":12.5,"travelTimeStandardDeviation":5.75,"sampleSize":5784,"normalizedSampleSize":0.5718,"averageTravelTime":4.03,"medianTravelTime":3.04,"travelTimeRatio":0.92,"speedPercentiles":[15,21,25,28,31,33,35,36,38,39,40,41,42,44,45,47,49,52,57]},{"timeSet":13,"dateRange":1,"harmonicAverageSpeed":29.9,"medianSpeed":39.0,"averageSpeed":38.0,"standardDeviationSpeed":12.7,"travelTimeStandardDeviation":5.31,"sampleSize":5209,"normalizedSampleSize":0.5149,"averageTravelTime":3.97,"medianTravelTime":3.04,"travelTimeRatio":0.91,"speedPercentiles":[15,21,26,29,31,33,35,36,37,39,40,41,42,44,45,47,50,53,59]},{"timeSet":14,"dateRange":1,"harmonicAverageSpeed":29.9,"medianSpeed":39.0,"averageSpeed":38.4,"standardDeviationSpeed":13.1,"travelTimeStandardDeviation":4.74,"sampleSize":4863,"normalizedSampleSize":0.4807,"averageTravelTime":3.98,"medianTravelTime":3.04,"travelTimeRatio":0.91,"speedPercentiles":[14,21,25,29,31,33,35,37,38,39,41,42,43,45,46,48,50,54,59]},{"timeSet":15,"dateRange":1,"harmonicAverageSpeed":29.5,"medianSpeed":39.0,"averageSpeed":38.3,"standardDeviationSpeed":13.1,"travelTimeStandardDeviation":6.19,"sampleSize":5118,"normalizedSampleSize":0.5059,"averageTravelTime":4.02,"medianTravelTime":3.04,"travelTimeRatio":0.92,"speedPercentiles":[15,20,25,28,31,33,35,36,38,39,40,42,43,44,46,48,50,54,59]},{"timeSet":16,"dateRange":1,"harmonicAverageSpeed":30.2,"medianSpeed":39.0,"averageSpeed":38.6,"standardDeviationSpeed":13.2,"travelTimeStandardDeviation":4.86,"sampleSize":5143,"normalizedSampleSize":0.5084,"averageTravelTime":3.93,"medianTravelTime":3.04,"travelTimeRatio":0.9,"speedPercentiles":[14,21,26,29,31,34,35,37,38,39,40,42,43,45,46,48,51,55,60]},{"timeSet":17,"dateRange":1,"harmonicAverageSpeed":28.3,"medianSpeed":36.0,"averageSpeed":35.9,"standardDeviationSpeed":12.9,"travelTimeStandardDeviation":4.82,"sampleSize":5948,"normalizedSampleSize":0.588,"averageTravelTime":4.2,"medianTravelTime":3.3,"travelTimeRatio":0.96,"speedPercentiles":[13,18,22,25,28,30,32,34,35,36,38,39,41,42,44,46,48,52,57]},{"timeSet":18,"dateRange":1,"harmonicAverageSpeed":30.1,"medianSpeed":40.0,"averageSpeed":38.7,"standardDeviationSpeed":13.1,"travelTimeStandardDeviation":5.62,"sampleSize":5740,"normalizedSampleSize":0.5674,"averageTravelTime":3.95,"medianTravelTime":2.97,"travelTimeRatio":0.9,"speedPercentiles":[13,19,24,28,32,34,36,38,39,40,42,43,44,46,47,49,51,53,58]},{"timeSet":19,"dateRange":1,"harmonicAverageSpeed":29.5,"medianSpeed":40.0,"averageSpeed":37.9,"standardDeviationSpeed":12.6,"travelTimeStandardDeviation":4.9,"sampleSize":5918,"normalizedSampleSize":0.585,"averageTravelTime":4.03,"medianTravelTime":2.97,"travelTimeRatio":0.92,"speedPercentiles":[14,19,24,28,31,34,35,37,38,40,41,42,43,44,46,48,50,52,56]},{"timeSet":20,"dateRange":1,"harmonicAverageSpeed":27.8,"medianSpeed":40.0,"averageSpeed":38.2,"standardDeviationSpeed":12.9,"travelTimeStandardDeviation":7.69,"sampleSize":5662,"normalizedSampleSize":0.5597,"averageTravelTime":4.28,"medianTravelTime":2.97,"travelTimeRatio":0.98,"speedPercentiles":[13,18,24,28,32,34,36,38,39,40,41,43,44,45,47,48,50,52,56]},{"timeSet":21,"dateRange":1,"harmonicAverageSpeed":30.2,"medianSpeed":41.0,"averageSpeed":39.4,"standardDeviationSpeed":13.2,"travelTimeStandardDeviation":5.12,"sampleSize":5392,"normalizedSampleSize":0.533,"averageTravelTime":3.93,"medianTravelTime":2.9,"travelTimeRatio":0.9,"speedPercentiles":[14,19,25,30,33,35,37,39,40,41,42,44,45,46,48,49,51,54,58]},{"timeSet":22,"dateRange":1,"harmonicAverageSpeed":30.8,"medianSpeed":44.0,"averageSpeed":41.8,"standardDeviationSpeed":14.3,"travelTimeStandardDeviation":5.68,"sampleSize":4794,"normalizedSampleSize":0.4739,"averageTravelTime":3.86,"medianTravelTime":2.7,"travelTimeRatio":0.88,"speedPercentiles":[13,21,26,32,35,37,39,41,42,44,45,46,47,49,50,52,55,58,63]},{"timeSet":23,"dateRange":1,"harmonicAverageSpeed":29.7,"medianSpeed":47.0,"averageSpeed":46.2,"standardDeviationSpeed":16.5,"travelTimeStandardDeviation":8.53,"sampleSize":2601,"normalizedSampleSize":0.2571,"averageTravelTime":3.99,"medianTravelTime":2.53,"travelTimeRatio":0.91,"speedPercentiles":[15,22,29,35,38,41,43,44,46,47,49,51,53,55,57,59,62,65,70]},{"timeSet":24,"dateRange":1,"harmonicAverageSpeed":31.8,"medianSpeed":48.0,"averageSpeed":46.6,"standardDeviationSpeed":16.7,"travelTimeStandardDeviation":6.4,"sampleSize":2213,"normalizedSampleSize":0.2188,"averageTravelTime":3.73,"medianTravelTime":2.47,"travelTimeRatio":0.85,"speedPercentiles":[13,21,29,35,39,41,44,45,47,48,50,52,54,55,57,60,62,66,71]},{"timeSet":25,"dateRange":1,"harmonicAverageSpeed":34.6,"medianSpeed":49.0,"averageSpeed":47.7,"standardDeviationSpeed":16.3,"travelTimeStandardDeviation":6.08,"sampleSize":1935,"normalizedSampleSize":0.1913,"averageTravelTime":3.43,"medianTravelTime":2.42,"travelTimeRatio":0.78,"speedPercentiles":[15,24,32,36,40,42,44,46,47,49,50,52,54,56,58,60,63,67,73]}]}},{"type":"Feature","geometry":{"type":"LineString","coordinates":[[12.46932,41.9461],[12.46927,41.94594],[12.46923,41.94583]]},"properties":{"segmentId":-13800007335853,"newSegmentId":"-00004931-3600-0400-0000-0000015d7bc5","speedLimit":50,"frc":2,"streetName":"Corso di Francia","distance":30.86,"segmentTimeResults":[{"timeSet":2,"dateRange":1,"harmonicAverageSpeed":39.6,"medianSpeed":53.0,"averageSpeed":51.4,"standardDeviationSpeed":16.5,"travelTimeStandardDeviation":3.65,"sampleSize":816,"normalizedSampleSize":0.0807,"averageTravelTime":2.81,"medianTravelTime":2.1,"travelTimeRatio":1.0,"speedPercentiles":[19,29,36,40,42,45,47,49,51,53,55,56,58,60,62,65,67,70,77]},{"timeSet":3,"dateRange":1,"harmonicAverageSpeed":40.3,"medianSpeed":52.0,"averageSpeed":51.7,"standardDeviationSpeed":17.0,"travelTimeStandardDeviation":3.91,"sampleSize":517,"normalizedSampleSize":0.0511,"averageTravelTime":2.76,"medianTravelTime":2.14,"travelTimeRatio":0.98,"speedPercentiles":[20,31,36,40,43,44,46,48,50,52,53,55,57,60,62,64,67,73,83]},{"timeSet":4,"dateRange":1,"harmonicAverageSpeed":37.1,"medianSpeed":52.0,"averageSpeed":51.3,"standardDeviationSpeed":16.4,"travelTimeStandardDeviation":5.82,"sampleSize":225,"normalizedSampleSize":0.0222,"averageTravelTime":2.99,"medianTravelTime":2.14,"travelTimeRatio":1.07,"speedPercentiles":[21,30,36,39,43,45,46,49,51,52,53,56,57,59,62,64,66,70,74]},{"timeSet":5,"dateRange":1,"harmonicAverageSpeed":48.4,"medianSpeed":56.0,"averageSpeed":54.7,"standardDeviationSpeed":16.0,"travelTimeStandardDeviation":1.08,"sampleSize":140,"normalizedSampleSize":0.0138,"averageTravelTime":2.3,"medianTravelTime":1.98,"travelTimeRatio":0.82,"speedPercentiles":[27,32,37,42,45,46,50,52,54,56,58,60,61,63,66,68,70,73,77]},{"timeSet":6,"dateRange":1,"harmonicAverageSpeed":44.8,"medianSpeed":57.0,"averageSpeed":55.3,"standardDeviationSpeed":16.8,"travelTimeStandardDeviation":2.34,"sampleSize":220,"normalizedSampleSize":0.0217,"averageTravelTime":2.48,"medianTravelTime":1.95,"travelTimeRatio":0.88,"speedPercentiles":[23,32,39,43,45,48,51,54,55,57,58,60,63,65,67,70,72,75,78]},{"timeSet":7,"dateRange":1,"harmonicAverageSpeed":39.0,"medianSpeed":55.0,"averageSpeed":51.7,"standardDeviationSpeed":17.4,"travelTimeStandardDeviation":2.88,"sampleSize":911,"normalizedSampleSize":0.0901,"averageTravelTime":2.85,"medianTravelTime":2.02,"travelTimeRatio":1.02,"speedPercentiles":[16,24,32,38,44,46,49,51,53,55,57,58,60,61,63,66,68,71,75]},{"timeSet":8,"dateRange":1,"harmonicAverageSpeed":37.9,"medianSpeed":49.0,"averageSpeed":47.1,"standardDeviationSpeed":14.2,"travelTimeStandardDeviation":2.98,"sampleSize":2580,"normalizedSampleSize":0.255,"averageTravelTime":2.93,"medianTravelTime":2.27,"travelTimeRatio":1.04,"speedPercentiles":[18,27,34,38,41,43,45,46,47,49,50,51,53,54,56,58,60,63,68]},{"timeSet":9,"dateRange":1,"harmonicAverageSpeed":27.8,"medianSpeed":39.0,"averageSpeed":36.6,"standardDeviationSpeed":13.7,"travelTimeStandardDeviation":3.9,"sampleSize":7654,"normalizedSampleSize":0.7566,"averageTravelTime":3.99,"medianTravelTime":2.85,"travelTimeRatio":1.42,"speedPercentiles":[12,16,20,24,27,30,33,35,37,39,40,42,43,44,46,47,49,52,57]},{"timeSet":10,"dateRange":1,"harmonicAverageSpeed":22.2,"medianSpeed":34.0,"averageSpeed":32.0,"standardDeviationSpeed":13.2,"travelTimeStandardDeviation":5.79,"sampleSize":8695,"normalizedSampleSize":0.8595,"averageTravelTime":5.0,"medianTravelTime":3.27,"travelTimeRatio":1.78,"speedPercentiles":[9,13,16,19,22,25,27,30,32,34,35,37,39,40,42,43,45,48,51]},{"timeSet":11,"dateRange":1,"harmonicAverageSpeed":26.7,"medianSpeed":38.0,"averageSpeed":35.9,"standardDeviationSpeed":13.3,"travelTimeStandardDeviation":4.63,"sampleSize":7302,"normalizedSampleSize":0.7218,"averageTravelTime":4.16,"medianTravelTime":2.92,"travelTimeRatio":1.48,"speedPercentiles":[12,16,20,24,27,30,33,35,36,38,39,41,42,43,45,46,48,51,55]},{"timeSet":12,"dateRange":1,"harmonicAverageSpeed":32.5,"medianSpeed":40.0,"averageSpeed":39.2,"standardDeviationSpeed":12.3,"travelTimeStandardDeviation":3.02,"sampleSize":5805,"normalizedSampleSize":0.5738,"averageTravelTime":3.42,"medianTravelTime":2.78,"travelTimeRatio":1.22,"speedPercentiles":[17,22,27,30,33,34,36,38,39,40,41,42,44,45,47,48,50,53,58]},{"timeSet":13,"dateRange":1,"harmonicAverageSpeed":31.7,"medianSpeed":40.0,"averageSpeed":39.1,"standardDeviationSpeed":12.6,"travelTimeStandardDeviation":4.08,"sampleSize":5230,"normalizedSampleSize":0.517,"averageTravelTime":3.5,"medianTravelTime":2.78,"travelTimeRatio":1.25,"speedPercentiles":[16,22,27,30,32,34,36,37,38,40,41,42,43,44,46,48,51,54,60]},{"timeSet":14,"dateRange":1,"harmonicAverageSpeed":31.9,"medianSpeed":40.0,"averageSpeed":39.6,"standardDeviationSpeed":12.9,"travelTimeStandardDeviation":3.58,"sampleSize":4887,"normalizedSampleSize":0.4831,"averageTravelTime":3.48,"medianTravelTime":2.78,"travelTimeRatio":1.24,"speedPercentiles":[16,22,27,30,33,35,36,38,39,40,42,43,44,46,47,49,51,55,60]},{"timeSet":15,"dateRange":1,"harmonicAverageSpeed":31.9,"medianSpeed":40.0,"averageSpeed":39.5,"standardDeviationSpeed":13.2,"travelTimeStandardDeviation":3.25,"sampleSize":5137,"normalizedSampleSize":0.5078,"averageTravelTime":3.48,"medianTravelTime":2.78,"travelTimeRatio":1.24,"speedPercentiles":[16,22,26,30,32,34,36,38,39,40,41,43,44,45,47,49,52,55,61]},{"timeSet":16,"dateRange":1,"harmonicAverageSpeed":32.8,"medianSpeed":40.0,"averageSpeed":39.6,"standardDeviationSpeed":12.9,"travelTimeStandardDeviation":2.84,"sampleSize":5161,"normalizedSampleSize":0.5102,"averageTravelTime":3.39,"medianTravelTime":2.78,"travelTimeRatio":1.21,"speedPercentiles":[16,23,27,30,32,34,36,37,39,40,41,43,44,45,47,49,52,55,61]},{"timeSet":17,"dateRange":1,"harmonicAverageSpeed":30.2,"medianSpeed":37.0,"averageSpeed":36.7,"standardDeviationSpeed":12.8,"travelTimeStandardDeviation":2.71,"sampleSize":5959,"normalizedSampleSize":0.5891,"averageTravelTime":3.68,"medianTravelTime":3.0,"travelTimeRatio":1.31,"speedPercentiles":[14,19,23,26,29,31,33,34,36,37,38,40,41,43,44,46,49,52,58]},{"timeSet":18,"dateRange":1,"harmonicAverageSpeed":32.5,"medianSpeed":42.0,"averageSpeed":40.3,"standardDeviationSpeed":13.1,"travelTimeStandardDeviation":3.29,"sampleSize":5763,"normalizedSampleSize":0.5697,"averageTravelTime":3.42,"medianTravelTime":2.65,"travelTimeRatio":1.22,"speedPercentiles":[15,21,26,30,34,36,38,39,41,42,43,45,46,47,49,50,52,55,59]},{"timeSet":19,"dateRange":1,"harmonicAverageSpeed":30.3,"medianSpeed":41.0,"averageSpeed":39.3,"standardDeviationSpeed":12.7,"travelTimeStandardDeviation":12.48,"sampleSize":5950,"normalizedSampleSize":0.5882,"averageTravelTime":3.66,"medianTravelTime":2.71,"travelTimeRatio":1.3,"speedPercentiles":[15,21,25,30,33,35,37,38,40,41,42,43,45,46,47,49,51,53,57]},{"timeSet":20,"dateRange":1,"harmonicAverageSpeed":31.8,"medianSpeed":42.0,"averageSpeed":40.0,"standardDeviationSpeed":12.5,"travelTimeStandardDeviation":4.02,"sampleSize":5674,"normalizedSampleSize":0.5609,"averageTravelTime":3.5,"medianTravelTime":2.65,"travelTimeRatio":1.25,"speedPercentiles":[15,21,27,31,34,36,38,39,41,42,43,44,45,47,48,50,51,54,57]},{"timeSet":21,"dateRange":1,"harmonicAverageSpeed":33.5,"medianSpeed":43.0,"averageSpeed":41.0,"standardDeviationSpeed":12.8,"travelTimeStandardDeviation":2.97,"sampleSize":5416,"normalizedSampleSize":0.5354,"averageTravelTime":3.31,"medianTravelTime":2.58,"travelTimeRatio":1.18,"speedPercentiles":[16,22,28,32,35,37,39,40,41,43,44,45,46,47,49,50,52,55,59]},{"timeSet":22,"dateRange":1,"harmonicAverageSpeed":34.8,"medianSpeed":45.0,"averageSpeed":43.6,"standardDeviationSpeed":13.9,"travelTimeStandardDeviation":3.39,"sampleSize":4825,"normalizedSampleSize":0.477,"averageTravelTime":3.19,"medianTravelTime":2.47,"travelTimeRatio":1.14,"speedPercentiles":[16,24,30,34,37,39,41,42,44,45,46,47,49,50,52,54,56,59,64]},{"timeSet":23,"dateRange":1,"harmonicAverageSpeed":37.4,"medianSpeed":49.0,"averageSpeed":48.1,"standardDeviationSpeed":15.7,"travelTimeStandardDeviation":3.54,"sampleSize":2606,"normalizedSampleSize":0.2576,"averageTravelTime":2.97,"medianTravelTime":2.27,"travelTimeRatio":1.06,"speedPercentiles":[19,27,32,37,39,42,44,46,47,49,51,52,54,56,58,61,63,66,72]},{"timeSet":24,"dateRange":1,"harmonicAverageSpeed":35.9,"medianSpeed":50.0,"averageSpeed":48.4,"standardDeviationSpeed":16.4,"travelTimeStandardDeviation":3.87,"sampleSize":2227,"normalizedSampleSize":0.2201,"averageTravelTime":3.09,"medianTravelTime":2.22,"travelTimeRatio":1.1,"speedPercentiles":[15,24,32,37,40,43,45,46,48,50,52,54,55,57,59,61,63,67,72]},{"timeSet":25,"dateRange":1,"harmonicAverageSpeed":40.3,"medianSpeed":50.0,"averageSpeed":49.7,"standardDeviationSpeed":15.9,"travelTimeStandardDeviation":2.4,"sampleSize":1941,"normalizedSampleSize":0.1919,"averageTravelTime":2.76,"medianTravelTime":2.22,"travelTimeRatio":0.98,"speedPercentiles":[20,29,34,38,41,44,45,47,49,50,52,54,56,58,60,62,65,68,73]}]}},{"type":"Feature","geometry":{"type":"LineString","coordinates":[[12.46923,41.94583],[12.4692,41.94572],[12.46917,41.94559],[12.46915,41.94548],[12.46913,41.94535],[12.46912,41.9452],[12.46913,41.94495]]},"properties":{"segmentId":-13800006578243,"newSegmentId":"-00004931-3600-0400-0000-0000015d7b99","speedLimit":50,"frc":2,"streetName":"Corso di Francia","distance":97.8,"segmentTimeResults":[{"timeSet":2,"dateRange":1,"harmonicAverageSpeed":25.5,"medianSpeed":52.0,"averageSpeed":45.6,"standardDeviationSpeed":23.4,"travelTimeStandardDeviation":14.54,"sampleSize":818,"normalizedSampleSize":0.0809,"averageTravelTime":13.81,"medianTravelTime":6.77,"travelTimeRatio":1.0,"speedPercentiles":[8,9,11,16,24,33,40,45,48,52,54,57,59,61,63,65,68,71,79]},{"timeSet":3,"dateRange":1,"harmonicAverageSpeed":24.0,"medianSpeed":50.0,"averageSpeed":45.0,"standardDeviationSpeed":24.5,"travelTimeStandardDeviation":15.94,"sampleSize":517,"normalizedSampleSize":0.0511,"averageTravelTime":14.68,"medianTravelTime":7.04,"travelTimeRatio":1.06,"speedPercentiles":[7,9,10,13,21,31,37,44,46,50,52,55,58,61,63,65,69,76,83]},{"timeSet":4,"dateRange":1,"harmonicAverageSpeed":25.5,"medianSpeed":52.0,"averageSpeed":46.4,"standardDeviationSpeed":23.0,"travelTimeStandardDeviation":19.67,"sampleSize":225,"normalizedSampleSize":0.0222,"averageTravelTime":13.82,"medianTravelTime":6.77,"travelTimeRatio":1.0,"speedPercentiles":[9,10,12,18,30,37,41,46,49,52,54,57,59,61,64,67,69,72,74]},{"timeSet":5,"dateRange":1,"harmonicAverageSpeed":28.1,"medianSpeed":58.0,"averageSpeed":50.1,"standardDeviationSpeed":25.1,"travelTimeStandardDeviation":12.54,"sampleSize":139,"normalizedSampleSize":0.0137,"averageTravelTime":12.51,"medianTravelTime":6.07,"travelTimeRatio":0.91,"speedPercentiles":[9,10,10,17,29,40,45,50,56,58,60,62,64,67,69,70,74,77,82]},{"timeSet":6,"dateRange":1,"harmonicAverageSpeed":33.1,"medianSpeed":58.0,"averageSpeed":52.5,"standardDeviationSpeed":22.7,"travelTimeStandardDeviation":10.77,"sampleSize":220,"normalizedSampleSize":0.0217,"averageTravelTime":10.63,"medianTravelTime":6.07,"travelTimeRatio":0.77,"speedPercentiles":[9,13,19,26,39,46,50,54,56,58,61,63,64,66,69,72,74,76,80]},{"timeSet":7,"dateRange":1,"harmonicAverageSpeed":35.2,"medianSpeed":57.0,"averageSpeed":52.0,"standardDeviationSpeed":19.7,"travelTimeStandardDeviation":10.7,"sampleSize":910,"normalizedSampleSize":0.09,"averageTravelTime":9.99,"medianTravelTime":6.18,"travelTimeRatio":0.72,"speedPercentiles":[10,17,28,36,44,48,51,53,55,57,58,60,62,63,66,68,69,72,77]},{"timeSet":8,"dateRange":1,"harmonicAverageSpeed":35.5,"medianSpeed":49.0,"averageSpeed":47.1,"standardDeviationSpeed":15.8,"travelTimeStandardDeviation":9.51,"sampleSize":2576,"normalizedSampleSize":0.2546,"averageTravelTime":9.92,"medianTravelTime":7.19,"travelTimeRatio":0.72,"speedPercentiles":[11,23,31,37,41,44,45,47,48,49,51,52,54,55,57,59,61,64,69]},{"timeSet":9,"dateRange":1,"harmonicAverageSpeed":23.3,"medianSpeed":37.0,"averageSpeed":34.1,"standardDeviationSpeed":15.5,"travelTimeStandardDeviation":13.39,"sampleSize":7660,"normalizedSampleSize":0.7572,"averageTravelTime":15.13,"medianTravelTime":9.52,"travelTimeRatio":1.1,"speedPercentiles":[8,11,14,18,21,25,28,32,35,37,39,40,42,44,45,47,49,52,57]},{"timeSet":10,"dateRange":1,"harmonicAverageSpeed":18.3,"medianSpeed":29.0,"averageSpeed":28.0,"standardDeviationSpeed":14.1,"travelTimeStandardDeviation":16.75,"sampleSize":8689,"normalizedSampleSize":0.8589,"averageTravelTime":19.29,"medianTravelTime":12.14,"travelTimeRatio":1.4,"speedPercentiles":[6,8,11,13,16,18,21,23,26,29,32,34,36,37,39,41,43,46,49]},{"timeSet":11,"dateRange":1,"harmonicAverageSpeed":22.3,"medianSpeed":36.0,"averageSpeed":33.0,"standardDeviationSpeed":14.9,"travelTimeStandardDeviation":14.5,"sampleSize":7313,"normalizedSampleSize":0.7229,"averageTravelTime":15.82,"medianTravelTime":9.78,"travelTimeRatio":1.14,"speedPercentiles":[8,10,14,17,21,24,28,31,34,36,38,40,41,42,44,45,47,50,54]},{"timeSet":12,"dateRange":1,"harmonicAverageSpeed":27.3,"medianSpeed":39.0,"averageSpeed":36.7,"standardDeviationSpeed":14.3,"travelTimeStandardDeviation":11.17,"sampleSize":5801,"normalizedSampleSize":0.5734,"averageTravelTime":12.91,"medianTravelTime":9.03,"travelTimeRatio":0.93,"speedPercentiles":[9,15,20,25,28,32,34,36,37,39,40,41,43,44,46,48,50,53,58]},{"timeSet":13,"dateRange":1,"harmonicAverageSpeed":26.5,"medianSpeed":37.0,"averageSpeed":36.0,"standardDeviationSpeed":14.3,"travelTimeStandardDeviation":11.64,"sampleSize":5242,"normalizedSampleSize":0.5182,"averageTravelTime":13.29,"medianTravelTime":9.52,"travelTimeRatio":0.96,"speedPercentiles":[9,13,20,25,28,31,33,35,36,37,39,40,41,43,44,46,49,53,59]},{"timeSet":14,"dateRange":1,"harmonicAverageSpeed":26.8,"medianSpeed":38.0,"averageSpeed":36.8,"standardDeviationSpeed":14.8,"travelTimeStandardDeviation":11.55,"sampleSize":4892,"normalizedSampleSize":0.4836,"averageTravelTime":13.16,"medianTravelTime":9.27,"travelTimeRatio":0.95,"speedPercentiles":[9,13,20,25,29,31,34,35,37,38,40,41,43,44,46,48,50,54,60]},{"timeSet":15,"dateRange":1,"harmonicAverageSpeed":26.6,"medianSpeed":38.0,"averageSpeed":36.7,"standardDeviationSpeed":15.0,"travelTimeStandardDeviation":11.8,"sampleSize":5141,"normalizedSampleSize":0.5082,"averageTravelTime":13.23,"medianTravelTime":9.27,"travelTimeRatio":0.96,"speedPercentiles":[9,13,19,24,28,30,33,35,37,38,40,41,43,44,46,48,51,55,61]},{"timeSet":16,"dateRange":1,"harmonicAverageSpeed":25.9,"medianSpeed":37.0,"averageSpeed":36.1,"standardDeviationSpeed":15.2,"travelTimeStandardDeviation":12.11,"sampleSize":5171,"normalizedSampleSize":0.5112,"averageTravelTime":13.59,"medianTravelTime":9.52,"travelTimeRatio":0.98,"speedPercentiles":[8,13,19,23,27,30,32,34,36,37,39,40,42,43,45,47,50,55,61]},{"timeSet":17,"dateRange":1,"harmonicAverageSpeed":24.2,"medianSpeed":34.0,"averageSpeed":33.1,"standardDeviationSpeed":14.4,"travelTimeStandardDeviation":11.5,"sampleSize":5963,"normalizedSampleSize":0.5895,"averageTravelTime":14.57,"medianTravelTime":10.36,"travelTimeRatio":1.05,"speedPercentiles":[9,12,16,20,24,26,29,31,32,34,35,37,38,40,42,44,47,51,58]},{"timeSet":18,"dateRange":1,"harmonicAverageSpeed":26.3,"medianSpeed":41.0,"averageSpeed":37.3,"standardDeviationSpeed":15.7,"travelTimeStandardDeviation":11.95,"sampleSize":5761,"normalizedSampleSize":0.5695,"averageTravelTime":13.41,"medianTravelTime":8.59,"travelTimeRatio":0.97,"speedPercentiles":[9,13,17,21,25,30,34,37,39,41,43,44,45,47,48,50,52,55,59]},{"timeSet":19,"dateRange":1,"harmonicAverageSpeed":25.1,"medianSpeed":40.0,"averageSpeed":36.1,"standardDeviationSpeed":15.3,"travelTimeStandardDeviation":13.22,"sampleSize":5971,"normalizedSampleSize":0.5903,"averageTravelTime":14.02,"medianTravelTime":8.8,"travelTimeRatio":1.01,"speedPercentiles":[8,12,16,20,24,29,33,36,38,40,41,42,44,45,47,49,51,53,57]},{"timeSet":20,"dateRange":1,"harmonicAverageSpeed":25.6,"medianSpeed":41.0,"averageSpeed":36.8,"standardDeviationSpeed":15.3,"travelTimeStandardDeviation":13.27,"sampleSize":5676,"normalizedSampleSize":0.5611,"averageTravelTime":13.75,"medianTravelTime":8.59,"travelTimeRatio":1.0,"speedPercentiles":[8,12,17,21,25,30,34,37,39,41,42,43,45,46,48,49,51,53,57]},{"timeSet":21,"dateRange":1,"harmonicAverageSpeed":27.0,"medianSpeed":41.0,"averageSpeed":37.8,"standardDeviationSpeed":15.5,"travelTimeStandardDeviation":11.14,"sampleSize":5416,"normalizedSampleSize":0.5354,"averageTravelTime":13.06,"medianTravelTime":8.59,"travelTimeRatio":0.95,"speedPercentiles":[9,13,17,22,27,32,36,38,40,41,43,44,46,47,48,50,52,55,59]},{"timeSet":22,"dateRange":1,"harmonicAverageSpeed":27.5,"medianSpeed":43.0,"averageSpeed":39.8,"standardDeviationSpeed":17.3,"travelTimeStandardDeviation":11.24,"sampleSize":4833,"normalizedSampleSize":0.4778,"averageTravelTime":12.82,"medianTravelTime":8.19,"travelTimeRatio":0.93,"speedPercentiles":[9,13,17,22,27,32,36,39,42,43,45,47,48,50,52,54,56,59,64]},{"timeSet":23,"dateRange":1,"harmonicAverageSpeed":26.2,"medianSpeed":47.0,"averageSpeed":43.1,"standardDeviationSpeed":21.1,"travelTimeStandardDeviation":13.47,"sampleSize":2609,"normalizedSampleSize":0.2579,"averageTravelTime":13.46,"medianTravelTime":7.49,"travelTimeRatio":0.97,"speedPercentiles":[9,10,13,19,26,32,38,42,45,47,50,52,54,56,58,61,64,67,73]},{"timeSet":24,"dateRange":1,"harmonicAverageSpeed":26.1,"medianSpeed":49.0,"averageSpeed":43.8,"standardDeviationSpeed":21.3,"travelTimeStandardDeviation":13.92,"sampleSize":2226,"normalizedSampleSize":0.22,"averageTravelTime":13.5,"medianTravelTime":7.19,"travelTimeRatio":0.98,"speedPercentiles":[8,10,13,18,25,33,39,43,46,49,51,54,55,57,60,62,65,68,72]},{"timeSet":25,"dateRange":1,"harmonicAverageSpeed":26.4,"medianSpeed":49.0,"averageSpeed":44.2,"standardDeviationSpeed":21.9,"travelTimeStandardDeviation":13.11,"sampleSize":1942,"normalizedSampleSize":0.192,"averageTravelTime":13.34,"medianTravelTime":7.19,"travelTimeRatio":0.97,"speedPercentiles":[9,10,12,17,26,33,39,44,47,49,52,54,56,58,60,63,66,70,75]}]}},{"type":"Feature","geometry":{"type":"LineString","coordinates":[[12.46913,41.94495],[12.46913,41.9449],[12.46913,41.94485]]},"properties":{"segmentId":-13800007059757,"newSegmentId":"-00004931-3600-0400-0000-000003452664","speedLimit":50,"frc":2,"streetName":"Corso di Francia","distance":11.8,"segmentTimeResults":[{"timeSet":2,"dateRange":1,"harmonicAverageSpeed":37.4,"medianSpeed":53.0,"averageSpeed":50.0,"standardDeviationSpeed":19.9,"travelTimeStandardDeviation":1.09,"sampleSize":827,"normalizedSampleSize":0.0818,"averageTravelTime":1.14,"medianTravelTime":0.8,"travelTimeRatio":1.0,"speedPercentiles":[18,22,27,30,34,37,41,46,50,53,56,58,60,62,64,67,70,74,80]},{"timeSet":3,"dateRange":1,"harmonicAverageSpeed":37.8,"medianSpeed":52.0,"averageSpeed":50.0,"standardDeviationSpeed":20.4,"travelTimeStandardDeviation":1.05,"sampleSize":530,"normalizedSampleSize":0.0524,"averageTravelTime":1.12,"medianTravelTime":0.82,"travelTimeRatio":0.99,"speedPercentiles":[19,22,26,29,33,37,42,46,49,52,54,57,60,62,63,66,71,77,84]},{"timeSet":4,"dateRange":1,"harmonicAverageSpeed":37.6,"medianSpeed":54.0,"averageSpeed":50.8,"standardDeviationSpeed":20.2,"travelTimeStandardDeviation":1.12,"sampleSize":229,"normalizedSampleSize":0.0226,"averageTravelTime":1.13,"medianTravelTime":0.79,"travelTimeRatio":1.0,"speedPercentiles":[18,21,24,28,36,41,45,48,52,54,56,59,61,63,64,69,71,74,79]},{"timeSet":5,"dateRange":1,"harmonicAverageSpeed":40.0,"medianSpeed":59.0,"averageSpeed":53.8,"standardDeviationSpeed":21.8,"travelTimeStandardDeviation":0.92,"sampleSize":146,"normalizedSampleSize":0.0144,"averageTravelTime":1.06,"medianTravelTime":0.72,"travelTimeRatio":0.94,"speedPercentiles":[19,22,27,31,34,41,45,51,56,59,61,62,65,68,70,71,75,78,87]},{"timeSet":6,"dateRange":1,"harmonicAverageSpeed":37.4,"medianSpeed":61.0,"averageSpeed":55.0,"standardDeviationSpeed":21.1,"travelTimeStandardDeviation":1.42,"sampleSize":221,"normalizedSampleSize":0.0218,"averageTravelTime":1.14,"medianTravelTime":0.7,"travelTimeRatio":1.0,"speedPercentiles":[17,23,28,35,40,47,51,54,57,61,62,64,65,68,70,72,75,77,84]},{"timeSet":7,"dateRange":1,"harmonicAverageSpeed":41.8,"medianSpeed":58.0,"averageSpeed":54.5,"standardDeviationSpeed":17.9,"travelTimeStandardDeviation":1.1,"sampleSize":917,"normalizedSampleSize":0.0906,"averageTravelTime":1.02,"medianTravelTime":0.73,"travelTimeRatio":0.89,"speedPercentiles":[19,27,33,39,46,50,52,54,56,58,59,61,63,65,67,69,71,74,79]},{"timeSet":8,"dateRange":1,"harmonicAverageSpeed":41.4,"medianSpeed":50.0,"averageSpeed":48.9,"standardDeviationSpeed":14.2,"travelTimeStandardDeviation":0.82,"sampleSize":2589,"normalizedSampleSize":0.2559,"averageTravelTime":1.03,"medianTravelTime":0.85,"travelTimeRatio":0.9,"speedPercentiles":[22,29,35,39,42,44,46,47,49,50,51,53,55,56,58,60,62,66,70]},{"timeSet":9,"dateRange":1,"harmonicAverageSpeed":28.6,"medianSpeed":38.0,"averageSpeed":36.4,"standardDeviationSpeed":13.6,"travelTimeStandardDeviation":1.35,"sampleSize":7739,"normalizedSampleSize":0.765,"averageTravelTime":1.48,"medianTravelTime":1.12,"travelTimeRatio":1.31,"speedPercentiles":[13,17,21,24,27,29,31,34,36,38,39,41,42,44,46,48,50,53,58]},{"timeSet":10,"dateRange":1,"harmonicAverageSpeed":22.6,"medianSpeed":30.0,"averageSpeed":30.1,"standardDeviationSpeed":12.1,"travelTimeStandardDeviation":1.94,"sampleSize":8837,"normalizedSampleSize":0.8736,"averageTravelTime":1.88,"medianTravelTime":1.42,"travelTimeRatio":1.66,"speedPercentiles":[10,14,17,19,21,23,25,27,29,30,32,34,36,37,39,41,43,45,49]},{"timeSet":11,"dateRange":1,"harmonicAverageSpeed":26.6,"medianSpeed":36.0,"averageSpeed":35.2,"standardDeviationSpeed":12.7,"travelTimeStandardDeviation":2.31,"sampleSize":7473,"normalizedSampleSize":0.7387,"averageTravelTime":1.6,"medianTravelTime":1.18,"travelTimeRatio":1.4,"speedPercentiles":[13,18,21,24,26,29,31,33,35,36,38,40,41,42,44,46,48,50,55]},{"timeSet":12,"dateRange":1,"harmonicAverageSpeed":33.0,"medianSpeed":40.0,"averageSpeed":39.1,"standardDeviationSpeed":12.1,"travelTimeStandardDeviation":1.1,"sampleSize":5888,"normalizedSampleSize":0.582,"averageTravelTime":1.29,"medianTravelTime":1.06,"travelTimeRatio":1.13,"speedPercentiles":[18,23,27,30,32,34,36,37,38,40,41,42,43,45,46,48,50,53,58]},{"timeSet":13,"dateRange":1,"harmonicAverageSpeed":32.8,"medianSpeed":39.0,"averageSpeed":38.7,"standardDeviationSpeed":12.2,"travelTimeStandardDeviation":1.1,"sampleSize":5338,"normalizedSampleSize":0.5277,"averageTravelTime":1.29,"medianTravelTime":1.09,"travelTimeRatio":1.14,"speedPercentiles":[18,24,27,30,32,33,35,36,37,39,40,41,42,44,45,47,50,53,60]},{"timeSet":14,"dateRange":1,"harmonicAverageSpeed":32.4,"medianSpeed":40.0,"averageSpeed":39.5,"standardDeviationSpeed":12.8,"travelTimeStandardDeviation":1.32,"sampleSize":4988,"normalizedSampleSize":0.4931,"averageTravelTime":1.31,"medianTravelTime":1.06,"travelTimeRatio":1.15,"speedPercentiles":[18,24,27,30,32,34,36,37,38,40,41,42,44,45,47,49,51,55,61]},{"timeSet":15,"dateRange":1,"harmonicAverageSpeed":32.5,"medianSpeed":40.0,"averageSpeed":39.5,"standardDeviationSpeed":13.1,"travelTimeStandardDeviation":1.22,"sampleSize":5207,"normalizedSampleSize":0.5147,"averageTravelTime":1.31,"medianTravelTime":1.06,"travelTimeRatio":1.15,"speedPercentiles":[18,23,26,29,32,34,35,37,38,40,41,42,44,45,47,49,52,56,61]},{"timeSet":16,"dateRange":1,"harmonicAverageSpeed":31.5,"medianSpeed":39.0,"averageSpeed":39.1,"standardDeviationSpeed":13.1,"travelTimeStandardDeviation":1.71,"sampleSize":5273,"normalizedSampleSize":0.5213,"averageTravelTime":1.35,"medianTravelTime":1.09,"travelTimeRatio":1.19,"speedPercentiles":[18,23,27,29,32,33,35,36,38,39,40,41,43,44,46,48,51,56,62]},{"timeSet":17,"dateRange":1,"harmonicAverageSpeed":30.8,"medianSpeed":37.0,"averageSpeed":37.0,"standardDeviationSpeed":12.0,"travelTimeStandardDeviation":1.61,"sampleSize":6049,"normalizedSampleSize":0.598,"averageTravelTime":1.38,"medianTravelTime":1.15,"travelTimeRatio":1.21,"speedPercentiles":[17,22,25,28,30,32,33,35,36,37,38,39,40,42,43,45,48,52,59]},{"timeSet":18,"dateRange":1,"harmonicAverageSpeed":32.3,"medianSpeed":42.0,"averageSpeed":40.0,"standardDeviationSpeed":13.1,"travelTimeStandardDeviation":1.41,"sampleSize":5881,"normalizedSampleSize":0.5814,"averageTravelTime":1.32,"medianTravelTime":1.01,"travelTimeRatio":1.16,"speedPercentiles":[17,22,26,29,31,34,36,38,40,42,43,44,46,47,49,51,53,55,60]},{"timeSet":19,"dateRange":1,"harmonicAverageSpeed":31.5,"medianSpeed":40.0,"averageSpeed":38.8,"standardDeviationSpeed":12.7,"travelTimeStandardDeviation":1.31,"sampleSize":6064,"normalizedSampleSize":0.5994,"averageTravelTime":1.35,"medianTravelTime":1.06,"travelTimeRatio":1.19,"speedPercentiles":[16,22,25,28,31,33,35,37,38,40,41,43,44,46,47,49,51,54,58]},{"timeSet":20,"dateRange":1,"harmonicAverageSpeed":31.9,"medianSpeed":41.0,"averageSpeed":39.6,"standardDeviationSpeed":12.6,"travelTimeStandardDeviation":3.0,"sampleSize":5759,"normalizedSampleSize":0.5693,"averageTravelTime":1.33,"medianTravelTime":1.04,"travelTimeRatio":1.17,"speedPercentiles":[17,22,26,29,32,34,36,38,40,41,42,43,45,46,48,49,51,54,58]},{"timeSet":21,"dateRange":1,"harmonicAverageSpeed":33.4,"medianSpeed":42.0,"averageSpeed":40.7,"standardDeviationSpeed":12.5,"travelTimeStandardDeviation":1.94,"sampleSize":5483,"normalizedSampleSize":0.542,"averageTravelTime":1.27,"medianTravelTime":1.01,"travelTimeRatio":1.12,"speedPercentiles":[19,24,28,30,33,35,37,39,40,42,43,44,46,47,49,51,53,55,59]},{"timeSet":22,"dateRange":1,"harmonicAverageSpeed":33.7,"medianSpeed":44.0,"averageSpeed":42.7,"standardDeviationSpeed":14.4,"travelTimeStandardDeviation":1.58,"sampleSize":4931,"normalizedSampleSize":0.4874,"averageTravelTime":1.26,"medianTravelTime":0.97,"travelTimeRatio":1.11,"speedPercentiles":[19,24,27,30,33,36,38,40,42,44,45,47,49,50,52,54,56,60,65]},{"timeSet":23,"dateRange":1,"harmonicAverageSpeed":35.8,"medianSpeed":48.0,"averageSpeed":46.8,"standardDeviationSpeed":17.5,"travelTimeStandardDeviation":1.46,"sampleSize":2653,"normalizedSampleSize":0.2623,"averageTravelTime":1.19,"medianTravelTime":0.88,"travelTimeRatio":1.04,"speedPercentiles":[20,24,27,30,33,37,40,43,46,48,50,52,54,57,59,61,65,69,75]},{"timeSet":24,"dateRange":1,"harmonicAverageSpeed":34.3,"medianSpeed":50.0,"averageSpeed":47.4,"standardDeviationSpeed":18.0,"travelTimeStandardDeviation":1.7,"sampleSize":2257,"normalizedSampleSize":0.2231,"averageTravelTime":1.24,"medianTravelTime":0.85,"travelTimeRatio":1.09,"speedPercentiles":[17,23,26,30,34,38,42,44,47,50,52,54,56,58,61,63,66,69,74]},{"timeSet":25,"dateRange":1,"harmonicAverageSpeed":37.2,"medianSpeed":50.0,"averageSpeed":48.4,"standardDeviationSpeed":17.7,"travelTimeStandardDeviation":1.43,"sampleSize":1960,"normalizedSampleSize":0.1938,"averageTravelTime":1.14,"medianTravelTime":0.85,"travelTimeRatio":1.0,"speedPercentiles":[20,25,28,31,35,38,42,45,47,50,52,55,57,59,61,63,66,71,75]}]}},{"type":"Feature","geometry":{"type":"LineString","coordinates":[[12.46913,41.94485],[12.46914,41.94477],[12.46915,41.94473],[12.46915,41.94469]]},"properties":{"segmentId":13800007335854,"newSegmentId":"00004931-3600-0400-0000-0000015da93a","speedLimit":50,"frc":2,"streetName":"Corso di Francia","distance":17.37,"segmentTimeResults":[{"timeSet":2,"dateRange":1,"harmonicAverageSpeed":42.0,"medianSpeed":54.0,"averageSpeed":51.8,"standardDeviationSpeed":18.5,"travelTimeStandardDeviation":1.15,"sampleSize":837,"normalizedSampleSize":0.0827,"averageTravelTime":1.49,"medianTravelTime":1.16,"travelTimeRatio":1.0,"speedPercentiles":[22,28,31,34,37,40,43,48,50,54,56,58,60,62,65,67,70,74,81]},{"timeSet":3,"dateRange":1,"harmonicAverageSpeed":43.5,"medianSpeed":52.0,"averageSpeed":52.1,"standardDeviationSpeed":18.5,"travelTimeStandardDeviation":0.94,"sampleSize":535,"normalizedSampleSize":0.0529,"averageTravelTime":1.44,"medianTravelTime":1.2,"travelTimeRatio":0.96,"speedPercentiles":[25,29,31,34,38,42,44,47,50,52,55,57,60,62,64,67,71,77,84]},{"timeSet":4,"dateRange":1,"harmonicAverageSpeed":43.5,"medianSpeed":55.0,"averageSpeed":53.1,"standardDeviationSpeed":18.3,"travelTimeStandardDeviation":1.11,"sampleSize":233,"normalizedSampleSize":0.023,"averageTravelTime":1.44,"medianTravelTime":1.14,"travelTimeRatio":0.97,"speedPercentiles":[24,28,33,36,40,43,47,50,52,55,57,59,61,63,65,69,72,75,80]},{"timeSet":5,"dateRange":1,"harmonicAverageSpeed":44.5,"medianSpeed":59.0,"averageSpeed":55.3,"standardDeviationSpeed":20.2,"travelTimeStandardDeviation":1.03,"sampleSize":146,"normalizedSampleSize":0.0144,"averageTravelTime":1.41,"medianTravelTime":1.06,"travelTimeRatio":0.94,"speedPercentiles":[25,28,31,35,40,42,45,51,55,59,61,62,65,68,69,72,75,78,89]},{"timeSet":6,"dateRange":1,"harmonicAverageSpeed":47.5,"medianSpeed":61.0,"averageSpeed":57.0,"standardDeviationSpeed":19.0,"travelTimeStandardDeviation":0.83,"sampleSize":221,"normalizedSampleSize":0.0218,"averageTravelTime":1.32,"medianTravelTime":1.03,"travelTimeRatio":0.88,"speedPercentiles":[25,29,34,39,42,48,51,54,58,61,63,64,66,68,71,73,76,78,85]},{"timeSet":7,"dateRange":1,"harmonicAverageSpeed":46.5,"medianSpeed":58.0,"averageSpeed":55.4,"standardDeviationSpeed":16.9,"travelTimeStandardDeviation":0.95,"sampleSize":919,"normalizedSampleSize":0.0908,"averageTravelTime":1.35,"medianTravelTime":1.08,"travelTimeRatio":0.9,"speedPercentiles":[22,30,35,42,46,51,53,55,57,58,60,61,63,65,67,69,72,74,79]},{"timeSet":8,"dateRange":1,"harmonicAverageSpeed":43.2,"medianSpeed":50.0,"averageSpeed":49.4,"standardDeviationSpeed":13.8,"travelTimeStandardDeviation":0.87,"sampleSize":2605,"normalizedSampleSize":0.2575,"averageTravelTime":1.45,"medianTravelTime":1.25,"travelTimeRatio":0.97,"speedPercentiles":[24,31,35,39,42,44,46,48,49,50,52,53,55,57,58,60,63,66,70]},{"timeSet":9,"dateRange":1,"harmonicAverageSpeed":28.5,"medianSpeed":38.0,"averageSpeed":36.6,"standardDeviationSpeed":13.8,"travelTimeStandardDeviation":1.94,"sampleSize":7983,"normalizedSampleSize":0.7891,"averageTravelTime":2.2,"medianTravelTime":1.65,"travelTimeRatio":1.48,"speedPercentiles":[13,17,21,24,27,30,32,34,36,38,40,41,43,44,46,48,50,53,58]},{"timeSet":10,"dateRange":1,"harmonicAverageSpeed":22.3,"medianSpeed":31.0,"averageSpeed":30.1,"standardDeviationSpeed":12.3,"travelTimeStandardDeviation":2.75,"sampleSize":9120,"normalizedSampleSize":0.9015,"averageTravelTime":2.81,"medianTravelTime":2.02,"travelTimeRatio":1.89,"speedPercentiles":[10,13,16,18,21,23,25,27,29,31,33,34,36,37,39,41,43,45,49]},{"timeSet":11,"dateRange":1,"harmonicAverageSpeed":26.9,"medianSpeed":37.0,"averageSpeed":35.2,"standardDeviationSpeed":12.9,"travelTimeStandardDeviation":2.51,"sampleSize":7704,"normalizedSampleSize":0.7616,"averageTravelTime":2.33,"medianTravelTime":1.69,"travelTimeRatio":1.56,"speedPercentiles":[12,17,20,23,26,29,31,33,35,37,38,40,41,42,44,46,48,50,55]},{"timeSet":12,"dateRange":1,"harmonicAverageSpeed":33.2,"medianSpeed":40.0,"averageSpeed":39.4,"standardDeviationSpeed":12.1,"travelTimeStandardDeviation":1.58,"sampleSize":6066,"normalizedSampleSize":0.5996,"averageTravelTime":1.88,"medianTravelTime":1.56,"travelTimeRatio":1.27,"speedPercentiles":[18,24,28,31,33,35,36,37,39,40,41,42,44,45,46,48,50,53,58]},{"timeSet":13,"dateRange":1,"harmonicAverageSpeed":33.3,"medianSpeed":39.0,"averageSpeed":39.1,"standardDeviationSpeed":12.1,"travelTimeStandardDeviation":1.41,"sampleSize":5485,"normalizedSampleSize":0.5422,"averageTravelTime":1.88,"medianTravelTime":1.6,"travelTimeRatio":1.26,"speedPercentiles":[18,24,28,31,33,34,36,37,38,39,40,41,43,44,45,47,50,53,60]},{"timeSet":14,"dateRange":1,"harmonicAverageSpeed":32.7,"medianSpeed":40.0,"averageSpeed":40.2,"standardDeviationSpeed":12.7,"travelTimeStandardDeviation":2.5,"sampleSize":5121,"normalizedSampleSize":0.5062,"averageTravelTime":1.91,"medianTravelTime":1.56,"travelTimeRatio":1.29,"speedPercentiles":[18,24,29,32,33,35,37,38,39,40,41,43,44,45,47,49,52,55,61]},{"timeSet":15,"dateRange":1,"harmonicAverageSpeed":33.5,"medianSpeed":40.0,"averageSpeed":40.0,"standardDeviationSpeed":12.8,"travelTimeStandardDeviation":1.59,"sampleSize":5341,"normalizedSampleSize":0.528,"averageTravelTime":1.87,"medianTravelTime":1.56,"travelTimeRatio":1.25,"speedPercentiles":[18,24,28,31,33,35,36,38,39,40,41,43,44,45,47,49,52,56,62]},{"timeSet":16,"dateRange":1,"harmonicAverageSpeed":33.7,"medianSpeed":40.0,"averageSpeed":39.9,"standardDeviationSpeed":12.8,"travelTimeStandardDeviation":1.35,"sampleSize":5436,"normalizedSampleSize":0.5374,"averageTravelTime":1.85,"medianTravelTime":1.56,"travelTimeRatio":1.25,"speedPercentiles":[18,24,28,31,33,34,36,37,38,40,41,42,43,45,46,49,52,56,62]},{"timeSet":17,"dateRange":1,"harmonicAverageSpeed":31.9,"medianSpeed":37.0,"averageSpeed":37.7,"standardDeviationSpeed":12.1,"travelTimeStandardDeviation":1.55,"sampleSize":6196,"normalizedSampleSize":0.6125,"averageTravelTime":1.96,"medianTravelTime":1.69,"travelTimeRatio":1.32,"speedPercentiles":[17,22,27,29,31,33,34,35,36,37,39,40,41,42,44,46,49,52,59]},{"timeSet":18,"dateRange":1,"harmonicAverageSpeed":33.5,"medianSpeed":42.0,"averageSpeed":40.5,"standardDeviationSpeed":12.9,"travelTimeStandardDeviation":1.61,"sampleSize":6009,"normalizedSampleSize":0.594,"averageTravelTime":1.87,"medianTravelTime":1.49,"travelTimeRatio":1.25,"speedPercentiles":[17,23,27,30,33,35,37,38,40,42,43,45,46,47,49,51,53,55,60]},{"timeSet":19,"dateRange":1,"harmonicAverageSpeed":32.5,"medianSpeed":40.0,"averageSpeed":39.1,"standardDeviationSpeed":12.5,"travelTimeStandardDeviation":1.64,"sampleSize":6196,"normalizedSampleSize":0.6125,"averageTravelTime":1.92,"medianTravelTime":1.56,"travelTimeRatio":1.29,"speedPercentiles":[16,22,26,30,32,34,35,37,39,40,41,43,44,46,47,49,51,54,58]},{"timeSet":20,"dateRange":1,"harmonicAverageSpeed":32.9,"medianSpeed":41.0,"averageSpeed":39.9,"standardDeviationSpeed":12.4,"travelTimeStandardDeviation":1.86,"sampleSize":5879,"normalizedSampleSize":0.5812,"averageTravelTime":1.9,"medianTravelTime":1.53,"travelTimeRatio":1.28,"speedPercentiles":[17,23,27,30,33,35,37,38,40,41,42,44,45,46,48,49,51,54,58]},{"timeSet":21,"dateRange":1,"harmonicAverageSpeed":34.4,"medianSpeed":42.0,"averageSpeed":41.1,"standardDeviationSpeed":12.3,"travelTimeStandardDeviation":2.01,"sampleSize":5622,"normalizedSampleSize":0.5558,"averageTravelTime":1.82,"medianTravelTime":1.49,"travelTimeRatio":1.22,"speedPercentiles":[18,25,29,32,34,36,38,39,41,42,43,45,46,47,49,51,53,55,60]},{"timeSet":22,"dateRange":1,"harmonicAverageSpeed":35.2,"medianSpeed":44.0,"averageSpeed":43.1,"standardDeviationSpeed":14.1,"travelTimeStandardDeviation":1.65,"sampleSize":5074,"normalizedSampleSize":0.5016,"averageTravelTime":1.78,"medianTravelTime":1.42,"travelTimeRatio":1.19,"speedPercentiles":[19,25,29,32,35,37,39,41,42,44,45,47,49,50,52,54,56,60,64]},{"timeSet":23,"dateRange":1,"harmonicAverageSpeed":38.7,"medianSpeed":48.0,"averageSpeed":47.7,"standardDeviationSpeed":16.6,"travelTimeStandardDeviation":1.49,"sampleSize":2700,"normalizedSampleSize":0.2669,"averageTravelTime":1.62,"medianTravelTime":1.3,"travelTimeRatio":1.09,"speedPercentiles":[21,28,30,33,36,38,41,43,46,48,50,52,55,57,59,62,64,69,75]},{"timeSet":24,"dateRange":1,"harmonicAverageSpeed":39.0,"medianSpeed":50.0,"averageSpeed":48.6,"standardDeviationSpeed":16.8,"travelTimeStandardDeviation":1.39,"sampleSize":2299,"normalizedSampleSize":0.2273,"averageTravelTime":1.6,"medianTravelTime":1.25,"travelTimeRatio":1.08,"speedPercentiles":[20,26,31,33,36,40,42,45,48,50,52,54,56,58,61,63,66,69,74]},{"timeSet":25,"dateRange":1,"harmonicAverageSpeed":40.4,"medianSpeed":50.0,"averageSpeed":49.3,"standardDeviationSpeed":16.7,"travelTimeStandardDeviation":1.67,"sampleSize":2019,"normalizedSampleSize":0.1996,"averageTravelTime":1.55,"medianTravelTime":1.25,"travelTimeRatio":1.04,"speedPercentiles":[22,28,32,34,37,40,43,46,48,50,52,55,57,59,61,64,66,70,76]}]}},{"type":"Feature","geometry":{"type":"LineString","coordinates":[[12.46915,41.94469],[12.46916,41.94464],[12.46917,41.9446],[12.46919,41.94452]]},"properties":{"segmentId":13800006712219,"newSegmentId":"00004931-3600-0400-0000-0000034ee52b","speedLimit":50,"frc":2,"streetName":"Corso di Francia","distance":19.26,"segmentTimeResults":[{"timeSet":2,"dateRange":1,"harmonicAverageSpeed":38.0,"medianSpeed":51.0,"averageSpeed":50.7,"standardDeviationSpeed":18.8,"travelTimeStandardDeviation":3.93,"sampleSize":931,"normalizedSampleSize":0.092,"averageTravelTime":1.82,"medianTravelTime":1.36,"travelTimeRatio":1.0,"speedPercentiles":[19,25,30,34,37,40,42,46,49,51,54,57,59,61,64,67,70,74,81]},{"timeSet":3,"dateRange":1,"harmonicAverageSpeed":42.6,"medianSpeed":51.0,"averageSpeed":51.3,"standardDeviationSpeed":18.4,"travelTimeStandardDeviation":1.09,"sampleSize":588,"normalizedSampleSize":0.0581,"averageTravelTime":1.63,"medianTravelTime":1.36,"travelTimeRatio":0.89,"speedPercentiles":[22,27,32,35,38,41,43,46,48,51,53,56,59,61,63,66,70,76,83]},{"timeSet":4,"dateRange":1,"harmonicAverageSpeed":43.2,"medianSpeed":53.0,"averageSpeed":52.1,"standardDeviationSpeed":18.2,"travelTimeStandardDeviation":1.11,"sampleSize":258,"normalizedSampleSize":0.0255,"averageTravelTime":1.6,"medianTravelTime":1.31,"travelTimeRatio":0.88,"speedPercentiles":[23,29,32,36,39,42,45,48,51,53,55,57,61,62,64,68,71,75,80]},{"timeSet":5,"dateRange":1,"harmonicAverageSpeed":44.5,"medianSpeed":56.0,"averageSpeed":53.9,"standardDeviationSpeed":20.3,"travelTimeStandardDeviation":0.88,"sampleSize":169,"normalizedSampleSize":0.0167,"averageTravelTime":1.56,"medianTravelTime":1.24,"travelTimeRatio":0.85,"speedPercentiles":[24,27,31,34,36,40,43,47,52,56,60,62,63,67,69,71,74,78,87]},{"timeSet":6,"dateRange":1,"harmonicAverageSpeed":40.7,"medianSpeed":57.0,"averageSpeed":54.4,"standardDeviationSpeed":20.5,"travelTimeStandardDeviation":1.6,"sampleSize":251,"normalizedSampleSize":0.0248,"averageTravelTime":1.7,"medianTravelTime":1.22,"travelTimeRatio":0.93,"speedPercentiles":[20,26,30,35,38,42,48,51,54,57,62,63,65,67,70,72,75,78,84]},{"timeSet":7,"dateRange":1,"harmonicAverageSpeed":47.5,"medianSpeed":58.0,"averageSpeed":55.6,"standardDeviationSpeed":16.6,"travelTimeStandardDeviation":0.88,"sampleSize":943,"normalizedSampleSize":0.0932,"averageTravelTime":1.46,"medianTravelTime":1.2,"travelTimeRatio":0.8,"speedPercentiles":[23,32,36,42,46,50,52,55,56,58,60,61,63,65,67,69,72,74,79]},{"timeSet":8,"dateRange":1,"harmonicAverageSpeed":42.9,"medianSpeed":51.0,"averageSpeed":49.8,"standardDeviationSpeed":13.8,"travelTimeStandardDeviation":1.8,"sampleSize":2640,"normalizedSampleSize":0.261,"averageTravelTime":1.62,"medianTravelTime":1.36,"travelTimeRatio":0.89,"speedPercentiles":[24,31,37,40,42,45,46,48,49,51,52,54,55,57,58,61,63,66,70]},{"timeSet":9,"dateRange":1,"harmonicAverageSpeed":28.9,"medianSpeed":38.0,"averageSpeed":36.8,"standardDeviationSpeed":13.9,"travelTimeStandardDeviation":1.78,"sampleSize":8121,"normalizedSampleSize":0.8028,"averageTravelTime":2.4,"medianTravelTime":1.82,"travelTimeRatio":1.32,"speedPercentiles":[13,17,20,24,27,30,32,35,37,38,40,42,43,45,46,48,50,53,58]},{"timeSet":10,"dateRange":1,"harmonicAverageSpeed":22.3,"medianSpeed":30.0,"averageSpeed":29.8,"standardDeviationSpeed":12.4,"travelTimeStandardDeviation":2.97,"sampleSize":9437,"normalizedSampleSize":0.9329,"averageTravelTime":3.11,"medianTravelTime":2.31,"travelTimeRatio":1.71,"speedPercentiles":[10,13,16,18,20,22,24,26,28,30,32,34,36,37,39,41,43,45,49]},{"timeSet":11,"dateRange":1,"harmonicAverageSpeed":27.4,"medianSpeed":37.0,"averageSpeed":35.1,"standardDeviationSpeed":13.0,"travelTimeStandardDeviation":2.1,"sampleSize":8014,"normalizedSampleSize":0.7922,"averageTravelTime":2.53,"medianTravelTime":1.87,"travelTimeRatio":1.39,"speedPercentiles":[12,17,20,23,26,28,31,33,35,37,38,40,41,43,44,46,48,50,54]},{"timeSet":12,"dateRange":1,"harmonicAverageSpeed":33.6,"medianSpeed":40.0,"averageSpeed":39.6,"standardDeviationSpeed":12.1,"travelTimeStandardDeviation":1.57,"sampleSize":6294,"normalizedSampleSize":0.6222,"averageTravelTime":2.06,"medianTravelTime":1.73,"travelTimeRatio":1.13,"speedPercentiles":[18,23,27,31,33,35,37,38,39,40,42,43,44,45,47,48,50,53,58]},{"timeSet":13,"dateRange":1,"harmonicAverageSpeed":33.1,"medianSpeed":39.0,"averageSpeed":39.3,"standardDeviationSpeed":12.2,"travelTimeStandardDeviation":1.67,"sampleSize":5751,"normalizedSampleSize":0.5685,"averageTravelTime":2.09,"medianTravelTime":1.78,"travelTimeRatio":1.15,"speedPercentiles":[18,24,28,31,33,35,36,37,38,39,41,42,43,44,46,48,50,53,60]},{"timeSet":14,"dateRange":1,"harmonicAverageSpeed":33.6,"medianSpeed":41.0,"averageSpeed":40.5,"standardDeviationSpeed":12.7,"travelTimeStandardDeviation":1.98,"sampleSize":5380,"normalizedSampleSize":0.5318,"averageTravelTime":2.06,"medianTravelTime":1.69,"travelTimeRatio":1.13,"speedPercentiles":[18,24,28,32,34,36,37,38,40,41,42,43,44,46,47,49,52,56,62]},{"timeSet":15,"dateRange":1,"harmonicAverageSpeed":33.6,"medianSpeed":41.0,"averageSpeed":40.3,"standardDeviationSpeed":13.0,"travelTimeStandardDeviation":1.73,"sampleSize":5613,"normalizedSampleSize":0.5549,"averageTravelTime":2.06,"medianTravelTime":1.69,"travelTimeRatio":1.13,"speedPercentiles":[18,24,27,31,34,35,37,38,39,41,42,43,44,46,47,49,52,56,62]},{"timeSet":16,"dateRange":1,"harmonicAverageSpeed":33.6,"medianSpeed":40.0,"averageSpeed":40.1,"standardDeviationSpeed":12.9,"travelTimeStandardDeviation":1.62,"sampleSize":5795,"normalizedSampleSize":0.5729,"averageTravelTime":2.06,"medianTravelTime":1.73,"travelTimeRatio":1.13,"speedPercentiles":[18,24,28,31,33,35,36,38,39,40,41,42,44,45,47,49,52,56,62]},{"timeSet":17,"dateRange":1,"harmonicAverageSpeed":31.7,"medianSpeed":38.0,"averageSpeed":37.9,"standardDeviationSpeed":12.3,"travelTimeStandardDeviation":1.89,"sampleSize":6629,"normalizedSampleSize":0.6553,"averageTravelTime":2.19,"medianTravelTime":1.82,"travelTimeRatio":1.2,"speedPercentiles":[17,22,26,29,31,33,35,36,37,38,39,40,42,43,44,46,49,52,59]},{"timeSet":18,"dateRange":1,"harmonicAverageSpeed":32.5,"medianSpeed":41.0,"averageSpeed":39.9,"standardDeviationSpeed":13.0,"travelTimeStandardDeviation":1.95,"sampleSize":6521,"normalizedSampleSize":0.6446,"averageTravelTime":2.13,"medianTravelTime":1.69,"travelTimeRatio":1.17,"speedPercentiles":[16,22,26,29,32,34,36,38,40,41,43,44,46,47,49,50,52,55,59]},{"timeSet":19,"dateRange":1,"harmonicAverageSpeed":31.4,"medianSpeed":40.0,"averageSpeed":38.5,"standardDeviationSpeed":12.7,"travelTimeStandardDeviation":1.95,"sampleSize":6709,"normalizedSampleSize":0.6632,"averageTravelTime":2.21,"medianTravelTime":1.73,"travelTimeRatio":1.21,"speedPercentiles":[16,21,25,28,31,33,35,37,38,40,41,42,44,45,47,49,51,53,57]},{"timeSet":20,"dateRange":1,"harmonicAverageSpeed":32.6,"medianSpeed":41.0,"averageSpeed":39.7,"standardDeviationSpeed":12.6,"travelTimeStandardDeviation":1.92,"sampleSize":6288,"normalizedSampleSize":0.6216,"averageTravelTime":2.13,"medianTravelTime":1.69,"travelTimeRatio":1.17,"speedPercentiles":[17,23,26,30,32,35,37,38,40,41,42,44,45,46,48,49,51,54,58]},{"timeSet":21,"dateRange":1,"harmonicAverageSpeed":34.2,"medianSpeed":42.0,"averageSpeed":40.9,"standardDeviationSpeed":12.5,"travelTimeStandardDeviation":1.6,"sampleSize":6002,"normalizedSampleSize":0.5933,"averageTravelTime":2.02,"medianTravelTime":1.65,"travelTimeRatio":1.11,"speedPercentiles":[18,24,28,32,34,36,38,39,41,42,43,45,46,47,49,50,52,55,59]},{"timeSet":22,"dateRange":1,"harmonicAverageSpeed":34.6,"medianSpeed":44.0,"averageSpeed":42.9,"standardDeviationSpeed":14.2,"travelTimeStandardDeviation":2.48,"sampleSize":5398,"normalizedSampleSize":0.5336,"averageTravelTime":2.0,"medianTravelTime":1.58,"travelTimeRatio":1.1,"speedPercentiles":[18,24,28,32,35,37,39,41,42,44,45,47,48,50,52,54,56,59,64]},{"timeSet":23,"dateRange":1,"harmonicAverageSpeed":38.1,"medianSpeed":47.0,"averageSpeed":47.3,"standardDeviationSpeed":16.6,"travelTimeStandardDeviation":1.96,"sampleSize":2932,"normalizedSampleSize":0.2898,"averageTravelTime":1.82,"medianTravelTime":1.48,"travelTimeRatio":1.0,"speedPercentiles":[20,25,30,33,36,39,41,43,45,47,49,51,54,56,58,61,64,68,74]},{"timeSet":24,"dateRange":1,"harmonicAverageSpeed":37.9,"medianSpeed":49.0,"averageSpeed":47.8,"standardDeviationSpeed":17.0,"travelTimeStandardDeviation":1.84,"sampleSize":2532,"normalizedSampleSize":0.2503,"averageTravelTime":1.83,"medianTravelTime":1.42,"travelTimeRatio":1.0,"speedPercentiles":[19,24,29,33,36,39,42,44,46,49,51,53,55,57,60,62,65,69,74]},{"timeSet":25,"dateRange":1,"harmonicAverageSpeed":38.0,"medianSpeed":48.0,"averageSpeed":48.0,"standardDeviationSpeed":17.2,"travelTimeStandardDeviation":2.21,"sampleSize":2311,"normalizedSampleSize":0.2284,"averageTravelTime":1.83,"medianTravelTime":1.44,"travelTimeRatio":1.0,"speedPercentiles":[20,25,29,33,36,38,41,44,46,48,51,53,55,57,60,63,66,70,76]}]}},{"type":"Feature","geometry":{"type":"LineString","coordinates":[[12.46919,41.94452],[12.46921,41.94446],[12.46924,41.94437],[12.4693,41.94419],[12.46937,41.94402],[12.46941,41.94393],[12.46949,41.94378],[12.46955,41.94368],[12.46963,41.94355],[12.46969,41.94348]]},"properties":{"segmentId":13800006712221,"newSegmentId":"00004931-3600-0400-0000-0000034f02c8","speedLimit":50,"frc":2,"streetName":"Corso di Francia","distance":123.39,"segmentTimeResults":[{"timeSet":2,"dateRange":1,"harmonicAverageSpeed":39.0,"medianSpeed":55.0,"averageSpeed":52.1,"standardDeviationSpeed":20.1,"travelTimeStandardDeviation":8.97,"sampleSize":934,"normalizedSampleSize":0.0923,"averageTravelTime":11.39,"medianTravelTime":8.08,"travelTimeRatio":1.0,"speedPercentiles":[13,19,29,36,41,45,48,50,52,55,57,59,61,63,66,68,71,75,82]},{"timeSet":3,"dateRange":1,"harmonicAverageSpeed":40.7,"medianSpeed":54.0,"averageSpeed":52.8,"standardDeviationSpeed":19.5,"travelTimeStandardDeviation":8.59,"sampleSize":586,"normalizedSampleSize":0.0579,"averageTravelTime":10.92,"medianTravelTime":8.23,"travelTimeRatio":0.96,"speedPercentiles":[13,24,33,39,43,45,48,51,52,54,56,58,60,62,65,67,71,77,85]},{"timeSet":4,"dateRange":1,"harmonicAverageSpeed":37.9,"medianSpeed":55.0,"averageSpeed":52.2,"standardDeviationSpeed":20.5,"travelTimeStandardDeviation":10.32,"sampleSize":261,"normalizedSampleSize":0.0258,"averageTravelTime":11.72,"medianTravelTime":8.08,"travelTimeRatio":1.03,"speedPercentiles":[12,19,27,36,41,47,49,51,53,55,57,59,61,63,65,67,71,77,81]},{"timeSet":5,"dateRange":1,"harmonicAverageSpeed":38.9,"medianSpeed":57.0,"averageSpeed":54.8,"standardDeviationSpeed":22.4,"travelTimeStandardDeviation":9.73,"sampleSize":171,"normalizedSampleSize":0.0169,"averageTravelTime":11.41,"medianTravelTime":7.79,"travelTimeRatio":1.0,"speedPercentiles":[13,16,26,39,42,46,50,53,55,57,61,62,65,68,70,72,76,79,88]},{"timeSet":6,"dateRange":1,"harmonicAverageSpeed":41.4,"medianSpeed":61.0,"averageSpeed":55.9,"standardDeviationSpeed":20.9,"travelTimeStandardDeviation":8.9,"sampleSize":251,"normalizedSampleSize":0.0248,"averageTravelTime":10.72,"medianTravelTime":7.28,"travelTimeRatio":0.94,"speedPercentiles":[14,20,29,39,44,49,51,55,58,61,63,65,67,68,70,73,76,78,84]},{"timeSet":7,"dateRange":1,"harmonicAverageSpeed":46.0,"medianSpeed":59.0,"averageSpeed":56.0,"standardDeviationSpeed":17.1,"travelTimeStandardDeviation":7.08,"sampleSize":947,"normalizedSampleSize":0.0936,"averageTravelTime":9.65,"medianTravelTime":7.53,"travelTimeRatio":0.85,"speedPercentiles":[18,31,39,44,48,51,54,56,57,59,60,62,64,65,67,69,72,75,79]},{"timeSet":8,"dateRange":1,"harmonicAverageSpeed":41.2,"medianSpeed":52.0,"averageSpeed":49.9,"standardDeviationSpeed":14.9,"travelTimeStandardDeviation":8.93,"sampleSize":2643,"normalizedSampleSize":0.2613,"averageTravelTime":10.77,"medianTravelTime":8.54,"travelTimeRatio":0.95,"speedPercentiles":[18,28,37,41,44,45,47,49,50,52,53,54,56,57,59,61,64,67,71]},{"timeSet":9,"dateRange":1,"harmonicAverageSpeed":25.0,"medianSpeed":36.0,"averageSpeed":34.6,"standardDeviationSpeed":15.4,"travelTimeStandardDeviation":13.59,"sampleSize":8129,"normalizedSampleSize":0.8036,"averageTravelTime":17.75,"medianTravelTime":12.34,"travelTimeRatio":1.56,"speedPercentiles":[9,13,16,19,21,24,28,31,34,36,39,41,43,45,46,48,50,53,58]},{"timeSet":10,"dateRange":1,"harmonicAverageSpeed":19.1,"medianSpeed":25.0,"averageSpeed":26.0,"standardDeviationSpeed":12.7,"travelTimeStandardDeviation":15.13,"sampleSize":9435,"normalizedSampleSize":0.9327,"averageTravelTime":23.26,"medianTravelTime":17.77,"travelTimeRatio":2.04,"speedPercentiles":[8,10,12,14,15,17,19,21,23,25,27,29,32,34,36,38,40,43,47]},{"timeSet":11,"dateRange":1,"harmonicAverageSpeed":23.9,"medianSpeed":34.0,"averageSpeed":32.4,"standardDeviationSpeed":13.9,"travelTimeStandardDeviation":14.12,"sampleSize":8034,"normalizedSampleSize":0.7942,"averageTravelTime":18.61,"medianTravelTime":13.06,"travelTimeRatio":1.63,"speedPercentiles":[9,12,15,18,21,24,27,29,32,34,36,38,40,41,43,45,47,49,53]},{"timeSet":12,"dateRange":1,"harmonicAverageSpeed":32.0,"medianSpeed":40.0,"averageSpeed":38.8,"standardDeviationSpeed":12.7,"travelTimeStandardDeviation":10.26,"sampleSize":6296,"normalizedSampleSize":0.6224,"averageTravelTime":13.9,"medianTravelTime":11.11,"travelTimeRatio":1.22,"speedPercentiles":[15,20,25,29,32,35,36,38,39,40,41,43,44,45,46,48,50,53,58]},{"timeSet":13,"dateRange":1,"harmonicAverageSpeed":32.3,"medianSpeed":41.0,"averageSpeed":39.5,"standardDeviationSpeed":12.8,"travelTimeStandardDeviation":10.78,"sampleSize":5756,"normalizedSampleSize":0.569,"averageTravelTime":13.74,"medianTravelTime":10.83,"travelTimeRatio":1.21,"speedPercentiles":[15,21,26,31,34,36,37,38,39,41,42,43,44,45,47,48,51,54,59]},{"timeSet":14,"dateRange":1,"harmonicAverageSpeed":32.6,"medianSpeed":42.0,"averageSpeed":40.5,"standardDeviationSpeed":13.4,"travelTimeStandardDeviation":11.5,"sampleSize":5386,"normalizedSampleSize":0.5324,"averageTravelTime":13.63,"medianTravelTime":10.58,"travelTimeRatio":1.2,"speedPercentiles":[14,21,27,32,34,36,38,39,41,42,43,44,45,46,48,50,52,55,61]},{"timeSet":15,"dateRange":1,"harmonicAverageSpeed":32.0,"medianSpeed":41.0,"averageSpeed":40.0,"standardDeviationSpeed":13.6,"travelTimeStandardDeviation":11.38,"sampleSize":5623,"normalizedSampleSize":0.5559,"averageTravelTime":13.86,"medianTravelTime":10.83,"travelTimeRatio":1.22,"speedPercentiles":[14,20,25,30,34,36,37,39,40,41,42,44,45,46,48,50,52,55,61]},{"timeSet":16,"dateRange":1,"harmonicAverageSpeed":31.4,"medianSpeed":41.0,"averageSpeed":39.7,"standardDeviationSpeed":13.8,"travelTimeStandardDeviation":12.45,"sampleSize":5809,"normalizedSampleSize":0.5742,"averageTravelTime":14.15,"medianTravelTime":10.83,"travelTimeRatio":1.24,"speedPercentiles":[13,18,24,29,33,36,37,39,40,41,42,44,45,46,48,50,52,55,61]},{"timeSet":17,"dateRange":1,"harmonicAverageSpeed":30.7,"medianSpeed":39.0,"averageSpeed":37.6,"standardDeviationSpeed":13.0,"travelTimeStandardDeviation":10.22,"sampleSize":6634,"normalizedSampleSize":0.6558,"averageTravelTime":14.48,"medianTravelTime":11.39,"travelTimeRatio":1.27,"speedPercentiles":[14,18,23,27,30,33,35,37,38,39,40,41,43,44,45,47,49,52,58]},{"timeSet":18,"dateRange":1,"harmonicAverageSpeed":26.3,"medianSpeed":39.0,"averageSpeed":36.3,"standardDeviationSpeed":14.9,"travelTimeStandardDeviation":14.21,"sampleSize":6528,"normalizedSampleSize":0.6453,"averageTravelTime":16.91,"medianTravelTime":11.39,"travelTimeRatio":1.49,"speedPercentiles":[9,13,17,21,26,30,33,36,38,39,41,42,44,45,47,49,51,53,57]},{"timeSet":19,"dateRange":1,"harmonicAverageSpeed":24.9,"medianSpeed":38.0,"averageSpeed":34.7,"standardDeviationSpeed":14.7,"travelTimeStandardDeviation":14.77,"sampleSize":6723,"normalizedSampleSize":0.6646,"averageTravelTime":17.85,"medianTravelTime":11.69,"travelTimeRatio":1.57,"speedPercentiles":[9,12,16,19,23,27,31,33,36,38,39,41,42,44,45,47,49,52,56]},{"timeSet":20,"dateRange":1,"harmonicAverageSpeed":27.6,"medianSpeed":41.0,"averageSpeed":38.0,"standardDeviationSpeed":14.7,"travelTimeStandardDeviation":15.45,"sampleSize":6294,"normalizedSampleSize":0.6222,"averageTravelTime":16.08,"medianTravelTime":10.83,"travelTimeRatio":1.41,"speedPercentiles":[10,14,19,24,28,33,36,38,40,41,43,44,45,47,48,49,51,54,57]},{"timeSet":21,"dateRange":1,"harmonicAverageSpeed":30.9,"medianSpeed":43.0,"averageSpeed":40.1,"standardDeviationSpeed":14.1,"travelTimeStandardDeviation":12.24,"sampleSize":6011,"normalizedSampleSize":0.5942,"averageTravelTime":14.37,"medianTravelTime":10.33,"travelTimeRatio":1.26,"speedPercentiles":[12,17,23,28,33,36,38,40,42,43,44,45,47,48,49,51,53,55,59]},{"timeSet":22,"dateRange":1,"harmonicAverageSpeed":32.9,"medianSpeed":45.0,"averageSpeed":42.6,"standardDeviationSpeed":15.3,"travelTimeStandardDeviation":11.64,"sampleSize":5398,"normalizedSampleSize":0.5336,"averageTravelTime":13.5,"medianTravelTime":9.87,"travelTimeRatio":1.19,"speedPercentiles":[13,18,24,30,35,38,40,42,44,45,46,48,49,51,52,54,56,59,64]},{"timeSet":23,"dateRange":1,"harmonicAverageSpeed":37.4,"medianSpeed":50.0,"averageSpeed":48.1,"standardDeviationSpeed":17.5,"travelTimeStandardDeviation":9.84,"sampleSize":2942,"normalizedSampleSize":0.2908,"averageTravelTime":11.87,"medianTravelTime":8.88,"travelTimeRatio":1.04,"speedPercentiles":[14,20,28,35,39,42,45,46,48,50,52,54,55,57,60,62,65,68,74]},{"timeSet":24,"dateRange":1,"harmonicAverageSpeed":36.0,"medianSpeed":51.0,"averageSpeed":48.3,"standardDeviationSpeed":18.3,"travelTimeStandardDeviation":11.14,"sampleSize":2533,"normalizedSampleSize":0.2504,"averageTravelTime":12.35,"medianTravelTime":8.71,"travelTimeRatio":1.08,"speedPercentiles":[13,18,25,33,39,42,45,47,49,51,53,55,56,59,61,63,66,69,75]},{"timeSet":25,"dateRange":1,"harmonicAverageSpeed":36.5,"medianSpeed":51.0,"averageSpeed":48.4,"standardDeviationSpeed":18.8,"travelTimeStandardDeviation":9.19,"sampleSize":2314,"normalizedSampleSize":0.2287,"averageTravelTime":12.17,"medianTravelTime":8.71,"travelTimeRatio":1.07,"speedPercentiles":[13,16,25,32,39,42,45,47,49,51,53,55,56,59,61,63,66,70,76]}]}},{"type":"Feature","geometry":{"type":"LineString","coordinates":[[12.46969,41.94348],[12.46977,41.94337]]},"properties":{"segmentId":13800007069956,"newSegmentId":"00004931-3600-0400-0000-0000014dc575","speedLimit":50,"frc":2,"streetName":"Corso di Francia","distance":13.16,"segmentTimeResults":[{"timeSet":2,"dateRange":1,"harmonicAverageSpeed":31.7,"medianSpeed":57.0,"averageSpeed":53.6,"standardDeviationSpeed":20.6,"travelTimeStandardDeviation":3.88,"sampleSize":955,"normalizedSampleSize":0.0944,"averageTravelTime":1.49,"medianTravelTime":0.83,"travelTimeRatio":1.0,"speedPercentiles":[14,22,28,37,42,47,50,52,54,57,59,60,63,65,67,70,73,77,83]},{"timeSet":3,"dateRange":1,"harmonicAverageSpeed":32.1,"medianSpeed":56.0,"averageSpeed":54.2,"standardDeviationSpeed":20.2,"travelTimeStandardDeviation":4.39,"sampleSize":590,"normalizedSampleSize":0.0583,"averageTravelTime":1.48,"medianTravelTime":0.85,"travelTimeRatio":0.99,"speedPercentiles":[16,25,32,40,43,46,49,52,54,56,58,60,62,64,67,69,72,79,86]},{"timeSet":4,"dateRange":1,"harmonicAverageSpeed":26.2,"medianSpeed":57.0,"averageSpeed":53.9,"standardDeviationSpeed":21.4,"travelTimeStandardDeviation":6.57,"sampleSize":266,"normalizedSampleSize":0.0263,"averageTravelTime":1.81,"medianTravelTime":0.83,"travelTimeRatio":1.21,"speedPercentiles":[11,22,29,37,43,47,51,53,55,57,59,61,64,65,67,70,74,79,83]},{"timeSet":5,"dateRange":1,"harmonicAverageSpeed":30.4,"medianSpeed":60.0,"averageSpeed":56.4,"standardDeviationSpeed":22.5,"travelTimeStandardDeviation":5.02,"sampleSize":173,"normalizedSampleSize":0.0171,"averageTravelTime":1.56,"medianTravelTime":0.79,"travelTimeRatio":1.04,"speedPercentiles":[13,22,31,38,45,47,52,55,57,60,61,63,65,68,70,74,78,81,92]},{"timeSet":6,"dateRange":1,"harmonicAverageSpeed":33.1,"medianSpeed":61.0,"averageSpeed":56.3,"standardDeviationSpeed":22.1,"travelTimeStandardDeviation":3.22,"sampleSize":258,"normalizedSampleSize":0.0255,"averageTravelTime":1.43,"medianTravelTime":0.78,"travelTimeRatio":0.96,"speedPercentiles":[13,21,28,36,44,49,52,57,60,61,64,66,69,70,72,74,77,81,85]},{"timeSet":7,"dateRange":1,"harmonicAverageSpeed":42.8,"medianSpeed":59.0,"averageSpeed":57.2,"standardDeviationSpeed":16.9,"travelTimeStandardDeviation":2.02,"sampleSize":954,"normalizedSampleSize":0.0943,"averageTravelTime":1.11,"medianTravelTime":0.8,"travelTimeRatio":0.74,"speedPercentiles":[22,33,41,46,50,53,55,56,58,59,61,62,64,66,68,71,73,76,80]},{"timeSet":8,"dateRange":1,"harmonicAverageSpeed":38.5,"medianSpeed":53.0,"averageSpeed":51.4,"standardDeviationSpeed":15.1,"travelTimeStandardDeviation":2.77,"sampleSize":2659,"normalizedSampleSize":0.2629,"averageTravelTime":1.23,"medianTravelTime":0.89,"travelTimeRatio":0.82,"speedPercentiles":[21,30,38,42,44,46,48,50,51,53,54,56,57,59,61,63,65,69,74]},{"timeSet":9,"dateRange":1,"harmonicAverageSpeed":25.1,"medianSpeed":36.0,"averageSpeed":35.9,"standardDeviationSpeed":14.8,"travelTimeStandardDeviation":3.37,"sampleSize":8220,"normalizedSampleSize":0.8126,"averageTravelTime":1.89,"medianTravelTime":1.32,"travelTimeRatio":1.26,"speedPercentiles":[12,16,19,22,25,27,29,31,34,36,39,41,43,45,47,49,51,54,59]},{"timeSet":10,"dateRange":1,"harmonicAverageSpeed":19.5,"medianSpeed":27.0,"averageSpeed":27.8,"standardDeviationSpeed":11.5,"travelTimeStandardDeviation":4.15,"sampleSize":9672,"normalizedSampleSize":0.9561,"averageTravelTime":2.43,"medianTravelTime":1.75,"travelTimeRatio":1.63,"speedPercentiles":[10,13,16,18,20,22,23,25,26,27,29,30,32,34,35,37,40,42,47]},{"timeSet":11,"dateRange":1,"harmonicAverageSpeed":22.7,"medianSpeed":34.0,"averageSpeed":33.2,"standardDeviationSpeed":13.0,"travelTimeStandardDeviation":4.44,"sampleSize":8238,"normalizedSampleSize":0.8144,"averageTravelTime":2.09,"medianTravelTime":1.39,"travelTimeRatio":1.4,"speedPercentiles":[12,16,19,22,24,26,28,30,32,34,36,37,39,41,42,44,46,49,54]},{"timeSet":12,"dateRange":1,"harmonicAverageSpeed":27.8,"medianSpeed":40.0,"averageSpeed":39.1,"standardDeviationSpeed":13.0,"travelTimeStandardDeviation":4.09,"sampleSize":6433,"normalizedSampleSize":0.6359,"averageTravelTime":1.71,"medianTravelTime":1.18,"travelTimeRatio":1.14,"speedPercentiles":[16,21,25,29,32,34,36,37,39,40,41,42,44,45,47,49,51,54,59]},{"timeSet":13,"dateRange":1,"harmonicAverageSpeed":29.2,"medianSpeed":41.0,"averageSpeed":40.3,"standardDeviationSpeed":13.0,"travelTimeStandardDeviation":3.88,"sampleSize":5848,"normalizedSampleSize":0.5781,"averageTravelTime":1.62,"medianTravelTime":1.16,"travelTimeRatio":1.09,"speedPercentiles":[17,23,28,31,34,36,37,38,40,41,42,43,45,46,48,50,52,55,61]},{"timeSet":14,"dateRange":1,"harmonicAverageSpeed":28.9,"medianSpeed":42.0,"averageSpeed":41.2,"standardDeviationSpeed":13.5,"travelTimeStandardDeviation":4.2,"sampleSize":5506,"normalizedSampleSize":0.5443,"averageTravelTime":1.64,"medianTravelTime":1.13,"travelTimeRatio":1.1,"speedPercentiles":[16,23,28,32,34,36,38,40,41,42,43,45,46,47,49,51,54,57,62]},{"timeSet":15,"dateRange":1,"harmonicAverageSpeed":29.0,"medianSpeed":41.0,"averageSpeed":40.5,"standardDeviationSpeed":13.9,"travelTimeStandardDeviation":3.41,"sampleSize":5723,"normalizedSampleSize":0.5657,"averageTravelTime":1.63,"medianTravelTime":1.16,"travelTimeRatio":1.09,"speedPercentiles":[16,22,26,30,33,35,37,38,40,41,43,44,45,47,49,51,54,57,63]},{"timeSet":16,"dateRange":1,"harmonicAverageSpeed":27.2,"medianSpeed":42.0,"averageSpeed":40.4,"standardDeviationSpeed":13.8,"travelTimeStandardDeviation":4.61,"sampleSize":5911,"normalizedSampleSize":0.5843,"averageTravelTime":1.74,"medianTravelTime":1.13,"travelTimeRatio":1.16,"speedPercentiles":[15,21,26,30,33,36,37,39,40,42,43,44,46,47,49,51,53,56,62]},{"timeSet":17,"dateRange":1,"harmonicAverageSpeed":28.0,"medianSpeed":40.0,"averageSpeed":38.9,"standardDeviationSpeed":12.9,"travelTimeStandardDeviation":4.11,"sampleSize":6779,"normalizedSampleSize":0.6701,"averageTravelTime":1.69,"medianTravelTime":1.18,"travelTimeRatio":1.13,"speedPercentiles":[16,22,26,29,32,34,35,37,38,40,41,42,43,45,46,48,51,54,60]},{"timeSet":18,"dateRange":1,"harmonicAverageSpeed":25.5,"medianSpeed":37.0,"averageSpeed":36.4,"standardDeviationSpeed":13.3,"travelTimeStandardDeviation":3.79,"sampleSize":6678,"normalizedSampleSize":0.6601,"averageTravelTime":1.86,"medianTravelTime":1.28,"travelTimeRatio":1.24,"speedPercentiles":[13,18,22,25,27,30,32,34,36,37,39,41,42,44,46,47,50,53,57]},{"timeSet":19,"dateRange":1,"harmonicAverageSpeed":25.0,"medianSpeed":35.0,"averageSpeed":34.9,"standardDeviationSpeed":12.9,"travelTimeStandardDeviation":4.88,"sampleSize":6863,"normalizedSampleSize":0.6784,"averageTravelTime":1.9,"medianTravelTime":1.35,"travelTimeRatio":1.27,"speedPercentiles":[13,18,21,24,26,28,30,32,34,35,37,39,41,42,44,46,48,51,55]},{"timeSet":20,"dateRange":1,"harmonicAverageSpeed":25.9,"medianSpeed":41.0,"averageSpeed":39.0,"standardDeviationSpeed":13.7,"travelTimeStandardDeviation":4.44,"sampleSize":6408,"normalizedSampleSize":0.6335,"averageTravelTime":1.83,"medianTravelTime":1.16,"travelTimeRatio":1.22,"speedPercentiles":[14,20,23,27,30,33,36,38,39,41,43,44,45,47,48,50,52,54,58]},{"timeSet":21,"dateRange":1,"harmonicAverageSpeed":27.9,"medianSpeed":43.0,"averageSpeed":40.8,"standardDeviationSpeed":13.8,"travelTimeStandardDeviation":4.06,"sampleSize":6127,"normalizedSampleSize":0.6057,"averageTravelTime":1.7,"medianTravelTime":1.1,"travelTimeRatio":1.14,"speedPercentiles":[15,21,25,29,33,36,38,40,41,43,44,46,47,48,50,52,54,56,60]},{"timeSet":22,"dateRange":1,"harmonicAverageSpeed":28.1,"medianSpeed":45.0,"averageSpeed":43.3,"standardDeviationSpeed":15.3,"travelTimeStandardDeviation":4.56,"sampleSize":5497,"normalizedSampleSize":0.5434,"averageTravelTime":1.69,"medianTravelTime":1.05,"travelTimeRatio":1.13,"speedPercentiles":[15,22,26,31,35,38,40,42,44,45,47,48,50,51,53,55,57,61,66]},{"timeSet":23,"dateRange":1,"harmonicAverageSpeed":32.1,"medianSpeed":52.0,"averageSpeed":49.7,"standardDeviationSpeed":17.7,"travelTimeStandardDeviation":3.21,"sampleSize":2986,"normalizedSampleSize":0.2952,"averageTravelTime":1.48,"medianTravelTime":0.91,"travelTimeRatio":0.99,"speedPercentiles":[15,24,30,36,41,44,46,48,50,52,54,55,57,59,61,63,66,69,75]},{"timeSet":24,"dateRange":1,"harmonicAverageSpeed":30.0,"medianSpeed":53.0,"averageSpeed":49.7,"standardDeviationSpeed":18.8,"travelTimeStandardDeviation":3.87,"sampleSize":2572,"normalizedSampleSize":0.2543,"averageTravelTime":1.58,"medianTravelTime":0.89,"travelTimeRatio":1.06,"speedPercentiles":[14,21,27,34,40,44,46,48,50,53,55,56,58,60,62,64,67,71,76]},{"timeSet":25,"dateRange":1,"harmonicAverageSpeed":28.9,"medianSpeed":53.0,"averageSpeed":50.0,"standardDeviationSpeed":19.1,"travelTimeStandardDeviation":4.53,"sampleSize":2349,"normalizedSampleSize":0.2322,"averageTravelTime":1.64,"medianTravelTime":0.89,"travelTimeRatio":1.1,"speedPercentiles":[14,21,27,34,40,44,46,48,50,53,54,56,58,60,62,65,67,71,78]}]}},{"type":"Feature","geometry":{"type":"LineString","coordinates":[[12.46977,41.94337],[12.46981,41.94332]]},"properties":{"segmentId":13800007335855,"newSegmentId":"00004931-3600-0400-0000-0000015daa40","speedLimit":50,"frc":2,"streetName":"Corso di Francia","distance":7.31,"segmentTimeResults":[{"timeSet":2,"dateRange":1,"harmonicAverageSpeed":31.9,"medianSpeed":57.0,"averageSpeed":54.8,"standardDeviationSpeed":19.2,"travelTimeStandardDeviation":3.64,"sampleSize":952,"normalizedSampleSize":0.0941,"averageTravelTime":0.82,"medianTravelTime":0.46,"travelTimeRatio":1.0,"speedPercentiles":[21,27,33,39,43,47,50,52,55,57,59,61,63,65,68,70,73,77,83]},{"timeSet":3,"dateRange":1,"harmonicAverageSpeed":46.6,"medianSpeed":57.0,"averageSpeed":55.5,"standardDeviationSpeed":18.6,"travelTimeStandardDeviation":0.34,"sampleSize":588,"normalizedSampleSize":0.0581,"averageTravelTime":0.56,"medianTravelTime":0.46,"travelTimeRatio":0.68,"speedPercentiles":[21,30,36,41,44,47,50,52,54,57,59,60,62,64,68,70,73,79,86]},{"timeSet":4,"dateRange":1,"harmonicAverageSpeed":29.5,"medianSpeed":57.0,"averageSpeed":55.3,"standardDeviationSpeed":19.6,"travelTimeStandardDeviation":3.78,"sampleSize":265,"normalizedSampleSize":0.0262,"averageTravelTime":0.89,"medianTravelTime":0.46,"travelTimeRatio":1.08,"speedPercentiles":[22,27,34,40,43,48,51,53,55,57,59,61,64,65,67,70,74,79,84]},{"timeSet":5,"dateRange":1,"harmonicAverageSpeed":49.3,"medianSpeed":60.0,"averageSpeed":57.8,"standardDeviationSpeed":19.9,"travelTimeStandardDeviation":0.26,"sampleSize":173,"normalizedSampleSize":0.0171,"averageTravelTime":0.53,"medianTravelTime":0.44,"travelTimeRatio":0.65,"speedPercentiles":[23,28,34,39,44,47,52,56,57,60,62,63,65,67,70,73,78,81,92]},{"timeSet":6,"dateRange":1,"harmonicAverageSpeed":29.8,"medianSpeed":61.0,"averageSpeed":57.2,"standardDeviationSpeed":20.9,"travelTimeStandardDeviation":2.89,"sampleSize":258,"normalizedSampleSize":0.0255,"averageTravelTime":0.88,"medianTravelTime":0.43,"travelTimeRatio":1.07,"speedPercentiles":[19,23,30,40,44,49,52,58,60,61,64,66,69,71,72,75,77,80,85]},{"timeSet":7,"dateRange":1,"harmonicAverageSpeed":49.4,"medianSpeed":60.0,"averageSpeed":57.8,"standardDeviationSpeed":16.0,"travelTimeStandardDeviation":0.54,"sampleSize":955,"normalizedSampleSize":0.0944,"averageTravelTime":0.53,"medianTravelTime":0.44,"travelTimeRatio":0.65,"speedPercentiles":[26,35,41,47,50,53,55,56,58,60,61,62,64,66,68,71,73,76,81]},{"timeSet":8,"dateRange":1,"harmonicAverageSpeed":41.6,"medianSpeed":53.0,"averageSpeed":51.9,"standardDeviationSpeed":14.5,"travelTimeStandardDeviation":1.84,"sampleSize":2660,"normalizedSampleSize":0.2629,"averageTravelTime":0.63,"medianTravelTime":0.5,"travelTimeRatio":0.77,"speedPercentiles":[24,32,38,42,44,46,48,50,51,53,54,56,57,59,61,63,66,69,74]},{"timeSet":9,"dateRange":1,"harmonicAverageSpeed":26.6,"medianSpeed":36.0,"averageSpeed":36.5,"standardDeviationSpeed":14.2,"travelTimeStandardDeviation":2.39,"sampleSize":8216,"normalizedSampleSize":0.8122,"averageTravelTime":0.99,"medianTravelTime":0.73,"travelTimeRatio":1.2,"speedPercentiles":[14,18,21,23,26,28,30,32,34,36,39,41,43,45,47,49,51,54,59]},{"timeSet":10,"dateRange":1,"harmonicAverageSpeed":21.0,"medianSpeed":28.0,"averageSpeed":28.3,"standardDeviationSpeed":11.1,"travelTimeStandardDeviation":1.84,"sampleSize":9690,"normalizedSampleSize":0.9579,"averageTravelTime":1.25,"medianTravelTime":0.94,"travelTimeRatio":1.52,"speedPercentiles":[10,14,17,19,21,23,24,26,27,28,29,31,32,34,35,37,40,42,47]},{"timeSet":11,"dateRange":1,"harmonicAverageSpeed":25.2,"medianSpeed":34.0,"averageSpeed":33.7,"standardDeviationSpeed":12.6,"travelTimeStandardDeviation":2.27,"sampleSize":8224,"normalizedSampleSize":0.813,"averageTravelTime":1.04,"medianTravelTime":0.77,"travelTimeRatio":1.27,"speedPercentiles":[13,17,20,23,25,27,29,30,32,34,36,37,39,41,43,44,46,49,54]},{"timeSet":12,"dateRange":1,"harmonicAverageSpeed":30.5,"medianSpeed":40.0,"averageSpeed":39.5,"standardDeviationSpeed":12.5,"travelTimeStandardDeviation":2.12,"sampleSize":6428,"normalizedSampleSize":0.6354,"averageTravelTime":0.86,"medianTravelTime":0.66,"travelTimeRatio":1.05,"speedPercentiles":[18,23,27,30,33,34,36,38,39,40,41,43,44,45,47,49,51,54,59]},{"timeSet":13,"dateRange":1,"harmonicAverageSpeed":32.3,"medianSpeed":41.0,"averageSpeed":40.9,"standardDeviationSpeed":12.5,"travelTimeStandardDeviation":1.93,"sampleSize":5837,"normalizedSampleSize":0.577,"averageTravelTime":0.81,"medianTravelTime":0.64,"travelTimeRatio":0.99,"speedPercentiles":[20,25,29,32,34,36,37,39,40,41,43,44,45,46,48,50,52,55,61]},{"timeSet":14,"dateRange":1,"harmonicAverageSpeed":29.9,"medianSpeed":42.0,"averageSpeed":41.8,"standardDeviationSpeed":12.8,"travelTimeStandardDeviation":3.32,"sampleSize":5508,"normalizedSampleSize":0.5445,"averageTravelTime":0.88,"medianTravelTime":0.63,"travelTimeRatio":1.07,"speedPercentiles":[19,25,29,32,35,37,38,40,41,42,43,45,46,48,49,51,54,57,62]},{"timeSet":15,"dateRange":1,"harmonicAverageSpeed":30.6,"medianSpeed":41.0,"averageSpeed":40.9,"standardDeviationSpeed":13.4,"travelTimeStandardDeviation":2.29,"sampleSize":5726,"normalizedSampleSize":0.566,"averageTravelTime":0.86,"medianTravelTime":0.64,"travelTimeRatio":1.04,"speedPercentiles":[18,23,27,30,33,35,37,38,40,41,43,44,46,47,49,51,54,57,63]},{"timeSet":16,"dateRange":1,"harmonicAverageSpeed":29.5,"medianSpeed":42.0,"averageSpeed":41.2,"standardDeviationSpeed":13.1,"travelTimeStandardDeviation":2.74,"sampleSize":5894,"normalizedSampleSize":0.5826,"averageTravelTime":0.89,"medianTravelTime":0.63,"travelTimeRatio":1.08,"speedPercentiles":[18,23,28,31,34,36,38,39,41,42,43,45,46,48,49,51,54,57,62]},{"timeSet":17,"dateRange":1,"harmonicAverageSpeed":30.4,"medianSpeed":40.0,"averageSpeed":39.5,"standardDeviationSpeed":12.3,"travelTimeStandardDeviation":2.25,"sampleSize":6779,"normalizedSampleSize":0.6701,"averageTravelTime":0.87,"medianTravelTime":0.66,"travelTimeRatio":1.05,"speedPercentiles":[19,23,27,30,32,34,36,37,39,40,41,42,44,45,46,49,51,54,60]},{"timeSet":18,"dateRange":1,"harmonicAverageSpeed":26.9,"medianSpeed":37.0,"averageSpeed":36.8,"standardDeviationSpeed":12.6,"travelTimeStandardDeviation":2.51,"sampleSize":6670,"normalizedSampleSize":0.6594,"averageTravelTime":0.98,"medianTravelTime":0.71,"travelTimeRatio":1.19,"speedPercentiles":[15,20,23,26,28,30,32,34,36,37,39,41,42,44,45,47,49,52,56]},{"timeSet":19,"dateRange":1,"harmonicAverageSpeed":26.8,"medianSpeed":36.0,"averageSpeed":35.4,"standardDeviationSpeed":12.3,"travelTimeStandardDeviation":2.16,"sampleSize":6846,"normalizedSampleSize":0.6767,"averageTravelTime":0.98,"medianTravelTime":0.73,"travelTimeRatio":1.19,"speedPercentiles":[15,19,22,25,27,29,31,32,34,36,37,39,41,42,44,46,48,51,55]},{"timeSet":20,"dateRange":1,"harmonicAverageSpeed":29.2,"medianSpeed":41.0,"averageSpeed":39.5,"standardDeviationSpeed":12.8,"travelTimeStandardDeviation":2.41,"sampleSize":6397,"normalizedSampleSize":0.6324,"averageTravelTime":0.9,"medianTravelTime":0.64,"travelTimeRatio":1.09,"speedPercentiles":[17,22,26,29,31,34,36,38,40,41,43,44,45,47,48,50,52,54,58]},{"timeSet":21,"dateRange":1,"harmonicAverageSpeed":27.9,"medianSpeed":43.0,"averageSpeed":41.4,"standardDeviationSpeed":13.0,"travelTimeStandardDeviation":3.74,"sampleSize":6122,"normalizedSampleSize":0.6052,"averageTravelTime":0.94,"medianTravelTime":0.61,"travelTimeRatio":1.14,"speedPercentiles":[17,24,28,31,34,36,38,40,42,43,44,46,47,48,50,52,54,56,60]},{"timeSet":22,"dateRange":1,"harmonicAverageSpeed":30.1,"medianSpeed":45.0,"averageSpeed":43.9,"standardDeviationSpeed":14.5,"travelTimeStandardDeviation":3.04,"sampleSize":5482,"normalizedSampleSize":0.5419,"averageTravelTime":0.88,"medianTravelTime":0.58,"travelTimeRatio":1.06,"speedPercentiles":[19,24,28,32,35,38,40,42,44,45,47,48,50,51,53,55,58,61,66]},{"timeSet":23,"dateRange":1,"harmonicAverageSpeed":29.8,"medianSpeed":52.0,"averageSpeed":50.5,"standardDeviationSpeed":16.8,"travelTimeStandardDeviation":3.37,"sampleSize":2988,"normalizedSampleSize":0.2954,"averageTravelTime":0.88,"medianTravelTime":0.51,"travelTimeRatio":1.07,"speedPercentiles":[20,27,32,37,42,44,47,48,50,52,54,56,57,60,61,63,66,70,75]},{"timeSet":24,"dateRange":1,"harmonicAverageSpeed":31.9,"medianSpeed":53.0,"averageSpeed":50.8,"standardDeviationSpeed":17.5,"travelTimeStandardDeviation":3.04,"sampleSize":2565,"normalizedSampleSize":0.2536,"averageTravelTime":0.82,"medianTravelTime":0.5,"travelTimeRatio":1.0,"speedPercentiles":[19,25,31,36,41,44,47,49,51,53,55,56,58,60,62,64,67,71,76]},{"timeSet":25,"dateRange":1,"harmonicAverageSpeed":31.6,"medianSpeed":53.0,"averageSpeed":50.9,"standardDeviationSpeed":17.8,"travelTimeStandardDeviation":2.8,"sampleSize":2351,"normalizedSampleSize":0.2324,"averageTravelTime":0.83,"medianTravelTime":0.5,"travelTimeRatio":1.01,"speedPercentiles":[20,26,31,36,41,44,47,49,51,53,54,56,58,60,62,65,67,71,78]}]}},{"type":"Feature","geometry":{"type":"LineString","coordinates":[[12.46981,41.94332],[12.46991,41.94316],[12.47,41.943]]},"properties":{"segmentId":13800006960095,"newSegmentId":"00004931-3600-0400-0000-0000015daa41","speedLimit":50,"frc":2,"streetName":"Corso di Francia","distance":38.42,"segmentTimeResults":[{"timeSet":2,"dateRange":1,"harmonicAverageSpeed":46.1,"medianSpeed":56.0,"averageSpeed":55.1,"standardDeviationSpeed":17.8,"travelTimeStandardDeviation":2.54,"sampleSize":991,"normalizedSampleSize":0.098,"averageTravelTime":3.0,"medianTravelTime":2.47,"travelTimeRatio":1.0,"speedPercentiles":[26,32,35,39,43,46,49,52,54,56,58,60,63,65,67,69,73,76,83]},{"timeSet":3,"dateRange":1,"harmonicAverageSpeed":48.0,"medianSpeed":56.0,"averageSpeed":55.7,"standardDeviationSpeed":17.6,"travelTimeStandardDeviation":1.74,"sampleSize":603,"normalizedSampleSize":0.0596,"averageTravelTime":2.88,"medianTravelTime":2.47,"travelTimeRatio":0.96,"speedPercentiles":[27,33,37,41,44,46,49,52,54,56,58,60,62,64,67,70,73,78,85]},{"timeSet":4,"dateRange":1,"harmonicAverageSpeed":46.6,"medianSpeed":56.0,"averageSpeed":55.2,"standardDeviationSpeed":18.1,"travelTimeStandardDeviation":1.84,"sampleSize":273,"normalizedSampleSize":0.027,"averageTravelTime":2.97,"medianTravelTime":2.47,"travelTimeRatio":0.99,"speedPercentiles":[26,31,35,40,43,47,50,52,54,56,58,61,63,65,66,70,72,77,83]},{"timeSet":5,"dateRange":1,"harmonicAverageSpeed":52.6,"medianSpeed":60.0,"averageSpeed":58.7,"standardDeviationSpeed":18.1,"travelTimeStandardDeviation":1.0,"sampleSize":175,"normalizedSampleSize":0.0173,"averageTravelTime":2.63,"medianTravelTime":2.31,"travelTimeRatio":0.88,"speedPercentiles":[31,35,38,42,45,49,52,55,56,60,63,63,65,66,69,73,77,81,92]},{"timeSet":6,"dateRange":1,"harmonicAverageSpeed":45.2,"medianSpeed":61.0,"averageSpeed":58.0,"standardDeviationSpeed":19.2,"travelTimeStandardDeviation":3.24,"sampleSize":261,"normalizedSampleSize":0.0258,"averageTravelTime":3.06,"medianTravelTime":2.27,"travelTimeRatio":1.02,"speedPercentiles":[22,31,36,41,45,49,52,57,59,61,64,65,68,70,72,74,77,80,85]},{"timeSet":7,"dateRange":1,"harmonicAverageSpeed":51.1,"medianSpeed":59.0,"averageSpeed":57.4,"standardDeviationSpeed":15.5,"travelTimeStandardDeviation":1.28,"sampleSize":971,"normalizedSampleSize":0.096,"averageTravelTime":2.7,"medianTravelTime":2.34,"travelTimeRatio":0.9,"speedPercentiles":[27,35,41,46,49,52,54,56,57,59,60,62,64,65,68,70,73,75,80]},{"timeSet":8,"dateRange":1,"harmonicAverageSpeed":45.7,"medianSpeed":53.0,"averageSpeed":52.0,"standardDeviationSpeed":14.0,"travelTimeStandardDeviation":2.66,"sampleSize":2707,"normalizedSampleSize":0.2676,"averageTravelTime":3.03,"medianTravelTime":2.61,"travelTimeRatio":1.01,"speedPercentiles":[27,33,38,41,44,46,48,50,51,53,54,56,57,59,61,63,65,69,74]},{"timeSet":9,"dateRange":1,"harmonicAverageSpeed":29.2,"medianSpeed":36.0,"averageSpeed":36.6,"standardDeviationSpeed":13.9,"travelTimeStandardDeviation":3.95,"sampleSize":8478,"normalizedSampleSize":0.8381,"averageTravelTime":4.74,"medianTravelTime":3.84,"travelTimeRatio":1.58,"speedPercentiles":[14,19,22,24,27,28,30,32,34,36,38,41,43,45,47,49,51,54,59]},{"timeSet":10,"dateRange":1,"harmonicAverageSpeed":21.8,"medianSpeed":28.0,"averageSpeed":28.0,"standardDeviationSpeed":11.0,"travelTimeStandardDeviation":5.96,"sampleSize":10039,"normalizedSampleSize":0.9924,"averageTravelTime":6.36,"medianTravelTime":4.94,"travelTimeRatio":2.12,"speedPercentiles":[10,14,16,19,21,22,24,25,27,28,29,31,32,33,35,37,39,42,46]},{"timeSet":11,"dateRange":1,"harmonicAverageSpeed":26.4,"medianSpeed":34.0,"averageSpeed":33.4,"standardDeviationSpeed":12.4,"travelTimeStandardDeviation":4.5,"sampleSize":8486,"normalizedSampleSize":0.8389,"averageTravelTime":5.23,"medianTravelTime":4.07,"travelTimeRatio":1.74,"speedPercentiles":[12,17,20,23,25,27,29,30,32,34,35,37,39,40,42,44,46,49,53]},{"timeSet":12,"dateRange":1,"harmonicAverageSpeed":32.4,"medianSpeed":40.0,"averageSpeed":39.2,"standardDeviationSpeed":12.3,"travelTimeStandardDeviation":3.98,"sampleSize":6699,"normalizedSampleSize":0.6622,"averageTravelTime":4.27,"medianTravelTime":3.46,"travelTimeRatio":1.42,"speedPercentiles":[17,23,27,30,32,34,36,37,38,40,41,42,44,45,47,48,51,54,59]},{"timeSet":13,"dateRange":1,"harmonicAverageSpeed":34.5,"medianSpeed":41.0,"averageSpeed":40.7,"standardDeviationSpeed":12.2,"travelTimeStandardDeviation":3.39,"sampleSize":6060,"normalizedSampleSize":0.5991,"averageTravelTime":4.01,"medianTravelTime":3.37,"travelTimeRatio":1.34,"speedPercentiles":[20,25,29,32,34,36,37,38,40,41,42,43,45,46,48,50,52,55,60]},{"timeSet":14,"dateRange":1,"harmonicAverageSpeed":35.3,"medianSpeed":42.0,"averageSpeed":41.7,"standardDeviationSpeed":12.4,"travelTimeStandardDeviation":3.88,"sampleSize":5731,"normalizedSampleSize":0.5665,"averageTravelTime":3.92,"medianTravelTime":3.29,"travelTimeRatio":1.31,"speedPercentiles":[21,26,30,33,35,36,38,39,41,42,43,44,46,47,49,51,53,56,62]},{"timeSet":15,"dateRange":1,"harmonicAverageSpeed":33.2,"medianSpeed":41.0,"averageSpeed":40.7,"standardDeviationSpeed":13.2,"travelTimeStandardDeviation":4.08,"sampleSize":5923,"normalizedSampleSize":0.5855,"averageTravelTime":4.17,"medianTravelTime":3.37,"travelTimeRatio":1.39,"speedPercentiles":[18,23,27,31,33,35,37,38,40,41,42,44,45,47,49,51,53,56,62]},{"timeSet":16,"dateRange":1,"harmonicAverageSpeed":32.6,"medianSpeed":42.0,"averageSpeed":41.0,"standardDeviationSpeed":12.8,"travelTimeStandardDeviation":4.84,"sampleSize":6124,"normalizedSampleSize":0.6054,"averageTravelTime":4.24,"medianTravelTime":3.29,"travelTimeRatio":1.41,"speedPercentiles":[18,24,29,32,34,36,38,39,40,42,43,44,46,47,49,51,53,56,61]},{"timeSet":17,"dateRange":1,"harmonicAverageSpeed":33.5,"medianSpeed":40.0,"averageSpeed":39.8,"standardDeviationSpeed":11.9,"travelTimeStandardDeviation":3.86,"sampleSize":7028,"normalizedSampleSize":0.6947,"averageTravelTime":4.12,"medianTravelTime":3.46,"travelTimeRatio":1.37,"speedPercentiles":[19,25,28,31,33,35,36,38,39,40,41,43,44,45,47,48,51,54,59]},{"timeSet":18,"dateRange":1,"harmonicAverageSpeed":29.2,"medianSpeed":36.0,"averageSpeed":35.9,"standardDeviationSpeed":12.1,"travelTimeStandardDeviation":4.43,"sampleSize":6934,"normalizedSampleSize":0.6854,"averageTravelTime":4.74,"medianTravelTime":3.84,"travelTimeRatio":1.58,"speedPercentiles":[15,20,23,26,28,30,32,33,35,36,38,39,41,43,44,46,48,51,55]},{"timeSet":19,"dateRange":1,"harmonicAverageSpeed":27.7,"medianSpeed":34.0,"averageSpeed":34.4,"standardDeviationSpeed":11.9,"travelTimeStandardDeviation":4.82,"sampleSize":7091,"normalizedSampleSize":0.701,"averageTravelTime":5.0,"medianTravelTime":4.07,"travelTimeRatio":1.67,"speedPercentiles":[14,19,22,25,27,29,30,32,33,34,36,37,39,41,42,44,47,49,53]},{"timeSet":20,"dateRange":1,"harmonicAverageSpeed":31.9,"medianSpeed":40.0,"averageSpeed":38.8,"standardDeviationSpeed":12.2,"travelTimeStandardDeviation":4.22,"sampleSize":6666,"normalizedSampleSize":0.659,"averageTravelTime":4.34,"medianTravelTime":3.46,"travelTimeRatio":1.45,"speedPercentiles":[17,23,26,29,31,33,35,36,38,40,41,43,44,46,47,49,51,53,57]},{"timeSet":21,"dateRange":1,"harmonicAverageSpeed":33.0,"medianSpeed":42.0,"averageSpeed":40.9,"standardDeviationSpeed":12.5,"travelTimeStandardDeviation":4.89,"sampleSize":6349,"normalizedSampleSize":0.6276,"averageTravelTime":4.2,"medianTravelTime":3.29,"travelTimeRatio":1.4,"speedPercentiles":[18,24,28,31,33,35,37,39,40,42,43,45,46,48,49,51,53,56,59]},{"timeSet":22,"dateRange":1,"harmonicAverageSpeed":34.5,"medianSpeed":44.0,"averageSpeed":43.4,"standardDeviationSpeed":13.9,"travelTimeStandardDeviation":4.87,"sampleSize":5717,"normalizedSampleSize":0.5651,"averageTravelTime":4.01,"medianTravelTime":3.14,"travelTimeRatio":1.34,"speedPercentiles":[19,25,29,32,35,37,39,41,43,44,46,47,49,50,52,54,57,60,65]},{"timeSet":23,"dateRange":1,"harmonicAverageSpeed":40.0,"medianSpeed":51.0,"averageSpeed":50.1,"standardDeviationSpeed":16.1,"travelTimeStandardDeviation":3.84,"sampleSize":3136,"normalizedSampleSize":0.31,"averageTravelTime":3.45,"medianTravelTime":2.71,"travelTimeRatio":1.15,"speedPercentiles":[22,29,33,37,40,43,46,48,50,51,53,55,57,59,61,63,65,69,75]},{"timeSet":24,"dateRange":1,"harmonicAverageSpeed":40.8,"medianSpeed":52.0,"averageSpeed":50.7,"standardDeviationSpeed":16.6,"travelTimeStandardDeviation":3.4,"sampleSize":2671,"normalizedSampleSize":0.264,"averageTravelTime":3.39,"medianTravelTime":2.66,"travelTimeRatio":1.13,"speedPercentiles":[22,29,33,37,40,43,46,48,50,52,54,56,58,60,62,64,67,70,76]},{"timeSet":25,"dateRange":1,"harmonicAverageSpeed":41.5,"medianSpeed":52.0,"averageSpeed":51.2,"standardDeviationSpeed":16.6,"travelTimeStandardDeviation":3.45,"sampleSize":2435,"normalizedSampleSize":0.2407,"averageTravelTime":3.33,"medianTravelTime":2.66,"travelTimeRatio":1.11,"speedPercentiles":[23,30,34,37,40,43,46,48,50,52,54,56,58,60,62,64,67,71,78]}]}},{"type":"Feature","geometry":{"type":"LineString","coordinates":[[12.47,41.943],[12.47006,41.94291],[12.47013,41.94279],[12.47041,41.94231]]},"properties":{"segmentId":13800006456376,"newSegmentId":"00004931-3600-0400-0000-0000015c6b68","speedLimit":50,"frc":2,"streetName":"Corso di Francia","distance":84.0,"segmentTimeResults":[{"timeSet":2,"dateRange":1,"harmonicAverageSpeed":48.2,"medianSpeed":54.0,"averageSpeed":54.0,"standardDeviationSpeed":15.8,"travelTimeStandardDeviation":2.76,"sampleSize":993,"normalizedSampleSize":0.0982,"averageTravelTime":6.28,"medianTravelTime":5.6,"travelTimeRatio":1.0,"speedPercentiles":[28,34,37,40,43,45,48,50,52,54,56,58,60,62,65,68,70,74,80]},{"timeSet":3,"dateRange":1,"harmonicAverageSpeed":46.8,"medianSpeed":55.0,"averageSpeed":54.3,"standardDeviationSpeed":16.4,"travelTimeStandardDeviation":5.77,"sampleSize":601,"normalizedSampleSize":0.0594,"averageTravelTime":6.46,"medianTravelTime":5.5,"travelTimeRatio":1.03,"speedPercentiles":[30,34,37,40,43,46,48,50,52,55,56,58,60,61,64,67,71,75,82]},{"timeSet":4,"dateRange":1,"harmonicAverageSpeed":46.7,"medianSpeed":54.0,"averageSpeed":54.4,"standardDeviationSpeed":16.9,"travelTimeStandardDeviation":4.34,"sampleSize":273,"normalizedSampleSize":0.027,"averageTravelTime":6.48,"medianTravelTime":5.6,"travelTimeRatio":1.03,"speedPercentiles":[27,35,37,41,43,45,49,50,52,54,56,58,60,64,66,68,70,74,81]},{"timeSet":5,"dateRange":1,"harmonicAverageSpeed":53.6,"medianSpeed":57.0,"averageSpeed":57.9,"standardDeviationSpeed":15.8,"travelTimeStandardDeviation":1.63,"sampleSize":175,"normalizedSampleSize":0.0173,"averageTravelTime":5.64,"medianTravelTime":5.31,"travelTimeRatio":0.9,"speedPercentiles":[35,37,41,44,46,50,51,53,55,57,59,60,62,65,67,69,73,79,86]},{"timeSet":6,"dateRange":1,"harmonicAverageSpeed":50.3,"medianSpeed":59.0,"averageSpeed":57.1,"standardDeviationSpeed":17.4,"travelTimeStandardDeviation":2.72,"sampleSize":260,"normalizedSampleSize":0.0257,"averageTravelTime":6.01,"medianTravelTime":5.13,"travelTimeRatio":0.96,"speedPercentiles":[28,34,37,41,44,48,50,54,57,59,60,62,64,67,70,72,76,78,84]},{"timeSet":7,"dateRange":1,"harmonicAverageSpeed":47.6,"medianSpeed":56.0,"averageSpeed":54.5,"standardDeviationSpeed":15.7,"travelTimeStandardDeviation":3.75,"sampleSize":971,"normalizedSampleSize":0.096,"averageTravelTime":6.36,"medianTravelTime":5.4,"travelTimeRatio":1.01,"speedPercentiles":[26,33,38,41,44,47,50,53,54,56,58,59,61,63,65,67,71,74,78]},{"timeSet":8,"dateRange":1,"harmonicAverageSpeed":45.5,"medianSpeed":52.0,"averageSpeed":50.8,"standardDeviationSpeed":13.8,"travelTimeStandardDeviation":3.38,"sampleSize":2698,"normalizedSampleSize":0.2667,"averageTravelTime":6.65,"medianTravelTime":5.82,"travelTimeRatio":1.06,"speedPercentiles":[28,34,37,39,41,44,46,48,50,52,53,55,56,58,60,62,65,67,72]},{"timeSet":9,"dateRange":1,"harmonicAverageSpeed":25.3,"medianSpeed":34.0,"averageSpeed":34.2,"standardDeviationSpeed":14.5,"travelTimeStandardDeviation":9.82,"sampleSize":8478,"normalizedSampleSize":0.8381,"averageTravelTime":11.95,"medianTravelTime":8.89,"travelTimeRatio":1.9,"speedPercentiles":[10,15,18,21,24,27,29,31,32,34,36,38,40,42,44,47,50,53,58]},{"timeSet":10,"dateRange":1,"harmonicAverageSpeed":18.8,"medianSpeed":26.0,"averageSpeed":25.3,"standardDeviationSpeed":11.1,"travelTimeStandardDeviation":12.12,"sampleSize":10043,"normalizedSampleSize":0.9928,"averageTravelTime":16.08,"medianTravelTime":11.63,"travelTimeRatio":2.56,"speedPercentiles":[7,11,13,15,17,19,21,22,24,26,27,29,30,31,33,34,36,39,44]},{"timeSet":11,"dateRange":1,"harmonicAverageSpeed":22.7,"medianSpeed":31.0,"averageSpeed":30.7,"standardDeviationSpeed":13.0,"travelTimeStandardDeviation":10.85,"sampleSize":8477,"normalizedSampleSize":0.838,"averageTravelTime":13.31,"medianTravelTime":9.75,"travelTimeRatio":2.12,"speedPercentiles":[9,13,16,19,21,24,26,28,30,31,33,34,35,37,39,41,44,47,52]},{"timeSet":12,"dateRange":1,"harmonicAverageSpeed":26.6,"medianSpeed":37.0,"averageSpeed":36.0,"standardDeviationSpeed":13.5,"travelTimeStandardDeviation":11.33,"sampleSize":6687,"normalizedSampleSize":0.661,"averageTravelTime":11.35,"medianTravelTime":8.17,"travelTimeRatio":1.81,"speedPercentiles":[10,17,22,26,29,31,33,34,35,37,38,39,41,43,45,47,49,52,57]},{"timeSet":13,"dateRange":1,"harmonicAverageSpeed":27.5,"medianSpeed":38.0,"averageSpeed":37.0,"standardDeviationSpeed":13.6,"travelTimeStandardDeviation":10.86,"sampleSize":6040,"normalizedSampleSize":0.5971,"averageTravelTime":10.99,"medianTravelTime":7.96,"travelTimeRatio":1.75,"speedPercentiles":[10,18,23,27,30,32,33,35,36,38,39,40,42,44,46,48,50,53,58]},{"timeSet":14,"dateRange":1,"harmonicAverageSpeed":30.4,"medianSpeed":39.0,"averageSpeed":38.8,"standardDeviationSpeed":13.2,"travelTimeStandardDeviation":9.35,"sampleSize":5737,"normalizedSampleSize":0.5671,"averageTravelTime":9.96,"medianTravelTime":7.75,"travelTimeRatio":1.59,"speedPercentiles":[13,21,27,30,32,33,35,36,38,39,41,42,44,45,47,49,51,55,59]},{"timeSet":15,"dateRange":1,"harmonicAverageSpeed":26.8,"medianSpeed":38.0,"averageSpeed":37.4,"standardDeviationSpeed":14.3,"travelTimeStandardDeviation":12.98,"sampleSize":5912,"normalizedSampleSize":0.5844,"averageTravelTime":11.3,"medianTravelTime":7.96,"travelTimeRatio":1.8,"speedPercentiles":[10,17,22,26,30,32,34,35,37,38,40,41,43,45,47,49,52,55,59]},{"timeSet":16,"dateRange":1,"harmonicAverageSpeed":28.7,"medianSpeed":39.0,"averageSpeed":38.4,"standardDeviationSpeed":13.4,"travelTimeStandardDeviation":10.93,"sampleSize":6124,"normalizedSampleSize":0.6054,"averageTravelTime":10.54,"medianTravelTime":7.75,"travelTimeRatio":1.68,"speedPercentiles":[11,20,26,29,32,33,35,36,38,39,40,42,44,45,47,49,52,54,58]},{"timeSet":17,"dateRange":1,"harmonicAverageSpeed":28.7,"medianSpeed":38.0,"averageSpeed":37.2,"standardDeviationSpeed":12.8,"travelTimeStandardDeviation":9.63,"sampleSize":7014,"normalizedSampleSize":0.6934,"averageTravelTime":10.55,"medianTravelTime":7.96,"travelTimeRatio":1.68,"speedPercentiles":[11,20,25,29,31,33,34,35,37,38,39,40,42,44,45,47,49,52,57]},{"timeSet":18,"dateRange":1,"harmonicAverageSpeed":24.4,"medianSpeed":32.0,"averageSpeed":31.2,"standardDeviationSpeed":12.9,"travelTimeStandardDeviation":7.8,"sampleSize":6909,"normalizedSampleSize":0.683,"averageTravelTime":12.41,"medianTravelTime":9.45,"travelTimeRatio":1.98,"speedPercentiles":[10,13,15,18,21,24,26,29,31,32,34,35,37,38,40,42,45,48,52]},{"timeSet":19,"dateRange":1,"harmonicAverageSpeed":23.3,"medianSpeed":31.0,"averageSpeed":29.6,"standardDeviationSpeed":12.4,"travelTimeStandardDeviation":7.81,"sampleSize":7104,"normalizedSampleSize":0.7023,"averageTravelTime":13.0,"medianTravelTime":9.75,"travelTimeRatio":2.07,"speedPercentiles":[10,12,14,17,20,22,25,27,29,31,32,33,35,36,38,40,42,46,50]},{"timeSet":20,"dateRange":1,"harmonicAverageSpeed":27.4,"medianSpeed":35.0,"averageSpeed":34.1,"standardDeviationSpeed":12.9,"travelTimeStandardDeviation":7.14,"sampleSize":6651,"normalizedSampleSize":0.6575,"averageTravelTime":11.02,"medianTravelTime":8.64,"travelTimeRatio":1.76,"speedPercentiles":[12,15,19,22,25,28,30,32,33,35,36,38,39,41,43,45,47,50,54]},{"timeSet":21,"dateRange":1,"harmonicAverageSpeed":29.2,"medianSpeed":37.0,"averageSpeed":36.3,"standardDeviationSpeed":13.1,"travelTimeStandardDeviation":8.17,"sampleSize":6333,"normalizedSampleSize":0.626,"averageTravelTime":10.36,"medianTravelTime":8.17,"travelTimeRatio":1.65,"speedPercentiles":[13,17,21,25,28,31,32,34,35,37,38,40,42,44,46,48,50,52,57]},{"timeSet":22,"dateRange":1,"harmonicAverageSpeed":32.3,"medianSpeed":39.0,"averageSpeed":39.3,"standardDeviationSpeed":14.3,"travelTimeStandardDeviation":5.74,"sampleSize":5723,"normalizedSampleSize":0.5657,"averageTravelTime":9.37,"medianTravelTime":7.75,"travelTimeRatio":1.49,"speedPercentiles":[15,20,23,27,31,33,34,36,38,39,41,43,45,47,49,51,54,57,62]},{"timeSet":23,"dateRange":1,"harmonicAverageSpeed":40.5,"medianSpeed":49.0,"averageSpeed":48.2,"standardDeviationSpeed":15.3,"travelTimeStandardDeviation":5.53,"sampleSize":3140,"normalizedSampleSize":0.3104,"averageTravelTime":7.47,"medianTravelTime":6.17,"travelTimeRatio":1.19,"speedPercentiles":[21,29,33,36,38,40,42,45,47,49,51,52,54,56,58,61,63,67,71]},{"timeSet":24,"dateRange":1,"harmonicAverageSpeed":42.2,"medianSpeed":50.0,"averageSpeed":49.3,"standardDeviationSpeed":15.3,"travelTimeStandardDeviation":4.42,"sampleSize":2666,"normalizedSampleSize":0.2635,"averageTravelTime":7.16,"medianTravelTime":6.05,"travelTimeRatio":1.14,"speedPercentiles":[23,30,34,37,39,41,44,46,48,50,52,54,55,57,59,62,64,68,73]},{"timeSet":25,"dateRange":1,"harmonicAverageSpeed":42.5,"medianSpeed":50.0,"averageSpeed":50.0,"standardDeviationSpeed":15.6,"travelTimeStandardDeviation":6.45,"sampleSize":2430,"normalizedSampleSize":0.2402,"averageTravelTime":7.12,"medianTravelTime":6.05,"travelTimeRatio":1.13,"speedPercentiles":[24,32,35,37,40,42,44,46,48,50,52,54,56,58,60,63,66,69,75]}]}},{"type":"Feature","geometry":{"type":"LineString","coordinates":[[12.47041,41.94231],[12.47047,41.9422],[12.47056,41.94204]]},"properties":{"segmentId":13800006566751,"newSegmentId":"00004931-3600-0400-0000-000001376f31","speedLimit":50,"frc":2,"streetName":"Corso di Francia","distance":32.91,"segmentTimeResults":[{"timeSet":2,"dateRange":1,"harmonicAverageSpeed":36.4,"medianSpeed":52.0,"averageSpeed":50.5,"standardDeviationSpeed":17.9,"travelTimeStandardDeviation":4.82,"sampleSize":996,"normalizedSampleSize":0.0985,"averageTravelTime":3.25,"medianTravelTime":2.28,"travelTimeRatio":1.0,"speedPercentiles":[19,27,32,35,38,41,45,47,50,52,54,56,58,60,62,65,68,73,77]},{"timeSet":3,"dateRange":1,"harmonicAverageSpeed":35.1,"medianSpeed":51.0,"averageSpeed":50.1,"standardDeviationSpeed":18.6,"travelTimeStandardDeviation":4.79,"sampleSize":598,"normalizedSampleSize":0.0591,"averageTravelTime":3.37,"medianTravelTime":2.32,"travelTimeRatio":1.04,"speedPercentiles":[19,27,31,35,38,41,44,46,49,51,53,55,57,59,62,64,69,73,83]},{"timeSet":4,"dateRange":1,"harmonicAverageSpeed":40.9,"medianSpeed":52.0,"averageSpeed":52.0,"standardDeviationSpeed":17.5,"travelTimeStandardDeviation":3.21,"sampleSize":277,"normalizedSampleSize":0.0274,"averageTravelTime":2.9,"medianTravelTime":2.28,"travelTimeRatio":0.89,"speedPercentiles":[24,31,36,38,41,43,45,48,50,52,55,56,58,61,63,66,68,71,78]},{"timeSet":5,"dateRange":1,"harmonicAverageSpeed":46.3,"medianSpeed":56.0,"averageSpeed":55.1,"standardDeviationSpeed":16.6,"travelTimeStandardDeviation":2.33,"sampleSize":172,"normalizedSampleSize":0.017,"averageTravelTime":2.56,"medianTravelTime":2.12,"travelTimeRatio":0.79,"speedPercentiles":[31,35,38,40,43,46,49,52,54,56,57,59,60,63,65,67,71,74,86]},{"timeSet":6,"dateRange":1,"harmonicAverageSpeed":38.2,"medianSpeed":57.0,"averageSpeed":55.1,"standardDeviationSpeed":19.6,"travelTimeStandardDeviation":4.58,"sampleSize":258,"normalizedSampleSize":0.0255,"averageTravelTime":3.1,"medianTravelTime":2.08,"travelTimeRatio":0.95,"speedPercentiles":[21,28,34,37,45,47,51,53,54,57,58,62,64,66,69,71,75,77,83]},{"timeSet":7,"dateRange":1,"harmonicAverageSpeed":28.6,"medianSpeed":55.0,"averageSpeed":50.4,"standardDeviationSpeed":19.6,"travelTimeStandardDeviation":6.81,"sampleSize":968,"normalizedSampleSize":0.0957,"averageTravelTime":4.14,"medianTravelTime":2.15,"travelTimeRatio":1.27,"speedPercentiles":[6,22,29,33,39,43,47,50,53,55,57,58,60,62,64,66,68,72,77]},{"timeSet":8,"dateRange":1,"harmonicAverageSpeed":39.2,"medianSpeed":52.0,"averageSpeed":50.5,"standardDeviationSpeed":14.8,"travelTimeStandardDeviation":3.96,"sampleSize":2697,"normalizedSampleSize":0.2666,"averageTravelTime":3.02,"medianTravelTime":2.28,"travelTimeRatio":0.93,"speedPercentiles":[23,30,36,40,43,45,47,49,51,52,54,55,57,58,60,62,65,67,72]},{"timeSet":9,"dateRange":1,"harmonicAverageSpeed":23.0,"medianSpeed":37.0,"averageSpeed":36.7,"standardDeviationSpeed":15.2,"travelTimeStandardDeviation":7.95,"sampleSize":8439,"normalizedSampleSize":0.8342,"averageTravelTime":5.15,"medianTravelTime":3.2,"travelTimeRatio":1.58,"speedPercentiles":[9,18,22,24,26,28,31,33,35,37,39,41,43,45,48,50,53,56,61]},{"timeSet":10,"dateRange":1,"harmonicAverageSpeed":18.0,"medianSpeed":30.0,"averageSpeed":29.8,"standardDeviationSpeed":12.7,"travelTimeStandardDeviation":9.19,"sampleSize":10108,"normalizedSampleSize":0.9992,"averageTravelTime":6.58,"medianTravelTime":3.95,"travelTimeRatio":2.02,"speedPercentiles":[4,13,18,21,23,24,25,27,28,30,31,33,34,36,38,40,42,45,50]},{"timeSet":11,"dateRange":1,"harmonicAverageSpeed":20.5,"medianSpeed":33.0,"averageSpeed":33.5,"standardDeviationSpeed":14.1,"travelTimeStandardDeviation":8.41,"sampleSize":8550,"normalizedSampleSize":0.8452,"averageTravelTime":5.77,"medianTravelTime":3.59,"travelTimeRatio":1.77,"speedPercentiles":[6,16,20,23,24,26,28,30,32,33,35,37,39,41,43,45,48,51,56]},{"timeSet":12,"dateRange":1,"harmonicAverageSpeed":23.1,"medianSpeed":38.0,"averageSpeed":37.7,"standardDeviationSpeed":15.2,"travelTimeStandardDeviation":7.68,"sampleSize":6721,"normalizedSampleSize":0.6644,"averageTravelTime":5.12,"medianTravelTime":3.12,"travelTimeRatio":1.57,"speedPercentiles":[7,18,23,25,28,31,33,35,37,38,40,42,44,46,48,50,53,56,62]},{"timeSet":13,"dateRange":1,"harmonicAverageSpeed":22.0,"medianSpeed":39.0,"averageSpeed":37.9,"standardDeviationSpeed":15.6,"travelTimeStandardDeviation":8.46,"sampleSize":6052,"normalizedSampleSize":0.5983,"averageTravelTime":5.39,"medianTravelTime":3.04,"travelTimeRatio":1.66,"speedPercentiles":[6,17,23,25,28,31,33,35,37,39,41,42,44,46,48,51,53,57,62]},{"timeSet":14,"dateRange":1,"harmonicAverageSpeed":24.9,"medianSpeed":41.0,"averageSpeed":39.6,"standardDeviationSpeed":15.5,"travelTimeStandardDeviation":7.22,"sampleSize":5769,"normalizedSampleSize":0.5703,"averageTravelTime":4.76,"medianTravelTime":2.89,"travelTimeRatio":1.46,"speedPercentiles":[9,19,24,27,30,33,35,37,39,41,42,44,46,48,50,52,55,58,63]},{"timeSet":15,"dateRange":1,"harmonicAverageSpeed":22.3,"medianSpeed":40.0,"averageSpeed":38.0,"standardDeviationSpeed":16.3,"travelTimeStandardDeviation":8.21,"sampleSize":5898,"normalizedSampleSize":0.583,"averageTravelTime":5.32,"medianTravelTime":2.96,"travelTimeRatio":1.64,"speedPercentiles":[7,14,21,24,27,30,33,35,37,40,41,43,45,47,49,52,55,58,63]},{"timeSet":16,"dateRange":1,"harmonicAverageSpeed":23.6,"medianSpeed":41.0,"averageSpeed":38.9,"standardDeviationSpeed":15.8,"travelTimeStandardDeviation":7.41,"sampleSize":6134,"normalizedSampleSize":0.6064,"averageTravelTime":5.02,"medianTravelTime":2.89,"travelTimeRatio":1.54,"speedPercentiles":[8,15,23,25,29,32,35,37,39,41,43,44,46,48,50,52,54,57,62]},{"timeSet":17,"dateRange":1,"harmonicAverageSpeed":23.5,"medianSpeed":40.0,"averageSpeed":38.4,"standardDeviationSpeed":15.1,"travelTimeStandardDeviation":7.64,"sampleSize":7028,"normalizedSampleSize":0.6947,"averageTravelTime":5.04,"medianTravelTime":2.96,"travelTimeRatio":1.55,"speedPercentiles":[8,18,24,26,29,32,34,36,38,40,41,43,45,47,48,50,53,56,61]},{"timeSet":18,"dateRange":1,"harmonicAverageSpeed":24.0,"medianSpeed":34.0,"averageSpeed":34.0,"standardDeviationSpeed":14.2,"travelTimeStandardDeviation":4.84,"sampleSize":6914,"normalizedSampleSize":0.6835,"averageTravelTime":4.94,"medianTravelTime":3.48,"travelTimeRatio":1.52,"speedPercentiles":[8,14,20,23,24,26,29,31,33,34,36,38,40,42,44,46,49,52,58]},{"timeSet":19,"dateRange":1,"harmonicAverageSpeed":23.4,"medianSpeed":33.0,"averageSpeed":33.2,"standardDeviationSpeed":13.8,"travelTimeStandardDeviation":5.78,"sampleSize":7148,"normalizedSampleSize":0.7066,"averageTravelTime":5.06,"medianTravelTime":3.59,"travelTimeRatio":1.56,"speedPercentiles":[8,14,19,23,24,26,28,30,32,33,35,37,38,40,42,45,47,51,56]},{"timeSet":20,"dateRange":1,"harmonicAverageSpeed":24.7,"medianSpeed":36.0,"averageSpeed":35.2,"standardDeviationSpeed":14.6,"travelTimeStandardDeviation":4.88,"sampleSize":6646,"normalizedSampleSize":0.657,"averageTravelTime":4.8,"medianTravelTime":3.29,"travelTimeRatio":1.48,"speedPercentiles":[8,15,20,24,25,27,30,32,34,36,38,40,42,44,46,48,50,53,58]},{"timeSet":21,"dateRange":1,"harmonicAverageSpeed":25.3,"medianSpeed":37.0,"averageSpeed":36.3,"standardDeviationSpeed":15.0,"travelTimeStandardDeviation":5.08,"sampleSize":6343,"normalizedSampleSize":0.627,"averageTravelTime":4.69,"medianTravelTime":3.2,"travelTimeRatio":1.44,"speedPercentiles":[8,15,21,24,26,28,31,33,35,37,39,41,43,45,47,49,52,55,60]},{"timeSet":22,"dateRange":1,"harmonicAverageSpeed":27.2,"medianSpeed":39.0,"averageSpeed":38.5,"standardDeviationSpeed":16.2,"travelTimeStandardDeviation":4.29,"sampleSize":5742,"normalizedSampleSize":0.5676,"averageTravelTime":4.36,"medianTravelTime":3.04,"travelTimeRatio":1.34,"speedPercentiles":[10,16,22,24,26,29,32,34,37,39,41,44,46,48,50,53,55,59,64]},{"timeSet":23,"dateRange":1,"harmonicAverageSpeed":28.7,"medianSpeed":48.0,"averageSpeed":45.7,"standardDeviationSpeed":18.1,"travelTimeStandardDeviation":6.2,"sampleSize":3145,"normalizedSampleSize":0.3109,"averageTravelTime":4.13,"medianTravelTime":2.47,"travelTimeRatio":1.27,"speedPercentiles":[10,22,27,31,34,37,40,43,45,48,49,52,54,56,58,61,63,67,72]},{"timeSet":24,"dateRange":1,"harmonicAverageSpeed":29.6,"medianSpeed":48.0,"averageSpeed":46.2,"standardDeviationSpeed":18.1,"travelTimeStandardDeviation":5.67,"sampleSize":2661,"normalizedSampleSize":0.263,"averageTravelTime":4.01,"medianTravelTime":2.47,"travelTimeRatio":1.23,"speedPercentiles":[11,21,27,32,35,38,41,44,46,48,50,52,54,56,59,61,63,67,73]},{"timeSet":25,"dateRange":1,"harmonicAverageSpeed":32.4,"medianSpeed":49.0,"averageSpeed":48.1,"standardDeviationSpeed":17.9,"travelTimeStandardDeviation":5.12,"sampleSize":2427,"normalizedSampleSize":0.2399,"averageTravelTime":3.65,"medianTravelTime":2.42,"travelTimeRatio":1.12,"speedPercentiles":[14,24,30,34,38,40,43,45,47,49,52,54,56,58,60,63,65,69,74]}]}},{"type":"Feature","geometry":{"type":"LineString","coordinates":[[12.47056,41.94204],[12.4706,41.94192],[12.47064,41.94181],[12.47066,41.94171]]},"properties":{"segmentId":13800006526870,"newSegmentId":"00004931-3600-0400-0000-000001376f5e","speedLimit":50,"frc":2,"streetName":"Corso di Francia","distance":37.63,"segmentTimeResults":[{"timeSet":2,"dateRange":1,"harmonicAverageSpeed":18.0,"medianSpeed":51.0,"averageSpeed":45.4,"standardDeviationSpeed":23.3,"travelTimeStandardDeviation":11.28,"sampleSize":991,"normalizedSampleSize":0.098,"averageTravelTime":7.54,"medianTravelTime":2.66,"travelTimeRatio":1.0,"speedPercentiles":[4,5,8,23,31,37,42,46,48,51,53,54,57,59,61,64,67,72,78]},{"timeSet":3,"dateRange":1,"harmonicAverageSpeed":17.1,"medianSpeed":49.0,"averageSpeed":44.9,"standardDeviationSpeed":23.8,"travelTimeStandardDeviation":12.02,"sampleSize":600,"normalizedSampleSize":0.0593,"averageTravelTime":7.91,"medianTravelTime":2.76,"travelTimeRatio":1.05,"speedPercentiles":[4,5,6,22,32,38,40,43,46,49,51,53,56,58,61,63,67,72,80]},{"timeSet":4,"dateRange":1,"harmonicAverageSpeed":19.4,"medianSpeed":50.0,"averageSpeed":46.6,"standardDeviationSpeed":23.1,"travelTimeStandardDeviation":10.68,"sampleSize":276,"normalizedSampleSize":0.0273,"averageTravelTime":6.98,"medianTravelTime":2.71,"travelTimeRatio":0.93,"speedPercentiles":[4,5,11,28,36,40,43,46,48,50,53,55,57,59,62,65,67,71,76]},{"timeSet":5,"dateRange":1,"harmonicAverageSpeed":20.8,"medianSpeed":53.0,"averageSpeed":49.5,"standardDeviationSpeed":22.9,"travelTimeStandardDeviation":10.57,"sampleSize":171,"normalizedSampleSize":0.0169,"averageTravelTime":6.51,"medianTravelTime":2.56,"travelTimeRatio":0.86,"speedPercentiles":[4,6,25,34,39,43,46,49,51,53,55,57,60,62,64,66,69,74,86]},{"timeSet":6,"dateRange":1,"harmonicAverageSpeed":24.8,"medianSpeed":55.0,"averageSpeed":52.1,"standardDeviationSpeed":22.8,"travelTimeStandardDeviation":9.03,"sampleSize":257,"normalizedSampleSize":0.0254,"averageTravelTime":5.46,"medianTravelTime":2.46,"travelTimeRatio":0.72,"speedPercentiles":[4,14,27,36,41,46,47,51,53,55,57,60,63,65,69,71,74,77,81]},{"timeSet":7,"dateRange":1,"harmonicAverageSpeed":20.5,"medianSpeed":53.0,"averageSpeed":47.7,"standardDeviationSpeed":22.3,"travelTimeStandardDeviation":10.43,"sampleSize":968,"normalizedSampleSize":0.0957,"averageTravelTime":6.6,"medianTravelTime":2.56,"travelTimeRatio":0.88,"speedPercentiles":[4,6,18,26,35,41,46,49,52,53,56,58,59,61,63,65,68,71,76]},{"timeSet":8,"dateRange":1,"harmonicAverageSpeed":28.3,"medianSpeed":52.0,"averageSpeed":49.0,"standardDeviationSpeed":17.0,"travelTimeStandardDeviation":8.24,"sampleSize":2691,"normalizedSampleSize":0.266,"averageTravelTime":4.79,"medianTravelTime":2.61,"travelTimeRatio":0.64,"speedPercentiles":[7,26,34,39,42,45,47,49,50,52,53,55,56,58,60,62,64,67,71]},{"timeSet":9,"dateRange":1,"harmonicAverageSpeed":22.4,"medianSpeed":38.0,"averageSpeed":37.5,"standardDeviationSpeed":15.2,"travelTimeStandardDeviation":9.04,"sampleSize":8427,"normalizedSampleSize":0.833,"averageTravelTime":6.05,"medianTravelTime":3.56,"travelTimeRatio":0.8,"speedPercentiles":[6,17,22,26,29,31,33,35,36,38,40,42,44,46,48,50,53,56,61]},{"timeSet":10,"dateRange":1,"harmonicAverageSpeed":19.9,"medianSpeed":33.0,"averageSpeed":32.2,"standardDeviationSpeed":12.7,"travelTimeStandardDeviation":9.93,"sampleSize":10116,"normalizedSampleSize":1.0,"averageTravelTime":6.82,"medianTravelTime":4.11,"travelTimeRatio":0.91,"speedPercentiles":[5,15,20,23,26,27,29,30,32,33,34,36,37,38,40,42,44,47,52]},{"timeSet":11,"dateRange":1,"harmonicAverageSpeed":20.9,"medianSpeed":36.0,"averageSpeed":35.0,"standardDeviationSpeed":14.0,"travelTimeStandardDeviation":9.6,"sampleSize":8589,"normalizedSampleSize":0.8491,"averageTravelTime":6.47,"medianTravelTime":3.76,"travelTimeRatio":0.86,"speedPercentiles":[5,17,22,25,27,29,31,32,34,36,37,39,41,42,44,46,49,52,57]},{"timeSet":12,"dateRange":1,"harmonicAverageSpeed":20.8,"medianSpeed":40.0,"averageSpeed":38.1,"standardDeviationSpeed":15.5,"travelTimeStandardDeviation":10.57,"sampleSize":6727,"normalizedSampleSize":0.665,"averageTravelTime":6.51,"medianTravelTime":3.39,"travelTimeRatio":0.86,"speedPercentiles":[4,17,23,27,30,32,34,36,38,40,41,43,45,46,48,51,53,56,61]},{"timeSet":13,"dateRange":1,"harmonicAverageSpeed":21.0,"medianSpeed":40.0,"averageSpeed":38.4,"standardDeviationSpeed":15.8,"travelTimeStandardDeviation":10.05,"sampleSize":6046,"normalizedSampleSize":0.5977,"averageTravelTime":6.46,"medianTravelTime":3.39,"travelTimeRatio":0.86,"speedPercentiles":[4,16,23,27,30,32,35,36,38,40,42,43,45,47,49,51,54,57,62]},{"timeSet":14,"dateRange":1,"harmonicAverageSpeed":21.4,"medianSpeed":42.0,"averageSpeed":39.6,"standardDeviationSpeed":16.4,"travelTimeStandardDeviation":9.96,"sampleSize":5785,"normalizedSampleSize":0.5719,"averageTravelTime":6.32,"medianTravelTime":3.23,"travelTimeRatio":0.84,"speedPercentiles":[4,15,23,27,31,34,36,38,40,42,43,45,47,48,50,52,55,59,64]},{"timeSet":15,"dateRange":1,"harmonicAverageSpeed":20.8,"medianSpeed":41.0,"averageSpeed":38.3,"standardDeviationSpeed":16.6,"travelTimeStandardDeviation":9.82,"sampleSize":5895,"normalizedSampleSize":0.5827,"averageTravelTime":6.51,"medianTravelTime":3.3,"travelTimeRatio":0.86,"speedPercentiles":[4,13,21,25,28,31,34,36,38,41,42,44,46,48,50,52,55,58,63]},{"timeSet":16,"dateRange":1,"harmonicAverageSpeed":21.2,"medianSpeed":42.0,"averageSpeed":39.2,"standardDeviationSpeed":16.4,"travelTimeStandardDeviation":9.98,"sampleSize":6133,"normalizedSampleSize":0.6063,"averageTravelTime":6.4,"medianTravelTime":3.23,"travelTimeRatio":0.85,"speedPercentiles":[4,14,22,26,30,33,36,38,40,42,43,45,47,48,50,52,55,58,63]},{"timeSet":17,"dateRange":1,"harmonicAverageSpeed":22.1,"medianSpeed":41.0,"averageSpeed":38.7,"standardDeviationSpeed":15.5,"travelTimeStandardDeviation":9.53,"sampleSize":7040,"normalizedSampleSize":0.6959,"averageTravelTime":6.14,"medianTravelTime":3.3,"travelTimeRatio":0.81,"speedPercentiles":[5,17,23,27,31,33,35,37,39,41,42,44,45,47,49,51,53,56,61]},{"timeSet":18,"dateRange":1,"harmonicAverageSpeed":24.6,"medianSpeed":37.0,"averageSpeed":35.9,"standardDeviationSpeed":14.0,"travelTimeStandardDeviation":6.49,"sampleSize":6924,"normalizedSampleSize":0.6845,"averageTravelTime":5.52,"medianTravelTime":3.66,"travelTimeRatio":0.73,"speedPercentiles":[7,17,22,25,28,30,32,34,35,37,38,40,41,43,45,47,50,53,58]},{"timeSet":19,"dateRange":1,"harmonicAverageSpeed":24.6,"medianSpeed":36.0,"averageSpeed":35.1,"standardDeviationSpeed":13.4,"travelTimeStandardDeviation":6.12,"sampleSize":7159,"normalizedSampleSize":0.7077,"averageTravelTime":5.5,"medianTravelTime":3.76,"travelTimeRatio":0.73,"speedPercentiles":[7,17,22,25,28,30,31,33,34,36,37,39,40,42,43,45,48,51,56]},{"timeSet":20,"dateRange":1,"harmonicAverageSpeed":23.7,"medianSpeed":37.0,"averageSpeed":36.0,"standardDeviationSpeed":14.6,"travelTimeStandardDeviation":6.65,"sampleSize":6646,"normalizedSampleSize":0.657,"averageTravelTime":5.73,"medianTravelTime":3.66,"travelTimeRatio":0.76,"speedPercentiles":[6,14,21,25,28,30,32,34,35,37,39,40,42,44,46,48,50,54,59]},{"timeSet":21,"dateRange":1,"harmonicAverageSpeed":24.7,"medianSpeed":38.0,"averageSpeed":36.9,"standardDeviationSpeed":14.8,"travelTimeStandardDeviation":6.53,"sampleSize":6335,"normalizedSampleSize":0.6262,"averageTravelTime":5.49,"medianTravelTime":3.56,"travelTimeRatio":0.73,"speedPercentiles":[7,15,22,25,28,30,33,35,36,38,40,41,43,45,47,49,52,55,60]},{"timeSet":22,"dateRange":1,"harmonicAverageSpeed":23.5,"medianSpeed":39.0,"averageSpeed":38.0,"standardDeviationSpeed":16.8,"travelTimeStandardDeviation":7.19,"sampleSize":5727,"normalizedSampleSize":0.5661,"averageTravelTime":5.77,"medianTravelTime":3.47,"travelTimeRatio":0.77,"speedPercentiles":[6,12,20,24,27,30,32,35,37,39,42,44,46,48,50,52,55,58,63]},{"timeSet":23,"dateRange":1,"harmonicAverageSpeed":18.5,"medianSpeed":47.0,"averageSpeed":42.5,"standardDeviationSpeed":21.1,"travelTimeStandardDeviation":11.23,"sampleSize":3130,"normalizedSampleSize":0.3094,"averageTravelTime":7.34,"medianTravelTime":2.88,"travelTimeRatio":0.97,"speedPercentiles":[4,5,16,24,29,34,38,41,44,47,49,51,53,55,57,60,63,66,72]},{"timeSet":24,"dateRange":1,"harmonicAverageSpeed":19.6,"medianSpeed":47.0,"averageSpeed":43.0,"standardDeviationSpeed":21.2,"travelTimeStandardDeviation":10.19,"sampleSize":2652,"normalizedSampleSize":0.2622,"averageTravelTime":6.92,"medianTravelTime":2.88,"travelTimeRatio":0.92,"speedPercentiles":[4,6,14,24,30,35,39,42,44,47,49,51,54,56,58,60,63,66,72]},{"timeSet":25,"dateRange":1,"harmonicAverageSpeed":21.4,"medianSpeed":48.0,"averageSpeed":45.0,"standardDeviationSpeed":20.8,"travelTimeStandardDeviation":9.67,"sampleSize":2422,"normalizedSampleSize":0.2394,"averageTravelTime":6.32,"medianTravelTime":2.82,"travelTimeRatio":0.84,"speedPercentiles":[4,7,21,28,34,38,41,43,46,48,51,53,55,57,60,62,65,68,73]}]}},{"type":"Feature","geometry":{"type":"LineString","coordinates":[[12.47066,41.94171],[12.4707,41.94148]]},"properties":{"segmentId":13800007229329,"newSegmentId":"00004931-3600-0400-0000-0000014b11ba","speedLimit":50,"frc":2,"streetName":"Corso di Francia","distance":24.78,"segmentTimeResults":[{"timeSet":2,"dateRange":1,"harmonicAverageSpeed":33.7,"medianSpeed":48.0,"averageSpeed":47.0,"standardDeviationSpeed":19.9,"travelTimeStandardDeviation":3.05,"sampleSize":952,"normalizedSampleSize":0.0941,"averageTravelTime":2.65,"medianTravelTime":1.86,"travelTimeRatio":1.0,"speedPercentiles":[16,24,26,28,30,33,36,40,44,48,51,53,57,59,61,64,68,73,78]},{"timeSet":3,"dateRange":1,"harmonicAverageSpeed":33.0,"medianSpeed":46.0,"averageSpeed":46.9,"standardDeviationSpeed":20.3,"travelTimeStandardDeviation":3.26,"sampleSize":558,"normalizedSampleSize":0.0552,"averageTravelTime":2.71,"medianTravelTime":1.94,"travelTimeRatio":1.02,"speedPercentiles":[15,24,26,28,31,34,37,40,42,46,50,53,55,57,60,63,69,73,83]},{"timeSet":4,"dateRange":1,"harmonicAverageSpeed":33.3,"medianSpeed":47.0,"averageSpeed":46.8,"standardDeviationSpeed":19.0,"travelTimeStandardDeviation":5.92,"sampleSize":257,"normalizedSampleSize":0.0254,"averageTravelTime":2.68,"medianTravelTime":1.9,"travelTimeRatio":1.01,"speedPercentiles":[22,24,25,28,30,33,37,40,43,47,50,53,55,57,60,64,66,71,75]},{"timeSet":5,"dateRange":1,"harmonicAverageSpeed":33.4,"medianSpeed":49.0,"averageSpeed":48.2,"standardDeviationSpeed":22.4,"travelTimeStandardDeviation":2.64,"sampleSize":171,"normalizedSampleSize":0.0169,"averageTravelTime":2.67,"medianTravelTime":1.82,"travelTimeRatio":1.01,"speedPercentiles":[12,22,25,28,32,34,37,41,45,49,53,55,57,60,64,66,69,72,83]},{"timeSet":6,"dateRange":1,"harmonicAverageSpeed":41.7,"medianSpeed":55.0,"averageSpeed":53.1,"standardDeviationSpeed":21.2,"travelTimeStandardDeviation":1.58,"sampleSize":241,"normalizedSampleSize":0.0238,"averageTravelTime":2.14,"medianTravelTime":1.62,"travelTimeRatio":0.81,"speedPercentiles":[21,26,29,32,36,38,44,47,51,55,57,61,64,66,69,72,76,77,83]},{"timeSet":7,"dateRange":1,"harmonicAverageSpeed":39.6,"medianSpeed":53.0,"averageSpeed":50.1,"standardDeviationSpeed":18.6,"travelTimeStandardDeviation":1.8,"sampleSize":906,"normalizedSampleSize":0.0896,"averageTravelTime":2.25,"medianTravelTime":1.68,"travelTimeRatio":0.85,"speedPercentiles":[20,25,28,31,34,38,41,45,50,53,56,58,60,62,64,66,69,73,78]},{"timeSet":8,"dateRange":1,"harmonicAverageSpeed":41.2,"medianSpeed":52.0,"averageSpeed":49.6,"standardDeviationSpeed":15.3,"travelTimeStandardDeviation":1.84,"sampleSize":2544,"normalizedSampleSize":0.2515,"averageTravelTime":2.17,"medianTravelTime":1.72,"travelTimeRatio":0.82,"speedPercentiles":[23,28,32,36,40,43,45,48,50,52,54,55,57,59,60,62,65,68,72]},{"timeSet":9,"dateRange":1,"harmonicAverageSpeed":30.5,"medianSpeed":37.0,"averageSpeed":37.8,"standardDeviationSpeed":13.7,"travelTimeStandardDeviation":2.28,"sampleSize":7963,"normalizedSampleSize":0.7872,"averageTravelTime":2.93,"medianTravelTime":2.41,"travelTimeRatio":1.11,"speedPercentiles":[16,21,24,27,28,30,32,34,35,37,39,41,43,45,47,50,52,55,60]},{"timeSet":10,"dateRange":1,"harmonicAverageSpeed":27.2,"medianSpeed":33.0,"averageSpeed":33.4,"standardDeviationSpeed":11.3,"travelTimeStandardDeviation":2.99,"sampleSize":9227,"normalizedSampleSize":0.9121,"averageTravelTime":3.28,"medianTravelTime":2.7,"travelTimeRatio":1.24,"speedPercentiles":[14,19,23,25,26,28,29,31,32,33,35,36,38,39,41,42,44,47,51]},{"timeSet":11,"dateRange":1,"harmonicAverageSpeed":29.3,"medianSpeed":36.0,"averageSpeed":36.3,"standardDeviationSpeed":12.6,"travelTimeStandardDeviation":2.69,"sampleSize":7753,"normalizedSampleSize":0.7664,"averageTravelTime":3.04,"medianTravelTime":2.48,"travelTimeRatio":1.15,"speedPercentiles":[16,21,24,26,28,30,31,33,34,36,38,39,41,43,45,47,49,52,56]},{"timeSet":12,"dateRange":1,"harmonicAverageSpeed":31.6,"medianSpeed":40.0,"averageSpeed":39.8,"standardDeviationSpeed":13.5,"travelTimeStandardDeviation":2.86,"sampleSize":6179,"normalizedSampleSize":0.6108,"averageTravelTime":2.82,"medianTravelTime":2.23,"travelTimeRatio":1.07,"speedPercentiles":[17,24,27,29,31,33,35,37,38,40,42,43,45,47,49,51,54,56,61]},{"timeSet":13,"dateRange":1,"harmonicAverageSpeed":31.1,"medianSpeed":40.0,"averageSpeed":39.8,"standardDeviationSpeed":14.1,"travelTimeStandardDeviation":2.79,"sampleSize":5696,"normalizedSampleSize":0.5631,"averageTravelTime":2.87,"medianTravelTime":2.23,"travelTimeRatio":1.09,"speedPercentiles":[16,23,26,28,30,32,34,36,38,40,42,44,45,47,49,52,54,57,63]},{"timeSet":14,"dateRange":1,"harmonicAverageSpeed":32.7,"medianSpeed":42.0,"averageSpeed":41.3,"standardDeviationSpeed":14.4,"travelTimeStandardDeviation":2.63,"sampleSize":5309,"normalizedSampleSize":0.5248,"averageTravelTime":2.73,"medianTravelTime":2.12,"travelTimeRatio":1.03,"speedPercentiles":[17,24,27,29,31,34,36,38,40,42,44,45,47,49,51,53,56,59,64]},{"timeSet":15,"dateRange":1,"harmonicAverageSpeed":32.0,"medianSpeed":40.0,"averageSpeed":40.1,"standardDeviationSpeed":14.7,"travelTimeStandardDeviation":2.33,"sampleSize":5477,"normalizedSampleSize":0.5414,"averageTravelTime":2.79,"medianTravelTime":2.23,"travelTimeRatio":1.05,"speedPercentiles":[16,22,25,27,30,32,34,36,38,40,43,45,47,49,51,53,55,58,63]},{"timeSet":16,"dateRange":1,"harmonicAverageSpeed":32.4,"medianSpeed":41.0,"averageSpeed":40.6,"standardDeviationSpeed":14.2,"travelTimeStandardDeviation":2.61,"sampleSize":5767,"normalizedSampleSize":0.5701,"averageTravelTime":2.76,"medianTravelTime":2.18,"travelTimeRatio":1.04,"speedPercentiles":[18,23,26,28,30,32,35,37,39,41,43,45,47,49,51,53,55,58,63]},{"timeSet":17,"dateRange":1,"harmonicAverageSpeed":32.3,"medianSpeed":40.0,"averageSpeed":39.6,"standardDeviationSpeed":13.5,"travelTimeStandardDeviation":2.24,"sampleSize":6638,"normalizedSampleSize":0.6562,"averageTravelTime":2.76,"medianTravelTime":2.23,"travelTimeRatio":1.04,"speedPercentiles":[17,23,26,28,30,33,34,37,38,40,42,44,45,47,49,51,53,56,61]},{"timeSet":18,"dateRange":1,"harmonicAverageSpeed":30.5,"medianSpeed":38.0,"averageSpeed":37.6,"standardDeviationSpeed":12.2,"travelTimeStandardDeviation":3.42,"sampleSize":6274,"normalizedSampleSize":0.6202,"averageTravelTime":2.93,"medianTravelTime":2.35,"travelTimeRatio":1.11,"speedPercentiles":[17,23,26,28,30,32,33,35,36,38,39,41,42,44,46,47,50,53,58]},{"timeSet":19,"dateRange":1,"harmonicAverageSpeed":31.5,"medianSpeed":37.0,"averageSpeed":36.8,"standardDeviationSpeed":11.3,"travelTimeStandardDeviation":1.99,"sampleSize":6544,"normalizedSampleSize":0.6469,"averageTravelTime":2.83,"medianTravelTime":2.41,"travelTimeRatio":1.07,"speedPercentiles":[18,24,26,28,30,31,33,34,35,37,38,39,41,42,44,46,48,51,56]},{"timeSet":20,"dateRange":1,"harmonicAverageSpeed":31.7,"medianSpeed":37.0,"averageSpeed":37.9,"standardDeviationSpeed":12.1,"travelTimeStandardDeviation":2.34,"sampleSize":6094,"normalizedSampleSize":0.6024,"averageTravelTime":2.82,"medianTravelTime":2.41,"travelTimeRatio":1.07,"speedPercentiles":[19,24,26,28,30,31,33,35,36,37,39,41,42,44,46,48,50,53,58]},{"timeSet":21,"dateRange":1,"harmonicAverageSpeed":31.8,"medianSpeed":38.0,"averageSpeed":38.5,"standardDeviationSpeed":12.5,"travelTimeStandardDeviation":2.47,"sampleSize":5891,"normalizedSampleSize":0.5823,"averageTravelTime":2.81,"medianTravelTime":2.35,"travelTimeRatio":1.06,"speedPercentiles":[18,24,27,29,30,32,33,35,37,38,40,41,43,45,47,49,51,54,59]},{"timeSet":22,"dateRange":1,"harmonicAverageSpeed":32.2,"medianSpeed":39.0,"averageSpeed":40.2,"standardDeviationSpeed":14.2,"travelTimeStandardDeviation":2.71,"sampleSize":5335,"normalizedSampleSize":0.5274,"averageTravelTime":2.77,"medianTravelTime":2.29,"travelTimeRatio":1.05,"speedPercentiles":[18,24,27,28,30,32,34,36,37,39,41,44,46,48,50,52,55,58,63]},{"timeSet":23,"dateRange":1,"harmonicAverageSpeed":34.5,"medianSpeed":45.0,"averageSpeed":45.1,"standardDeviationSpeed":18.1,"travelTimeStandardDeviation":2.33,"sampleSize":2898,"normalizedSampleSize":0.2865,"averageTravelTime":2.59,"medianTravelTime":1.98,"travelTimeRatio":0.98,"speedPercentiles":[16,24,27,29,31,33,36,39,42,45,48,51,53,55,58,61,64,68,73]},{"timeSet":24,"dateRange":1,"harmonicAverageSpeed":33.8,"medianSpeed":46.0,"averageSpeed":45.4,"standardDeviationSpeed":18.1,"travelTimeStandardDeviation":3.54,"sampleSize":2432,"normalizedSampleSize":0.2404,"averageTravelTime":2.64,"medianTravelTime":1.94,"travelTimeRatio":1.0,"speedPercentiles":[16,24,27,29,31,33,37,40,43,46,49,51,54,56,58,61,63,67,74]},{"timeSet":25,"dateRange":1,"harmonicAverageSpeed":35.8,"medianSpeed":46.0,"averageSpeed":45.9,"standardDeviationSpeed":18.1,"travelTimeStandardDeviation":2.1,"sampleSize":2291,"normalizedSampleSize":0.2265,"averageTravelTime":2.49,"medianTravelTime":1.94,"travelTimeRatio":0.94,"speedPercentiles":[18,24,27,29,31,33,37,40,43,46,49,52,54,57,60,62,65,69,74]}]}},{"type":"Feature","geometry":{"type":"LineString","coordinates":[[12.4707,41.94148],[12.47071,41.94141],[12.47073,41.94134],[12.47074,41.94125],[12.47076,41.94117]]},"properties":{"segmentId":13800007302573,"newSegmentId":"00004931-3600-0400-0000-0000014b11bb","speedLimit":50,"frc":2,"streetName":"Corso di Francia","distance":35.16,"segmentTimeResults":[{"timeSet":2,"dateRange":1,"harmonicAverageSpeed":39.7,"medianSpeed":47.0,"averageSpeed":48.9,"standardDeviationSpeed":18.1,"travelTimeStandardDeviation":2.5,"sampleSize":954,"normalizedSampleSize":0.0943,"averageTravelTime":3.19,"medianTravelTime":2.69,"travelTimeRatio":1.0,"speedPercentiles":[24,29,31,34,36,38,39,42,45,47,50,53,55,58,61,64,67,74,80]},{"timeSet":3,"dateRange":1,"harmonicAverageSpeed":39.8,"medianSpeed":47.0,"averageSpeed":49.1,"standardDeviationSpeed":18.2,"travelTimeStandardDeviation":2.97,"sampleSize":561,"normalizedSampleSize":0.0555,"averageTravelTime":3.18,"medianTravelTime":2.69,"travelTimeRatio":1.0,"speedPercentiles":[23,28,32,35,37,38,40,41,43,47,50,53,55,58,61,63,68,73,81]},{"timeSet":4,"dateRange":1,"harmonicAverageSpeed":40.4,"medianSpeed":47.0,"averageSpeed":48.5,"standardDeviationSpeed":17.0,"travelTimeStandardDeviation":2.53,"sampleSize":258,"normalizedSampleSize":0.0255,"averageTravelTime":3.13,"medianTravelTime":2.69,"travelTimeRatio":0.98,"speedPercentiles":[24,27,32,34,36,38,40,42,44,47,50,53,55,56,59,63,65,71,76]},{"timeSet":5,"dateRange":1,"harmonicAverageSpeed":38.7,"medianSpeed":49.0,"averageSpeed":49.7,"standardDeviationSpeed":22.0,"travelTimeStandardDeviation":2.22,"sampleSize":170,"normalizedSampleSize":0.0168,"averageTravelTime":3.27,"medianTravelTime":2.58,"travelTimeRatio":1.03,"speedPercentiles":[16,25,28,32,34,36,39,41,45,49,53,56,57,60,63,67,69,72,82]},{"timeSet":6,"dateRange":1,"harmonicAverageSpeed":46.1,"medianSpeed":53.0,"averageSpeed":54.5,"standardDeviationSpeed":20.0,"travelTimeStandardDeviation":1.43,"sampleSize":246,"normalizedSampleSize":0.0243,"averageTravelTime":2.75,"medianTravelTime":2.39,"travelTimeRatio":0.86,"speedPercentiles":[26,30,34,36,40,41,44,47,49,53,55,59,63,67,71,73,77,80,84]},{"timeSet":7,"dateRange":1,"harmonicAverageSpeed":43.2,"medianSpeed":53.0,"averageSpeed":51.7,"standardDeviationSpeed":17.7,"travelTimeStandardDeviation":1.87,"sampleSize":904,"normalizedSampleSize":0.0894,"averageTravelTime":2.93,"medianTravelTime":2.39,"travelTimeRatio":0.92,"speedPercentiles":[23,29,33,35,38,40,42,46,50,53,56,58,60,63,65,67,70,74,79]},{"timeSet":8,"dateRange":1,"harmonicAverageSpeed":43.0,"medianSpeed":52.0,"averageSpeed":50.0,"standardDeviationSpeed":15.0,"travelTimeStandardDeviation":1.77,"sampleSize":2546,"normalizedSampleSize":0.2517,"averageTravelTime":2.94,"medianTravelTime":2.43,"travelTimeRatio":0.92,"speedPercentiles":[24,29,33,36,40,43,45,48,50,52,54,55,57,59,61,62,65,68,72]},{"timeSet":9,"dateRange":1,"harmonicAverageSpeed":31.9,"medianSpeed":39.0,"averageSpeed":38.4,"standardDeviationSpeed":13.3,"travelTimeStandardDeviation":2.79,"sampleSize":7972,"normalizedSampleSize":0.7881,"averageTravelTime":3.97,"medianTravelTime":3.25,"travelTimeRatio":1.25,"speedPercentiles":[16,21,24,27,29,31,33,35,37,39,40,42,44,46,48,50,52,55,59]},{"timeSet":10,"dateRange":1,"harmonicAverageSpeed":29.3,"medianSpeed":35.0,"averageSpeed":34.7,"standardDeviationSpeed":11.5,"travelTimeStandardDeviation":2.79,"sampleSize":9249,"normalizedSampleSize":0.9143,"averageTravelTime":4.33,"medianTravelTime":3.62,"travelTimeRatio":1.36,"speedPercentiles":[15,20,23,25,27,29,31,32,34,35,37,38,40,41,43,44,46,49,52]},{"timeSet":11,"dateRange":1,"harmonicAverageSpeed":31.6,"medianSpeed":37.0,"averageSpeed":37.3,"standardDeviationSpeed":12.4,"travelTimeStandardDeviation":2.48,"sampleSize":7775,"normalizedSampleSize":0.7686,"averageTravelTime":4.01,"medianTravelTime":3.42,"travelTimeRatio":1.26,"speedPercentiles":[16,21,24,27,29,31,33,34,36,37,39,41,42,44,46,48,50,53,57]},{"timeSet":12,"dateRange":1,"harmonicAverageSpeed":34.3,"medianSpeed":41.0,"averageSpeed":40.7,"standardDeviationSpeed":13.1,"travelTimeStandardDeviation":2.69,"sampleSize":6199,"normalizedSampleSize":0.6128,"averageTravelTime":3.69,"medianTravelTime":3.09,"travelTimeRatio":1.16,"speedPercentiles":[18,24,27,30,32,34,36,38,39,41,43,45,46,48,50,52,54,57,61]},{"timeSet":13,"dateRange":1,"harmonicAverageSpeed":33.5,"medianSpeed":41.0,"averageSpeed":40.8,"standardDeviationSpeed":13.7,"travelTimeStandardDeviation":2.91,"sampleSize":5702,"normalizedSampleSize":0.5637,"averageTravelTime":3.77,"medianTravelTime":3.09,"travelTimeRatio":1.18,"speedPercentiles":[17,23,27,29,31,33,36,37,39,41,43,45,47,49,51,52,55,57,62]},{"timeSet":14,"dateRange":1,"harmonicAverageSpeed":34.8,"medianSpeed":43.0,"averageSpeed":42.2,"standardDeviationSpeed":14.0,"travelTimeStandardDeviation":3.37,"sampleSize":5316,"normalizedSampleSize":0.5255,"averageTravelTime":3.63,"medianTravelTime":2.94,"travelTimeRatio":1.14,"speedPercentiles":[19,24,27,30,32,35,37,39,41,43,45,46,48,50,52,54,56,59,63]},{"timeSet":15,"dateRange":1,"harmonicAverageSpeed":34.5,"medianSpeed":42.0,"averageSpeed":41.4,"standardDeviationSpeed":13.9,"travelTimeStandardDeviation":2.54,"sampleSize":5486,"normalizedSampleSize":0.5423,"averageTravelTime":3.66,"medianTravelTime":3.01,"travelTimeRatio":1.15,"speedPercentiles":[18,24,27,29,32,34,35,38,40,42,44,45,47,49,51,53,56,58,63]},{"timeSet":16,"dateRange":1,"harmonicAverageSpeed":35.1,"medianSpeed":42.0,"averageSpeed":41.7,"standardDeviationSpeed":13.6,"travelTimeStandardDeviation":2.42,"sampleSize":5775,"normalizedSampleSize":0.5709,"averageTravelTime":3.61,"medianTravelTime":3.01,"travelTimeRatio":1.13,"speedPercentiles":[19,24,27,30,32,34,36,38,40,42,44,46,48,50,52,54,56,58,62]},{"timeSet":17,"dateRange":1,"harmonicAverageSpeed":33.4,"medianSpeed":41.0,"averageSpeed":40.1,"standardDeviationSpeed":13.2,"travelTimeStandardDeviation":2.93,"sampleSize":6644,"normalizedSampleSize":0.6568,"averageTravelTime":3.79,"medianTravelTime":3.09,"travelTimeRatio":1.19,"speedPercentiles":[17,22,26,28,31,33,35,37,39,41,43,45,46,48,50,51,53,56,60]},{"timeSet":18,"dateRange":1,"harmonicAverageSpeed":33.1,"medianSpeed":39.0,"averageSpeed":38.8,"standardDeviationSpeed":11.8,"travelTimeStandardDeviation":2.83,"sampleSize":6291,"normalizedSampleSize":0.6219,"averageTravelTime":3.82,"medianTravelTime":3.25,"travelTimeRatio":1.2,"speedPercentiles":[18,24,27,29,31,33,35,36,38,39,41,42,44,45,47,49,50,53,57]},{"timeSet":19,"dateRange":1,"harmonicAverageSpeed":33.7,"medianSpeed":39.0,"averageSpeed":38.2,"standardDeviationSpeed":10.8,"travelTimeStandardDeviation":2.11,"sampleSize":6545,"normalizedSampleSize":0.647,"averageTravelTime":3.76,"medianTravelTime":3.25,"travelTimeRatio":1.18,"speedPercentiles":[20,25,28,30,32,33,34,36,37,39,40,41,43,44,45,47,49,51,55]},{"timeSet":20,"dateRange":1,"harmonicAverageSpeed":34.0,"medianSpeed":39.0,"averageSpeed":39.1,"standardDeviationSpeed":11.5,"travelTimeStandardDeviation":2.33,"sampleSize":6104,"normalizedSampleSize":0.6034,"averageTravelTime":3.72,"medianTravelTime":3.25,"travelTimeRatio":1.17,"speedPercentiles":[20,25,28,30,32,33,35,36,38,39,41,42,44,45,47,48,50,53,57]},{"timeSet":21,"dateRange":1,"harmonicAverageSpeed":34.3,"medianSpeed":40.0,"averageSpeed":39.7,"standardDeviationSpeed":11.8,"travelTimeStandardDeviation":2.55,"sampleSize":5897,"normalizedSampleSize":0.5829,"averageTravelTime":3.69,"medianTravelTime":3.16,"travelTimeRatio":1.16,"speedPercentiles":[20,25,28,30,32,34,35,37,38,40,41,43,44,46,48,49,52,54,58]},{"timeSet":22,"dateRange":1,"harmonicAverageSpeed":34.9,"medianSpeed":41.0,"averageSpeed":41.4,"standardDeviationSpeed":13.3,"travelTimeStandardDeviation":2.89,"sampleSize":5341,"normalizedSampleSize":0.528,"averageTravelTime":3.63,"medianTravelTime":3.09,"travelTimeRatio":1.14,"speedPercentiles":[20,25,28,31,33,34,36,38,39,41,43,45,47,48,50,52,55,58,63]},{"timeSet":23,"dateRange":1,"harmonicAverageSpeed":37.0,"medianSpeed":46.0,"averageSpeed":46.5,"standardDeviationSpeed":17.0,"travelTimeStandardDeviation":3.33,"sampleSize":2902,"normalizedSampleSize":0.2869,"averageTravelTime":3.42,"medianTravelTime":2.75,"travelTimeRatio":1.07,"speedPercentiles":[19,27,30,33,35,37,39,41,43,46,48,51,53,55,58,61,64,68,74]},{"timeSet":24,"dateRange":1,"harmonicAverageSpeed":37.6,"medianSpeed":46.0,"averageSpeed":46.7,"standardDeviationSpeed":17.2,"travelTimeStandardDeviation":2.88,"sampleSize":2438,"normalizedSampleSize":0.241,"averageTravelTime":3.37,"medianTravelTime":2.75,"travelTimeRatio":1.06,"speedPercentiles":[18,26,30,33,35,37,39,41,44,46,49,51,54,56,59,61,64,68,74]},{"timeSet":25,"dateRange":1,"harmonicAverageSpeed":38.6,"medianSpeed":46.0,"averageSpeed":47.0,"standardDeviationSpeed":17.3,"travelTimeStandardDeviation":2.3,"sampleSize":2300,"normalizedSampleSize":0.2274,"averageTravelTime":3.28,"medianTravelTime":2.75,"travelTimeRatio":1.03,"speedPercentiles":[21,27,29,32,34,36,39,41,44,46,48,51,54,56,59,62,65,69,75]}]}},{"type":"Feature","geometry":{"type":"LineString","coordinates":[[12.47076,41.94117],[12.47077,41.94111],[12.47078,41.94105]]},"properties":{"segmentId":13800007051638,"newSegmentId":"00004931-3600-0400-0000-0000034f02f0","speedLimit":50,"frc":2,"streetName":"Corso di Francia","distance":13.32,"segmentTimeResults":[{"timeSet":2,"dateRange":1,"harmonicAverageSpeed":40.1,"medianSpeed":47.0,"averageSpeed":49.3,"standardDeviationSpeed":18.4,"travelTimeStandardDeviation":0.91,"sampleSize":964,"normalizedSampleSize":0.0953,"averageTravelTime":1.2,"medianTravelTime":1.02,"travelTimeRatio":1.0,"speedPercentiles":[21,27,31,35,37,39,41,43,45,47,50,53,55,58,61,65,69,75,80]},{"timeSet":3,"dateRange":1,"harmonicAverageSpeed":39.9,"medianSpeed":48.0,"averageSpeed":50.1,"standardDeviationSpeed":18.4,"travelTimeStandardDeviation":1.18,"sampleSize":562,"normalizedSampleSize":0.0556,"averageTravelTime":1.2,"medianTravelTime":1.0,"travelTimeRatio":1.0,"speedPercentiles":[23,28,32,35,38,40,42,43,46,48,51,54,57,59,62,64,68,74,82]},{"timeSet":4,"dateRange":1,"harmonicAverageSpeed":43.2,"medianSpeed":49.0,"averageSpeed":49.7,"standardDeviationSpeed":16.7,"travelTimeStandardDeviation":0.56,"sampleSize":260,"normalizedSampleSize":0.0257,"averageTravelTime":1.11,"medianTravelTime":0.98,"travelTimeRatio":0.93,"speedPercentiles":[24,28,33,36,38,42,43,44,47,49,51,53,55,57,59,62,66,71,76]},{"timeSet":5,"dateRange":1,"harmonicAverageSpeed":40.7,"medianSpeed":50.0,"averageSpeed":50.7,"standardDeviationSpeed":21.4,"travelTimeStandardDeviation":0.71,"sampleSize":170,"normalizedSampleSize":0.0168,"averageTravelTime":1.18,"medianTravelTime":0.96,"travelTimeRatio":0.99,"speedPercentiles":[16,25,31,33,37,38,41,43,48,50,54,57,59,61,64,66,69,72,78]},{"timeSet":6,"dateRange":1,"harmonicAverageSpeed":47.0,"medianSpeed":53.0,"averageSpeed":55.5,"standardDeviationSpeed":20.2,"travelTimeStandardDeviation":0.53,"sampleSize":250,"normalizedSampleSize":0.0247,"averageTravelTime":1.02,"medianTravelTime":0.9,"travelTimeRatio":0.85,"speedPercentiles":[24,30,35,36,41,44,46,48,51,53,56,61,64,67,71,74,77,82,88]},{"timeSet":7,"dateRange":1,"harmonicAverageSpeed":43.3,"medianSpeed":53.0,"averageSpeed":52.5,"standardDeviationSpeed":18.3,"travelTimeStandardDeviation":0.73,"sampleSize":909,"normalizedSampleSize":0.0899,"averageTravelTime":1.11,"medianTravelTime":0.9,"travelTimeRatio":0.93,"speedPercentiles":[21,28,32,36,40,42,45,48,51,53,57,59,61,64,66,69,72,75,81]},{"timeSet":8,"dateRange":1,"harmonicAverageSpeed":40.6,"medianSpeed":53.0,"averageSpeed":50.6,"standardDeviationSpeed":16.1,"travelTimeStandardDeviation":1.55,"sampleSize":2541,"normalizedSampleSize":0.2512,"averageTravelTime":1.18,"medianTravelTime":0.9,"travelTimeRatio":0.99,"speedPercentiles":[21,27,32,37,40,44,46,49,51,53,55,57,58,60,62,64,66,69,74]},{"timeSet":9,"dateRange":1,"harmonicAverageSpeed":30.3,"medianSpeed":40.0,"averageSpeed":39.4,"standardDeviationSpeed":14.1,"travelTimeStandardDeviation":1.75,"sampleSize":7975,"normalizedSampleSize":0.7884,"averageTravelTime":1.58,"medianTravelTime":1.2,"travelTimeRatio":1.32,"speedPercentiles":[15,20,24,27,30,32,35,37,39,40,42,44,45,47,49,51,54,57,61]},{"timeSet":10,"dateRange":1,"harmonicAverageSpeed":28.6,"medianSpeed":37.0,"averageSpeed":36.0,"standardDeviationSpeed":12.4,"travelTimeStandardDeviation":1.54,"sampleSize":9279,"normalizedSampleSize":0.9173,"averageTravelTime":1.67,"medianTravelTime":1.3,"travelTimeRatio":1.4,"speedPercentiles":[14,19,23,26,28,30,32,34,36,37,39,40,42,43,45,46,48,51,54]},{"timeSet":11,"dateRange":1,"harmonicAverageSpeed":31.5,"medianSpeed":39.0,"averageSpeed":38.6,"standardDeviationSpeed":13.1,"travelTimeStandardDeviation":1.27,"sampleSize":7818,"normalizedSampleSize":0.7728,"averageTravelTime":1.52,"medianTravelTime":1.23,"travelTimeRatio":1.27,"speedPercentiles":[16,21,25,27,30,32,34,36,38,39,41,42,44,46,48,50,52,55,58]},{"timeSet":12,"dateRange":1,"harmonicAverageSpeed":33.8,"medianSpeed":42.0,"averageSpeed":41.5,"standardDeviationSpeed":14.0,"travelTimeStandardDeviation":1.18,"sampleSize":6223,"normalizedSampleSize":0.6152,"averageTravelTime":1.42,"medianTravelTime":1.14,"travelTimeRatio":1.19,"speedPercentiles":[17,23,27,30,32,35,37,39,40,42,44,46,48,49,51,53,56,58,63]},{"timeSet":13,"dateRange":1,"harmonicAverageSpeed":32.4,"medianSpeed":42.0,"averageSpeed":41.6,"standardDeviationSpeed":14.6,"travelTimeStandardDeviation":1.93,"sampleSize":5719,"normalizedSampleSize":0.5653,"averageTravelTime":1.48,"medianTravelTime":1.14,"travelTimeRatio":1.24,"speedPercentiles":[17,22,26,29,32,34,36,38,40,42,44,46,48,50,52,54,57,59,64]},{"timeSet":14,"dateRange":1,"harmonicAverageSpeed":33.7,"medianSpeed":44.0,"averageSpeed":42.8,"standardDeviationSpeed":15.1,"travelTimeStandardDeviation":2.09,"sampleSize":5333,"normalizedSampleSize":0.5272,"averageTravelTime":1.42,"medianTravelTime":1.09,"travelTimeRatio":1.19,"speedPercentiles":[17,22,26,29,32,35,37,40,42,44,46,48,50,52,54,56,58,60,65]},{"timeSet":15,"dateRange":1,"harmonicAverageSpeed":33.9,"medianSpeed":43.0,"averageSpeed":42.4,"standardDeviationSpeed":14.8,"travelTimeStandardDeviation":1.6,"sampleSize":5506,"normalizedSampleSize":0.5443,"averageTravelTime":1.42,"medianTravelTime":1.12,"travelTimeRatio":1.18,"speedPercentiles":[17,23,26,30,32,35,37,39,41,43,45,47,49,51,53,55,58,60,65]},{"timeSet":16,"dateRange":1,"harmonicAverageSpeed":34.6,"medianSpeed":44.0,"averageSpeed":42.6,"standardDeviationSpeed":14.6,"travelTimeStandardDeviation":1.13,"sampleSize":5801,"normalizedSampleSize":0.5734,"averageTravelTime":1.39,"medianTravelTime":1.09,"travelTimeRatio":1.16,"speedPercentiles":[17,22,27,30,32,35,37,39,42,44,46,47,49,51,53,55,57,60,65]},{"timeSet":17,"dateRange":1,"harmonicAverageSpeed":32.5,"medianSpeed":42.0,"averageSpeed":40.9,"standardDeviationSpeed":14.1,"travelTimeStandardDeviation":1.7,"sampleSize":6676,"normalizedSampleSize":0.6599,"averageTravelTime":1.47,"medianTravelTime":1.14,"travelTimeRatio":1.23,"speedPercentiles":[16,22,25,28,31,34,36,38,40,42,44,46,48,49,51,53,55,58,62]},{"timeSet":18,"dateRange":1,"harmonicAverageSpeed":33.1,"medianSpeed":41.0,"averageSpeed":40.0,"standardDeviationSpeed":12.5,"travelTimeStandardDeviation":1.47,"sampleSize":6327,"normalizedSampleSize":0.6254,"averageTravelTime":1.45,"medianTravelTime":1.17,"travelTimeRatio":1.21,"speedPercentiles":[18,23,27,30,32,34,36,38,40,41,42,44,45,47,49,50,52,55,59]},{"timeSet":19,"dateRange":1,"harmonicAverageSpeed":33.8,"medianSpeed":40.0,"averageSpeed":39.5,"standardDeviationSpeed":11.7,"travelTimeStandardDeviation":1.2,"sampleSize":6564,"normalizedSampleSize":0.6489,"averageTravelTime":1.42,"medianTravelTime":1.2,"travelTimeRatio":1.19,"speedPercentiles":[19,24,27,30,32,34,36,37,39,40,42,43,44,46,47,49,51,53,57]},{"timeSet":20,"dateRange":1,"harmonicAverageSpeed":33.9,"medianSpeed":41.0,"averageSpeed":40.0,"standardDeviationSpeed":12.2,"travelTimeStandardDeviation":1.29,"sampleSize":6124,"normalizedSampleSize":0.6054,"averageTravelTime":1.41,"medianTravelTime":1.17,"travelTimeRatio":1.18,"speedPercentiles":[19,24,27,30,32,34,36,38,39,41,42,44,45,47,48,50,52,55,58]},{"timeSet":21,"dateRange":1,"harmonicAverageSpeed":34.7,"medianSpeed":41.0,"averageSpeed":40.8,"standardDeviationSpeed":12.6,"travelTimeStandardDeviation":0.98,"sampleSize":5917,"normalizedSampleSize":0.5849,"averageTravelTime":1.38,"medianTravelTime":1.17,"travelTimeRatio":1.16,"speedPercentiles":[19,24,28,30,33,35,37,38,40,41,43,45,46,48,49,51,53,56,60]},{"timeSet":22,"dateRange":1,"harmonicAverageSpeed":34.8,"medianSpeed":43.0,"averageSpeed":42.4,"standardDeviationSpeed":14.0,"travelTimeStandardDeviation":1.38,"sampleSize":5370,"normalizedSampleSize":0.5308,"averageTravelTime":1.38,"medianTravelTime":1.12,"travelTimeRatio":1.15,"speedPercentiles":[19,24,28,31,33,36,37,39,41,43,45,46,48,50,52,54,57,59,64]},{"timeSet":23,"dateRange":1,"harmonicAverageSpeed":35.7,"medianSpeed":46.0,"averageSpeed":47.2,"standardDeviationSpeed":17.8,"travelTimeStandardDeviation":2.29,"sampleSize":2915,"normalizedSampleSize":0.2882,"averageTravelTime":1.34,"medianTravelTime":1.04,"travelTimeRatio":1.12,"speedPercentiles":[18,25,29,32,35,38,40,42,44,46,49,52,54,57,59,62,65,69,76]},{"timeSet":24,"dateRange":1,"harmonicAverageSpeed":37.4,"medianSpeed":47.0,"averageSpeed":47.5,"standardDeviationSpeed":17.9,"travelTimeStandardDeviation":1.38,"sampleSize":2443,"normalizedSampleSize":0.2415,"averageTravelTime":1.28,"medianTravelTime":1.02,"travelTimeRatio":1.07,"speedPercentiles":[17,25,29,32,35,38,41,43,45,47,50,52,54,57,60,62,66,70,76]},{"timeSet":25,"dateRange":1,"harmonicAverageSpeed":36.1,"medianSpeed":47.0,"averageSpeed":47.5,"standardDeviationSpeed":18.1,"travelTimeStandardDeviation":3.67,"sampleSize":2311,"normalizedSampleSize":0.2284,"averageTravelTime":1.33,"medianTravelTime":1.02,"travelTimeRatio":1.11,"speedPercentiles":[19,24,28,32,34,37,40,42,45,47,49,51,54,57,60,63,67,71,77]}]}},{"type":"Feature","geometry":{"type":"LineString","coordinates":[[12.47078,41.94105],[12.47081,41.94087]]},"properties":{"segmentId":13800006921530,"newSegmentId":"00004931-3600-0400-0000-00000346e25e","speedLimit":50,"frc":2,"streetName":"Corso di Francia","distance":20.05,"segmentTimeResults":[{"timeSet":2,"dateRange":1,"harmonicAverageSpeed":32.8,"medianSpeed":46.0,"averageSpeed":46.4,"standardDeviationSpeed":20.8,"travelTimeStandardDeviation":2.4,"sampleSize":1068,"normalizedSampleSize":0.1056,"averageTravelTime":2.2,"medianTravelTime":1.57,"travelTimeRatio":1.0,"speedPercentiles":[15,19,23,27,30,35,38,40,43,46,48,51,54,57,60,65,68,75,81]},{"timeSet":3,"dateRange":1,"harmonicAverageSpeed":33.3,"medianSpeed":46.0,"averageSpeed":46.2,"standardDeviationSpeed":20.5,"travelTimeStandardDeviation":2.16,"sampleSize":656,"normalizedSampleSize":0.0648,"averageTravelTime":2.17,"medianTravelTime":1.57,"travelTimeRatio":0.99,"speedPercentiles":[15,20,24,27,30,34,39,41,43,46,47,50,53,57,60,63,67,73,82]},{"timeSet":4,"dateRange":1,"harmonicAverageSpeed":33.3,"medianSpeed":45.0,"averageSpeed":44.5,"standardDeviationSpeed":19.4,"travelTimeStandardDeviation":1.84,"sampleSize":321,"normalizedSampleSize":0.0317,"averageTravelTime":2.17,"medianTravelTime":1.6,"travelTimeRatio":0.99,"speedPercentiles":[15,20,23,26,29,33,36,40,43,45,47,50,52,54,57,59,64,68,76]},{"timeSet":5,"dateRange":1,"harmonicAverageSpeed":37.0,"medianSpeed":48.0,"averageSpeed":49.0,"standardDeviationSpeed":22.4,"travelTimeStandardDeviation":1.39,"sampleSize":179,"normalizedSampleSize":0.0177,"averageTravelTime":1.95,"medianTravelTime":1.5,"travelTimeRatio":0.89,"speedPercentiles":[15,21,23,28,34,37,40,42,46,48,52,56,59,60,63,66,69,73,79]},{"timeSet":6,"dateRange":1,"harmonicAverageSpeed":42.7,"medianSpeed":53.0,"averageSpeed":54.3,"standardDeviationSpeed":22.0,"travelTimeStandardDeviation":1.13,"sampleSize":257,"normalizedSampleSize":0.0254,"averageTravelTime":1.69,"medianTravelTime":1.36,"travelTimeRatio":0.77,"speedPercentiles":[19,24,30,35,37,43,46,48,51,53,56,59,63,67,71,75,79,83,89]},{"timeSet":7,"dateRange":1,"harmonicAverageSpeed":36.3,"medianSpeed":54.0,"averageSpeed":51.7,"standardDeviationSpeed":20.2,"travelTimeStandardDeviation":2.54,"sampleSize":924,"normalizedSampleSize":0.0913,"averageTravelTime":1.99,"medianTravelTime":1.34,"travelTimeRatio":0.91,"speedPercentiles":[16,22,27,34,38,42,45,48,51,54,57,59,62,65,67,69,73,76,81]},{"timeSet":8,"dateRange":1,"harmonicAverageSpeed":33.2,"medianSpeed":54.0,"averageSpeed":49.8,"standardDeviationSpeed":18.2,"travelTimeStandardDeviation":3.18,"sampleSize":2577,"normalizedSampleSize":0.2547,"averageTravelTime":2.17,"medianTravelTime":1.34,"travelTimeRatio":0.99,"speedPercentiles":[13,21,28,35,40,43,46,49,51,54,56,58,59,61,63,65,67,70,74]},{"timeSet":9,"dateRange":1,"harmonicAverageSpeed":24.4,"medianSpeed":41.0,"averageSpeed":38.7,"standardDeviationSpeed":15.7,"travelTimeStandardDeviation":4.52,"sampleSize":8353,"normalizedSampleSize":0.8257,"averageTravelTime":2.96,"medianTravelTime":1.76,"travelTimeRatio":1.35,"speedPercentiles":[9,16,21,25,29,32,34,37,39,41,42,44,46,48,50,52,54,57,62]},{"timeSet":10,"dateRange":1,"harmonicAverageSpeed":23.1,"medianSpeed":37.0,"averageSpeed":35.4,"standardDeviationSpeed":14.0,"travelTimeStandardDeviation":4.37,"sampleSize":9852,"normalizedSampleSize":0.9739,"averageTravelTime":3.13,"medianTravelTime":1.95,"travelTimeRatio":1.42,"speedPercentiles":[8,15,20,23,26,29,31,34,36,37,39,41,42,44,45,47,49,51,55]},{"timeSet":11,"dateRange":1,"harmonicAverageSpeed":26.0,"medianSpeed":39.0,"averageSpeed":37.9,"standardDeviationSpeed":14.6,"travelTimeStandardDeviation":3.8,"sampleSize":8277,"normalizedSampleSize":0.8182,"averageTravelTime":2.78,"medianTravelTime":1.85,"travelTimeRatio":1.26,"speedPercentiles":[11,18,22,25,28,31,33,35,37,39,41,43,44,46,48,50,53,55,59]},{"timeSet":12,"dateRange":1,"harmonicAverageSpeed":27.1,"medianSpeed":42.0,"averageSpeed":40.6,"standardDeviationSpeed":15.9,"travelTimeStandardDeviation":4.72,"sampleSize":6542,"normalizedSampleSize":0.6467,"averageTravelTime":2.66,"medianTravelTime":1.72,"travelTimeRatio":1.21,"speedPercentiles":[10,18,23,27,31,33,36,38,40,42,44,46,48,50,52,54,57,59,64]},{"timeSet":13,"dateRange":1,"harmonicAverageSpeed":26.4,"medianSpeed":42.0,"averageSpeed":40.5,"standardDeviationSpeed":16.5,"travelTimeStandardDeviation":4.68,"sampleSize":6057,"normalizedSampleSize":0.5988,"averageTravelTime":2.73,"medianTravelTime":1.72,"travelTimeRatio":1.24,"speedPercentiles":[10,17,22,26,29,32,35,37,39,42,44,46,48,50,53,55,57,60,65]},{"timeSet":14,"dateRange":1,"harmonicAverageSpeed":26.4,"medianSpeed":43.0,"averageSpeed":41.1,"standardDeviationSpeed":17.2,"travelTimeStandardDeviation":4.44,"sampleSize":5708,"normalizedSampleSize":0.5643,"averageTravelTime":2.74,"medianTravelTime":1.68,"travelTimeRatio":1.25,"speedPercentiles":[10,17,21,25,29,32,35,38,41,43,45,47,50,52,54,56,58,61,66]},{"timeSet":15,"dateRange":1,"harmonicAverageSpeed":26.8,"medianSpeed":43.0,"averageSpeed":41.1,"standardDeviationSpeed":16.9,"travelTimeStandardDeviation":3.9,"sampleSize":5864,"normalizedSampleSize":0.5797,"averageTravelTime":2.69,"medianTravelTime":1.68,"travelTimeRatio":1.22,"speedPercentiles":[11,17,22,26,29,32,36,38,41,43,45,47,49,52,54,56,58,61,66]},{"timeSet":16,"dateRange":1,"harmonicAverageSpeed":26.9,"medianSpeed":43.0,"averageSpeed":41.1,"standardDeviationSpeed":16.7,"travelTimeStandardDeviation":3.86,"sampleSize":6250,"normalizedSampleSize":0.6178,"averageTravelTime":2.68,"medianTravelTime":1.68,"travelTimeRatio":1.22,"speedPercentiles":[11,17,22,26,30,33,36,38,41,43,45,47,49,52,54,56,58,61,65]},{"timeSet":17,"dateRange":1,"harmonicAverageSpeed":25.1,"medianSpeed":42.0,"averageSpeed":39.5,"standardDeviationSpeed":16.1,"travelTimeStandardDeviation":4.91,"sampleSize":7158,"normalizedSampleSize":0.7076,"averageTravelTime":2.88,"medianTravelTime":1.72,"travelTimeRatio":1.31,"speedPercentiles":[9,16,21,25,28,32,34,37,39,42,44,46,48,49,51,54,56,58,62]},{"timeSet":18,"dateRange":1,"harmonicAverageSpeed":28.0,"medianSpeed":41.0,"averageSpeed":38.7,"standardDeviationSpeed":14.3,"travelTimeStandardDeviation":3.09,"sampleSize":6929,"normalizedSampleSize":0.685,"averageTravelTime":2.58,"medianTravelTime":1.76,"travelTimeRatio":1.17,"speedPercentiles":[12,18,23,26,29,32,35,37,39,41,42,44,46,47,49,51,53,55,59]},{"timeSet":19,"dateRange":1,"harmonicAverageSpeed":28.6,"medianSpeed":40.0,"averageSpeed":38.5,"standardDeviationSpeed":13.4,"travelTimeStandardDeviation":3.7,"sampleSize":7079,"normalizedSampleSize":0.6998,"averageTravelTime":2.52,"medianTravelTime":1.8,"travelTimeRatio":1.15,"speedPercentiles":[13,19,24,28,31,33,35,37,39,40,42,43,45,46,48,49,51,54,58]},{"timeSet":20,"dateRange":1,"harmonicAverageSpeed":28.8,"medianSpeed":41.0,"averageSpeed":39.1,"standardDeviationSpeed":13.9,"travelTimeStandardDeviation":3.52,"sampleSize":6524,"normalizedSampleSize":0.6449,"averageTravelTime":2.5,"medianTravelTime":1.76,"travelTimeRatio":1.14,"speedPercentiles":[14,19,24,27,30,33,35,37,39,41,42,44,45,47,49,51,53,55,59]},{"timeSet":21,"dateRange":1,"harmonicAverageSpeed":29.6,"medianSpeed":41.0,"averageSpeed":39.8,"standardDeviationSpeed":14.4,"travelTimeStandardDeviation":2.63,"sampleSize":6317,"normalizedSampleSize":0.6245,"averageTravelTime":2.44,"medianTravelTime":1.76,"travelTimeRatio":1.11,"speedPercentiles":[13,20,24,28,31,34,36,38,40,41,43,45,46,48,50,52,54,57,61]},{"timeSet":22,"dateRange":1,"harmonicAverageSpeed":30.5,"medianSpeed":43.0,"averageSpeed":41.4,"standardDeviationSpeed":15.6,"travelTimeStandardDeviation":2.96,"sampleSize":5692,"normalizedSampleSize":0.5627,"averageTravelTime":2.37,"medianTravelTime":1.68,"travelTimeRatio":1.08,"speedPercentiles":[14,20,24,27,31,34,36,39,41,43,45,46,48,50,52,55,57,60,65]},{"timeSet":23,"dateRange":1,"harmonicAverageSpeed":29.9,"medianSpeed":45.0,"averageSpeed":44.8,"standardDeviationSpeed":19.7,"travelTimeStandardDeviation":3.09,"sampleSize":3175,"normalizedSampleSize":0.3139,"averageTravelTime":2.41,"medianTravelTime":1.6,"travelTimeRatio":1.1,"speedPercentiles":[12,18,23,27,31,34,38,40,43,45,48,50,53,56,59,62,65,69,75]},{"timeSet":24,"dateRange":1,"harmonicAverageSpeed":30.3,"medianSpeed":46.0,"averageSpeed":44.9,"standardDeviationSpeed":20.1,"travelTimeStandardDeviation":2.9,"sampleSize":2671,"normalizedSampleSize":0.264,"averageTravelTime":2.38,"medianTravelTime":1.57,"travelTimeRatio":1.08,"speedPercentiles":[12,17,22,25,30,34,38,40,43,46,48,51,53,56,59,62,65,70,77]},{"timeSet":25,"dateRange":1,"harmonicAverageSpeed":26.7,"medianSpeed":45.0,"averageSpeed":44.2,"standardDeviationSpeed":20.5,"travelTimeStandardDeviation":6.69,"sampleSize":2593,"normalizedSampleSize":0.2563,"averageTravelTime":2.7,"medianTravelTime":1.6,"travelTimeRatio":1.23,"speedPercentiles":[12,17,21,25,28,32,36,39,42,45,47,50,53,56,58,62,66,71,78]}]}},{"type":"Feature","geometry":{"type":"LineString","coordinates":[[12.47081,41.94087],[12.47082,41.94079],[12.47085,41.94064],[12.47086,41.94057],[12.47088,41.94047]]},"properties":{"segmentId":13800006887551,"newSegmentId":"00004931-3600-0400-0000-000001456bdb","speedLimit":50,"frc":2,"streetName":"Corso di Francia","distance":45.38,"segmentTimeResults":[{"timeSet":2,"dateRange":1,"harmonicAverageSpeed":21.6,"medianSpeed":45.0,"averageSpeed":45.0,"standardDeviationSpeed":24.1,"travelTimeStandardDeviation":9.89,"sampleSize":1065,"normalizedSampleSize":0.1053,"averageTravelTime":7.57,"medianTravelTime":3.63,"travelTimeRatio":1.0,"speedPercentiles":[5,6,13,22,31,35,38,40,42,45,48,52,55,58,61,66,70,76,83]},{"timeSet":3,"dateRange":1,"harmonicAverageSpeed":21.0,"medianSpeed":45.0,"averageSpeed":45.0,"standardDeviationSpeed":23.5,"travelTimeStandardDeviation":11.12,"sampleSize":650,"normalizedSampleSize":0.0643,"averageTravelTime":7.79,"medianTravelTime":3.63,"travelTimeRatio":1.03,"speedPercentiles":[5,6,14,26,32,36,38,41,43,45,47,51,54,57,61,65,69,74,83]},{"timeSet":4,"dateRange":1,"harmonicAverageSpeed":19.8,"medianSpeed":44.0,"averageSpeed":43.0,"standardDeviationSpeed":22.6,"travelTimeStandardDeviation":11.06,"sampleSize":317,"normalizedSampleSize":0.0313,"averageTravelTime":8.24,"medianTravelTime":3.71,"travelTimeRatio":1.09,"speedPercentiles":[5,5,9,27,32,36,38,40,43,44,46,48,51,53,56,61,66,71,79]},{"timeSet":5,"dateRange":1,"harmonicAverageSpeed":22.1,"medianSpeed":46.0,"averageSpeed":46.8,"standardDeviationSpeed":25.5,"travelTimeStandardDeviation":10.22,"sampleSize":177,"normalizedSampleSize":0.0175,"averageTravelTime":7.38,"medianTravelTime":3.55,"travelTimeRatio":0.98,"speedPercentiles":[5,7,14,25,33,37,41,43,45,46,49,52,56,59,64,67,71,75,81]},{"timeSet":6,"dateRange":1,"harmonicAverageSpeed":27.3,"medianSpeed":54.0,"averageSpeed":53.8,"standardDeviationSpeed":25.2,"travelTimeStandardDeviation":9.52,"sampleSize":257,"normalizedSampleSize":0.0254,"averageTravelTime":5.99,"medianTravelTime":3.03,"travelTimeRatio":0.79,"speedPercentiles":[5,17,27,36,39,43,46,48,52,54,56,60,65,68,72,75,79,85,90]},{"timeSet":7,"dateRange":1,"harmonicAverageSpeed":26.0,"medianSpeed":55.0,"averageSpeed":51.5,"standardDeviationSpeed":23.1,"travelTimeStandardDeviation":9.89,"sampleSize":919,"normalizedSampleSize":0.0908,"averageTravelTime":6.29,"medianTravelTime":2.97,"travelTimeRatio":0.83,"speedPercentiles":[5,11,23,34,38,42,46,50,52,55,58,61,64,66,68,71,74,78,83]},{"timeSet":8,"dateRange":1,"harmonicAverageSpeed":27.5,"medianSpeed":55.0,"averageSpeed":50.2,"standardDeviationSpeed":20.2,"travelTimeStandardDeviation":9.16,"sampleSize":2571,"normalizedSampleSize":0.2542,"averageTravelTime":5.94,"medianTravelTime":2.97,"travelTimeRatio":0.78,"speedPercentiles":[6,16,29,36,40,44,47,50,53,55,57,59,61,62,64,67,69,72,76]},{"timeSet":9,"dateRange":1,"harmonicAverageSpeed":24.9,"medianSpeed":42.0,"averageSpeed":40.1,"standardDeviationSpeed":16.2,"travelTimeStandardDeviation":8.64,"sampleSize":8330,"normalizedSampleSize":0.8234,"averageTravelTime":6.56,"medianTravelTime":3.89,"travelTimeRatio":0.87,"speedPercentiles":[6,15,23,28,31,34,36,39,40,42,44,46,47,49,51,54,56,59,63]},{"timeSet":10,"dateRange":1,"harmonicAverageSpeed":23.3,"medianSpeed":39.0,"averageSpeed":37.1,"standardDeviationSpeed":14.7,"travelTimeStandardDeviation":9.5,"sampleSize":9841,"normalizedSampleSize":0.9728,"averageTravelTime":7.03,"medianTravelTime":4.19,"travelTimeRatio":0.93,"speedPercentiles":[6,15,21,25,29,32,34,36,38,39,41,43,44,46,47,49,51,54,57]},{"timeSet":11,"dateRange":1,"harmonicAverageSpeed":25.3,"medianSpeed":41.0,"averageSpeed":39.4,"standardDeviationSpeed":15.2,"travelTimeStandardDeviation":8.49,"sampleSize":8256,"normalizedSampleSize":0.8161,"averageTravelTime":6.45,"medianTravelTime":3.98,"travelTimeRatio":0.85,"speedPercentiles":[7,18,24,28,31,34,36,37,39,41,43,44,46,48,50,52,54,57,61]},{"timeSet":12,"dateRange":1,"harmonicAverageSpeed":25.3,"medianSpeed":43.0,"averageSpeed":41.6,"standardDeviationSpeed":16.9,"travelTimeStandardDeviation":9.08,"sampleSize":6532,"normalizedSampleSize":0.6457,"averageTravelTime":6.47,"medianTravelTime":3.8,"travelTimeRatio":0.85,"speedPercentiles":[6,16,24,29,33,35,37,39,41,43,45,47,50,52,54,56,58,61,65]},{"timeSet":13,"dateRange":1,"harmonicAverageSpeed":24.2,"medianSpeed":42.0,"averageSpeed":41.3,"standardDeviationSpeed":17.8,"travelTimeStandardDeviation":9.29,"sampleSize":6038,"normalizedSampleSize":0.5969,"averageTravelTime":6.75,"medianTravelTime":3.89,"travelTimeRatio":0.89,"speedPercentiles":[6,14,23,28,31,34,36,38,40,42,45,47,50,52,54,57,59,63,67]},{"timeSet":14,"dateRange":1,"harmonicAverageSpeed":24.2,"medianSpeed":44.0,"averageSpeed":42.1,"standardDeviationSpeed":18.4,"travelTimeStandardDeviation":9.27,"sampleSize":5696,"normalizedSampleSize":0.5631,"averageTravelTime":6.74,"medianTravelTime":3.71,"travelTimeRatio":0.89,"speedPercentiles":[6,13,22,28,32,34,37,39,41,44,46,49,51,53,56,58,60,64,69]},{"timeSet":15,"dateRange":1,"harmonicAverageSpeed":24.5,"medianSpeed":44.0,"averageSpeed":42.1,"standardDeviationSpeed":18.2,"travelTimeStandardDeviation":9.13,"sampleSize":5849,"normalizedSampleSize":0.5782,"averageTravelTime":6.68,"medianTravelTime":3.71,"travelTimeRatio":0.88,"speedPercentiles":[6,14,22,27,31,34,37,39,42,44,46,49,51,53,56,58,60,63,67]},{"timeSet":16,"dateRange":1,"harmonicAverageSpeed":25.4,"medianSpeed":45.0,"averageSpeed":42.5,"standardDeviationSpeed":17.6,"travelTimeStandardDeviation":8.91,"sampleSize":6247,"normalizedSampleSize":0.6175,"averageTravelTime":6.44,"medianTravelTime":3.63,"travelTimeRatio":0.85,"speedPercentiles":[6,15,23,29,33,35,38,40,43,45,47,49,51,53,55,57,60,63,67]},{"timeSet":17,"dateRange":1,"harmonicAverageSpeed":24.3,"medianSpeed":43.0,"averageSpeed":41.0,"standardDeviationSpeed":16.8,"travelTimeStandardDeviation":9.4,"sampleSize":7144,"normalizedSampleSize":0.7062,"averageTravelTime":6.72,"medianTravelTime":3.8,"travelTimeRatio":0.89,"speedPercentiles":[6,15,23,28,32,35,37,39,41,43,45,47,49,51,53,55,57,60,64]},{"timeSet":18,"dateRange":1,"harmonicAverageSpeed":26.1,"medianSpeed":43.0,"averageSpeed":40.2,"standardDeviationSpeed":15.3,"travelTimeStandardDeviation":8.02,"sampleSize":6916,"normalizedSampleSize":0.6837,"averageTravelTime":6.26,"medianTravelTime":3.8,"travelTimeRatio":0.83,"speedPercentiles":[7,17,24,29,33,35,37,39,41,43,44,46,47,49,51,53,55,57,61]},{"timeSet":19,"dateRange":1,"harmonicAverageSpeed":27.3,"medianSpeed":42.0,"averageSpeed":39.8,"standardDeviationSpeed":14.2,"travelTimeStandardDeviation":7.17,"sampleSize":7067,"normalizedSampleSize":0.6986,"averageTravelTime":5.97,"medianTravelTime":3.89,"travelTimeRatio":0.79,"speedPercentiles":[8,19,26,30,33,35,37,39,41,42,43,45,46,48,49,51,53,55,59]},{"timeSet":20,"dateRange":1,"harmonicAverageSpeed":27.5,"medianSpeed":42.0,"averageSpeed":40.3,"standardDeviationSpeed":14.7,"travelTimeStandardDeviation":7.49,"sampleSize":6510,"normalizedSampleSize":0.6435,"averageTravelTime":5.94,"medianTravelTime":3.89,"travelTimeRatio":0.79,"speedPercentiles":[8,19,26,30,33,35,37,39,41,42,44,45,47,48,50,52,54,57,60]},{"timeSet":21,"dateRange":1,"harmonicAverageSpeed":27.1,"medianSpeed":43.0,"averageSpeed":40.8,"standardDeviationSpeed":15.5,"travelTimeStandardDeviation":7.14,"sampleSize":6304,"normalizedSampleSize":0.6232,"averageTravelTime":6.03,"medianTravelTime":3.8,"travelTimeRatio":0.8,"speedPercentiles":[7,16,25,30,33,36,38,40,41,43,45,46,48,49,51,53,55,58,63]},{"timeSet":22,"dateRange":1,"harmonicAverageSpeed":27.0,"medianSpeed":44.0,"averageSpeed":42.1,"standardDeviationSpeed":17.0,"travelTimeStandardDeviation":7.4,"sampleSize":5674,"normalizedSampleSize":0.5609,"averageTravelTime":6.04,"medianTravelTime":3.71,"travelTimeRatio":0.8,"speedPercentiles":[7,16,24,29,33,36,38,40,42,44,46,48,50,52,54,56,58,61,66]},{"timeSet":23,"dateRange":1,"harmonicAverageSpeed":23.0,"medianSpeed":46.0,"averageSpeed":44.5,"standardDeviationSpeed":22.0,"travelTimeStandardDeviation":9.47,"sampleSize":3147,"normalizedSampleSize":0.3111,"averageTravelTime":7.1,"medianTravelTime":3.55,"travelTimeRatio":0.94,"speedPercentiles":[5,8,16,26,32,35,38,41,43,46,49,51,54,57,60,63,66,71,77]},{"timeSet":24,"dateRange":1,"harmonicAverageSpeed":22.7,"medianSpeed":46.0,"averageSpeed":44.3,"standardDeviationSpeed":22.2,"travelTimeStandardDeviation":9.94,"sampleSize":2659,"normalizedSampleSize":0.2629,"averageTravelTime":7.21,"medianTravelTime":3.55,"travelTimeRatio":0.95,"speedPercentiles":[5,8,15,24,31,35,38,41,43,46,49,51,54,57,60,63,67,71,78]},{"timeSet":25,"dateRange":1,"harmonicAverageSpeed":21.7,"medianSpeed":45.0,"averageSpeed":43.7,"standardDeviationSpeed":22.7,"travelTimeStandardDeviation":12.54,"sampleSize":2588,"normalizedSampleSize":0.2558,"averageTravelTime":7.54,"medianTravelTime":3.63,"travelTimeRatio":1.0,"speedPercentiles":[5,8,15,22,28,33,37,39,42,45,48,50,54,57,60,63,68,72,79]}]}},{"type":"Feature","geometry":{"type":"LineString","coordinates":[[12.47088,41.94047],[12.4709,41.94035],[12.47092,41.94024]]},"properties":{"segmentId":13800007290271,"newSegmentId":"00004931-3600-0400-0000-0000034e43cd","speedLimit":50,"frc":3,"streetName":"Corso di Francia","distance":25.49,"segmentTimeResults":[{"timeSet":2,"dateRange":1,"harmonicAverageSpeed":45.3,"medianSpeed":57.0,"averageSpeed":55.8,"standardDeviationSpeed":20.1,"travelTimeStandardDeviation":1.54,"sampleSize":733,"normalizedSampleSize":0.0725,"averageTravelTime":2.02,"medianTravelTime":1.61,"travelTimeRatio":1.0,"speedPercentiles":[24,30,34,38,41,45,48,51,53,57,59,61,63,66,69,72,76,83,88]},{"timeSet":3,"dateRange":1,"harmonicAverageSpeed":48.5,"medianSpeed":58.0,"averageSpeed":57.6,"standardDeviationSpeed":19.8,"travelTimeStandardDeviation":1.17,"sampleSize":405,"normalizedSampleSize":0.04,"averageTravelTime":1.89,"medianTravelTime":1.58,"travelTimeRatio":0.94,"speedPercentiles":[26,32,36,39,44,48,51,53,56,58,60,62,64,67,70,73,77,81,93]},{"timeSet":4,"dateRange":1,"harmonicAverageSpeed":44.5,"medianSpeed":55.0,"averageSpeed":56.1,"standardDeviationSpeed":20.6,"travelTimeStandardDeviation":1.62,"sampleSize":169,"normalizedSampleSize":0.0167,"averageTravelTime":2.06,"medianTravelTime":1.67,"travelTimeRatio":1.02,"speedPercentiles":[23,29,33,36,43,48,50,52,54,55,58,62,64,67,70,73,77,81,89]},{"timeSet":5,"dateRange":1,"harmonicAverageSpeed":45.9,"medianSpeed":56.0,"averageSpeed":56.2,"standardDeviationSpeed":22.6,"travelTimeStandardDeviation":1.26,"sampleSize":120,"normalizedSampleSize":0.0119,"averageTravelTime":2.0,"medianTravelTime":1.64,"travelTimeRatio":0.99,"speedPercentiles":[25,31,33,35,40,43,45,49,52,56,58,62,64,67,70,72,75,79,89]},{"timeSet":6,"dateRange":1,"harmonicAverageSpeed":50.8,"medianSpeed":62.0,"averageSpeed":61.3,"standardDeviationSpeed":22.0,"travelTimeStandardDeviation":1.12,"sampleSize":203,"normalizedSampleSize":0.0201,"averageTravelTime":1.81,"medianTravelTime":1.48,"travelTimeRatio":0.89,"speedPercentiles":[24,34,39,43,46,50,53,57,60,62,64,67,70,73,75,79,83,86,90]},{"timeSet":7,"dateRange":1,"harmonicAverageSpeed":48.8,"medianSpeed":60.0,"averageSpeed":58.6,"standardDeviationSpeed":19.1,"travelTimeStandardDeviation":1.26,"sampleSize":801,"normalizedSampleSize":0.0792,"averageTravelTime":1.88,"medianTravelTime":1.53,"travelTimeRatio":0.93,"speedPercentiles":[24,32,36,40,45,50,53,56,58,60,63,66,68,70,72,74,78,81,86]},{"timeSet":8,"dateRange":1,"harmonicAverageSpeed":48.9,"medianSpeed":59.0,"averageSpeed":56.5,"standardDeviationSpeed":16.1,"travelTimeStandardDeviation":1.17,"sampleSize":2246,"normalizedSampleSize":0.222,"averageTravelTime":1.88,"medianTravelTime":1.56,"travelTimeRatio":0.93,"speedPercentiles":[27,33,39,43,47,50,53,55,57,59,61,62,64,66,68,70,72,74,78]},{"timeSet":9,"dateRange":1,"harmonicAverageSpeed":40.1,"medianSpeed":47.0,"averageSpeed":46.0,"standardDeviationSpeed":13.0,"travelTimeStandardDeviation":1.41,"sampleSize":7074,"normalizedSampleSize":0.6993,"averageTravelTime":2.29,"medianTravelTime":1.95,"travelTimeRatio":1.13,"speedPercentiles":[23,29,33,36,38,40,42,44,45,47,48,50,51,53,55,57,59,61,66]},{"timeSet":10,"dateRange":1,"harmonicAverageSpeed":37.8,"medianSpeed":44.0,"averageSpeed":42.8,"standardDeviationSpeed":11.9,"travelTimeStandardDeviation":1.34,"sampleSize":8176,"normalizedSampleSize":0.8082,"averageTravelTime":2.43,"medianTravelTime":2.09,"travelTimeRatio":1.2,"speedPercentiles":[21,27,31,34,36,38,39,41,42,44,45,46,48,49,51,52,54,56,60]},{"timeSet":11,"dateRange":1,"harmonicAverageSpeed":39.8,"medianSpeed":45.0,"averageSpeed":44.8,"standardDeviationSpeed":12.5,"travelTimeStandardDeviation":1.25,"sampleSize":7021,"normalizedSampleSize":0.694,"averageTravelTime":2.31,"medianTravelTime":2.04,"travelTimeRatio":1.14,"speedPercentiles":[23,28,32,35,37,39,41,42,44,45,47,48,50,52,53,55,57,60,64]},{"timeSet":12,"dateRange":1,"harmonicAverageSpeed":41.9,"medianSpeed":49.0,"averageSpeed":48.3,"standardDeviationSpeed":13.8,"travelTimeStandardDeviation":1.72,"sampleSize":5287,"normalizedSampleSize":0.5226,"averageTravelTime":2.19,"medianTravelTime":1.87,"travelTimeRatio":1.08,"speedPercentiles":[24,31,35,37,40,42,43,45,47,49,51,52,54,56,58,60,62,65,69]},{"timeSet":13,"dateRange":1,"harmonicAverageSpeed":41.8,"medianSpeed":49.0,"averageSpeed":48.7,"standardDeviationSpeed":14.5,"travelTimeStandardDeviation":1.81,"sampleSize":4679,"normalizedSampleSize":0.4625,"averageTravelTime":2.2,"medianTravelTime":1.87,"travelTimeRatio":1.08,"speedPercentiles":[24,30,34,37,39,41,43,45,47,49,51,53,55,57,59,61,64,66,70]},{"timeSet":14,"dateRange":1,"harmonicAverageSpeed":41.8,"medianSpeed":51.0,"averageSpeed":50.0,"standardDeviationSpeed":14.9,"travelTimeStandardDeviation":4.13,"sampleSize":4474,"normalizedSampleSize":0.4423,"averageTravelTime":2.2,"medianTravelTime":1.8,"travelTimeRatio":1.09,"speedPercentiles":[25,31,35,38,40,42,45,47,49,51,53,55,57,59,61,62,65,68,72]},{"timeSet":15,"dateRange":1,"harmonicAverageSpeed":42.5,"medianSpeed":50.0,"averageSpeed":49.4,"standardDeviationSpeed":14.7,"travelTimeStandardDeviation":1.52,"sampleSize":4829,"normalizedSampleSize":0.4774,"averageTravelTime":2.16,"medianTravelTime":1.84,"travelTimeRatio":1.07,"speedPercentiles":[24,30,34,37,40,42,44,46,48,50,52,54,56,58,60,62,64,67,71]},{"timeSet":16,"dateRange":1,"harmonicAverageSpeed":43.0,"medianSpeed":50.0,"averageSpeed":49.2,"standardDeviationSpeed":14.1,"travelTimeStandardDeviation":1.36,"sampleSize":5345,"normalizedSampleSize":0.5284,"averageTravelTime":2.14,"medianTravelTime":1.84,"travelTimeRatio":1.06,"speedPercentiles":[24,31,35,37,40,42,45,46,48,50,52,54,56,57,59,61,64,66,70]},{"timeSet":17,"dateRange":1,"harmonicAverageSpeed":40.8,"medianSpeed":47.0,"averageSpeed":46.7,"standardDeviationSpeed":13.1,"travelTimeStandardDeviation":1.53,"sampleSize":6491,"normalizedSampleSize":0.6417,"averageTravelTime":2.25,"medianTravelTime":1.95,"travelTimeRatio":1.11,"speedPercentiles":[23,31,34,36,38,40,42,44,45,47,49,51,52,54,56,58,60,63,66]},{"timeSet":18,"dateRange":1,"harmonicAverageSpeed":40.1,"medianSpeed":46.0,"averageSpeed":45.5,"standardDeviationSpeed":12.2,"travelTimeStandardDeviation":1.55,"sampleSize":6341,"normalizedSampleSize":0.6268,"averageTravelTime":2.29,"medianTravelTime":1.99,"travelTimeRatio":1.13,"speedPercentiles":[24,30,33,36,38,40,42,44,45,46,48,49,50,52,53,55,57,60,64]},{"timeSet":19,"dateRange":1,"harmonicAverageSpeed":39.8,"medianSpeed":45.0,"averageSpeed":44.1,"standardDeviationSpeed":11.4,"travelTimeStandardDeviation":1.12,"sampleSize":6656,"normalizedSampleSize":0.658,"averageTravelTime":2.3,"medianTravelTime":2.04,"travelTimeRatio":1.14,"speedPercentiles":[24,30,33,35,37,39,41,42,44,45,46,47,49,50,51,53,55,57,61]},{"timeSet":20,"dateRange":1,"harmonicAverageSpeed":40.1,"medianSpeed":45.0,"averageSpeed":44.9,"standardDeviationSpeed":11.8,"travelTimeStandardDeviation":1.38,"sampleSize":5947,"normalizedSampleSize":0.5879,"averageTravelTime":2.29,"medianTravelTime":2.04,"travelTimeRatio":1.13,"speedPercentiles":[25,30,34,36,38,40,41,43,44,45,47,48,49,51,53,54,57,59,63]},{"timeSet":21,"dateRange":1,"harmonicAverageSpeed":41.4,"medianSpeed":47.0,"averageSpeed":46.3,"standardDeviationSpeed":12.0,"travelTimeStandardDeviation":1.33,"sampleSize":5551,"normalizedSampleSize":0.5487,"averageTravelTime":2.22,"medianTravelTime":1.95,"travelTimeRatio":1.09,"speedPercentiles":[25,32,35,37,39,41,42,44,45,47,48,49,51,52,54,56,58,61,65]},{"timeSet":22,"dateRange":1,"harmonicAverageSpeed":41.7,"medianSpeed":50.0,"averageSpeed":48.9,"standardDeviationSpeed":13.6,"travelTimeStandardDeviation":4.65,"sampleSize":4603,"normalizedSampleSize":0.455,"averageTravelTime":2.2,"medianTravelTime":1.84,"travelTimeRatio":1.09,"speedPercentiles":[25,32,35,38,41,43,45,46,48,50,51,53,54,56,58,60,62,65,70]},{"timeSet":23,"dateRange":1,"harmonicAverageSpeed":45.0,"medianSpeed":54.0,"averageSpeed":53.7,"standardDeviationSpeed":17.7,"travelTimeStandardDeviation":1.59,"sampleSize":2370,"normalizedSampleSize":0.2343,"averageTravelTime":2.04,"medianTravelTime":1.7,"travelTimeRatio":1.01,"speedPercentiles":[24,32,35,38,42,44,47,49,52,54,56,58,61,63,66,68,71,75,82]},{"timeSet":24,"dateRange":1,"harmonicAverageSpeed":44.4,"medianSpeed":54.0,"averageSpeed":53.6,"standardDeviationSpeed":18.1,"travelTimeStandardDeviation":1.73,"sampleSize":2035,"normalizedSampleSize":0.2012,"averageTravelTime":2.07,"medianTravelTime":1.7,"travelTimeRatio":1.02,"speedPercentiles":[23,31,35,39,42,45,47,50,52,54,56,58,60,63,65,68,71,76,82]},{"timeSet":25,"dateRange":1,"harmonicAverageSpeed":46.0,"medianSpeed":54.0,"averageSpeed":54.3,"standardDeviationSpeed":18.4,"travelTimeStandardDeviation":1.2,"sampleSize":1895,"normalizedSampleSize":0.1873,"averageTravelTime":1.99,"medianTravelTime":1.7,"travelTimeRatio":0.99,"speedPercentiles":[25,32,35,38,41,44,47,49,52,54,57,59,61,64,67,70,73,77,84]}]}},{"type":"Feature","geometry":{"type":"LineString","coordinates":[[12.47092,41.94024],[12.47094,41.94012]]},"properties":{"segmentId":13800014505240,"newSegmentId":"cd6a3b75-1848-4336-a8e0-2fb8c3b1e06b","speedLimit":50,"frc":3,"streetName":"Corso di Francia","distance":13.1,"segmentTimeResults":[{"timeSet":2,"dateRange":1,"harmonicAverageSpeed":48.7,"medianSpeed":58.0,"averageSpeed":57.8,"standardDeviationSpeed":19.6,"travelTimeStandardDeviation":0.64,"sampleSize":734,"normalizedSampleSize":0.0726,"averageTravelTime":0.97,"medianTravelTime":0.81,"travelTimeRatio":1.0,"speedPercentiles":[27,33,38,41,44,47,50,53,55,58,60,62,65,68,70,73,78,83,90]},{"timeSet":3,"dateRange":1,"harmonicAverageSpeed":52.0,"medianSpeed":59.0,"averageSpeed":59.8,"standardDeviationSpeed":18.7,"travelTimeStandardDeviation":0.52,"sampleSize":406,"normalizedSampleSize":0.0401,"averageTravelTime":0.91,"medianTravelTime":0.8,"travelTimeRatio":0.94,"speedPercentiles":[29,37,40,45,48,51,53,55,57,59,61,63,65,69,72,73,77,84,94]},{"timeSet":4,"dateRange":1,"harmonicAverageSpeed":48.9,"medianSpeed":56.0,"averageSpeed":58.0,"standardDeviationSpeed":19.3,"travelTimeStandardDeviation":0.62,"sampleSize":169,"normalizedSampleSize":0.0167,"averageTravelTime":0.97,"medianTravelTime":0.84,"travelTimeRatio":1.0,"speedPercentiles":[25,34,37,42,47,49,51,53,55,56,59,63,65,68,71,75,77,81,89]},{"timeSet":5,"dateRange":1,"harmonicAverageSpeed":49.8,"medianSpeed":57.0,"averageSpeed":58.0,"standardDeviationSpeed":21.5,"travelTimeStandardDeviation":0.46,"sampleSize":120,"normalizedSampleSize":0.0119,"averageTravelTime":0.95,"medianTravelTime":0.83,"travelTimeRatio":0.98,"speedPercentiles":[25,33,38,41,44,46,49,51,53,57,59,62,66,68,69,72,75,79,89]},{"timeSet":6,"dateRange":1,"harmonicAverageSpeed":53.8,"medianSpeed":63.0,"averageSpeed":63.0,"standardDeviationSpeed":21.8,"travelTimeStandardDeviation":0.46,"sampleSize":203,"normalizedSampleSize":0.0201,"averageTravelTime":0.88,"medianTravelTime":0.75,"travelTimeRatio":0.91,"speedPercentiles":[28,37,41,44,48,50,55,58,61,63,65,68,72,74,76,80,84,87,92]},{"timeSet":7,"dateRange":1,"harmonicAverageSpeed":52.6,"medianSpeed":62.0,"averageSpeed":60.2,"standardDeviationSpeed":18.2,"travelTimeStandardDeviation":0.43,"sampleSize":801,"normalizedSampleSize":0.0792,"averageTravelTime":0.9,"medianTravelTime":0.76,"travelTimeRatio":0.93,"speedPercentiles":[27,36,40,43,48,52,55,58,59,62,64,67,68,71,73,75,78,82,87]},{"timeSet":8,"dateRange":1,"harmonicAverageSpeed":50.8,"medianSpeed":60.0,"averageSpeed":57.7,"standardDeviationSpeed":15.6,"travelTimeStandardDeviation":0.54,"sampleSize":2244,"normalizedSampleSize":0.2218,"averageTravelTime":0.93,"medianTravelTime":0.79,"travelTimeRatio":0.96,"speedPercentiles":[30,37,41,45,48,51,54,56,58,60,61,63,65,66,68,70,73,75,79]},{"timeSet":9,"dateRange":1,"harmonicAverageSpeed":42.0,"medianSpeed":47.0,"averageSpeed":46.9,"standardDeviationSpeed":12.6,"travelTimeStandardDeviation":0.56,"sampleSize":7083,"normalizedSampleSize":0.7002,"averageTravelTime":1.12,"medianTravelTime":1.0,"travelTimeRatio":1.16,"speedPercentiles":[25,31,35,38,40,42,43,44,46,47,49,50,52,53,55,57,59,62,67]},{"timeSet":10,"dateRange":1,"harmonicAverageSpeed":38.9,"medianSpeed":45.0,"averageSpeed":43.7,"standardDeviationSpeed":11.9,"travelTimeStandardDeviation":0.63,"sampleSize":8191,"normalizedSampleSize":0.8097,"averageTravelTime":1.21,"medianTravelTime":1.05,"travelTimeRatio":1.25,"speedPercentiles":[22,28,32,34,37,39,41,42,43,45,46,47,49,50,51,53,55,57,61]},{"timeSet":11,"dateRange":1,"harmonicAverageSpeed":40.9,"medianSpeed":46.0,"averageSpeed":45.7,"standardDeviationSpeed":12.4,"travelTimeStandardDeviation":0.58,"sampleSize":7042,"normalizedSampleSize":0.6961,"averageTravelTime":1.15,"medianTravelTime":1.03,"travelTimeRatio":1.19,"speedPercentiles":[24,30,33,36,38,40,42,43,45,46,48,49,51,52,54,56,58,61,64]},{"timeSet":12,"dateRange":1,"harmonicAverageSpeed":43.5,"medianSpeed":50.0,"averageSpeed":49.5,"standardDeviationSpeed":13.6,"travelTimeStandardDeviation":0.9,"sampleSize":5299,"normalizedSampleSize":0.5238,"averageTravelTime":1.09,"medianTravelTime":0.94,"travelTimeRatio":1.12,"speedPercentiles":[26,32,36,39,41,43,45,47,48,50,51,53,55,57,59,61,63,66,70]},{"timeSet":13,"dateRange":1,"harmonicAverageSpeed":43.5,"medianSpeed":51.0,"averageSpeed":50.1,"standardDeviationSpeed":14.3,"travelTimeStandardDeviation":0.88,"sampleSize":4697,"normalizedSampleSize":0.4643,"averageTravelTime":1.08,"medianTravelTime":0.92,"travelTimeRatio":1.12,"speedPercentiles":[26,32,36,39,41,43,45,47,49,51,53,54,56,58,60,62,65,67,72]},{"timeSet":14,"dateRange":1,"harmonicAverageSpeed":45.3,"medianSpeed":52.0,"averageSpeed":51.4,"standardDeviationSpeed":14.4,"travelTimeStandardDeviation":0.6,"sampleSize":4474,"normalizedSampleSize":0.4423,"averageTravelTime":1.04,"medianTravelTime":0.91,"travelTimeRatio":1.08,"speedPercentiles":[27,34,37,40,42,44,46,48,50,52,54,56,58,59,61,63,66,69,73]},{"timeSet":15,"dateRange":1,"harmonicAverageSpeed":44.4,"medianSpeed":51.0,"averageSpeed":50.8,"standardDeviationSpeed":14.4,"travelTimeStandardDeviation":0.73,"sampleSize":4841,"normalizedSampleSize":0.4785,"averageTravelTime":1.06,"medianTravelTime":0.92,"travelTimeRatio":1.1,"speedPercentiles":[26,33,36,39,42,44,46,48,50,51,53,55,57,59,61,63,65,68,73]},{"timeSet":16,"dateRange":1,"harmonicAverageSpeed":44.5,"medianSpeed":51.0,"averageSpeed":50.5,"standardDeviationSpeed":13.9,"travelTimeStandardDeviation":0.7,"sampleSize":5349,"normalizedSampleSize":0.5288,"averageTravelTime":1.06,"medianTravelTime":0.92,"travelTimeRatio":1.1,"speedPercentiles":[26,33,37,39,42,44,46,48,49,51,53,55,56,58,60,62,64,67,71]},{"timeSet":17,"dateRange":1,"harmonicAverageSpeed":42.5,"medianSpeed":48.0,"averageSpeed":47.8,"standardDeviationSpeed":12.9,"travelTimeStandardDeviation":0.65,"sampleSize":6495,"normalizedSampleSize":0.6421,"averageTravelTime":1.11,"medianTravelTime":0.98,"travelTimeRatio":1.15,"speedPercentiles":[25,32,35,38,40,42,43,45,47,48,50,51,53,55,57,58,60,63,67]},{"timeSet":18,"dateRange":1,"harmonicAverageSpeed":41.3,"medianSpeed":47.0,"averageSpeed":46.5,"standardDeviationSpeed":12.0,"travelTimeStandardDeviation":0.87,"sampleSize":6360,"normalizedSampleSize":0.6287,"averageTravelTime":1.14,"medianTravelTime":1.0,"travelTimeRatio":1.18,"speedPercentiles":[25,31,35,37,40,42,43,44,46,47,49,50,51,53,54,56,58,60,65]},{"timeSet":19,"dateRange":1,"harmonicAverageSpeed":40.7,"medianSpeed":45.0,"averageSpeed":44.8,"standardDeviationSpeed":11.3,"travelTimeStandardDeviation":0.66,"sampleSize":6663,"normalizedSampleSize":0.6587,"averageTravelTime":1.16,"medianTravelTime":1.05,"travelTimeRatio":1.2,"speedPercentiles":[25,31,34,36,38,40,42,43,44,45,47,48,49,50,52,54,55,58,62]},{"timeSet":20,"dateRange":1,"harmonicAverageSpeed":40.7,"medianSpeed":46.0,"averageSpeed":45.6,"standardDeviationSpeed":11.7,"travelTimeStandardDeviation":1.35,"sampleSize":5960,"normalizedSampleSize":0.5892,"averageTravelTime":1.16,"medianTravelTime":1.03,"travelTimeRatio":1.2,"speedPercentiles":[25,31,35,37,39,40,42,43,45,46,47,49,50,52,53,55,57,59,64]},{"timeSet":21,"dateRange":1,"harmonicAverageSpeed":41.9,"medianSpeed":48.0,"averageSpeed":47.3,"standardDeviationSpeed":11.8,"travelTimeStandardDeviation":1.89,"sampleSize":5561,"normalizedSampleSize":0.5497,"averageTravelTime":1.12,"medianTravelTime":0.98,"travelTimeRatio":1.16,"speedPercentiles":[27,33,36,38,40,42,44,45,46,48,49,50,52,53,55,56,59,62,66]},{"timeSet":22,"dateRange":1,"harmonicAverageSpeed":44.8,"medianSpeed":51.0,"averageSpeed":50.1,"standardDeviationSpeed":13.3,"travelTimeStandardDeviation":0.58,"sampleSize":4615,"normalizedSampleSize":0.4562,"averageTravelTime":1.05,"medianTravelTime":0.92,"travelTimeRatio":1.09,"speedPercentiles":[27,34,37,40,42,44,46,48,49,51,52,54,55,57,59,61,63,66,70]},{"timeSet":23,"dateRange":1,"harmonicAverageSpeed":47.8,"medianSpeed":56.0,"averageSpeed":55.4,"standardDeviationSpeed":17.2,"travelTimeStandardDeviation":0.62,"sampleSize":2371,"normalizedSampleSize":0.2344,"averageTravelTime":0.99,"medianTravelTime":0.84,"travelTimeRatio":1.02,"speedPercentiles":[28,34,38,41,44,46,49,51,54,56,57,59,62,64,67,69,73,76,83]},{"timeSet":24,"dateRange":1,"harmonicAverageSpeed":44.0,"medianSpeed":55.0,"averageSpeed":55.2,"standardDeviationSpeed":17.6,"travelTimeStandardDeviation":1.83,"sampleSize":2039,"normalizedSampleSize":0.2016,"averageTravelTime":1.07,"medianTravelTime":0.86,"travelTimeRatio":1.11,"speedPercentiles":[25,34,39,41,44,46,49,51,53,55,57,59,61,63,66,69,72,77,83]},{"timeSet":25,"dateRange":1,"harmonicAverageSpeed":48.5,"medianSpeed":55.0,"averageSpeed":55.9,"standardDeviationSpeed":17.8,"travelTimeStandardDeviation":0.56,"sampleSize":1901,"normalizedSampleSize":0.1879,"averageTravelTime":0.97,"medianTravelTime":0.86,"travelTimeRatio":1.01,"speedPercentiles":[27,34,38,41,44,47,48,51,53,55,57,60,62,65,68,71,74,78,86]}]}},{"type":"Feature","geometry":{"type":"LineString","coordinates":[[12.47094,41.94012],[12.47108,41.93934]]},"properties":{"segmentId":13800014505241,"newSegmentId":"f1e03f97-0d51-40f8-bca5-11b6cf6d6661","speedLimit":50,"frc":3,"streetName":"Corso di Francia","distance":88.05,"segmentTimeResults":[{"timeSet":2,"dateRange":1,"harmonicAverageSpeed":53.1,"medianSpeed":61.0,"averageSpeed":60.8,"standardDeviationSpeed":19.1,"travelTimeStandardDeviation":2.99,"sampleSize":730,"normalizedSampleSize":0.0722,"averageTravelTime":5.97,"medianTravelTime":5.2,"travelTimeRatio":1.0,"speedPercentiles":[31,37,41,45,48,51,54,56,59,61,63,65,67,70,72,75,79,85,93]},{"timeSet":3,"dateRange":1,"harmonicAverageSpeed":54.2,"medianSpeed":61.0,"averageSpeed":61.7,"standardDeviationSpeed":18.7,"travelTimeStandardDeviation":3.32,"sampleSize":404,"normalizedSampleSize":0.0399,"averageTravelTime":5.85,"medianTravelTime":5.2,"travelTimeRatio":0.98,"speedPercentiles":[32,38,42,47,51,53,55,57,60,61,63,65,67,70,73,75,79,85,95]},{"timeSet":4,"dateRange":1,"harmonicAverageSpeed":54.5,"medianSpeed":59.0,"averageSpeed":60.8,"standardDeviationSpeed":18.5,"travelTimeStandardDeviation":2.22,"sampleSize":167,"normalizedSampleSize":0.0165,"averageTravelTime":5.82,"medianTravelTime":5.37,"travelTimeRatio":0.97,"speedPercentiles":[31,36,43,45,47,52,54,55,57,59,63,64,66,70,75,77,81,82,94]},{"timeSet":5,"dateRange":1,"harmonicAverageSpeed":53.5,"medianSpeed":59.0,"averageSpeed":60.5,"standardDeviationSpeed":20.8,"travelTimeStandardDeviation":2.39,"sampleSize":120,"normalizedSampleSize":0.0119,"averageTravelTime":5.93,"medianTravelTime":5.37,"travelTimeRatio":0.99,"speedPercentiles":[27,37,39,43,48,50,53,55,56,59,61,63,66,68,71,74,78,82,89]},{"timeSet":6,"dateRange":1,"harmonicAverageSpeed":55.3,"medianSpeed":65.0,"averageSpeed":64.3,"standardDeviationSpeed":22.3,"travelTimeStandardDeviation":2.75,"sampleSize":203,"normalizedSampleSize":0.0201,"averageTravelTime":5.74,"medianTravelTime":4.88,"travelTimeRatio":0.96,"speedPercentiles":[28,35,42,46,49,52,56,59,63,65,67,70,73,75,77,82,86,90,97]},{"timeSet":7,"dateRange":1,"harmonicAverageSpeed":54.9,"medianSpeed":64.0,"averageSpeed":62.2,"standardDeviationSpeed":18.2,"travelTimeStandardDeviation":2.65,"sampleSize":798,"normalizedSampleSize":0.0789,"averageTravelTime":5.77,"medianTravelTime":4.95,"travelTimeRatio":0.97,"speedPercentiles":[29,37,41,46,50,54,58,60,62,64,66,68,71,73,75,77,80,84,88]},{"timeSet":8,"dateRange":1,"harmonicAverageSpeed":52.0,"medianSpeed":61.0,"averageSpeed":58.9,"standardDeviationSpeed":15.6,"travelTimeStandardDeviation":4.3,"sampleSize":2239,"normalizedSampleSize":0.2213,"averageTravelTime":6.09,"medianTravelTime":5.2,"travelTimeRatio":1.02,"speedPercentiles":[31,38,42,46,49,52,55,57,59,61,63,64,66,68,70,72,74,76,80]},{"timeSet":9,"dateRange":1,"harmonicAverageSpeed":41.8,"medianSpeed":46.0,"averageSpeed":46.6,"standardDeviationSpeed":12.8,"travelTimeStandardDeviation":4.43,"sampleSize":7046,"normalizedSampleSize":0.6965,"averageTravelTime":7.59,"medianTravelTime":6.89,"travelTimeRatio":1.27,"speedPercentiles":[26,31,34,36,38,40,41,43,45,46,48,50,52,54,55,57,60,62,67]},{"timeSet":10,"dateRange":1,"harmonicAverageSpeed":38.4,"medianSpeed":43.0,"averageSpeed":43.2,"standardDeviationSpeed":11.9,"travelTimeStandardDeviation":5.16,"sampleSize":8157,"normalizedSampleSize":0.8063,"averageTravelTime":8.25,"medianTravelTime":7.37,"travelTimeRatio":1.38,"speedPercentiles":[23,28,32,34,36,37,39,40,42,43,45,46,48,50,51,53,55,58,62]},{"timeSet":11,"dateRange":1,"harmonicAverageSpeed":40.3,"medianSpeed":45.0,"averageSpeed":45.3,"standardDeviationSpeed":12.5,"travelTimeStandardDeviation":5.7,"sampleSize":7005,"normalizedSampleSize":0.6925,"averageTravelTime":7.87,"medianTravelTime":7.04,"travelTimeRatio":1.32,"speedPercentiles":[25,30,33,35,37,39,40,42,43,45,47,49,50,52,54,56,58,61,65]},{"timeSet":12,"dateRange":1,"harmonicAverageSpeed":43.6,"medianSpeed":51.0,"averageSpeed":49.9,"standardDeviationSpeed":13.7,"travelTimeStandardDeviation":6.5,"sampleSize":5293,"normalizedSampleSize":0.5232,"averageTravelTime":7.28,"medianTravelTime":6.22,"travelTimeRatio":1.22,"speedPercentiles":[27,33,36,38,41,43,45,47,49,51,52,54,56,58,59,61,64,67,71]},{"timeSet":13,"dateRange":1,"harmonicAverageSpeed":44.9,"medianSpeed":52.0,"averageSpeed":51.0,"standardDeviationSpeed":14.5,"travelTimeStandardDeviation":4.89,"sampleSize":4675,"normalizedSampleSize":0.4621,"averageTravelTime":7.07,"medianTravelTime":6.1,"travelTimeRatio":1.18,"speedPercentiles":[27,33,36,39,41,43,45,47,50,52,54,56,58,59,61,63,66,69,73]},{"timeSet":14,"dateRange":1,"harmonicAverageSpeed":44.9,"medianSpeed":53.0,"averageSpeed":52.3,"standardDeviationSpeed":14.9,"travelTimeStandardDeviation":6.27,"sampleSize":4454,"normalizedSampleSize":0.4403,"averageTravelTime":7.06,"medianTravelTime":5.98,"travelTimeRatio":1.18,"speedPercentiles":[27,34,37,40,42,45,47,49,51,53,55,57,59,61,63,65,67,70,75]},{"timeSet":15,"dateRange":1,"harmonicAverageSpeed":45.3,"medianSpeed":53.0,"averageSpeed":51.8,"standardDeviationSpeed":14.6,"travelTimeStandardDeviation":5.39,"sampleSize":4824,"normalizedSampleSize":0.4769,"averageTravelTime":7.0,"medianTravelTime":5.98,"travelTimeRatio":1.17,"speedPercentiles":[27,33,37,39,42,44,47,49,51,53,54,56,58,60,62,64,67,70,74]},{"timeSet":16,"dateRange":1,"harmonicAverageSpeed":45.0,"medianSpeed":52.0,"averageSpeed":51.2,"standardDeviationSpeed":14.1,"travelTimeStandardDeviation":5.19,"sampleSize":5319,"normalizedSampleSize":0.5258,"averageTravelTime":7.05,"medianTravelTime":6.1,"travelTimeRatio":1.18,"speedPercentiles":[27,33,37,39,42,44,46,48,50,52,54,56,58,59,61,63,65,68,73]},{"timeSet":17,"dateRange":1,"harmonicAverageSpeed":42.3,"medianSpeed":49.0,"averageSpeed":48.1,"standardDeviationSpeed":13.2,"travelTimeStandardDeviation":6.55,"sampleSize":6479,"normalizedSampleSize":0.6405,"averageTravelTime":7.49,"medianTravelTime":6.47,"travelTimeRatio":1.25,"speedPercentiles":[26,32,35,37,39,41,43,45,47,49,50,52,54,55,57,59,61,64,68]},{"timeSet":18,"dateRange":1,"harmonicAverageSpeed":41.2,"medianSpeed":46.0,"averageSpeed":46.1,"standardDeviationSpeed":12.2,"travelTimeStandardDeviation":5.37,"sampleSize":6329,"normalizedSampleSize":0.6256,"averageTravelTime":7.69,"medianTravelTime":6.89,"travelTimeRatio":1.29,"speedPercentiles":[26,31,34,36,38,40,41,43,45,46,48,50,51,53,55,56,58,61,65]},{"timeSet":19,"dateRange":1,"harmonicAverageSpeed":39.7,"medianSpeed":43.0,"averageSpeed":43.9,"standardDeviationSpeed":11.5,"travelTimeStandardDeviation":4.36,"sampleSize":6637,"normalizedSampleSize":0.6561,"averageTravelTime":7.98,"medianTravelTime":7.37,"travelTimeRatio":1.34,"speedPercentiles":[25,30,33,35,36,38,39,41,42,43,45,47,48,50,52,54,56,58,62]},{"timeSet":20,"dateRange":1,"harmonicAverageSpeed":40.0,"medianSpeed":45.0,"averageSpeed":44.9,"standardDeviationSpeed":12.0,"travelTimeStandardDeviation":5.85,"sampleSize":5922,"normalizedSampleSize":0.5854,"averageTravelTime":7.93,"medianTravelTime":7.04,"travelTimeRatio":1.33,"speedPercentiles":[26,31,33,35,37,39,40,42,43,45,46,48,49,51,53,55,57,60,64]},{"timeSet":21,"dateRange":1,"harmonicAverageSpeed":42.3,"medianSpeed":47.0,"averageSpeed":46.9,"standardDeviationSpeed":12.2,"travelTimeStandardDeviation":4.43,"sampleSize":5530,"normalizedSampleSize":0.5467,"averageTravelTime":7.49,"medianTravelTime":6.74,"travelTimeRatio":1.25,"speedPercentiles":[28,33,35,37,39,41,42,44,45,47,48,50,52,53,55,57,59,62,67]},{"timeSet":22,"dateRange":1,"harmonicAverageSpeed":45.2,"medianSpeed":51.0,"averageSpeed":50.5,"standardDeviationSpeed":13.6,"travelTimeStandardDeviation":4.25,"sampleSize":4600,"normalizedSampleSize":0.4547,"averageTravelTime":7.02,"medianTravelTime":6.22,"travelTimeRatio":1.18,"speedPercentiles":[28,34,37,39,41,43,45,47,49,51,53,54,56,58,59,61,64,67,71]},{"timeSet":23,"dateRange":1,"harmonicAverageSpeed":48.7,"medianSpeed":57.0,"averageSpeed":56.5,"standardDeviationSpeed":17.4,"travelTimeStandardDeviation":4.83,"sampleSize":2365,"normalizedSampleSize":0.2338,"averageTravelTime":6.51,"medianTravelTime":5.56,"travelTimeRatio":1.09,"speedPercentiles":[28,35,38,41,44,47,50,53,55,57,59,61,63,66,68,71,74,78,84]},{"timeSet":24,"dateRange":1,"harmonicAverageSpeed":48.2,"medianSpeed":56.0,"averageSpeed":56.3,"standardDeviationSpeed":17.5,"travelTimeStandardDeviation":4.72,"sampleSize":2031,"normalizedSampleSize":0.2008,"averageTravelTime":6.57,"medianTravelTime":5.66,"travelTimeRatio":1.1,"speedPercentiles":[28,36,39,42,45,48,50,52,54,56,58,60,62,65,68,70,73,78,83]},{"timeSet":25,"dateRange":1,"harmonicAverageSpeed":48.8,"medianSpeed":57.0,"averageSpeed":57.1,"standardDeviationSpeed":18.0,"travelTimeStandardDeviation":5.57,"sampleSize":1891,"normalizedSampleSize":0.1869,"averageTravelTime":6.5,"medianTravelTime":5.56,"travelTimeRatio":1.09,"speedPercentiles":[29,35,39,42,44,47,50,53,55,57,59,61,64,66,69,71,75,79,87]}]}},{"type":"Feature","geometry":{"type":"LineString","coordinates":[[12.47108,41.93934],[12.47111,41.93918]]},"properties":{"segmentId":13800007290273,"newSegmentId":"00004931-3600-0400-0000-0000015f88a4","speedLimit":50,"frc":3,"streetName":"Corso di Francia","distance":17.31,"segmentTimeResults":[{"timeSet":2,"dateRange":1,"harmonicAverageSpeed":57.3,"medianSpeed":64.0,"averageSpeed":64.4,"standardDeviationSpeed":19.0,"travelTimeStandardDeviation":0.5,"sampleSize":737,"normalizedSampleSize":0.0729,"averageTravelTime":1.09,"medianTravelTime":0.97,"travelTimeRatio":1.0,"speedPercentiles":[33,41,47,49,53,55,57,60,63,64,66,68,70,72,75,78,83,89,96]},{"timeSet":3,"dateRange":1,"harmonicAverageSpeed":58.4,"medianSpeed":64.0,"averageSpeed":65.2,"standardDeviationSpeed":18.3,"travelTimeStandardDeviation":0.55,"sampleSize":409,"normalizedSampleSize":0.0404,"averageTravelTime":1.07,"medianTravelTime":0.97,"travelTimeRatio":0.98,"speedPercentiles":[35,45,48,52,55,56,58,60,62,64,66,69,71,72,75,78,81,88,98]},{"timeSet":4,"dateRange":1,"harmonicAverageSpeed":58.2,"medianSpeed":63.0,"averageSpeed":64.3,"standardDeviationSpeed":18.6,"travelTimeStandardDeviation":0.4,"sampleSize":168,"normalizedSampleSize":0.0166,"averageTravelTime":1.07,"medianTravelTime":0.99,"travelTimeRatio":0.99,"speedPercentiles":[37,41,46,49,51,55,57,59,62,63,66,67,68,73,75,79,82,90,97]},{"timeSet":5,"dateRange":1,"harmonicAverageSpeed":57.9,"medianSpeed":63.0,"averageSpeed":64.1,"standardDeviationSpeed":19.8,"travelTimeStandardDeviation":0.39,"sampleSize":120,"normalizedSampleSize":0.0119,"averageTravelTime":1.08,"medianTravelTime":0.99,"travelTimeRatio":0.99,"speedPercentiles":[33,43,45,48,53,55,57,59,60,63,65,67,69,71,75,77,79,86,94]},{"timeSet":6,"dateRange":1,"harmonicAverageSpeed":37.1,"medianSpeed":67.0,"averageSpeed":66.7,"standardDeviationSpeed":22.2,"travelTimeStandardDeviation":8.82,"sampleSize":205,"normalizedSampleSize":0.0203,"averageTravelTime":1.68,"medianTravelTime":0.93,"travelTimeRatio":1.55,"speedPercentiles":[33,39,46,49,51,55,59,63,65,67,70,72,74,76,79,85,88,91,100]},{"timeSet":7,"dateRange":1,"harmonicAverageSpeed":57.7,"medianSpeed":67.0,"averageSpeed":65.0,"standardDeviationSpeed":18.2,"travelTimeStandardDeviation":0.5,"sampleSize":798,"normalizedSampleSize":0.0789,"averageTravelTime":1.08,"medianTravelTime":0.93,"travelTimeRatio":0.99,"speedPercentiles":[29,40,46,50,54,58,60,63,65,67,69,71,73,75,77,79,83,87,92]},{"timeSet":8,"dateRange":1,"harmonicAverageSpeed":55.0,"medianSpeed":63.0,"averageSpeed":61.4,"standardDeviationSpeed":15.5,"travelTimeStandardDeviation":0.63,"sampleSize":2243,"normalizedSampleSize":0.2217,"averageTravelTime":1.13,"medianTravelTime":0.99,"travelTimeRatio":1.04,"speedPercentiles":[34,40,45,49,52,56,58,60,62,63,65,67,69,70,72,74,76,78,82]},{"timeSet":9,"dateRange":1,"harmonicAverageSpeed":46.0,"medianSpeed":51.0,"averageSpeed":50.8,"standardDeviationSpeed":13.4,"travelTimeStandardDeviation":0.63,"sampleSize":7101,"normalizedSampleSize":0.702,"averageTravelTime":1.36,"medianTravelTime":1.22,"travelTimeRatio":1.25,"speedPercentiles":[28,34,37,40,43,44,46,48,50,51,53,55,56,58,60,62,64,67,72]},{"timeSet":10,"dateRange":1,"harmonicAverageSpeed":42.0,"medianSpeed":48.0,"averageSpeed":47.3,"standardDeviationSpeed":13.1,"travelTimeStandardDeviation":1.12,"sampleSize":8245,"normalizedSampleSize":0.815,"averageTravelTime":1.48,"medianTravelTime":1.3,"travelTimeRatio":1.37,"speedPercentiles":[24,30,34,37,39,41,43,45,46,48,49,51,52,54,56,58,60,63,68]},{"timeSet":11,"dateRange":1,"harmonicAverageSpeed":42.6,"medianSpeed":50.0,"averageSpeed":48.9,"standardDeviationSpeed":13.4,"travelTimeStandardDeviation":3.07,"sampleSize":7074,"normalizedSampleSize":0.6993,"averageTravelTime":1.46,"medianTravelTime":1.25,"travelTimeRatio":1.35,"speedPercentiles":[25,32,35,38,40,42,44,46,48,50,51,53,54,56,58,60,62,65,70]},{"timeSet":12,"dateRange":1,"harmonicAverageSpeed":47.8,"medianSpeed":54.0,"averageSpeed":53.4,"standardDeviationSpeed":13.7,"travelTimeStandardDeviation":1.02,"sampleSize":5346,"normalizedSampleSize":0.5285,"averageTravelTime":1.3,"medianTravelTime":1.15,"travelTimeRatio":1.2,"speedPercentiles":[30,35,39,42,45,47,49,51,52,54,56,58,59,61,63,65,67,70,74]},{"timeSet":13,"dateRange":1,"harmonicAverageSpeed":47.9,"medianSpeed":56.0,"averageSpeed":54.6,"standardDeviationSpeed":14.9,"travelTimeStandardDeviation":1.44,"sampleSize":4692,"normalizedSampleSize":0.4638,"averageTravelTime":1.3,"medianTravelTime":1.11,"travelTimeRatio":1.2,"speedPercentiles":[28,35,39,43,45,48,50,52,54,56,58,60,61,63,65,67,69,72,76]},{"timeSet":14,"dateRange":1,"harmonicAverageSpeed":47.5,"medianSpeed":57.0,"averageSpeed":55.7,"standardDeviationSpeed":14.9,"travelTimeStandardDeviation":3.1,"sampleSize":4501,"normalizedSampleSize":0.4449,"averageTravelTime":1.31,"medianTravelTime":1.09,"travelTimeRatio":1.21,"speedPercentiles":[29,36,41,44,47,49,51,54,55,57,59,61,62,64,66,68,70,73,78]},{"timeSet":15,"dateRange":1,"harmonicAverageSpeed":49.2,"medianSpeed":57.0,"averageSpeed":55.3,"standardDeviationSpeed":14.8,"travelTimeStandardDeviation":0.78,"sampleSize":4869,"normalizedSampleSize":0.4813,"averageTravelTime":1.27,"medianTravelTime":1.09,"travelTimeRatio":1.16,"speedPercentiles":[28,36,40,44,46,49,51,53,55,57,58,60,61,63,65,67,70,73,77]},{"timeSet":16,"dateRange":1,"harmonicAverageSpeed":48.6,"medianSpeed":56.0,"averageSpeed":54.8,"standardDeviationSpeed":14.3,"travelTimeStandardDeviation":1.19,"sampleSize":5357,"normalizedSampleSize":0.5296,"averageTravelTime":1.28,"medianTravelTime":1.11,"travelTimeRatio":1.18,"speedPercentiles":[29,36,40,44,46,48,51,52,54,56,58,60,61,63,65,66,69,72,76]},{"timeSet":17,"dateRange":1,"harmonicAverageSpeed":46.8,"medianSpeed":53.0,"averageSpeed":51.9,"standardDeviationSpeed":13.6,"travelTimeStandardDeviation":0.75,"sampleSize":6542,"normalizedSampleSize":0.6467,"averageTravelTime":1.33,"medianTravelTime":1.18,"travelTimeRatio":1.22,"speedPercentiles":[29,35,38,41,44,46,48,49,51,53,54,56,57,59,61,63,65,68,73]},{"timeSet":18,"dateRange":1,"harmonicAverageSpeed":44.4,"medianSpeed":50.0,"averageSpeed":49.9,"standardDeviationSpeed":13.4,"travelTimeStandardDeviation":0.98,"sampleSize":6391,"normalizedSampleSize":0.6318,"averageTravelTime":1.4,"medianTravelTime":1.25,"travelTimeRatio":1.29,"speedPercentiles":[26,33,37,40,42,44,46,47,49,50,52,53,55,57,59,61,63,66,70]},{"timeSet":19,"dateRange":1,"harmonicAverageSpeed":43.1,"medianSpeed":48.0,"averageSpeed":48.2,"standardDeviationSpeed":13.1,"travelTimeStandardDeviation":0.85,"sampleSize":6694,"normalizedSampleSize":0.6617,"averageTravelTime":1.45,"medianTravelTime":1.3,"travelTimeRatio":1.33,"speedPercentiles":[26,32,35,38,40,42,44,45,47,48,50,51,53,55,57,59,61,64,69]},{"timeSet":20,"dateRange":1,"harmonicAverageSpeed":43.7,"medianSpeed":49.0,"averageSpeed":48.8,"standardDeviationSpeed":13.0,"travelTimeStandardDeviation":1.06,"sampleSize":5972,"normalizedSampleSize":0.5904,"averageTravelTime":1.42,"medianTravelTime":1.27,"travelTimeRatio":1.31,"speedPercentiles":[27,32,35,38,40,42,44,46,48,49,51,52,54,56,57,59,61,65,70]},{"timeSet":21,"dateRange":1,"harmonicAverageSpeed":43.7,"medianSpeed":51.0,"averageSpeed":50.5,"standardDeviationSpeed":13.3,"travelTimeStandardDeviation":2.53,"sampleSize":5584,"normalizedSampleSize":0.552,"averageTravelTime":1.43,"medianTravelTime":1.22,"travelTimeRatio":1.31,"speedPercentiles":[29,34,37,40,42,44,46,48,49,51,52,54,56,57,59,61,64,67,72]},{"timeSet":22,"dateRange":1,"harmonicAverageSpeed":48.1,"medianSpeed":54.0,"averageSpeed":53.7,"standardDeviationSpeed":14.1,"travelTimeStandardDeviation":0.78,"sampleSize":4636,"normalizedSampleSize":0.4583,"averageTravelTime":1.29,"medianTravelTime":1.15,"travelTimeRatio":1.19,"speedPercentiles":[29,36,40,43,45,47,49,51,52,54,56,57,59,61,63,65,67,70,75]},{"timeSet":23,"dateRange":1,"harmonicAverageSpeed":51.6,"medianSpeed":60.0,"averageSpeed":59.3,"standardDeviationSpeed":17.4,"travelTimeStandardDeviation":0.81,"sampleSize":2385,"normalizedSampleSize":0.2358,"averageTravelTime":1.21,"medianTravelTime":1.04,"travelTimeRatio":1.11,"speedPercentiles":[29,37,42,45,49,52,54,56,58,60,62,64,66,68,70,73,77,80,86]},{"timeSet":24,"dateRange":1,"harmonicAverageSpeed":52.5,"medianSpeed":59.0,"averageSpeed":59.3,"standardDeviationSpeed":17.3,"travelTimeStandardDeviation":0.6,"sampleSize":2052,"normalizedSampleSize":0.2028,"averageTravelTime":1.19,"medianTravelTime":1.06,"travelTimeRatio":1.09,"speedPercentiles":[30,38,42,46,48,51,53,56,58,59,61,63,65,68,70,73,76,80,86]},{"timeSet":25,"dateRange":1,"harmonicAverageSpeed":49.0,"medianSpeed":60.0,"averageSpeed":60.0,"standardDeviationSpeed":17.6,"travelTimeStandardDeviation":4.12,"sampleSize":1913,"normalizedSampleSize":0.1891,"averageTravelTime":1.27,"medianTravelTime":1.04,"travelTimeRatio":1.17,"speedPercentiles":[31,38,43,46,49,52,54,56,58,60,62,64,66,68,71,73,77,82,89]}]}},{"type":"Feature","geometry":{"type":"LineString","coordinates":[[12.47111,41.93918],[12.47115,41.93896]]},"properties":{"segmentId":13800011255483,"newSegmentId":"be9e9f94-2c9d-4ce2-a8a5-39711d39cbd7","speedLimit":50,"frc":3,"streetName":"Corso di Francia","distance":24.68,"segmentTimeResults":[{"timeSet":2,"dateRange":1,"harmonicAverageSpeed":58.0,"medianSpeed":65.0,"averageSpeed":64.8,"standardDeviationSpeed":19.0,"travelTimeStandardDeviation":0.67,"sampleSize":738,"normalizedSampleSize":0.073,"averageTravelTime":1.53,"medianTravelTime":1.37,"travelTimeRatio":1.0,"speedPercentiles":[33,41,47,50,53,55,57,60,63,65,67,69,71,73,75,79,83,90,96]},{"timeSet":3,"dateRange":1,"harmonicAverageSpeed":58.9,"medianSpeed":64.0,"averageSpeed":65.4,"standardDeviationSpeed":18.3,"travelTimeStandardDeviation":0.76,"sampleSize":408,"normalizedSampleSize":0.0403,"averageTravelTime":1.51,"medianTravelTime":1.39,"travelTimeRatio":0.99,"speedPercentiles":[37,45,49,52,54,56,58,60,62,64,66,69,71,73,76,79,81,90,99]},{"timeSet":4,"dateRange":1,"harmonicAverageSpeed":58.2,"medianSpeed":64.0,"averageSpeed":64.5,"standardDeviationSpeed":18.9,"travelTimeStandardDeviation":0.57,"sampleSize":170,"normalizedSampleSize":0.0168,"averageTravelTime":1.53,"medianTravelTime":1.39,"travelTimeRatio":1.0,"speedPercentiles":[37,42,46,48,50,53,56,58,62,64,67,68,69,73,77,81,83,90,98]},{"timeSet":5,"dateRange":1,"harmonicAverageSpeed":58.3,"medianSpeed":63.0,"averageSpeed":64.4,"standardDeviationSpeed":19.7,"travelTimeStandardDeviation":0.55,"sampleSize":121,"normalizedSampleSize":0.012,"averageTravelTime":1.52,"medianTravelTime":1.41,"travelTimeRatio":0.99,"speedPercentiles":[37,43,46,50,53,55,57,59,60,63,65,68,69,71,76,77,81,86,94]},{"timeSet":6,"dateRange":1,"harmonicAverageSpeed":58.6,"medianSpeed":67.0,"averageSpeed":67.0,"standardDeviationSpeed":21.8,"travelTimeStandardDeviation":0.69,"sampleSize":205,"normalizedSampleSize":0.0203,"averageTravelTime":1.52,"medianTravelTime":1.33,"travelTimeRatio":0.99,"speedPercentiles":[34,39,46,49,51,55,59,62,65,67,70,72,75,76,79,85,89,92,100]},{"timeSet":7,"dateRange":1,"harmonicAverageSpeed":58.2,"medianSpeed":68.0,"averageSpeed":65.5,"standardDeviationSpeed":18.5,"travelTimeStandardDeviation":0.69,"sampleSize":798,"normalizedSampleSize":0.0789,"averageTravelTime":1.53,"medianTravelTime":1.31,"travelTimeRatio":1.0,"speedPercentiles":[30,40,45,50,55,58,61,63,65,68,70,72,74,76,78,81,83,87,92]},{"timeSet":8,"dateRange":1,"harmonicAverageSpeed":55.6,"medianSpeed":63.0,"averageSpeed":61.5,"standardDeviationSpeed":15.6,"travelTimeStandardDeviation":0.77,"sampleSize":2243,"normalizedSampleSize":0.2217,"averageTravelTime":1.6,"medianTravelTime":1.41,"travelTimeRatio":1.04,"speedPercentiles":[34,40,45,49,53,56,58,60,62,63,65,67,69,71,72,74,76,79,83]},{"timeSet":9,"dateRange":1,"harmonicAverageSpeed":46.3,"medianSpeed":51.0,"averageSpeed":50.9,"standardDeviationSpeed":13.3,"travelTimeStandardDeviation":0.83,"sampleSize":7107,"normalizedSampleSize":0.7026,"averageTravelTime":1.92,"medianTravelTime":1.74,"travelTimeRatio":1.25,"speedPercentiles":[28,34,38,40,42,44,46,48,50,51,53,55,56,58,60,62,64,67,72]},{"timeSet":10,"dateRange":1,"harmonicAverageSpeed":42.7,"medianSpeed":48.0,"averageSpeed":47.5,"standardDeviationSpeed":13.1,"travelTimeStandardDeviation":1.14,"sampleSize":8252,"normalizedSampleSize":0.8157,"averageTravelTime":2.08,"medianTravelTime":1.85,"travelTimeRatio":1.36,"speedPercentiles":[25,30,34,37,39,41,43,45,46,48,49,51,52,54,56,58,60,64,69]},{"timeSet":11,"dateRange":1,"harmonicAverageSpeed":44.1,"medianSpeed":50.0,"averageSpeed":49.0,"standardDeviationSpeed":13.3,"travelTimeStandardDeviation":1.11,"sampleSize":7085,"normalizedSampleSize":0.7004,"averageTravelTime":2.02,"medianTravelTime":1.78,"travelTimeRatio":1.32,"speedPercentiles":[26,32,35,38,40,42,44,46,48,50,51,53,54,56,58,60,62,66,70]},{"timeSet":12,"dateRange":1,"harmonicAverageSpeed":48.1,"medianSpeed":54.0,"averageSpeed":53.6,"standardDeviationSpeed":13.7,"travelTimeStandardDeviation":1.68,"sampleSize":5365,"normalizedSampleSize":0.5303,"averageTravelTime":1.85,"medianTravelTime":1.65,"travelTimeRatio":1.21,"speedPercentiles":[30,36,39,42,45,47,49,51,53,54,56,58,59,61,63,65,67,70,74]},{"timeSet":13,"dateRange":1,"harmonicAverageSpeed":48.8,"medianSpeed":56.0,"averageSpeed":54.8,"standardDeviationSpeed":14.9,"travelTimeStandardDeviation":1.2,"sampleSize":4700,"normalizedSampleSize":0.4646,"averageTravelTime":1.82,"medianTravelTime":1.59,"travelTimeRatio":1.19,"speedPercentiles":[29,35,39,43,45,48,50,52,54,56,58,60,61,63,65,67,70,73,77]},{"timeSet":14,"dateRange":1,"harmonicAverageSpeed":49.3,"medianSpeed":57.0,"averageSpeed":55.9,"standardDeviationSpeed":15.0,"travelTimeStandardDeviation":1.24,"sampleSize":4511,"normalizedSampleSize":0.4459,"averageTravelTime":1.8,"medianTravelTime":1.56,"travelTimeRatio":1.18,"speedPercentiles":[29,37,41,44,47,49,51,54,56,57,59,61,62,64,66,68,70,74,78]},{"timeSet":15,"dateRange":1,"harmonicAverageSpeed":49.9,"medianSpeed":57.0,"averageSpeed":55.5,"standardDeviationSpeed":14.8,"travelTimeStandardDeviation":0.86,"sampleSize":4878,"normalizedSampleSize":0.4822,"averageTravelTime":1.78,"medianTravelTime":1.56,"travelTimeRatio":1.16,"speedPercentiles":[29,36,40,44,46,49,51,53,55,57,58,60,62,64,65,68,70,73,77]},{"timeSet":16,"dateRange":1,"harmonicAverageSpeed":49.4,"medianSpeed":56.0,"averageSpeed":54.9,"standardDeviationSpeed":14.4,"travelTimeStandardDeviation":1.01,"sampleSize":5378,"normalizedSampleSize":0.5316,"averageTravelTime":1.8,"medianTravelTime":1.59,"travelTimeRatio":1.17,"speedPercentiles":[29,36,40,43,46,48,50,52,54,56,58,60,61,63,65,67,69,72,76]},{"timeSet":17,"dateRange":1,"harmonicAverageSpeed":47.2,"medianSpeed":53.0,"averageSpeed":52.1,"standardDeviationSpeed":13.6,"travelTimeStandardDeviation":0.91,"sampleSize":6553,"normalizedSampleSize":0.6478,"averageTravelTime":1.88,"medianTravelTime":1.68,"travelTimeRatio":1.23,"speedPercentiles":[29,35,38,41,44,45,48,49,51,53,54,56,57,59,61,63,65,69,73]},{"timeSet":18,"dateRange":1,"harmonicAverageSpeed":44.6,"medianSpeed":50.0,"averageSpeed":49.9,"standardDeviationSpeed":13.4,"travelTimeStandardDeviation":1.29,"sampleSize":6401,"normalizedSampleSize":0.6328,"averageTravelTime":1.99,"medianTravelTime":1.78,"travelTimeRatio":1.3,"speedPercentiles":[27,33,37,40,42,44,45,47,49,50,52,53,55,57,59,61,63,66,71]},{"timeSet":19,"dateRange":1,"harmonicAverageSpeed":43.4,"medianSpeed":48.0,"averageSpeed":48.3,"standardDeviationSpeed":13.1,"travelTimeStandardDeviation":1.12,"sampleSize":6715,"normalizedSampleSize":0.6638,"averageTravelTime":2.05,"medianTravelTime":1.85,"travelTimeRatio":1.34,"speedPercentiles":[27,32,35,38,40,42,44,45,47,48,50,51,53,55,57,59,61,65,69]},{"timeSet":20,"dateRange":1,"harmonicAverageSpeed":44.0,"medianSpeed":49.0,"averageSpeed":48.7,"standardDeviationSpeed":13.0,"travelTimeStandardDeviation":1.31,"sampleSize":5983,"normalizedSampleSize":0.5914,"averageTravelTime":2.02,"medianTravelTime":1.81,"travelTimeRatio":1.32,"speedPercentiles":[27,32,36,38,40,42,44,46,48,49,51,52,54,55,57,59,62,65,70]},{"timeSet":21,"dateRange":1,"harmonicAverageSpeed":45.9,"medianSpeed":51.0,"averageSpeed":50.5,"standardDeviationSpeed":13.3,"travelTimeStandardDeviation":0.94,"sampleSize":5599,"normalizedSampleSize":0.5535,"averageTravelTime":1.94,"medianTravelTime":1.74,"travelTimeRatio":1.26,"speedPercentiles":[29,34,37,40,42,44,46,47,49,51,52,54,56,57,59,61,64,67,72]},{"timeSet":22,"dateRange":1,"harmonicAverageSpeed":48.5,"medianSpeed":54.0,"averageSpeed":53.7,"standardDeviationSpeed":14.2,"travelTimeStandardDeviation":0.98,"sampleSize":4646,"normalizedSampleSize":0.4593,"averageTravelTime":1.83,"medianTravelTime":1.65,"travelTimeRatio":1.2,"speedPercentiles":[30,36,40,43,45,47,49,51,52,54,56,57,59,61,63,65,68,71,75]},{"timeSet":23,"dateRange":1,"harmonicAverageSpeed":52.2,"medianSpeed":60.0,"averageSpeed":59.5,"standardDeviationSpeed":17.6,"travelTimeStandardDeviation":0.97,"sampleSize":2392,"normalizedSampleSize":0.2365,"averageTravelTime":1.7,"medianTravelTime":1.48,"travelTimeRatio":1.11,"speedPercentiles":[30,37,42,45,48,51,53,56,58,60,62,64,66,68,71,73,77,81,87]},{"timeSet":24,"dateRange":1,"harmonicAverageSpeed":52.6,"medianSpeed":59.0,"averageSpeed":59.5,"standardDeviationSpeed":17.4,"travelTimeStandardDeviation":1.04,"sampleSize":2060,"normalizedSampleSize":0.2036,"averageTravelTime":1.69,"medianTravelTime":1.51,"travelTimeRatio":1.1,"speedPercentiles":[31,38,42,45,48,51,53,56,57,59,61,64,66,68,70,73,76,80,86]},{"timeSet":25,"dateRange":1,"harmonicAverageSpeed":50.7,"medianSpeed":59.0,"averageSpeed":59.9,"standardDeviationSpeed":17.8,"travelTimeStandardDeviation":2.87,"sampleSize":1919,"normalizedSampleSize":0.1897,"averageTravelTime":1.75,"medianTravelTime":1.51,"travelTimeRatio":1.14,"speedPercentiles":[31,38,43,46,49,51,53,56,58,59,62,64,66,68,71,74,77,82,90]}]}},{"type":"Feature","geometry":{"type":"LineString","coordinates":[[12.47115,41.93896],[12.4712,41.93867]]},"properties":{"segmentId":13800011255443,"newSegmentId":"9d8974dc-03c4-452d-b177-0d57bd190bc4","speedLimit":50,"frc":3,"streetName":"Corso di Francia","distance":32.97,"segmentTimeResults":[{"timeSet":2,"dateRange":1,"harmonicAverageSpeed":57.8,"medianSpeed":66.0,"averageSpeed":65.0,"standardDeviationSpeed":19.6,"travelTimeStandardDeviation":0.92,"sampleSize":741,"normalizedSampleSize":0.0733,"averageTravelTime":2.05,"medianTravelTime":1.8,"travelTimeRatio":1.0,"speedPercentiles":[33,39,44,49,53,56,58,61,64,66,68,70,72,74,76,79,83,90,98]},{"timeSet":3,"dateRange":1,"harmonicAverageSpeed":58.4,"medianSpeed":65.0,"averageSpeed":65.5,"standardDeviationSpeed":19.1,"travelTimeStandardDeviation":1.04,"sampleSize":408,"normalizedSampleSize":0.0403,"averageTravelTime":2.03,"medianTravelTime":1.83,"travelTimeRatio":0.99,"speedPercentiles":[36,42,46,50,54,56,57,60,63,65,68,71,73,75,77,80,83,90,100]},{"timeSet":4,"dateRange":1,"harmonicAverageSpeed":56.6,"medianSpeed":64.0,"averageSpeed":63.7,"standardDeviationSpeed":19.9,"travelTimeStandardDeviation":0.85,"sampleSize":176,"normalizedSampleSize":0.0174,"averageTravelTime":2.1,"medianTravelTime":1.85,"travelTimeRatio":1.02,"speedPercentiles":[31,40,43,45,48,52,55,57,61,64,67,68,71,73,77,80,83,91,98]},{"timeSet":5,"dateRange":1,"harmonicAverageSpeed":56.6,"medianSpeed":64.0,"averageSpeed":63.8,"standardDeviationSpeed":21.0,"travelTimeStandardDeviation":0.82,"sampleSize":123,"normalizedSampleSize":0.0122,"averageTravelTime":2.1,"medianTravelTime":1.85,"travelTimeRatio":1.02,"speedPercentiles":[32,36,42,45,49,55,56,59,61,64,66,68,70,72,76,80,82,87,93]},{"timeSet":6,"dateRange":1,"harmonicAverageSpeed":58.1,"medianSpeed":67.0,"averageSpeed":67.2,"standardDeviationSpeed":22.7,"travelTimeStandardDeviation":0.96,"sampleSize":204,"normalizedSampleSize":0.0202,"averageTravelTime":2.04,"medianTravelTime":1.77,"travelTimeRatio":1.0,"speedPercentiles":[33,36,44,48,50,54,59,63,65,67,71,74,76,77,80,86,90,94,103]},{"timeSet":7,"dateRange":1,"harmonicAverageSpeed":57.2,"medianSpeed":68.0,"averageSpeed":65.7,"standardDeviationSpeed":19.2,"travelTimeStandardDeviation":1.31,"sampleSize":801,"normalizedSampleSize":0.0792,"averageTravelTime":2.08,"medianTravelTime":1.75,"travelTimeRatio":1.01,"speedPercentiles":[29,38,44,49,54,58,61,64,66,68,70,72,75,76,79,81,84,88,93]},{"timeSet":8,"dateRange":1,"harmonicAverageSpeed":55.6,"medianSpeed":64.0,"averageSpeed":61.7,"standardDeviationSpeed":16.1,"travelTimeStandardDeviation":0.99,"sampleSize":2238,"normalizedSampleSize":0.2212,"averageTravelTime":2.14,"medianTravelTime":1.85,"travelTimeRatio":1.04,"speedPercentiles":[31,39,44,49,53,56,58,60,62,64,66,67,69,71,73,75,76,79,84]},{"timeSet":9,"dateRange":1,"harmonicAverageSpeed":46.6,"medianSpeed":52.0,"averageSpeed":51.1,"standardDeviationSpeed":13.5,"travelTimeStandardDeviation":1.0,"sampleSize":7114,"normalizedSampleSize":0.7032,"averageTravelTime":2.55,"medianTravelTime":2.28,"travelTimeRatio":1.24,"speedPercentiles":[28,33,37,40,42,44,46,48,50,52,53,55,57,58,60,62,65,68,73]},{"timeSet":10,"dateRange":1,"harmonicAverageSpeed":43.0,"medianSpeed":48.0,"averageSpeed":47.7,"standardDeviationSpeed":13.2,"travelTimeStandardDeviation":1.26,"sampleSize":8260,"normalizedSampleSize":0.8165,"averageTravelTime":2.76,"medianTravelTime":2.47,"travelTimeRatio":1.34,"speedPercentiles":[25,30,34,37,39,41,43,45,46,48,49,51,53,54,56,58,61,64,69]},{"timeSet":11,"dateRange":1,"harmonicAverageSpeed":44.5,"medianSpeed":50.0,"averageSpeed":49.2,"standardDeviationSpeed":13.5,"travelTimeStandardDeviation":1.25,"sampleSize":7083,"normalizedSampleSize":0.7002,"averageTravelTime":2.67,"medianTravelTime":2.37,"travelTimeRatio":1.3,"speedPercentiles":[27,32,35,38,40,42,45,46,48,50,52,53,55,56,58,60,63,66,71]},{"timeSet":12,"dateRange":1,"harmonicAverageSpeed":48.5,"medianSpeed":55.0,"averageSpeed":53.7,"standardDeviationSpeed":14.0,"travelTimeStandardDeviation":1.43,"sampleSize":5377,"normalizedSampleSize":0.5315,"averageTravelTime":2.45,"medianTravelTime":2.16,"travelTimeRatio":1.19,"speedPercentiles":[30,35,39,42,45,47,49,51,53,55,56,58,60,61,63,65,68,71,75]},{"timeSet":13,"dateRange":1,"harmonicAverageSpeed":49.3,"medianSpeed":56.0,"averageSpeed":55.1,"standardDeviationSpeed":15.3,"travelTimeStandardDeviation":1.17,"sampleSize":4703,"normalizedSampleSize":0.4649,"averageTravelTime":2.41,"medianTravelTime":2.12,"travelTimeRatio":1.17,"speedPercentiles":[28,34,38,42,45,48,50,52,54,56,58,60,62,64,65,67,70,73,78]},{"timeSet":14,"dateRange":1,"harmonicAverageSpeed":49.6,"medianSpeed":58.0,"averageSpeed":56.2,"standardDeviationSpeed":15.4,"travelTimeStandardDeviation":1.55,"sampleSize":4516,"normalizedSampleSize":0.4464,"averageTravelTime":2.39,"medianTravelTime":2.05,"travelTimeRatio":1.16,"speedPercentiles":[29,35,40,44,47,49,52,54,56,58,59,61,63,65,67,68,71,74,79]},{"timeSet":15,"dateRange":1,"harmonicAverageSpeed":50.1,"medianSpeed":57.0,"averageSpeed":55.8,"standardDeviationSpeed":15.2,"travelTimeStandardDeviation":1.09,"sampleSize":4879,"normalizedSampleSize":0.4823,"averageTravelTime":2.37,"medianTravelTime":2.08,"travelTimeRatio":1.15,"speedPercentiles":[29,35,39,43,46,49,51,53,55,57,59,61,62,64,66,68,71,74,78]},{"timeSet":16,"dateRange":1,"harmonicAverageSpeed":49.6,"medianSpeed":56.0,"averageSpeed":55.1,"standardDeviationSpeed":14.8,"travelTimeStandardDeviation":1.13,"sampleSize":5388,"normalizedSampleSize":0.5326,"averageTravelTime":2.39,"medianTravelTime":2.12,"travelTimeRatio":1.17,"speedPercentiles":[29,35,39,43,46,48,50,53,54,56,58,60,62,63,65,67,70,73,77]},{"timeSet":17,"dateRange":1,"harmonicAverageSpeed":47.1,"medianSpeed":53.0,"averageSpeed":52.1,"standardDeviationSpeed":14.0,"travelTimeStandardDeviation":1.1,"sampleSize":6559,"normalizedSampleSize":0.6484,"averageTravelTime":2.52,"medianTravelTime":2.24,"travelTimeRatio":1.23,"speedPercentiles":[29,34,37,40,43,45,47,49,51,53,55,56,58,60,62,64,66,69,74]},{"timeSet":18,"dateRange":1,"harmonicAverageSpeed":43.7,"medianSpeed":50.0,"averageSpeed":50.0,"standardDeviationSpeed":13.9,"travelTimeStandardDeviation":2.44,"sampleSize":6412,"normalizedSampleSize":0.6338,"averageTravelTime":2.72,"medianTravelTime":2.37,"travelTimeRatio":1.32,"speedPercentiles":[26,32,36,38,41,43,45,47,49,50,52,54,56,57,59,61,64,67,71]},{"timeSet":19,"dateRange":1,"harmonicAverageSpeed":43.0,"medianSpeed":49.0,"averageSpeed":48.4,"standardDeviationSpeed":13.4,"travelTimeStandardDeviation":2.01,"sampleSize":6717,"normalizedSampleSize":0.664,"averageTravelTime":2.76,"medianTravelTime":2.42,"travelTimeRatio":1.34,"speedPercentiles":[27,32,35,37,40,42,44,45,47,49,50,52,53,55,57,59,62,65,70]},{"timeSet":20,"dateRange":1,"harmonicAverageSpeed":43.9,"medianSpeed":49.0,"averageSpeed":48.8,"standardDeviationSpeed":13.4,"travelTimeStandardDeviation":1.62,"sampleSize":5989,"normalizedSampleSize":0.592,"averageTravelTime":2.71,"medianTravelTime":2.42,"travelTimeRatio":1.32,"speedPercentiles":[27,32,35,37,39,42,44,46,47,49,51,52,54,56,58,60,62,66,71]},{"timeSet":21,"dateRange":1,"harmonicAverageSpeed":45.8,"medianSpeed":51.0,"averageSpeed":50.7,"standardDeviationSpeed":13.7,"travelTimeStandardDeviation":1.23,"sampleSize":5610,"normalizedSampleSize":0.5546,"averageTravelTime":2.59,"medianTravelTime":2.33,"travelTimeRatio":1.26,"speedPercentiles":[28,33,36,39,42,44,46,47,49,51,53,55,56,58,60,62,64,67,73]},{"timeSet":22,"dateRange":1,"harmonicAverageSpeed":48.5,"medianSpeed":55.0,"averageSpeed":53.9,"standardDeviationSpeed":14.6,"travelTimeStandardDeviation":1.23,"sampleSize":4648,"normalizedSampleSize":0.4595,"averageTravelTime":2.45,"medianTravelTime":2.16,"travelTimeRatio":1.19,"speedPercentiles":[29,35,38,42,45,47,49,51,53,55,56,58,60,61,63,65,68,71,76]},{"timeSet":23,"dateRange":1,"harmonicAverageSpeed":51.8,"medianSpeed":60.0,"averageSpeed":59.7,"standardDeviationSpeed":18.2,"travelTimeStandardDeviation":1.5,"sampleSize":2389,"normalizedSampleSize":0.2362,"averageTravelTime":2.29,"medianTravelTime":1.98,"travelTimeRatio":1.11,"speedPercentiles":[30,36,40,44,47,51,53,56,58,60,62,65,67,69,72,74,78,81,88]},{"timeSet":24,"dateRange":1,"harmonicAverageSpeed":52.0,"medianSpeed":60.0,"averageSpeed":59.4,"standardDeviationSpeed":18.0,"travelTimeStandardDeviation":1.47,"sampleSize":2063,"normalizedSampleSize":0.2039,"averageTravelTime":2.28,"medianTravelTime":1.98,"travelTimeRatio":1.11,"speedPercentiles":[30,36,41,44,47,51,54,56,58,60,62,64,66,69,71,74,77,80,86]},{"timeSet":25,"dateRange":1,"harmonicAverageSpeed":51.6,"medianSpeed":60.0,"averageSpeed":59.7,"standardDeviationSpeed":18.5,"travelTimeStandardDeviation":1.69,"sampleSize":1926,"normalizedSampleSize":0.1904,"averageTravelTime":2.3,"medianTravelTime":1.98,"travelTimeRatio":1.12,"speedPercentiles":[30,36,40,44,47,50,53,56,58,60,62,64,67,69,72,74,77,82,92]}]}},{"type":"Feature","geometry":{"type":"LineString","coordinates":[[12.4712,41.93867],[12.47123,41.93852],[12.47125,41.93838]]},"properties":{"segmentId":13800007335857,"newSegmentId":"00004931-3600-0400-0000-0000014dcacb","speedLimit":50,"frc":3,"streetName":"Corso di Francia","distance":31.93,"segmentTimeResults":[{"timeSet":2,"dateRange":1,"harmonicAverageSpeed":63.0,"medianSpeed":69.0,"averageSpeed":68.8,"standardDeviationSpeed":18.5,"travelTimeStandardDeviation":0.66,"sampleSize":655,"normalizedSampleSize":0.0647,"averageTravelTime":1.82,"medianTravelTime":1.67,"travelTimeRatio":1.0,"speedPercentiles":[40,47,51,54,57,59,62,65,67,69,71,73,74,76,79,82,87,94,101]},{"timeSet":3,"dateRange":1,"harmonicAverageSpeed":62.8,"medianSpeed":70.0,"averageSpeed":69.5,"standardDeviationSpeed":18.3,"travelTimeStandardDeviation":1.0,"sampleSize":349,"normalizedSampleSize":0.0345,"averageTravelTime":1.83,"medianTravelTime":1.64,"travelTimeRatio":1.0,"speedPercentiles":[42,48,53,55,58,60,62,64,67,70,71,74,75,77,79,82,86,92,103]},{"timeSet":4,"dateRange":1,"harmonicAverageSpeed":62.6,"medianSpeed":68.0,"averageSpeed":68.6,"standardDeviationSpeed":18.6,"travelTimeStandardDeviation":0.69,"sampleSize":148,"normalizedSampleSize":0.0146,"averageTravelTime":1.84,"medianTravelTime":1.69,"travelTimeRatio":1.01,"speedPercentiles":[42,46,50,53,56,59,61,64,66,68,71,72,75,79,81,84,89,95,101]},{"timeSet":5,"dateRange":1,"harmonicAverageSpeed":63.0,"medianSpeed":68.0,"averageSpeed":68.7,"standardDeviationSpeed":19.3,"travelTimeStandardDeviation":0.64,"sampleSize":104,"normalizedSampleSize":0.0103,"averageTravelTime":1.82,"medianTravelTime":1.69,"travelTimeRatio":1.0,"speedPercentiles":[42,47,53,56,58,60,61,63,66,68,69,70,73,76,77,81,85,90,95]},{"timeSet":6,"dateRange":1,"harmonicAverageSpeed":67.8,"medianSpeed":72.0,"averageSpeed":73.6,"standardDeviationSpeed":20.4,"travelTimeStandardDeviation":0.53,"sampleSize":169,"normalizedSampleSize":0.0167,"averageTravelTime":1.7,"medianTravelTime":1.6,"travelTimeRatio":0.93,"speedPercentiles":[43,49,51,54,61,64,65,67,70,72,76,78,79,83,86,90,93,99,107]},{"timeSet":7,"dateRange":1,"harmonicAverageSpeed":62.8,"medianSpeed":71.0,"averageSpeed":68.9,"standardDeviationSpeed":17.9,"travelTimeStandardDeviation":0.7,"sampleSize":742,"normalizedSampleSize":0.0733,"averageTravelTime":1.83,"medianTravelTime":1.62,"travelTimeRatio":1.0,"speedPercentiles":[36,43,50,55,58,62,64,67,69,71,73,75,76,79,81,83,86,89,94]},{"timeSet":8,"dateRange":1,"harmonicAverageSpeed":59.0,"medianSpeed":66.0,"averageSpeed":64.0,"standardDeviationSpeed":14.9,"travelTimeStandardDeviation":0.81,"sampleSize":2101,"normalizedSampleSize":0.2077,"averageTravelTime":1.95,"medianTravelTime":1.74,"travelTimeRatio":1.07,"speedPercentiles":[37,44,48,52,56,58,60,62,64,66,67,69,71,72,74,76,78,81,85]},{"timeSet":9,"dateRange":1,"harmonicAverageSpeed":48.3,"medianSpeed":52.0,"averageSpeed":52.2,"standardDeviationSpeed":12.8,"travelTimeStandardDeviation":0.84,"sampleSize":6657,"normalizedSampleSize":0.6581,"averageTravelTime":2.38,"medianTravelTime":2.21,"travelTimeRatio":1.3,"speedPercentiles":[31,36,39,42,44,45,47,49,51,52,54,55,57,59,61,63,65,68,73]},{"timeSet":10,"dateRange":1,"harmonicAverageSpeed":44.6,"medianSpeed":48.0,"averageSpeed":48.5,"standardDeviationSpeed":12.5,"travelTimeStandardDeviation":1.0,"sampleSize":7799,"normalizedSampleSize":0.771,"averageTravelTime":2.58,"medianTravelTime":2.39,"travelTimeRatio":1.41,"speedPercentiles":[27,33,36,39,41,43,44,46,47,48,50,51,53,54,56,58,61,64,69]},{"timeSet":11,"dateRange":1,"harmonicAverageSpeed":46.2,"medianSpeed":50.0,"averageSpeed":50.2,"standardDeviationSpeed":12.9,"travelTimeStandardDeviation":0.91,"sampleSize":6711,"normalizedSampleSize":0.6634,"averageTravelTime":2.49,"medianTravelTime":2.3,"travelTimeRatio":1.37,"speedPercentiles":[28,34,37,40,42,44,46,47,49,50,52,54,55,57,59,61,63,66,71]},{"timeSet":12,"dateRange":1,"harmonicAverageSpeed":50.9,"medianSpeed":56.0,"averageSpeed":55.2,"standardDeviationSpeed":13.4,"travelTimeStandardDeviation":1.03,"sampleSize":5035,"normalizedSampleSize":0.4977,"averageTravelTime":2.26,"medianTravelTime":2.05,"travelTimeRatio":1.24,"speedPercentiles":[32,38,41,44,47,49,51,53,54,56,58,59,61,62,64,66,69,71,76]},{"timeSet":13,"dateRange":1,"harmonicAverageSpeed":51.9,"medianSpeed":58.0,"averageSpeed":56.9,"standardDeviationSpeed":14.7,"travelTimeStandardDeviation":0.92,"sampleSize":4397,"normalizedSampleSize":0.4347,"averageTravelTime":2.21,"medianTravelTime":1.98,"travelTimeRatio":1.21,"speedPercentiles":[31,37,42,45,48,50,52,54,56,58,60,61,63,65,67,69,71,74,79]},{"timeSet":14,"dateRange":1,"harmonicAverageSpeed":53.1,"medianSpeed":59.0,"averageSpeed":58.2,"standardDeviationSpeed":14.6,"travelTimeStandardDeviation":1.06,"sampleSize":4183,"normalizedSampleSize":0.4135,"averageTravelTime":2.17,"medianTravelTime":1.95,"travelTimeRatio":1.19,"speedPercentiles":[33,39,43,47,49,52,54,56,58,59,61,62,64,66,68,70,72,76,80]},{"timeSet":15,"dateRange":1,"harmonicAverageSpeed":53.6,"medianSpeed":59.0,"averageSpeed":58.1,"standardDeviationSpeed":14.2,"travelTimeStandardDeviation":0.78,"sampleSize":4462,"normalizedSampleSize":0.4411,"averageTravelTime":2.14,"medianTravelTime":1.95,"travelTimeRatio":1.18,"speedPercentiles":[33,39,43,46,49,51,54,56,57,59,61,62,64,66,68,70,72,75,79]},{"timeSet":16,"dateRange":1,"harmonicAverageSpeed":53.1,"medianSpeed":58.0,"averageSpeed":57.4,"standardDeviationSpeed":13.8,"travelTimeStandardDeviation":0.82,"sampleSize":4889,"normalizedSampleSize":0.4833,"averageTravelTime":2.17,"medianTravelTime":1.98,"travelTimeRatio":1.19,"speedPercentiles":[33,39,43,46,49,51,53,55,57,58,60,62,63,65,67,68,71,74,79]},{"timeSet":17,"dateRange":1,"harmonicAverageSpeed":50.2,"medianSpeed":54.0,"averageSpeed":54.1,"standardDeviationSpeed":13.1,"travelTimeStandardDeviation":0.78,"sampleSize":5943,"normalizedSampleSize":0.5875,"averageTravelTime":2.29,"medianTravelTime":2.13,"travelTimeRatio":1.26,"speedPercentiles":[32,37,41,44,46,47,49,51,53,54,56,58,59,61,63,65,67,70,75]},{"timeSet":18,"dateRange":1,"harmonicAverageSpeed":48.4,"medianSpeed":52.0,"averageSpeed":52.3,"standardDeviationSpeed":12.7,"travelTimeStandardDeviation":0.94,"sampleSize":5689,"normalizedSampleSize":0.5624,"averageTravelTime":2.37,"medianTravelTime":2.21,"travelTimeRatio":1.3,"speedPercentiles":[31,37,40,42,44,46,48,49,51,52,54,55,57,59,60,62,65,67,73]},{"timeSet":19,"dateRange":1,"harmonicAverageSpeed":46.6,"medianSpeed":50.0,"averageSpeed":50.2,"standardDeviationSpeed":12.2,"travelTimeStandardDeviation":0.91,"sampleSize":6029,"normalizedSampleSize":0.596,"averageTravelTime":2.47,"medianTravelTime":2.3,"travelTimeRatio":1.35,"speedPercentiles":[31,35,38,41,42,44,46,47,49,50,52,53,55,56,58,60,62,65,70]},{"timeSet":20,"dateRange":1,"harmonicAverageSpeed":46.5,"medianSpeed":50.0,"averageSpeed":50.4,"standardDeviationSpeed":12.5,"travelTimeStandardDeviation":1.06,"sampleSize":5456,"normalizedSampleSize":0.5393,"averageTravelTime":2.47,"medianTravelTime":2.3,"travelTimeRatio":1.35,"speedPercentiles":[31,35,38,40,42,44,46,47,49,50,52,53,55,56,58,60,63,66,71]},{"timeSet":21,"dateRange":1,"harmonicAverageSpeed":48.8,"medianSpeed":52.0,"averageSpeed":52.5,"standardDeviationSpeed":12.7,"travelTimeStandardDeviation":0.92,"sampleSize":5138,"normalizedSampleSize":0.5079,"averageTravelTime":2.36,"medianTravelTime":2.21,"travelTimeRatio":1.29,"speedPercentiles":[33,37,40,42,44,46,47,49,51,52,54,56,57,59,61,63,65,68,73]},{"timeSet":22,"dateRange":1,"harmonicAverageSpeed":51.6,"medianSpeed":56.0,"averageSpeed":56.1,"standardDeviationSpeed":13.9,"travelTimeStandardDeviation":1.05,"sampleSize":4267,"normalizedSampleSize":0.4218,"averageTravelTime":2.23,"medianTravelTime":2.05,"travelTimeRatio":1.22,"speedPercentiles":[33,39,42,45,47,49,51,53,55,56,58,60,61,63,65,67,69,72,78]},{"timeSet":23,"dateRange":1,"harmonicAverageSpeed":56.2,"medianSpeed":63.0,"averageSpeed":62.5,"standardDeviationSpeed":17.5,"travelTimeStandardDeviation":0.96,"sampleSize":2167,"normalizedSampleSize":0.2142,"averageTravelTime":2.05,"medianTravelTime":1.82,"travelTimeRatio":1.12,"speedPercentiles":[34,40,44,48,51,54,57,59,61,63,65,67,69,71,74,76,80,84,89]},{"timeSet":24,"dateRange":1,"harmonicAverageSpeed":56.4,"medianSpeed":62.0,"averageSpeed":62.5,"standardDeviationSpeed":17.1,"travelTimeStandardDeviation":1.22,"sampleSize":1851,"normalizedSampleSize":0.183,"averageTravelTime":2.04,"medianTravelTime":1.85,"travelTimeRatio":1.12,"speedPercentiles":[35,41,45,49,52,54,56,58,60,62,65,67,69,71,73,76,79,83,89]},{"timeSet":25,"dateRange":1,"harmonicAverageSpeed":56.4,"medianSpeed":62.0,"averageSpeed":62.6,"standardDeviationSpeed":17.5,"travelTimeStandardDeviation":1.22,"sampleSize":1705,"normalizedSampleSize":0.1685,"averageTravelTime":2.04,"medianTravelTime":1.85,"travelTimeRatio":1.12,"speedPercentiles":[34,41,45,48,51,54,56,58,60,62,64,67,69,71,73,76,80,84,93]}]}},{"type":"Feature","geometry":{"type":"LineString","coordinates":[[12.47125,41.93838],[12.47128,41.93826]]},"properties":{"segmentId":13800006791423,"newSegmentId":"00004931-3600-0400-0000-0000034ee52d","speedLimit":50,"frc":3,"streetName":"Corso di Francia","distance":14.24,"segmentTimeResults":[{"timeSet":2,"dateRange":1,"harmonicAverageSpeed":56.4,"medianSpeed":64.0,"averageSpeed":64.0,"standardDeviationSpeed":20.6,"travelTimeStandardDeviation":0.38,"sampleSize":827,"normalizedSampleSize":0.0818,"averageTravelTime":0.91,"medianTravelTime":0.8,"travelTimeRatio":1.0,"speedPercentiles":[30,36,41,46,50,53,56,58,61,64,67,70,72,75,77,79,83,90,99]},{"timeSet":3,"dateRange":1,"harmonicAverageSpeed":53.3,"medianSpeed":63.0,"averageSpeed":63.7,"standardDeviationSpeed":20.7,"travelTimeStandardDeviation":1.02,"sampleSize":470,"normalizedSampleSize":0.0465,"averageTravelTime":0.96,"medianTravelTime":0.81,"travelTimeRatio":1.06,"speedPercentiles":[29,37,41,46,51,54,56,58,60,63,66,69,72,74,77,79,83,89,101]},{"timeSet":4,"dateRange":1,"harmonicAverageSpeed":52.6,"medianSpeed":60.0,"averageSpeed":60.5,"standardDeviationSpeed":20.6,"travelTimeStandardDeviation":0.42,"sampleSize":231,"normalizedSampleSize":0.0228,"averageTravelTime":0.97,"medianTravelTime":0.85,"travelTimeRatio":1.07,"speedPercentiles":[28,34,38,42,46,49,52,55,57,60,62,65,68,71,74,79,82,88,98]},{"timeSet":5,"dateRange":1,"harmonicAverageSpeed":56.6,"medianSpeed":63.0,"averageSpeed":64.0,"standardDeviationSpeed":20.9,"travelTimeStandardDeviation":0.37,"sampleSize":133,"normalizedSampleSize":0.0131,"averageTravelTime":0.91,"medianTravelTime":0.81,"travelTimeRatio":1.0,"speedPercentiles":[29,35,44,48,52,55,58,61,61,63,66,68,70,72,76,80,82,87,95]},{"timeSet":6,"dateRange":1,"harmonicAverageSpeed":60.4,"medianSpeed":70.0,"averageSpeed":70.1,"standardDeviationSpeed":22.8,"travelTimeStandardDeviation":0.46,"sampleSize":195,"normalizedSampleSize":0.0193,"averageTravelTime":0.85,"medianTravelTime":0.73,"travelTimeRatio":0.93,"speedPercentiles":[33,43,48,50,53,56,63,65,67,70,72,76,78,81,87,89,93,97,107]},{"timeSet":7,"dateRange":1,"harmonicAverageSpeed":60.4,"medianSpeed":70.0,"averageSpeed":67.3,"standardDeviationSpeed":18.8,"travelTimeStandardDeviation":0.35,"sampleSize":822,"normalizedSampleSize":0.0813,"averageTravelTime":0.85,"medianTravelTime":0.73,"travelTimeRatio":0.93,"speedPercentiles":[32,41,46,51,56,58,62,64,67,70,72,74,75,78,80,83,86,89,94]},{"timeSet":8,"dateRange":1,"harmonicAverageSpeed":55.6,"medianSpeed":64.0,"averageSpeed":61.7,"standardDeviationSpeed":16.4,"travelTimeStandardDeviation":0.44,"sampleSize":2421,"normalizedSampleSize":0.2393,"averageTravelTime":0.92,"medianTravelTime":0.8,"travelTimeRatio":1.01,"speedPercentiles":[32,38,43,47,51,55,58,60,62,64,66,67,69,71,73,75,78,81,85]},{"timeSet":9,"dateRange":1,"harmonicAverageSpeed":46.0,"medianSpeed":51.0,"averageSpeed":50.5,"standardDeviationSpeed":13.4,"travelTimeStandardDeviation":0.45,"sampleSize":7797,"normalizedSampleSize":0.7708,"averageTravelTime":1.11,"medianTravelTime":1.01,"travelTimeRatio":1.23,"speedPercentiles":[28,33,37,40,42,44,46,47,49,51,53,54,56,57,59,61,64,67,72]},{"timeSet":10,"dateRange":1,"harmonicAverageSpeed":42.7,"medianSpeed":48.0,"averageSpeed":47.1,"standardDeviationSpeed":12.9,"travelTimeStandardDeviation":0.5,"sampleSize":9572,"normalizedSampleSize":0.9462,"averageTravelTime":1.2,"medianTravelTime":1.07,"travelTimeRatio":1.32,"speedPercentiles":[25,29,33,36,39,41,43,45,46,48,49,50,52,54,55,57,60,63,67]},{"timeSet":11,"dateRange":1,"harmonicAverageSpeed":43.4,"medianSpeed":49.0,"averageSpeed":48.4,"standardDeviationSpeed":13.6,"travelTimeStandardDeviation":0.52,"sampleSize":8368,"normalizedSampleSize":0.8272,"averageTravelTime":1.18,"medianTravelTime":1.05,"travelTimeRatio":1.3,"speedPercentiles":[25,30,34,37,39,42,44,46,48,49,51,52,54,56,57,59,62,64,70]},{"timeSet":12,"dateRange":1,"harmonicAverageSpeed":47.5,"medianSpeed":54.0,"averageSpeed":52.8,"standardDeviationSpeed":14.6,"travelTimeStandardDeviation":0.51,"sampleSize":6375,"normalizedSampleSize":0.6302,"averageTravelTime":1.08,"medianTravelTime":0.95,"travelTimeRatio":1.19,"speedPercentiles":[28,33,37,40,43,45,48,50,52,54,55,57,59,61,63,65,67,71,75]},{"timeSet":13,"dateRange":1,"harmonicAverageSpeed":48.1,"medianSpeed":55.0,"averageSpeed":53.9,"standardDeviationSpeed":15.8,"travelTimeStandardDeviation":0.47,"sampleSize":5543,"normalizedSampleSize":0.5479,"averageTravelTime":1.07,"medianTravelTime":0.93,"travelTimeRatio":1.17,"speedPercentiles":[27,32,36,40,43,46,49,51,53,55,57,59,61,63,65,67,70,73,78]},{"timeSet":14,"dateRange":1,"harmonicAverageSpeed":49.2,"medianSpeed":56.0,"averageSpeed":55.3,"standardDeviationSpeed":15.9,"travelTimeStandardDeviation":0.5,"sampleSize":5324,"normalizedSampleSize":0.5263,"averageTravelTime":1.04,"medianTravelTime":0.92,"travelTimeRatio":1.15,"speedPercentiles":[28,34,38,41,45,47,50,52,54,56,58,60,62,64,66,69,71,75,79]},{"timeSet":15,"dateRange":1,"harmonicAverageSpeed":49.1,"medianSpeed":56.0,"averageSpeed":55.0,"standardDeviationSpeed":15.7,"travelTimeStandardDeviation":0.48,"sampleSize":5545,"normalizedSampleSize":0.5481,"averageTravelTime":1.04,"medianTravelTime":0.92,"travelTimeRatio":1.15,"speedPercentiles":[28,33,37,41,44,47,50,52,54,56,58,60,62,64,66,68,71,74,79]},{"timeSet":16,"dateRange":1,"harmonicAverageSpeed":48.9,"medianSpeed":55.0,"averageSpeed":54.3,"standardDeviationSpeed":15.2,"travelTimeStandardDeviation":0.45,"sampleSize":6204,"normalizedSampleSize":0.6133,"averageTravelTime":1.05,"medianTravelTime":0.93,"travelTimeRatio":1.15,"speedPercentiles":[28,33,37,41,44,47,49,51,54,55,57,59,61,63,65,67,69,73,77]},{"timeSet":17,"dateRange":1,"harmonicAverageSpeed":47.1,"medianSpeed":53.0,"averageSpeed":52.0,"standardDeviationSpeed":14.1,"travelTimeStandardDeviation":0.43,"sampleSize":7338,"normalizedSampleSize":0.7254,"averageTravelTime":1.09,"medianTravelTime":0.97,"travelTimeRatio":1.2,"speedPercentiles":[28,33,37,40,43,45,47,49,51,53,54,56,58,60,61,63,66,69,74]},{"timeSet":18,"dateRange":1,"harmonicAverageSpeed":46.1,"medianSpeed":51.0,"averageSpeed":50.7,"standardDeviationSpeed":13.5,"travelTimeStandardDeviation":0.48,"sampleSize":6914,"normalizedSampleSize":0.6835,"averageTravelTime":1.11,"medianTravelTime":1.01,"travelTimeRatio":1.22,"speedPercentiles":[27,33,37,40,43,45,47,48,50,51,53,54,56,58,59,61,64,67,72]},{"timeSet":19,"dateRange":1,"harmonicAverageSpeed":44.4,"medianSpeed":49.0,"averageSpeed":48.7,"standardDeviationSpeed":12.9,"travelTimeStandardDeviation":0.49,"sampleSize":7356,"normalizedSampleSize":0.7272,"averageTravelTime":1.16,"medianTravelTime":1.05,"travelTimeRatio":1.27,"speedPercentiles":[27,32,36,39,41,43,45,46,48,49,51,52,54,55,57,58,61,63,69]},{"timeSet":20,"dateRange":1,"harmonicAverageSpeed":44.4,"medianSpeed":49.0,"averageSpeed":48.8,"standardDeviationSpeed":13.1,"travelTimeStandardDeviation":0.46,"sampleSize":6778,"normalizedSampleSize":0.67,"averageTravelTime":1.15,"medianTravelTime":1.05,"travelTimeRatio":1.27,"speedPercentiles":[26,32,35,38,41,43,45,46,48,49,51,52,54,55,57,59,61,65,70]},{"timeSet":21,"dateRange":1,"harmonicAverageSpeed":46.0,"medianSpeed":51.0,"averageSpeed":50.7,"standardDeviationSpeed":13.5,"travelTimeStandardDeviation":0.59,"sampleSize":6370,"normalizedSampleSize":0.6297,"averageTravelTime":1.11,"medianTravelTime":1.01,"travelTimeRatio":1.23,"speedPercentiles":[28,33,37,40,42,44,46,48,49,51,52,54,56,58,59,62,64,67,72]},{"timeSet":22,"dateRange":1,"harmonicAverageSpeed":48.2,"medianSpeed":54.0,"averageSpeed":53.7,"standardDeviationSpeed":15.1,"travelTimeStandardDeviation":0.56,"sampleSize":5337,"normalizedSampleSize":0.5276,"averageTravelTime":1.06,"medianTravelTime":0.95,"travelTimeRatio":1.17,"speedPercentiles":[28,34,38,41,44,47,49,51,53,54,56,58,60,61,63,66,68,72,77]},{"timeSet":23,"dateRange":1,"harmonicAverageSpeed":52.7,"medianSpeed":60.0,"averageSpeed":59.9,"standardDeviationSpeed":18.5,"travelTimeStandardDeviation":0.49,"sampleSize":2592,"normalizedSampleSize":0.2562,"averageTravelTime":0.97,"medianTravelTime":0.85,"travelTimeRatio":1.07,"speedPercentiles":[30,36,40,44,47,50,53,55,58,60,63,65,67,69,72,75,78,83,89]},{"timeSet":24,"dateRange":1,"harmonicAverageSpeed":53.2,"medianSpeed":59.0,"averageSpeed":60.0,"standardDeviationSpeed":18.0,"travelTimeStandardDeviation":0.55,"sampleSize":2200,"normalizedSampleSize":0.2175,"averageTravelTime":0.96,"medianTravelTime":0.87,"travelTimeRatio":1.06,"speedPercentiles":[30,37,41,45,48,51,53,55,58,59,62,64,67,69,72,75,78,82,88]},{"timeSet":25,"dateRange":1,"harmonicAverageSpeed":53.0,"medianSpeed":59.0,"averageSpeed":59.8,"standardDeviationSpeed":18.5,"travelTimeStandardDeviation":0.54,"sampleSize":2066,"normalizedSampleSize":0.2042,"averageTravelTime":0.97,"medianTravelTime":0.87,"travelTimeRatio":1.06,"speedPercentiles":[30,36,40,44,47,50,52,55,57,59,62,64,67,69,72,75,78,83,92]}]}},{"type":"Feature","geometry":{"type":"LineString","coordinates":[[12.47128,41.93826],[12.47133,41.93787]]},"properties":{"segmentId":13800010858649,"newSegmentId":"96d528b6-412b-4a08-93ee-785b912e3ec3","speedLimit":50,"frc":3,"streetName":"Corso di Francia","distance":43.51,"segmentTimeResults":[{"timeSet":2,"dateRange":1,"harmonicAverageSpeed":59.4,"medianSpeed":65.0,"averageSpeed":65.6,"standardDeviationSpeed":19.7,"travelTimeStandardDeviation":0.93,"sampleSize":828,"normalizedSampleSize":0.0819,"averageTravelTime":2.64,"medianTravelTime":2.41,"travelTimeRatio":1.0,"speedPercentiles":[37,41,45,48,51,54,57,59,62,65,68,71,73,76,78,81,84,91,100]},{"timeSet":3,"dateRange":1,"harmonicAverageSpeed":58.5,"medianSpeed":63.0,"averageSpeed":65.2,"standardDeviationSpeed":19.5,"travelTimeStandardDeviation":1.27,"sampleSize":471,"normalizedSampleSize":0.0466,"averageTravelTime":2.68,"medianTravelTime":2.49,"travelTimeRatio":1.02,"speedPercentiles":[37,42,45,49,52,55,57,59,61,63,67,70,72,75,77,79,84,90,103]},{"timeSet":4,"dateRange":1,"harmonicAverageSpeed":56.7,"medianSpeed":60.0,"averageSpeed":62.5,"standardDeviationSpeed":18.7,"travelTimeStandardDeviation":0.96,"sampleSize":232,"normalizedSampleSize":0.0229,"averageTravelTime":2.76,"medianTravelTime":2.61,"travelTimeRatio":1.05,"speedPercentiles":[36,42,43,47,49,51,53,55,57,60,62,66,68,71,74,79,83,89,98]},{"timeSet":5,"dateRange":1,"harmonicAverageSpeed":59.5,"medianSpeed":64.0,"averageSpeed":65.5,"standardDeviationSpeed":19.6,"travelTimeStandardDeviation":0.94,"sampleSize":133,"normalizedSampleSize":0.0131,"averageTravelTime":2.63,"medianTravelTime":2.45,"travelTimeRatio":1.0,"speedPercentiles":[38,44,48,49,52,56,59,61,62,64,67,68,70,72,77,80,85,87,95]},{"timeSet":6,"dateRange":1,"harmonicAverageSpeed":60.4,"medianSpeed":70.0,"averageSpeed":70.9,"standardDeviationSpeed":22.4,"travelTimeStandardDeviation":1.84,"sampleSize":194,"normalizedSampleSize":0.0192,"averageTravelTime":2.59,"medianTravelTime":2.24,"travelTimeRatio":0.98,"speedPercentiles":[37,46,50,51,54,57,62,65,67,70,74,76,79,82,87,89,93,97,106]},{"timeSet":7,"dateRange":1,"harmonicAverageSpeed":57.5,"medianSpeed":70.0,"averageSpeed":67.7,"standardDeviationSpeed":19.4,"travelTimeStandardDeviation":2.11,"sampleSize":822,"normalizedSampleSize":0.0813,"averageTravelTime":2.72,"medianTravelTime":2.24,"travelTimeRatio":1.03,"speedPercentiles":[33,42,47,52,56,58,62,65,68,70,72,75,76,78,81,84,86,90,95]},{"timeSet":8,"dateRange":1,"harmonicAverageSpeed":54.6,"medianSpeed":64.0,"averageSpeed":62.6,"standardDeviationSpeed":16.2,"travelTimeStandardDeviation":2.12,"sampleSize":2411,"normalizedSampleSize":0.2383,"averageTravelTime":2.87,"medianTravelTime":2.45,"travelTimeRatio":1.09,"speedPercentiles":[35,41,45,49,53,56,59,61,62,64,66,68,70,72,74,76,78,81,85]},{"timeSet":9,"dateRange":1,"harmonicAverageSpeed":46.3,"medianSpeed":52.0,"averageSpeed":51.6,"standardDeviationSpeed":13.2,"travelTimeStandardDeviation":1.96,"sampleSize":7788,"normalizedSampleSize":0.7699,"averageTravelTime":3.38,"medianTravelTime":3.01,"travelTimeRatio":1.28,"speedPercentiles":[29,35,39,42,44,45,47,49,50,52,54,55,57,58,60,62,64,67,72]},{"timeSet":10,"dateRange":1,"harmonicAverageSpeed":43.7,"medianSpeed":49.0,"averageSpeed":48.5,"standardDeviationSpeed":12.7,"travelTimeStandardDeviation":1.87,"sampleSize":9575,"normalizedSampleSize":0.9465,"averageTravelTime":3.59,"medianTravelTime":3.2,"travelTimeRatio":1.36,"speedPercentiles":[26,31,36,39,41,43,45,46,48,49,50,52,53,55,56,58,61,63,68]},{"timeSet":11,"dateRange":1,"harmonicAverageSpeed":45.0,"medianSpeed":51.0,"averageSpeed":49.8,"standardDeviationSpeed":13.2,"travelTimeStandardDeviation":1.61,"sampleSize":8367,"normalizedSampleSize":0.8271,"averageTravelTime":3.48,"medianTravelTime":3.07,"travelTimeRatio":1.32,"speedPercentiles":[26,32,36,39,42,44,46,47,49,51,52,54,55,57,58,60,62,65,70]},{"timeSet":12,"dateRange":1,"harmonicAverageSpeed":48.7,"medianSpeed":55.0,"averageSpeed":54.1,"standardDeviationSpeed":14.2,"travelTimeStandardDeviation":1.73,"sampleSize":6380,"normalizedSampleSize":0.6307,"averageTravelTime":3.22,"medianTravelTime":2.85,"travelTimeRatio":1.22,"speedPercentiles":[29,36,39,42,45,47,49,51,53,55,57,58,60,62,64,66,68,71,76]},{"timeSet":13,"dateRange":1,"harmonicAverageSpeed":49.1,"medianSpeed":56.0,"averageSpeed":55.3,"standardDeviationSpeed":15.3,"travelTimeStandardDeviation":2.04,"sampleSize":5544,"normalizedSampleSize":0.548,"averageTravelTime":3.19,"medianTravelTime":2.8,"travelTimeRatio":1.21,"speedPercentiles":[29,35,40,43,45,48,50,52,54,56,58,60,61,63,66,68,71,74,79]},{"timeSet":14,"dateRange":1,"harmonicAverageSpeed":50.6,"medianSpeed":57.0,"averageSpeed":56.7,"standardDeviationSpeed":15.3,"travelTimeStandardDeviation":1.88,"sampleSize":5322,"normalizedSampleSize":0.5261,"averageTravelTime":3.1,"medianTravelTime":2.75,"travelTimeRatio":1.17,"speedPercentiles":[30,37,41,44,47,49,51,53,56,57,59,61,63,65,67,69,72,75,80]},{"timeSet":15,"dateRange":1,"harmonicAverageSpeed":50.5,"medianSpeed":57.0,"averageSpeed":56.4,"standardDeviationSpeed":15.1,"travelTimeStandardDeviation":1.73,"sampleSize":5547,"normalizedSampleSize":0.5483,"averageTravelTime":3.1,"medianTravelTime":2.75,"travelTimeRatio":1.18,"speedPercentiles":[30,37,40,44,46,49,51,53,55,57,59,61,63,65,67,69,71,75,79]},{"timeSet":16,"dateRange":1,"harmonicAverageSpeed":50.6,"medianSpeed":56.0,"averageSpeed":55.7,"standardDeviationSpeed":14.5,"travelTimeStandardDeviation":1.45,"sampleSize":6202,"normalizedSampleSize":0.6131,"averageTravelTime":3.09,"medianTravelTime":2.8,"travelTimeRatio":1.17,"speedPercentiles":[31,37,41,44,46,49,51,53,55,56,58,60,62,64,66,68,70,73,78]},{"timeSet":17,"dateRange":1,"harmonicAverageSpeed":48.4,"medianSpeed":54.0,"averageSpeed":53.4,"standardDeviationSpeed":13.6,"travelTimeStandardDeviation":1.54,"sampleSize":7337,"normalizedSampleSize":0.7253,"averageTravelTime":3.23,"medianTravelTime":2.9,"travelTimeRatio":1.23,"speedPercentiles":[30,36,40,43,45,47,49,51,52,54,55,57,59,61,62,65,67,70,74]},{"timeSet":18,"dateRange":1,"harmonicAverageSpeed":47.4,"medianSpeed":53.0,"averageSpeed":52.2,"standardDeviationSpeed":13.1,"travelTimeStandardDeviation":1.64,"sampleSize":6911,"normalizedSampleSize":0.6832,"averageTravelTime":3.3,"medianTravelTime":2.96,"travelTimeRatio":1.25,"speedPercentiles":[29,36,39,43,45,47,48,50,51,53,54,56,57,59,61,62,64,68,72]},{"timeSet":19,"dateRange":1,"harmonicAverageSpeed":46.0,"medianSpeed":51.0,"averageSpeed":50.2,"standardDeviationSpeed":12.4,"travelTimeStandardDeviation":1.54,"sampleSize":7362,"normalizedSampleSize":0.7278,"averageTravelTime":3.4,"medianTravelTime":3.07,"travelTimeRatio":1.29,"speedPercentiles":[29,34,38,41,43,45,46,48,49,51,52,53,55,56,58,60,62,65,69]},{"timeSet":20,"dateRange":1,"harmonicAverageSpeed":46.1,"medianSpeed":51.0,"averageSpeed":50.4,"standardDeviationSpeed":12.6,"travelTimeStandardDeviation":1.51,"sampleSize":6777,"normalizedSampleSize":0.6699,"averageTravelTime":3.39,"medianTravelTime":3.07,"travelTimeRatio":1.29,"speedPercentiles":[29,34,38,41,43,45,46,48,49,51,52,54,55,57,58,60,62,65,71]},{"timeSet":21,"dateRange":1,"harmonicAverageSpeed":47.8,"medianSpeed":52.0,"averageSpeed":52.2,"standardDeviationSpeed":13.0,"travelTimeStandardDeviation":1.51,"sampleSize":6378,"normalizedSampleSize":0.6305,"averageTravelTime":3.27,"medianTravelTime":3.01,"travelTimeRatio":1.24,"speedPercentiles":[30,36,40,42,44,46,48,49,51,52,54,55,57,59,61,63,65,68,72]},{"timeSet":22,"dateRange":1,"harmonicAverageSpeed":50.1,"medianSpeed":55.0,"averageSpeed":55.3,"standardDeviationSpeed":14.4,"travelTimeStandardDeviation":1.74,"sampleSize":5346,"normalizedSampleSize":0.5285,"averageTravelTime":3.13,"medianTravelTime":2.85,"travelTimeRatio":1.19,"speedPercentiles":[31,37,41,44,46,49,51,52,54,55,57,59,61,62,64,67,69,72,78]},{"timeSet":23,"dateRange":1,"harmonicAverageSpeed":53.9,"medianSpeed":61.0,"averageSpeed":61.2,"standardDeviationSpeed":18.1,"travelTimeStandardDeviation":1.7,"sampleSize":2590,"normalizedSampleSize":0.256,"averageTravelTime":2.91,"medianTravelTime":2.57,"travelTimeRatio":1.1,"speedPercentiles":[33,39,43,46,49,52,54,57,59,61,63,66,68,70,73,76,79,84,90]},{"timeSet":24,"dateRange":1,"harmonicAverageSpeed":55.1,"medianSpeed":60.0,"averageSpeed":61.4,"standardDeviationSpeed":17.4,"travelTimeStandardDeviation":1.71,"sampleSize":2196,"normalizedSampleSize":0.2171,"averageTravelTime":2.84,"medianTravelTime":2.61,"travelTimeRatio":1.08,"speedPercentiles":[35,41,44,47,50,52,54,57,58,60,63,65,67,70,73,75,78,83,89]},{"timeSet":25,"dateRange":1,"harmonicAverageSpeed":54.6,"medianSpeed":60.0,"averageSpeed":61.2,"standardDeviationSpeed":17.8,"travelTimeStandardDeviation":1.77,"sampleSize":2062,"normalizedSampleSize":0.2038,"averageTravelTime":2.87,"medianTravelTime":2.61,"travelTimeRatio":1.09,"speedPercentiles":[33,40,43,47,49,51,54,56,58,60,63,65,67,70,72,75,79,83,92]}]}},{"type":"Feature","geometry":{"type":"LineString","coordinates":[[12.47133,41.93787],[12.47136,41.93762],[12.47142,41.93726]]},"properties":{"segmentId":13800010858648,"newSegmentId":"920fde67-d40d-41a5-b78b-24b9b51df6b3","speedLimit":50,"frc":3,"streetName":"Corso di Francia","distance":68.03,"segmentTimeResults":[{"timeSet":2,"dateRange":1,"harmonicAverageSpeed":60.6,"medianSpeed":66.0,"averageSpeed":67.5,"standardDeviationSpeed":19.1,"travelTimeStandardDeviation":2.42,"sampleSize":831,"normalizedSampleSize":0.0821,"averageTravelTime":4.04,"medianTravelTime":3.71,"travelTimeRatio":1.0,"speedPercentiles":[39,46,48,52,54,56,58,61,63,66,69,72,75,77,79,82,85,92,101]},{"timeSet":3,"dateRange":1,"harmonicAverageSpeed":60.4,"medianSpeed":65.0,"averageSpeed":66.7,"standardDeviationSpeed":18.8,"travelTimeStandardDeviation":1.91,"sampleSize":473,"normalizedSampleSize":0.0468,"averageTravelTime":4.05,"medianTravelTime":3.77,"travelTimeRatio":1.0,"speedPercentiles":[38,45,49,52,54,56,58,60,62,65,67,70,73,76,78,81,85,91,105]},{"timeSet":4,"dateRange":1,"harmonicAverageSpeed":60.9,"medianSpeed":63.0,"averageSpeed":66.1,"standardDeviationSpeed":19.0,"travelTimeStandardDeviation":1.25,"sampleSize":234,"normalizedSampleSize":0.0231,"averageTravelTime":4.02,"medianTravelTime":3.89,"travelTimeRatio":1.0,"speedPercentiles":[42,47,49,51,54,55,57,58,61,63,66,68,70,73,77,82,84,92,100]},{"timeSet":5,"dateRange":1,"harmonicAverageSpeed":63.1,"medianSpeed":66.0,"averageSpeed":68.1,"standardDeviationSpeed":18.8,"travelTimeStandardDeviation":1.18,"sampleSize":134,"normalizedSampleSize":0.0132,"averageTravelTime":3.88,"medianTravelTime":3.71,"travelTimeRatio":0.96,"speedPercentiles":[41,47,51,54,56,59,60,61,64,66,69,70,72,75,79,83,87,90,96]},{"timeSet":6,"dateRange":1,"harmonicAverageSpeed":65.3,"medianSpeed":71.0,"averageSpeed":72.3,"standardDeviationSpeed":21.9,"travelTimeStandardDeviation":1.38,"sampleSize":197,"normalizedSampleSize":0.0195,"averageTravelTime":3.75,"medianTravelTime":3.45,"travelTimeRatio":0.93,"speedPercentiles":[39,47,50,52,55,59,63,66,68,71,74,76,79,84,88,90,94,100,106]},{"timeSet":7,"dateRange":1,"harmonicAverageSpeed":62.5,"medianSpeed":71.0,"averageSpeed":69.3,"standardDeviationSpeed":18.4,"travelTimeStandardDeviation":1.74,"sampleSize":821,"normalizedSampleSize":0.0812,"averageTravelTime":3.92,"medianTravelTime":3.45,"travelTimeRatio":0.97,"speedPercentiles":[35,44,51,54,57,60,63,66,69,71,74,76,77,79,82,84,87,90,95]},{"timeSet":8,"dateRange":1,"harmonicAverageSpeed":59.4,"medianSpeed":65.0,"averageSpeed":64.3,"standardDeviationSpeed":15.3,"travelTimeStandardDeviation":1.58,"sampleSize":2412,"normalizedSampleSize":0.2384,"averageTravelTime":4.13,"medianTravelTime":3.77,"travelTimeRatio":1.02,"speedPercentiles":[37,44,48,52,55,58,60,62,64,65,67,69,71,73,75,77,79,82,87]},{"timeSet":9,"dateRange":1,"harmonicAverageSpeed":49.4,"medianSpeed":53.0,"averageSpeed":52.9,"standardDeviationSpeed":12.8,"travelTimeStandardDeviation":1.53,"sampleSize":7802,"normalizedSampleSize":0.7713,"averageTravelTime":4.96,"medianTravelTime":4.62,"travelTimeRatio":1.23,"speedPercentiles":[31,36,40,43,45,46,48,50,51,53,55,56,58,59,61,63,66,69,74]},{"timeSet":10,"dateRange":1,"harmonicAverageSpeed":45.7,"medianSpeed":50.0,"averageSpeed":49.7,"standardDeviationSpeed":12.8,"travelTimeStandardDeviation":1.99,"sampleSize":9609,"normalizedSampleSize":0.9499,"averageTravelTime":5.36,"medianTravelTime":4.9,"travelTimeRatio":1.33,"speedPercentiles":[28,33,36,39,42,44,46,47,49,50,52,53,55,56,58,60,62,65,70]},{"timeSet":11,"dateRange":1,"harmonicAverageSpeed":47.3,"medianSpeed":52.0,"averageSpeed":51.4,"standardDeviationSpeed":13.1,"travelTimeStandardDeviation":1.82,"sampleSize":8385,"normalizedSampleSize":0.8289,"averageTravelTime":5.17,"medianTravelTime":4.71,"travelTimeRatio":1.28,"speedPercentiles":[28,34,38,41,43,45,47,49,51,52,54,55,57,58,60,62,64,67,72]},{"timeSet":12,"dateRange":1,"harmonicAverageSpeed":51.8,"medianSpeed":57.0,"averageSpeed":56.0,"standardDeviationSpeed":13.7,"travelTimeStandardDeviation":1.66,"sampleSize":6399,"normalizedSampleSize":0.6326,"averageTravelTime":4.73,"medianTravelTime":4.3,"travelTimeRatio":1.17,"speedPercentiles":[32,38,42,45,48,50,52,53,55,57,58,60,61,63,65,67,69,72,77]},{"timeSet":13,"dateRange":1,"harmonicAverageSpeed":52.7,"medianSpeed":58.0,"averageSpeed":57.5,"standardDeviationSpeed":14.8,"travelTimeStandardDeviation":1.91,"sampleSize":5555,"normalizedSampleSize":0.5491,"averageTravelTime":4.65,"medianTravelTime":4.22,"travelTimeRatio":1.15,"speedPercentiles":[31,38,42,46,48,51,53,55,56,58,60,61,63,65,67,70,72,75,80]},{"timeSet":14,"dateRange":1,"harmonicAverageSpeed":54.0,"medianSpeed":59.0,"averageSpeed":58.8,"standardDeviationSpeed":14.8,"travelTimeStandardDeviation":1.85,"sampleSize":5331,"normalizedSampleSize":0.527,"averageTravelTime":4.54,"medianTravelTime":4.15,"travelTimeRatio":1.12,"speedPercentiles":[33,39,44,47,49,52,54,56,58,59,61,63,65,67,69,71,73,77,81]},{"timeSet":15,"dateRange":1,"harmonicAverageSpeed":54.0,"medianSpeed":59.0,"averageSpeed":58.5,"standardDeviationSpeed":14.5,"travelTimeStandardDeviation":1.71,"sampleSize":5554,"normalizedSampleSize":0.549,"averageTravelTime":4.53,"medianTravelTime":4.15,"travelTimeRatio":1.12,"speedPercentiles":[33,39,43,47,49,52,54,55,57,59,61,63,65,66,68,70,73,76,81]},{"timeSet":16,"dateRange":1,"harmonicAverageSpeed":53.1,"medianSpeed":58.0,"averageSpeed":57.6,"standardDeviationSpeed":14.2,"travelTimeStandardDeviation":2.29,"sampleSize":6219,"normalizedSampleSize":0.6148,"averageTravelTime":4.61,"medianTravelTime":4.22,"travelTimeRatio":1.14,"speedPercentiles":[33,38,43,46,49,51,53,55,56,58,60,62,64,65,67,69,72,75,79]},{"timeSet":17,"dateRange":1,"harmonicAverageSpeed":51.5,"medianSpeed":56.0,"averageSpeed":55.4,"standardDeviationSpeed":13.2,"travelTimeStandardDeviation":1.6,"sampleSize":7338,"normalizedSampleSize":0.7254,"averageTravelTime":4.76,"medianTravelTime":4.37,"travelTimeRatio":1.18,"speedPercentiles":[32,38,42,45,47,49,51,53,54,56,57,59,60,62,64,66,68,71,76]},{"timeSet":18,"dateRange":1,"harmonicAverageSpeed":50.5,"medianSpeed":55.0,"averageSpeed":54.2,"standardDeviationSpeed":12.7,"travelTimeStandardDeviation":1.7,"sampleSize":6916,"normalizedSampleSize":0.6837,"averageTravelTime":4.85,"medianTravelTime":4.45,"travelTimeRatio":1.2,"speedPercentiles":[31,38,42,45,47,49,50,52,53,55,56,57,59,61,62,64,66,69,74]},{"timeSet":19,"dateRange":1,"harmonicAverageSpeed":48.6,"medianSpeed":52.0,"averageSpeed":52.1,"standardDeviationSpeed":12.3,"travelTimeStandardDeviation":1.72,"sampleSize":7393,"normalizedSampleSize":0.7308,"averageTravelTime":5.04,"medianTravelTime":4.71,"travelTimeRatio":1.25,"speedPercentiles":[31,36,40,43,45,47,48,50,51,52,54,55,57,58,60,61,64,67,71]},{"timeSet":20,"dateRange":1,"harmonicAverageSpeed":48.6,"medianSpeed":53.0,"averageSpeed":52.3,"standardDeviationSpeed":12.4,"travelTimeStandardDeviation":1.86,"sampleSize":6785,"normalizedSampleSize":0.6707,"averageTravelTime":5.04,"medianTravelTime":4.62,"travelTimeRatio":1.25,"speedPercentiles":[31,36,40,43,45,47,48,50,51,53,54,55,57,58,60,62,64,67,72]},{"timeSet":21,"dateRange":1,"harmonicAverageSpeed":50.4,"medianSpeed":54.0,"averageSpeed":54.1,"standardDeviationSpeed":12.8,"travelTimeStandardDeviation":1.67,"sampleSize":6399,"normalizedSampleSize":0.6326,"averageTravelTime":4.86,"medianTravelTime":4.54,"travelTimeRatio":1.2,"speedPercentiles":[32,38,42,44,46,48,50,51,53,54,56,57,59,61,62,64,66,69,74]},{"timeSet":22,"dateRange":1,"harmonicAverageSpeed":53.1,"medianSpeed":57.0,"averageSpeed":57.3,"standardDeviationSpeed":14.0,"travelTimeStandardDeviation":1.67,"sampleSize":5355,"normalizedSampleSize":0.5294,"averageTravelTime":4.61,"medianTravelTime":4.3,"travelTimeRatio":1.14,"speedPercentiles":[33,39,44,47,49,51,53,54,56,57,59,61,62,64,66,68,71,74,79]},{"timeSet":23,"dateRange":1,"harmonicAverageSpeed":57.8,"medianSpeed":63.0,"averageSpeed":63.4,"standardDeviationSpeed":17.3,"travelTimeStandardDeviation":1.75,"sampleSize":2593,"normalizedSampleSize":0.2563,"averageTravelTime":4.24,"medianTravelTime":3.89,"travelTimeRatio":1.05,"speedPercentiles":[36,42,46,49,52,54,57,59,61,63,65,67,69,72,74,77,81,85,91]},{"timeSet":24,"dateRange":1,"harmonicAverageSpeed":57.8,"medianSpeed":62.0,"averageSpeed":63.3,"standardDeviationSpeed":17.1,"travelTimeStandardDeviation":1.75,"sampleSize":2203,"normalizedSampleSize":0.2178,"averageTravelTime":4.24,"medianTravelTime":3.95,"travelTimeRatio":1.05,"speedPercentiles":[36,43,47,50,52,55,57,59,61,62,65,67,69,71,74,77,79,84,91]},{"timeSet":25,"dateRange":1,"harmonicAverageSpeed":57.7,"medianSpeed":62.0,"averageSpeed":63.2,"standardDeviationSpeed":17.3,"travelTimeStandardDeviation":1.76,"sampleSize":2068,"normalizedSampleSize":0.2044,"averageTravelTime":4.24,"medianTravelTime":3.95,"travelTimeRatio":1.05,"speedPercentiles":[36,43,47,49,52,54,56,58,60,62,65,67,69,71,74,77,80,85,93]}]}},{"type":"Feature","geometry":{"type":"LineString","coordinates":[[12.47142,41.93726],[12.47143,41.93719],[12.47146,41.93706]]},"properties":{"segmentId":13800006791425,"newSegmentId":"00004931-3600-0400-0000-0000034cdc26","speedLimit":50,"frc":3,"streetName":"Corso di Francia","distance":21.75,"segmentTimeResults":[{"timeSet":2,"dateRange":1,"harmonicAverageSpeed":63.9,"medianSpeed":67.0,"averageSpeed":69.0,"standardDeviationSpeed":18.5,"travelTimeStandardDeviation":0.37,"sampleSize":836,"normalizedSampleSize":0.0826,"averageTravelTime":1.23,"medianTravelTime":1.17,"travelTimeRatio":1.0,"speedPercentiles":[42,47,51,54,56,58,60,62,65,67,70,73,75,78,80,83,87,94,102]},{"timeSet":3,"dateRange":1,"harmonicAverageSpeed":62.5,"medianSpeed":67.0,"averageSpeed":68.4,"standardDeviationSpeed":18.4,"travelTimeStandardDeviation":0.59,"sampleSize":473,"normalizedSampleSize":0.0468,"averageTravelTime":1.25,"medianTravelTime":1.17,"travelTimeRatio":1.02,"speedPercentiles":[42,48,52,54,57,58,60,62,64,67,70,71,74,76,78,81,85,92,106]},{"timeSet":4,"dateRange":1,"harmonicAverageSpeed":64.1,"medianSpeed":66.0,"averageSpeed":68.7,"standardDeviationSpeed":18.4,"travelTimeStandardDeviation":0.34,"sampleSize":239,"normalizedSampleSize":0.0236,"averageTravelTime":1.22,"medianTravelTime":1.19,"travelTimeRatio":1.0,"speedPercentiles":[44,49,52,54,56,58,60,62,63,66,68,71,72,75,81,83,85,94,101]},{"timeSet":5,"dateRange":1,"harmonicAverageSpeed":66.0,"medianSpeed":69.0,"averageSpeed":70.6,"standardDeviationSpeed":18.4,"travelTimeStandardDeviation":0.34,"sampleSize":133,"normalizedSampleSize":0.0131,"averageTravelTime":1.19,"medianTravelTime":1.13,"travelTimeRatio":0.97,"speedPercentiles":[43,50,52,56,59,61,62,64,66,69,71,72,74,79,82,85,88,93,97]},{"timeSet":6,"dateRange":1,"harmonicAverageSpeed":61.3,"medianSpeed":72.0,"averageSpeed":73.3,"standardDeviationSpeed":22.0,"travelTimeStandardDeviation":1.56,"sampleSize":200,"normalizedSampleSize":0.0198,"averageTravelTime":1.28,"medianTravelTime":1.09,"travelTimeRatio":1.04,"speedPercentiles":[42,48,51,53,57,62,64,67,69,72,75,77,79,84,89,92,94,100,106]},{"timeSet":7,"dateRange":1,"harmonicAverageSpeed":64.8,"medianSpeed":72.0,"averageSpeed":70.6,"standardDeviationSpeed":17.8,"travelTimeStandardDeviation":0.44,"sampleSize":816,"normalizedSampleSize":0.0807,"averageTravelTime":1.21,"medianTravelTime":1.09,"travelTimeRatio":0.99,"speedPercentiles":[39,46,52,56,60,62,64,67,70,72,75,76,78,80,83,85,88,91,97]},{"timeSet":8,"dateRange":1,"harmonicAverageSpeed":61.0,"medianSpeed":66.0,"averageSpeed":65.5,"standardDeviationSpeed":15.1,"travelTimeStandardDeviation":0.44,"sampleSize":2417,"normalizedSampleSize":0.2389,"averageTravelTime":1.28,"medianTravelTime":1.19,"travelTimeRatio":1.05,"speedPercentiles":[39,45,50,54,56,59,61,63,64,66,68,70,72,74,75,78,80,83,89]},{"timeSet":9,"dateRange":1,"harmonicAverageSpeed":50.2,"medianSpeed":53.0,"averageSpeed":53.6,"standardDeviationSpeed":12.9,"travelTimeStandardDeviation":0.47,"sampleSize":7822,"normalizedSampleSize":0.7732,"averageTravelTime":1.56,"medianTravelTime":1.48,"travelTimeRatio":1.27,"speedPercentiles":[33,38,41,43,45,47,49,50,52,53,55,57,58,60,62,64,67,70,75]},{"timeSet":10,"dateRange":1,"harmonicAverageSpeed":46.2,"medianSpeed":51.0,"averageSpeed":50.3,"standardDeviationSpeed":13.0,"travelTimeStandardDeviation":0.62,"sampleSize":9676,"normalizedSampleSize":0.9565,"averageTravelTime":1.69,"medianTravelTime":1.54,"travelTimeRatio":1.38,"speedPercentiles":[28,33,37,40,42,44,46,47,49,51,52,54,55,57,59,61,63,66,71]},{"timeSet":11,"dateRange":1,"harmonicAverageSpeed":48.4,"medianSpeed":53.0,"averageSpeed":52.4,"standardDeviationSpeed":13.4,"travelTimeStandardDeviation":0.55,"sampleSize":8412,"normalizedSampleSize":0.8316,"averageTravelTime":1.62,"medianTravelTime":1.48,"travelTimeRatio":1.32,"speedPercentiles":[30,34,38,41,44,46,48,50,52,53,54,56,58,59,61,63,66,68,74]},{"timeSet":12,"dateRange":1,"harmonicAverageSpeed":53.5,"medianSpeed":58.0,"averageSpeed":57.3,"standardDeviationSpeed":13.5,"travelTimeStandardDeviation":0.47,"sampleSize":6425,"normalizedSampleSize":0.6351,"averageTravelTime":1.46,"medianTravelTime":1.35,"travelTimeRatio":1.19,"speedPercentiles":[34,40,44,47,49,51,53,54,56,58,59,61,62,64,66,68,70,74,79]},{"timeSet":13,"dateRange":1,"harmonicAverageSpeed":54.7,"medianSpeed":60.0,"averageSpeed":59.1,"standardDeviationSpeed":14.6,"travelTimeStandardDeviation":0.52,"sampleSize":5575,"normalizedSampleSize":0.5511,"averageTravelTime":1.43,"medianTravelTime":1.3,"travelTimeRatio":1.17,"speedPercentiles":[34,40,44,47,50,53,54,56,58,60,61,63,65,66,69,71,74,77,82]},{"timeSet":14,"dateRange":1,"harmonicAverageSpeed":56.0,"medianSpeed":61.0,"averageSpeed":60.4,"standardDeviationSpeed":14.8,"travelTimeStandardDeviation":0.49,"sampleSize":5347,"normalizedSampleSize":0.5286,"averageTravelTime":1.4,"medianTravelTime":1.28,"travelTimeRatio":1.14,"speedPercentiles":[35,41,45,49,51,54,56,57,59,61,63,64,66,68,70,72,75,78,83]},{"timeSet":15,"dateRange":1,"harmonicAverageSpeed":55.9,"medianSpeed":61.0,"averageSpeed":60.0,"standardDeviationSpeed":14.3,"travelTimeStandardDeviation":0.46,"sampleSize":5575,"normalizedSampleSize":0.5511,"averageTravelTime":1.4,"medianTravelTime":1.28,"travelTimeRatio":1.14,"speedPercentiles":[36,41,45,48,51,53,55,57,59,61,62,64,66,68,70,72,74,77,82]},{"timeSet":16,"dateRange":1,"harmonicAverageSpeed":55.1,"medianSpeed":60.0,"averageSpeed":59.2,"standardDeviationSpeed":14.0,"travelTimeStandardDeviation":0.47,"sampleSize":6236,"normalizedSampleSize":0.6164,"averageTravelTime":1.42,"medianTravelTime":1.3,"travelTimeRatio":1.16,"speedPercentiles":[35,41,45,48,51,53,54,56,58,60,61,63,65,67,68,71,73,76,80]},{"timeSet":17,"dateRange":1,"harmonicAverageSpeed":52.6,"medianSpeed":57.0,"averageSpeed":56.6,"standardDeviationSpeed":13.3,"travelTimeStandardDeviation":0.53,"sampleSize":7374,"normalizedSampleSize":0.7289,"averageTravelTime":1.49,"medianTravelTime":1.37,"travelTimeRatio":1.22,"speedPercentiles":[34,40,43,46,48,50,52,54,55,57,58,60,62,63,65,67,70,73,78]},{"timeSet":18,"dateRange":1,"harmonicAverageSpeed":51.7,"medianSpeed":56.0,"averageSpeed":55.3,"standardDeviationSpeed":12.8,"travelTimeStandardDeviation":0.52,"sampleSize":6944,"normalizedSampleSize":0.6864,"averageTravelTime":1.51,"medianTravelTime":1.4,"travelTimeRatio":1.24,"speedPercentiles":[33,39,43,46,48,49,51,53,54,56,57,59,60,62,63,65,67,70,75]},{"timeSet":19,"dateRange":1,"harmonicAverageSpeed":49.6,"medianSpeed":53.0,"averageSpeed":53.1,"standardDeviationSpeed":12.5,"travelTimeStandardDeviation":0.51,"sampleSize":7427,"normalizedSampleSize":0.7342,"averageTravelTime":1.58,"medianTravelTime":1.48,"travelTimeRatio":1.29,"speedPercentiles":[32,38,41,43,45,47,49,50,52,53,55,56,57,59,61,62,65,68,73]},{"timeSet":20,"dateRange":1,"harmonicAverageSpeed":49.7,"medianSpeed":53.0,"averageSpeed":53.4,"standardDeviationSpeed":12.5,"travelTimeStandardDeviation":0.74,"sampleSize":6814,"normalizedSampleSize":0.6736,"averageTravelTime":1.58,"medianTravelTime":1.48,"travelTimeRatio":1.29,"speedPercentiles":[33,38,41,44,46,48,49,50,52,53,55,56,58,59,61,63,66,69,73]},{"timeSet":21,"dateRange":1,"harmonicAverageSpeed":51.7,"medianSpeed":55.0,"averageSpeed":55.2,"standardDeviationSpeed":12.9,"travelTimeStandardDeviation":0.51,"sampleSize":6423,"normalizedSampleSize":0.6349,"averageTravelTime":1.52,"medianTravelTime":1.42,"travelTimeRatio":1.24,"speedPercentiles":[34,39,43,45,47,49,51,52,54,55,57,58,60,62,63,65,68,71,76]},{"timeSet":22,"dateRange":1,"harmonicAverageSpeed":54.9,"medianSpeed":59.0,"averageSpeed":58.7,"standardDeviationSpeed":13.9,"travelTimeStandardDeviation":0.45,"sampleSize":5390,"normalizedSampleSize":0.5328,"averageTravelTime":1.43,"medianTravelTime":1.33,"travelTimeRatio":1.16,"speedPercentiles":[36,42,45,48,50,52,54,55,57,59,60,62,63,65,67,69,72,75,81]},{"timeSet":23,"dateRange":1,"harmonicAverageSpeed":59.9,"medianSpeed":65.0,"averageSpeed":65.1,"standardDeviationSpeed":17.1,"travelTimeStandardDeviation":0.52,"sampleSize":2608,"normalizedSampleSize":0.2578,"averageTravelTime":1.31,"medianTravelTime":1.2,"travelTimeRatio":1.07,"speedPercentiles":[39,44,48,51,54,56,59,61,63,65,67,68,71,73,76,79,82,86,93]},{"timeSet":24,"dateRange":1,"harmonicAverageSpeed":59.7,"medianSpeed":64.0,"averageSpeed":64.7,"standardDeviationSpeed":16.9,"travelTimeStandardDeviation":0.46,"sampleSize":2209,"normalizedSampleSize":0.2184,"averageTravelTime":1.31,"medianTravelTime":1.22,"travelTimeRatio":1.07,"speedPercentiles":[39,45,48,51,54,56,58,60,62,64,66,68,70,72,75,78,81,85,93]},{"timeSet":25,"dateRange":1,"harmonicAverageSpeed":59.2,"medianSpeed":64.0,"averageSpeed":64.6,"standardDeviationSpeed":17.1,"travelTimeStandardDeviation":0.59,"sampleSize":2089,"normalizedSampleSize":0.2065,"averageTravelTime":1.32,"medianTravelTime":1.22,"travelTimeRatio":1.08,"speedPercentiles":[38,44,48,51,53,56,58,60,62,64,66,68,70,72,75,78,81,86,93]}]}},{"type":"Feature","geometry":{"type":"LineString","coordinates":[[12.47146,41.93706],[12.47154,41.93655]]},"properties":{"segmentId":13800012255659,"newSegmentId":"def90518-8a88-4393-8fd4-371987c35d5c","speedLimit":50,"frc":3,"streetName":"Ponte Flaminio","distance":57.36,"segmentTimeResults":[{"timeSet":2,"dateRange":1,"harmonicAverageSpeed":65.0,"medianSpeed":69.0,"averageSpeed":70.1,"standardDeviationSpeed":18.4,"travelTimeStandardDeviation":0.99,"sampleSize":837,"normalizedSampleSize":0.0827,"averageTravelTime":3.18,"medianTravelTime":2.99,"travelTimeRatio":1.0,"speedPercentiles":[44,49,52,55,57,59,62,64,66,69,72,74,77,79,81,84,88,94,102]},{"timeSet":3,"dateRange":1,"harmonicAverageSpeed":64.1,"medianSpeed":68.0,"averageSpeed":69.8,"standardDeviationSpeed":18.1,"travelTimeStandardDeviation":1.53,"sampleSize":471,"normalizedSampleSize":0.0466,"averageTravelTime":3.22,"medianTravelTime":3.04,"travelTimeRatio":1.01,"speedPercentiles":[43,51,54,56,58,60,61,64,66,68,70,72,74,77,80,82,87,92,106]},{"timeSet":4,"dateRange":1,"harmonicAverageSpeed":65.9,"medianSpeed":67.0,"averageSpeed":70.5,"standardDeviationSpeed":18.4,"travelTimeStandardDeviation":0.87,"sampleSize":240,"normalizedSampleSize":0.0237,"averageTravelTime":3.13,"medianTravelTime":3.08,"travelTimeRatio":0.99,"speedPercentiles":[46,50,53,55,57,61,63,64,66,67,70,72,76,79,81,84,87,94,104]},{"timeSet":5,"dateRange":1,"harmonicAverageSpeed":67.6,"medianSpeed":70.0,"averageSpeed":72.2,"standardDeviationSpeed":18.7,"travelTimeStandardDeviation":0.87,"sampleSize":134,"normalizedSampleSize":0.0132,"averageTravelTime":3.06,"medianTravelTime":2.95,"travelTimeRatio":0.96,"speedPercentiles":[47,51,56,58,61,63,65,66,67,70,71,74,76,81,83,85,89,93,99]},{"timeSet":6,"dateRange":1,"harmonicAverageSpeed":67.8,"medianSpeed":74.0,"averageSpeed":74.4,"standardDeviationSpeed":21.0,"travelTimeStandardDeviation":1.14,"sampleSize":199,"normalizedSampleSize":0.0197,"averageTravelTime":3.05,"medianTravelTime":2.79,"travelTimeRatio":0.96,"speedPercentiles":[45,50,52,56,60,63,65,68,70,74,77,78,80,85,89,92,96,100,106]},{"timeSet":7,"dateRange":1,"harmonicAverageSpeed":65.6,"medianSpeed":73.0,"averageSpeed":71.5,"standardDeviationSpeed":17.9,"travelTimeStandardDeviation":1.15,"sampleSize":816,"normalizedSampleSize":0.0807,"averageTravelTime":3.15,"medianTravelTime":2.83,"travelTimeRatio":0.99,"speedPercentiles":[39,47,52,57,60,63,66,68,71,73,75,78,79,81,84,87,88,92,97]},{"timeSet":8,"dateRange":1,"harmonicAverageSpeed":62.0,"medianSpeed":67.0,"averageSpeed":66.3,"standardDeviationSpeed":14.9,"travelTimeStandardDeviation":1.09,"sampleSize":2414,"normalizedSampleSize":0.2386,"averageTravelTime":3.33,"medianTravelTime":3.08,"travelTimeRatio":1.05,"speedPercentiles":[40,46,51,55,58,60,62,64,65,67,69,71,72,74,76,78,81,84,90]},{"timeSet":9,"dateRange":1,"harmonicAverageSpeed":50.6,"medianSpeed":54.0,"averageSpeed":54.1,"standardDeviationSpeed":13.0,"travelTimeStandardDeviation":1.2,"sampleSize":7811,"normalizedSampleSize":0.7721,"averageTravelTime":4.08,"medianTravelTime":3.82,"travelTimeRatio":1.28,"speedPercentiles":[33,38,41,43,45,47,49,51,52,54,55,57,59,60,62,64,67,71,76]},{"timeSet":10,"dateRange":1,"harmonicAverageSpeed":46.5,"medianSpeed":51.0,"averageSpeed":50.6,"standardDeviationSpeed":13.2,"travelTimeStandardDeviation":1.56,"sampleSize":9685,"normalizedSampleSize":0.9574,"averageTravelTime":4.44,"medianTravelTime":4.05,"travelTimeRatio":1.4,"speedPercentiles":[28,34,37,40,42,44,46,47,49,51,52,54,55,57,59,61,63,66,71]},{"timeSet":11,"dateRange":1,"harmonicAverageSpeed":48.8,"medianSpeed":54.0,"averageSpeed":52.9,"standardDeviationSpeed":13.6,"travelTimeStandardDeviation":1.48,"sampleSize":8410,"normalizedSampleSize":0.8314,"averageTravelTime":4.23,"medianTravelTime":3.82,"travelTimeRatio":1.33,"speedPercentiles":[30,35,39,42,44,46,48,50,52,54,55,56,58,60,62,64,66,69,74]},{"timeSet":12,"dateRange":1,"harmonicAverageSpeed":54.3,"medianSpeed":58.0,"averageSpeed":58.1,"standardDeviationSpeed":13.6,"travelTimeStandardDeviation":1.23,"sampleSize":6428,"normalizedSampleSize":0.6354,"averageTravelTime":3.81,"medianTravelTime":3.56,"travelTimeRatio":1.2,"speedPercentiles":[35,40,44,48,50,52,54,55,57,58,60,62,63,65,67,69,71,74,79]},{"timeSet":13,"dateRange":1,"harmonicAverageSpeed":55.5,"medianSpeed":60.0,"averageSpeed":60.0,"standardDeviationSpeed":14.7,"travelTimeStandardDeviation":1.36,"sampleSize":5580,"normalizedSampleSize":0.5516,"averageTravelTime":3.72,"medianTravelTime":3.44,"travelTimeRatio":1.17,"speedPercentiles":[34,41,45,48,51,54,56,57,59,60,62,64,66,68,69,72,74,78,83]},{"timeSet":14,"dateRange":1,"harmonicAverageSpeed":56.9,"medianSpeed":62.0,"averageSpeed":61.3,"standardDeviationSpeed":14.9,"travelTimeStandardDeviation":1.26,"sampleSize":5353,"normalizedSampleSize":0.5292,"averageTravelTime":3.63,"medianTravelTime":3.33,"travelTimeRatio":1.14,"speedPercentiles":[35,42,46,50,52,54,56,58,60,62,64,65,67,69,71,73,76,79,84]},{"timeSet":15,"dateRange":1,"harmonicAverageSpeed":56.6,"medianSpeed":61.0,"averageSpeed":60.9,"standardDeviationSpeed":14.3,"travelTimeStandardDeviation":1.35,"sampleSize":5572,"normalizedSampleSize":0.5508,"averageTravelTime":3.65,"medianTravelTime":3.39,"travelTimeRatio":1.15,"speedPercentiles":[36,42,46,49,52,54,56,58,60,61,63,65,66,68,70,72,75,78,83]},{"timeSet":16,"dateRange":1,"harmonicAverageSpeed":56.0,"medianSpeed":60.0,"averageSpeed":60.1,"standardDeviationSpeed":14.1,"travelTimeStandardDeviation":1.23,"sampleSize":6241,"normalizedSampleSize":0.6169,"averageTravelTime":3.69,"medianTravelTime":3.44,"travelTimeRatio":1.16,"speedPercentiles":[36,42,46,49,52,54,56,57,59,60,62,64,66,67,69,72,74,77,82]},{"timeSet":17,"dateRange":1,"harmonicAverageSpeed":53.2,"medianSpeed":58.0,"averageSpeed":57.2,"standardDeviationSpeed":13.5,"travelTimeStandardDeviation":1.31,"sampleSize":7380,"normalizedSampleSize":0.7295,"averageTravelTime":3.88,"medianTravelTime":3.56,"travelTimeRatio":1.22,"speedPercentiles":[34,40,44,46,49,51,53,54,56,58,59,61,62,64,66,68,70,74,79]},{"timeSet":18,"dateRange":1,"harmonicAverageSpeed":52.1,"medianSpeed":56.0,"averageSpeed":55.8,"standardDeviationSpeed":13.0,"travelTimeStandardDeviation":1.54,"sampleSize":6943,"normalizedSampleSize":0.6863,"averageTravelTime":3.96,"medianTravelTime":3.69,"travelTimeRatio":1.25,"speedPercentiles":[33,39,43,46,48,50,52,53,55,56,58,59,61,62,64,66,68,71,76]},{"timeSet":19,"dateRange":1,"harmonicAverageSpeed":49.9,"medianSpeed":53.0,"averageSpeed":53.4,"standardDeviationSpeed":12.8,"travelTimeStandardDeviation":1.33,"sampleSize":7433,"normalizedSampleSize":0.7348,"averageTravelTime":4.14,"medianTravelTime":3.9,"travelTimeRatio":1.3,"speedPercentiles":[32,38,41,43,45,47,49,50,52,53,55,56,58,59,61,63,66,69,74]},{"timeSet":20,"dateRange":1,"harmonicAverageSpeed":50.0,"medianSpeed":54.0,"averageSpeed":53.6,"standardDeviationSpeed":12.7,"travelTimeStandardDeviation":1.87,"sampleSize":6810,"normalizedSampleSize":0.6732,"averageTravelTime":4.13,"medianTravelTime":3.82,"travelTimeRatio":1.3,"speedPercentiles":[32,38,41,44,46,48,49,50,52,54,55,56,58,60,61,64,66,69,74]},{"timeSet":21,"dateRange":1,"harmonicAverageSpeed":52.2,"medianSpeed":56.0,"averageSpeed":55.7,"standardDeviationSpeed":13.0,"travelTimeStandardDeviation":1.2,"sampleSize":6428,"normalizedSampleSize":0.6354,"averageTravelTime":3.96,"medianTravelTime":3.69,"travelTimeRatio":1.25,"speedPercentiles":[34,40,43,45,47,49,51,52,54,56,57,59,60,62,64,66,68,72,77]},{"timeSet":22,"dateRange":1,"harmonicAverageSpeed":55.6,"medianSpeed":59.0,"averageSpeed":59.4,"standardDeviationSpeed":13.9,"travelTimeStandardDeviation":1.16,"sampleSize":5389,"normalizedSampleSize":0.5327,"averageTravelTime":3.71,"medianTravelTime":3.5,"travelTimeRatio":1.17,"speedPercentiles":[37,42,46,49,51,53,54,56,58,59,61,62,64,66,68,70,73,76,82]},{"timeSet":23,"dateRange":1,"harmonicAverageSpeed":61.0,"medianSpeed":66.0,"averageSpeed":66.1,"standardDeviationSpeed":17.1,"travelTimeStandardDeviation":1.14,"sampleSize":2608,"normalizedSampleSize":0.2578,"averageTravelTime":3.38,"medianTravelTime":3.13,"travelTimeRatio":1.07,"speedPercentiles":[39,45,49,52,55,57,60,62,64,66,68,70,72,74,77,80,83,87,94]},{"timeSet":24,"dateRange":1,"harmonicAverageSpeed":60.8,"medianSpeed":65.0,"averageSpeed":65.7,"standardDeviationSpeed":16.8,"travelTimeStandardDeviation":1.16,"sampleSize":2213,"normalizedSampleSize":0.2188,"averageTravelTime":3.39,"medianTravelTime":3.18,"travelTimeRatio":1.07,"speedPercentiles":[39,45,49,53,55,57,59,61,63,65,67,69,71,73,76,79,82,86,95]},{"timeSet":25,"dateRange":1,"harmonicAverageSpeed":60.5,"medianSpeed":65.0,"averageSpeed":65.6,"standardDeviationSpeed":17.1,"travelTimeStandardDeviation":1.24,"sampleSize":2090,"normalizedSampleSize":0.2066,"averageTravelTime":3.42,"medianTravelTime":3.18,"travelTimeRatio":1.08,"speedPercentiles":[38,45,49,52,55,57,59,61,63,65,67,69,71,73,76,79,83,87,94]}]}},{"type":"Feature","geometry":{"type":"LineString","coordinates":[[12.47154,41.93655],[12.4716,41.93622]]},"properties":{"segmentId":13800012543275,"newSegmentId":"b2498001-42bb-44e5-a9f5-493299fc9863","speedLimit":50,"frc":3,"streetName":"Ponte Flaminio","distance":37.23,"segmentTimeResults":[{"timeSet":2,"dateRange":1,"harmonicAverageSpeed":63.4,"medianSpeed":69.0,"averageSpeed":71.1,"standardDeviationSpeed":18.2,"travelTimeStandardDeviation":2.87,"sampleSize":848,"normalizedSampleSize":0.0838,"averageTravelTime":2.11,"medianTravelTime":1.94,"travelTimeRatio":1.0,"speedPercentiles":[45,50,54,56,58,61,63,65,67,69,73,75,77,80,82,85,89,95,103]},{"timeSet":3,"dateRange":1,"harmonicAverageSpeed":65.2,"medianSpeed":70.0,"averageSpeed":71.0,"standardDeviationSpeed":18.3,"travelTimeStandardDeviation":0.99,"sampleSize":476,"normalizedSampleSize":0.0471,"averageTravelTime":2.06,"medianTravelTime":1.91,"travelTimeRatio":0.97,"speedPercentiles":[44,51,55,58,60,61,63,65,68,70,71,73,76,78,81,84,88,92,104]},{"timeSet":4,"dateRange":1,"harmonicAverageSpeed":67.0,"medianSpeed":68.0,"averageSpeed":71.5,"standardDeviationSpeed":18.4,"travelTimeStandardDeviation":0.55,"sampleSize":246,"normalizedSampleSize":0.0243,"averageTravelTime":2.0,"medianTravelTime":1.97,"travelTimeRatio":0.95,"speedPercentiles":[47,50,54,56,59,62,64,66,68,68,71,73,76,80,83,85,90,94,104]},{"timeSet":5,"dateRange":1,"harmonicAverageSpeed":68.5,"medianSpeed":71.0,"averageSpeed":73.3,"standardDeviationSpeed":19.2,"travelTimeStandardDeviation":0.56,"sampleSize":135,"normalizedSampleSize":0.0133,"averageTravelTime":1.96,"medianTravelTime":1.89,"travelTimeRatio":0.92,"speedPercentiles":[47,52,55,59,62,64,66,66,68,71,72,74,79,82,84,86,89,96,105]},{"timeSet":6,"dateRange":1,"harmonicAverageSpeed":69.5,"medianSpeed":74.0,"averageSpeed":75.6,"standardDeviationSpeed":21.1,"travelTimeStandardDeviation":0.63,"sampleSize":201,"normalizedSampleSize":0.0199,"averageTravelTime":1.93,"medianTravelTime":1.81,"travelTimeRatio":0.91,"speedPercentiles":[47,50,53,57,60,63,67,70,72,74,77,78,82,85,90,94,98,103,110]},{"timeSet":7,"dateRange":1,"harmonicAverageSpeed":66.5,"medianSpeed":74.0,"averageSpeed":72.3,"standardDeviationSpeed":18.1,"travelTimeStandardDeviation":0.73,"sampleSize":813,"normalizedSampleSize":0.0804,"averageTravelTime":2.01,"medianTravelTime":1.81,"travelTimeRatio":0.95,"speedPercentiles":[40,48,53,57,60,64,67,70,72,74,76,79,81,83,85,87,90,92,99]},{"timeSet":8,"dateRange":1,"harmonicAverageSpeed":62.9,"medianSpeed":68.0,"averageSpeed":67.0,"standardDeviationSpeed":14.9,"travelTimeStandardDeviation":0.66,"sampleSize":2416,"normalizedSampleSize":0.2388,"averageTravelTime":2.13,"medianTravelTime":1.97,"travelTimeRatio":1.01,"speedPercentiles":[41,46,52,56,58,61,63,64,66,68,70,71,73,75,77,79,82,85,90]},{"timeSet":9,"dateRange":1,"harmonicAverageSpeed":51.5,"medianSpeed":54.0,"averageSpeed":54.8,"standardDeviationSpeed":12.9,"travelTimeStandardDeviation":0.75,"sampleSize":7859,"normalizedSampleSize":0.7769,"averageTravelTime":2.6,"medianTravelTime":2.48,"travelTimeRatio":1.23,"speedPercentiles":[35,40,42,44,46,48,50,51,53,54,56,58,59,61,63,65,68,71,77]},{"timeSet":10,"dateRange":1,"harmonicAverageSpeed":47.3,"medianSpeed":51.0,"averageSpeed":51.3,"standardDeviationSpeed":13.2,"travelTimeStandardDeviation":0.97,"sampleSize":9733,"normalizedSampleSize":0.9621,"averageTravelTime":2.83,"medianTravelTime":2.63,"travelTimeRatio":1.34,"speedPercentiles":[29,35,38,41,43,45,46,48,49,51,53,54,56,58,60,62,64,67,73]},{"timeSet":11,"dateRange":1,"harmonicAverageSpeed":49.6,"medianSpeed":54.0,"averageSpeed":53.6,"standardDeviationSpeed":13.6,"travelTimeStandardDeviation":0.9,"sampleSize":8456,"normalizedSampleSize":0.8359,"averageTravelTime":2.7,"medianTravelTime":2.48,"travelTimeRatio":1.28,"speedPercentiles":[31,36,40,42,45,47,49,50,52,54,56,57,59,60,62,64,67,70,76]},{"timeSet":12,"dateRange":1,"harmonicAverageSpeed":54.7,"medianSpeed":59.0,"averageSpeed":58.7,"standardDeviationSpeed":13.9,"travelTimeStandardDeviation":0.8,"sampleSize":6463,"normalizedSampleSize":0.6389,"averageTravelTime":2.45,"medianTravelTime":2.27,"travelTimeRatio":1.16,"speedPercentiles":[35,41,45,48,50,52,54,56,57,59,61,62,64,66,67,70,72,75,80]},{"timeSet":13,"dateRange":1,"harmonicAverageSpeed":56.3,"medianSpeed":61.0,"averageSpeed":60.8,"standardDeviationSpeed":14.9,"travelTimeStandardDeviation":0.87,"sampleSize":5616,"normalizedSampleSize":0.5552,"averageTravelTime":2.38,"medianTravelTime":2.2,"travelTimeRatio":1.13,"speedPercentiles":[34,41,46,49,52,54,56,58,60,61,63,65,67,68,71,73,75,79,84]},{"timeSet":14,"dateRange":1,"harmonicAverageSpeed":57.2,"medianSpeed":63.0,"averageSpeed":62.2,"standardDeviationSpeed":15.1,"travelTimeStandardDeviation":1.61,"sampleSize":5367,"normalizedSampleSize":0.5305,"averageTravelTime":2.34,"medianTravelTime":2.13,"travelTimeRatio":1.11,"speedPercentiles":[36,42,47,51,53,55,57,59,61,63,64,66,68,70,72,74,77,80,86]},{"timeSet":15,"dateRange":1,"harmonicAverageSpeed":57.4,"medianSpeed":62.0,"averageSpeed":61.7,"standardDeviationSpeed":14.5,"travelTimeStandardDeviation":0.89,"sampleSize":5597,"normalizedSampleSize":0.5533,"averageTravelTime":2.34,"medianTravelTime":2.16,"travelTimeRatio":1.11,"speedPercentiles":[36,42,47,50,53,55,57,59,61,62,64,66,67,69,71,73,76,79,84]},{"timeSet":16,"dateRange":1,"harmonicAverageSpeed":56.8,"medianSpeed":61.0,"averageSpeed":61.0,"standardDeviationSpeed":14.4,"travelTimeStandardDeviation":0.79,"sampleSize":6285,"normalizedSampleSize":0.6213,"averageTravelTime":2.36,"medianTravelTime":2.2,"travelTimeRatio":1.12,"speedPercentiles":[36,42,47,50,52,55,56,58,60,61,63,65,66,68,70,72,75,78,83]},{"timeSet":17,"dateRange":1,"harmonicAverageSpeed":53.9,"medianSpeed":58.0,"averageSpeed":57.8,"standardDeviationSpeed":13.7,"travelTimeStandardDeviation":0.8,"sampleSize":7418,"normalizedSampleSize":0.7333,"averageTravelTime":2.49,"medianTravelTime":2.31,"travelTimeRatio":1.18,"speedPercentiles":[34,40,44,46,49,51,53,55,57,58,60,61,63,65,67,69,71,75,80]},{"timeSet":18,"dateRange":1,"harmonicAverageSpeed":52.4,"medianSpeed":57.0,"averageSpeed":56.4,"standardDeviationSpeed":13.3,"travelTimeStandardDeviation":1.37,"sampleSize":6978,"normalizedSampleSize":0.6898,"averageTravelTime":2.56,"medianTravelTime":2.35,"travelTimeRatio":1.21,"speedPercentiles":[34,40,44,46,48,50,52,53,55,57,58,59,61,63,65,67,69,72,77]},{"timeSet":19,"dateRange":1,"harmonicAverageSpeed":50.2,"medianSpeed":54.0,"averageSpeed":53.8,"standardDeviationSpeed":13.0,"travelTimeStandardDeviation":0.86,"sampleSize":7476,"normalizedSampleSize":0.739,"averageTravelTime":2.67,"medianTravelTime":2.48,"travelTimeRatio":1.26,"speedPercentiles":[33,38,41,44,45,47,49,51,52,54,55,57,58,60,62,64,66,70,75]},{"timeSet":20,"dateRange":1,"harmonicAverageSpeed":50.4,"medianSpeed":54.0,"averageSpeed":54.0,"standardDeviationSpeed":13.0,"travelTimeStandardDeviation":0.83,"sampleSize":6849,"normalizedSampleSize":0.677,"averageTravelTime":2.66,"medianTravelTime":2.48,"travelTimeRatio":1.26,"speedPercentiles":[33,38,41,44,46,48,49,51,52,54,55,57,58,60,62,64,67,70,76]},{"timeSet":21,"dateRange":1,"harmonicAverageSpeed":52.8,"medianSpeed":56.0,"averageSpeed":56.3,"standardDeviationSpeed":13.3,"travelTimeStandardDeviation":0.76,"sampleSize":6478,"normalizedSampleSize":0.6404,"averageTravelTime":2.54,"medianTravelTime":2.39,"travelTimeRatio":1.2,"speedPercentiles":[35,40,44,46,48,50,51,53,55,56,58,59,61,63,64,67,69,72,78]},{"timeSet":22,"dateRange":1,"harmonicAverageSpeed":56.3,"medianSpeed":60.0,"averageSpeed":60.0,"standardDeviationSpeed":14.1,"travelTimeStandardDeviation":0.73,"sampleSize":5422,"normalizedSampleSize":0.536,"averageTravelTime":2.38,"medianTravelTime":2.23,"travelTimeRatio":1.13,"speedPercentiles":[37,43,46,49,51,53,55,57,58,60,61,63,65,67,69,71,74,77,83]},{"timeSet":23,"dateRange":1,"harmonicAverageSpeed":62.0,"medianSpeed":67.0,"averageSpeed":67.0,"standardDeviationSpeed":17.2,"travelTimeStandardDeviation":0.71,"sampleSize":2626,"normalizedSampleSize":0.2596,"averageTravelTime":2.16,"medianTravelTime":2.0,"travelTimeRatio":1.02,"speedPercentiles":[40,45,50,53,56,58,61,63,64,67,69,71,73,75,78,81,84,88,96]},{"timeSet":24,"dateRange":1,"harmonicAverageSpeed":61.6,"medianSpeed":66.0,"averageSpeed":66.5,"standardDeviationSpeed":16.9,"travelTimeStandardDeviation":0.75,"sampleSize":2222,"normalizedSampleSize":0.2197,"averageTravelTime":2.18,"medianTravelTime":2.03,"travelTimeRatio":1.03,"speedPercentiles":[40,45,50,53,56,58,60,62,64,66,68,70,72,74,77,80,83,87,95]},{"timeSet":25,"dateRange":1,"harmonicAverageSpeed":61.4,"medianSpeed":67.0,"averageSpeed":66.5,"standardDeviationSpeed":17.2,"travelTimeStandardDeviation":0.74,"sampleSize":2105,"normalizedSampleSize":0.2081,"averageTravelTime":2.18,"medianTravelTime":2.0,"travelTimeRatio":1.03,"speedPercentiles":[39,46,49,53,55,58,60,62,64,67,68,70,72,75,77,80,84,88,95]}]}},{"type":"Feature","geometry":{"type":"LineString","coordinates":[[12.4716,41.93622],[12.47167,41.93579],[12.47174,41.93537]]},"properties":{"segmentId":13800012543352,"newSegmentId":"a930a115-14b3-4644-ad9a-6e5c4b48c55b","speedLimit":50,"frc":3,"streetName":"Ponte Flaminio","distance":95.64,"segmentTimeResults":[{"timeSet":2,"dateRange":1,"harmonicAverageSpeed":65.3,"medianSpeed":69.0,"averageSpeed":70.5,"standardDeviationSpeed":18.9,"travelTimeStandardDeviation":1.6,"sampleSize":850,"normalizedSampleSize":0.084,"averageTravelTime":5.27,"medianTravelTime":4.99,"travelTimeRatio":1.0,"speedPercentiles":[41,47,51,54,57,60,62,65,67,69,72,74,77,80,82,85,89,94,103]},{"timeSet":3,"dateRange":1,"harmonicAverageSpeed":64.8,"medianSpeed":71.0,"averageSpeed":71.0,"standardDeviationSpeed":19.0,"travelTimeStandardDeviation":2.57,"sampleSize":475,"normalizedSampleSize":0.047,"averageTravelTime":5.32,"medianTravelTime":4.85,"travelTimeRatio":1.01,"speedPercentiles":[41,49,54,57,59,61,63,66,68,71,73,74,76,78,81,84,89,92,105]},{"timeSet":4,"dateRange":1,"harmonicAverageSpeed":65.5,"medianSpeed":70.0,"averageSpeed":71.2,"standardDeviationSpeed":20.0,"travelTimeStandardDeviation":1.65,"sampleSize":246,"normalizedSampleSize":0.0243,"averageTravelTime":5.25,"medianTravelTime":4.92,"travelTimeRatio":1.0,"speedPercentiles":[41,46,50,55,58,61,64,66,68,70,71,73,76,79,83,87,91,98,106]},{"timeSet":5,"dateRange":1,"harmonicAverageSpeed":67.6,"medianSpeed":70.0,"averageSpeed":72.9,"standardDeviationSpeed":19.6,"travelTimeStandardDeviation":1.55,"sampleSize":136,"normalizedSampleSize":0.0134,"averageTravelTime":5.09,"medianTravelTime":4.92,"travelTimeRatio":0.97,"speedPercentiles":[43,50,53,58,61,64,66,67,68,70,72,74,79,82,85,87,91,96,105]},{"timeSet":6,"dateRange":1,"harmonicAverageSpeed":67.7,"medianSpeed":75.0,"averageSpeed":74.7,"standardDeviationSpeed":21.9,"travelTimeStandardDeviation":1.81,"sampleSize":198,"normalizedSampleSize":0.0196,"averageTravelTime":5.09,"medianTravelTime":4.59,"travelTimeRatio":0.96,"speedPercentiles":[44,47,48,51,56,62,67,71,74,75,77,80,82,87,91,94,96,103,111]},{"timeSet":7,"dateRange":1,"harmonicAverageSpeed":65.8,"medianSpeed":74.0,"averageSpeed":72.1,"standardDeviationSpeed":18.8,"travelTimeStandardDeviation":1.95,"sampleSize":813,"normalizedSampleSize":0.0804,"averageTravelTime":5.23,"medianTravelTime":4.65,"travelTimeRatio":0.99,"speedPercentiles":[39,45,51,56,59,63,67,69,72,74,77,79,80,83,86,88,91,94,99]},{"timeSet":8,"dateRange":1,"harmonicAverageSpeed":61.5,"medianSpeed":67.0,"averageSpeed":66.0,"standardDeviationSpeed":15.5,"travelTimeStandardDeviation":1.78,"sampleSize":2410,"normalizedSampleSize":0.2382,"averageTravelTime":5.6,"medianTravelTime":5.14,"travelTimeRatio":1.06,"speedPercentiles":[39,44,48,52,56,59,61,64,65,67,69,71,73,74,76,79,81,85,90]},{"timeSet":9,"dateRange":1,"harmonicAverageSpeed":49.3,"medianSpeed":52.0,"averageSpeed":52.9,"standardDeviationSpeed":13.5,"travelTimeStandardDeviation":2.21,"sampleSize":7839,"normalizedSampleSize":0.7749,"averageTravelTime":6.99,"medianTravelTime":6.62,"travelTimeRatio":1.33,"speedPercentiles":[33,37,39,41,43,45,46,48,50,52,54,56,58,60,62,64,67,70,76]},{"timeSet":10,"dateRange":1,"harmonicAverageSpeed":45.2,"medianSpeed":48.0,"averageSpeed":49.4,"standardDeviationSpeed":13.5,"travelTimeStandardDeviation":2.8,"sampleSize":9725,"normalizedSampleSize":0.9613,"averageTravelTime":7.61,"medianTravelTime":7.17,"travelTimeRatio":1.44,"speedPercentiles":[29,33,36,38,40,42,44,45,47,48,50,52,54,56,58,61,63,67,73]},{"timeSet":11,"dateRange":1,"harmonicAverageSpeed":47.7,"medianSpeed":51.0,"averageSpeed":51.9,"standardDeviationSpeed":14.0,"travelTimeStandardDeviation":2.59,"sampleSize":8449,"normalizedSampleSize":0.8352,"averageTravelTime":7.23,"medianTravelTime":6.75,"travelTimeRatio":1.37,"speedPercentiles":[31,34,37,40,42,44,46,47,49,51,53,55,57,59,61,64,66,70,75]},{"timeSet":12,"dateRange":1,"harmonicAverageSpeed":52.6,"medianSpeed":57.0,"averageSpeed":57.1,"standardDeviationSpeed":14.5,"travelTimeStandardDeviation":2.88,"sampleSize":6454,"normalizedSampleSize":0.638,"averageTravelTime":6.55,"medianTravelTime":6.04,"travelTimeRatio":1.24,"speedPercentiles":[34,39,42,44,47,49,51,53,55,57,59,61,63,65,67,69,72,75,81]},{"timeSet":13,"dateRange":1,"harmonicAverageSpeed":54.9,"medianSpeed":60.0,"averageSpeed":59.6,"standardDeviationSpeed":15.5,"travelTimeStandardDeviation":2.3,"sampleSize":5612,"normalizedSampleSize":0.5548,"averageTravelTime":6.27,"medianTravelTime":5.74,"travelTimeRatio":1.19,"speedPercentiles":[34,40,43,46,49,51,54,56,58,60,62,64,66,68,70,73,75,79,84]},{"timeSet":14,"dateRange":1,"harmonicAverageSpeed":56.2,"medianSpeed":62.0,"averageSpeed":61.0,"standardDeviationSpeed":15.7,"travelTimeStandardDeviation":2.25,"sampleSize":5357,"normalizedSampleSize":0.5296,"averageTravelTime":6.13,"medianTravelTime":5.55,"travelTimeRatio":1.16,"speedPercentiles":[35,41,44,47,50,52,55,57,59,62,64,66,68,70,72,74,77,80,86]},{"timeSet":15,"dateRange":1,"harmonicAverageSpeed":55.8,"medianSpeed":61.0,"averageSpeed":60.4,"standardDeviationSpeed":15.0,"travelTimeStandardDeviation":2.51,"sampleSize":5602,"normalizedSampleSize":0.5538,"averageTravelTime":6.17,"medianTravelTime":5.64,"travelTimeRatio":1.17,"speedPercentiles":[35,40,44,47,50,52,55,57,59,61,63,65,67,69,71,73,76,79,84]},{"timeSet":16,"dateRange":1,"harmonicAverageSpeed":55.1,"medianSpeed":60.0,"averageSpeed":59.5,"standardDeviationSpeed":15.0,"travelTimeStandardDeviation":2.23,"sampleSize":6280,"normalizedSampleSize":0.6208,"averageTravelTime":6.25,"medianTravelTime":5.74,"travelTimeRatio":1.19,"speedPercentiles":[35,40,44,47,49,51,54,56,58,60,62,64,66,68,70,72,75,78,83]},{"timeSet":17,"dateRange":1,"harmonicAverageSpeed":51.6,"medianSpeed":56.0,"averageSpeed":55.9,"standardDeviationSpeed":14.5,"travelTimeStandardDeviation":2.59,"sampleSize":7394,"normalizedSampleSize":0.7309,"averageTravelTime":6.67,"medianTravelTime":6.15,"travelTimeRatio":1.27,"speedPercentiles":[33,38,41,43,45,47,49,51,54,56,58,60,62,64,66,68,71,74,79]},{"timeSet":18,"dateRange":1,"harmonicAverageSpeed":50.4,"medianSpeed":54.0,"averageSpeed":54.3,"standardDeviationSpeed":14.0,"travelTimeStandardDeviation":2.14,"sampleSize":6970,"normalizedSampleSize":0.689,"averageTravelTime":6.83,"medianTravelTime":6.38,"travelTimeRatio":1.3,"speedPercentiles":[33,37,40,43,45,46,48,50,52,54,56,58,60,62,64,66,68,72,77]},{"timeSet":19,"dateRange":1,"harmonicAverageSpeed":47.8,"medianSpeed":50.0,"averageSpeed":51.6,"standardDeviationSpeed":13.6,"travelTimeStandardDeviation":2.49,"sampleSize":7468,"normalizedSampleSize":0.7382,"averageTravelTime":7.2,"medianTravelTime":6.89,"travelTimeRatio":1.37,"speedPercentiles":[32,35,38,40,42,44,45,47,49,50,52,54,56,58,60,63,65,69,75]},{"timeSet":20,"dateRange":1,"harmonicAverageSpeed":47.7,"medianSpeed":50.0,"averageSpeed":51.6,"standardDeviationSpeed":13.8,"travelTimeStandardDeviation":2.47,"sampleSize":6841,"normalizedSampleSize":0.6763,"averageTravelTime":7.22,"medianTravelTime":6.89,"travelTimeRatio":1.37,"speedPercentiles":[32,35,38,40,42,44,45,47,48,50,52,54,56,58,60,63,66,70,75]},{"timeSet":21,"dateRange":1,"harmonicAverageSpeed":50.4,"medianSpeed":53.0,"averageSpeed":54.2,"standardDeviationSpeed":14.0,"travelTimeStandardDeviation":2.04,"sampleSize":6466,"normalizedSampleSize":0.6392,"averageTravelTime":6.83,"medianTravelTime":6.5,"travelTimeRatio":1.3,"speedPercentiles":[33,37,40,42,44,46,48,50,51,53,55,57,59,61,63,66,68,72,78]},{"timeSet":22,"dateRange":1,"harmonicAverageSpeed":54.1,"medianSpeed":58.0,"averageSpeed":58.3,"standardDeviationSpeed":15.1,"travelTimeStandardDeviation":1.99,"sampleSize":5426,"normalizedSampleSize":0.5364,"averageTravelTime":6.36,"medianTravelTime":5.94,"travelTimeRatio":1.21,"speedPercentiles":[36,40,43,45,47,49,52,54,56,58,60,62,64,66,68,70,73,77,83]},{"timeSet":23,"dateRange":1,"harmonicAverageSpeed":60.4,"medianSpeed":66.0,"averageSpeed":65.9,"standardDeviationSpeed":18.1,"travelTimeStandardDeviation":1.91,"sampleSize":2625,"normalizedSampleSize":0.2595,"averageTravelTime":5.7,"medianTravelTime":5.22,"travelTimeRatio":1.08,"speedPercentiles":[38,43,46,49,53,56,59,61,64,66,68,70,72,75,78,80,84,88,96]},{"timeSet":24,"dateRange":1,"harmonicAverageSpeed":60.1,"medianSpeed":65.0,"averageSpeed":65.3,"standardDeviationSpeed":17.5,"travelTimeStandardDeviation":1.99,"sampleSize":2220,"normalizedSampleSize":0.2195,"averageTravelTime":5.73,"medianTravelTime":5.3,"travelTimeRatio":1.09,"speedPercentiles":[38,43,47,50,53,56,58,61,63,65,67,69,72,74,76,79,83,87,95]},{"timeSet":25,"dateRange":1,"harmonicAverageSpeed":59.5,"medianSpeed":65.0,"averageSpeed":65.3,"standardDeviationSpeed":18.0,"travelTimeStandardDeviation":2.63,"sampleSize":2103,"normalizedSampleSize":0.2079,"averageTravelTime":5.79,"medianTravelTime":5.3,"travelTimeRatio":1.1,"speedPercentiles":[37,43,46,49,52,56,58,61,63,65,67,69,72,74,77,79,83,88,95]}]}},{"type":"Feature","geometry":{"type":"LineString","coordinates":[[12.47174,41.93537],[12.47175,41.9353],[12.47177,41.93521]]},"properties":{"segmentId":13800007305424,"newSegmentId":"00004931-3600-0400-0000-0000034f02fa","speedLimit":50,"frc":3,"streetName":"Corso di Francia","distance":17.31,"segmentTimeResults":[{"timeSet":2,"dateRange":1,"harmonicAverageSpeed":65.9,"medianSpeed":70.0,"averageSpeed":71.0,"standardDeviationSpeed":18.6,"travelTimeStandardDeviation":0.28,"sampleSize":860,"normalizedSampleSize":0.085,"averageTravelTime":0.94,"medianTravelTime":0.89,"travelTimeRatio":1.0,"speedPercentiles":[43,49,52,55,58,60,62,65,67,70,72,75,77,80,82,86,90,95,104]},{"timeSet":3,"dateRange":1,"harmonicAverageSpeed":66.0,"medianSpeed":71.0,"averageSpeed":71.9,"standardDeviationSpeed":18.8,"travelTimeStandardDeviation":0.45,"sampleSize":478,"normalizedSampleSize":0.0473,"averageTravelTime":0.94,"medianTravelTime":0.88,"travelTimeRatio":1.0,"speedPercentiles":[45,51,55,58,60,62,64,67,69,71,73,74,77,79,81,85,89,93,106]},{"timeSet":4,"dateRange":1,"harmonicAverageSpeed":67.2,"medianSpeed":70.0,"averageSpeed":72.7,"standardDeviationSpeed":19.9,"travelTimeStandardDeviation":0.29,"sampleSize":250,"normalizedSampleSize":0.0247,"averageTravelTime":0.93,"medianTravelTime":0.89,"travelTimeRatio":0.98,"speedPercentiles":[45,49,54,57,60,62,64,65,68,70,73,75,78,81,86,89,92,98,108]},{"timeSet":5,"dateRange":1,"harmonicAverageSpeed":68.5,"medianSpeed":71.0,"averageSpeed":73.6,"standardDeviationSpeed":18.9,"travelTimeStandardDeviation":0.28,"sampleSize":136,"normalizedSampleSize":0.0134,"averageTravelTime":0.91,"medianTravelTime":0.88,"travelTimeRatio":0.96,"speedPercentiles":[47,52,56,59,61,65,66,68,69,71,73,76,79,82,84,87,91,99,106]},{"timeSet":6,"dateRange":1,"harmonicAverageSpeed":69.3,"medianSpeed":77.0,"averageSpeed":76.3,"standardDeviationSpeed":21.3,"travelTimeStandardDeviation":0.34,"sampleSize":197,"normalizedSampleSize":0.0195,"averageTravelTime":0.9,"medianTravelTime":0.81,"travelTimeRatio":0.95,"speedPercentiles":[42,50,53,56,62,65,69,71,75,77,78,80,83,87,92,94,98,104,111]},{"timeSet":7,"dateRange":1,"harmonicAverageSpeed":65.2,"medianSpeed":74.0,"averageSpeed":72.0,"standardDeviationSpeed":19.3,"travelTimeStandardDeviation":0.39,"sampleSize":813,"normalizedSampleSize":0.0804,"averageTravelTime":0.96,"medianTravelTime":0.84,"travelTimeRatio":1.01,"speedPercentiles":[38,44,51,56,59,63,66,69,71,74,77,79,81,84,86,88,91,95,100]},{"timeSet":8,"dateRange":1,"harmonicAverageSpeed":61.6,"medianSpeed":68.0,"averageSpeed":66.5,"standardDeviationSpeed":15.7,"travelTimeStandardDeviation":0.42,"sampleSize":2411,"normalizedSampleSize":0.2383,"averageTravelTime":1.01,"medianTravelTime":0.92,"travelTimeRatio":1.07,"speedPercentiles":[39,45,49,54,56,59,62,64,66,68,69,71,73,75,77,79,82,85,91]},{"timeSet":9,"dateRange":1,"harmonicAverageSpeed":50.9,"medianSpeed":55.0,"averageSpeed":55.1,"standardDeviationSpeed":14.0,"travelTimeStandardDeviation":0.51,"sampleSize":7878,"normalizedSampleSize":0.7788,"averageTravelTime":1.23,"medianTravelTime":1.13,"travelTimeRatio":1.3,"speedPercentiles":[33,38,41,44,46,47,49,51,53,55,56,58,60,62,64,67,69,73,78]},{"timeSet":10,"dateRange":1,"harmonicAverageSpeed":47.3,"medianSpeed":52.0,"averageSpeed":51.8,"standardDeviationSpeed":14.0,"travelTimeStandardDeviation":0.55,"sampleSize":9776,"normalizedSampleSize":0.9664,"averageTravelTime":1.32,"medianTravelTime":1.2,"travelTimeRatio":1.39,"speedPercentiles":[29,34,37,40,43,45,46,48,50,52,53,55,57,59,61,63,66,70,76]},{"timeSet":11,"dateRange":1,"harmonicAverageSpeed":49.2,"medianSpeed":54.0,"averageSpeed":54.0,"standardDeviationSpeed":14.5,"travelTimeStandardDeviation":0.53,"sampleSize":8487,"normalizedSampleSize":0.839,"averageTravelTime":1.27,"medianTravelTime":1.15,"travelTimeRatio":1.34,"speedPercentiles":[31,35,39,42,44,47,48,50,52,54,56,58,59,61,63,66,69,72,78]},{"timeSet":12,"dateRange":1,"harmonicAverageSpeed":53.9,"medianSpeed":59.0,"averageSpeed":58.4,"standardDeviationSpeed":14.8,"travelTimeStandardDeviation":0.45,"sampleSize":6479,"normalizedSampleSize":0.6405,"averageTravelTime":1.16,"medianTravelTime":1.06,"travelTimeRatio":1.22,"speedPercentiles":[34,39,43,46,48,51,53,55,57,59,60,62,64,66,68,71,74,77,82]},{"timeSet":13,"dateRange":1,"harmonicAverageSpeed":55.2,"medianSpeed":61.0,"averageSpeed":60.4,"standardDeviationSpeed":15.8,"travelTimeStandardDeviation":0.48,"sampleSize":5648,"normalizedSampleSize":0.5583,"averageTravelTime":1.13,"medianTravelTime":1.02,"travelTimeRatio":1.2,"speedPercentiles":[34,40,44,47,50,52,55,56,59,61,63,65,67,69,71,73,76,80,85]},{"timeSet":14,"dateRange":1,"harmonicAverageSpeed":56.7,"medianSpeed":62.0,"averageSpeed":61.7,"standardDeviationSpeed":15.9,"travelTimeStandardDeviation":0.44,"sampleSize":5398,"normalizedSampleSize":0.5336,"averageTravelTime":1.1,"medianTravelTime":1.01,"travelTimeRatio":1.16,"speedPercentiles":[35,41,45,49,51,53,56,58,60,62,64,66,68,70,72,75,77,81,87]},{"timeSet":15,"dateRange":1,"harmonicAverageSpeed":56.4,"medianSpeed":62.0,"averageSpeed":61.3,"standardDeviationSpeed":15.3,"travelTimeStandardDeviation":0.5,"sampleSize":5636,"normalizedSampleSize":0.5571,"averageTravelTime":1.11,"medianTravelTime":1.01,"travelTimeRatio":1.17,"speedPercentiles":[35,41,45,49,51,53,56,58,60,62,64,66,68,69,72,74,76,80,85]},{"timeSet":16,"dateRange":1,"harmonicAverageSpeed":56.2,"medianSpeed":61.0,"averageSpeed":60.7,"standardDeviationSpeed":15.1,"travelTimeStandardDeviation":0.39,"sampleSize":6323,"normalizedSampleSize":0.625,"averageTravelTime":1.11,"medianTravelTime":1.02,"travelTimeRatio":1.17,"speedPercentiles":[35,41,45,48,51,53,55,57,59,61,63,65,67,69,71,73,76,79,84]},{"timeSet":17,"dateRange":1,"harmonicAverageSpeed":53.5,"medianSpeed":58.0,"averageSpeed":57.6,"standardDeviationSpeed":14.4,"travelTimeStandardDeviation":0.38,"sampleSize":7427,"normalizedSampleSize":0.7342,"averageTravelTime":1.17,"medianTravelTime":1.07,"travelTimeRatio":1.23,"speedPercentiles":[34,39,43,45,48,50,52,54,56,58,59,61,63,65,67,69,72,76,81]},{"timeSet":18,"dateRange":1,"harmonicAverageSpeed":51.4,"medianSpeed":56.0,"averageSpeed":56.0,"standardDeviationSpeed":14.6,"travelTimeStandardDeviation":0.47,"sampleSize":7034,"normalizedSampleSize":0.6953,"averageTravelTime":1.21,"medianTravelTime":1.11,"travelTimeRatio":1.28,"speedPercentiles":[32,38,41,44,46,48,50,52,54,56,58,60,62,64,65,68,71,74,79]},{"timeSet":19,"dateRange":1,"harmonicAverageSpeed":49.7,"medianSpeed":54.0,"averageSpeed":54.0,"standardDeviationSpeed":14.2,"travelTimeStandardDeviation":0.49,"sampleSize":7504,"normalizedSampleSize":0.7418,"averageTravelTime":1.25,"medianTravelTime":1.15,"travelTimeRatio":1.33,"speedPercentiles":[32,36,40,42,44,46,48,50,52,54,55,57,59,61,63,65,68,72,78]},{"timeSet":20,"dateRange":1,"harmonicAverageSpeed":49.0,"medianSpeed":52.0,"averageSpeed":53.2,"standardDeviationSpeed":14.2,"travelTimeStandardDeviation":0.43,"sampleSize":6890,"normalizedSampleSize":0.6811,"averageTravelTime":1.27,"medianTravelTime":1.2,"travelTimeRatio":1.34,"speedPercentiles":[32,36,39,41,43,45,47,49,51,52,54,56,58,60,62,65,68,71,77]},{"timeSet":21,"dateRange":1,"harmonicAverageSpeed":51.5,"medianSpeed":55.0,"averageSpeed":55.8,"standardDeviationSpeed":14.3,"travelTimeStandardDeviation":0.48,"sampleSize":6517,"normalizedSampleSize":0.6442,"averageTravelTime":1.21,"medianTravelTime":1.13,"travelTimeRatio":1.28,"speedPercentiles":[33,38,41,44,46,48,50,52,54,55,57,59,61,63,65,67,70,74,80]},{"timeSet":22,"dateRange":1,"harmonicAverageSpeed":55.4,"medianSpeed":59.0,"averageSpeed":59.5,"standardDeviationSpeed":15.1,"travelTimeStandardDeviation":0.35,"sampleSize":5474,"normalizedSampleSize":0.5411,"averageTravelTime":1.13,"medianTravelTime":1.06,"travelTimeRatio":1.19,"speedPercentiles":[36,41,44,47,49,52,54,55,57,59,61,63,65,67,69,71,74,78,85]},{"timeSet":23,"dateRange":1,"harmonicAverageSpeed":60.4,"medianSpeed":66.0,"averageSpeed":66.4,"standardDeviationSpeed":18.1,"travelTimeStandardDeviation":0.53,"sampleSize":2637,"normalizedSampleSize":0.2607,"averageTravelTime":1.03,"medianTravelTime":0.94,"travelTimeRatio":1.09,"speedPercentiles":[38,44,48,51,54,57,59,61,64,66,68,70,73,75,78,81,84,89,96]},{"timeSet":24,"dateRange":1,"harmonicAverageSpeed":60.0,"medianSpeed":64.0,"averageSpeed":65.4,"standardDeviationSpeed":17.7,"travelTimeStandardDeviation":0.42,"sampleSize":2244,"normalizedSampleSize":0.2218,"averageTravelTime":1.04,"medianTravelTime":0.97,"travelTimeRatio":1.1,"speedPercentiles":[39,44,48,50,53,56,58,60,62,64,67,69,71,74,77,80,83,87,95]},{"timeSet":25,"dateRange":1,"harmonicAverageSpeed":59.9,"medianSpeed":64.0,"averageSpeed":65.2,"standardDeviationSpeed":17.7,"travelTimeStandardDeviation":0.35,"sampleSize":2123,"normalizedSampleSize":0.2099,"averageTravelTime":1.04,"medianTravelTime":0.97,"travelTimeRatio":1.1,"speedPercentiles":[38,44,48,50,53,55,57,60,62,64,67,69,71,74,76,79,83,88,96]}]}},{"type":"Feature","geometry":{"type":"LineString","coordinates":[[12.47177,41.93521],[12.47178,41.93514]]},"properties":{"segmentId":13800007305429,"newSegmentId":"00004931-3600-0400-0000-0000034b9e30","speedLimit":50,"frc":3,"streetName":"Corso di Francia","distance":7.91,"segmentTimeResults":[{"timeSet":2,"dateRange":1,"harmonicAverageSpeed":65.8,"medianSpeed":69.0,"averageSpeed":71.0,"standardDeviationSpeed":18.9,"travelTimeStandardDeviation":0.13,"sampleSize":861,"normalizedSampleSize":0.0851,"averageTravelTime":0.43,"medianTravelTime":0.41,"travelTimeRatio":1.0,"speedPercentiles":[43,48,52,55,58,60,62,65,67,69,72,75,77,80,82,86,91,96,104]},{"timeSet":3,"dateRange":1,"harmonicAverageSpeed":65.7,"medianSpeed":71.0,"averageSpeed":71.7,"standardDeviationSpeed":18.8,"travelTimeStandardDeviation":0.21,"sampleSize":478,"normalizedSampleSize":0.0473,"averageTravelTime":0.43,"medianTravelTime":0.4,"travelTimeRatio":1.0,"speedPercentiles":[43,50,54,57,60,62,65,67,69,71,73,75,77,79,81,85,88,93,105]},{"timeSet":4,"dateRange":1,"harmonicAverageSpeed":67.0,"medianSpeed":70.0,"averageSpeed":72.7,"standardDeviationSpeed":20.3,"travelTimeStandardDeviation":0.13,"sampleSize":250,"normalizedSampleSize":0.0247,"averageTravelTime":0.43,"medianTravelTime":0.41,"travelTimeRatio":0.98,"speedPercentiles":[45,48,53,56,60,61,64,65,67,70,72,75,78,80,86,88,93,100,108]},{"timeSet":5,"dateRange":1,"harmonicAverageSpeed":68.5,"medianSpeed":71.0,"averageSpeed":73.6,"standardDeviationSpeed":19.0,"travelTimeStandardDeviation":0.13,"sampleSize":137,"normalizedSampleSize":0.0135,"averageTravelTime":0.42,"medianTravelTime":0.4,"travelTimeRatio":0.96,"speedPercentiles":[47,52,55,59,61,65,66,68,69,71,74,77,81,82,84,86,91,99,106]},{"timeSet":6,"dateRange":1,"harmonicAverageSpeed":69.7,"medianSpeed":77.0,"averageSpeed":76.5,"standardDeviationSpeed":21.2,"travelTimeStandardDeviation":0.15,"sampleSize":197,"normalizedSampleSize":0.0195,"averageTravelTime":0.41,"medianTravelTime":0.37,"travelTimeRatio":0.94,"speedPercentiles":[44,50,53,56,62,64,69,72,76,77,78,80,83,87,92,95,97,104,111]},{"timeSet":7,"dateRange":1,"harmonicAverageSpeed":64.8,"medianSpeed":74.0,"averageSpeed":71.8,"standardDeviationSpeed":19.6,"travelTimeStandardDeviation":0.19,"sampleSize":811,"normalizedSampleSize":0.0802,"averageTravelTime":0.44,"medianTravelTime":0.38,"travelTimeRatio":1.02,"speedPercentiles":[38,44,50,54,58,62,66,69,71,74,77,79,81,83,86,88,91,95,100]},{"timeSet":8,"dateRange":1,"harmonicAverageSpeed":61.4,"medianSpeed":68.0,"averageSpeed":66.4,"standardDeviationSpeed":15.9,"travelTimeStandardDeviation":0.21,"sampleSize":2412,"normalizedSampleSize":0.2384,"averageTravelTime":0.46,"medianTravelTime":0.42,"travelTimeRatio":1.07,"speedPercentiles":[39,45,49,53,56,59,61,64,65,68,69,71,73,75,77,79,82,86,91]},{"timeSet":9,"dateRange":1,"harmonicAverageSpeed":50.8,"medianSpeed":55.0,"averageSpeed":55.1,"standardDeviationSpeed":14.1,"travelTimeStandardDeviation":0.22,"sampleSize":7878,"normalizedSampleSize":0.7788,"averageTravelTime":0.56,"medianTravelTime":0.52,"travelTimeRatio":1.3,"speedPercentiles":[33,38,41,44,45,47,49,51,53,55,56,58,60,62,64,67,69,73,78]},{"timeSet":10,"dateRange":1,"harmonicAverageSpeed":47.2,"medianSpeed":51.0,"averageSpeed":51.8,"standardDeviationSpeed":14.1,"travelTimeStandardDeviation":0.26,"sampleSize":9782,"normalizedSampleSize":0.967,"averageTravelTime":0.6,"medianTravelTime":0.56,"travelTimeRatio":1.39,"speedPercentiles":[29,34,38,40,43,44,46,48,50,51,53,55,57,59,61,63,66,70,76]},{"timeSet":11,"dateRange":1,"harmonicAverageSpeed":49.0,"medianSpeed":54.0,"averageSpeed":53.9,"standardDeviationSpeed":14.5,"travelTimeStandardDeviation":0.28,"sampleSize":8502,"normalizedSampleSize":0.8405,"averageTravelTime":0.58,"medianTravelTime":0.53,"travelTimeRatio":1.34,"speedPercentiles":[31,35,39,42,44,46,48,50,52,54,56,57,59,61,63,66,69,72,78]},{"timeSet":12,"dateRange":1,"harmonicAverageSpeed":53.6,"medianSpeed":58.0,"averageSpeed":58.3,"standardDeviationSpeed":14.9,"travelTimeStandardDeviation":0.21,"sampleSize":6491,"normalizedSampleSize":0.6417,"averageTravelTime":0.53,"medianTravelTime":0.49,"travelTimeRatio":1.23,"speedPercentiles":[34,39,43,46,48,50,52,55,57,58,60,62,64,66,68,71,74,77,82]},{"timeSet":13,"dateRange":1,"harmonicAverageSpeed":54.9,"medianSpeed":60.0,"averageSpeed":60.2,"standardDeviationSpeed":15.9,"travelTimeStandardDeviation":0.23,"sampleSize":5654,"normalizedSampleSize":0.5589,"averageTravelTime":0.52,"medianTravelTime":0.47,"travelTimeRatio":1.2,"speedPercentiles":[34,40,43,47,49,52,54,56,58,60,63,65,67,69,71,73,77,80,86]},{"timeSet":14,"dateRange":1,"harmonicAverageSpeed":56.3,"medianSpeed":62.0,"averageSpeed":61.5,"standardDeviationSpeed":16.0,"travelTimeStandardDeviation":0.25,"sampleSize":5402,"normalizedSampleSize":0.534,"averageTravelTime":0.51,"medianTravelTime":0.46,"travelTimeRatio":1.17,"speedPercentiles":[35,41,45,48,51,53,55,57,60,62,64,66,68,70,72,75,77,81,87]},{"timeSet":15,"dateRange":1,"harmonicAverageSpeed":56.1,"medianSpeed":61.0,"averageSpeed":61.1,"standardDeviationSpeed":15.4,"travelTimeStandardDeviation":0.24,"sampleSize":5640,"normalizedSampleSize":0.5575,"averageTravelTime":0.51,"medianTravelTime":0.47,"travelTimeRatio":1.17,"speedPercentiles":[35,41,45,48,51,53,55,57,60,61,64,66,68,70,72,74,77,80,86]},{"timeSet":16,"dateRange":1,"harmonicAverageSpeed":55.9,"medianSpeed":61.0,"averageSpeed":60.6,"standardDeviationSpeed":15.2,"travelTimeStandardDeviation":0.18,"sampleSize":6326,"normalizedSampleSize":0.6253,"averageTravelTime":0.51,"medianTravelTime":0.47,"travelTimeRatio":1.18,"speedPercentiles":[35,41,45,48,51,53,55,57,59,61,63,64,67,69,71,73,76,79,84]},{"timeSet":17,"dateRange":1,"harmonicAverageSpeed":53.3,"medianSpeed":58.0,"averageSpeed":57.5,"standardDeviationSpeed":14.5,"travelTimeStandardDeviation":0.18,"sampleSize":7429,"normalizedSampleSize":0.7344,"averageTravelTime":0.53,"medianTravelTime":0.49,"travelTimeRatio":1.23,"speedPercentiles":[34,39,43,45,47,50,52,54,56,58,59,61,63,65,67,69,72,76,81]},{"timeSet":18,"dateRange":1,"harmonicAverageSpeed":51.2,"medianSpeed":56.0,"averageSpeed":55.9,"standardDeviationSpeed":14.6,"travelTimeStandardDeviation":0.23,"sampleSize":7038,"normalizedSampleSize":0.6957,"averageTravelTime":0.56,"medianTravelTime":0.51,"travelTimeRatio":1.29,"speedPercentiles":[32,38,41,44,46,48,50,52,54,56,58,60,61,63,65,68,71,74,79]},{"timeSet":19,"dateRange":1,"harmonicAverageSpeed":49.6,"medianSpeed":53.0,"averageSpeed":53.9,"standardDeviationSpeed":14.3,"travelTimeStandardDeviation":0.23,"sampleSize":7518,"normalizedSampleSize":0.7432,"averageTravelTime":0.57,"medianTravelTime":0.54,"travelTimeRatio":1.33,"speedPercentiles":[32,37,40,42,44,46,48,50,52,53,55,57,58,60,63,65,68,72,78]},{"timeSet":20,"dateRange":1,"harmonicAverageSpeed":48.9,"medianSpeed":52.0,"averageSpeed":53.0,"standardDeviationSpeed":14.1,"travelTimeStandardDeviation":0.19,"sampleSize":6897,"normalizedSampleSize":0.6818,"averageTravelTime":0.58,"medianTravelTime":0.55,"travelTimeRatio":1.34,"speedPercentiles":[32,36,39,41,43,45,47,49,51,52,54,56,58,60,62,64,68,71,77]},{"timeSet":21,"dateRange":1,"harmonicAverageSpeed":51.3,"medianSpeed":55.0,"averageSpeed":55.6,"standardDeviationSpeed":14.3,"travelTimeStandardDeviation":0.26,"sampleSize":6527,"normalizedSampleSize":0.6452,"averageTravelTime":0.56,"medianTravelTime":0.52,"travelTimeRatio":1.28,"speedPercentiles":[33,38,41,44,46,48,50,51,53,55,57,59,60,63,64,67,70,74,80]},{"timeSet":22,"dateRange":1,"harmonicAverageSpeed":55.1,"medianSpeed":59.0,"averageSpeed":59.4,"standardDeviationSpeed":15.1,"travelTimeStandardDeviation":0.16,"sampleSize":5476,"normalizedSampleSize":0.5413,"averageTravelTime":0.52,"medianTravelTime":0.48,"travelTimeRatio":1.19,"speedPercentiles":[36,41,44,47,49,51,53,55,57,59,61,63,65,67,69,71,74,79,85]},{"timeSet":23,"dateRange":1,"harmonicAverageSpeed":60.1,"medianSpeed":66.0,"averageSpeed":66.1,"standardDeviationSpeed":18.3,"travelTimeStandardDeviation":0.24,"sampleSize":2639,"normalizedSampleSize":0.2609,"averageTravelTime":0.47,"medianTravelTime":0.43,"travelTimeRatio":1.09,"speedPercentiles":[38,44,47,51,53,56,59,61,64,66,68,70,73,75,78,80,84,88,97]},{"timeSet":24,"dateRange":1,"harmonicAverageSpeed":59.9,"medianSpeed":64.0,"averageSpeed":65.1,"standardDeviationSpeed":17.8,"travelTimeStandardDeviation":0.16,"sampleSize":2245,"normalizedSampleSize":0.2219,"averageTravelTime":0.48,"medianTravelTime":0.44,"travelTimeRatio":1.1,"speedPercentiles":[39,43,47,50,52,55,57,59,62,64,67,69,72,74,77,80,83,87,95]},{"timeSet":25,"dateRange":1,"harmonicAverageSpeed":59.4,"medianSpeed":64.0,"averageSpeed":64.8,"standardDeviationSpeed":18.0,"travelTimeStandardDeviation":0.16,"sampleSize":2125,"normalizedSampleSize":0.2101,"averageTravelTime":0.48,"medianTravelTime":0.44,"travelTimeRatio":1.11,"speedPercentiles":[37,43,47,50,52,55,57,59,62,64,67,69,71,74,76,79,83,88,96]}]}},{"type":"Feature","geometry":{"type":"LineString","coordinates":[[12.47178,41.93514],[12.47181,41.93495],[12.47186,41.93461],[12.47186,41.93454]]},"properties":{"segmentId":13800006917856,"newSegmentId":"00004931-3600-0400-0000-0000034bba05","speedLimit":50,"frc":3,"streetName":"Corso di Francia","distance":66.81,"segmentTimeResults":[{"timeSet":2,"dateRange":1,"harmonicAverageSpeed":63.7,"medianSpeed":70.0,"averageSpeed":70.3,"standardDeviationSpeed":20.3,"travelTimeStandardDeviation":1.44,"sampleSize":862,"normalizedSampleSize":0.0852,"averageTravelTime":3.78,"medianTravelTime":3.44,"travelTimeRatio":1.0,"speedPercentiles":[38,43,49,53,57,60,62,65,68,70,73,75,78,80,83,87,91,96,104]},{"timeSet":3,"dateRange":1,"harmonicAverageSpeed":63.7,"medianSpeed":71.0,"averageSpeed":70.7,"standardDeviationSpeed":20.2,"travelTimeStandardDeviation":1.87,"sampleSize":475,"normalizedSampleSize":0.047,"averageTravelTime":3.78,"medianTravelTime":3.39,"travelTimeRatio":1.0,"speedPercentiles":[37,46,50,56,59,61,63,66,69,71,72,75,77,79,82,85,88,93,106]},{"timeSet":4,"dateRange":1,"harmonicAverageSpeed":64.1,"medianSpeed":70.0,"averageSpeed":71.5,"standardDeviationSpeed":22.2,"travelTimeStandardDeviation":1.42,"sampleSize":250,"normalizedSampleSize":0.0247,"averageTravelTime":3.76,"medianTravelTime":3.44,"travelTimeRatio":0.99,"speedPercentiles":[35,44,49,53,57,61,62,65,66,70,72,75,78,81,86,89,94,100,109]},{"timeSet":5,"dateRange":1,"harmonicAverageSpeed":66.5,"medianSpeed":70.0,"averageSpeed":72.7,"standardDeviationSpeed":20.2,"travelTimeStandardDeviation":1.25,"sampleSize":137,"normalizedSampleSize":0.0135,"averageTravelTime":3.62,"medianTravelTime":3.44,"travelTimeRatio":0.96,"speedPercentiles":[38,46,53,59,61,64,66,67,70,70,74,77,81,82,84,86,91,99,104]},{"timeSet":6,"dateRange":1,"harmonicAverageSpeed":67.8,"medianSpeed":77.0,"averageSpeed":75.8,"standardDeviationSpeed":22.6,"travelTimeStandardDeviation":1.44,"sampleSize":197,"normalizedSampleSize":0.0195,"averageTravelTime":3.55,"medianTravelTime":3.12,"travelTimeRatio":0.94,"speedPercentiles":[36,47,51,55,59,64,67,72,75,77,79,82,85,89,94,95,97,105,112]},{"timeSet":7,"dateRange":1,"harmonicAverageSpeed":63.0,"medianSpeed":74.0,"averageSpeed":71.2,"standardDeviationSpeed":20.7,"travelTimeStandardDeviation":1.72,"sampleSize":812,"normalizedSampleSize":0.0803,"averageTravelTime":3.82,"medianTravelTime":3.25,"travelTimeRatio":1.01,"speedPercentiles":[34,41,46,53,57,62,66,69,71,74,77,78,81,83,86,88,91,96,100]},{"timeSet":8,"dateRange":1,"harmonicAverageSpeed":59.6,"medianSpeed":68.0,"averageSpeed":65.8,"standardDeviationSpeed":17.0,"travelTimeStandardDeviation":2.19,"sampleSize":2405,"normalizedSampleSize":0.2377,"averageTravelTime":4.04,"medianTravelTime":3.54,"travelTimeRatio":1.07,"speedPercentiles":[36,41,46,51,55,58,61,64,66,68,69,71,73,75,77,79,82,86,91]},{"timeSet":9,"dateRange":1,"harmonicAverageSpeed":48.6,"medianSpeed":55.0,"averageSpeed":54.1,"standardDeviationSpeed":15.5,"travelTimeStandardDeviation":2.16,"sampleSize":7839,"normalizedSampleSize":0.7749,"averageTravelTime":4.95,"medianTravelTime":4.37,"travelTimeRatio":1.31,"speedPercentiles":[29,33,37,40,43,46,48,50,53,55,57,59,61,63,65,67,70,74,79]},{"timeSet":10,"dateRange":1,"harmonicAverageSpeed":45.1,"medianSpeed":51.0,"averageSpeed":50.7,"standardDeviationSpeed":15.2,"travelTimeStandardDeviation":2.46,"sampleSize":9734,"normalizedSampleSize":0.9622,"averageTravelTime":5.33,"medianTravelTime":4.72,"travelTimeRatio":1.41,"speedPercentiles":[27,31,34,37,39,42,45,47,49,51,53,55,57,59,61,63,66,70,76]},{"timeSet":11,"dateRange":1,"harmonicAverageSpeed":47.6,"medianSpeed":54.0,"averageSpeed":53.3,"standardDeviationSpeed":15.5,"travelTimeStandardDeviation":2.41,"sampleSize":8471,"normalizedSampleSize":0.8374,"averageTravelTime":5.05,"medianTravelTime":4.45,"travelTimeRatio":1.34,"speedPercentiles":[29,33,36,39,42,45,47,50,52,54,56,57,59,62,64,66,69,73,78]},{"timeSet":12,"dateRange":1,"harmonicAverageSpeed":51.8,"medianSpeed":59.0,"averageSpeed":57.6,"standardDeviationSpeed":16.1,"travelTimeStandardDeviation":2.14,"sampleSize":6467,"normalizedSampleSize":0.6393,"averageTravelTime":4.65,"medianTravelTime":4.08,"travelTimeRatio":1.23,"speedPercentiles":[31,36,40,43,46,49,52,54,56,59,61,63,65,67,69,71,74,77,83]},{"timeSet":13,"dateRange":1,"harmonicAverageSpeed":52.9,"medianSpeed":61.0,"averageSpeed":59.4,"standardDeviationSpeed":17.1,"travelTimeStandardDeviation":2.45,"sampleSize":5638,"normalizedSampleSize":0.5573,"averageTravelTime":4.54,"medianTravelTime":3.94,"travelTimeRatio":1.2,"speedPercentiles":[31,36,40,43,47,50,53,56,58,61,63,65,67,69,71,74,77,81,86]},{"timeSet":14,"dateRange":1,"harmonicAverageSpeed":54.3,"medianSpeed":62.0,"averageSpeed":60.7,"standardDeviationSpeed":17.1,"travelTimeStandardDeviation":2.74,"sampleSize":5384,"normalizedSampleSize":0.5322,"averageTravelTime":4.43,"medianTravelTime":3.88,"travelTimeRatio":1.17,"speedPercentiles":[33,37,41,45,48,52,54,57,59,62,64,66,68,70,73,75,78,81,87]},{"timeSet":15,"dateRange":1,"harmonicAverageSpeed":54.0,"medianSpeed":61.0,"averageSpeed":60.1,"standardDeviationSpeed":16.8,"travelTimeStandardDeviation":2.13,"sampleSize":5626,"normalizedSampleSize":0.5561,"averageTravelTime":4.45,"medianTravelTime":3.94,"travelTimeRatio":1.18,"speedPercentiles":[33,37,41,44,47,51,54,57,59,61,64,66,68,70,72,74,77,80,85]},{"timeSet":16,"dateRange":1,"harmonicAverageSpeed":53.4,"medianSpeed":61.0,"averageSpeed":59.4,"standardDeviationSpeed":16.6,"travelTimeStandardDeviation":2.32,"sampleSize":6313,"normalizedSampleSize":0.6241,"averageTravelTime":4.51,"medianTravelTime":3.94,"travelTimeRatio":1.19,"speedPercentiles":[32,37,40,44,48,51,54,56,59,61,63,65,67,69,71,73,76,79,85]},{"timeSet":17,"dateRange":1,"harmonicAverageSpeed":51.3,"medianSpeed":57.0,"averageSpeed":56.5,"standardDeviationSpeed":15.8,"travelTimeStandardDeviation":1.75,"sampleSize":7407,"normalizedSampleSize":0.7322,"averageTravelTime":4.69,"medianTravelTime":4.22,"travelTimeRatio":1.24,"speedPercentiles":[31,35,39,42,45,48,50,53,55,57,59,61,63,65,67,70,73,76,82]},{"timeSet":18,"dateRange":1,"harmonicAverageSpeed":48.7,"medianSpeed":56.0,"averageSpeed":54.8,"standardDeviationSpeed":16.0,"travelTimeStandardDeviation":2.65,"sampleSize":7011,"normalizedSampleSize":0.6931,"averageTravelTime":4.94,"medianTravelTime":4.29,"travelTimeRatio":1.31,"speedPercentiles":[29,33,37,40,43,46,48,51,54,56,58,60,62,64,66,68,71,74,80]},{"timeSet":19,"dateRange":1,"harmonicAverageSpeed":48.0,"medianSpeed":53.0,"averageSpeed":53.0,"standardDeviationSpeed":15.3,"travelTimeStandardDeviation":1.97,"sampleSize":7485,"normalizedSampleSize":0.7399,"averageTravelTime":5.01,"medianTravelTime":4.54,"travelTimeRatio":1.33,"speedPercentiles":[29,33,37,39,42,44,47,49,51,53,55,57,59,61,63,65,68,72,78]},{"timeSet":20,"dateRange":1,"harmonicAverageSpeed":46.9,"medianSpeed":52.0,"averageSpeed":51.9,"standardDeviationSpeed":15.2,"travelTimeStandardDeviation":2.06,"sampleSize":6872,"normalizedSampleSize":0.6793,"averageTravelTime":5.13,"medianTravelTime":4.63,"travelTimeRatio":1.36,"speedPercentiles":[29,32,35,38,41,43,46,48,50,52,54,56,58,60,62,64,68,71,77]},{"timeSet":21,"dateRange":1,"harmonicAverageSpeed":49.2,"medianSpeed":55.0,"averageSpeed":54.4,"standardDeviationSpeed":15.5,"travelTimeStandardDeviation":2.09,"sampleSize":6504,"normalizedSampleSize":0.6429,"averageTravelTime":4.89,"medianTravelTime":4.37,"travelTimeRatio":1.29,"speedPercentiles":[30,34,37,40,44,46,48,50,53,55,57,59,60,62,65,67,70,74,80]},{"timeSet":22,"dateRange":1,"harmonicAverageSpeed":53.2,"medianSpeed":59.0,"averageSpeed":58.4,"standardDeviationSpeed":16.3,"travelTimeStandardDeviation":1.69,"sampleSize":5465,"normalizedSampleSize":0.5402,"averageTravelTime":4.52,"medianTravelTime":4.08,"travelTimeRatio":1.2,"speedPercentiles":[32,37,40,44,47,50,52,55,57,59,61,63,65,66,69,71,74,79,85]},{"timeSet":23,"dateRange":1,"harmonicAverageSpeed":57.2,"medianSpeed":66.0,"averageSpeed":64.8,"standardDeviationSpeed":20.0,"travelTimeStandardDeviation":2.11,"sampleSize":2630,"normalizedSampleSize":0.26,"averageTravelTime":4.21,"medianTravelTime":3.64,"travelTimeRatio":1.11,"speedPercentiles":[33,38,43,46,51,54,57,60,63,66,68,70,73,75,78,81,84,89,98]},{"timeSet":24,"dateRange":1,"harmonicAverageSpeed":56.3,"medianSpeed":63.0,"averageSpeed":63.2,"standardDeviationSpeed":19.8,"travelTimeStandardDeviation":1.67,"sampleSize":2235,"normalizedSampleSize":0.2209,"averageTravelTime":4.27,"medianTravelTime":3.82,"travelTimeRatio":1.13,"speedPercentiles":[32,37,41,44,48,51,56,58,61,63,66,69,71,74,77,80,84,88,95]},{"timeSet":25,"dateRange":1,"harmonicAverageSpeed":55.7,"medianSpeed":63.0,"averageSpeed":62.7,"standardDeviationSpeed":19.9,"travelTimeStandardDeviation":1.68,"sampleSize":2117,"normalizedSampleSize":0.2093,"averageTravelTime":4.32,"medianTravelTime":3.82,"travelTimeRatio":1.14,"speedPercentiles":[32,37,41,44,47,50,54,57,60,63,66,68,71,73,76,79,83,88,96]}]}},{"type":"Feature","geometry":{"type":"LineString","coordinates":[[12.47186,41.93454],[12.47188,41.93443]]},"properties":{"segmentId":13800007335858,"newSegmentId":"00004931-3600-0400-0000-0000034bba0f","speedLimit":50,"frc":3,"streetName":"Corso di Francia","distance":12.63,"segmentTimeResults":[{"timeSet":2,"dateRange":1,"harmonicAverageSpeed":65.8,"medianSpeed":73.0,"averageSpeed":72.8,"standardDeviationSpeed":20.3,"travelTimeStandardDeviation":0.3,"sampleSize":805,"normalizedSampleSize":0.0796,"averageTravelTime":0.69,"medianTravelTime":0.62,"travelTimeRatio":1.0,"speedPercentiles":[40,48,53,57,60,62,65,68,70,73,75,78,80,82,85,88,92,98,107]},{"timeSet":3,"dateRange":1,"harmonicAverageSpeed":67.2,"medianSpeed":73.0,"averageSpeed":73.8,"standardDeviationSpeed":19.5,"travelTimeStandardDeviation":0.35,"sampleSize":433,"normalizedSampleSize":0.0428,"averageTravelTime":0.68,"medianTravelTime":0.62,"travelTimeRatio":0.98,"speedPercentiles":[44,52,57,60,62,64,66,68,70,73,75,77,79,81,84,87,91,97,110]},{"timeSet":4,"dateRange":1,"harmonicAverageSpeed":66.6,"medianSpeed":72.0,"averageSpeed":73.9,"standardDeviationSpeed":22.0,"travelTimeStandardDeviation":0.26,"sampleSize":231,"normalizedSampleSize":0.0228,"averageTravelTime":0.68,"medianTravelTime":0.63,"travelTimeRatio":0.99,"speedPercentiles":[40,47,54,57,61,63,65,66,70,72,75,77,80,83,88,92,95,101,112]},{"timeSet":5,"dateRange":1,"harmonicAverageSpeed":66.4,"medianSpeed":72.0,"averageSpeed":74.7,"standardDeviationSpeed":20.3,"travelTimeStandardDeviation":0.43,"sampleSize":131,"normalizedSampleSize":0.0129,"averageTravelTime":0.69,"medianTravelTime":0.63,"travelTimeRatio":0.99,"speedPercentiles":[38,53,56,60,64,66,68,70,70,72,76,79,82,84,85,88,95,99,106]},{"timeSet":6,"dateRange":1,"harmonicAverageSpeed":73.0,"medianSpeed":79.0,"averageSpeed":79.6,"standardDeviationSpeed":21.2,"travelTimeStandardDeviation":0.22,"sampleSize":178,"normalizedSampleSize":0.0176,"averageTravelTime":0.62,"medianTravelTime":0.58,"travelTimeRatio":0.9,"speedPercentiles":[44,53,56,61,67,69,73,76,77,79,82,84,86,92,95,97,99,106,114]},{"timeSet":7,"dateRange":1,"harmonicAverageSpeed":70.8,"medianSpeed":77.0,"averageSpeed":75.9,"standardDeviationSpeed":17.9,"travelTimeStandardDeviation":0.2,"sampleSize":732,"normalizedSampleSize":0.0724,"averageTravelTime":0.64,"medianTravelTime":0.59,"travelTimeRatio":0.93,"speedPercentiles":[44,52,56,61,64,68,70,72,75,77,80,81,84,86,88,90,94,98,101]},{"timeSet":8,"dateRange":1,"harmonicAverageSpeed":63.7,"medianSpeed":70.0,"averageSpeed":68.8,"standardDeviationSpeed":16.1,"travelTimeStandardDeviation":0.34,"sampleSize":2212,"normalizedSampleSize":0.2187,"averageTravelTime":0.71,"medianTravelTime":0.65,"travelTimeRatio":1.03,"speedPercentiles":[40,46,52,56,59,62,64,67,68,70,72,74,76,77,79,81,84,88,93]},{"timeSet":9,"dateRange":1,"harmonicAverageSpeed":54.0,"medianSpeed":59.0,"averageSpeed":58.7,"standardDeviationSpeed":14.4,"travelTimeStandardDeviation":0.4,"sampleSize":6487,"normalizedSampleSize":0.6413,"averageTravelTime":0.84,"medianTravelTime":0.77,"travelTimeRatio":1.22,"speedPercentiles":[35,41,45,47,50,52,54,55,57,59,61,62,64,66,68,70,73,77,82]},{"timeSet":10,"dateRange":1,"harmonicAverageSpeed":48.3,"medianSpeed":55.0,"averageSpeed":54.4,"standardDeviationSpeed":15.0,"travelTimeStandardDeviation":0.67,"sampleSize":8025,"normalizedSampleSize":0.7933,"averageTravelTime":0.94,"medianTravelTime":0.83,"travelTimeRatio":1.36,"speedPercentiles":[29,34,39,43,46,48,50,51,53,55,56,58,60,62,64,66,69,73,78]},{"timeSet":11,"dateRange":1,"harmonicAverageSpeed":50.1,"medianSpeed":57.0,"averageSpeed":56.2,"standardDeviationSpeed":15.4,"travelTimeStandardDeviation":0.57,"sampleSize":7438,"normalizedSampleSize":0.7353,"averageTravelTime":0.91,"medianTravelTime":0.8,"travelTimeRatio":1.31,"speedPercentiles":[30,36,40,44,47,49,51,53,55,57,59,60,62,64,66,68,71,75,81]},{"timeSet":12,"dateRange":1,"harmonicAverageSpeed":54.4,"medianSpeed":62.0,"averageSpeed":60.7,"standardDeviationSpeed":16.0,"travelTimeStandardDeviation":0.47,"sampleSize":5819,"normalizedSampleSize":0.5752,"averageTravelTime":0.84,"medianTravelTime":0.73,"travelTimeRatio":1.21,"speedPercentiles":[33,40,44,48,51,53,55,57,60,62,64,66,68,69,71,74,76,80,85]},{"timeSet":13,"dateRange":1,"harmonicAverageSpeed":54.9,"medianSpeed":64.0,"averageSpeed":62.3,"standardDeviationSpeed":17.2,"travelTimeStandardDeviation":0.66,"sampleSize":5133,"normalizedSampleSize":0.5074,"averageTravelTime":0.83,"medianTravelTime":0.71,"travelTimeRatio":1.2,"speedPercentiles":[33,39,44,48,51,54,57,59,61,64,66,68,70,72,74,77,79,83,89]},{"timeSet":14,"dateRange":1,"harmonicAverageSpeed":56.0,"medianSpeed":65.0,"averageSpeed":63.3,"standardDeviationSpeed":17.4,"travelTimeStandardDeviation":0.65,"sampleSize":4928,"normalizedSampleSize":0.4871,"averageTravelTime":0.81,"medianTravelTime":0.7,"travelTimeRatio":1.18,"speedPercentiles":[33,40,45,49,52,55,58,60,63,65,67,69,71,73,75,77,80,84,90]},{"timeSet":15,"dateRange":1,"harmonicAverageSpeed":55.1,"medianSpeed":64.0,"averageSpeed":62.6,"standardDeviationSpeed":17.3,"travelTimeStandardDeviation":0.49,"sampleSize":5138,"normalizedSampleSize":0.5079,"averageTravelTime":0.83,"medianTravelTime":0.71,"travelTimeRatio":1.19,"speedPercentiles":[32,38,44,48,52,55,58,60,62,64,66,68,70,72,75,77,79,83,88]},{"timeSet":16,"dateRange":1,"harmonicAverageSpeed":54.3,"medianSpeed":64.0,"averageSpeed":62.1,"standardDeviationSpeed":16.9,"travelTimeStandardDeviation":0.8,"sampleSize":5686,"normalizedSampleSize":0.5621,"averageTravelTime":0.84,"medianTravelTime":0.71,"travelTimeRatio":1.21,"speedPercentiles":[33,38,44,49,52,54,57,60,62,64,66,68,69,71,73,76,78,81,87]},{"timeSet":17,"dateRange":1,"harmonicAverageSpeed":52.6,"medianSpeed":60.0,"averageSpeed":59.3,"standardDeviationSpeed":16.1,"travelTimeStandardDeviation":0.53,"sampleSize":6506,"normalizedSampleSize":0.6431,"averageTravelTime":0.87,"medianTravelTime":0.76,"travelTimeRatio":1.25,"speedPercentiles":[31,38,43,47,49,52,54,56,59,60,62,64,66,68,70,72,75,79,84]},{"timeSet":18,"dateRange":1,"harmonicAverageSpeed":51.5,"medianSpeed":59.0,"averageSpeed":58.1,"standardDeviationSpeed":16.0,"travelTimeStandardDeviation":0.56,"sampleSize":6124,"normalizedSampleSize":0.6054,"averageTravelTime":0.88,"medianTravelTime":0.77,"travelTimeRatio":1.28,"speedPercentiles":[30,36,42,45,48,51,53,55,57,59,61,63,65,67,68,71,73,77,82]},{"timeSet":19,"dateRange":1,"harmonicAverageSpeed":48.5,"medianSpeed":56.0,"averageSpeed":55.6,"standardDeviationSpeed":15.7,"travelTimeStandardDeviation":0.67,"sampleSize":6546,"normalizedSampleSize":0.6471,"averageTravelTime":0.94,"medianTravelTime":0.81,"travelTimeRatio":1.36,"speedPercentiles":[29,36,40,44,46,48,51,52,54,56,58,60,62,63,65,68,71,75,80]},{"timeSet":20,"dateRange":1,"harmonicAverageSpeed":49.2,"medianSpeed":55.0,"averageSpeed":55.0,"standardDeviationSpeed":14.9,"travelTimeStandardDeviation":0.59,"sampleSize":5931,"normalizedSampleSize":0.5863,"averageTravelTime":0.92,"medianTravelTime":0.83,"travelTimeRatio":1.34,"speedPercentiles":[30,36,41,43,46,48,50,51,53,55,56,58,60,62,64,67,69,73,79]},{"timeSet":21,"dateRange":1,"harmonicAverageSpeed":49.9,"medianSpeed":57.0,"averageSpeed":57.1,"standardDeviationSpeed":15.5,"travelTimeStandardDeviation":1.09,"sampleSize":5745,"normalizedSampleSize":0.5679,"averageTravelTime":0.91,"medianTravelTime":0.8,"travelTimeRatio":1.32,"speedPercentiles":[32,38,42,45,48,50,52,53,55,57,59,61,63,65,67,69,72,76,82]},{"timeSet":22,"dateRange":1,"harmonicAverageSpeed":53.6,"medianSpeed":61.0,"averageSpeed":60.5,"standardDeviationSpeed":16.5,"travelTimeStandardDeviation":0.64,"sampleSize":5035,"normalizedSampleSize":0.4977,"averageTravelTime":0.85,"medianTravelTime":0.75,"travelTimeRatio":1.23,"speedPercentiles":[34,40,44,47,50,53,55,57,59,61,63,65,66,68,71,73,77,81,87]},{"timeSet":23,"dateRange":1,"harmonicAverageSpeed":61.1,"medianSpeed":69.0,"averageSpeed":68.2,"standardDeviationSpeed":19.6,"travelTimeStandardDeviation":0.34,"sampleSize":2364,"normalizedSampleSize":0.2337,"averageTravelTime":0.74,"medianTravelTime":0.66,"travelTimeRatio":1.08,"speedPercentiles":[35,44,48,52,56,59,62,64,67,69,71,73,75,78,80,83,87,91,101]},{"timeSet":24,"dateRange":1,"harmonicAverageSpeed":59.1,"medianSpeed":68.0,"averageSpeed":67.1,"standardDeviationSpeed":19.7,"travelTimeStandardDeviation":0.41,"sampleSize":1938,"normalizedSampleSize":0.1916,"averageTravelTime":0.77,"medianTravelTime":0.67,"travelTimeRatio":1.11,"speedPercentiles":[33,42,47,51,55,58,60,63,65,68,70,72,75,77,80,83,86,91,98]},{"timeSet":25,"dateRange":1,"harmonicAverageSpeed":55.1,"medianSpeed":66.0,"averageSpeed":65.1,"standardDeviationSpeed":21.3,"travelTimeStandardDeviation":0.52,"sampleSize":1892,"normalizedSampleSize":0.187,"averageTravelTime":0.83,"medianTravelTime":0.69,"travelTimeRatio":1.19,"speedPercentiles":[27,36,43,48,52,55,58,61,63,66,68,71,73,76,78,81,86,91,98]}]}},{"type":"Feature","geometry":{"type":"LineString","coordinates":[[12.47188,41.93443],[12.47191,41.93426]]},"properties":{"segmentId":13800007335859,"newSegmentId":"00004931-3600-0400-0000-0000034bba10","speedLimit":50,"frc":3,"streetName":"Corso di Francia","distance":19.4,"segmentTimeResults":[{"timeSet":2,"dateRange":1,"harmonicAverageSpeed":66.2,"medianSpeed":73.0,"averageSpeed":72.9,"standardDeviationSpeed":20.4,"travelTimeStandardDeviation":0.41,"sampleSize":805,"normalizedSampleSize":0.0796,"averageTravelTime":1.06,"medianTravelTime":0.96,"travelTimeRatio":1.0,"speedPercentiles":[40,48,53,57,59,62,64,68,70,73,75,77,79,82,86,88,92,98,107]},{"timeSet":3,"dateRange":1,"harmonicAverageSpeed":67.3,"medianSpeed":73.0,"averageSpeed":73.8,"standardDeviationSpeed":19.6,"travelTimeStandardDeviation":0.53,"sampleSize":433,"normalizedSampleSize":0.0428,"averageTravelTime":1.04,"medianTravelTime":0.96,"travelTimeRatio":0.98,"speedPercentiles":[44,52,57,59,61,64,66,68,70,73,76,78,79,82,84,87,91,97,110]},{"timeSet":4,"dateRange":1,"harmonicAverageSpeed":67.0,"medianSpeed":72.0,"averageSpeed":74.1,"standardDeviationSpeed":22.2,"travelTimeStandardDeviation":0.39,"sampleSize":231,"normalizedSampleSize":0.0228,"averageTravelTime":1.04,"medianTravelTime":0.97,"travelTimeRatio":0.99,"speedPercentiles":[42,48,54,57,60,62,65,67,70,72,75,78,80,84,89,92,95,101,112]},{"timeSet":5,"dateRange":1,"harmonicAverageSpeed":69.0,"medianSpeed":72.0,"averageSpeed":75.1,"standardDeviationSpeed":19.9,"travelTimeStandardDeviation":0.38,"sampleSize":131,"normalizedSampleSize":0.0129,"averageTravelTime":1.01,"medianTravelTime":0.97,"travelTimeRatio":0.96,"speedPercentiles":[45,53,55,61,63,66,67,70,70,72,76,80,82,84,85,89,95,99,106]},{"timeSet":6,"dateRange":1,"harmonicAverageSpeed":72.5,"medianSpeed":79.0,"averageSpeed":79.2,"standardDeviationSpeed":21.5,"travelTimeStandardDeviation":0.33,"sampleSize":178,"normalizedSampleSize":0.0176,"averageTravelTime":0.96,"medianTravelTime":0.88,"travelTimeRatio":0.91,"speedPercentiles":[44,53,56,60,64,67,72,75,76,79,82,84,87,92,94,97,99,106,114]},{"timeSet":7,"dateRange":1,"harmonicAverageSpeed":71.0,"medianSpeed":77.0,"averageSpeed":76.1,"standardDeviationSpeed":18.0,"travelTimeStandardDeviation":0.3,"sampleSize":732,"normalizedSampleSize":0.0724,"averageTravelTime":0.98,"medianTravelTime":0.91,"travelTimeRatio":0.93,"speedPercentiles":[44,52,57,61,64,68,70,72,75,77,80,81,84,86,88,91,94,98,102]},{"timeSet":8,"dateRange":1,"harmonicAverageSpeed":64.0,"medianSpeed":70.0,"averageSpeed":69.0,"standardDeviationSpeed":16.1,"travelTimeStandardDeviation":0.5,"sampleSize":2211,"normalizedSampleSize":0.2186,"averageTravelTime":1.09,"medianTravelTime":1.0,"travelTimeRatio":1.03,"speedPercentiles":[40,47,52,56,59,62,64,66,68,70,72,74,76,77,79,81,84,89,93]},{"timeSet":9,"dateRange":1,"harmonicAverageSpeed":54.9,"medianSpeed":59.0,"averageSpeed":59.0,"standardDeviationSpeed":14.1,"travelTimeStandardDeviation":0.43,"sampleSize":6486,"normalizedSampleSize":0.6412,"averageTravelTime":1.27,"medianTravelTime":1.18,"travelTimeRatio":1.21,"speedPercentiles":[35,41,45,48,50,53,54,56,58,59,61,62,64,66,68,70,73,76,82]},{"timeSet":10,"dateRange":1,"harmonicAverageSpeed":49.6,"medianSpeed":55.0,"averageSpeed":54.7,"standardDeviationSpeed":14.6,"travelTimeStandardDeviation":0.72,"sampleSize":8023,"normalizedSampleSize":0.7931,"averageTravelTime":1.41,"medianTravelTime":1.27,"travelTimeRatio":1.33,"speedPercentiles":[29,35,39,44,46,48,50,52,54,55,57,59,60,62,64,66,69,72,78]},{"timeSet":11,"dateRange":1,"harmonicAverageSpeed":51.0,"medianSpeed":57.0,"averageSpeed":56.5,"standardDeviationSpeed":15.0,"travelTimeStandardDeviation":1.02,"sampleSize":7434,"normalizedSampleSize":0.7349,"averageTravelTime":1.37,"medianTravelTime":1.23,"travelTimeRatio":1.3,"speedPercentiles":[30,36,41,44,47,50,52,54,55,57,59,60,62,64,66,68,71,74,80]},{"timeSet":12,"dateRange":1,"harmonicAverageSpeed":55.7,"medianSpeed":62.0,"averageSpeed":60.9,"standardDeviationSpeed":15.7,"travelTimeStandardDeviation":0.51,"sampleSize":5820,"normalizedSampleSize":0.5753,"averageTravelTime":1.25,"medianTravelTime":1.13,"travelTimeRatio":1.19,"speedPercentiles":[34,40,45,48,51,54,56,58,60,62,64,65,67,69,72,74,76,80,85]},{"timeSet":13,"dateRange":1,"harmonicAverageSpeed":56.1,"medianSpeed":64.0,"averageSpeed":62.7,"standardDeviationSpeed":17.0,"travelTimeStandardDeviation":0.97,"sampleSize":5129,"normalizedSampleSize":0.507,"averageTravelTime":1.24,"medianTravelTime":1.09,"travelTimeRatio":1.18,"speedPercentiles":[33,39,44,48,52,55,57,59,62,64,66,68,70,72,74,76,79,83,89]},{"timeSet":14,"dateRange":1,"harmonicAverageSpeed":57.8,"medianSpeed":65.0,"averageSpeed":63.6,"standardDeviationSpeed":17.1,"travelTimeStandardDeviation":0.46,"sampleSize":4936,"normalizedSampleSize":0.4879,"averageTravelTime":1.21,"medianTravelTime":1.07,"travelTimeRatio":1.14,"speedPercentiles":[34,40,45,49,53,56,58,60,63,65,67,69,71,73,75,78,80,84,90]},{"timeSet":15,"dateRange":1,"harmonicAverageSpeed":56.8,"medianSpeed":64.0,"averageSpeed":62.9,"standardDeviationSpeed":17.0,"travelTimeStandardDeviation":0.51,"sampleSize":5135,"normalizedSampleSize":0.5076,"averageTravelTime":1.23,"medianTravelTime":1.09,"travelTimeRatio":1.17,"speedPercentiles":[32,39,44,49,53,55,58,60,62,64,67,68,70,73,75,77,79,83,88]},{"timeSet":16,"dateRange":1,"harmonicAverageSpeed":56.5,"medianSpeed":64.0,"averageSpeed":62.4,"standardDeviationSpeed":16.6,"travelTimeStandardDeviation":0.51,"sampleSize":5690,"normalizedSampleSize":0.5625,"averageTravelTime":1.24,"medianTravelTime":1.09,"travelTimeRatio":1.17,"speedPercentiles":[33,39,45,49,52,55,58,60,62,64,66,68,69,71,73,76,78,81,87]},{"timeSet":17,"dateRange":1,"harmonicAverageSpeed":54.4,"medianSpeed":60.0,"averageSpeed":59.7,"standardDeviationSpeed":15.6,"travelTimeStandardDeviation":0.5,"sampleSize":6501,"normalizedSampleSize":0.6426,"averageTravelTime":1.28,"medianTravelTime":1.16,"travelTimeRatio":1.22,"speedPercentiles":[32,39,44,47,50,53,55,57,59,60,62,64,66,68,70,72,75,78,84]},{"timeSet":18,"dateRange":1,"harmonicAverageSpeed":52.6,"medianSpeed":59.0,"averageSpeed":58.3,"standardDeviationSpeed":15.6,"travelTimeStandardDeviation":0.73,"sampleSize":6119,"normalizedSampleSize":0.6049,"averageTravelTime":1.33,"medianTravelTime":1.18,"travelTimeRatio":1.26,"speedPercentiles":[30,37,42,46,49,52,54,56,57,59,61,63,65,66,68,70,73,76,82]},{"timeSet":19,"dateRange":1,"harmonicAverageSpeed":50.7,"medianSpeed":56.0,"averageSpeed":55.9,"standardDeviationSpeed":15.0,"travelTimeStandardDeviation":0.59,"sampleSize":6539,"normalizedSampleSize":0.6464,"averageTravelTime":1.38,"medianTravelTime":1.25,"travelTimeRatio":1.31,"speedPercentiles":[30,36,41,44,47,49,51,53,55,56,58,60,61,63,65,67,70,74,79]},{"timeSet":20,"dateRange":1,"harmonicAverageSpeed":50.6,"medianSpeed":55.0,"averageSpeed":55.3,"standardDeviationSpeed":14.5,"travelTimeStandardDeviation":0.68,"sampleSize":5934,"normalizedSampleSize":0.5866,"averageTravelTime":1.38,"medianTravelTime":1.27,"travelTimeRatio":1.31,"speedPercentiles":[31,37,41,44,47,49,50,52,54,55,57,58,60,62,64,67,69,73,78]},{"timeSet":21,"dateRange":1,"harmonicAverageSpeed":52.3,"medianSpeed":58.0,"averageSpeed":57.4,"standardDeviationSpeed":15.0,"travelTimeStandardDeviation":0.65,"sampleSize":5749,"normalizedSampleSize":0.5683,"averageTravelTime":1.34,"medianTravelTime":1.2,"travelTimeRatio":1.27,"speedPercentiles":[32,38,43,46,48,50,52,54,56,58,59,61,63,64,67,69,72,76,81]},{"timeSet":22,"dateRange":1,"harmonicAverageSpeed":55.3,"medianSpeed":61.0,"averageSpeed":60.8,"standardDeviationSpeed":16.2,"travelTimeStandardDeviation":0.56,"sampleSize":5033,"normalizedSampleSize":0.4975,"averageTravelTime":1.26,"medianTravelTime":1.14,"travelTimeRatio":1.2,"speedPercentiles":[34,40,45,48,51,53,55,57,59,61,63,64,66,68,70,73,77,81,87]},{"timeSet":23,"dateRange":1,"harmonicAverageSpeed":61.9,"medianSpeed":69.0,"averageSpeed":68.4,"standardDeviationSpeed":19.4,"travelTimeStandardDeviation":0.44,"sampleSize":2365,"normalizedSampleSize":0.2338,"averageTravelTime":1.13,"medianTravelTime":1.01,"travelTimeRatio":1.07,"speedPercentiles":[36,44,48,52,56,59,62,64,67,69,71,73,76,78,80,84,87,92,101]},{"timeSet":24,"dateRange":1,"harmonicAverageSpeed":60.4,"medianSpeed":67.0,"averageSpeed":67.4,"standardDeviationSpeed":19.5,"travelTimeStandardDeviation":0.49,"sampleSize":1935,"normalizedSampleSize":0.1913,"averageTravelTime":1.16,"medianTravelTime":1.04,"travelTimeRatio":1.1,"speedPercentiles":[34,42,47,52,55,58,61,63,65,67,70,72,75,77,80,83,87,91,99]},{"timeSet":25,"dateRange":1,"harmonicAverageSpeed":55.7,"medianSpeed":66.0,"averageSpeed":65.3,"standardDeviationSpeed":21.1,"travelTimeStandardDeviation":0.88,"sampleSize":1898,"normalizedSampleSize":0.1876,"averageTravelTime":1.25,"medianTravelTime":1.06,"travelTimeRatio":1.19,"speedPercentiles":[28,36,44,48,52,55,58,61,63,66,68,71,73,76,79,82,86,92,99]}]}},{"type":"Feature","geometry":{"type":"LineString","coordinates":[[12.47191,41.93426],[12.47192,41.93414]]},"properties":{"segmentId":13800007335860,"newSegmentId":"00004931-3600-0400-0000-0000034b9e33","speedLimit":50,"frc":3,"streetName":"Corso di Francia","distance":13.2,"segmentTimeResults":[{"timeSet":2,"dateRange":1,"harmonicAverageSpeed":67.6,"medianSpeed":73.0,"averageSpeed":73.7,"standardDeviationSpeed":20.4,"travelTimeStandardDeviation":0.23,"sampleSize":807,"normalizedSampleSize":0.0798,"averageTravelTime":0.7,"medianTravelTime":0.65,"travelTimeRatio":1.0,"speedPercentiles":[40,48,54,57,60,63,65,68,71,73,76,78,80,84,87,89,93,100,109]},{"timeSet":3,"dateRange":1,"harmonicAverageSpeed":67.9,"medianSpeed":74.0,"averageSpeed":74.5,"standardDeviationSpeed":19.7,"travelTimeStandardDeviation":0.36,"sampleSize":434,"normalizedSampleSize":0.0429,"averageTravelTime":0.7,"medianTravelTime":0.64,"travelTimeRatio":1.0,"speedPercentiles":[44,52,57,59,62,64,66,68,71,74,76,78,81,83,85,88,91,98,111]},{"timeSet":4,"dateRange":1,"harmonicAverageSpeed":68.5,"medianSpeed":73.0,"averageSpeed":75.2,"standardDeviationSpeed":22.2,"travelTimeStandardDeviation":0.24,"sampleSize":231,"normalizedSampleSize":0.0228,"averageTravelTime":0.69,"medianTravelTime":0.65,"travelTimeRatio":0.99,"speedPercentiles":[43,48,54,58,60,62,66,68,70,73,76,79,80,83,89,93,95,102,113]},{"timeSet":5,"dateRange":1,"harmonicAverageSpeed":70.5,"medianSpeed":73.0,"averageSpeed":75.6,"standardDeviationSpeed":19.5,"travelTimeStandardDeviation":0.2,"sampleSize":131,"normalizedSampleSize":0.0129,"averageTravelTime":0.67,"medianTravelTime":0.65,"travelTimeRatio":0.96,"speedPercentiles":[45,53,55,61,63,67,68,70,71,73,79,81,83,84,85,89,94,99,107]},{"timeSet":6,"dateRange":1,"harmonicAverageSpeed":72.9,"medianSpeed":80.0,"averageSpeed":79.5,"standardDeviationSpeed":21.4,"travelTimeStandardDeviation":0.22,"sampleSize":178,"normalizedSampleSize":0.0176,"averageTravelTime":0.65,"medianTravelTime":0.59,"travelTimeRatio":0.93,"speedPercentiles":[48,53,56,60,64,68,71,74,77,80,82,85,89,93,95,97,99,106,114]},{"timeSet":7,"dateRange":1,"harmonicAverageSpeed":71.7,"medianSpeed":78.0,"averageSpeed":76.9,"standardDeviationSpeed":18.3,"travelTimeStandardDeviation":0.21,"sampleSize":733,"normalizedSampleSize":0.0725,"averageTravelTime":0.66,"medianTravelTime":0.61,"travelTimeRatio":0.94,"speedPercentiles":[43,53,58,61,65,68,71,73,76,78,81,82,85,87,89,92,95,99,104]},{"timeSet":8,"dateRange":1,"harmonicAverageSpeed":65.0,"medianSpeed":71.0,"averageSpeed":69.9,"standardDeviationSpeed":16.1,"travelTimeStandardDeviation":0.33,"sampleSize":2210,"normalizedSampleSize":0.2185,"averageTravelTime":0.73,"medianTravelTime":0.67,"travelTimeRatio":1.04,"speedPercentiles":[41,48,53,57,59,63,65,67,69,71,73,75,76,78,80,82,85,89,94]},{"timeSet":9,"dateRange":1,"harmonicAverageSpeed":56.2,"medianSpeed":60.0,"averageSpeed":60.2,"standardDeviationSpeed":14.1,"travelTimeStandardDeviation":0.27,"sampleSize":6488,"normalizedSampleSize":0.6414,"averageTravelTime":0.85,"medianTravelTime":0.79,"travelTimeRatio":1.2,"speedPercentiles":[36,42,46,49,52,54,56,57,59,60,62,63,65,67,69,71,74,77,83]},{"timeSet":10,"dateRange":1,"harmonicAverageSpeed":51.4,"medianSpeed":57.0,"averageSpeed":56.1,"standardDeviationSpeed":14.6,"travelTimeStandardDeviation":0.36,"sampleSize":8036,"normalizedSampleSize":0.7944,"averageTravelTime":0.93,"medianTravelTime":0.83,"travelTimeRatio":1.32,"speedPercentiles":[30,36,41,45,48,50,52,54,55,57,58,60,61,63,65,67,70,73,79]},{"timeSet":11,"dateRange":1,"harmonicAverageSpeed":52.6,"medianSpeed":58.0,"averageSpeed":57.6,"standardDeviationSpeed":15.0,"travelTimeStandardDeviation":0.66,"sampleSize":7448,"normalizedSampleSize":0.7363,"averageTravelTime":0.9,"medianTravelTime":0.82,"travelTimeRatio":1.29,"speedPercentiles":[31,37,42,46,49,51,53,55,57,58,60,61,63,65,67,69,72,76,81]},{"timeSet":12,"dateRange":1,"harmonicAverageSpeed":57.3,"medianSpeed":63.0,"averageSpeed":62.1,"standardDeviationSpeed":15.6,"travelTimeStandardDeviation":0.31,"sampleSize":5822,"normalizedSampleSize":0.5755,"averageTravelTime":0.83,"medianTravelTime":0.75,"travelTimeRatio":1.18,"speedPercentiles":[35,41,45,50,53,55,57,59,61,63,65,66,68,70,72,75,77,81,86]},{"timeSet":13,"dateRange":1,"harmonicAverageSpeed":58.1,"medianSpeed":65.0,"averageSpeed":63.8,"standardDeviationSpeed":16.9,"travelTimeStandardDeviation":0.36,"sampleSize":5139,"normalizedSampleSize":0.508,"averageTravelTime":0.82,"medianTravelTime":0.73,"travelTimeRatio":1.16,"speedPercentiles":[35,40,45,49,53,56,58,61,63,65,67,69,71,73,75,77,80,84,91]},{"timeSet":14,"dateRange":1,"harmonicAverageSpeed":59.2,"medianSpeed":65.0,"averageSpeed":64.6,"standardDeviationSpeed":17.0,"travelTimeStandardDeviation":0.29,"sampleSize":4940,"normalizedSampleSize":0.4883,"averageTravelTime":0.8,"medianTravelTime":0.73,"travelTimeRatio":1.14,"speedPercentiles":[35,41,46,51,54,57,59,61,63,65,68,70,72,74,76,78,81,85,91]},{"timeSet":15,"dateRange":1,"harmonicAverageSpeed":58.7,"medianSpeed":65.0,"averageSpeed":64.1,"standardDeviationSpeed":16.8,"travelTimeStandardDeviation":0.29,"sampleSize":5143,"normalizedSampleSize":0.5084,"averageTravelTime":0.81,"medianTravelTime":0.73,"travelTimeRatio":1.15,"speedPercentiles":[34,40,45,50,54,57,59,61,63,65,68,69,71,73,75,78,80,84,90]},{"timeSet":16,"dateRange":1,"harmonicAverageSpeed":58.5,"medianSpeed":65.0,"averageSpeed":63.7,"standardDeviationSpeed":16.5,"travelTimeStandardDeviation":0.29,"sampleSize":5698,"normalizedSampleSize":0.5633,"averageTravelTime":0.81,"medianTravelTime":0.73,"travelTimeRatio":1.16,"speedPercentiles":[34,40,46,50,54,56,59,61,63,65,67,68,70,72,74,77,79,83,89]},{"timeSet":17,"dateRange":1,"harmonicAverageSpeed":56.3,"medianSpeed":61.0,"averageSpeed":61.0,"standardDeviationSpeed":15.4,"travelTimeStandardDeviation":0.28,"sampleSize":6510,"normalizedSampleSize":0.6435,"averageTravelTime":0.84,"medianTravelTime":0.78,"travelTimeRatio":1.2,"speedPercentiles":[34,40,45,49,52,54,56,58,60,61,63,65,67,69,71,73,76,79,85]},{"timeSet":18,"dateRange":1,"harmonicAverageSpeed":54.3,"medianSpeed":60.0,"averageSpeed":59.5,"standardDeviationSpeed":15.5,"travelTimeStandardDeviation":0.43,"sampleSize":6132,"normalizedSampleSize":0.6062,"averageTravelTime":0.88,"medianTravelTime":0.79,"travelTimeRatio":1.25,"speedPercentiles":[32,38,44,47,50,53,55,57,59,60,62,64,66,67,69,71,74,78,84]},{"timeSet":19,"dateRange":1,"harmonicAverageSpeed":52.7,"medianSpeed":58.0,"averageSpeed":57.3,"standardDeviationSpeed":14.9,"travelTimeStandardDeviation":0.34,"sampleSize":6542,"normalizedSampleSize":0.6467,"averageTravelTime":0.9,"medianTravelTime":0.82,"travelTimeRatio":1.28,"speedPercentiles":[32,38,42,46,48,51,53,54,56,58,59,61,63,64,66,68,71,75,81]},{"timeSet":20,"dateRange":1,"harmonicAverageSpeed":52.3,"medianSpeed":57.0,"averageSpeed":56.7,"standardDeviationSpeed":14.4,"travelTimeStandardDeviation":0.43,"sampleSize":5942,"normalizedSampleSize":0.5874,"averageTravelTime":0.91,"medianTravelTime":0.83,"travelTimeRatio":1.29,"speedPercentiles":[32,38,43,46,48,50,52,54,55,57,58,60,61,63,65,68,70,74,80]},{"timeSet":21,"dateRange":1,"harmonicAverageSpeed":54.5,"medianSpeed":59.0,"averageSpeed":58.8,"standardDeviationSpeed":14.7,"travelTimeStandardDeviation":0.33,"sampleSize":5756,"normalizedSampleSize":0.569,"averageTravelTime":0.87,"medianTravelTime":0.81,"travelTimeRatio":1.24,"speedPercentiles":[34,40,44,47,50,52,54,56,57,59,60,62,64,66,68,70,73,77,83]},{"timeSet":22,"dateRange":1,"harmonicAverageSpeed":57.2,"medianSpeed":62.0,"averageSpeed":62.1,"standardDeviationSpeed":16.0,"travelTimeStandardDeviation":0.33,"sampleSize":5040,"normalizedSampleSize":0.4982,"averageTravelTime":0.83,"medianTravelTime":0.77,"travelTimeRatio":1.18,"speedPercentiles":[36,42,46,49,52,55,56,58,60,62,64,66,67,69,71,74,78,82,89]},{"timeSet":23,"dateRange":1,"harmonicAverageSpeed":63.3,"medianSpeed":69.0,"averageSpeed":69.5,"standardDeviationSpeed":19.6,"travelTimeStandardDeviation":0.27,"sampleSize":2372,"normalizedSampleSize":0.2345,"averageTravelTime":0.75,"medianTravelTime":0.69,"travelTimeRatio":1.07,"speedPercentiles":[38,45,49,53,57,59,62,65,67,69,71,74,76,78,81,85,88,94,103]},{"timeSet":24,"dateRange":1,"harmonicAverageSpeed":62.2,"medianSpeed":68.0,"averageSpeed":68.3,"standardDeviationSpeed":19.1,"travelTimeStandardDeviation":0.27,"sampleSize":1934,"normalizedSampleSize":0.1912,"averageTravelTime":0.76,"medianTravelTime":0.7,"travelTimeRatio":1.09,"speedPercentiles":[37,43,48,53,56,59,61,64,66,68,70,73,75,78,81,84,87,92,100]},{"timeSet":25,"dateRange":1,"harmonicAverageSpeed":58.3,"medianSpeed":67.0,"averageSpeed":66.8,"standardDeviationSpeed":20.7,"travelTimeStandardDeviation":0.54,"sampleSize":1902,"normalizedSampleSize":0.188,"averageTravelTime":0.82,"medianTravelTime":0.71,"travelTimeRatio":1.16,"speedPercentiles":[32,39,46,49,53,56,59,62,64,67,69,72,74,77,80,83,88,93,101]}]}},{"type":"Feature","geometry":{"type":"LineString","coordinates":[[12.47192,41.93414],[12.47195,41.93401]]},"properties":{"segmentId":13800013612830,"newSegmentId":"b1f61224-8ea4-473e-a2db-e1270aa655fd","speedLimit":50,"frc":3,"streetName":"Corso di Francia","distance":13.99,"segmentTimeResults":[{"timeSet":2,"dateRange":1,"harmonicAverageSpeed":68.4,"medianSpeed":73.0,"averageSpeed":74.3,"standardDeviationSpeed":20.4,"travelTimeStandardDeviation":0.23,"sampleSize":808,"normalizedSampleSize":0.0799,"averageTravelTime":0.74,"medianTravelTime":0.69,"travelTimeRatio":1.0,"speedPercentiles":[41,49,54,57,60,63,65,69,71,73,76,79,81,84,87,89,94,101,110]},{"timeSet":3,"dateRange":1,"harmonicAverageSpeed":68.4,"medianSpeed":74.0,"averageSpeed":74.9,"standardDeviationSpeed":19.8,"travelTimeStandardDeviation":0.37,"sampleSize":434,"normalizedSampleSize":0.0429,"averageTravelTime":0.74,"medianTravelTime":0.68,"travelTimeRatio":1.0,"speedPercentiles":[45,53,57,59,62,64,66,69,71,74,77,79,81,83,86,88,92,99,111]},{"timeSet":4,"dateRange":1,"harmonicAverageSpeed":68.8,"medianSpeed":74.0,"averageSpeed":75.6,"standardDeviationSpeed":22.3,"travelTimeStandardDeviation":0.25,"sampleSize":231,"normalizedSampleSize":0.0228,"averageTravelTime":0.73,"medianTravelTime":0.68,"travelTimeRatio":0.99,"speedPercentiles":[43,49,54,58,61,63,66,68,71,74,76,79,80,83,90,93,97,104,114]},{"timeSet":5,"dateRange":1,"harmonicAverageSpeed":70.4,"medianSpeed":73.0,"averageSpeed":75.6,"standardDeviationSpeed":19.7,"travelTimeStandardDeviation":0.21,"sampleSize":131,"normalizedSampleSize":0.0129,"averageTravelTime":0.72,"medianTravelTime":0.69,"travelTimeRatio":0.97,"speedPercentiles":[45,52,55,60,63,67,68,70,71,73,79,80,83,85,85,89,94,99,106]},{"timeSet":6,"dateRange":1,"harmonicAverageSpeed":73.0,"medianSpeed":80.0,"averageSpeed":79.6,"standardDeviationSpeed":21.3,"travelTimeStandardDeviation":0.24,"sampleSize":179,"normalizedSampleSize":0.0177,"averageTravelTime":0.69,"medianTravelTime":0.63,"travelTimeRatio":0.94,"speedPercentiles":[48,53,56,60,64,68,71,74,77,80,83,86,89,93,95,97,100,107,114]},{"timeSet":7,"dateRange":1,"harmonicAverageSpeed":71.9,"medianSpeed":78.0,"averageSpeed":77.1,"standardDeviationSpeed":18.3,"travelTimeStandardDeviation":0.22,"sampleSize":733,"normalizedSampleSize":0.0725,"averageTravelTime":0.7,"medianTravelTime":0.65,"travelTimeRatio":0.95,"speedPercentiles":[43,53,58,61,66,68,71,73,76,78,81,82,85,87,89,92,95,99,105]},{"timeSet":8,"dateRange":1,"harmonicAverageSpeed":65.3,"medianSpeed":71.0,"averageSpeed":70.2,"standardDeviationSpeed":16.2,"travelTimeStandardDeviation":0.33,"sampleSize":2210,"normalizedSampleSize":0.2185,"averageTravelTime":0.77,"medianTravelTime":0.71,"travelTimeRatio":1.05,"speedPercentiles":[41,48,54,57,60,63,65,68,69,71,73,75,77,78,80,82,85,90,95]},{"timeSet":9,"dateRange":1,"harmonicAverageSpeed":56.7,"medianSpeed":61.0,"averageSpeed":60.7,"standardDeviationSpeed":14.2,"travelTimeStandardDeviation":0.28,"sampleSize":6490,"normalizedSampleSize":0.6416,"averageTravelTime":0.89,"medianTravelTime":0.83,"travelTimeRatio":1.2,"speedPercentiles":[36,43,46,50,52,54,56,58,60,61,63,64,66,67,69,72,74,78,84]},{"timeSet":10,"dateRange":1,"harmonicAverageSpeed":51.9,"medianSpeed":57.0,"averageSpeed":56.7,"standardDeviationSpeed":14.7,"travelTimeStandardDeviation":0.38,"sampleSize":8038,"normalizedSampleSize":0.7946,"averageTravelTime":0.97,"medianTravelTime":0.88,"travelTimeRatio":1.32,"speedPercentiles":[30,36,41,45,48,50,52,54,56,57,59,60,62,64,66,68,71,74,80]},{"timeSet":11,"dateRange":1,"harmonicAverageSpeed":53.1,"medianSpeed":59.0,"averageSpeed":58.2,"standardDeviationSpeed":15.0,"travelTimeStandardDeviation":0.7,"sampleSize":7452,"normalizedSampleSize":0.7367,"averageTravelTime":0.95,"medianTravelTime":0.85,"travelTimeRatio":1.29,"speedPercentiles":[32,38,42,46,49,52,54,56,57,59,60,62,64,66,68,70,72,76,82]},{"timeSet":12,"dateRange":1,"harmonicAverageSpeed":57.8,"medianSpeed":63.0,"averageSpeed":62.6,"standardDeviationSpeed":15.7,"travelTimeStandardDeviation":0.31,"sampleSize":5829,"normalizedSampleSize":0.5762,"averageTravelTime":0.87,"medianTravelTime":0.8,"travelTimeRatio":1.18,"speedPercentiles":[36,41,46,50,53,55,57,60,61,63,65,67,69,71,73,75,78,81,87]},{"timeSet":13,"dateRange":1,"harmonicAverageSpeed":59.0,"medianSpeed":65.0,"averageSpeed":64.4,"standardDeviationSpeed":16.9,"travelTimeStandardDeviation":0.32,"sampleSize":5139,"normalizedSampleSize":0.508,"averageTravelTime":0.85,"medianTravelTime":0.77,"travelTimeRatio":1.16,"speedPercentiles":[35,41,46,50,54,56,59,61,63,65,67,69,71,73,76,78,81,85,91]},{"timeSet":14,"dateRange":1,"harmonicAverageSpeed":59.9,"medianSpeed":66.0,"averageSpeed":65.2,"standardDeviationSpeed":17.0,"travelTimeStandardDeviation":0.3,"sampleSize":4947,"normalizedSampleSize":0.489,"averageTravelTime":0.84,"medianTravelTime":0.76,"travelTimeRatio":1.14,"speedPercentiles":[36,42,47,51,55,57,59,62,64,66,68,70,72,74,77,79,82,86,92]},{"timeSet":15,"dateRange":1,"harmonicAverageSpeed":59.4,"medianSpeed":66.0,"averageSpeed":64.7,"standardDeviationSpeed":16.8,"travelTimeStandardDeviation":0.3,"sampleSize":5145,"normalizedSampleSize":0.5086,"averageTravelTime":0.85,"medianTravelTime":0.76,"travelTimeRatio":1.15,"speedPercentiles":[35,41,46,51,55,57,60,62,64,66,68,70,72,74,76,78,81,84,90]},{"timeSet":16,"dateRange":1,"harmonicAverageSpeed":59.3,"medianSpeed":65.0,"averageSpeed":64.4,"standardDeviationSpeed":16.3,"travelTimeStandardDeviation":0.29,"sampleSize":5699,"normalizedSampleSize":0.5634,"averageTravelTime":0.85,"medianTravelTime":0.77,"travelTimeRatio":1.15,"speedPercentiles":[35,41,47,51,54,57,60,62,64,65,67,69,71,73,75,77,80,84,89]},{"timeSet":17,"dateRange":1,"harmonicAverageSpeed":57.0,"medianSpeed":62.0,"averageSpeed":61.6,"standardDeviationSpeed":15.3,"travelTimeStandardDeviation":0.29,"sampleSize":6513,"normalizedSampleSize":0.6438,"averageTravelTime":0.88,"medianTravelTime":0.81,"travelTimeRatio":1.2,"speedPercentiles":[34,41,46,49,52,55,57,59,60,62,64,66,67,69,71,74,77,80,86]},{"timeSet":18,"dateRange":1,"harmonicAverageSpeed":55.1,"medianSpeed":61.0,"averageSpeed":60.2,"standardDeviationSpeed":15.5,"travelTimeStandardDeviation":0.42,"sampleSize":6138,"normalizedSampleSize":0.6068,"averageTravelTime":0.91,"medianTravelTime":0.83,"travelTimeRatio":1.24,"speedPercentiles":[33,40,44,48,51,53,55,57,59,61,63,64,66,68,70,72,74,78,84]},{"timeSet":19,"dateRange":1,"harmonicAverageSpeed":53.3,"medianSpeed":58.0,"averageSpeed":57.9,"standardDeviationSpeed":14.8,"travelTimeStandardDeviation":0.4,"sampleSize":6544,"normalizedSampleSize":0.6469,"averageTravelTime":0.94,"medianTravelTime":0.87,"travelTimeRatio":1.28,"speedPercentiles":[33,39,43,46,49,51,53,55,56,58,60,61,63,65,67,69,72,75,81]},{"timeSet":20,"dateRange":1,"harmonicAverageSpeed":53.0,"medianSpeed":57.0,"averageSpeed":57.3,"standardDeviationSpeed":14.3,"travelTimeStandardDeviation":0.45,"sampleSize":5946,"normalizedSampleSize":0.5878,"averageTravelTime":0.95,"medianTravelTime":0.88,"travelTimeRatio":1.29,"speedPercentiles":[33,39,43,46,49,50,52,54,56,57,59,60,62,64,66,68,71,74,81]},{"timeSet":21,"dateRange":1,"harmonicAverageSpeed":55.1,"medianSpeed":59.0,"averageSpeed":59.4,"standardDeviationSpeed":14.6,"travelTimeStandardDeviation":0.39,"sampleSize":5761,"normalizedSampleSize":0.5695,"averageTravelTime":0.91,"medianTravelTime":0.85,"travelTimeRatio":1.24,"speedPercentiles":[35,41,45,48,50,52,54,56,58,59,61,63,64,66,68,70,73,77,84]},{"timeSet":22,"dateRange":1,"harmonicAverageSpeed":57.9,"medianSpeed":63.0,"averageSpeed":62.6,"standardDeviationSpeed":16.0,"travelTimeStandardDeviation":0.31,"sampleSize":5042,"normalizedSampleSize":0.4984,"averageTravelTime":0.87,"medianTravelTime":0.8,"travelTimeRatio":1.18,"speedPercentiles":[36,42,46,50,53,55,57,59,61,63,64,66,68,70,72,75,78,82,89]},{"timeSet":23,"dateRange":1,"harmonicAverageSpeed":63.9,"medianSpeed":70.0,"averageSpeed":69.9,"standardDeviationSpeed":19.6,"travelTimeStandardDeviation":0.27,"sampleSize":2373,"normalizedSampleSize":0.2346,"averageTravelTime":0.79,"medianTravelTime":0.72,"travelTimeRatio":1.07,"speedPercentiles":[39,45,50,54,57,60,63,65,67,70,72,75,77,79,82,85,89,94,103]},{"timeSet":24,"dateRange":1,"harmonicAverageSpeed":62.9,"medianSpeed":68.0,"averageSpeed":68.8,"standardDeviationSpeed":19.0,"travelTimeStandardDeviation":0.28,"sampleSize":1935,"normalizedSampleSize":0.1913,"averageTravelTime":0.8,"medianTravelTime":0.74,"travelTimeRatio":1.09,"speedPercentiles":[38,44,48,53,57,59,62,64,66,68,71,73,76,78,81,84,88,92,100]},{"timeSet":25,"dateRange":1,"harmonicAverageSpeed":59.0,"medianSpeed":67.0,"averageSpeed":67.4,"standardDeviationSpeed":20.5,"travelTimeStandardDeviation":0.6,"sampleSize":1906,"normalizedSampleSize":0.1884,"averageTravelTime":0.85,"medianTravelTime":0.75,"travelTimeRatio":1.16,"speedPercentiles":[34,41,46,50,54,57,60,62,65,67,70,72,75,77,80,84,88,93,101]}]}},{"type":"Feature","geometry":{"type":"LineString","coordinates":[[12.47195,41.93401],[12.47223,41.93258]]},"properties":{"segmentId":13800013612829,"newSegmentId":"f066f3f7-7d80-4540-99ad-836894065017","speedLimit":50,"frc":3,"streetName":"Corso di Francia","distance":161.29,"segmentTimeResults":[{"timeSet":2,"dateRange":1,"harmonicAverageSpeed":70.0,"medianSpeed":73.0,"averageSpeed":75.3,"standardDeviationSpeed":20.2,"travelTimeStandardDeviation":2.37,"sampleSize":807,"normalizedSampleSize":0.0798,"averageTravelTime":8.3,"medianTravelTime":7.95,"travelTimeRatio":1.0,"speedPercentiles":[46,52,55,58,60,63,66,68,71,73,76,79,82,85,88,91,94,103,113]},{"timeSet":3,"dateRange":1,"harmonicAverageSpeed":69.5,"medianSpeed":74.0,"averageSpeed":75.6,"standardDeviationSpeed":19.6,"travelTimeStandardDeviation":3.95,"sampleSize":434,"normalizedSampleSize":0.0429,"averageTravelTime":8.36,"medianTravelTime":7.85,"travelTimeRatio":1.01,"speedPercentiles":[47,53,58,61,62,65,67,70,72,74,77,79,81,83,86,89,93,100,113]},{"timeSet":4,"dateRange":1,"harmonicAverageSpeed":70.3,"medianSpeed":75.0,"averageSpeed":77.1,"standardDeviationSpeed":22.7,"travelTimeStandardDeviation":2.85,"sampleSize":232,"normalizedSampleSize":0.0229,"averageTravelTime":8.26,"medianTravelTime":7.74,"travelTimeRatio":1.0,"speedPercentiles":[44,52,56,60,62,63,66,69,72,75,77,79,83,85,90,96,99,107,120]},{"timeSet":5,"dateRange":1,"harmonicAverageSpeed":72.7,"medianSpeed":75.0,"averageSpeed":77.6,"standardDeviationSpeed":19.7,"travelTimeStandardDeviation":2.16,"sampleSize":131,"normalizedSampleSize":0.0129,"averageTravelTime":7.98,"medianTravelTime":7.74,"travelTimeRatio":0.96,"speedPercentiles":[50,53,57,63,66,68,71,73,74,75,79,81,83,84,88,89,94,100,116]},{"timeSet":6,"dateRange":1,"harmonicAverageSpeed":75.2,"medianSpeed":82.0,"averageSpeed":81.3,"standardDeviationSpeed":21.6,"travelTimeStandardDeviation":2.37,"sampleSize":179,"normalizedSampleSize":0.0177,"averageTravelTime":7.72,"medianTravelTime":7.08,"travelTimeRatio":0.93,"speedPercentiles":[49,54,56,59,64,69,72,76,80,82,85,87,91,92,97,99,104,109,117]},{"timeSet":7,"dateRange":1,"harmonicAverageSpeed":72.6,"medianSpeed":79.0,"averageSpeed":77.7,"standardDeviationSpeed":18.6,"travelTimeStandardDeviation":2.39,"sampleSize":725,"normalizedSampleSize":0.0717,"averageTravelTime":8.0,"medianTravelTime":7.35,"travelTimeRatio":0.96,"speedPercentiles":[44,53,58,62,65,69,71,74,76,79,81,83,85,87,90,92,96,101,108]},{"timeSet":8,"dateRange":1,"harmonicAverageSpeed":66.7,"medianSpeed":72.0,"averageSpeed":70.9,"standardDeviationSpeed":16.1,"travelTimeStandardDeviation":2.47,"sampleSize":2200,"normalizedSampleSize":0.2175,"averageTravelTime":8.71,"medianTravelTime":8.06,"travelTimeRatio":1.05,"speedPercentiles":[43,49,55,58,60,63,66,68,70,72,73,75,77,79,81,83,86,91,97]},{"timeSet":9,"dateRange":1,"harmonicAverageSpeed":58.0,"medianSpeed":62.0,"averageSpeed":61.9,"standardDeviationSpeed":14.4,"travelTimeStandardDeviation":3.0,"sampleSize":6469,"normalizedSampleSize":0.6395,"averageTravelTime":10.01,"medianTravelTime":9.37,"travelTimeRatio":1.21,"speedPercentiles":[37,43,47,51,53,55,57,59,61,62,64,65,67,69,71,73,76,79,85]},{"timeSet":10,"dateRange":1,"harmonicAverageSpeed":52.7,"medianSpeed":59.0,"averageSpeed":57.8,"standardDeviationSpeed":15.2,"travelTimeStandardDeviation":4.14,"sampleSize":8004,"normalizedSampleSize":0.7912,"averageTravelTime":11.02,"medianTravelTime":9.84,"travelTimeRatio":1.33,"speedPercentiles":[30,37,42,46,49,51,53,55,57,59,61,62,64,66,67,70,73,76,81]},{"timeSet":11,"dateRange":1,"harmonicAverageSpeed":54.7,"medianSpeed":60.0,"averageSpeed":59.5,"standardDeviationSpeed":15.3,"travelTimeStandardDeviation":3.77,"sampleSize":7421,"normalizedSampleSize":0.7336,"averageTravelTime":10.62,"medianTravelTime":9.68,"travelTimeRatio":1.28,"speedPercentiles":[32,38,43,47,50,53,55,57,59,60,62,64,65,67,69,71,74,78,84]},{"timeSet":12,"dateRange":1,"harmonicAverageSpeed":59.5,"medianSpeed":65.0,"averageSpeed":64.1,"standardDeviationSpeed":15.8,"travelTimeStandardDeviation":3.14,"sampleSize":5805,"normalizedSampleSize":0.5738,"averageTravelTime":9.76,"medianTravelTime":8.93,"travelTimeRatio":1.18,"speedPercentiles":[37,42,48,51,54,57,59,61,63,65,67,69,70,72,75,77,80,83,88]},{"timeSet":13,"dateRange":1,"harmonicAverageSpeed":60.7,"medianSpeed":67.0,"averageSpeed":66.0,"standardDeviationSpeed":16.9,"travelTimeStandardDeviation":3.48,"sampleSize":5113,"normalizedSampleSize":0.5054,"averageTravelTime":9.56,"medianTravelTime":8.67,"travelTimeRatio":1.15,"speedPercentiles":[36,43,48,52,56,58,60,63,65,67,69,71,73,75,77,80,83,86,92]},{"timeSet":14,"dateRange":1,"harmonicAverageSpeed":62.2,"medianSpeed":68.0,"averageSpeed":67.1,"standardDeviationSpeed":16.9,"travelTimeStandardDeviation":3.03,"sampleSize":4917,"normalizedSampleSize":0.4861,"averageTravelTime":9.34,"medianTravelTime":8.54,"travelTimeRatio":1.13,"speedPercentiles":[38,44,49,54,57,59,61,63,66,68,69,72,74,76,78,81,84,87,93]},{"timeSet":15,"dateRange":1,"harmonicAverageSpeed":61.5,"medianSpeed":67.0,"averageSpeed":66.5,"standardDeviationSpeed":16.7,"travelTimeStandardDeviation":3.18,"sampleSize":5110,"normalizedSampleSize":0.5051,"averageTravelTime":9.45,"medianTravelTime":8.67,"travelTimeRatio":1.14,"speedPercentiles":[37,43,49,53,57,59,61,64,65,67,69,71,73,76,78,80,83,86,92]},{"timeSet":16,"dateRange":1,"harmonicAverageSpeed":61.3,"medianSpeed":67.0,"averageSpeed":66.0,"standardDeviationSpeed":16.1,"travelTimeStandardDeviation":3.03,"sampleSize":5682,"normalizedSampleSize":0.5617,"averageTravelTime":9.47,"medianTravelTime":8.67,"travelTimeRatio":1.14,"speedPercentiles":[37,44,49,53,56,59,61,63,65,67,69,70,72,74,76,79,81,85,91]},{"timeSet":17,"dateRange":1,"harmonicAverageSpeed":58.9,"medianSpeed":64.0,"averageSpeed":63.3,"standardDeviationSpeed":15.2,"travelTimeStandardDeviation":3.18,"sampleSize":6469,"normalizedSampleSize":0.6395,"averageTravelTime":9.86,"medianTravelTime":9.07,"travelTimeRatio":1.19,"speedPercentiles":[36,43,48,51,54,56,59,61,62,64,66,67,69,71,73,75,78,81,87]},{"timeSet":18,"dateRange":1,"harmonicAverageSpeed":57.4,"medianSpeed":63.0,"averageSpeed":62.0,"standardDeviationSpeed":15.3,"travelTimeStandardDeviation":3.41,"sampleSize":6118,"normalizedSampleSize":0.6048,"averageTravelTime":10.12,"medianTravelTime":9.22,"travelTimeRatio":1.22,"speedPercentiles":[35,42,47,50,53,55,57,59,61,63,64,66,68,69,72,74,76,80,85]},{"timeSet":19,"dateRange":1,"harmonicAverageSpeed":55.5,"medianSpeed":60.0,"averageSpeed":59.7,"standardDeviationSpeed":14.6,"travelTimeStandardDeviation":3.45,"sampleSize":6514,"normalizedSampleSize":0.6439,"averageTravelTime":10.47,"medianTravelTime":9.68,"travelTimeRatio":1.26,"speedPercentiles":[34,41,45,48,51,53,55,57,58,60,61,63,65,66,68,70,73,77,83]},{"timeSet":20,"dateRange":1,"harmonicAverageSpeed":55.0,"medianSpeed":59.0,"averageSpeed":58.9,"standardDeviationSpeed":14.1,"travelTimeStandardDeviation":3.38,"sampleSize":5916,"normalizedSampleSize":0.5848,"averageTravelTime":10.55,"medianTravelTime":9.84,"travelTimeRatio":1.27,"speedPercentiles":[35,42,45,48,50,52,54,56,57,59,60,62,64,65,67,69,72,76,82]},{"timeSet":21,"dateRange":1,"harmonicAverageSpeed":57.2,"medianSpeed":61.0,"averageSpeed":61.0,"standardDeviationSpeed":14.5,"travelTimeStandardDeviation":2.96,"sampleSize":5735,"normalizedSampleSize":0.5669,"averageTravelTime":10.15,"medianTravelTime":9.52,"travelTimeRatio":1.22,"speedPercentiles":[37,43,46,49,52,54,56,58,59,61,63,64,66,68,70,72,75,78,85]},{"timeSet":22,"dateRange":1,"harmonicAverageSpeed":60.1,"medianSpeed":64.0,"averageSpeed":64.4,"standardDeviationSpeed":16.0,"travelTimeStandardDeviation":2.97,"sampleSize":5015,"normalizedSampleSize":0.4957,"averageTravelTime":9.67,"medianTravelTime":9.07,"travelTimeRatio":1.17,"speedPercentiles":[39,44,48,52,54,57,59,60,62,64,66,67,69,71,74,76,80,84,91]},{"timeSet":23,"dateRange":1,"harmonicAverageSpeed":65.7,"medianSpeed":71.0,"averageSpeed":71.4,"standardDeviationSpeed":19.4,"travelTimeStandardDeviation":2.87,"sampleSize":2363,"normalizedSampleSize":0.2336,"averageTravelTime":8.83,"medianTravelTime":8.18,"travelTimeRatio":1.06,"speedPercentiles":[41,48,52,55,58,61,64,66,68,71,73,76,78,81,83,86,89,95,105]},{"timeSet":24,"dateRange":1,"harmonicAverageSpeed":64.8,"medianSpeed":70.0,"averageSpeed":70.3,"standardDeviationSpeed":18.7,"travelTimeStandardDeviation":2.98,"sampleSize":1928,"normalizedSampleSize":0.1906,"averageTravelTime":8.96,"medianTravelTime":8.29,"travelTimeRatio":1.08,"speedPercentiles":[41,47,51,55,58,60,62,65,67,70,72,74,77,79,83,85,89,93,101]},{"timeSet":25,"dateRange":1,"harmonicAverageSpeed":63.4,"medianSpeed":68.0,"averageSpeed":69.5,"standardDeviationSpeed":19.5,"travelTimeStandardDeviation":3.4,"sampleSize":1897,"normalizedSampleSize":0.1875,"averageTravelTime":9.16,"medianTravelTime":8.54,"travelTimeRatio":1.1,"speedPercentiles":[40,45,49,53,56,59,62,64,66,68,71,73,76,78,81,84,89,95,104]}]}},{"type":"Feature","geometry":{"type":"LineString","coordinates":[[12.47223,41.93258],[12.47233,41.93203]]},"properties":{"segmentId":13800012635043,"newSegmentId":"deee0406-505a-48a2-aa00-5c9247510784","speedLimit":50,"frc":3,"streetName":"Corso di Francia","distance":60.71,"segmentTimeResults":[{"timeSet":2,"dateRange":1,"harmonicAverageSpeed":73.3,"medianSpeed":81.0,"averageSpeed":81.3,"standardDeviationSpeed":21.2,"travelTimeStandardDeviation":2.7,"sampleSize":808,"normalizedSampleSize":0.0799,"averageTravelTime":2.98,"medianTravelTime":2.7,"travelTimeRatio":1.0,"speedPercentiles":[48,54,59,64,67,70,73,76,79,81,84,87,89,91,94,97,103,109,118]},{"timeSet":3,"dateRange":1,"harmonicAverageSpeed":75.5,"medianSpeed":80.0,"averageSpeed":81.2,"standardDeviationSpeed":20.5,"travelTimeStandardDeviation":0.91,"sampleSize":439,"normalizedSampleSize":0.0434,"averageTravelTime":2.89,"medianTravelTime":2.73,"travelTimeRatio":0.97,"speedPercentiles":[51,57,61,64,67,70,73,75,78,80,82,85,87,90,93,96,101,110,119]},{"timeSet":4,"dateRange":1,"harmonicAverageSpeed":74.6,"medianSpeed":81.0,"averageSpeed":82.3,"standardDeviationSpeed":23.9,"travelTimeStandardDeviation":1.09,"sampleSize":232,"normalizedSampleSize":0.0229,"averageTravelTime":2.93,"medianTravelTime":2.7,"travelTimeRatio":0.98,"speedPercentiles":[47,55,59,63,65,69,73,75,78,81,83,87,90,93,96,101,105,112,124]},{"timeSet":5,"dateRange":1,"harmonicAverageSpeed":77.6,"medianSpeed":82.0,"averageSpeed":83.5,"standardDeviationSpeed":21.7,"travelTimeStandardDeviation":0.83,"sampleSize":132,"normalizedSampleSize":0.013,"averageTravelTime":2.82,"medianTravelTime":2.67,"travelTimeRatio":0.94,"speedPercentiles":[51,55,63,66,70,72,75,76,80,82,85,87,90,93,95,101,104,109,128]},{"timeSet":6,"dateRange":1,"harmonicAverageSpeed":78.7,"medianSpeed":85.0,"averageSpeed":85.2,"standardDeviationSpeed":22.5,"travelTimeStandardDeviation":0.9,"sampleSize":181,"normalizedSampleSize":0.0179,"averageTravelTime":2.78,"medianTravelTime":2.57,"travelTimeRatio":0.93,"speedPercentiles":[51,57,62,65,68,72,75,80,84,85,90,92,94,97,99,102,106,111,123]},{"timeSet":7,"dateRange":1,"harmonicAverageSpeed":75.8,"medianSpeed":83.0,"averageSpeed":81.8,"standardDeviationSpeed":20.2,"travelTimeStandardDeviation":0.93,"sampleSize":724,"normalizedSampleSize":0.0716,"averageTravelTime":2.88,"medianTravelTime":2.63,"travelTimeRatio":0.97,"speedPercentiles":[43,53,60,65,69,72,75,78,81,83,86,89,91,93,95,98,101,106,113]},{"timeSet":8,"dateRange":1,"harmonicAverageSpeed":70.2,"medianSpeed":77.0,"averageSpeed":75.2,"standardDeviationSpeed":17.7,"travelTimeStandardDeviation":0.97,"sampleSize":2208,"normalizedSampleSize":0.2183,"averageTravelTime":3.12,"medianTravelTime":2.84,"travelTimeRatio":1.04,"speedPercentiles":[42,51,57,62,65,68,70,72,75,77,79,80,82,84,86,89,93,96,103]},{"timeSet":9,"dateRange":1,"harmonicAverageSpeed":61.3,"medianSpeed":67.0,"averageSpeed":66.4,"standardDeviationSpeed":16.6,"travelTimeStandardDeviation":1.25,"sampleSize":6487,"normalizedSampleSize":0.6413,"averageTravelTime":3.56,"medianTravelTime":3.26,"travelTimeRatio":1.19,"speedPercentiles":[37,44,49,53,56,59,61,63,65,67,69,71,73,75,77,80,83,87,93]},{"timeSet":10,"dateRange":1,"harmonicAverageSpeed":55.1,"medianSpeed":63.0,"averageSpeed":61.6,"standardDeviationSpeed":17.6,"travelTimeStandardDeviation":1.68,"sampleSize":8041,"normalizedSampleSize":0.7949,"averageTravelTime":3.96,"medianTravelTime":3.47,"travelTimeRatio":1.33,"speedPercentiles":[30,36,42,47,51,54,56,59,61,63,65,67,69,71,73,76,79,83,89]},{"timeSet":11,"dateRange":1,"harmonicAverageSpeed":57.2,"medianSpeed":64.0,"averageSpeed":63.4,"standardDeviationSpeed":17.8,"travelTimeStandardDeviation":1.52,"sampleSize":7480,"normalizedSampleSize":0.7394,"averageTravelTime":3.82,"medianTravelTime":3.41,"travelTimeRatio":1.28,"speedPercentiles":[32,38,44,49,53,56,58,60,62,64,66,68,70,72,75,78,81,85,92]},{"timeSet":12,"dateRange":1,"harmonicAverageSpeed":62.6,"medianSpeed":70.0,"averageSpeed":68.4,"standardDeviationSpeed":17.9,"travelTimeStandardDeviation":1.26,"sampleSize":5840,"normalizedSampleSize":0.5773,"averageTravelTime":3.49,"medianTravelTime":3.12,"travelTimeRatio":1.17,"speedPercentiles":[36,42,49,54,58,60,63,65,68,70,72,74,76,78,80,83,86,90,96]},{"timeSet":13,"dateRange":1,"harmonicAverageSpeed":64.0,"medianSpeed":72.0,"averageSpeed":70.6,"standardDeviationSpeed":19.1,"travelTimeStandardDeviation":1.4,"sampleSize":5140,"normalizedSampleSize":0.5081,"averageTravelTime":3.42,"medianTravelTime":3.04,"travelTimeRatio":1.14,"speedPercentiles":[36,43,49,55,59,62,65,68,70,72,74,76,79,81,83,86,89,93,100]},{"timeSet":14,"dateRange":1,"harmonicAverageSpeed":65.7,"medianSpeed":73.0,"averageSpeed":71.7,"standardDeviationSpeed":18.6,"travelTimeStandardDeviation":1.21,"sampleSize":4936,"normalizedSampleSize":0.4879,"averageTravelTime":3.33,"medianTravelTime":2.99,"travelTimeRatio":1.12,"speedPercentiles":[38,45,52,57,61,63,66,69,71,73,75,77,79,82,84,86,89,94,101]},{"timeSet":15,"dateRange":1,"harmonicAverageSpeed":64.9,"medianSpeed":73.0,"averageSpeed":71.2,"standardDeviationSpeed":18.7,"travelTimeStandardDeviation":1.27,"sampleSize":5136,"normalizedSampleSize":0.5077,"averageTravelTime":3.37,"medianTravelTime":2.99,"travelTimeRatio":1.13,"speedPercentiles":[37,44,51,57,60,64,66,69,71,73,75,77,79,81,84,86,89,93,100]},{"timeSet":16,"dateRange":1,"harmonicAverageSpeed":65.3,"medianSpeed":73.0,"averageSpeed":71.0,"standardDeviationSpeed":18.1,"travelTimeStandardDeviation":1.18,"sampleSize":5714,"normalizedSampleSize":0.5648,"averageTravelTime":3.35,"medianTravelTime":2.99,"travelTimeRatio":1.12,"speedPercentiles":[37,45,52,57,61,64,66,68,70,73,74,76,78,80,83,85,88,93,99]},{"timeSet":17,"dateRange":1,"harmonicAverageSpeed":62.3,"medianSpeed":69.0,"averageSpeed":68.0,"standardDeviationSpeed":17.5,"travelTimeStandardDeviation":1.27,"sampleSize":6498,"normalizedSampleSize":0.6423,"averageTravelTime":3.51,"medianTravelTime":3.17,"travelTimeRatio":1.18,"speedPercentiles":[35,43,50,54,58,61,63,65,67,69,71,73,75,77,79,82,85,89,95]},{"timeSet":18,"dateRange":1,"harmonicAverageSpeed":61.1,"medianSpeed":68.0,"averageSpeed":67.0,"standardDeviationSpeed":17.6,"travelTimeStandardDeviation":1.37,"sampleSize":6151,"normalizedSampleSize":0.608,"averageTravelTime":3.58,"medianTravelTime":3.21,"travelTimeRatio":1.2,"speedPercentiles":[34,42,49,54,57,60,62,64,66,68,70,72,74,76,78,81,84,88,94]},{"timeSet":19,"dateRange":1,"harmonicAverageSpeed":59.2,"medianSpeed":65.0,"averageSpeed":64.7,"standardDeviationSpeed":17.1,"travelTimeStandardDeviation":1.37,"sampleSize":6538,"normalizedSampleSize":0.6463,"averageTravelTime":3.69,"medianTravelTime":3.36,"travelTimeRatio":1.24,"speedPercentiles":[34,42,47,52,55,57,59,61,63,65,67,69,71,73,75,78,81,85,92]},{"timeSet":20,"dateRange":1,"harmonicAverageSpeed":59.2,"medianSpeed":64.0,"averageSpeed":64.2,"standardDeviationSpeed":16.4,"travelTimeStandardDeviation":1.28,"sampleSize":5960,"normalizedSampleSize":0.5892,"averageTravelTime":3.69,"medianTravelTime":3.41,"travelTimeRatio":1.24,"speedPercentiles":[35,43,48,52,55,57,59,61,63,64,66,68,70,72,75,77,80,84,91]},{"timeSet":21,"dateRange":1,"harmonicAverageSpeed":61.3,"medianSpeed":66.0,"averageSpeed":66.1,"standardDeviationSpeed":16.5,"travelTimeStandardDeviation":1.14,"sampleSize":5753,"normalizedSampleSize":0.5687,"averageTravelTime":3.56,"medianTravelTime":3.31,"travelTimeRatio":1.19,"speedPercentiles":[37,45,49,53,56,58,60,63,64,66,68,70,72,74,77,79,82,86,93]},{"timeSet":22,"dateRange":1,"harmonicAverageSpeed":64.3,"medianSpeed":70.0,"averageSpeed":69.6,"standardDeviationSpeed":17.8,"travelTimeStandardDeviation":1.15,"sampleSize":5069,"normalizedSampleSize":0.5011,"averageTravelTime":3.4,"medianTravelTime":3.12,"travelTimeRatio":1.14,"speedPercentiles":[39,46,52,56,59,62,64,66,68,70,72,74,76,78,81,84,87,91,98]},{"timeSet":23,"dateRange":1,"harmonicAverageSpeed":70.3,"medianSpeed":77.0,"averageSpeed":76.6,"standardDeviationSpeed":20.4,"travelTimeStandardDeviation":1.08,"sampleSize":2373,"normalizedSampleSize":0.2346,"averageTravelTime":3.11,"medianTravelTime":2.84,"travelTimeRatio":1.04,"speedPercentiles":[42,50,55,60,64,67,69,72,75,77,79,82,84,87,89,92,97,101,110]},{"timeSet":24,"dateRange":1,"harmonicAverageSpeed":69.1,"medianSpeed":76.0,"averageSpeed":75.6,"standardDeviationSpeed":20.1,"travelTimeStandardDeviation":1.22,"sampleSize":1942,"normalizedSampleSize":0.192,"averageTravelTime":3.16,"medianTravelTime":2.88,"travelTimeRatio":1.06,"speedPercentiles":[42,49,55,59,63,65,68,71,73,76,78,81,83,86,89,91,95,100,109]},{"timeSet":25,"dateRange":1,"harmonicAverageSpeed":68.9,"medianSpeed":75.0,"averageSpeed":75.4,"standardDeviationSpeed":20.1,"travelTimeStandardDeviation":1.29,"sampleSize":1918,"normalizedSampleSize":0.1896,"averageTravelTime":3.17,"medianTravelTime":2.91,"travelTimeRatio":1.06,"speedPercentiles":[42,50,56,60,63,66,68,71,73,75,78,80,82,85,87,91,95,101,109]}]}},{"type":"Feature","geometry":{"type":"LineString","coordinates":[[12.47233,41.93203],[12.4727,41.93002]]},"properties":{"segmentId":13800012194724,"newSegmentId":"b6af9e69-f979-4f36-b8b8-4d0d1a2c2047","speedLimit":50,"frc":3,"streetName":"Corso di Francia","distance":225.34,"segmentTimeResults":[{"timeSet":2,"dateRange":1,"harmonicAverageSpeed":72.5,"medianSpeed":76.0,"averageSpeed":77.8,"standardDeviationSpeed":19.7,"travelTimeStandardDeviation":3.28,"sampleSize":806,"normalizedSampleSize":0.0797,"averageTravelTime":11.19,"medianTravelTime":10.67,"travelTimeRatio":1.0,"speedPercentiles":[48,54,58,62,65,68,70,71,74,76,79,82,84,87,90,94,97,103,113]},{"timeSet":3,"dateRange":1,"harmonicAverageSpeed":72.9,"medianSpeed":78.0,"averageSpeed":78.2,"standardDeviationSpeed":19.3,"travelTimeStandardDeviation":3.51,"sampleSize":435,"normalizedSampleSize":0.043,"averageTravelTime":11.13,"medianTravelTime":10.4,"travelTimeRatio":0.99,"speedPercentiles":[49,55,59,63,65,68,71,73,76,78,80,82,84,86,89,92,97,104,112]},{"timeSet":4,"dateRange":1,"harmonicAverageSpeed":72.8,"medianSpeed":79.0,"averageSpeed":79.6,"standardDeviationSpeed":22.3,"travelTimeStandardDeviation":3.92,"sampleSize":232,"normalizedSampleSize":0.0229,"averageTravelTime":11.14,"medianTravelTime":10.27,"travelTimeRatio":1.0,"speedPercentiles":[45,54,57,61,65,69,71,74,76,79,81,83,85,90,92,95,103,107,121]},{"timeSet":5,"dateRange":1,"harmonicAverageSpeed":75.5,"medianSpeed":79.0,"averageSpeed":80.8,"standardDeviationSpeed":20.6,"travelTimeStandardDeviation":3.01,"sampleSize":131,"normalizedSampleSize":0.0129,"averageTravelTime":10.74,"medianTravelTime":10.27,"travelTimeRatio":0.96,"speedPercentiles":[51,56,59,64,66,71,73,75,76,79,82,84,87,89,93,95,103,107,119]},{"timeSet":6,"dateRange":1,"harmonicAverageSpeed":75.5,"medianSpeed":83.0,"averageSpeed":81.9,"standardDeviationSpeed":21.3,"travelTimeStandardDeviation":3.56,"sampleSize":180,"normalizedSampleSize":0.0178,"averageTravelTime":10.75,"medianTravelTime":9.77,"travelTimeRatio":0.96,"speedPercentiles":[50,54,57,62,65,70,73,78,81,83,86,88,90,93,96,100,102,106,113]},{"timeSet":7,"dateRange":1,"harmonicAverageSpeed":73.1,"medianSpeed":80.0,"averageSpeed":78.3,"standardDeviationSpeed":18.7,"travelTimeStandardDeviation":3.38,"sampleSize":722,"normalizedSampleSize":0.0714,"averageTravelTime":11.11,"medianTravelTime":10.14,"travelTimeRatio":0.99,"speedPercentiles":[43,52,58,63,67,69,72,75,77,80,82,84,86,88,90,93,97,101,107]},{"timeSet":8,"dateRange":1,"harmonicAverageSpeed":66.3,"medianSpeed":72.0,"averageSpeed":71.1,"standardDeviationSpeed":16.7,"travelTimeStandardDeviation":3.9,"sampleSize":2186,"normalizedSampleSize":0.2161,"averageTravelTime":12.23,"medianTravelTime":11.27,"travelTimeRatio":1.09,"speedPercentiles":[41,48,55,59,61,64,66,68,70,72,74,76,78,80,82,84,87,91,97]},{"timeSet":9,"dateRange":1,"harmonicAverageSpeed":58.0,"medianSpeed":63.0,"averageSpeed":62.6,"standardDeviationSpeed":15.4,"travelTimeStandardDeviation":4.74,"sampleSize":6442,"normalizedSampleSize":0.6368,"averageTravelTime":13.98,"medianTravelTime":12.88,"travelTimeRatio":1.25,"speedPercentiles":[36,43,47,50,53,55,57,59,61,63,65,66,68,70,72,75,78,82,88]},{"timeSet":10,"dateRange":1,"harmonicAverageSpeed":51.1,"medianSpeed":59.0,"averageSpeed":57.6,"standardDeviationSpeed":16.8,"travelTimeStandardDeviation":7.05,"sampleSize":7985,"normalizedSampleSize":0.7893,"averageTravelTime":15.87,"medianTravelTime":13.75,"travelTimeRatio":1.42,"speedPercentiles":[27,33,39,44,47,50,53,55,57,59,61,63,65,67,69,71,74,78,83]},{"timeSet":11,"dateRange":1,"harmonicAverageSpeed":53.3,"medianSpeed":60.0,"averageSpeed":59.4,"standardDeviationSpeed":16.9,"travelTimeStandardDeviation":6.17,"sampleSize":7424,"normalizedSampleSize":0.7339,"averageTravelTime":15.21,"medianTravelTime":13.52,"travelTimeRatio":1.36,"speedPercentiles":[30,35,41,45,49,52,54,56,58,60,62,64,66,68,70,73,76,80,86]},{"timeSet":12,"dateRange":1,"harmonicAverageSpeed":59.9,"medianSpeed":66.0,"averageSpeed":65.2,"standardDeviationSpeed":16.7,"travelTimeStandardDeviation":4.74,"sampleSize":5801,"normalizedSampleSize":0.5734,"averageTravelTime":13.54,"medianTravelTime":12.29,"travelTimeRatio":1.21,"speedPercentiles":[35,42,47,52,55,58,60,62,64,66,68,70,72,74,77,79,82,85,91]},{"timeSet":13,"dateRange":1,"harmonicAverageSpeed":61.6,"medianSpeed":69.0,"averageSpeed":67.4,"standardDeviationSpeed":17.8,"travelTimeStandardDeviation":4.74,"sampleSize":5098,"normalizedSampleSize":0.504,"averageTravelTime":13.16,"medianTravelTime":11.76,"travelTimeRatio":1.18,"speedPercentiles":[36,42,48,53,56,60,62,65,67,69,71,73,75,77,79,82,85,89,95]},{"timeSet":14,"dateRange":1,"harmonicAverageSpeed":63.1,"medianSpeed":70.0,"averageSpeed":68.5,"standardDeviationSpeed":17.4,"travelTimeStandardDeviation":4.47,"sampleSize":4906,"normalizedSampleSize":0.485,"averageTravelTime":12.86,"medianTravelTime":11.59,"travelTimeRatio":1.15,"speedPercentiles":[37,44,50,54,58,61,63,65,68,70,72,74,76,78,80,82,85,89,95]},{"timeSet":15,"dateRange":1,"harmonicAverageSpeed":62.2,"medianSpeed":69.0,"averageSpeed":68.0,"standardDeviationSpeed":17.5,"travelTimeStandardDeviation":4.99,"sampleSize":5095,"normalizedSampleSize":0.5037,"averageTravelTime":13.04,"medianTravelTime":11.76,"travelTimeRatio":1.17,"speedPercentiles":[36,43,49,54,58,60,63,65,67,69,71,73,75,77,79,82,85,89,95]},{"timeSet":16,"dateRange":1,"harmonicAverageSpeed":62.4,"medianSpeed":69.0,"averageSpeed":67.7,"standardDeviationSpeed":17.0,"travelTimeStandardDeviation":4.51,"sampleSize":5675,"normalizedSampleSize":0.561,"averageTravelTime":13.01,"medianTravelTime":11.76,"travelTimeRatio":1.16,"speedPercentiles":[36,44,50,55,58,61,63,65,67,69,71,73,74,76,78,81,84,88,94]},{"timeSet":17,"dateRange":1,"harmonicAverageSpeed":59.5,"medianSpeed":66.0,"averageSpeed":64.8,"standardDeviationSpeed":16.4,"travelTimeStandardDeviation":4.83,"sampleSize":6457,"normalizedSampleSize":0.6383,"averageTravelTime":13.63,"medianTravelTime":12.29,"travelTimeRatio":1.22,"speedPercentiles":[34,42,47,52,55,58,60,62,64,66,68,69,71,73,75,78,80,84,90]},{"timeSet":18,"dateRange":1,"harmonicAverageSpeed":58.2,"medianSpeed":64.0,"averageSpeed":63.5,"standardDeviationSpeed":16.5,"travelTimeStandardDeviation":5.11,"sampleSize":6100,"normalizedSampleSize":0.603,"averageTravelTime":13.94,"medianTravelTime":12.68,"travelTimeRatio":1.25,"speedPercentiles":[34,41,47,51,54,57,59,61,63,64,66,68,70,72,74,76,79,82,89]},{"timeSet":19,"dateRange":1,"harmonicAverageSpeed":56.2,"medianSpeed":61.0,"averageSpeed":61.0,"standardDeviationSpeed":15.8,"travelTimeStandardDeviation":4.97,"sampleSize":6495,"normalizedSampleSize":0.6421,"averageTravelTime":14.43,"medianTravelTime":13.3,"travelTimeRatio":1.29,"speedPercentiles":[33,40,45,49,52,54,56,58,60,61,63,65,66,68,70,73,76,80,87]},{"timeSet":20,"dateRange":1,"harmonicAverageSpeed":56.4,"medianSpeed":61.0,"averageSpeed":60.7,"standardDeviationSpeed":15.0,"travelTimeStandardDeviation":4.68,"sampleSize":5925,"normalizedSampleSize":0.5857,"averageTravelTime":14.39,"medianTravelTime":13.3,"travelTimeRatio":1.29,"speedPercentiles":[34,41,46,49,52,54,56,57,59,61,62,64,66,68,70,72,75,79,85]},{"timeSet":21,"dateRange":1,"harmonicAverageSpeed":58.4,"medianSpeed":63.0,"averageSpeed":62.7,"standardDeviationSpeed":15.4,"travelTimeStandardDeviation":4.36,"sampleSize":5698,"normalizedSampleSize":0.5633,"averageTravelTime":13.9,"medianTravelTime":12.88,"travelTimeRatio":1.24,"speedPercentiles":[36,43,47,51,53,55,57,59,61,63,65,66,68,70,72,75,78,81,88]},{"timeSet":22,"dateRange":1,"harmonicAverageSpeed":61.6,"medianSpeed":66.0,"averageSpeed":66.4,"standardDeviationSpeed":16.9,"travelTimeStandardDeviation":4.21,"sampleSize":5044,"normalizedSampleSize":0.4986,"averageTravelTime":13.18,"medianTravelTime":12.29,"travelTimeRatio":1.18,"speedPercentiles":[38,44,49,53,56,59,61,63,65,66,68,70,72,74,77,79,83,87,93]},{"timeSet":23,"dateRange":1,"harmonicAverageSpeed":67.8,"medianSpeed":74.0,"averageSpeed":73.8,"standardDeviationSpeed":19.6,"travelTimeStandardDeviation":4.07,"sampleSize":2359,"normalizedSampleSize":0.2332,"averageTravelTime":11.96,"medianTravelTime":10.96,"travelTimeRatio":1.07,"speedPercentiles":[41,48,53,59,62,64,67,69,71,74,76,79,81,83,86,89,92,97,106]},{"timeSet":24,"dateRange":1,"harmonicAverageSpeed":67.0,"medianSpeed":73.0,"averageSpeed":73.0,"standardDeviationSpeed":19.2,"travelTimeStandardDeviation":4.49,"sampleSize":1935,"normalizedSampleSize":0.1913,"averageTravelTime":12.12,"medianTravelTime":11.11,"travelTimeRatio":1.08,"speedPercentiles":[41,48,53,58,61,63,66,68,70,73,75,78,80,83,86,88,91,96,105]},{"timeSet":25,"dateRange":1,"harmonicAverageSpeed":67.1,"medianSpeed":73.0,"averageSpeed":72.9,"standardDeviationSpeed":19.0,"travelTimeStandardDeviation":4.31,"sampleSize":1913,"normalizedSampleSize":0.1891,"averageTravelTime":12.09,"medianTravelTime":11.11,"travelTimeRatio":1.08,"speedPercentiles":[42,48,54,58,61,63,66,68,70,73,75,77,79,82,84,87,91,97,105]}]}},{"type":"Feature","geometry":{"type":"LineString","coordinates":[[12.4727,41.93002],[12.47273,41.92972]]},"properties":{"segmentId":13800012635034,"newSegmentId":"f4eda395-174c-47df-a58b-36b56bc4adf1","speedLimit":50,"frc":3,"streetName":"Corso di Francia","distance":34.26,"segmentTimeResults":[{"timeSet":2,"dateRange":1,"harmonicAverageSpeed":70.0,"medianSpeed":74.0,"averageSpeed":74.9,"standardDeviationSpeed":18.4,"travelTimeStandardDeviation":0.51,"sampleSize":818,"normalizedSampleSize":0.0809,"averageTravelTime":1.76,"medianTravelTime":1.67,"travelTimeRatio":1.0,"speedPercentiles":[47,54,57,60,63,65,68,69,71,74,76,78,81,83,86,89,92,97,107]},{"timeSet":3,"dateRange":1,"harmonicAverageSpeed":69.5,"medianSpeed":74.0,"averageSpeed":74.9,"standardDeviationSpeed":18.2,"travelTimeStandardDeviation":0.61,"sampleSize":444,"normalizedSampleSize":0.0439,"averageTravelTime":1.77,"medianTravelTime":1.67,"travelTimeRatio":1.01,"speedPercentiles":[45,53,58,61,64,66,69,71,73,74,77,79,81,83,85,88,93,98,107]},{"timeSet":4,"dateRange":1,"harmonicAverageSpeed":70.7,"medianSpeed":76.0,"averageSpeed":76.4,"standardDeviationSpeed":20.4,"travelTimeStandardDeviation":0.55,"sampleSize":232,"normalizedSampleSize":0.0229,"averageTravelTime":1.74,"medianTravelTime":1.62,"travelTimeRatio":0.99,"speedPercentiles":[45,53,56,61,64,67,69,71,74,76,78,79,81,84,86,90,96,100,110]},{"timeSet":5,"dateRange":1,"harmonicAverageSpeed":73.4,"medianSpeed":79.0,"averageSpeed":77.9,"standardDeviationSpeed":18.1,"travelTimeStandardDeviation":0.45,"sampleSize":133,"normalizedSampleSize":0.0131,"averageTravelTime":1.68,"medianTravelTime":1.56,"travelTimeRatio":0.95,"speedPercentiles":[49,56,59,60,66,68,71,73,75,79,81,82,84,86,89,90,99,104,109]},{"timeSet":6,"dateRange":1,"harmonicAverageSpeed":70.2,"medianSpeed":81.0,"averageSpeed":78.5,"standardDeviationSpeed":19.9,"travelTimeStandardDeviation":1.13,"sampleSize":179,"normalizedSampleSize":0.0177,"averageTravelTime":1.76,"medianTravelTime":1.52,"travelTimeRatio":1.0,"speedPercentiles":[49,53,56,59,65,67,73,76,79,81,83,86,87,89,92,96,99,103,107]},{"timeSet":7,"dateRange":1,"harmonicAverageSpeed":70.6,"medianSpeed":77.0,"averageSpeed":75.5,"standardDeviationSpeed":17.2,"travelTimeStandardDeviation":0.53,"sampleSize":722,"normalizedSampleSize":0.0714,"averageTravelTime":1.75,"medianTravelTime":1.6,"travelTimeRatio":0.99,"speedPercentiles":[42,52,58,62,65,68,70,73,75,77,79,81,83,85,87,89,92,96,102]},{"timeSet":8,"dateRange":1,"harmonicAverageSpeed":63.7,"medianSpeed":69.0,"averageSpeed":68.3,"standardDeviationSpeed":15.7,"travelTimeStandardDeviation":0.64,"sampleSize":2194,"normalizedSampleSize":0.2169,"averageTravelTime":1.94,"medianTravelTime":1.79,"travelTimeRatio":1.1,"speedPercentiles":[39,47,53,57,59,62,63,65,67,69,71,73,74,76,78,81,83,88,93]},{"timeSet":9,"dateRange":1,"harmonicAverageSpeed":56.2,"medianSpeed":61.0,"averageSpeed":60.9,"standardDeviationSpeed":15.1,"travelTimeStandardDeviation":0.8,"sampleSize":6445,"normalizedSampleSize":0.6371,"averageTravelTime":2.19,"medianTravelTime":2.02,"travelTimeRatio":1.25,"speedPercentiles":[34,42,46,49,52,54,56,58,60,61,63,65,66,68,70,73,75,79,85]},{"timeSet":10,"dateRange":1,"harmonicAverageSpeed":48.1,"medianSpeed":58.0,"averageSpeed":55.9,"standardDeviationSpeed":16.8,"travelTimeStandardDeviation":1.71,"sampleSize":8054,"normalizedSampleSize":0.7962,"averageTravelTime":2.57,"medianTravelTime":2.13,"travelTimeRatio":1.46,"speedPercentiles":[26,31,37,42,46,49,52,54,56,58,60,61,63,65,67,69,72,76,81]},{"timeSet":11,"dateRange":1,"harmonicAverageSpeed":50.4,"medianSpeed":59.0,"averageSpeed":57.4,"standardDeviationSpeed":16.8,"travelTimeStandardDeviation":1.37,"sampleSize":7499,"normalizedSampleSize":0.7413,"averageTravelTime":2.45,"medianTravelTime":2.09,"travelTimeRatio":1.39,"speedPercentiles":[27,33,38,43,47,51,53,55,57,59,61,63,64,66,68,71,74,77,83]},{"timeSet":12,"dateRange":1,"harmonicAverageSpeed":57.8,"medianSpeed":64.0,"averageSpeed":63.3,"standardDeviationSpeed":16.3,"travelTimeStandardDeviation":0.86,"sampleSize":5843,"normalizedSampleSize":0.5776,"averageTravelTime":2.13,"medianTravelTime":1.93,"travelTimeRatio":1.21,"speedPercentiles":[33,40,46,51,54,56,59,60,62,64,66,68,70,72,74,76,79,83,88]},{"timeSet":13,"dateRange":1,"harmonicAverageSpeed":59.7,"medianSpeed":67.0,"averageSpeed":65.4,"standardDeviationSpeed":17.2,"travelTimeStandardDeviation":0.76,"sampleSize":5114,"normalizedSampleSize":0.5055,"averageTravelTime":2.07,"medianTravelTime":1.84,"travelTimeRatio":1.17,"speedPercentiles":[34,41,47,52,55,58,60,63,65,67,69,71,73,74,76,79,82,86,92]},{"timeSet":14,"dateRange":1,"harmonicAverageSpeed":61.3,"medianSpeed":68.0,"averageSpeed":66.6,"standardDeviationSpeed":16.7,"travelTimeStandardDeviation":0.71,"sampleSize":4973,"normalizedSampleSize":0.4916,"averageTravelTime":2.01,"medianTravelTime":1.81,"travelTimeRatio":1.14,"speedPercentiles":[36,43,50,54,57,59,62,64,66,68,70,72,74,75,78,80,83,86,92]},{"timeSet":15,"dateRange":1,"harmonicAverageSpeed":60.2,"medianSpeed":67.0,"averageSpeed":66.0,"standardDeviationSpeed":17.1,"travelTimeStandardDeviation":0.82,"sampleSize":5127,"normalizedSampleSize":0.5068,"averageTravelTime":2.05,"medianTravelTime":1.84,"travelTimeRatio":1.16,"speedPercentiles":[34,42,48,53,56,59,61,63,65,67,69,71,73,75,77,80,83,86,92]},{"timeSet":16,"dateRange":1,"harmonicAverageSpeed":60.4,"medianSpeed":67.0,"averageSpeed":65.8,"standardDeviationSpeed":16.6,"travelTimeStandardDeviation":0.76,"sampleSize":5726,"normalizedSampleSize":0.566,"averageTravelTime":2.04,"medianTravelTime":1.84,"travelTimeRatio":1.16,"speedPercentiles":[35,43,49,53,56,59,62,64,66,67,69,71,72,74,76,79,81,85,91]},{"timeSet":17,"dateRange":1,"harmonicAverageSpeed":57.9,"medianSpeed":64.0,"averageSpeed":63.0,"standardDeviationSpeed":15.8,"travelTimeStandardDeviation":0.78,"sampleSize":6498,"normalizedSampleSize":0.6423,"averageTravelTime":2.13,"medianTravelTime":1.93,"travelTimeRatio":1.21,"speedPercentiles":[33,41,47,51,55,57,59,61,63,64,66,68,69,71,73,75,78,82,87]},{"timeSet":18,"dateRange":1,"harmonicAverageSpeed":56.5,"medianSpeed":63.0,"averageSpeed":61.9,"standardDeviationSpeed":16.0,"travelTimeStandardDeviation":0.84,"sampleSize":6129,"normalizedSampleSize":0.6059,"averageTravelTime":2.18,"medianTravelTime":1.96,"travelTimeRatio":1.24,"speedPercentiles":[32,40,46,50,53,56,58,59,61,63,64,66,68,70,72,74,77,80,86]},{"timeSet":19,"dateRange":1,"harmonicAverageSpeed":54.4,"medianSpeed":60.0,"averageSpeed":59.5,"standardDeviationSpeed":15.4,"travelTimeStandardDeviation":0.9,"sampleSize":6554,"normalizedSampleSize":0.6479,"averageTravelTime":2.27,"medianTravelTime":2.06,"travelTimeRatio":1.29,"speedPercentiles":[32,39,44,48,51,53,55,57,59,60,62,63,65,67,69,71,74,77,84]},{"timeSet":20,"dateRange":1,"harmonicAverageSpeed":54.7,"medianSpeed":59.0,"averageSpeed":59.1,"standardDeviationSpeed":14.5,"travelTimeStandardDeviation":0.76,"sampleSize":5962,"normalizedSampleSize":0.5894,"averageTravelTime":2.25,"medianTravelTime":2.09,"travelTimeRatio":1.28,"speedPercentiles":[33,40,45,48,51,53,55,56,58,59,61,63,64,66,68,70,73,76,82]},{"timeSet":21,"dateRange":1,"harmonicAverageSpeed":56.3,"medianSpeed":61.0,"averageSpeed":60.8,"standardDeviationSpeed":15.1,"travelTimeStandardDeviation":0.74,"sampleSize":5746,"normalizedSampleSize":0.568,"averageTravelTime":2.19,"medianTravelTime":2.02,"travelTimeRatio":1.24,"speedPercentiles":[34,41,46,49,52,54,56,58,59,61,63,65,66,68,70,72,75,79,85]},{"timeSet":22,"dateRange":1,"harmonicAverageSpeed":59.5,"medianSpeed":64.0,"averageSpeed":64.3,"standardDeviationSpeed":16.2,"travelTimeStandardDeviation":0.69,"sampleSize":5084,"normalizedSampleSize":0.5026,"averageTravelTime":2.07,"medianTravelTime":1.93,"travelTimeRatio":1.18,"speedPercentiles":[37,43,47,52,55,57,60,61,63,64,66,68,70,72,74,77,80,84,90]},{"timeSet":23,"dateRange":1,"harmonicAverageSpeed":65.7,"medianSpeed":71.0,"averageSpeed":71.3,"standardDeviationSpeed":18.5,"travelTimeStandardDeviation":0.65,"sampleSize":2395,"normalizedSampleSize":0.2368,"averageTravelTime":1.88,"medianTravelTime":1.74,"travelTimeRatio":1.07,"speedPercentiles":[40,48,52,57,60,63,65,67,69,71,74,76,78,80,83,86,89,93,101]},{"timeSet":24,"dateRange":1,"harmonicAverageSpeed":64.9,"medianSpeed":71.0,"averageSpeed":70.8,"standardDeviationSpeed":18.6,"travelTimeStandardDeviation":0.76,"sampleSize":1955,"normalizedSampleSize":0.1933,"averageTravelTime":1.9,"medianTravelTime":1.74,"travelTimeRatio":1.08,"speedPercentiles":[40,47,52,56,59,62,64,66,69,71,73,75,78,80,83,85,89,92,101]},{"timeSet":25,"dateRange":1,"harmonicAverageSpeed":65.3,"medianSpeed":71.0,"averageSpeed":70.7,"standardDeviationSpeed":17.9,"travelTimeStandardDeviation":0.66,"sampleSize":1927,"normalizedSampleSize":0.1905,"averageTravelTime":1.89,"medianTravelTime":1.74,"travelTimeRatio":1.07,"speedPercentiles":[41,48,53,56,59,62,64,67,69,71,73,75,77,79,81,85,88,93,100]}]}},{"type":"Feature","geometry":{"type":"LineString","coordinates":[[12.47273,41.92972],[12.47274,41.92958]]},"properties":{"segmentId":13800012635046,"newSegmentId":"ff094150-5709-464a-b3a7-895bf4c6757b","speedLimit":50,"frc":3,"streetName":"Corso di Francia","distance":15.73,"segmentTimeResults":[{"timeSet":2,"dateRange":1,"harmonicAverageSpeed":69.3,"medianSpeed":73.0,"averageSpeed":73.9,"standardDeviationSpeed":17.9,"travelTimeStandardDeviation":0.23,"sampleSize":818,"normalizedSampleSize":0.0809,"averageTravelTime":0.82,"medianTravelTime":0.78,"travelTimeRatio":1.0,"speedPercentiles":[47,53,57,59,63,65,67,69,70,73,75,77,80,82,85,88,91,96,104]},{"timeSet":3,"dateRange":1,"harmonicAverageSpeed":68.8,"medianSpeed":74.0,"averageSpeed":74.1,"standardDeviationSpeed":17.9,"travelTimeStandardDeviation":0.28,"sampleSize":446,"normalizedSampleSize":0.0441,"averageTravelTime":0.82,"medianTravelTime":0.77,"travelTimeRatio":1.01,"speedPercentiles":[45,53,58,61,63,65,68,70,72,74,76,78,80,82,85,87,91,97,106]},{"timeSet":4,"dateRange":1,"harmonicAverageSpeed":70.1,"medianSpeed":75.0,"averageSpeed":75.6,"standardDeviationSpeed":19.9,"travelTimeStandardDeviation":0.25,"sampleSize":232,"normalizedSampleSize":0.0229,"averageTravelTime":0.81,"medianTravelTime":0.76,"travelTimeRatio":0.99,"speedPercentiles":[45,52,56,61,63,66,68,70,73,75,77,79,80,83,86,89,94,100,109]},{"timeSet":5,"dateRange":1,"harmonicAverageSpeed":72.7,"medianSpeed":77.0,"averageSpeed":77.0,"standardDeviationSpeed":17.4,"travelTimeStandardDeviation":0.2,"sampleSize":133,"normalizedSampleSize":0.0131,"averageTravelTime":0.78,"medianTravelTime":0.74,"travelTimeRatio":0.95,"speedPercentiles":[50,55,58,61,64,68,70,72,75,77,80,81,84,85,87,90,94,103,108]},{"timeSet":6,"dateRange":1,"harmonicAverageSpeed":57.6,"medianSpeed":80.0,"averageSpeed":78.0,"standardDeviationSpeed":19.8,"travelTimeStandardDeviation":2.77,"sampleSize":179,"normalizedSampleSize":0.0177,"averageTravelTime":0.98,"medianTravelTime":0.71,"travelTimeRatio":1.2,"speedPercentiles":[50,53,56,60,65,67,73,76,78,80,82,84,86,89,91,95,98,101,106]},{"timeSet":7,"dateRange":1,"harmonicAverageSpeed":70.1,"medianSpeed":76.0,"averageSpeed":74.8,"standardDeviationSpeed":17.0,"travelTimeStandardDeviation":0.24,"sampleSize":722,"normalizedSampleSize":0.0714,"averageTravelTime":0.81,"medianTravelTime":0.75,"travelTimeRatio":0.99,"speedPercentiles":[42,52,58,62,65,67,69,72,74,76,79,80,82,84,86,88,90,95,102]},{"timeSet":8,"dateRange":1,"harmonicAverageSpeed":63.1,"medianSpeed":68.0,"averageSpeed":67.5,"standardDeviationSpeed":15.4,"travelTimeStandardDeviation":0.29,"sampleSize":2192,"normalizedSampleSize":0.2167,"averageTravelTime":0.9,"medianTravelTime":0.83,"travelTimeRatio":1.1,"speedPercentiles":[39,47,53,57,59,61,63,65,67,68,70,72,73,75,77,80,82,86,92]},{"timeSet":9,"dateRange":1,"harmonicAverageSpeed":55.8,"medianSpeed":61.0,"averageSpeed":60.4,"standardDeviationSpeed":14.9,"travelTimeStandardDeviation":0.37,"sampleSize":6454,"normalizedSampleSize":0.638,"averageTravelTime":1.01,"medianTravelTime":0.93,"travelTimeRatio":1.24,"speedPercentiles":[34,41,46,49,52,54,56,58,59,61,63,64,66,68,70,72,75,79,84]},{"timeSet":10,"dateRange":1,"harmonicAverageSpeed":47.5,"medianSpeed":57.0,"averageSpeed":55.5,"standardDeviationSpeed":16.6,"travelTimeStandardDeviation":0.94,"sampleSize":8057,"normalizedSampleSize":0.7965,"averageTravelTime":1.19,"medianTravelTime":0.99,"travelTimeRatio":1.46,"speedPercentiles":[26,32,37,41,45,48,51,54,56,57,59,61,63,65,67,69,71,75,80]},{"timeSet":11,"dateRange":1,"harmonicAverageSpeed":49.8,"medianSpeed":58.0,"averageSpeed":56.9,"standardDeviationSpeed":16.6,"travelTimeStandardDeviation":0.71,"sampleSize":7509,"normalizedSampleSize":0.7423,"averageTravelTime":1.14,"medianTravelTime":0.98,"travelTimeRatio":1.39,"speedPercentiles":[27,33,38,43,47,50,53,55,57,58,60,62,64,66,67,70,73,76,82]},{"timeSet":12,"dateRange":1,"harmonicAverageSpeed":57.1,"medianSpeed":64.0,"averageSpeed":62.7,"standardDeviationSpeed":16.1,"travelTimeStandardDeviation":0.46,"sampleSize":5853,"normalizedSampleSize":0.5786,"averageTravelTime":0.99,"medianTravelTime":0.88,"travelTimeRatio":1.21,"speedPercentiles":[33,40,46,50,54,56,58,60,62,64,65,67,69,71,73,76,78,82,87]},{"timeSet":13,"dateRange":1,"harmonicAverageSpeed":59.1,"medianSpeed":66.0,"averageSpeed":64.8,"standardDeviationSpeed":17.0,"travelTimeStandardDeviation":0.36,"sampleSize":5122,"normalizedSampleSize":0.5063,"averageTravelTime":0.96,"medianTravelTime":0.86,"travelTimeRatio":1.17,"speedPercentiles":[34,40,47,51,55,58,60,62,64,66,68,70,72,74,76,78,81,85,91]},{"timeSet":14,"dateRange":1,"harmonicAverageSpeed":60.9,"medianSpeed":67.0,"averageSpeed":66.1,"standardDeviationSpeed":16.5,"travelTimeStandardDeviation":0.33,"sampleSize":4977,"normalizedSampleSize":0.492,"averageTravelTime":0.93,"medianTravelTime":0.85,"travelTimeRatio":1.14,"speedPercentiles":[36,43,49,53,57,59,61,63,65,67,69,71,73,75,77,79,82,86,91]},{"timeSet":15,"dateRange":1,"harmonicAverageSpeed":59.4,"medianSpeed":67.0,"averageSpeed":65.5,"standardDeviationSpeed":16.9,"travelTimeStandardDeviation":0.51,"sampleSize":5129,"normalizedSampleSize":0.507,"averageTravelTime":0.95,"medianTravelTime":0.85,"travelTimeRatio":1.17,"speedPercentiles":[34,41,47,52,56,59,61,63,65,67,69,71,73,74,77,79,82,86,91]},{"timeSet":16,"dateRange":1,"harmonicAverageSpeed":59.9,"medianSpeed":67.0,"averageSpeed":65.2,"standardDeviationSpeed":16.3,"travelTimeStandardDeviation":0.35,"sampleSize":5734,"normalizedSampleSize":0.5668,"averageTravelTime":0.95,"medianTravelTime":0.85,"travelTimeRatio":1.16,"speedPercentiles":[35,42,48,53,56,59,61,63,65,67,68,70,72,74,76,78,80,84,90]},{"timeSet":17,"dateRange":1,"harmonicAverageSpeed":57.5,"medianSpeed":64.0,"averageSpeed":62.6,"standardDeviationSpeed":15.6,"travelTimeStandardDeviation":0.36,"sampleSize":6502,"normalizedSampleSize":0.6427,"averageTravelTime":0.99,"medianTravelTime":0.88,"travelTimeRatio":1.21,"speedPercentiles":[33,41,46,51,54,57,59,60,62,64,66,67,69,71,73,75,77,81,86]},{"timeSet":18,"dateRange":1,"harmonicAverageSpeed":56.1,"medianSpeed":63.0,"averageSpeed":61.5,"standardDeviationSpeed":15.9,"travelTimeStandardDeviation":0.4,"sampleSize":6133,"normalizedSampleSize":0.6063,"averageTravelTime":1.01,"medianTravelTime":0.9,"travelTimeRatio":1.24,"speedPercentiles":[32,40,46,50,53,55,57,59,61,63,64,66,67,69,71,73,76,80,86]},{"timeSet":19,"dateRange":1,"harmonicAverageSpeed":54.0,"medianSpeed":60.0,"averageSpeed":59.1,"standardDeviationSpeed":15.3,"travelTimeStandardDeviation":0.42,"sampleSize":6558,"normalizedSampleSize":0.6483,"averageTravelTime":1.05,"medianTravelTime":0.94,"travelTimeRatio":1.28,"speedPercentiles":[32,38,44,48,51,53,55,56,58,60,61,63,64,66,68,70,73,77,83]},{"timeSet":20,"dateRange":1,"harmonicAverageSpeed":54.3,"medianSpeed":59.0,"averageSpeed":58.6,"standardDeviationSpeed":14.3,"travelTimeStandardDeviation":0.36,"sampleSize":5972,"normalizedSampleSize":0.5904,"averageTravelTime":1.04,"medianTravelTime":0.96,"travelTimeRatio":1.28,"speedPercentiles":[32,40,45,48,51,53,54,56,57,59,60,62,64,65,67,69,72,76,82]},{"timeSet":21,"dateRange":1,"harmonicAverageSpeed":55.7,"medianSpeed":61.0,"averageSpeed":60.3,"standardDeviationSpeed":14.9,"travelTimeStandardDeviation":0.36,"sampleSize":5751,"normalizedSampleSize":0.5685,"averageTravelTime":1.02,"medianTravelTime":0.93,"travelTimeRatio":1.24,"speedPercentiles":[34,41,46,49,52,54,56,57,59,61,62,64,66,67,69,72,75,78,84]},{"timeSet":22,"dateRange":1,"harmonicAverageSpeed":58.9,"medianSpeed":64.0,"averageSpeed":63.7,"standardDeviationSpeed":16.0,"travelTimeStandardDeviation":0.32,"sampleSize":5093,"normalizedSampleSize":0.5035,"averageTravelTime":0.96,"medianTravelTime":0.88,"travelTimeRatio":1.18,"speedPercentiles":[36,42,47,51,55,57,59,61,62,64,65,67,69,71,73,76,79,83,89]},{"timeSet":23,"dateRange":1,"harmonicAverageSpeed":65.1,"medianSpeed":71.0,"averageSpeed":70.6,"standardDeviationSpeed":18.2,"travelTimeStandardDeviation":0.3,"sampleSize":2402,"normalizedSampleSize":0.2374,"averageTravelTime":0.87,"medianTravelTime":0.8,"travelTimeRatio":1.07,"speedPercentiles":[39,47,52,57,60,62,65,67,69,71,73,75,77,79,82,85,88,92,100]},{"timeSet":24,"dateRange":1,"harmonicAverageSpeed":64.4,"medianSpeed":70.0,"averageSpeed":70.2,"standardDeviationSpeed":18.2,"travelTimeStandardDeviation":0.35,"sampleSize":1958,"normalizedSampleSize":0.1936,"averageTravelTime":0.88,"medianTravelTime":0.81,"travelTimeRatio":1.08,"speedPercentiles":[40,47,52,56,59,61,64,66,68,70,73,75,77,79,82,85,88,91,99]},{"timeSet":25,"dateRange":1,"harmonicAverageSpeed":64.7,"medianSpeed":70.0,"averageSpeed":70.0,"standardDeviationSpeed":17.5,"travelTimeStandardDeviation":0.31,"sampleSize":1930,"normalizedSampleSize":0.1908,"averageTravelTime":0.88,"medianTravelTime":0.81,"travelTimeRatio":1.07,"speedPercentiles":[41,48,53,56,59,62,63,66,68,70,72,74,76,78,80,83,87,92,98]}]}},{"type":"Feature","geometry":{"type":"LineString","coordinates":[[12.47274,41.92958],[12.47275,41.92955],[12.47276,41.92952]]},"properties":{"segmentId":13800012635041,"newSegmentId":"bf7ec0fe-57c2-421c-bee0-3820232ef810","speedLimit":50,"frc":3,"streetName":"Corso di Francia","distance":6.85,"segmentTimeResults":[{"timeSet":2,"dateRange":1,"harmonicAverageSpeed":68.8,"medianSpeed":73.0,"averageSpeed":73.5,"standardDeviationSpeed":17.8,"travelTimeStandardDeviation":0.1,"sampleSize":819,"normalizedSampleSize":0.081,"averageTravelTime":0.36,"medianTravelTime":0.34,"travelTimeRatio":1.0,"speedPercentiles":[45,53,57,59,62,65,67,68,70,73,75,77,80,82,85,87,90,94,104]},{"timeSet":3,"dateRange":1,"harmonicAverageSpeed":68.6,"medianSpeed":74.0,"averageSpeed":73.8,"standardDeviationSpeed":17.6,"travelTimeStandardDeviation":0.12,"sampleSize":446,"normalizedSampleSize":0.0441,"averageTravelTime":0.36,"medianTravelTime":0.33,"travelTimeRatio":1.0,"speedPercentiles":[45,53,57,60,63,65,68,70,72,74,76,78,80,82,84,86,90,96,104]},{"timeSet":4,"dateRange":1,"harmonicAverageSpeed":70.0,"medianSpeed":75.0,"averageSpeed":75.4,"standardDeviationSpeed":19.7,"travelTimeStandardDeviation":0.11,"sampleSize":232,"normalizedSampleSize":0.0229,"averageTravelTime":0.35,"medianTravelTime":0.33,"travelTimeRatio":0.98,"speedPercentiles":[45,52,56,61,63,65,68,70,73,75,76,79,80,83,86,89,95,100,107]},{"timeSet":5,"dateRange":1,"harmonicAverageSpeed":72.4,"medianSpeed":77.0,"averageSpeed":76.6,"standardDeviationSpeed":17.4,"travelTimeStandardDeviation":0.09,"sampleSize":133,"normalizedSampleSize":0.0131,"averageTravelTime":0.34,"medianTravelTime":0.32,"travelTimeRatio":0.95,"speedPercentiles":[50,54,57,60,63,67,69,73,74,77,80,81,84,85,87,90,93,101,108]},{"timeSet":6,"dateRange":1,"harmonicAverageSpeed":57.5,"medianSpeed":80.0,"averageSpeed":77.6,"standardDeviationSpeed":19.6,"travelTimeStandardDeviation":1.2,"sampleSize":180,"normalizedSampleSize":0.0178,"averageTravelTime":0.43,"medianTravelTime":0.31,"travelTimeRatio":1.2,"speedPercentiles":[50,53,56,60,65,67,72,75,78,80,82,84,86,88,90,93,97,100,106]},{"timeSet":7,"dateRange":1,"harmonicAverageSpeed":70.0,"medianSpeed":76.0,"averageSpeed":74.6,"standardDeviationSpeed":16.9,"travelTimeStandardDeviation":0.11,"sampleSize":719,"normalizedSampleSize":0.0711,"averageTravelTime":0.35,"medianTravelTime":0.32,"travelTimeRatio":0.98,"speedPercentiles":[42,52,58,61,64,67,69,72,74,76,78,80,82,84,86,88,90,94,102]},{"timeSet":8,"dateRange":1,"harmonicAverageSpeed":62.7,"medianSpeed":68.0,"averageSpeed":67.2,"standardDeviationSpeed":15.4,"travelTimeStandardDeviation":0.13,"sampleSize":2193,"normalizedSampleSize":0.2168,"averageTravelTime":0.39,"medianTravelTime":0.36,"travelTimeRatio":1.1,"speedPercentiles":[39,47,52,56,59,61,62,64,66,68,70,71,73,75,77,79,82,85,92]},{"timeSet":9,"dateRange":1,"harmonicAverageSpeed":55.5,"medianSpeed":61.0,"averageSpeed":60.1,"standardDeviationSpeed":14.8,"travelTimeStandardDeviation":0.16,"sampleSize":6454,"normalizedSampleSize":0.638,"averageTravelTime":0.44,"medianTravelTime":0.4,"travelTimeRatio":1.24,"speedPercentiles":[34,41,45,48,51,54,55,57,59,61,62,64,66,68,69,71,74,78,84]},{"timeSet":10,"dateRange":1,"harmonicAverageSpeed":47.6,"medianSpeed":57.0,"averageSpeed":55.2,"standardDeviationSpeed":16.5,"travelTimeStandardDeviation":0.35,"sampleSize":8057,"normalizedSampleSize":0.7965,"averageTravelTime":0.52,"medianTravelTime":0.43,"travelTimeRatio":1.45,"speedPercentiles":[26,32,36,41,45,48,51,53,55,57,59,61,63,64,66,68,71,75,80]},{"timeSet":11,"dateRange":1,"harmonicAverageSpeed":49.8,"medianSpeed":58.0,"averageSpeed":56.6,"standardDeviationSpeed":16.5,"travelTimeStandardDeviation":0.27,"sampleSize":7516,"normalizedSampleSize":0.743,"averageTravelTime":0.49,"medianTravelTime":0.43,"travelTimeRatio":1.38,"speedPercentiles":[27,33,38,43,47,50,53,54,56,58,60,62,63,65,67,69,72,76,81]},{"timeSet":12,"dateRange":1,"harmonicAverageSpeed":57.0,"medianSpeed":63.0,"averageSpeed":62.4,"standardDeviationSpeed":16.0,"travelTimeStandardDeviation":0.17,"sampleSize":5849,"normalizedSampleSize":0.5782,"averageTravelTime":0.43,"medianTravelTime":0.39,"travelTimeRatio":1.21,"speedPercentiles":[33,40,45,50,54,56,58,60,61,63,65,67,69,71,73,75,78,82,87]},{"timeSet":13,"dateRange":1,"harmonicAverageSpeed":58.9,"medianSpeed":66.0,"averageSpeed":64.6,"standardDeviationSpeed":16.9,"travelTimeStandardDeviation":0.16,"sampleSize":5120,"normalizedSampleSize":0.5061,"averageTravelTime":0.42,"medianTravelTime":0.37,"travelTimeRatio":1.17,"speedPercentiles":[33,40,46,51,55,57,60,62,64,66,68,70,72,74,75,78,81,84,90]},{"timeSet":14,"dateRange":1,"harmonicAverageSpeed":60.6,"medianSpeed":67.0,"averageSpeed":65.8,"standardDeviationSpeed":16.4,"travelTimeStandardDeviation":0.14,"sampleSize":4980,"normalizedSampleSize":0.4923,"averageTravelTime":0.41,"medianTravelTime":0.37,"travelTimeRatio":1.14,"speedPercentiles":[36,43,49,53,56,59,61,63,65,67,69,71,73,74,76,79,82,85,91]},{"timeSet":15,"dateRange":1,"harmonicAverageSpeed":59.4,"medianSpeed":66.0,"averageSpeed":65.2,"standardDeviationSpeed":16.7,"travelTimeStandardDeviation":0.17,"sampleSize":5130,"normalizedSampleSize":0.5071,"averageTravelTime":0.41,"medianTravelTime":0.37,"travelTimeRatio":1.16,"speedPercentiles":[34,41,47,52,56,59,61,63,65,66,68,70,72,74,76,79,81,85,90]},{"timeSet":16,"dateRange":1,"harmonicAverageSpeed":59.6,"medianSpeed":66.0,"averageSpeed":64.9,"standardDeviationSpeed":16.2,"travelTimeStandardDeviation":0.15,"sampleSize":5723,"normalizedSampleSize":0.5657,"averageTravelTime":0.41,"medianTravelTime":0.37,"travelTimeRatio":1.15,"speedPercentiles":[35,42,48,53,56,59,61,63,65,66,68,70,71,73,75,78,80,84,90]},{"timeSet":17,"dateRange":1,"harmonicAverageSpeed":57.2,"medianSpeed":64.0,"averageSpeed":62.4,"standardDeviationSpeed":15.6,"travelTimeStandardDeviation":0.16,"sampleSize":6503,"normalizedSampleSize":0.6428,"averageTravelTime":0.43,"medianTravelTime":0.39,"travelTimeRatio":1.2,"speedPercentiles":[33,40,46,51,54,57,58,60,62,64,65,67,69,70,72,74,77,81,86]},{"timeSet":18,"dateRange":1,"harmonicAverageSpeed":55.8,"medianSpeed":62.0,"averageSpeed":61.2,"standardDeviationSpeed":15.8,"travelTimeStandardDeviation":0.18,"sampleSize":6133,"normalizedSampleSize":0.6063,"averageTravelTime":0.44,"medianTravelTime":0.4,"travelTimeRatio":1.23,"speedPercentiles":[32,40,45,49,53,55,57,59,61,62,64,65,67,69,71,73,76,79,85]},{"timeSet":19,"dateRange":1,"harmonicAverageSpeed":53.8,"medianSpeed":60.0,"averageSpeed":58.8,"standardDeviationSpeed":15.2,"travelTimeStandardDeviation":0.17,"sampleSize":6551,"normalizedSampleSize":0.6476,"averageTravelTime":0.46,"medianTravelTime":0.41,"travelTimeRatio":1.28,"speedPercentiles":[31,38,44,48,50,53,55,56,58,60,61,63,64,66,68,70,73,77,83]},{"timeSet":20,"dateRange":1,"harmonicAverageSpeed":54.1,"medianSpeed":59.0,"averageSpeed":58.3,"standardDeviationSpeed":14.2,"travelTimeStandardDeviation":0.15,"sampleSize":5975,"normalizedSampleSize":0.5906,"averageTravelTime":0.46,"medianTravelTime":0.42,"travelTimeRatio":1.27,"speedPercentiles":[32,39,45,48,50,52,54,56,57,59,60,62,63,65,67,69,72,75,81]},{"timeSet":21,"dateRange":1,"harmonicAverageSpeed":55.4,"medianSpeed":60.0,"averageSpeed":60.0,"standardDeviationSpeed":14.8,"travelTimeStandardDeviation":0.17,"sampleSize":5747,"normalizedSampleSize":0.5681,"averageTravelTime":0.45,"medianTravelTime":0.41,"travelTimeRatio":1.24,"speedPercentiles":[34,41,46,49,51,53,56,57,59,60,62,64,65,67,69,71,74,78,84]},{"timeSet":22,"dateRange":1,"harmonicAverageSpeed":58.6,"medianSpeed":63.0,"averageSpeed":63.4,"standardDeviationSpeed":15.9,"travelTimeStandardDeviation":0.14,"sampleSize":5095,"normalizedSampleSize":0.5037,"averageTravelTime":0.42,"medianTravelTime":0.39,"travelTimeRatio":1.17,"speedPercentiles":[36,42,47,51,54,57,59,61,62,63,65,67,69,71,73,76,79,83,89]},{"timeSet":23,"dateRange":1,"harmonicAverageSpeed":64.7,"medianSpeed":70.0,"averageSpeed":70.3,"standardDeviationSpeed":18.0,"travelTimeStandardDeviation":0.13,"sampleSize":2402,"normalizedSampleSize":0.2374,"averageTravelTime":0.38,"medianTravelTime":0.35,"travelTimeRatio":1.06,"speedPercentiles":[39,47,52,57,60,62,64,66,68,70,73,75,77,79,82,84,87,92,99]},{"timeSet":24,"dateRange":1,"harmonicAverageSpeed":64.1,"medianSpeed":70.0,"averageSpeed":69.9,"standardDeviationSpeed":18.1,"travelTimeStandardDeviation":0.16,"sampleSize":1959,"normalizedSampleSize":0.1937,"averageTravelTime":0.39,"medianTravelTime":0.35,"travelTimeRatio":1.07,"speedPercentiles":[40,46,51,55,59,61,64,66,68,70,72,74,77,79,81,84,87,91,99]},{"timeSet":25,"dateRange":1,"harmonicAverageSpeed":64.5,"medianSpeed":70.0,"averageSpeed":69.7,"standardDeviationSpeed":17.4,"travelTimeStandardDeviation":0.13,"sampleSize":1928,"normalizedSampleSize":0.1906,"averageTravelTime":0.38,"medianTravelTime":0.35,"travelTimeRatio":1.07,"speedPercentiles":[41,48,53,56,59,61,63,66,68,70,71,74,76,78,80,83,87,91,98]}]}},{"type":"Feature","geometry":{"type":"LineString","coordinates":[[12.47276,41.92952],[12.47277,41.92945],[12.47285,41.92914],[12.47289,41.92901]]},"properties":{"segmentId":13800006899874,"newSegmentId":"00004931-3600-0400-0000-0000014dd3ac","speedLimit":50,"frc":3,"streetName":"Corso di Francia","distance":56.95,"segmentTimeResults":[{"timeSet":2,"dateRange":1,"harmonicAverageSpeed":67.4,"medianSpeed":71.0,"averageSpeed":71.8,"standardDeviationSpeed":16.9,"travelTimeStandardDeviation":0.87,"sampleSize":819,"normalizedSampleSize":0.081,"averageTravelTime":3.04,"medianTravelTime":2.89,"travelTimeRatio":1.0,"speedPercentiles":[45,52,55,58,61,63,65,67,69,71,73,75,77,80,82,85,88,92,101]},{"timeSet":3,"dateRange":1,"harmonicAverageSpeed":67.1,"medianSpeed":72.0,"averageSpeed":72.0,"standardDeviationSpeed":16.9,"travelTimeStandardDeviation":1.01,"sampleSize":445,"normalizedSampleSize":0.044,"averageTravelTime":3.05,"medianTravelTime":2.85,"travelTimeRatio":1.0,"speedPercentiles":[43,52,56,59,63,64,67,68,70,72,74,76,78,80,82,84,88,93,100]},{"timeSet":4,"dateRange":1,"harmonicAverageSpeed":68.7,"medianSpeed":73.0,"averageSpeed":73.5,"standardDeviationSpeed":18.1,"travelTimeStandardDeviation":0.88,"sampleSize":230,"normalizedSampleSize":0.0227,"averageTravelTime":2.98,"medianTravelTime":2.81,"travelTimeRatio":0.98,"speedPercentiles":[47,52,56,60,62,65,66,69,71,73,75,76,79,81,83,87,90,97,104]},{"timeSet":5,"dateRange":1,"harmonicAverageSpeed":70.6,"medianSpeed":76.0,"averageSpeed":74.6,"standardDeviationSpeed":16.7,"travelTimeStandardDeviation":0.74,"sampleSize":133,"normalizedSampleSize":0.0131,"averageTravelTime":2.9,"medianTravelTime":2.7,"travelTimeRatio":0.95,"speedPercentiles":[49,53,56,59,62,64,67,70,73,76,78,80,81,84,85,87,91,99,104]},{"timeSet":6,"dateRange":1,"harmonicAverageSpeed":66.6,"medianSpeed":78.0,"averageSpeed":75.4,"standardDeviationSpeed":18.3,"travelTimeStandardDeviation":2.66,"sampleSize":180,"normalizedSampleSize":0.0178,"averageTravelTime":3.08,"medianTravelTime":2.63,"travelTimeRatio":1.01,"speedPercentiles":[49,51,54,60,63,66,69,72,75,78,80,82,84,86,88,90,93,96,103]},{"timeSet":7,"dateRange":1,"harmonicAverageSpeed":68.5,"medianSpeed":74.0,"averageSpeed":72.8,"standardDeviationSpeed":16.1,"travelTimeStandardDeviation":0.86,"sampleSize":717,"normalizedSampleSize":0.0709,"averageTravelTime":2.99,"medianTravelTime":2.77,"travelTimeRatio":0.98,"speedPercentiles":[42,52,57,61,63,66,68,70,72,74,76,78,79,81,83,85,88,92,98]},{"timeSet":8,"dateRange":1,"harmonicAverageSpeed":61.2,"medianSpeed":66.0,"averageSpeed":65.4,"standardDeviationSpeed":14.8,"travelTimeStandardDeviation":1.07,"sampleSize":2193,"normalizedSampleSize":0.2168,"averageTravelTime":3.35,"medianTravelTime":3.11,"travelTimeRatio":1.1,"speedPercentiles":[39,46,51,55,57,59,61,63,64,66,68,69,71,73,75,77,79,83,88]},{"timeSet":9,"dateRange":1,"harmonicAverageSpeed":54.0,"medianSpeed":59.0,"averageSpeed":58.4,"standardDeviationSpeed":14.2,"travelTimeStandardDeviation":1.4,"sampleSize":6444,"normalizedSampleSize":0.637,"averageTravelTime":3.8,"medianTravelTime":3.47,"travelTimeRatio":1.25,"speedPercentiles":[33,40,44,47,50,52,54,56,58,59,60,62,64,65,67,70,72,76,81]},{"timeSet":10,"dateRange":1,"harmonicAverageSpeed":45.9,"medianSpeed":55.0,"averageSpeed":53.5,"standardDeviationSpeed":16.1,"travelTimeStandardDeviation":2.82,"sampleSize":8037,"normalizedSampleSize":0.7945,"averageTravelTime":4.47,"medianTravelTime":3.73,"travelTimeRatio":1.47,"speedPercentiles":[24,31,35,40,44,47,49,52,54,55,57,59,61,63,64,67,69,72,77]},{"timeSet":11,"dateRange":1,"harmonicAverageSpeed":47.7,"medianSpeed":56.0,"averageSpeed":54.6,"standardDeviationSpeed":16.0,"travelTimeStandardDeviation":2.51,"sampleSize":7496,"normalizedSampleSize":0.741,"averageTravelTime":4.3,"medianTravelTime":3.66,"travelTimeRatio":1.41,"speedPercentiles":[26,32,36,41,45,48,51,53,54,56,58,60,61,63,65,67,70,74,78]},{"timeSet":12,"dateRange":1,"harmonicAverageSpeed":55.6,"medianSpeed":61.0,"averageSpeed":60.6,"standardDeviationSpeed":15.2,"travelTimeStandardDeviation":1.46,"sampleSize":5840,"normalizedSampleSize":0.5773,"averageTravelTime":3.69,"medianTravelTime":3.36,"travelTimeRatio":1.21,"speedPercentiles":[33,39,45,49,52,54,56,58,60,61,63,65,67,69,70,73,76,79,84]},{"timeSet":13,"dateRange":1,"harmonicAverageSpeed":57.6,"medianSpeed":64.0,"averageSpeed":62.8,"standardDeviationSpeed":16.1,"travelTimeStandardDeviation":1.3,"sampleSize":5106,"normalizedSampleSize":0.5047,"averageTravelTime":3.56,"medianTravelTime":3.2,"travelTimeRatio":1.17,"speedPercentiles":[33,40,46,50,54,56,58,60,62,64,66,68,70,71,73,76,78,82,87]},{"timeSet":14,"dateRange":1,"harmonicAverageSpeed":59.3,"medianSpeed":65.0,"averageSpeed":64.1,"standardDeviationSpeed":15.6,"travelTimeStandardDeviation":1.19,"sampleSize":4966,"normalizedSampleSize":0.4909,"averageTravelTime":3.46,"medianTravelTime":3.15,"travelTimeRatio":1.14,"speedPercentiles":[35,42,49,53,55,57,60,62,63,65,67,69,71,72,74,76,79,82,88]},{"timeSet":15,"dateRange":1,"harmonicAverageSpeed":58.1,"medianSpeed":65.0,"averageSpeed":63.4,"standardDeviationSpeed":15.8,"travelTimeStandardDeviation":1.41,"sampleSize":5118,"normalizedSampleSize":0.5059,"averageTravelTime":3.53,"medianTravelTime":3.15,"travelTimeRatio":1.16,"speedPercentiles":[33,41,46,51,55,57,59,61,63,65,66,68,70,72,74,76,79,82,87]},{"timeSet":16,"dateRange":1,"harmonicAverageSpeed":58.3,"medianSpeed":65.0,"averageSpeed":63.3,"standardDeviationSpeed":15.5,"travelTimeStandardDeviation":1.27,"sampleSize":5715,"normalizedSampleSize":0.5649,"averageTravelTime":3.52,"medianTravelTime":3.15,"travelTimeRatio":1.16,"speedPercentiles":[34,41,48,52,55,58,60,61,63,65,66,68,69,71,73,75,78,81,87]},{"timeSet":17,"dateRange":1,"harmonicAverageSpeed":55.9,"medianSpeed":62.0,"averageSpeed":60.7,"standardDeviationSpeed":14.9,"travelTimeStandardDeviation":1.35,"sampleSize":6489,"normalizedSampleSize":0.6415,"averageTravelTime":3.67,"medianTravelTime":3.31,"travelTimeRatio":1.21,"speedPercentiles":[32,40,46,50,53,55,57,59,60,62,63,65,67,68,70,72,75,78,84]},{"timeSet":18,"dateRange":1,"harmonicAverageSpeed":54.5,"medianSpeed":61.0,"averageSpeed":59.6,"standardDeviationSpeed":15.2,"travelTimeStandardDeviation":1.46,"sampleSize":6125,"normalizedSampleSize":0.6055,"averageTravelTime":3.76,"medianTravelTime":3.36,"travelTimeRatio":1.24,"speedPercentiles":[31,39,45,48,52,54,56,57,59,61,62,64,65,67,69,71,73,77,82]},{"timeSet":19,"dateRange":1,"harmonicAverageSpeed":52.4,"medianSpeed":58.0,"averageSpeed":57.3,"standardDeviationSpeed":14.7,"travelTimeStandardDeviation":1.53,"sampleSize":6541,"normalizedSampleSize":0.6466,"averageTravelTime":3.91,"medianTravelTime":3.53,"travelTimeRatio":1.29,"speedPercentiles":[31,38,43,47,49,52,53,55,56,58,59,61,62,64,66,68,71,74,80]},{"timeSet":20,"dateRange":1,"harmonicAverageSpeed":52.9,"medianSpeed":57.0,"averageSpeed":56.9,"standardDeviationSpeed":13.6,"travelTimeStandardDeviation":1.28,"sampleSize":5964,"normalizedSampleSize":0.5896,"averageTravelTime":3.88,"medianTravelTime":3.6,"travelTimeRatio":1.27,"speedPercentiles":[32,39,44,47,49,51,53,54,56,57,59,60,62,63,65,67,70,73,79]},{"timeSet":21,"dateRange":1,"harmonicAverageSpeed":53.8,"medianSpeed":59.0,"averageSpeed":58.3,"standardDeviationSpeed":14.2,"travelTimeStandardDeviation":1.47,"sampleSize":5738,"normalizedSampleSize":0.5672,"averageTravelTime":3.81,"medianTravelTime":3.47,"travelTimeRatio":1.25,"speedPercentiles":[33,40,45,48,50,52,54,56,57,59,60,62,63,65,67,69,72,75,81]},{"timeSet":22,"dateRange":1,"harmonicAverageSpeed":57.3,"medianSpeed":62.0,"averageSpeed":61.7,"standardDeviationSpeed":15.2,"travelTimeStandardDeviation":1.18,"sampleSize":5089,"normalizedSampleSize":0.5031,"averageTravelTime":3.58,"medianTravelTime":3.31,"travelTimeRatio":1.18,"speedPercentiles":[36,42,46,50,53,55,57,59,60,62,63,65,67,69,71,73,76,80,86]},{"timeSet":23,"dateRange":1,"harmonicAverageSpeed":63.1,"medianSpeed":69.0,"averageSpeed":68.5,"standardDeviationSpeed":17.2,"travelTimeStandardDeviation":1.22,"sampleSize":2397,"normalizedSampleSize":0.237,"averageTravelTime":3.25,"medianTravelTime":2.97,"travelTimeRatio":1.07,"speedPercentiles":[39,46,51,55,58,61,63,65,67,69,71,73,75,77,79,82,85,89,96]},{"timeSet":24,"dateRange":1,"harmonicAverageSpeed":62.9,"medianSpeed":68.0,"averageSpeed":68.3,"standardDeviationSpeed":17.4,"travelTimeStandardDeviation":1.28,"sampleSize":1954,"normalizedSampleSize":0.1932,"averageTravelTime":3.26,"medianTravelTime":3.02,"travelTimeRatio":1.07,"speedPercentiles":[40,46,51,55,58,60,62,64,66,68,71,73,75,77,79,82,85,89,95]},{"timeSet":25,"dateRange":1,"harmonicAverageSpeed":63.2,"medianSpeed":68.0,"averageSpeed":68.0,"standardDeviationSpeed":16.6,"travelTimeStandardDeviation":1.11,"sampleSize":1927,"normalizedSampleSize":0.1905,"averageTravelTime":3.25,"medianTravelTime":3.02,"travelTimeRatio":1.07,"speedPercentiles":[40,47,51,55,58,60,62,64,66,68,70,72,74,76,78,81,84,88,95]}]}},{"type":"Feature","geometry":{"type":"LineString","coordinates":[[12.47289,41.92901],[12.47293,41.92886],[12.4731,41.9285]]},"properties":{"segmentId":13800007088896,"newSegmentId":"00004931-3600-0400-0000-000001376b6e","speedLimit":50,"frc":3,"streetName":"Corso di Francia","distance":59.42,"segmentTimeResults":[{"timeSet":2,"dateRange":1,"harmonicAverageSpeed":65.1,"medianSpeed":69.0,"averageSpeed":68.9,"standardDeviationSpeed":15.4,"travelTimeStandardDeviation":0.89,"sampleSize":822,"normalizedSampleSize":0.0813,"averageTravelTime":3.29,"medianTravelTime":3.1,"travelTimeRatio":1.0,"speedPercentiles":[44,50,54,57,59,61,63,65,67,69,71,72,74,76,79,81,84,88,95]},{"timeSet":3,"dateRange":1,"harmonicAverageSpeed":64.2,"medianSpeed":69.0,"averageSpeed":68.7,"standardDeviationSpeed":15.7,"travelTimeStandardDeviation":1.11,"sampleSize":445,"normalizedSampleSize":0.044,"averageTravelTime":3.33,"medianTravelTime":3.1,"travelTimeRatio":1.01,"speedPercentiles":[43,50,54,57,60,62,64,66,67,69,70,72,73,77,78,81,83,87,94]},{"timeSet":4,"dateRange":1,"harmonicAverageSpeed":66.3,"medianSpeed":69.0,"averageSpeed":70.4,"standardDeviationSpeed":16.6,"travelTimeStandardDeviation":0.89,"sampleSize":229,"normalizedSampleSize":0.0226,"averageTravelTime":3.23,"medianTravelTime":3.1,"travelTimeRatio":0.98,"speedPercentiles":[46,49,55,57,60,62,64,66,67,69,71,73,74,77,79,83,87,91,100]},{"timeSet":5,"dateRange":1,"harmonicAverageSpeed":67.5,"medianSpeed":70.0,"averageSpeed":70.9,"standardDeviationSpeed":15.2,"travelTimeStandardDeviation":0.75,"sampleSize":133,"normalizedSampleSize":0.0131,"averageTravelTime":3.17,"medianTravelTime":3.06,"travelTimeRatio":0.96,"speedPercentiles":[49,52,55,58,59,61,64,67,68,70,72,75,78,79,81,84,86,92,99]},{"timeSet":6,"dateRange":1,"harmonicAverageSpeed":67.5,"medianSpeed":74.0,"averageSpeed":72.3,"standardDeviationSpeed":16.8,"travelTimeStandardDeviation":0.99,"sampleSize":180,"normalizedSampleSize":0.0178,"averageTravelTime":3.17,"medianTravelTime":2.89,"travelTimeRatio":0.96,"speedPercentiles":[43,50,54,56,60,64,67,69,72,74,76,78,80,82,84,86,90,93,97]},{"timeSet":7,"dateRange":1,"harmonicAverageSpeed":66.3,"medianSpeed":71.0,"averageSpeed":69.9,"standardDeviationSpeed":14.7,"travelTimeStandardDeviation":0.86,"sampleSize":718,"normalizedSampleSize":0.071,"averageTravelTime":3.23,"medianTravelTime":3.01,"travelTimeRatio":0.98,"speedPercentiles":[42,52,56,58,61,63,65,68,69,71,73,74,76,78,79,81,84,87,93]},{"timeSet":8,"dateRange":1,"harmonicAverageSpeed":57.9,"medianSpeed":62.0,"averageSpeed":61.9,"standardDeviationSpeed":13.8,"travelTimeStandardDeviation":1.38,"sampleSize":2190,"normalizedSampleSize":0.2165,"averageTravelTime":3.69,"medianTravelTime":3.45,"travelTimeRatio":1.12,"speedPercentiles":[38,44,49,52,54,56,58,59,61,62,64,65,67,69,70,72,74,78,84]},{"timeSet":9,"dateRange":1,"harmonicAverageSpeed":50.8,"medianSpeed":56.0,"averageSpeed":55.2,"standardDeviationSpeed":13.4,"travelTimeStandardDeviation":1.77,"sampleSize":6438,"normalizedSampleSize":0.6364,"averageTravelTime":4.21,"medianTravelTime":3.82,"travelTimeRatio":1.28,"speedPercentiles":[31,38,43,45,47,49,51,53,54,56,57,59,60,62,63,66,68,71,76]},{"timeSet":10,"dateRange":1,"harmonicAverageSpeed":41.2,"medianSpeed":52.0,"averageSpeed":49.9,"standardDeviationSpeed":15.5,"travelTimeStandardDeviation":4.39,"sampleSize":8024,"normalizedSampleSize":0.7932,"averageTravelTime":5.19,"medianTravelTime":4.11,"travelTimeRatio":1.58,"speedPercentiles":[21,28,33,37,41,44,46,48,50,52,53,55,57,59,60,63,65,68,72]},{"timeSet":11,"dateRange":1,"harmonicAverageSpeed":42.6,"medianSpeed":52.0,"averageSpeed":50.6,"standardDeviationSpeed":15.6,"travelTimeStandardDeviation":4.06,"sampleSize":7496,"normalizedSampleSize":0.741,"averageTravelTime":5.03,"medianTravelTime":4.11,"travelTimeRatio":1.53,"speedPercentiles":[23,29,33,37,41,44,46,49,51,52,54,56,57,59,61,63,66,69,74]},{"timeSet":12,"dateRange":1,"harmonicAverageSpeed":52.7,"medianSpeed":58.0,"averageSpeed":57.2,"standardDeviationSpeed":14.1,"travelTimeStandardDeviation":1.56,"sampleSize":5842,"normalizedSampleSize":0.5775,"averageTravelTime":4.06,"medianTravelTime":3.69,"travelTimeRatio":1.24,"speedPercentiles":[31,38,43,47,50,52,53,55,56,58,59,61,63,65,67,69,71,74,79]},{"timeSet":13,"dateRange":1,"harmonicAverageSpeed":54.7,"medianSpeed":61.0,"averageSpeed":59.5,"standardDeviationSpeed":14.8,"travelTimeStandardDeviation":1.49,"sampleSize":5104,"normalizedSampleSize":0.5045,"averageTravelTime":3.91,"medianTravelTime":3.51,"travelTimeRatio":1.19,"speedPercentiles":[32,39,44,48,51,54,55,57,59,61,62,64,66,67,69,71,74,77,82]},{"timeSet":14,"dateRange":1,"harmonicAverageSpeed":56.7,"medianSpeed":62.0,"averageSpeed":61.0,"standardDeviationSpeed":14.3,"travelTimeStandardDeviation":1.26,"sampleSize":4961,"normalizedSampleSize":0.4904,"averageTravelTime":3.77,"medianTravelTime":3.45,"travelTimeRatio":1.15,"speedPercentiles":[34,41,47,51,53,55,57,59,60,62,63,65,67,68,70,72,75,78,83]},{"timeSet":15,"dateRange":1,"harmonicAverageSpeed":55.8,"medianSpeed":62.0,"averageSpeed":60.4,"standardDeviationSpeed":14.6,"travelTimeStandardDeviation":1.35,"sampleSize":5122,"normalizedSampleSize":0.5063,"averageTravelTime":3.84,"medianTravelTime":3.45,"travelTimeRatio":1.17,"speedPercentiles":[33,40,45,49,52,55,57,58,60,62,63,65,66,68,70,72,74,78,82]},{"timeSet":16,"dateRange":1,"harmonicAverageSpeed":55.8,"medianSpeed":61.0,"averageSpeed":60.1,"standardDeviationSpeed":14.2,"travelTimeStandardDeviation":1.32,"sampleSize":5716,"normalizedSampleSize":0.565,"averageTravelTime":3.84,"medianTravelTime":3.51,"travelTimeRatio":1.17,"speedPercentiles":[33,40,46,49,52,55,57,58,60,61,63,64,66,67,69,71,73,77,81]},{"timeSet":17,"dateRange":1,"harmonicAverageSpeed":53.1,"medianSpeed":59.0,"averageSpeed":57.6,"standardDeviationSpeed":13.8,"travelTimeStandardDeviation":1.54,"sampleSize":6488,"normalizedSampleSize":0.6414,"averageTravelTime":4.03,"medianTravelTime":3.63,"travelTimeRatio":1.22,"speedPercentiles":[31,39,44,48,50,52,54,56,57,59,60,62,63,65,66,68,71,74,79]},{"timeSet":18,"dateRange":1,"harmonicAverageSpeed":51.5,"medianSpeed":58.0,"averageSpeed":56.5,"standardDeviationSpeed":14.2,"travelTimeStandardDeviation":1.96,"sampleSize":6129,"normalizedSampleSize":0.6059,"averageTravelTime":4.16,"medianTravelTime":3.69,"travelTimeRatio":1.26,"speedPercentiles":[30,37,43,46,49,51,53,55,56,58,59,60,62,63,65,67,69,73,78]},{"timeSet":19,"dateRange":1,"harmonicAverageSpeed":50.0,"medianSpeed":55.0,"averageSpeed":54.4,"standardDeviationSpeed":13.5,"travelTimeStandardDeviation":1.7,"sampleSize":6545,"normalizedSampleSize":0.647,"averageTravelTime":4.28,"medianTravelTime":3.89,"travelTimeRatio":1.3,"speedPercentiles":[29,37,41,45,47,49,51,52,54,55,56,58,59,61,62,64,67,70,76]},{"timeSet":20,"dateRange":1,"harmonicAverageSpeed":50.3,"medianSpeed":54.0,"averageSpeed":54.0,"standardDeviationSpeed":12.6,"travelTimeStandardDeviation":1.53,"sampleSize":5968,"normalizedSampleSize":0.59,"averageTravelTime":4.26,"medianTravelTime":3.96,"travelTimeRatio":1.29,"speedPercentiles":[31,38,42,45,47,49,50,52,53,54,56,57,58,60,62,63,66,69,74]},{"timeSet":21,"dateRange":1,"harmonicAverageSpeed":50.4,"medianSpeed":56.0,"averageSpeed":55.4,"standardDeviationSpeed":13.4,"travelTimeStandardDeviation":2.34,"sampleSize":5723,"normalizedSampleSize":0.5657,"averageTravelTime":4.24,"medianTravelTime":3.82,"travelTimeRatio":1.29,"speedPercentiles":[32,39,43,46,48,50,52,53,54,56,57,59,60,62,63,65,68,71,76]},{"timeSet":22,"dateRange":1,"harmonicAverageSpeed":54.6,"medianSpeed":59.0,"averageSpeed":58.7,"standardDeviationSpeed":14.2,"travelTimeStandardDeviation":1.31,"sampleSize":5088,"normalizedSampleSize":0.503,"averageTravelTime":3.92,"medianTravelTime":3.63,"travelTimeRatio":1.19,"speedPercentiles":[34,41,45,48,50,53,55,56,58,59,60,62,63,65,67,69,72,76,81]},{"timeSet":23,"dateRange":1,"harmonicAverageSpeed":60.7,"medianSpeed":66.0,"averageSpeed":65.4,"standardDeviationSpeed":15.8,"travelTimeStandardDeviation":1.2,"sampleSize":2397,"normalizedSampleSize":0.237,"averageTravelTime":3.53,"medianTravelTime":3.24,"travelTimeRatio":1.07,"speedPercentiles":[38,45,50,53,56,58,60,62,64,66,68,69,71,73,75,78,80,84,90]},{"timeSet":24,"dateRange":1,"harmonicAverageSpeed":60.9,"medianSpeed":66.0,"averageSpeed":65.7,"standardDeviationSpeed":16.1,"travelTimeStandardDeviation":1.31,"sampleSize":1955,"normalizedSampleSize":0.1933,"averageTravelTime":3.51,"medianTravelTime":3.24,"travelTimeRatio":1.07,"speedPercentiles":[39,45,50,53,56,58,60,62,64,66,67,69,71,73,75,78,81,85,91]},{"timeSet":25,"dateRange":1,"harmonicAverageSpeed":60.7,"medianSpeed":65.0,"averageSpeed":65.2,"standardDeviationSpeed":15.3,"travelTimeStandardDeviation":1.3,"sampleSize":1921,"normalizedSampleSize":0.1899,"averageTravelTime":3.52,"medianTravelTime":3.29,"travelTimeRatio":1.07,"speedPercentiles":[39,46,50,54,56,58,60,62,64,65,67,68,70,72,74,77,80,84,90]}]}},{"type":"Feature","geometry":{"type":"LineString","coordinates":[[12.4731,41.9285],[12.47315,41.9284],[12.4732,41.92831]]},"properties":{"segmentId":13800007088897,"newSegmentId":"00004931-3600-0400-0000-00000136552e","speedLimit":50,"frc":3,"streetName":"Corso di Francia","distance":22.61,"segmentTimeResults":[{"timeSet":2,"dateRange":1,"harmonicAverageSpeed":63.3,"medianSpeed":66.0,"averageSpeed":66.8,"standardDeviationSpeed":14.8,"travelTimeStandardDeviation":0.34,"sampleSize":822,"normalizedSampleSize":0.0813,"averageTravelTime":1.29,"medianTravelTime":1.23,"travelTimeRatio":1.0,"speedPercentiles":[43,49,53,55,57,59,61,63,64,66,68,70,72,74,76,78,81,85,91]},{"timeSet":3,"dateRange":1,"harmonicAverageSpeed":61.6,"medianSpeed":66.0,"averageSpeed":65.8,"standardDeviationSpeed":14.7,"travelTimeStandardDeviation":0.43,"sampleSize":446,"normalizedSampleSize":0.0441,"averageTravelTime":1.32,"medianTravelTime":1.23,"travelTimeRatio":1.03,"speedPercentiles":[42,48,52,56,58,60,62,63,65,66,68,69,70,72,74,76,80,83,91]},{"timeSet":4,"dateRange":1,"harmonicAverageSpeed":64.7,"medianSpeed":66.0,"averageSpeed":68.7,"standardDeviationSpeed":16.4,"travelTimeStandardDeviation":0.34,"sampleSize":230,"normalizedSampleSize":0.0227,"averageTravelTime":1.26,"medianTravelTime":1.23,"travelTimeRatio":0.98,"speedPercentiles":[46,49,54,56,58,60,62,63,65,66,69,71,73,75,79,81,84,89,97]},{"timeSet":5,"dateRange":1,"harmonicAverageSpeed":66.1,"medianSpeed":69.0,"averageSpeed":69.3,"standardDeviationSpeed":14.4,"travelTimeStandardDeviation":0.29,"sampleSize":133,"normalizedSampleSize":0.0131,"averageTravelTime":1.23,"medianTravelTime":1.18,"travelTimeRatio":0.96,"speedPercentiles":[47,52,53,57,59,60,62,65,67,69,71,74,77,78,80,83,84,88,94]},{"timeSet":6,"dateRange":1,"harmonicAverageSpeed":65.7,"medianSpeed":70.0,"averageSpeed":69.9,"standardDeviationSpeed":15.9,"travelTimeStandardDeviation":0.36,"sampleSize":180,"normalizedSampleSize":0.0178,"averageTravelTime":1.24,"medianTravelTime":1.16,"travelTimeRatio":0.96,"speedPercentiles":[45,50,53,55,60,62,64,66,67,70,72,75,76,78,81,83,86,90,96]},{"timeSet":7,"dateRange":1,"harmonicAverageSpeed":64.5,"medianSpeed":69.0,"averageSpeed":67.9,"standardDeviationSpeed":14.1,"travelTimeStandardDeviation":0.32,"sampleSize":714,"normalizedSampleSize":0.0706,"averageTravelTime":1.26,"medianTravelTime":1.18,"travelTimeRatio":0.98,"speedPercentiles":[42,51,54,57,60,61,64,65,67,69,71,72,73,75,77,79,81,85,90]},{"timeSet":8,"dateRange":1,"harmonicAverageSpeed":55.6,"medianSpeed":59.0,"averageSpeed":59.4,"standardDeviationSpeed":13.3,"travelTimeStandardDeviation":0.48,"sampleSize":2187,"normalizedSampleSize":0.2162,"averageTravelTime":1.46,"medianTravelTime":1.38,"travelTimeRatio":1.14,"speedPercentiles":[36,43,47,49,52,54,55,57,58,59,61,63,64,66,68,70,72,76,80]},{"timeSet":9,"dateRange":1,"harmonicAverageSpeed":47.8,"medianSpeed":53.0,"averageSpeed":53.0,"standardDeviationSpeed":13.1,"travelTimeStandardDeviation":1.24,"sampleSize":6434,"normalizedSampleSize":0.636,"averageTravelTime":1.7,"medianTravelTime":1.54,"travelTimeRatio":1.32,"speedPercentiles":[30,37,41,43,45,47,49,51,52,53,55,56,58,59,61,63,66,68,74]},{"timeSet":10,"dateRange":1,"harmonicAverageSpeed":38.8,"medianSpeed":50.0,"averageSpeed":48.0,"standardDeviationSpeed":14.8,"travelTimeStandardDeviation":2.35,"sampleSize":8027,"normalizedSampleSize":0.7935,"averageTravelTime":2.1,"medianTravelTime":1.63,"travelTimeRatio":1.63,"speedPercentiles":[21,28,32,36,39,42,44,46,48,50,51,53,54,56,58,60,62,65,70]},{"timeSet":11,"dateRange":1,"harmonicAverageSpeed":39.0,"medianSpeed":50.0,"averageSpeed":48.2,"standardDeviationSpeed":15.2,"travelTimeStandardDeviation":2.37,"sampleSize":7494,"normalizedSampleSize":0.7408,"averageTravelTime":2.09,"medianTravelTime":1.63,"travelTimeRatio":1.62,"speedPercentiles":[22,27,32,35,39,42,44,46,48,50,52,53,55,57,58,60,63,66,71]},{"timeSet":12,"dateRange":1,"harmonicAverageSpeed":50.3,"medianSpeed":56.0,"averageSpeed":55.0,"standardDeviationSpeed":13.5,"travelTimeStandardDeviation":0.82,"sampleSize":5843,"normalizedSampleSize":0.5776,"averageTravelTime":1.62,"medianTravelTime":1.45,"travelTimeRatio":1.26,"speedPercentiles":[30,37,42,45,47,50,51,53,54,56,57,58,60,62,64,65,68,71,76]},{"timeSet":13,"dateRange":1,"harmonicAverageSpeed":52.7,"medianSpeed":58.0,"averageSpeed":57.2,"standardDeviationSpeed":14.1,"travelTimeStandardDeviation":0.58,"sampleSize":5108,"normalizedSampleSize":0.5049,"averageTravelTime":1.55,"medianTravelTime":1.4,"travelTimeRatio":1.2,"speedPercentiles":[32,38,43,46,49,51,53,55,57,58,60,61,63,64,66,68,71,74,79]},{"timeSet":14,"dateRange":1,"harmonicAverageSpeed":54.7,"medianSpeed":59.0,"averageSpeed":58.8,"standardDeviationSpeed":13.7,"travelTimeStandardDeviation":0.5,"sampleSize":4971,"normalizedSampleSize":0.4914,"averageTravelTime":1.49,"medianTravelTime":1.38,"travelTimeRatio":1.16,"speedPercentiles":[34,41,45,49,51,53,55,56,58,59,61,63,64,66,67,70,72,75,80]},{"timeSet":15,"dateRange":1,"harmonicAverageSpeed":53.9,"medianSpeed":59.0,"averageSpeed":58.3,"standardDeviationSpeed":14.0,"travelTimeStandardDeviation":0.52,"sampleSize":5127,"normalizedSampleSize":0.5068,"averageTravelTime":1.51,"medianTravelTime":1.38,"travelTimeRatio":1.17,"speedPercentiles":[32,39,44,47,50,53,55,56,58,59,61,62,64,65,67,69,72,75,80]},{"timeSet":16,"dateRange":1,"harmonicAverageSpeed":53.8,"medianSpeed":59.0,"averageSpeed":57.9,"standardDeviationSpeed":13.6,"travelTimeStandardDeviation":0.52,"sampleSize":5714,"normalizedSampleSize":0.5648,"averageTravelTime":1.51,"medianTravelTime":1.38,"travelTimeRatio":1.18,"speedPercentiles":[33,39,45,48,51,53,54,56,58,59,60,62,63,65,66,68,71,74,78]},{"timeSet":17,"dateRange":1,"harmonicAverageSpeed":51.1,"medianSpeed":56.0,"averageSpeed":55.4,"standardDeviationSpeed":13.3,"travelTimeStandardDeviation":0.61,"sampleSize":6496,"normalizedSampleSize":0.6422,"averageTravelTime":1.59,"medianTravelTime":1.45,"travelTimeRatio":1.24,"speedPercentiles":[31,37,42,46,48,50,52,54,55,56,58,59,61,62,64,66,68,71,75]},{"timeSet":18,"dateRange":1,"harmonicAverageSpeed":49.5,"medianSpeed":56.0,"averageSpeed":54.5,"standardDeviationSpeed":13.5,"travelTimeStandardDeviation":0.86,"sampleSize":6128,"normalizedSampleSize":0.6058,"averageTravelTime":1.64,"medianTravelTime":1.45,"travelTimeRatio":1.28,"speedPercentiles":[29,36,42,45,47,49,51,53,54,56,57,58,59,61,63,64,67,70,75]},{"timeSet":19,"dateRange":1,"harmonicAverageSpeed":48.0,"medianSpeed":53.0,"averageSpeed":52.4,"standardDeviationSpeed":13.0,"travelTimeStandardDeviation":0.77,"sampleSize":6542,"normalizedSampleSize":0.6467,"averageTravelTime":1.7,"medianTravelTime":1.54,"travelTimeRatio":1.32,"speedPercentiles":[29,35,40,43,45,47,49,50,51,53,54,55,57,59,60,62,64,68,73]},{"timeSet":20,"dateRange":1,"harmonicAverageSpeed":48.6,"medianSpeed":52.0,"averageSpeed":52.0,"standardDeviationSpeed":12.0,"travelTimeStandardDeviation":0.59,"sampleSize":5983,"normalizedSampleSize":0.5914,"averageTravelTime":1.68,"medianTravelTime":1.57,"travelTimeRatio":1.3,"speedPercentiles":[31,37,41,43,45,47,48,50,51,52,54,55,56,58,59,61,63,67,71]},{"timeSet":21,"dateRange":1,"harmonicAverageSpeed":48.6,"medianSpeed":54.0,"averageSpeed":53.3,"standardDeviationSpeed":12.9,"travelTimeStandardDeviation":0.88,"sampleSize":5712,"normalizedSampleSize":0.5647,"averageTravelTime":1.67,"medianTravelTime":1.51,"travelTimeRatio":1.3,"speedPercentiles":[30,37,42,44,46,48,50,51,52,54,55,56,58,59,61,63,65,68,73]},{"timeSet":22,"dateRange":1,"harmonicAverageSpeed":52.6,"medianSpeed":57.0,"averageSpeed":56.6,"standardDeviationSpeed":13.5,"travelTimeStandardDeviation":0.53,"sampleSize":5095,"normalizedSampleSize":0.5037,"averageTravelTime":1.55,"medianTravelTime":1.43,"travelTimeRatio":1.2,"speedPercentiles":[33,40,44,46,49,51,53,54,56,57,58,60,61,63,64,67,69,73,78]},{"timeSet":23,"dateRange":1,"harmonicAverageSpeed":58.8,"medianSpeed":64.0,"averageSpeed":63.1,"standardDeviationSpeed":14.8,"travelTimeStandardDeviation":0.45,"sampleSize":2400,"normalizedSampleSize":0.2372,"averageTravelTime":1.38,"medianTravelTime":1.27,"travelTimeRatio":1.08,"speedPercentiles":[37,45,49,52,54,57,59,60,62,64,65,67,68,70,72,75,77,81,86]},{"timeSet":24,"dateRange":1,"harmonicAverageSpeed":59.1,"medianSpeed":63.0,"averageSpeed":63.5,"standardDeviationSpeed":15.1,"travelTimeStandardDeviation":0.5,"sampleSize":1956,"normalizedSampleSize":0.1934,"averageTravelTime":1.38,"medianTravelTime":1.29,"travelTimeRatio":1.07,"speedPercentiles":[39,45,50,52,54,57,59,60,62,63,65,67,68,70,72,75,77,81,88]},{"timeSet":25,"dateRange":1,"harmonicAverageSpeed":58.8,"medianSpeed":63.0,"averageSpeed":62.8,"standardDeviationSpeed":14.3,"travelTimeStandardDeviation":0.48,"sampleSize":1918,"normalizedSampleSize":0.1896,"averageTravelTime":1.39,"medianTravelTime":1.29,"travelTimeRatio":1.08,"speedPercentiles":[39,46,49,52,55,56,58,59,61,63,64,66,67,69,71,73,77,80,86]}]}},{"type":"Feature","geometry":{"type":"LineString","coordinates":[[12.4732,41.92831],[12.47325,41.92813],[12.47328,41.92805],[12.47329,41.92802]]},"properties":{"segmentId":13800007370833,"newSegmentId":"00004931-3600-0400-0000-0000034e43d8","speedLimit":50,"frc":3,"streetName":"Corso di Francia","distance":33.47,"segmentTimeResults":[{"timeSet":2,"dateRange":1,"harmonicAverageSpeed":63.2,"medianSpeed":66.0,"averageSpeed":67.0,"standardDeviationSpeed":15.0,"travelTimeStandardDeviation":0.53,"sampleSize":450,"normalizedSampleSize":0.0445,"averageTravelTime":1.91,"medianTravelTime":1.83,"travelTimeRatio":1.0,"speedPercentiles":[42,49,54,56,57,59,61,63,64,66,68,69,72,74,77,79,82,85,91]},{"timeSet":3,"dateRange":1,"harmonicAverageSpeed":61.1,"medianSpeed":67.0,"averageSpeed":66.5,"standardDeviationSpeed":16.1,"travelTimeStandardDeviation":0.75,"sampleSize":235,"normalizedSampleSize":0.0232,"averageTravelTime":1.97,"medianTravelTime":1.8,"travelTimeRatio":1.03,"speedPercentiles":[36,48,52,55,58,60,63,64,65,67,68,70,72,73,77,78,82,86,94]},{"timeSet":4,"dateRange":1,"harmonicAverageSpeed":65.1,"medianSpeed":68.0,"averageSpeed":68.8,"standardDeviationSpeed":16.1,"travelTimeStandardDeviation":0.46,"sampleSize":136,"normalizedSampleSize":0.0134,"averageTravelTime":1.85,"medianTravelTime":1.77,"travelTimeRatio":0.97,"speedPercentiles":[43,50,55,56,58,60,61,64,66,68,70,71,73,76,78,80,84,87,97]},{"timeSet":5,"dateRange":1,"harmonicAverageSpeed":66.2,"medianSpeed":71.0,"averageSpeed":69.8,"standardDeviationSpeed":14.6,"travelTimeStandardDeviation":0.47,"sampleSize":76,"normalizedSampleSize":0.0075,"averageTravelTime":1.82,"medianTravelTime":1.7,"travelTimeRatio":0.95,"speedPercentiles":[43,51,52,53,57,61,65,69,71,71,73,77,78,80,80,83,84,86,92]},{"timeSet":6,"dateRange":1,"harmonicAverageSpeed":66.2,"medianSpeed":70.0,"averageSpeed":70.1,"standardDeviationSpeed":16.2,"travelTimeStandardDeviation":0.46,"sampleSize":103,"normalizedSampleSize":0.0102,"averageTravelTime":1.82,"medianTravelTime":1.72,"travelTimeRatio":0.96,"speedPercentiles":[47,50,51,53,55,57,61,64,69,70,74,76,76,80,84,86,88,92,95]},{"timeSet":7,"dateRange":1,"harmonicAverageSpeed":64.6,"medianSpeed":69.0,"averageSpeed":68.0,"standardDeviationSpeed":14.2,"travelTimeStandardDeviation":0.48,"sampleSize":488,"normalizedSampleSize":0.0482,"averageTravelTime":1.87,"medianTravelTime":1.75,"travelTimeRatio":0.98,"speedPercentiles":[42,50,54,57,59,61,64,65,67,69,70,72,74,75,77,79,82,85,90]},{"timeSet":8,"dateRange":1,"harmonicAverageSpeed":53.3,"medianSpeed":58.0,"averageSpeed":57.9,"standardDeviationSpeed":14.1,"travelTimeStandardDeviation":0.95,"sampleSize":1327,"normalizedSampleSize":0.1312,"averageTravelTime":2.26,"medianTravelTime":2.08,"travelTimeRatio":1.19,"speedPercentiles":[33,40,45,48,50,52,53,55,56,58,59,61,63,65,67,69,72,76,80]},{"timeSet":9,"dateRange":1,"harmonicAverageSpeed":42.5,"medianSpeed":51.0,"averageSpeed":50.4,"standardDeviationSpeed":14.7,"travelTimeStandardDeviation":2.39,"sampleSize":3040,"normalizedSampleSize":0.3005,"averageTravelTime":2.83,"medianTravelTime":2.36,"travelTimeRatio":1.49,"speedPercentiles":[23,32,36,40,43,45,46,48,49,51,53,54,56,58,60,62,65,68,73]},{"timeSet":10,"dateRange":1,"harmonicAverageSpeed":32.7,"medianSpeed":47.0,"averageSpeed":45.0,"standardDeviationSpeed":16.3,"travelTimeStandardDeviation":4.51,"sampleSize":3842,"normalizedSampleSize":0.3798,"averageTravelTime":3.69,"medianTravelTime":2.56,"travelTimeRatio":1.94,"speedPercentiles":[14,22,27,31,35,38,40,43,45,47,49,51,53,55,57,59,61,64,69]},{"timeSet":11,"dateRange":1,"harmonicAverageSpeed":30.4,"medianSpeed":47.0,"averageSpeed":45.1,"standardDeviationSpeed":16.7,"travelTimeStandardDeviation":5.98,"sampleSize":3638,"normalizedSampleSize":0.3596,"averageTravelTime":3.96,"medianTravelTime":2.56,"travelTimeRatio":2.08,"speedPercentiles":[13,22,27,31,34,38,40,43,45,47,49,51,53,54,56,59,61,64,69]},{"timeSet":12,"dateRange":1,"harmonicAverageSpeed":46.3,"medianSpeed":53.0,"averageSpeed":52.3,"standardDeviationSpeed":14.0,"travelTimeStandardDeviation":1.88,"sampleSize":3180,"normalizedSampleSize":0.3144,"averageTravelTime":2.6,"medianTravelTime":2.27,"travelTimeRatio":1.37,"speedPercentiles":[27,33,38,42,45,47,49,50,52,53,54,56,57,59,61,63,66,69,73]},{"timeSet":13,"dateRange":1,"harmonicAverageSpeed":49.9,"medianSpeed":57.0,"averageSpeed":55.7,"standardDeviationSpeed":15.0,"travelTimeStandardDeviation":1.31,"sampleSize":2666,"normalizedSampleSize":0.2635,"averageTravelTime":2.42,"medianTravelTime":2.11,"travelTimeRatio":1.27,"speedPercentiles":[28,34,40,44,47,49,52,54,55,57,59,60,62,63,65,67,70,73,79]},{"timeSet":14,"dateRange":1,"harmonicAverageSpeed":53.2,"medianSpeed":58.0,"averageSpeed":57.7,"standardDeviationSpeed":14.1,"travelTimeStandardDeviation":0.8,"sampleSize":2584,"normalizedSampleSize":0.2554,"averageTravelTime":2.26,"medianTravelTime":2.08,"travelTimeRatio":1.19,"speedPercentiles":[32,38,44,47,50,52,54,55,57,58,60,62,63,65,67,69,71,75,79]},{"timeSet":15,"dateRange":1,"harmonicAverageSpeed":53.0,"medianSpeed":59.0,"averageSpeed":57.8,"standardDeviationSpeed":14.3,"travelTimeStandardDeviation":0.86,"sampleSize":2486,"normalizedSampleSize":0.2457,"averageTravelTime":2.27,"medianTravelTime":2.04,"travelTimeRatio":1.19,"speedPercentiles":[30,38,44,47,50,52,54,56,57,59,60,62,63,65,67,69,71,74,80]},{"timeSet":16,"dateRange":1,"harmonicAverageSpeed":52.9,"medianSpeed":58.0,"averageSpeed":57.3,"standardDeviationSpeed":13.9,"travelTimeStandardDeviation":0.83,"sampleSize":2621,"normalizedSampleSize":0.2591,"averageTravelTime":2.28,"medianTravelTime":2.08,"travelTimeRatio":1.2,"speedPercentiles":[31,38,44,48,50,52,54,56,57,58,60,61,62,64,66,68,70,73,79]},{"timeSet":17,"dateRange":1,"harmonicAverageSpeed":50.6,"medianSpeed":56.0,"averageSpeed":55.4,"standardDeviationSpeed":13.7,"travelTimeStandardDeviation":0.98,"sampleSize":2852,"normalizedSampleSize":0.2819,"averageTravelTime":2.38,"medianTravelTime":2.15,"travelTimeRatio":1.25,"speedPercentiles":[30,37,42,45,48,50,52,54,55,56,58,59,60,62,64,66,69,71,76]},{"timeSet":18,"dateRange":1,"harmonicAverageSpeed":49.7,"medianSpeed":55.0,"averageSpeed":54.2,"standardDeviationSpeed":13.6,"travelTimeStandardDeviation":0.93,"sampleSize":2830,"normalizedSampleSize":0.2798,"averageTravelTime":2.42,"medianTravelTime":2.19,"travelTimeRatio":1.27,"speedPercentiles":[29,36,41,44,47,49,50,52,53,55,56,58,59,61,62,65,67,70,75]},{"timeSet":19,"dateRange":1,"harmonicAverageSpeed":47.8,"medianSpeed":53.0,"averageSpeed":52.3,"standardDeviationSpeed":13.4,"travelTimeStandardDeviation":1.04,"sampleSize":2844,"normalizedSampleSize":0.2811,"averageTravelTime":2.52,"medianTravelTime":2.27,"travelTimeRatio":1.32,"speedPercentiles":[28,35,39,43,45,47,48,50,51,53,54,55,57,59,60,62,65,68,74]},{"timeSet":20,"dateRange":1,"harmonicAverageSpeed":47.3,"medianSpeed":52.0,"averageSpeed":51.3,"standardDeviationSpeed":12.6,"travelTimeStandardDeviation":0.97,"sampleSize":2638,"normalizedSampleSize":0.2608,"averageTravelTime":2.55,"medianTravelTime":2.32,"travelTimeRatio":1.34,"speedPercentiles":[29,35,40,42,44,46,47,49,50,52,53,54,55,57,59,61,63,67,71]},{"timeSet":21,"dateRange":1,"harmonicAverageSpeed":44.3,"medianSpeed":52.0,"averageSpeed":51.5,"standardDeviationSpeed":14.1,"travelTimeStandardDeviation":2.32,"sampleSize":2696,"normalizedSampleSize":0.2665,"averageTravelTime":2.72,"medianTravelTime":2.32,"travelTimeRatio":1.43,"speedPercentiles":[25,33,38,42,44,46,48,50,51,52,54,55,57,58,60,62,65,68,73]},{"timeSet":22,"dateRange":1,"harmonicAverageSpeed":50.2,"medianSpeed":56.0,"averageSpeed":55.2,"standardDeviationSpeed":14.4,"travelTimeStandardDeviation":1.02,"sampleSize":2664,"normalizedSampleSize":0.2633,"averageTravelTime":2.4,"medianTravelTime":2.15,"travelTimeRatio":1.26,"speedPercentiles":[29,37,42,45,47,49,51,53,54,56,57,58,60,62,64,66,69,73,79]},{"timeSet":23,"dateRange":1,"harmonicAverageSpeed":57.6,"medianSpeed":63.0,"averageSpeed":62.3,"standardDeviationSpeed":15.3,"travelTimeStandardDeviation":0.74,"sampleSize":1228,"normalizedSampleSize":0.1214,"averageTravelTime":2.09,"medianTravelTime":1.91,"travelTimeRatio":1.1,"speedPercentiles":[35,44,48,51,54,56,58,60,61,63,64,66,68,69,71,74,76,80,86]},{"timeSet":24,"dateRange":1,"harmonicAverageSpeed":58.2,"medianSpeed":63.0,"averageSpeed":63.4,"standardDeviationSpeed":15.6,"travelTimeStandardDeviation":1.03,"sampleSize":1094,"normalizedSampleSize":0.1081,"averageTravelTime":2.07,"medianTravelTime":1.91,"travelTimeRatio":1.09,"speedPercentiles":[38,45,49,52,54,56,58,60,62,63,65,67,69,70,72,75,78,82,88]},{"timeSet":25,"dateRange":1,"harmonicAverageSpeed":59.2,"medianSpeed":64.0,"averageSpeed":63.6,"standardDeviationSpeed":14.9,"travelTimeStandardDeviation":0.72,"sampleSize":941,"normalizedSampleSize":0.093,"averageTravelTime":2.04,"medianTravelTime":1.88,"travelTimeRatio":1.07,"speedPercentiles":[37,46,49,52,55,57,59,60,62,64,65,67,68,71,72,74,78,82,89]}]}},{"type":"Feature","geometry":{"type":"LineString","coordinates":[[12.47329,41.92802],[12.47336,41.92791],[12.47345,41.92775],[12.47369,41.92732],[12.47377,41.92706],[12.47381,41.92674]]},"properties":{"segmentId":13800007370835,"newSegmentId":"00004931-3600-0400-0000-0000034e43d9","speedLimit":40,"frc":3,"streetName":"Corso di Francia","distance":149.36,"segmentTimeResults":[{"timeSet":2,"dateRange":1,"harmonicAverageSpeed":56.4,"medianSpeed":58.0,"averageSpeed":59.2,"standardDeviationSpeed":12.4,"travelTimeStandardDeviation":2.34,"sampleSize":449,"normalizedSampleSize":0.0444,"averageTravelTime":9.54,"medianTravelTime":9.27,"travelTimeRatio":1.0,"speedPercentiles":[41,45,48,50,52,53,54,55,57,58,59,61,63,64,67,69,71,75,81]},{"timeSet":3,"dateRange":1,"harmonicAverageSpeed":55.0,"medianSpeed":59.0,"averageSpeed":59.0,"standardDeviationSpeed":13.4,"travelTimeStandardDeviation":3.24,"sampleSize":233,"normalizedSampleSize":0.023,"averageTravelTime":9.77,"medianTravelTime":9.11,"travelTimeRatio":1.02,"speedPercentiles":[34,44,47,51,52,53,54,57,58,59,61,62,63,65,67,69,71,77,81]},{"timeSet":4,"dateRange":1,"harmonicAverageSpeed":58.0,"medianSpeed":60.0,"averageSpeed":60.7,"standardDeviationSpeed":12.4,"travelTimeStandardDeviation":2.26,"sampleSize":135,"normalizedSampleSize":0.0133,"averageTravelTime":9.28,"medianTravelTime":8.96,"travelTimeRatio":0.97,"speedPercentiles":[41,48,50,51,53,55,55,56,58,60,61,63,64,66,69,71,74,77,84]},{"timeSet":5,"dateRange":1,"harmonicAverageSpeed":59.3,"medianSpeed":64.0,"averageSpeed":62.2,"standardDeviationSpeed":12.4,"travelTimeStandardDeviation":2.18,"sampleSize":76,"normalizedSampleSize":0.0075,"averageTravelTime":9.06,"medianTravelTime":8.4,"travelTimeRatio":0.95,"speedPercentiles":[38,46,49,51,53,54,56,60,61,64,65,68,69,70,72,73,75,77,80]},{"timeSet":6,"dateRange":1,"harmonicAverageSpeed":58.8,"medianSpeed":61.0,"averageSpeed":61.8,"standardDeviationSpeed":13.3,"travelTimeStandardDeviation":2.2,"sampleSize":103,"normalizedSampleSize":0.0102,"averageTravelTime":9.15,"medianTravelTime":8.81,"travelTimeRatio":0.96,"speedPercentiles":[40,45,49,50,52,54,56,58,60,61,63,65,67,69,73,75,77,79,84]},{"timeSet":7,"dateRange":1,"harmonicAverageSpeed":57.5,"medianSpeed":61.0,"averageSpeed":60.1,"standardDeviationSpeed":11.4,"travelTimeStandardDeviation":2.44,"sampleSize":486,"normalizedSampleSize":0.048,"averageTravelTime":9.35,"medianTravelTime":8.81,"travelTimeRatio":0.98,"speedPercentiles":[41,46,49,51,53,55,57,58,59,61,62,63,65,66,68,70,72,74,78]},{"timeSet":8,"dateRange":1,"harmonicAverageSpeed":40.8,"medianSpeed":49.0,"averageSpeed":47.5,"standardDeviationSpeed":14.1,"travelTimeStandardDeviation":8.46,"sampleSize":1317,"normalizedSampleSize":0.1302,"averageTravelTime":13.19,"medianTravelTime":10.97,"travelTimeRatio":1.38,"speedPercentiles":[20,28,33,37,40,42,44,45,47,49,50,52,54,55,57,59,62,64,69]},{"timeSet":9,"dateRange":1,"harmonicAverageSpeed":29.4,"medianSpeed":43.0,"averageSpeed":39.8,"standardDeviationSpeed":15.9,"travelTimeStandardDeviation":14.99,"sampleSize":3015,"normalizedSampleSize":0.298,"averageTravelTime":18.32,"medianTravelTime":12.5,"travelTimeRatio":1.92,"speedPercentiles":[11,15,19,24,29,33,36,39,41,43,44,46,48,49,51,53,55,58,62]},{"timeSet":10,"dateRange":1,"harmonicAverageSpeed":20.9,"medianSpeed":36.0,"averageSpeed":33.5,"standardDeviationSpeed":17.0,"travelTimeStandardDeviation":23.92,"sampleSize":3807,"normalizedSampleSize":0.3763,"averageTravelTime":25.69,"medianTravelTime":14.94,"travelTimeRatio":2.69,"speedPercentiles":[7,9,11,14,18,22,26,30,33,36,38,40,43,45,47,49,52,54,59]},{"timeSet":11,"dateRange":1,"harmonicAverageSpeed":20.5,"medianSpeed":36.0,"averageSpeed":33.2,"standardDeviationSpeed":16.8,"travelTimeStandardDeviation":24.67,"sampleSize":3595,"normalizedSampleSize":0.3554,"averageTravelTime":26.22,"medianTravelTime":14.94,"travelTimeRatio":2.75,"speedPercentiles":[7,9,11,14,18,22,26,30,33,36,38,41,42,44,46,49,51,54,58]},{"timeSet":12,"dateRange":1,"harmonicAverageSpeed":30.5,"medianSpeed":43.0,"averageSpeed":40.4,"standardDeviationSpeed":15.4,"travelTimeStandardDeviation":14.23,"sampleSize":3161,"normalizedSampleSize":0.3125,"averageTravelTime":17.65,"medianTravelTime":12.5,"travelTimeRatio":1.85,"speedPercentiles":[11,16,22,26,30,34,37,39,41,43,45,46,48,50,51,53,55,58,63]},{"timeSet":13,"dateRange":1,"harmonicAverageSpeed":35.3,"medianSpeed":48.0,"averageSpeed":45.0,"standardDeviationSpeed":15.5,"travelTimeStandardDeviation":12.32,"sampleSize":2644,"normalizedSampleSize":0.2614,"averageTravelTime":15.25,"medianTravelTime":11.2,"travelTimeRatio":1.6,"speedPercentiles":[14,22,28,32,37,40,42,44,46,48,49,51,52,54,55,57,59,62,67]},{"timeSet":14,"dateRange":1,"harmonicAverageSpeed":41.5,"medianSpeed":50.0,"averageSpeed":48.4,"standardDeviationSpeed":13.8,"travelTimeStandardDeviation":8.25,"sampleSize":2562,"normalizedSampleSize":0.2533,"averageTravelTime":12.97,"medianTravelTime":10.75,"travelTimeRatio":1.36,"speedPercentiles":[20,30,35,39,41,44,45,47,49,50,51,53,54,56,57,59,61,64,68]},{"timeSet":15,"dateRange":1,"harmonicAverageSpeed":44.3,"medianSpeed":51.0,"averageSpeed":49.6,"standardDeviationSpeed":13.0,"travelTimeStandardDeviation":5.78,"sampleSize":2475,"normalizedSampleSize":0.2447,"averageTravelTime":12.13,"medianTravelTime":10.54,"travelTimeRatio":1.27,"speedPercentiles":[24,31,37,40,43,45,47,48,50,51,53,54,55,56,58,60,62,64,68]},{"timeSet":16,"dateRange":1,"harmonicAverageSpeed":43.5,"medianSpeed":50.0,"averageSpeed":48.8,"standardDeviationSpeed":12.8,"travelTimeStandardDeviation":6.24,"sampleSize":2606,"normalizedSampleSize":0.2576,"averageTravelTime":12.36,"medianTravelTime":10.75,"travelTimeRatio":1.3,"speedPercentiles":[23,31,36,40,43,45,46,48,49,50,51,53,54,55,57,58,60,63,68]},{"timeSet":17,"dateRange":1,"harmonicAverageSpeed":39.4,"medianSpeed":48.0,"averageSpeed":46.4,"standardDeviationSpeed":13.6,"travelTimeStandardDeviation":8.53,"sampleSize":2832,"normalizedSampleSize":0.28,"averageTravelTime":13.65,"medianTravelTime":11.2,"travelTimeRatio":1.43,"speedPercentiles":[18,27,32,37,40,42,44,46,47,48,50,51,52,54,55,57,59,61,65]},{"timeSet":18,"dateRange":1,"harmonicAverageSpeed":40.5,"medianSpeed":48.0,"averageSpeed":46.4,"standardDeviationSpeed":13.1,"travelTimeStandardDeviation":7.27,"sampleSize":2817,"normalizedSampleSize":0.2785,"averageTravelTime":13.28,"medianTravelTime":11.2,"travelTimeRatio":1.39,"speedPercentiles":[21,28,33,37,40,42,44,45,47,48,49,51,52,53,55,56,58,61,66]},{"timeSet":19,"dateRange":1,"harmonicAverageSpeed":39.0,"medianSpeed":46.0,"averageSpeed":44.9,"standardDeviationSpeed":13.0,"travelTimeStandardDeviation":7.81,"sampleSize":2824,"normalizedSampleSize":0.2792,"averageTravelTime":13.8,"medianTravelTime":11.69,"travelTimeRatio":1.45,"speedPercentiles":[20,26,31,35,38,40,42,44,45,46,48,49,50,52,53,55,57,60,64]},{"timeSet":20,"dateRange":1,"harmonicAverageSpeed":39.0,"medianSpeed":45.0,"averageSpeed":43.8,"standardDeviationSpeed":11.7,"travelTimeStandardDeviation":7.06,"sampleSize":2628,"normalizedSampleSize":0.2598,"averageTravelTime":13.8,"medianTravelTime":11.95,"travelTimeRatio":1.45,"speedPercentiles":[21,28,33,36,38,40,41,42,44,45,46,47,48,49,51,53,54,58,61]},{"timeSet":21,"dateRange":1,"harmonicAverageSpeed":36.1,"medianSpeed":45.0,"averageSpeed":43.2,"standardDeviationSpeed":13.3,"travelTimeStandardDeviation":9.83,"sampleSize":2673,"normalizedSampleSize":0.2642,"averageTravelTime":14.9,"medianTravelTime":11.95,"travelTimeRatio":1.56,"speedPercentiles":[16,24,30,34,37,39,41,42,43,45,46,47,49,50,52,53,56,58,62]},{"timeSet":22,"dateRange":1,"harmonicAverageSpeed":41.9,"medianSpeed":49.0,"averageSpeed":47.7,"standardDeviationSpeed":13.1,"travelTimeStandardDeviation":7.24,"sampleSize":2645,"normalizedSampleSize":0.2615,"averageTravelTime":12.83,"medianTravelTime":10.97,"travelTimeRatio":1.34,"speedPercentiles":[22,31,36,39,42,43,45,46,47,49,50,51,53,54,56,57,60,63,67]},{"timeSet":23,"dateRange":1,"harmonicAverageSpeed":52.1,"medianSpeed":56.0,"averageSpeed":55.5,"standardDeviationSpeed":12.4,"travelTimeStandardDeviation":3.24,"sampleSize":1223,"normalizedSampleSize":0.1209,"averageTravelTime":10.33,"medianTravelTime":9.6,"travelTimeRatio":1.08,"speedPercentiles":[34,41,44,46,48,51,52,53,54,56,57,58,60,61,63,65,67,70,77]},{"timeSet":24,"dateRange":1,"harmonicAverageSpeed":52.6,"medianSpeed":57.0,"averageSpeed":56.7,"standardDeviationSpeed":12.6,"travelTimeStandardDeviation":4.9,"sampleSize":1088,"normalizedSampleSize":0.1076,"averageTravelTime":10.22,"medianTravelTime":9.43,"travelTimeRatio":1.07,"speedPercentiles":[37,43,45,48,50,51,53,54,56,57,58,59,61,62,64,65,68,71,75]},{"timeSet":25,"dateRange":1,"harmonicAverageSpeed":53.8,"medianSpeed":57.0,"averageSpeed":56.8,"standardDeviationSpeed":11.9,"travelTimeStandardDeviation":2.96,"sampleSize":932,"normalizedSampleSize":0.0921,"averageTravelTime":9.99,"medianTravelTime":9.43,"travelTimeRatio":1.05,"speedPercentiles":[36,43,46,48,49,51,53,55,56,57,58,59,61,62,64,66,68,71,77]}]}},{"type":"Feature","geometry":{"type":"LineString","coordinates":[[12.47381,41.92674],[12.47378,41.92656],[12.47374,41.92644],[12.47372,41.92638],[12.4737,41.92633]]},"properties":{"segmentId":-13800007370829,"newSegmentId":"-00004931-3600-0400-0000-000001376b28","speedLimit":40,"frc":3,"streetName":"Corso di Francia","distance":46.83,"segmentTimeResults":[{"timeSet":2,"dateRange":1,"harmonicAverageSpeed":51.2,"medianSpeed":53.0,"averageSpeed":53.5,"standardDeviationSpeed":10.8,"travelTimeStandardDeviation":0.77,"sampleSize":449,"normalizedSampleSize":0.0444,"averageTravelTime":3.29,"medianTravelTime":3.18,"travelTimeRatio":1.0,"speedPercentiles":[38,41,44,45,47,48,49,51,52,53,54,55,57,58,60,62,64,67,72]},{"timeSet":3,"dateRange":1,"harmonicAverageSpeed":50.2,"medianSpeed":53.0,"averageSpeed":53.5,"standardDeviationSpeed":11.9,"travelTimeStandardDeviation":1.04,"sampleSize":237,"normalizedSampleSize":0.0234,"averageTravelTime":3.36,"medianTravelTime":3.18,"travelTimeRatio":1.02,"speedPercentiles":[33,41,44,46,47,48,49,51,52,53,55,57,58,59,61,62,65,67,74]},{"timeSet":4,"dateRange":1,"harmonicAverageSpeed":50.5,"medianSpeed":54.0,"averageSpeed":54.6,"standardDeviationSpeed":10.9,"travelTimeStandardDeviation":1.73,"sampleSize":136,"normalizedSampleSize":0.0134,"averageTravelTime":3.34,"medianTravelTime":3.12,"travelTimeRatio":1.01,"speedPercentiles":[37,43,46,48,49,50,51,52,53,54,55,56,58,59,61,64,66,68,71]},{"timeSet":5,"dateRange":1,"harmonicAverageSpeed":53.6,"medianSpeed":57.0,"averageSpeed":56.1,"standardDeviationSpeed":11.1,"travelTimeStandardDeviation":0.82,"sampleSize":75,"normalizedSampleSize":0.0074,"averageTravelTime":3.15,"medianTravelTime":2.96,"travelTimeRatio":0.96,"speedPercentiles":[38,43,47,47,48,51,52,53,53,57,58,60,61,62,64,64,68,70,72]},{"timeSet":6,"dateRange":1,"harmonicAverageSpeed":54.1,"medianSpeed":55.0,"averageSpeed":56.2,"standardDeviationSpeed":10.9,"travelTimeStandardDeviation":0.65,"sampleSize":104,"normalizedSampleSize":0.0103,"averageTravelTime":3.12,"medianTravelTime":3.07,"travelTimeRatio":0.95,"speedPercentiles":[39,42,45,48,49,51,52,53,54,55,56,59,59,62,64,65,67,71,74]},{"timeSet":7,"dateRange":1,"harmonicAverageSpeed":50.2,"medianSpeed":53.0,"averageSpeed":53.3,"standardDeviationSpeed":11.1,"travelTimeStandardDeviation":1.24,"sampleSize":487,"normalizedSampleSize":0.0481,"averageTravelTime":3.36,"medianTravelTime":3.18,"travelTimeRatio":1.02,"speedPercentiles":[34,39,42,45,47,48,50,51,52,53,54,56,58,59,60,62,64,68,70]},{"timeSet":8,"dateRange":1,"harmonicAverageSpeed":25.9,"medianSpeed":41.0,"averageSpeed":39.0,"standardDeviationSpeed":15.5,"travelTimeStandardDeviation":7.43,"sampleSize":1315,"normalizedSampleSize":0.13,"averageTravelTime":6.5,"medianTravelTime":4.11,"travelTimeRatio":1.98,"speedPercentiles":[7,15,21,26,29,33,36,38,40,41,43,45,46,48,50,52,54,56,60]},{"timeSet":9,"dateRange":1,"harmonicAverageSpeed":18.4,"medianSpeed":34.0,"averageSpeed":32.4,"standardDeviationSpeed":15.2,"travelTimeStandardDeviation":12.0,"sampleSize":3011,"normalizedSampleSize":0.2976,"averageTravelTime":9.18,"medianTravelTime":4.96,"travelTimeRatio":2.79,"speedPercentiles":[5,9,14,19,22,25,28,30,32,34,36,38,40,42,44,45,47,50,54]},{"timeSet":10,"dateRange":1,"harmonicAverageSpeed":13.0,"medianSpeed":27.0,"averageSpeed":26.3,"standardDeviationSpeed":15.0,"travelTimeStandardDeviation":16.71,"sampleSize":3830,"normalizedSampleSize":0.3786,"averageTravelTime":13.02,"medianTravelTime":6.24,"travelTimeRatio":3.95,"speedPercentiles":[3,5,8,11,14,17,20,22,25,27,29,31,33,35,37,40,43,46,50]},{"timeSet":11,"dateRange":1,"harmonicAverageSpeed":12.5,"medianSpeed":28.0,"averageSpeed":26.4,"standardDeviationSpeed":15.1,"travelTimeStandardDeviation":17.82,"sampleSize":3611,"normalizedSampleSize":0.357,"averageTravelTime":13.48,"medianTravelTime":6.02,"travelTimeRatio":4.09,"speedPercentiles":[3,5,7,11,14,18,20,23,25,28,30,31,33,35,37,39,42,45,51]},{"timeSet":12,"dateRange":1,"harmonicAverageSpeed":17.3,"medianSpeed":33.0,"averageSpeed":31.6,"standardDeviationSpeed":15.2,"travelTimeStandardDeviation":12.95,"sampleSize":3178,"normalizedSampleSize":0.3142,"averageTravelTime":9.75,"medianTravelTime":5.11,"travelTimeRatio":2.96,"speedPercentiles":[4,8,13,18,21,24,27,29,31,33,35,37,39,41,43,45,47,50,54]},{"timeSet":13,"dateRange":1,"harmonicAverageSpeed":19.5,"medianSpeed":37.0,"averageSpeed":34.5,"standardDeviationSpeed":15.8,"travelTimeStandardDeviation":11.74,"sampleSize":2675,"normalizedSampleSize":0.2644,"averageTravelTime":8.64,"medianTravelTime":4.56,"travelTimeRatio":2.63,"speedPercentiles":[5,9,16,20,24,28,30,33,35,37,39,40,42,44,46,48,50,53,57]},{"timeSet":14,"dateRange":1,"harmonicAverageSpeed":25.1,"medianSpeed":40.0,"averageSpeed":37.9,"standardDeviationSpeed":14.8,"travelTimeStandardDeviation":8.36,"sampleSize":2570,"normalizedSampleSize":0.2541,"averageTravelTime":6.72,"medianTravelTime":4.21,"travelTimeRatio":2.04,"speedPercentiles":[7,16,21,26,30,32,35,37,39,40,42,43,45,46,48,50,52,54,58]},{"timeSet":15,"dateRange":1,"harmonicAverageSpeed":26.7,"medianSpeed":41.0,"averageSpeed":38.9,"standardDeviationSpeed":14.4,"travelTimeStandardDeviation":7.83,"sampleSize":2483,"normalizedSampleSize":0.2455,"averageTravelTime":6.31,"medianTravelTime":4.11,"travelTimeRatio":1.92,"speedPercentiles":[9,17,24,28,31,34,36,38,40,41,43,44,45,47,48,50,52,54,59]},{"timeSet":16,"dateRange":1,"harmonicAverageSpeed":25.1,"medianSpeed":41.0,"averageSpeed":38.3,"standardDeviationSpeed":14.7,"travelTimeStandardDeviation":8.77,"sampleSize":2613,"normalizedSampleSize":0.2583,"averageTravelTime":6.73,"medianTravelTime":4.11,"travelTimeRatio":2.04,"speedPercentiles":[8,16,21,26,30,33,36,38,39,41,43,44,45,47,48,50,52,54,58]},{"timeSet":17,"dateRange":1,"harmonicAverageSpeed":22.4,"medianSpeed":38.0,"averageSpeed":35.8,"standardDeviationSpeed":14.7,"travelTimeStandardDeviation":10.15,"sampleSize":2833,"normalizedSampleSize":0.2801,"averageTravelTime":7.53,"medianTravelTime":4.44,"travelTimeRatio":2.29,"speedPercentiles":[7,14,19,23,27,30,32,34,36,38,40,41,43,45,46,48,50,53,56]},{"timeSet":18,"dateRange":1,"harmonicAverageSpeed":21.8,"medianSpeed":38.0,"averageSpeed":35.5,"standardDeviationSpeed":14.7,"travelTimeStandardDeviation":10.24,"sampleSize":2849,"normalizedSampleSize":0.2816,"averageTravelTime":7.74,"medianTravelTime":4.44,"travelTimeRatio":2.35,"speedPercentiles":[6,12,18,23,27,30,33,34,36,38,40,41,42,44,46,48,49,52,56]},{"timeSet":19,"dateRange":1,"harmonicAverageSpeed":22.2,"medianSpeed":37.0,"averageSpeed":35.1,"standardDeviationSpeed":14.4,"travelTimeStandardDeviation":9.86,"sampleSize":2825,"normalizedSampleSize":0.2793,"averageTravelTime":7.6,"medianTravelTime":4.56,"travelTimeRatio":2.31,"speedPercentiles":[7,13,18,23,26,29,32,34,36,37,39,41,42,43,45,47,49,51,56]},{"timeSet":20,"dateRange":1,"harmonicAverageSpeed":22.7,"medianSpeed":37.0,"averageSpeed":34.8,"standardDeviationSpeed":13.6,"travelTimeStandardDeviation":9.23,"sampleSize":2642,"normalizedSampleSize":0.2612,"averageTravelTime":7.44,"medianTravelTime":4.56,"travelTimeRatio":2.26,"speedPercentiles":[6,13,20,24,28,31,32,34,36,37,38,40,41,42,44,45,47,50,54]},{"timeSet":21,"dateRange":1,"harmonicAverageSpeed":21.4,"medianSpeed":37.0,"averageSpeed":34.3,"standardDeviationSpeed":14.5,"travelTimeStandardDeviation":9.82,"sampleSize":2700,"normalizedSampleSize":0.2669,"averageTravelTime":7.86,"medianTravelTime":4.56,"travelTimeRatio":2.39,"speedPercentiles":[6,12,17,22,26,28,31,33,35,37,38,40,41,43,44,46,48,51,55]},{"timeSet":22,"dateRange":1,"harmonicAverageSpeed":29.7,"medianSpeed":42.0,"averageSpeed":40.2,"standardDeviationSpeed":13.5,"travelTimeStandardDeviation":6.43,"sampleSize":2652,"normalizedSampleSize":0.2622,"averageTravelTime":5.67,"medianTravelTime":4.01,"travelTimeRatio":1.72,"speedPercentiles":[13,21,26,31,33,36,38,39,41,42,43,45,46,47,49,50,52,55,59]},{"timeSet":23,"dateRange":1,"harmonicAverageSpeed":43.8,"medianSpeed":49.0,"averageSpeed":48.7,"standardDeviationSpeed":11.5,"travelTimeStandardDeviation":3.11,"sampleSize":1227,"normalizedSampleSize":0.1213,"averageTravelTime":3.85,"medianTravelTime":3.44,"travelTimeRatio":1.17,"speedPercentiles":[27,35,38,41,43,44,45,47,48,49,51,52,53,54,56,57,59,62,66]},{"timeSet":24,"dateRange":1,"harmonicAverageSpeed":46.9,"medianSpeed":51.0,"averageSpeed":50.7,"standardDeviationSpeed":11.4,"travelTimeStandardDeviation":1.65,"sampleSize":1090,"normalizedSampleSize":0.1078,"averageTravelTime":3.59,"medianTravelTime":3.31,"travelTimeRatio":1.09,"speedPercentiles":[33,38,41,43,45,45,47,48,50,51,52,53,55,56,57,59,61,63,67]},{"timeSet":25,"dateRange":1,"harmonicAverageSpeed":47.1,"medianSpeed":51.0,"averageSpeed":50.8,"standardDeviationSpeed":10.8,"travelTimeStandardDeviation":1.75,"sampleSize":939,"normalizedSampleSize":0.0928,"averageTravelTime":3.58,"medianTravelTime":3.31,"travelTimeRatio":1.09,"speedPercentiles":[33,39,42,43,45,46,47,48,49,51,52,53,54,55,57,58,61,64,68]}]}},{"type":"Feature","geometry":{"type":"LineString","coordinates":[[12.4737,41.92633],[12.47369,41.9263],[12.47366,41.92624],[12.47358,41.92611],[12.47354,41.92607],[12.47349,41.92601],[12.47329,41.92576],[12.47322,41.92567]]},"properties":{"segmentId":-13800007468539,"newSegmentId":"-00004931-3600-0400-0000-0000034a6353","speedLimit":40,"frc":3,"streetName":"Viale Maresciallo Pilsudski","distance":84.15,"segmentTimeResults":[{"timeSet":2,"dateRange":1,"harmonicAverageSpeed":18.2,"medianSpeed":41.0,"averageSpeed":36.9,"standardDeviationSpeed":22.1,"travelTimeStandardDeviation":18.68,"sampleSize":446,"normalizedSampleSize":0.0441,"averageTravelTime":16.69,"medianTravelTime":7.39,"travelTimeRatio":1.0,"speedPercentiles":[6,8,9,10,14,18,23,30,35,41,44,48,51,53,55,57,61,64,69]},{"timeSet":3,"dateRange":1,"harmonicAverageSpeed":22.1,"medianSpeed":47.0,"averageSpeed":40.8,"standardDeviationSpeed":22.5,"travelTimeStandardDeviation":14.9,"sampleSize":232,"normalizedSampleSize":0.0229,"averageTravelTime":13.69,"medianTravelTime":6.45,"travelTimeRatio":0.82,"speedPercentiles":[7,10,12,13,17,23,28,38,43,47,50,51,53,56,59,61,64,66,74]},{"timeSet":4,"dateRange":1,"harmonicAverageSpeed":19.1,"medianSpeed":40.0,"averageSpeed":38.0,"standardDeviationSpeed":21.8,"travelTimeStandardDeviation":19.18,"sampleSize":133,"normalizedSampleSize":0.0131,"averageTravelTime":15.83,"medianTravelTime":7.57,"travelTimeRatio":0.95,"speedPercentiles":[7,8,9,12,16,21,28,33,36,40,44,49,51,54,55,58,61,66,71]},{"timeSet":5,"dateRange":1,"harmonicAverageSpeed":24.1,"medianSpeed":43.0,"averageSpeed":41.3,"standardDeviationSpeed":21.9,"travelTimeStandardDeviation":12.78,"sampleSize":76,"normalizedSampleSize":0.0075,"averageTravelTime":12.58,"medianTravelTime":7.05,"travelTimeRatio":0.75,"speedPercentiles":[7,11,12,16,19,25,33,36,41,43,47,50,54,56,58,63,65,68,75]},{"timeSet":6,"dateRange":1,"harmonicAverageSpeed":20.2,"medianSpeed":38.0,"averageSpeed":36.8,"standardDeviationSpeed":21.7,"travelTimeStandardDeviation":13.86,"sampleSize":102,"normalizedSampleSize":0.0101,"averageTravelTime":14.99,"medianTravelTime":7.97,"travelTimeRatio":0.9,"speedPercentiles":[7,7,9,11,15,22,25,30,35,38,40,43,48,50,51,59,63,66,72]},{"timeSet":7,"dateRange":1,"harmonicAverageSpeed":19.7,"medianSpeed":41.0,"averageSpeed":37.8,"standardDeviationSpeed":21.7,"travelTimeStandardDeviation":16.13,"sampleSize":484,"normalizedSampleSize":0.0478,"averageTravelTime":15.35,"medianTravelTime":7.39,"travelTimeRatio":0.92,"speedPercentiles":[7,8,10,11,14,20,28,33,37,41,45,47,51,54,57,59,62,65,69]},{"timeSet":8,"dateRange":1,"harmonicAverageSpeed":15.2,"medianSpeed":30.0,"averageSpeed":28.7,"standardDeviationSpeed":18.0,"travelTimeStandardDeviation":18.81,"sampleSize":1300,"normalizedSampleSize":0.1285,"averageTravelTime":19.94,"medianTravelTime":10.1,"travelTimeRatio":1.19,"speedPercentiles":[5,7,8,9,10,13,16,22,26,30,32,34,37,39,42,46,50,54,59]},{"timeSet":9,"dateRange":1,"harmonicAverageSpeed":11.9,"medianSpeed":22.0,"averageSpeed":23.1,"standardDeviationSpeed":15.4,"travelTimeStandardDeviation":23.63,"sampleSize":2933,"normalizedSampleSize":0.2899,"averageTravelTime":25.37,"medianTravelTime":13.77,"travelTimeRatio":1.52,"speedPercentiles":[4,5,6,7,8,10,12,16,19,22,25,28,30,32,34,36,40,44,49]},{"timeSet":10,"dateRange":1,"harmonicAverageSpeed":8.2,"medianSpeed":14.0,"averageSpeed":17.9,"standardDeviationSpeed":14.0,"travelTimeStandardDeviation":35.01,"sampleSize":3668,"normalizedSampleSize":0.3626,"averageTravelTime":36.88,"medianTravelTime":21.64,"travelTimeRatio":2.21,"speedPercentiles":[3,4,4,5,6,7,7,9,11,14,17,20,23,26,28,31,34,37,43]},{"timeSet":11,"dateRange":1,"harmonicAverageSpeed":8.9,"medianSpeed":17.0,"averageSpeed":19.2,"standardDeviationSpeed":14.2,"travelTimeStandardDeviation":34.11,"sampleSize":3464,"normalizedSampleSize":0.3424,"averageTravelTime":34.02,"medianTravelTime":17.82,"travelTimeRatio":2.04,"speedPercentiles":[3,4,4,6,6,7,9,11,14,17,20,23,25,27,30,32,34,38,44]},{"timeSet":12,"dateRange":1,"harmonicAverageSpeed":10.7,"medianSpeed":20.0,"averageSpeed":21.5,"standardDeviationSpeed":15.0,"travelTimeStandardDeviation":26.39,"sampleSize":3107,"normalizedSampleSize":0.3071,"averageTravelTime":28.45,"medianTravelTime":15.15,"travelTimeRatio":1.7,"speedPercentiles":[4,4,6,6,7,8,10,13,16,20,23,26,28,31,33,35,38,42,48]},{"timeSet":13,"dateRange":1,"harmonicAverageSpeed":10.4,"medianSpeed":19.0,"averageSpeed":21.8,"standardDeviationSpeed":16.0,"travelTimeStandardDeviation":28.79,"sampleSize":2583,"normalizedSampleSize":0.2553,"averageTravelTime":29.09,"medianTravelTime":15.94,"travelTimeRatio":1.74,"speedPercentiles":[4,4,5,6,7,8,10,13,16,19,23,26,29,31,33,35,39,44,51]},{"timeSet":14,"dateRange":1,"harmonicAverageSpeed":10.3,"medianSpeed":18.0,"averageSpeed":22.0,"standardDeviationSpeed":16.5,"travelTimeStandardDeviation":27.33,"sampleSize":2494,"normalizedSampleSize":0.2465,"averageTravelTime":29.43,"medianTravelTime":16.83,"travelTimeRatio":1.76,"speedPercentiles":[4,4,5,6,7,8,9,12,15,18,22,26,29,32,34,37,41,45,52]},{"timeSet":15,"dateRange":1,"harmonicAverageSpeed":10.7,"medianSpeed":21.0,"averageSpeed":23.3,"standardDeviationSpeed":17.0,"travelTimeStandardDeviation":27.6,"sampleSize":2400,"normalizedSampleSize":0.2372,"averageTravelTime":28.24,"medianTravelTime":14.43,"travelTimeRatio":1.69,"speedPercentiles":[4,4,5,6,8,9,10,13,16,21,25,29,32,34,36,39,43,47,53]},{"timeSet":16,"dateRange":1,"harmonicAverageSpeed":10.9,"medianSpeed":21.0,"averageSpeed":23.5,"standardDeviationSpeed":17.0,"travelTimeStandardDeviation":27.26,"sampleSize":2527,"normalizedSampleSize":0.2498,"averageTravelTime":27.88,"medianTravelTime":14.43,"travelTimeRatio":1.67,"speedPercentiles":[4,4,5,6,7,9,11,14,17,21,24,28,30,33,36,39,44,48,53]},{"timeSet":17,"dateRange":1,"harmonicAverageSpeed":10.2,"medianSpeed":18.0,"averageSpeed":21.6,"standardDeviationSpeed":16.0,"travelTimeStandardDeviation":28.37,"sampleSize":2735,"normalizedSampleSize":0.2704,"averageTravelTime":29.75,"medianTravelTime":16.83,"travelTimeRatio":1.78,"speedPercentiles":[4,4,5,6,7,8,9,12,14,18,22,25,28,31,33,36,40,45,51]},{"timeSet":18,"dateRange":1,"harmonicAverageSpeed":9.7,"medianSpeed":17.0,"averageSpeed":21.1,"standardDeviationSpeed":16.1,"travelTimeStandardDeviation":29.45,"sampleSize":2759,"normalizedSampleSize":0.2727,"averageTravelTime":31.2,"medianTravelTime":17.82,"travelTimeRatio":1.87,"speedPercentiles":[3,4,5,6,7,8,9,11,13,17,21,25,28,31,33,36,39,45,50]},{"timeSet":19,"dateRange":1,"harmonicAverageSpeed":10.1,"medianSpeed":19.0,"averageSpeed":21.3,"standardDeviationSpeed":15.4,"travelTimeStandardDeviation":29.02,"sampleSize":2723,"normalizedSampleSize":0.2692,"averageTravelTime":29.98,"medianTravelTime":15.94,"travelTimeRatio":1.8,"speedPercentiles":[3,4,5,6,7,8,10,12,16,19,22,25,28,31,33,35,38,43,49]},{"timeSet":20,"dateRange":1,"harmonicAverageSpeed":10.5,"medianSpeed":20.0,"averageSpeed":22.0,"standardDeviationSpeed":15.5,"travelTimeStandardDeviation":28.0,"sampleSize":2540,"normalizedSampleSize":0.2511,"averageTravelTime":28.85,"medianTravelTime":15.15,"travelTimeRatio":1.73,"speedPercentiles":[4,4,5,6,7,8,10,13,17,20,24,27,30,32,34,36,39,43,49]},{"timeSet":21,"dateRange":1,"harmonicAverageSpeed":11.2,"medianSpeed":21.0,"averageSpeed":22.3,"standardDeviationSpeed":15.2,"travelTimeStandardDeviation":26.23,"sampleSize":2612,"normalizedSampleSize":0.2582,"averageTravelTime":27.15,"medianTravelTime":14.43,"travelTimeRatio":1.63,"speedPercentiles":[4,4,6,7,8,9,12,15,18,21,24,26,29,31,33,36,39,43,49]},{"timeSet":22,"dateRange":1,"harmonicAverageSpeed":12.8,"medianSpeed":26.0,"averageSpeed":26.1,"standardDeviationSpeed":17.5,"travelTimeStandardDeviation":23.63,"sampleSize":2587,"normalizedSampleSize":0.2557,"averageTravelTime":23.63,"medianTravelTime":11.65,"travelTimeRatio":1.42,"speedPercentiles":[4,5,7,8,9,11,13,17,22,26,29,32,35,37,40,42,46,49,55]},{"timeSet":23,"dateRange":1,"harmonicAverageSpeed":15.6,"medianSpeed":31.0,"averageSpeed":31.4,"standardDeviationSpeed":20.4,"travelTimeStandardDeviation":19.74,"sampleSize":1201,"normalizedSampleSize":0.1187,"averageTravelTime":19.47,"medianTravelTime":9.77,"travelTimeRatio":1.17,"speedPercentiles":[5,7,8,9,11,13,17,22,26,31,35,38,41,45,49,52,55,59,64]},{"timeSet":24,"dateRange":1,"harmonicAverageSpeed":19.0,"medianSpeed":38.0,"averageSpeed":35.4,"standardDeviationSpeed":20.6,"travelTimeStandardDeviation":16.41,"sampleSize":1072,"normalizedSampleSize":0.106,"averageTravelTime":15.91,"medianTravelTime":7.97,"travelTimeRatio":0.95,"speedPercentiles":[7,8,9,11,15,18,23,30,34,38,41,45,48,51,53,55,58,60,66]},{"timeSet":25,"dateRange":1,"harmonicAverageSpeed":19.3,"medianSpeed":37.0,"averageSpeed":35.2,"standardDeviationSpeed":20.3,"travelTimeStandardDeviation":15.69,"sampleSize":916,"normalizedSampleSize":0.0905,"averageTravelTime":15.7,"medianTravelTime":8.19,"travelTimeRatio":0.94,"speedPercentiles":[7,8,10,12,14,18,25,30,34,37,40,43,46,48,52,55,58,61,66]}]}},{"type":"Feature","geometry":{"type":"LineString","coordinates":[[12.47322,41.92567],[12.47307,41.92549]]},"properties":{"segmentId":-13800007468541,"newSegmentId":"-00004931-3600-0400-0000-000001376b25","speedLimit":40,"frc":3,"streetName":"Viale Maresciallo Pilsudski","distance":23.85,"segmentTimeResults":[{"timeSet":2,"dateRange":1,"harmonicAverageSpeed":37.5,"medianSpeed":49.0,"averageSpeed":47.2,"standardDeviationSpeed":17.4,"travelTimeStandardDeviation":1.77,"sampleSize":395,"normalizedSampleSize":0.039,"averageTravelTime":2.29,"medianTravelTime":1.75,"travelTimeRatio":1.0,"speedPercentiles":[19,24,27,30,33,37,41,43,47,49,52,54,55,57,59,62,65,69,74]},{"timeSet":3,"dateRange":1,"harmonicAverageSpeed":41.5,"medianSpeed":53.0,"averageSpeed":50.0,"standardDeviationSpeed":17.8,"travelTimeStandardDeviation":1.17,"sampleSize":213,"normalizedSampleSize":0.0211,"averageTravelTime":2.07,"medianTravelTime":1.62,"travelTimeRatio":0.91,"speedPercentiles":[21,25,27,32,35,41,45,49,52,53,54,56,58,59,61,65,67,72,79]},{"timeSet":4,"dateRange":1,"harmonicAverageSpeed":35.7,"medianSpeed":52.0,"averageSpeed":48.5,"standardDeviationSpeed":17.8,"travelTimeStandardDeviation":2.97,"sampleSize":110,"normalizedSampleSize":0.0109,"averageTravelTime":2.41,"medianTravelTime":1.65,"travelTimeRatio":1.05,"speedPercentiles":[17,22,27,31,35,38,43,48,50,52,55,55,57,58,59,63,66,70,75]},{"timeSet":5,"dateRange":1,"harmonicAverageSpeed":37.4,"medianSpeed":55.0,"averageSpeed":49.4,"standardDeviationSpeed":19.1,"travelTimeStandardDeviation":1.98,"sampleSize":66,"normalizedSampleSize":0.0065,"averageTravelTime":2.3,"medianTravelTime":1.56,"travelTimeRatio":1.0,"speedPercentiles":[21,25,27,29,32,35,43,46,51,55,55,56,58,62,63,65,70,72,77]},{"timeSet":6,"dateRange":1,"harmonicAverageSpeed":29.7,"medianSpeed":48.0,"averageSpeed":45.9,"standardDeviationSpeed":19.1,"travelTimeStandardDeviation":5.5,"sampleSize":95,"normalizedSampleSize":0.0094,"averageTravelTime":2.89,"medianTravelTime":1.79,"travelTimeRatio":1.27,"speedPercentiles":[12,22,24,27,29,32,35,42,45,48,49,51,55,59,60,64,68,72,76]},{"timeSet":7,"dateRange":1,"harmonicAverageSpeed":38.9,"medianSpeed":51.0,"averageSpeed":49.2,"standardDeviationSpeed":16.0,"travelTimeStandardDeviation":2.45,"sampleSize":416,"normalizedSampleSize":0.0411,"averageTravelTime":2.21,"medianTravelTime":1.68,"travelTimeRatio":0.96,"speedPercentiles":[22,28,31,35,37,40,44,47,49,51,53,55,58,59,61,63,65,68,73]},{"timeSet":8,"dateRange":1,"harmonicAverageSpeed":34.5,"medianSpeed":43.0,"averageSpeed":43.0,"standardDeviationSpeed":14.2,"travelTimeStandardDeviation":2.5,"sampleSize":1157,"normalizedSampleSize":0.1144,"averageTravelTime":2.49,"medianTravelTime":2.0,"travelTimeRatio":1.09,"speedPercentiles":[18,24,29,33,35,37,39,40,41,43,44,46,48,51,53,55,57,61,66]},{"timeSet":9,"dateRange":1,"harmonicAverageSpeed":30.2,"medianSpeed":38.0,"averageSpeed":38.0,"standardDeviationSpeed":13.6,"travelTimeStandardDeviation":2.43,"sampleSize":2746,"normalizedSampleSize":0.2715,"averageTravelTime":2.84,"medianTravelTime":2.26,"travelTimeRatio":1.24,"speedPercentiles":[13,19,24,28,30,32,34,36,37,38,40,41,43,44,46,48,51,55,61]},{"timeSet":10,"dateRange":1,"harmonicAverageSpeed":23.2,"medianSpeed":36.0,"averageSpeed":34.1,"standardDeviationSpeed":14.5,"travelTimeStandardDeviation":4.7,"sampleSize":3100,"normalizedSampleSize":0.3064,"averageTravelTime":3.7,"medianTravelTime":2.38,"travelTimeRatio":1.62,"speedPercentiles":[9,13,16,20,24,28,31,33,34,36,37,38,40,41,43,45,48,52,58]},{"timeSet":11,"dateRange":1,"harmonicAverageSpeed":26.5,"medianSpeed":37.0,"averageSpeed":35.5,"standardDeviationSpeed":13.8,"travelTimeStandardDeviation":3.41,"sampleSize":3045,"normalizedSampleSize":0.301,"averageTravelTime":3.24,"medianTravelTime":2.32,"travelTimeRatio":1.42,"speedPercentiles":[11,15,19,23,27,30,32,34,35,37,38,39,40,42,44,46,49,53,59]},{"timeSet":12,"dateRange":1,"harmonicAverageSpeed":29.5,"medianSpeed":38.0,"averageSpeed":37.1,"standardDeviationSpeed":13.2,"travelTimeStandardDeviation":2.61,"sampleSize":2833,"normalizedSampleSize":0.2801,"averageTravelTime":2.91,"medianTravelTime":2.26,"travelTimeRatio":1.27,"speedPercentiles":[13,19,23,27,30,32,34,35,36,38,39,40,41,43,45,47,50,54,59]},{"timeSet":13,"dateRange":1,"harmonicAverageSpeed":29.4,"medianSpeed":38.0,"averageSpeed":37.7,"standardDeviationSpeed":13.9,"travelTimeStandardDeviation":3.01,"sampleSize":2347,"normalizedSampleSize":0.232,"averageTravelTime":2.92,"medianTravelTime":2.26,"travelTimeRatio":1.28,"speedPercentiles":[13,18,23,27,29,31,33,35,37,38,39,41,42,44,46,49,52,56,61]},{"timeSet":14,"dateRange":1,"harmonicAverageSpeed":30.3,"medianSpeed":38.0,"averageSpeed":38.4,"standardDeviationSpeed":13.9,"travelTimeStandardDeviation":2.42,"sampleSize":2220,"normalizedSampleSize":0.2195,"averageTravelTime":2.83,"medianTravelTime":2.26,"travelTimeRatio":1.24,"speedPercentiles":[14,19,24,28,31,33,34,36,37,38,40,41,43,44,47,49,53,57,63]},{"timeSet":15,"dateRange":1,"harmonicAverageSpeed":31.2,"medianSpeed":40.0,"averageSpeed":39.6,"standardDeviationSpeed":14.2,"travelTimeStandardDeviation":2.63,"sampleSize":2075,"normalizedSampleSize":0.2051,"averageTravelTime":2.75,"medianTravelTime":2.15,"travelTimeRatio":1.2,"speedPercentiles":[14,20,25,29,31,33,35,36,38,40,41,42,44,46,49,51,54,58,63]},{"timeSet":16,"dateRange":1,"harmonicAverageSpeed":30.5,"medianSpeed":38.0,"averageSpeed":38.7,"standardDeviationSpeed":13.8,"travelTimeStandardDeviation":2.81,"sampleSize":2237,"normalizedSampleSize":0.2211,"averageTravelTime":2.82,"medianTravelTime":2.26,"travelTimeRatio":1.23,"speedPercentiles":[14,20,25,28,31,33,34,36,37,38,40,42,43,46,48,50,53,56,62]},{"timeSet":17,"dateRange":1,"harmonicAverageSpeed":30.0,"medianSpeed":38.0,"averageSpeed":38.1,"standardDeviationSpeed":13.9,"travelTimeStandardDeviation":2.39,"sampleSize":2372,"normalizedSampleSize":0.2345,"averageTravelTime":2.87,"medianTravelTime":2.26,"travelTimeRatio":1.25,"speedPercentiles":[13,19,24,28,30,32,34,35,37,38,40,41,43,44,47,49,52,56,61]},{"timeSet":18,"dateRange":1,"harmonicAverageSpeed":29.4,"medianSpeed":38.0,"averageSpeed":37.7,"standardDeviationSpeed":14.0,"travelTimeStandardDeviation":2.49,"sampleSize":2320,"normalizedSampleSize":0.2293,"averageTravelTime":2.92,"medianTravelTime":2.26,"travelTimeRatio":1.28,"speedPercentiles":[12,17,23,27,30,32,34,35,37,38,39,41,42,44,46,49,51,55,61]},{"timeSet":19,"dateRange":1,"harmonicAverageSpeed":29.8,"medianSpeed":37.0,"averageSpeed":37.8,"standardDeviationSpeed":13.7,"travelTimeStandardDeviation":2.6,"sampleSize":2370,"normalizedSampleSize":0.2343,"averageTravelTime":2.88,"medianTravelTime":2.32,"travelTimeRatio":1.26,"speedPercentiles":[14,19,24,27,30,32,33,35,36,37,39,40,42,44,46,48,52,56,61]},{"timeSet":20,"dateRange":1,"harmonicAverageSpeed":28.7,"medianSpeed":36.0,"averageSpeed":36.5,"standardDeviationSpeed":13.1,"travelTimeStandardDeviation":3.05,"sampleSize":2288,"normalizedSampleSize":0.2262,"averageTravelTime":2.99,"medianTravelTime":2.38,"travelTimeRatio":1.31,"speedPercentiles":[13,18,23,26,29,31,33,34,35,36,38,39,41,42,44,47,50,53,59]},{"timeSet":21,"dateRange":1,"harmonicAverageSpeed":29.3,"medianSpeed":37.0,"averageSpeed":37.6,"standardDeviationSpeed":13.5,"travelTimeStandardDeviation":2.99,"sampleSize":2374,"normalizedSampleSize":0.2347,"averageTravelTime":2.94,"medianTravelTime":2.32,"travelTimeRatio":1.28,"speedPercentiles":[13,19,24,28,30,32,34,35,36,37,38,40,41,43,46,49,52,56,61]},{"timeSet":22,"dateRange":1,"harmonicAverageSpeed":33.2,"medianSpeed":40.0,"averageSpeed":40.2,"standardDeviationSpeed":14.2,"travelTimeStandardDeviation":1.75,"sampleSize":2364,"normalizedSampleSize":0.2337,"averageTravelTime":2.59,"medianTravelTime":2.15,"travelTimeRatio":1.13,"speedPercentiles":[16,22,26,29,31,33,35,37,38,40,41,43,45,47,49,52,55,59,64]},{"timeSet":23,"dateRange":1,"harmonicAverageSpeed":33.8,"medianSpeed":44.0,"averageSpeed":43.9,"standardDeviationSpeed":16.4,"travelTimeStandardDeviation":3.02,"sampleSize":1083,"normalizedSampleSize":0.1071,"averageTravelTime":2.54,"medianTravelTime":1.95,"travelTimeRatio":1.11,"speedPercentiles":[17,24,27,30,32,34,36,39,41,44,47,49,52,53,57,59,62,65,69]},{"timeSet":24,"dateRange":1,"harmonicAverageSpeed":37.4,"medianSpeed":47.0,"averageSpeed":45.5,"standardDeviationSpeed":15.4,"travelTimeStandardDeviation":2.14,"sampleSize":993,"normalizedSampleSize":0.0982,"averageTravelTime":2.3,"medianTravelTime":1.83,"travelTimeRatio":1.0,"speedPercentiles":[21,25,28,31,33,36,39,42,45,47,49,52,53,55,57,59,61,64,69]},{"timeSet":25,"dateRange":1,"harmonicAverageSpeed":37.3,"medianSpeed":46.0,"averageSpeed":45.1,"standardDeviationSpeed":15.7,"travelTimeStandardDeviation":1.55,"sampleSize":867,"normalizedSampleSize":0.0857,"averageTravelTime":2.3,"medianTravelTime":1.87,"travelTimeRatio":1.01,"speedPercentiles":[21,25,28,31,33,35,38,41,44,46,48,50,52,54,57,59,62,66,70]}]}},{"type":"Feature","geometry":{"type":"LineString","coordinates":[[12.47307,41.92549],[12.47233,41.92464],[12.47227,41.92457]]},"properties":{"segmentId":-13800007017768,"newSegmentId":"-00004931-3600-0400-0000-0000013693de","speedLimit":40,"frc":3,"streetName":"Viale Maresciallo Pilsudski","distance":121.87,"segmentTimeResults":[{"timeSet":2,"dateRange":1,"harmonicAverageSpeed":37.2,"medianSpeed":47.0,"averageSpeed":45.9,"standardDeviationSpeed":13.6,"travelTimeStandardDeviation":12.98,"sampleSize":392,"normalizedSampleSize":0.0388,"averageTravelTime":11.8,"medianTravelTime":9.33,"travelTimeRatio":1.0,"speedPercentiles":[20,29,33,36,39,41,42,44,45,47,49,50,51,53,53,55,57,61,68]},{"timeSet":3,"dateRange":1,"harmonicAverageSpeed":42.5,"medianSpeed":49.0,"averageSpeed":48.0,"standardDeviationSpeed":14.2,"travelTimeStandardDeviation":4.56,"sampleSize":213,"normalizedSampleSize":0.0211,"averageTravelTime":10.33,"medianTravelTime":8.95,"travelTimeRatio":0.88,"speedPercentiles":[22,27,35,36,40,42,44,46,47,49,50,52,52,54,56,59,63,66,72]},{"timeSet":4,"dateRange":1,"harmonicAverageSpeed":43.8,"medianSpeed":50.0,"averageSpeed":48.7,"standardDeviationSpeed":13.9,"travelTimeStandardDeviation":4.06,"sampleSize":108,"normalizedSampleSize":0.0107,"averageTravelTime":10.03,"medianTravelTime":8.77,"travelTimeRatio":0.85,"speedPercentiles":[24,28,35,38,41,44,46,48,49,50,50,51,52,53,56,58,60,66,71]},{"timeSet":5,"dateRange":1,"harmonicAverageSpeed":42.9,"medianSpeed":50.0,"averageSpeed":48.7,"standardDeviationSpeed":14.3,"travelTimeStandardDeviation":4.9,"sampleSize":65,"normalizedSampleSize":0.0064,"averageTravelTime":10.23,"medianTravelTime":8.77,"travelTimeRatio":0.87,"speedPercentiles":[21,33,38,38,40,42,43,45,47,50,51,52,53,55,57,58,61,66,70]},{"timeSet":6,"dateRange":1,"harmonicAverageSpeed":42.8,"medianSpeed":47.0,"averageSpeed":46.6,"standardDeviationSpeed":12.0,"travelTimeStandardDeviation":3.78,"sampleSize":95,"normalizedSampleSize":0.0094,"averageTravelTime":10.26,"medianTravelTime":9.33,"travelTimeRatio":0.87,"speedPercentiles":[27,31,35,37,38,41,43,44,45,47,49,50,51,52,54,55,57,64,68]},{"timeSet":7,"dateRange":1,"harmonicAverageSpeed":42.8,"medianSpeed":49.0,"averageSpeed":47.6,"standardDeviationSpeed":12.2,"travelTimeStandardDeviation":4.9,"sampleSize":412,"normalizedSampleSize":0.0407,"averageTravelTime":10.24,"medianTravelTime":8.95,"travelTimeRatio":0.87,"speedPercentiles":[27,33,36,39,41,43,45,46,47,49,50,51,52,53,54,56,58,61,67]},{"timeSet":8,"dateRange":1,"harmonicAverageSpeed":26.6,"medianSpeed":38.0,"averageSpeed":36.3,"standardDeviationSpeed":15.4,"travelTimeStandardDeviation":12.4,"sampleSize":1155,"normalizedSampleSize":0.1142,"averageTravelTime":16.47,"medianTravelTime":11.55,"travelTimeRatio":1.4,"speedPercentiles":[9,13,17,21,25,28,32,34,36,38,40,42,44,46,48,50,52,55,59]},{"timeSet":9,"dateRange":1,"harmonicAverageSpeed":21.3,"medianSpeed":32.0,"averageSpeed":30.6,"standardDeviationSpeed":14.8,"travelTimeStandardDeviation":15.98,"sampleSize":2707,"normalizedSampleSize":0.2676,"averageTravelTime":20.65,"medianTravelTime":13.71,"travelTimeRatio":1.75,"speedPercentiles":[8,10,12,15,18,20,24,26,29,32,34,36,38,40,42,45,47,50,52]},{"timeSet":10,"dateRange":1,"harmonicAverageSpeed":15.4,"medianSpeed":25.0,"averageSpeed":26.0,"standardDeviationSpeed":14.7,"travelTimeStandardDeviation":30.52,"sampleSize":3017,"normalizedSampleSize":0.2982,"averageTravelTime":28.54,"medianTravelTime":17.55,"travelTimeRatio":2.42,"speedPercentiles":[6,8,10,11,13,15,17,19,22,25,28,31,33,35,37,40,43,46,50]},{"timeSet":11,"dateRange":1,"harmonicAverageSpeed":21.9,"medianSpeed":30.0,"averageSpeed":29.8,"standardDeviationSpeed":13.9,"travelTimeStandardDeviation":13.42,"sampleSize":2988,"normalizedSampleSize":0.2954,"averageTravelTime":20.08,"medianTravelTime":14.62,"travelTimeRatio":1.7,"speedPercentiles":[9,11,13,15,17,20,22,25,27,30,33,34,36,38,40,43,46,49,51]},{"timeSet":12,"dateRange":1,"harmonicAverageSpeed":22.2,"medianSpeed":32.0,"averageSpeed":30.3,"standardDeviationSpeed":13.6,"travelTimeStandardDeviation":14.01,"sampleSize":2793,"normalizedSampleSize":0.2761,"averageTravelTime":19.75,"medianTravelTime":13.71,"travelTimeRatio":1.67,"speedPercentiles":[9,11,13,16,18,21,24,27,30,32,34,35,37,39,41,43,45,48,51]},{"timeSet":13,"dateRange":1,"harmonicAverageSpeed":23.7,"medianSpeed":33.0,"averageSpeed":32.1,"standardDeviationSpeed":14.4,"travelTimeStandardDeviation":13.41,"sampleSize":2318,"normalizedSampleSize":0.2291,"averageTravelTime":18.51,"medianTravelTime":13.29,"travelTimeRatio":1.57,"speedPercentiles":[9,12,14,17,20,23,25,29,32,33,35,37,39,41,43,46,48,50,53]},{"timeSet":14,"dateRange":1,"harmonicAverageSpeed":25.5,"medianSpeed":35.0,"averageSpeed":33.5,"standardDeviationSpeed":13.6,"travelTimeStandardDeviation":12.22,"sampleSize":2181,"normalizedSampleSize":0.2156,"averageTravelTime":17.22,"medianTravelTime":12.54,"travelTimeRatio":1.46,"speedPercentiles":[10,14,16,19,23,26,29,32,34,35,37,38,40,41,44,46,48,51,53]},{"timeSet":15,"dateRange":1,"harmonicAverageSpeed":25.9,"medianSpeed":36.0,"averageSpeed":34.3,"standardDeviationSpeed":14.3,"travelTimeStandardDeviation":12.25,"sampleSize":2048,"normalizedSampleSize":0.2025,"averageTravelTime":16.96,"medianTravelTime":12.19,"travelTimeRatio":1.44,"speedPercentiles":[10,13,16,20,24,26,30,32,34,36,38,39,41,44,45,47,50,51,54]},{"timeSet":16,"dateRange":1,"harmonicAverageSpeed":25.3,"medianSpeed":35.0,"averageSpeed":33.7,"standardDeviationSpeed":14.0,"travelTimeStandardDeviation":12.17,"sampleSize":2206,"normalizedSampleSize":0.2181,"averageTravelTime":17.33,"medianTravelTime":12.54,"travelTimeRatio":1.47,"speedPercentiles":[10,12,16,19,23,26,30,32,34,35,37,39,41,42,44,46,48,50,53]},{"timeSet":17,"dateRange":1,"harmonicAverageSpeed":23.7,"medianSpeed":34.0,"averageSpeed":32.3,"standardDeviationSpeed":14.0,"travelTimeStandardDeviation":13.32,"sampleSize":2320,"normalizedSampleSize":0.2293,"averageTravelTime":18.48,"medianTravelTime":12.9,"travelTimeRatio":1.57,"speedPercentiles":[9,12,14,17,20,24,27,30,33,34,36,38,39,41,43,45,48,50,52]},{"timeSet":18,"dateRange":1,"harmonicAverageSpeed":22.9,"medianSpeed":33.0,"averageSpeed":31.8,"standardDeviationSpeed":14.3,"travelTimeStandardDeviation":14.66,"sampleSize":2289,"normalizedSampleSize":0.2263,"averageTravelTime":19.2,"medianTravelTime":13.29,"travelTimeRatio":1.63,"speedPercentiles":[8,11,14,17,20,23,26,29,32,33,35,37,39,41,43,45,47,50,52]},{"timeSet":19,"dateRange":1,"harmonicAverageSpeed":26.2,"medianSpeed":35.0,"averageSpeed":33.6,"standardDeviationSpeed":13.2,"travelTimeStandardDeviation":11.27,"sampleSize":2343,"normalizedSampleSize":0.2316,"averageTravelTime":16.76,"medianTravelTime":12.54,"travelTimeRatio":1.42,"speedPercentiles":[11,14,17,20,23,26,30,32,34,35,37,38,40,42,44,46,48,50,52]},{"timeSet":20,"dateRange":1,"harmonicAverageSpeed":24.3,"medianSpeed":33.0,"averageSpeed":31.7,"standardDeviationSpeed":13.0,"travelTimeStandardDeviation":12.04,"sampleSize":2262,"normalizedSampleSize":0.2236,"averageTravelTime":18.02,"medianTravelTime":13.29,"travelTimeRatio":1.53,"speedPercentiles":[10,13,15,18,21,24,27,30,32,33,35,36,38,39,41,44,46,48,51]},{"timeSet":21,"dateRange":1,"harmonicAverageSpeed":24.1,"medianSpeed":34.0,"averageSpeed":32.3,"standardDeviationSpeed":13.6,"travelTimeStandardDeviation":14.57,"sampleSize":2319,"normalizedSampleSize":0.2292,"averageTravelTime":18.19,"medianTravelTime":12.9,"travelTimeRatio":1.54,"speedPercentiles":[9,12,15,18,21,25,27,31,33,34,35,37,39,40,43,45,47,50,52]},{"timeSet":22,"dateRange":1,"harmonicAverageSpeed":26.9,"medianSpeed":36.0,"averageSpeed":35.2,"standardDeviationSpeed":14.2,"travelTimeStandardDeviation":11.91,"sampleSize":2331,"normalizedSampleSize":0.2304,"averageTravelTime":16.33,"medianTravelTime":12.19,"travelTimeRatio":1.38,"speedPercentiles":[10,14,17,21,24,28,32,33,35,36,38,40,42,44,46,48,50,51,56]},{"timeSet":23,"dateRange":1,"harmonicAverageSpeed":36.2,"medianSpeed":44.0,"averageSpeed":42.8,"standardDeviationSpeed":13.1,"travelTimeStandardDeviation":7.96,"sampleSize":1056,"normalizedSampleSize":0.1044,"averageTravelTime":12.11,"medianTravelTime":9.97,"travelTimeRatio":1.03,"speedPercentiles":[17,24,31,34,36,38,39,41,43,44,46,47,49,50,51,52,54,58,62]},{"timeSet":24,"dateRange":1,"harmonicAverageSpeed":37.0,"medianSpeed":45.0,"averageSpeed":43.5,"standardDeviationSpeed":13.0,"travelTimeStandardDeviation":8.19,"sampleSize":985,"normalizedSampleSize":0.0974,"averageTravelTime":11.85,"medianTravelTime":9.75,"travelTimeRatio":1.0,"speedPercentiles":[19,24,30,34,36,38,40,42,44,45,47,48,49,51,52,53,55,58,63]},{"timeSet":25,"dateRange":1,"harmonicAverageSpeed":37.4,"medianSpeed":45.0,"averageSpeed":43.0,"standardDeviationSpeed":12.6,"travelTimeStandardDeviation":6.77,"sampleSize":853,"normalizedSampleSize":0.0843,"averageTravelTime":11.73,"medianTravelTime":9.75,"travelTimeRatio":0.99,"speedPercentiles":[18,25,31,33,36,37,39,41,43,45,46,47,49,50,51,52,54,57,63]}]}}]}