day_type,direction,seg_idx,segmentId,streetName,frc,speedLimit,seg_distance,cum_dist_start,cum_dist_mid,cum_dist_end,hour,harm_avg_speed,avg_speed,median_speed,std_speed,avg_tt,median_tt,std_tt,tt_ratio,sample_size,norm_sample,p5,p15,p25,p50,p75,p85,p90,p95
Feriali,Centro,0,-13800007198127,Corso di Francia,2,50,14.98,0.0,7.49,14.98,0,31.3,40.2,40.0,15.3,1.72,1.35,1.38,1.0,737,0.0729,14,25,31,40,50,55,59,66
Feriali,Centro,0,-13800007198127,Corso di Francia,2,50,14.98,0.0,7.49,14.98,1,34.9,42.3,41.0,16.0,1.55,1.32,0.93,0.9,437,0.0432,17,27,32,41,52,59,64,69
Feriali,Centro,0,-13800007198127,Corso di Francia,2,50,14.98,0.0,7.49,14.98,2,34.0,40.7,40.0,14.8,1.59,1.35,0.89,0.92,197,0.0195,17,25,30,40,50,57,61,67
Feriali,Centro,0,-13800007198127,Corso di Francia,2,50,14.98,0.0,7.49,14.98,3,34.3,43.9,42.0,16.7,1.57,1.28,1.34,0.91,122,0.0121,18,29,33,42,56,61,64,69
Feriali,Centro,0,-13800007198127,Corso di Francia,2,50,14.98,0.0,7.49,14.98,4,37.1,41.8,42.0,13.4,1.45,1.28,0.58,0.84,224,0.0221,22,28,31,42,49,55,60,65
Feriali,Centro,0,-13800007198127,Corso di Francia,2,50,14.98,0.0,7.49,14.98,5,27.6,37.9,38.0,15.9,1.95,1.42,1.95,1.13,922,0.0911,12,21,26,38,49,54,57,64
Feriali,Centro,0,-13800007198127,Corso di Francia,2,50,14.98,0.0,7.49,14.98,6,17.4,30.6,31.0,13.8,3.11,1.74,5.48,1.8,2658,0.2628,7,16,21,31,40,45,48,52
Feriali,Centro,0,-13800007198127,Corso di Francia,2,50,14.98,0.0,7.49,14.98,7,10.2,23.0,23.0,12.4,5.3,2.34,9.23,3.07,7221,0.7138,2,10,14,23,32,36,39,44
Feriali,Centro,0,-13800007198127,Corso di Francia,2,50,14.98,0.0,7.49,14.98,8,9.5,20.5,20.0,11.4,5.68,2.7,9.19,3.29,8075,0.7982,2,8,12,20,28,32,35,40
Feriali,Centro,0,-13800007198127,Corso di Francia,2,50,14.98,0.0,7.49,14.98,9,10.3,22.2,22.0,11.9,5.26,2.45,8.81,3.05,6993,0.6913,2,9,14,22,30,35,38,42
Feriali,Centro,0,-13800007198127,Corso di Francia,2,50,14.98,0.0,7.49,14.98,10,11.5,24.2,24.0,12.6,4.71,2.25,8.14,2.73,5795,0.5729,3,10,16,24,33,37,40,45
Feriali,Centro,0,-13800007198127,Corso di Francia,2,50,14.98,0.0,7.49,14.98,11,12.0,24.9,25.0,12.9,4.5,2.16,7.88,2.61,5268,0.5208,3,10,16,25,33,38,41,46
Feriali,Centro,0,-13800007198127,Corso di Francia,2,50,14.98,0.0,7.49,14.98,12,11.7,24.9,25.0,13.3,4.62,2.16,7.95,2.68,4922,0.4866,3,10,16,25,34,39,42,47
Feriali,Centro,0,-13800007198127,Corso di Francia,2,50,14.98,0.0,7.49,14.98,13,13.2,25.7,26.0,13.1,4.09,2.07,6.97,2.37,5177,0.5118,4,11,16,26,35,40,43,47
Feriali,Centro,0,-13800007198127,Corso di Francia,2,50,14.98,0.0,7.49,14.98,14,12.2,25.8,26.0,13.4,4.41,2.07,7.93,2.56,5142,0.5083,3,11,16,26,35,40,43,48
Feriali,Centro,0,-13800007198127,Corso di Francia,2,50,14.98,0.0,7.49,14.98,15,10.5,23.2,23.0,12.7,5.14,2.34,8.67,2.98,5717,0.5651,2,9,14,23,32,36,40,45
Feriali,Centro,0,-13800007198127,Corso di Francia,2,50,14.98,0.0,7.49,14.98,16,10.0,24.1,24.0,13.8,5.42,2.25,9.59,3.14,5648,0.5583,2,9,14,24,34,39,42,48
Feriali,Centro,0,-13800007198127,Corso di Francia,2,50,14.98,0.0,7.49,14.98,17,9.5,23.1,22.0,13.1,5.69,2.45,9.89,3.3,5768,0.5702,2,8,14,22,32,37,40,45
Feriali,Centro,0,-13800007198127,Corso di Francia,2,50,14.98,0.0,7.49,14.98,18,9.6,22.9,22.0,13.3,5.6,2.45,9.49,3.25,5674,0.5609,2,8,14,22,32,37,41,46
Feriali,Centro,0,-13800007198127,Corso di Francia,2,50,14.98,0.0,7.49,14.98,19,10.2,24.0,23.0,14.0,5.31,2.34,9.03,3.08,5426,0.5364,2,8,14,23,33,39,43,48
Feriali,Centro,0,-13800007198127,Corso di Francia,2,50,14.98,0.0,7.49,14.98,20,13.3,28.1,28.0,14.8,4.07,1.93,7.45,2.36,4566,0.4514,4,12,18,28,38,43,47,53
Feriali,Centro,0,-13800007198127,Corso di Francia,2,50,14.98,0.0,7.49,14.98,21,26.7,36.9,37.0,15.3,2.02,1.46,2.12,1.17,2434,0.2406,11,21,27,37,47,52,55,63
Feriali,Centro,0,-13800007198127,Corso di Francia,2,50,14.98,0.0,7.49,14.98,22,28.0,38.1,38.0,15.6,1.93,1.42,2.14,1.12,2038,0.2015,12,22,26,38,49,54,58,63
Feriali,Centro,0,-13800007198127,Corso di Francia,2,50,14.98,0.0,7.49,14.98,23,27.1,38.2,38.0,16.1,1.99,1.42,2.3,1.15,1753,0.1733,11,22,27,38,48,55,59,65
Feriali,Centro,1,-13800007184018,Corso di Francia,2,50,16.14,14.98,23.05,31.12,0,23.1,37.9,40.0,18.1,2.51,1.45,3.22,1.0,734,0.0726,8,17,23,40,51,56,60,67
Feriali,Centro,1,-13800007184018,Corso di Francia,2,50,16.14,14.98,23.05,31.12,1,28.3,40.9,41.0,18.4,2.05,1.42,2.57,0.82,434,0.0429,13,20,26,41,53,60,65,71
Feriali,Centro,1,-13800007184018,Corso di Francia,2,50,16.14,14.98,23.05,31.12,2,30.0,38.6,39.0,16.7,1.94,1.49,1.24,0.77,197,0.0195,13,20,24,39,52,58,61,67
Feriali,Centro,1,-13800007184018,Corso di Francia,2,50,16.14,14.98,23.05,31.12,3,30.6,42.8,42.0,18.9,1.9,1.38,1.71,0.76,122,0.0121,14,22,27,42,58,62,65,70
Feriali,Centro,1,-13800007184018,Corso di Francia,2,50,16.14,14.98,23.05,31.12,4,26.2,39.4,41.0,17.2,2.21,1.42,2.63,0.88,224,0.0221,10,19,28,41,51,56,61,65
Feriali,Centro,1,-13800007184018,Corso di Francia,2,50,16.14,14.98,23.05,31.12,5,19.9,35.8,38.0,18.6,2.93,1.53,3.76,1.17,915,0.0905,5,14,20,38,50,55,59,65
Feriali,Centro,1,-13800007184018,Corso di Francia,2,50,16.14,14.98,23.05,31.12,6,11.6,30.5,32.0,15.6,5.0,1.82,10.17,1.99,2643,0.2613,2,13,19,32,42,47,49,54
Feriali,Centro,1,-13800007184018,Corso di Francia,2,50,16.14,14.98,23.05,31.12,7,8.9,23.5,23.0,13.1,6.56,2.53,11.8,2.61,7184,0.7102,1,9,15,23,32,37,41,45
Feriali,Centro,1,-13800007184018,Corso di Francia,2,50,16.14,14.98,23.05,31.12,8,9.1,21.4,21.0,11.9,6.37,2.77,10.88,2.54,8039,0.7947,2,8,13,21,29,33,37,42
Feriali,Centro,1,-13800007184018,Corso di Francia,2,50,16.14,14.98,23.05,31.12,9,9.6,22.9,23.0,12.5,6.04,2.53,10.75,2.4,6946,0.6866,2,9,15,23,31,35,39,44
Feriali,Centro,1,-13800007184018,Corso di Francia,2,50,16.14,14.98,23.05,31.12,10,9.9,24.9,25.0,13.3,5.89,2.32,10.98,2.34,5743,0.5677,2,10,16,25,34,38,42,46
Feriali,Centro,1,-13800007184018,Corso di Francia,2,50,16.14,14.98,23.05,31.12,11,9.8,25.1,26.0,13.7,5.93,2.23,11.1,2.36,5241,0.5181,2,10,16,26,34,39,43,48
Feriali,Centro,1,-13800007184018,Corso di Francia,2,50,16.14,14.98,23.05,31.12,12,9.7,25.2,25.0,13.9,6.02,2.32,11.2,2.4,4898,0.4842,2,9,16,25,34,40,44,49
Feriali,Centro,1,-13800007184018,Corso di Francia,2,50,16.14,14.98,23.05,31.12,13,10.3,25.8,26.0,13.9,5.62,2.23,10.62,2.24,5124,0.5065,2,10,16,26,35,41,44,49
Feriali,Centro,1,-13800007184018,Corso di Francia,2,50,16.14,14.98,23.05,31.12,14,9.8,26.0,26.0,14.5,5.96,2.23,11.22,2.37,5111,0.5052,2,10,16,26,36,42,45,50
Feriali,Centro,1,-13800007184018,Corso di Francia,2,50,16.14,14.98,23.05,31.12,15,8.9,23.7,24.0,13.4,6.53,2.42,11.71,2.6,5662,0.5597,1,8,14,24,32,38,41,47
Feriali,Centro,1,-13800007184018,Corso di Francia,2,50,16.14,14.98,23.05,31.12,16,8.5,24.4,24.0,14.5,6.8,2.42,12.27,2.71,5609,0.5545,1,8,14,24,35,40,44,49
Feriali,Centro,1,-13800007184018,Corso di Francia,2,50,16.14,14.98,23.05,31.12,17,8.1,23.3,23.0,13.9,7.22,2.53,12.78,2.87,5722,0.5656,1,7,13,23,33,38,42,47
Feriali,Centro,1,-13800007184018,Corso di Francia,2,50,16.14,14.98,23.05,31.12,18,8.1,23.2,23.0,14.2,7.22,2.53,12.49,2.87,5620,0.5556,1,6,13,23,33,39,43,48
Feriali,Centro,1,-13800007184018,Corso di Francia,2,50,16.14,14.98,23.05,31.12,19,7.8,23.8,23.0,15.1,7.48,2.53,12.82,2.98,5389,0.5327,1,6,12,23,34,40,44,50
Feriali,Centro,1,-13800007184018,Corso di Francia,2,50,16.14,14.98,23.05,31.12,20,8.8,27.0,27.0,16.6,6.61,2.15,11.92,2.63,4539,0.4487,2,7,14,27,39,44,48,55
Feriali,Centro,1,-13800007184018,Corso di Francia,2,50,16.14,14.98,23.05,31.12,21,16.8,34.5,37.0,18.4,3.45,1.57,5.16,1.37,2413,0.2385,4,12,20,37,47,53,57,64
Feriali,Centro,1,-13800007184018,Corso di Francia,2,50,16.14,14.98,23.05,31.12,22,18.1,35.8,38.0,18.5,3.2,1.53,5.07,1.28,2029,0.2006,5,14,21,38,49,55,59,63
Feriali,Centro,1,-13800007184018,Corso di Francia,2,50,16.14,14.98,23.05,31.12,23,18.9,35.8,38.0,18.9,3.08,1.53,4.49,1.23,1745,0.1725,5,14,20,38,49,56,60,66
Feriali,Centro,2,-13800007468537,Corso di Francia,2,50,31.38,31.12,46.81,62.5,0,13.1,35.2,40.0,22.0,8.63,2.82,11.31,1.0,733,0.0725,3,5,12,40,52,58,61,67
Feriali,Centro,2,-13800007468537,Corso di Francia,2,50,31.38,31.12,46.81,62.5,1,12.6,37.6,41.0,23.5,8.94,2.76,13.03,1.04,434,0.0429,3,6,14,41,56,61,65,72
Feriali,Centro,2,-13800007468537,Corso di Francia,2,50,31.38,31.12,46.81,62.5,2,12.3,33.7,36.0,22.4,9.15,3.14,11.52,1.06,195,0.0193,3,6,8,36,53,58,63,67
Feriali,Centro,2,-13800007468537,Corso di Francia,2,50,31.38,31.12,46.81,62.5,3,13.3,38.6,42.0,24.5,8.5,2.69,11.26,0.98,122,0.0121,4,5,9,42,59,64,67,70
Feriali,Centro,2,-13800007468537,Corso di Francia,2,50,31.38,31.12,46.81,62.5,4,14.2,36.3,39.0,22.6,7.98,2.9,10.46,0.92,221,0.0218,4,6,12,39,55,59,62,69
Feriali,Centro,2,-13800007468537,Corso di Francia,2,50,31.38,31.12,46.81,62.5,5,14.4,35.2,38.0,21.2,7.83,2.97,10.68,0.91,913,0.0903,4,7,15,38,52,58,62,67
Feriali,Centro,2,-13800007468537,Corso di Francia,2,50,31.38,31.12,46.81,62.5,6,14.3,32.8,34.0,16.0,7.88,3.32,13.45,0.91,2627,0.2597,2,15,23,34,45,49,52,56
Feriali,Centro,2,-13800007468537,Corso di Francia,2,50,31.38,31.12,46.81,62.5,7,12.9,25.8,26.0,13.0,8.79,4.34,13.23,1.02,7180,0.7098,2,11,17,26,34,39,42,48
Feriali,Centro,2,-13800007468537,Corso di Francia,2,50,31.38,31.12,46.81,62.5,8,12.7,23.3,23.0,11.9,8.88,4.91,12.02,1.03,8058,0.7966,3,10,15,23,31,35,38,44
Feriali,Centro,2,-13800007468537,Corso di Francia,2,50,31.38,31.12,46.81,62.5,9,12.7,24.8,25.0,12.5,8.91,4.52,13.02,1.03,6947,0.6867,2,11,17,25,32,37,40,46
Feriali,Centro,2,-13800007468537,Corso di Francia,2,50,31.38,31.12,46.81,62.5,10,13.1,26.9,27.0,13.3,8.62,4.18,13.46,1.0,5763,0.5697,2,13,19,27,35,40,43,48
Feriali,Centro,2,-13800007468537,Corso di Francia,2,50,31.38,31.12,46.81,62.5,11,13.0,27.1,28.0,13.7,8.7,4.03,13.41,1.01,5238,0.5178,2,12,19,28,35,40,44,50
Feriali,Centro,2,-13800007468537,Corso di Francia,2,50,31.38,31.12,46.81,62.5,12,13.1,27.2,27.0,13.9,8.64,4.18,13.44,1.0,4896,0.484,2,12,18,27,36,41,45,51
Feriali,Centro,2,-13800007468537,Corso di Francia,2,50,31.38,31.12,46.81,62.5,13,12.9,27.6,28.0,14.1,8.73,4.03,13.6,1.01,5134,0.5075,2,12,19,28,37,42,46,51
Feriali,Centro,2,-13800007468537,Corso di Francia,2,50,31.38,31.12,46.81,62.5,14,12.4,27.9,28.0,14.7,9.1,4.03,14.38,1.05,5105,0.5046,2,11,19,28,37,43,47,52
Feriali,Centro,2,-13800007468537,Corso di Francia,2,50,31.38,31.12,46.81,62.5,15,12.6,25.8,26.0,13.3,8.97,4.34,13.46,1.04,5658,0.5593,2,11,17,26,34,39,43,49
Feriali,Centro,2,-13800007468537,Corso di Francia,2,50,31.38,31.12,46.81,62.5,16,11.6,26.5,27.0,14.4,9.78,4.18,15.51,1.13,5616,0.5552,2,10,17,27,36,42,45,50
Feriali,Centro,2,-13800007468537,Corso di Francia,2,50,31.38,31.12,46.81,62.5,17,11.1,25.4,26.0,13.8,10.19,4.34,15.53,1.18,5721,0.5655,2,9,16,26,34,39,43,48
Feriali,Centro,2,-13800007468537,Corso di Francia,2,50,31.38,31.12,46.81,62.5,18,11.0,25.5,26.0,14.2,10.32,4.34,15.47,1.2,5627,0.5562,2,9,16,26,34,40,44,49
Feriali,Centro,2,-13800007468537,Corso di Francia,2,50,31.38,31.12,46.81,62.5,19,10.8,26.1,26.0,15.0,10.46,4.34,15.51,1.21,5384,0.5322,2,7,16,26,36,42,46,51
Feriali,Centro,2,-13800007468537,Corso di Francia,2,50,31.38,31.12,46.81,62.5,20,10.6,28.5,29.0,16.8,10.67,3.9,16.44,1.24,4537,0.4485,2,7,16,29,40,47,50,55
Feriali,Centro,2,-13800007468537,Corso di Francia,2,50,31.38,31.12,46.81,62.5,21,12.7,33.1,35.0,20.5,8.88,3.23,12.23,1.03,2411,0.2383,3,6,14,35,49,54,58,65
Feriali,Centro,2,-13800007468537,Corso di Francia,2,50,31.38,31.12,46.81,62.5,22,12.8,34.1,38.0,21.1,8.85,2.97,12.69,1.03,2017,0.1994,3,6,13,38,51,56,60,65
Feriali,Centro,2,-13800007468537,Corso di Francia,2,50,31.38,31.12,46.81,62.5,23,12.8,33.9,36.0,21.6,8.81,3.14,11.74,1.02,1744,0.1724,3,6,12,36,51,57,61,67
Feriali,Centro,3,-13800006407150,Corso di Francia,2,50,9.82,62.5,67.41,72.32,0,20.2,37.6,37.0,18.5,1.75,0.96,3.29,1.0,904,0.0894,6,18,23,37,52,58,61,67
Feriali,Centro,3,-13800006407150,Corso di Francia,2,50,9.82,62.5,67.41,72.32,1,21.8,38.5,36.0,18.9,1.62,0.98,3.86,0.93,589,0.0582,12,19,24,36,52,60,64,71
Feriali,Centro,3,-13800006407150,Corso di Francia,2,50,9.82,62.5,67.41,72.32,2,12.4,36.8,33.0,18.4,2.85,1.07,15.52,1.63,255,0.0252,6,19,23,33,52,57,61,67
Feriali,Centro,3,-13800006407150,Corso di Francia,2,50,9.82,62.5,67.41,72.32,3,14.1,38.4,34.0,20.2,2.51,1.04,7.92,1.43,160,0.0158,5,17,23,34,56,62,65,70
Feriali,Centro,3,-13800006407150,Corso di Francia,2,50,9.82,62.5,67.41,72.32,4,23.5,40.3,38.0,19.1,1.51,0.93,4.12,0.86,240,0.0237,11,20,26,38,55,62,65,71
Feriali,Centro,3,-13800006407150,Corso di Francia,2,50,9.82,62.5,67.41,72.32,5,28.5,41.8,41.0,16.7,1.24,0.86,2.7,0.71,930,0.0919,15,25,29,41,54,60,64,69
Feriali,Centro,3,-13800006407150,Corso di Francia,2,50,9.82,62.5,67.41,72.32,6,29.7,38.2,38.0,13.4,1.19,0.93,1.43,0.68,2646,0.2616,15,25,30,38,47,51,55,59
Feriali,Centro,3,-13800006407150,Corso di Francia,2,50,9.82,62.5,67.41,72.32,7,22.2,29.8,30.0,11.7,1.59,1.18,2.15,0.91,7874,0.7784,10,17,22,30,37,41,44,50
Feriali,Centro,3,-13800006407150,Corso di Francia,2,50,9.82,62.5,67.41,72.32,8,18.6,26.5,27.0,11.3,1.9,1.31,2.33,1.09,9061,0.8957,8,14,19,27,33,37,40,45
Feriali,Centro,3,-13800006407150,Corso di Francia,2,50,9.82,62.5,67.41,72.32,9,20.7,28.2,28.0,11.5,1.71,1.26,1.88,0.97,7686,0.7598,9,16,21,28,35,39,42,48
Feriali,Centro,3,-13800006407150,Corso di Francia,2,50,9.82,62.5,67.41,72.32,10,22.6,30.6,30.0,11.7,1.56,1.18,2.29,0.89,6181,0.611,11,20,23,30,37,42,45,51
Feriali,Centro,3,-13800006407150,Corso di Francia,2,50,9.82,62.5,67.41,72.32,11,22.3,30.9,31.0,12.1,1.59,1.14,3.17,0.91,5634,0.5569,10,19,24,31,37,42,46,52
Feriali,Centro,3,-13800006407150,Corso di Francia,2,50,9.82,62.5,67.41,72.32,12,22.6,31.0,31.0,12.6,1.56,1.14,1.89,0.89,5325,0.5264,10,19,23,31,38,43,47,53
Feriali,Centro,3,-13800006407150,Corso di Francia,2,50,9.82,62.5,67.41,72.32,13,22.5,31.2,31.0,12.6,1.57,1.14,2.23,0.9,5537,0.5474,10,19,24,31,38,44,48,53
Feriali,Centro,3,-13800006407150,Corso di Francia,2,50,9.82,62.5,67.41,72.32,14,23.3,31.9,31.0,12.6,1.52,1.14,2.52,0.86,5639,0.5574,11,20,24,31,39,44,48,53
Feriali,Centro,3,-13800006407150,Corso di Francia,2,50,9.82,62.5,67.41,72.32,15,21.4,29.3,29.0,11.8,1.65,1.22,2.49,0.94,6434,0.636,10,18,22,29,36,40,45,50
Feriali,Centro,3,-13800006407150,Corso di Francia,2,50,9.82,62.5,67.41,72.32,16,21.7,30.5,30.0,12.3,1.63,1.18,2.55,0.93,6391,0.6318,10,18,23,30,38,42,46,51
Feriali,Centro,3,-13800006407150,Corso di Francia,2,50,9.82,62.5,67.41,72.32,17,21.9,30.0,30.0,11.6,1.62,1.18,2.3,0.92,6435,0.6361,10,18,23,30,37,41,45,50
Feriali,Centro,3,-13800006407150,Corso di Francia,2,50,9.82,62.5,67.41,72.32,18,22.3,30.4,30.0,11.8,1.59,1.18,2.43,0.91,6202,0.6131,10,18,23,30,37,42,45,51
Feriali,Centro,3,-13800006407150,Corso di Francia,2,50,9.82,62.5,67.41,72.32,19,22.5,31.2,31.0,12.5,1.57,1.14,2.0,0.89,5892,0.5824,10,19,24,31,38,44,47,52
Feriali,Centro,3,-13800006407150,Corso di Francia,2,50,9.82,62.5,67.41,72.32,20,22.8,33.2,32.0,13.7,1.55,1.1,2.42,0.88,5226,0.5166,10,20,25,32,41,47,51,57
Feriali,Centro,3,-13800006407150,Corso di Francia,2,50,9.82,62.5,67.41,72.32,21,24.5,37.3,35.0,16.5,1.45,1.01,2.57,0.82,2845,0.2812,11,21,26,35,49,55,59,65
Feriali,Centro,3,-13800006407150,Corso di Francia,2,50,9.82,62.5,67.41,72.32,22,22.1,37.4,36.0,16.8,1.6,0.98,4.13,0.91,2446,0.2418,10,20,25,36,50,56,59,65
Feriali,Centro,3,-13800006407150,Corso di Francia,2,50,9.82,62.5,67.41,72.32,23,22.8,37.3,35.0,17.2,1.55,1.01,3.28,0.88,2125,0.2101,10,21,25,35,50,56,61,67
Feriali,Centro,4,-13800006502581,Corso di Francia,2,50,57.45,72.32,101.04499999999999,129.76999999999998,0,21.7,42.9,43.0,17.5,9.54,4.81,20.23,1.0,855,0.0845,8,27,34,43,55,60,64,70
Feriali,Centro,4,-13800006502581,Corso di Francia,2,50,57.45,72.32,101.04499999999999,129.76999999999998,1,26.4,43.5,42.0,17.5,7.84,4.92,15.82,0.82,560,0.0554,14,29,33,42,55,62,66,74
Feriali,Centro,4,-13800006502581,Corso di Francia,2,50,57.45,72.32,101.04499999999999,129.76999999999998,2,20.1,42.6,43.0,16.7,10.28,4.81,29.63,1.08,237,0.0234,8,27,34,43,54,60,64,68
Feriali,Centro,4,-13800006502581,Corso di Francia,2,50,57.45,72.32,101.04499999999999,129.76999999999998,3,25.9,45.4,43.0,17.4,7.98,4.81,19.96,0.84,143,0.0141,21,30,34,43,60,67,68,69
Feriali,Centro,4,-13800006502581,Corso di Francia,2,50,57.45,72.32,101.04499999999999,129.76999999999998,4,26.8,46.5,47.0,17.8,7.71,4.4,15.14,0.81,226,0.0223,11,30,36,47,60,65,67,72
Feriali,Centro,4,-13800006502581,Corso di Francia,2,50,57.45,72.32,101.04499999999999,129.76999999999998,5,27.2,45.8,46.0,16.1,7.61,4.5,19.41,0.8,909,0.0899,16,31,37,46,56,62,66,71
Feriali,Centro,4,-13800006502581,Corso di Francia,2,50,57.45,72.32,101.04499999999999,129.76999999999998,6,29.8,41.7,42.0,13.3,6.94,4.92,12.95,0.73,2588,0.2558,17,30,35,42,50,55,58,63
Feriali,Centro,4,-13800006502581,Corso di Francia,2,50,57.45,72.32,101.04499999999999,129.76999999999998,7,23.3,32.3,34.0,12.3,8.88,6.08,12.56,0.93,7733,0.7644,10,18,25,34,40,44,46,51
Feriali,Centro,4,-13800006502581,Corso di Francia,2,50,57.45,72.32,101.04499999999999,129.76999999999998,8,19.9,28.3,30.0,12.0,10.37,6.89,12.52,1.09,8812,0.8711,8,14,19,30,37,40,42,47
Feriali,Centro,4,-13800006502581,Corso di Francia,2,50,57.45,72.32,101.04499999999999,129.76999999999998,9,21.2,30.6,32.0,12.2,9.77,6.46,13.9,1.02,7447,0.7362,9,17,23,32,38,42,45,49
Feriali,Centro,4,-13800006502581,Corso di Francia,2,50,57.45,72.32,101.04499999999999,129.76999999999998,10,23.0,33.5,34.0,11.9,8.98,6.08,17.18,0.94,6030,0.5961,12,22,27,34,40,44,47,52
Feriali,Centro,4,-13800006502581,Corso di Francia,2,50,57.45,72.32,101.04499999999999,129.76999999999998,11,24.2,33.7,34.0,12.3,8.55,6.08,14.16,0.9,5470,0.5407,12,22,27,34,40,44,48,55
Feriali,Centro,4,-13800006502581,Corso di Francia,2,50,57.45,72.32,101.04499999999999,129.76999999999998,12,23.3,33.9,34.0,12.8,8.89,6.08,15.37,0.93,5168,0.5109,10,21,27,34,41,45,49,55
Feriali,Centro,4,-13800006502581,Corso di Francia,2,50,57.45,72.32,101.04499999999999,129.76999999999998,13,23.9,34.2,35.0,12.5,8.65,5.91,15.31,0.91,5391,0.5329,12,22,27,35,41,46,50,55
Feriali,Centro,4,-13800006502581,Corso di Francia,2,50,57.45,72.32,101.04499999999999,129.76999999999998,14,23.9,34.6,35.0,12.7,8.67,5.91,14.25,0.91,5477,0.5414,12,23,28,35,41,46,50,56
Feriali,Centro,4,-13800006502581,Corso di Francia,2,50,57.45,72.32,101.04499999999999,129.76999999999998,15,22.8,32.0,33.0,12.0,9.08,6.27,14.09,0.95,6278,0.6206,11,20,25,33,39,43,46,52
Feriali,Centro,4,-13800006502581,Corso di Francia,2,50,57.45,72.32,101.04499999999999,129.76999999999998,16,21.8,33.5,35.0,12.6,9.47,5.91,20.53,0.99,6184,0.6113,10,20,27,35,41,45,48,53
Feriali,Centro,4,-13800006502581,Corso di Francia,2,50,57.45,72.32,101.04499999999999,129.76999999999998,17,22.8,33.0,34.0,11.9,9.07,6.08,15.07,0.95,6254,0.6182,11,20,26,34,40,44,47,51
Feriali,Centro,4,-13800006502581,Corso di Francia,2,50,57.45,72.32,101.04499999999999,129.76999999999998,18,22.2,33.5,35.0,12.2,9.33,5.91,16.25,0.98,5988,0.5919,10,21,27,35,41,45,47,52
Feriali,Centro,4,-13800006502581,Corso di Francia,2,50,57.45,72.32,101.04499999999999,129.76999999999998,19,24.0,34.7,36.0,12.6,8.63,5.74,14.41,0.9,5690,0.5625,11,22,28,36,42,46,49,54
Feriali,Centro,4,-13800006502581,Corso di Francia,2,50,57.45,72.32,101.04499999999999,129.76999999999998,20,22.3,36.7,38.0,13.9,9.28,5.44,18.09,0.97,5054,0.4996,10,23,30,38,45,49,53,58
Feriali,Centro,4,-13800006502581,Corso di Francia,2,50,57.45,72.32,101.04499999999999,129.76999999999998,21,21.2,41.1,41.0,16.5,9.78,5.04,21.65,1.02,2723,0.2692,8,26,32,41,52,58,62,67
Feriali,Centro,4,-13800006502581,Corso di Francia,2,50,57.45,72.32,101.04499999999999,129.76999999999998,22,21.2,41.3,42.0,16.6,9.74,4.92,21.94,1.02,2333,0.2306,8,25,33,42,53,58,62,66
Feriali,Centro,4,-13800006502581,Corso di Francia,2,50,57.45,72.32,101.04499999999999,129.76999999999998,23,21.2,41.8,42.0,16.6,9.76,4.92,36.37,1.02,2046,0.2023,10,27,33,42,52,59,63,70
Feriali,Centro,5,-13800007235814,Corso di Francia,2,50,32.98,129.76999999999998,146.26,162.74999999999997,0,27.1,49.2,51.0,17.2,4.38,2.33,15.36,1.0,814,0.0805,15,32,41,51,60,65,69,74
Feriali,Centro,5,-13800007235814,Corso di Francia,2,50,32.98,129.76999999999998,146.26,162.74999999999997,1,32.1,49.9,50.0,17.4,3.7,2.37,12.39,0.85,511,0.0505,16,35,41,50,60,66,71,78
Feriali,Centro,5,-13800007235814,Corso di Francia,2,50,32.98,129.76999999999998,146.26,162.74999999999997,2,32.5,48.0,50.0,16.6,3.65,2.37,6.64,0.83,225,0.0222,19,31,38,50,60,64,67,72
Feriali,Centro,5,-13800007235814,Corso di Francia,2,50,32.98,129.76999999999998,146.26,162.74999999999997,3,43.4,51.9,53.0,16.9,2.74,2.24,1.77,0.63,140,0.0138,17,34,42,53,64,69,72,77
Feriali,Centro,5,-13800007235814,Corso di Francia,2,50,32.98,129.76999999999998,146.26,162.74999999999997,4,42.7,53.2,55.0,17.3,2.78,2.16,2.37,0.64,220,0.0217,21,36,43,55,65,70,73,77
Feriali,Centro,5,-13800007235814,Corso di Francia,2,50,32.98,129.76999999999998,146.26,162.74999999999997,5,35.7,49.5,53.0,17.5,3.32,2.24,3.72,0.76,905,0.0895,14,29,41,53,61,66,70,74
Feriali,Centro,5,-13800007235814,Corso di Francia,2,50,32.98,129.76999999999998,146.26,162.74999999999997,6,33.9,45.1,47.0,14.7,3.51,2.53,4.2,0.8,2568,0.2539,15,31,39,47,54,59,62,67
Feriali,Centro,5,-13800007235814,Corso di Francia,2,50,32.98,129.76999999999998,146.26,162.74999999999997,7,26.1,35.3,37.0,13.6,4.54,3.21,5.13,1.04,7645,0.7557,11,19,26,37,44,48,51,56
Feriali,Centro,5,-13800007235814,Corso di Francia,2,50,32.98,129.76999999999998,146.26,162.74999999999997,8,22.1,31.0,32.0,13.1,5.38,3.71,6.26,1.23,8650,0.8551,9,15,21,32,41,44,47,51
Feriali,Centro,5,-13800007235814,Corso di Francia,2,50,32.98,129.76999999999998,146.26,162.74999999999997,9,25.3,34.3,36.0,13.2,4.7,3.3,6.01,1.07,7274,0.7191,11,19,25,36,43,47,50,54
Feriali,Centro,5,-13800007235814,Corso di Francia,2,50,32.98,129.76999999999998,146.26,162.74999999999997,10,29.5,37.8,39.0,12.5,4.03,3.04,5.75,0.92,5784,0.5718,15,25,31,39,45,49,52,57
Feriali,Centro,5,-13800007235814,Corso di Francia,2,50,32.98,129.76999999999998,146.26,162.74999999999997,11,29.9,38.0,39.0,12.7,3.97,3.04,5.31,0.91,5209,0.5149,15,26,31,39,45,50,53,59
Feriali,Centro,5,-13800007235814,Corso di Francia,2,50,32.98,129.76999999999998,146.26,162.74999999999997,12,29.9,38.4,39.0,13.1,3.98,3.04,4.74,0.91,4863,0.4807,14,25,31,39,46,50,54,59
Feriali,Centro,5,-13800007235814,Corso di Francia,2,50,32.98,129.76999999999998,146.26,162.74999999999997,13,29.5,38.3,39.0,13.1,4.02,3.04,6.19,0.92,5118,0.5059,15,25,31,39,46,50,54,59
Feriali,Centro,5,-13800007235814,Corso di Francia,2,50,32.98,129.76999999999998,146.26,162.74999999999997,14,30.2,38.6,39.0,13.2,3.93,3.04,4.86,0.9,5143,0.5084,14,26,31,39,46,51,55,60
Feriali,Centro,5,-13800007235814,Corso di Francia,2,50,32.98,129.76999999999998,146.26,162.74999999999997,15,28.3,35.9,36.0,12.9,4.2,3.3,4.82,0.96,5948,0.588,13,22,28,36,44,48,52,57
Feriali,Centro,5,-13800007235814,Corso di Francia,2,50,32.98,129.76999999999998,146.26,162.74999999999997,16,30.1,38.7,40.0,13.1,3.95,2.97,5.62,0.9,5740,0.5674,13,24,32,40,47,51,53,58
Feriali,Centro,5,-13800007235814,Corso di Francia,2,50,32.98,129.76999999999998,146.26,162.74999999999997,17,29.5,37.9,40.0,12.6,4.03,2.97,4.9,0.92,5918,0.585,14,24,31,40,46,50,52,56
Feriali,Centro,5,-13800007235814,Corso di Francia,2,50,32.98,129.76999999999998,146.26,162.74999999999997,18,27.8,38.2,40.0,12.9,4.28,2.97,7.69,0.98,5662,0.5597,13,24,32,40,47,50,52,56
Feriali,Centro,5,-13800007235814,Corso di Francia,2,50,32.98,129.76999999999998,146.26,162.74999999999997,19,30.2,39.4,41.0,13.2,3.93,2.9,5.12,0.9,5392,0.533,14,25,33,41,48,51,54,58
Feriali,Centro,5,-13800007235814,Corso di Francia,2,50,32.98,129.76999999999998,146.26,162.74999999999997,20,30.8,41.8,44.0,14.3,3.86,2.7,5.68,0.88,4794,0.4739,13,26,35,44,50,55,58,63
Feriali,Centro,5,-13800007235814,Corso di Francia,2,50,32.98,129.76999999999998,146.26,162.74999999999997,21,29.7,46.2,47.0,16.5,3.99,2.53,8.53,0.91,2601,0.2571,15,29,38,47,57,62,65,70
Feriali,Centro,5,-13800007235814,Corso di Francia,2,50,32.98,129.76999999999998,146.26,162.74999999999997,22,31.8,46.6,48.0,16.7,3.73,2.47,6.4,0.85,2213,0.2188,13,29,39,48,57,62,66,71
Feriali,Centro,5,-13800007235814,Corso di Francia,2,50,32.98,129.76999999999998,146.26,162.74999999999997,23,34.6,47.7,49.0,16.3,3.43,2.42,6.08,0.78,1935,0.1913,15,32,40,49,58,63,67,73
Feriali,Centro,6,-13800007335853,Corso di Francia,2,50,30.86,162.74999999999997,178.17999999999998,193.60999999999996,0,39.6,51.4,53.0,16.5,2.81,2.1,3.65,1.0,816,0.0807,19,36,42,53,62,67,70,77
Feriali,Centro,6,-13800007335853,Corso di Francia,2,50,30.86,162.74999999999997,178.17999999999998,193.60999999999996,1,40.3,51.7,52.0,17.0,2.76,2.14,3.91,0.98,517,0.0511,20,36,43,52,62,67,73,83
Feriali,Centro,6,-13800007335853,Corso di Francia,2,50,30.86,162.74999999999997,178.17999999999998,193.60999999999996,2,37.1,51.3,52.0,16.4,2.99,2.14,5.82,1.07,225,0.0222,21,36,43,52,62,66,70,74
Feriali,Centro,6,-13800007335853,Corso di Francia,2,50,30.86,162.74999999999997,178.17999999999998,193.60999999999996,3,48.4,54.7,56.0,16.0,2.3,1.98,1.08,0.82,140,0.0138,27,37,45,56,66,70,73,77
Feriali,Centro,6,-13800007335853,Corso di Francia,2,50,30.86,162.74999999999997,178.17999999999998,193.60999999999996,4,44.8,55.3,57.0,16.8,2.48,1.95,2.34,0.88,220,0.0217,23,39,45,57,67,72,75,78
Feriali,Centro,6,-13800007335853,Corso di Francia,2,50,30.86,162.74999999999997,178.17999999999998,193.60999999999996,5,39.0,51.7,55.0,17.4,2.85,2.02,2.88,1.02,911,0.0901,16,32,44,55,63,68,71,75
Feriali,Centro,6,-13800007335853,Corso di Francia,2,50,30.86,162.74999999999997,178.17999999999998,193.60999999999996,6,37.9,47.1,49.0,14.2,2.93,2.27,2.98,1.04,2580,0.255,18,34,41,49,56,60,63,68
Feriali,Centro,6,-13800007335853,Corso di Francia,2,50,30.86,162.74999999999997,178.17999999999998,193.60999999999996,7,27.8,36.6,39.0,13.7,3.99,2.85,3.9,1.42,7654,0.7566,12,20,27,39,46,49,52,57
Feriali,Centro,6,-13800007335853,Corso di Francia,2,50,30.86,162.74999999999997,178.17999999999998,193.60999999999996,8,22.2,32.0,34.0,13.2,5.0,3.27,5.79,1.78,8695,0.8595,9,16,22,34,42,45,48,51
Feriali,Centro,6,-13800007335853,Corso di Francia,2,50,30.86,162.74999999999997,178.17999999999998,193.60999999999996,9,26.7,35.9,38.0,13.3,4.16,2.92,4.63,1.48,7302,0.7218,12,20,27,38,45,48,51,55
Feriali,Centro,6,-13800007335853,Corso di Francia,2,50,30.86,162.74999999999997,178.17999999999998,193.60999999999996,10,32.5,39.2,40.0,12.3,3.42,2.78,3.02,1.22,5805,0.5738,17,27,33,40,47,50,53,58
Feriali,Centro,6,-13800007335853,Corso di Francia,2,50,30.86,162.74999999999997,178.17999999999998,193.60999999999996,11,31.7,39.1,40.0,12.6,3.5,2.78,4.08,1.25,5230,0.517,16,27,32,40,46,51,54,60
Feriali,Centro,6,-13800007335853,Corso di Francia,2,50,30.86,162.74999999999997,178.17999999999998,193.60999999999996,12,31.9,39.6,40.0,12.9,3.48,2.78,3.58,1.24,4887,0.4831,16,27,33,40,47,51,55,60
Feriali,Centro,6,-13800007335853,Corso di Francia,2,50,30.86,162.74999999999997,178.17999999999998,193.60999999999996,13,31.9,39.5,40.0,13.2,3.48,2.78,3.25,1.24,5137,0.5078,16,26,32,40,47,52,55,61
Feriali,Centro,6,-13800007335853,Corso di Francia,2,50,30.86,162.74999999999997,178.17999999999998,193.60999999999996,14,32.8,39.6,40.0,12.9,3.39,2.78,2.84,1.21,5161,0.5102,16,27,32,40,47,52,55,61
Feriali,Centro,6,-13800007335853,Corso di Francia,2,50,30.86,162.74999999999997,178.17999999999998,193.60999999999996,15,30.2,36.7,37.0,12.8,3.68,3.0,2.71,1.31,5959,0.5891,14,23,29,37,44,49,52,58
Feriali,Centro,6,-13800007335853,Corso di Francia,2,50,30.86,162.74999999999997,178.17999999999998,193.60999999999996,16,32.5,40.3,42.0,13.1,3.42,2.65,3.29,1.22,5763,0.5697,15,26,34,42,49,52,55,59
Feriali,Centro,6,-13800007335853,Corso di Francia,2,50,30.86,162.74999999999997,178.17999999999998,193.60999999999996,17,30.3,39.3,41.0,12.7,3.66,2.71,12.48,1.3,5950,0.5882,15,25,33,41,47,51,53,57
Feriali,Centro,6,-13800007335853,Corso di Francia,2,50,30.86,162.74999999999997,178.17999999999998,193.60999999999996,18,31.8,40.0,42.0,12.5,3.5,2.65,4.02,1.25,5674,0.5609,15,27,34,42,48,51,54,57
Feriali,Centro,6,-13800007335853,Corso di Francia,2,50,30.86,162.74999999999997,178.17999999999998,193.60999999999996,19,33.5,41.0,43.0,12.8,3.31,2.58,2.97,1.18,5416,0.5354,16,28,35,43,49,52,55,59
Feriali,Centro,6,-13800007335853,Corso di Francia,2,50,30.86,162.74999999999997,178.17999999999998,193.60999999999996,20,34.8,43.6,45.0,13.9,3.19,2.47,3.39,1.14,4825,0.477,16,30,37,45,52,56,59,64
Feriali,Centro,6,-13800007335853,Corso di Francia,2,50,30.86,162.74999999999997,178.17999999999998,193.60999999999996,21,37.4,48.1,49.0,15.7,2.97,2.27,3.54,1.06,2606,0.2576,19,32,39,49,58,63,66,72
Feriali,Centro,6,-13800007335853,Corso di Francia,2,50,30.86,162.74999999999997,178.17999999999998,193.60999999999996,22,35.9,48.4,50.0,16.4,3.09,2.22,3.87,1.1,2227,0.2201,15,32,40,50,59,63,67,72
Feriali,Centro,6,-13800007335853,Corso di Francia,2,50,30.86,162.74999999999997,178.17999999999998,193.60999999999996,23,40.3,49.7,50.0,15.9,2.76,2.22,2.4,0.98,1941,0.1919,20,34,41,50,60,65,68,73
Feriali,Centro,7,-13800006578243,Corso di Francia,2,50,97.8,193.60999999999996,242.50999999999996,291.40999999999997,0,25.5,45.6,52.0,23.4,13.81,6.77,14.54,1.0,818,0.0809,8,11,24,52,63,68,71,79
Feriali,Centro,7,-13800006578243,Corso di Francia,2,50,97.8,193.60999999999996,242.50999999999996,291.40999999999997,1,24.0,45.0,50.0,24.5,14.68,7.04,15.94,1.06,517,0.0511,7,10,21,50,63,69,76,83
Feriali,Centro,7,-13800006578243,Corso di Francia,2,50,97.8,193.60999999999996,242.50999999999996,291.40999999999997,2,25.5,46.4,52.0,23.0,13.82,6.77,19.67,1.0,225,0.0222,9,12,30,52,64,69,72,74
Feriali,Centro,7,-13800006578243,Corso di Francia,2,50,97.8,193.60999999999996,242.50999999999996,291.40999999999997,3,28.1,50.1,58.0,25.1,12.51,6.07,12.54,0.91,139,0.0137,9,10,29,58,69,74,77,82
Feriali,Centro,7,-13800006578243,Corso di Francia,2,50,97.8,193.60999999999996,242.50999999999996,291.40999999999997,4,33.1,52.5,58.0,22.7,10.63,6.07,10.77,0.77,220,0.0217,9,19,39,58,69,74,76,80
Feriali,Centro,7,-13800006578243,Corso di Francia,2,50,97.8,193.60999999999996,242.50999999999996,291.40999999999997,5,35.2,52.0,57.0,19.7,9.99,6.18,10.7,0.72,910,0.09,10,28,44,57,66,69,72,77
Feriali,Centro,7,-13800006578243,Corso di Francia,2,50,97.8,193.60999999999996,242.50999999999996,291.40999999999997,6,35.5,47.1,49.0,15.8,9.92,7.19,9.51,0.72,2576,0.2546,11,31,41,49,57,61,64,69
Feriali,Centro,7,-13800006578243,Corso di Francia,2,50,97.8,193.60999999999996,242.50999999999996,291.40999999999997,7,23.3,34.1,37.0,15.5,15.13,9.52,13.39,1.1,7660,0.7572,8,14,21,37,45,49,52,57
Feriali,Centro,7,-13800006578243,Corso di Francia,2,50,97.8,193.60999999999996,242.50999999999996,291.40999999999997,8,18.3,28.0,29.0,14.1,19.29,12.14,16.75,1.4,8689,0.8589,6,11,16,29,39,43,46,49
Feriali,Centro,7,-13800006578243,Corso di Francia,2,50,97.8,193.60999999999996,242.50999999999996,291.40999999999997,9,22.3,33.0,36.0,14.9,15.82,9.78,14.5,1.14,7313,0.7229,8,14,21,36,44,47,50,54
Feriali,Centro,7,-13800006578243,Corso di Francia,2,50,97.8,193.60999999999996,242.50999999999996,291.40999999999997,10,27.3,36.7,39.0,14.3,12.91,9.03,11.17,0.93,5801,0.5734,9,20,28,39,46,50,53,58
Feriali,Centro,7,-13800006578243,Corso di Francia,2,50,97.8,193.60999999999996,242.50999999999996,291.40999999999997,11,26.5,36.0,37.0,14.3,13.29,9.52,11.64,0.96,5242,0.5182,9,20,28,37,44,49,53,59
Feriali,Centro,7,-13800006578243,Corso di Francia,2,50,97.8,193.60999999999996,242.50999999999996,291.40999999999997,12,26.8,36.8,38.0,14.8,13.16,9.27,11.55,0.95,4892,0.4836,9,20,29,38,46,50,54,60
Feriali,Centro,7,-13800006578243,Corso di Francia,2,50,97.8,193.60999999999996,242.50999999999996,291.40999999999997,13,26.6,36.7,38.0,15.0,13.23,9.27,11.8,0.96,5141,0.5082,9,19,28,38,46,51,55,61
Feriali,Centro,7,-13800006578243,Corso di Francia,2,50,97.8,193.60999999999996,242.50999999999996,291.40999999999997,14,25.9,36.1,37.0,15.2,13.59,9.52,12.11,0.98,5171,0.5112,8,19,27,37,45,50,55,61
Feriali,Centro,7,-13800006578243,Corso di Francia,2,50,97.8,193.60999999999996,242.50999999999996,291.40999999999997,15,24.2,33.1,34.0,14.4,14.57,10.36,11.5,1.05,5963,0.5895,9,16,24,34,42,47,51,58
Feriali,Centro,7,-13800006578243,Corso di Francia,2,50,97.8,193.60999999999996,242.50999999999996,291.40999999999997,16,26.3,37.3,41.0,15.7,13.41,8.59,11.95,0.97,5761,0.5695,9,17,25,41,48,52,55,59
Feriali,Centro,7,-13800006578243,Corso di Francia,2,50,97.8,193.60999999999996,242.50999999999996,291.40999999999997,17,25.1,36.1,40.0,15.3,14.02,8.8,13.22,1.01,5971,0.5903,8,16,24,40,47,51,53,57
Feriali,Centro,7,-13800006578243,Corso di Francia,2,50,97.8,193.60999999999996,242.50999999999996,291.40999999999997,18,25.6,36.8,41.0,15.3,13.75,8.59,13.27,1.0,5676,0.5611,8,17,25,41,48,51,53,57
Feriali,Centro,7,-13800006578243,Corso di Francia,2,50,97.8,193.60999999999996,242.50999999999996,291.40999999999997,19,27.0,37.8,41.0,15.5,13.06,8.59,11.14,0.95,5416,0.5354,9,17,27,41,48,52,55,59
Feriali,Centro,7,-13800006578243,Corso di Francia,2,50,97.8,193.60999999999996,242.50999999999996,291.40999999999997,20,27.5,39.8,43.0,17.3,12.82,8.19,11.24,0.93,4833,0.4778,9,17,27,43,52,56,59,64
Feriali,Centro,7,-13800006578243,Corso di Francia,2,50,97.8,193.60999999999996,242.50999999999996,291.40999999999997,21,26.2,43.1,47.0,21.1,13.46,7.49,13.47,0.97,2609,0.2579,9,13,26,47,58,64,67,73
Feriali,Centro,7,-13800006578243,Corso di Francia,2,50,97.8,193.60999999999996,242.50999999999996,291.40999999999997,22,26.1,43.8,49.0,21.3,13.5,7.19,13.92,0.98,2226,0.22,8,13,25,49,60,65,68,72
Feriali,Centro,7,-13800006578243,Corso di Francia,2,50,97.8,193.60999999999996,242.50999999999996,291.40999999999997,23,26.4,44.2,49.0,21.9,13.34,7.19,13.11,0.97,1942,0.192,9,12,26,49,60,66,70,75
Feriali,Centro,8,-13800007059757,Corso di Francia,2,50,11.8,291.40999999999997,297.30999999999995,303.21,0,37.4,50.0,53.0,19.9,1.14,0.8,1.09,1.0,827,0.0818,18,27,34,53,64,70,74,80
Feriali,Centro,8,-13800007059757,Corso di Francia,2,50,11.8,291.40999999999997,297.30999999999995,303.21,1,37.8,50.0,52.0,20.4,1.12,0.82,1.05,0.99,530,0.0524,19,26,33,52,63,71,77,84
Feriali,Centro,8,-13800007059757,Corso di Francia,2,50,11.8,291.40999999999997,297.30999999999995,303.21,2,37.6,50.8,54.0,20.2,1.13,0.79,1.12,1.0,229,0.0226,18,24,36,54,64,71,74,79
Feriali,Centro,8,-13800007059757,Corso di Francia,2,50,11.8,291.40999999999997,297.30999999999995,303.21,3,40.0,53.8,59.0,21.8,1.06,0.72,0.92,0.94,146,0.0144,19,27,34,59,70,75,78,87
Feriali,Centro,8,-13800007059757,Corso di Francia,2,50,11.8,291.40999999999997,297.30999999999995,303.21,4,37.4,55.0,61.0,21.1,1.14,0.7,1.42,1.0,221,0.0218,17,28,40,61,70,75,77,84
Feriali,Centro,8,-13800007059757,Corso di Francia,2,50,11.8,291.40999999999997,297.30999999999995,303.21,5,41.8,54.5,58.0,17.9,1.02,0.73,1.1,0.89,917,0.0906,19,33,46,58,67,71,74,79
Feriali,Centro,8,-13800007059757,Corso di Francia,2,50,11.8,291.40999999999997,297.30999999999995,303.21,6,41.4,48.9,50.0,14.2,1.03,0.85,0.82,0.9,2589,0.2559,22,35,42,50,58,62,66,70
Feriali,Centro,8,-13800007059757,Corso di Francia,2,50,11.8,291.40999999999997,297.30999999999995,303.21,7,28.6,36.4,38.0,13.6,1.48,1.12,1.35,1.31,7739,0.765,13,21,27,38,46,50,53,58
Feriali,Centro,8,-13800007059757,Corso di Francia,2,50,11.8,291.40999999999997,297.30999999999995,303.21,8,22.6,30.1,30.0,12.1,1.88,1.42,1.94,1.66,8837,0.8736,10,17,21,30,39,43,45,49
Feriali,Centro,8,-13800007059757,Corso di Francia,2,50,11.8,291.40999999999997,297.30999999999995,303.21,9,26.6,35.2,36.0,12.7,1.6,1.18,2.31,1.4,7473,0.7387,13,21,26,36,44,48,50,55
Feriali,Centro,8,-13800007059757,Corso di Francia,2,50,11.8,291.40999999999997,297.30999999999995,303.21,10,33.0,39.1,40.0,12.1,1.29,1.06,1.1,1.13,5888,0.582,18,27,32,40,46,50,53,58
Feriali,Centro,8,-13800007059757,Corso di Francia,2,50,11.8,291.40999999999997,297.30999999999995,303.21,11,32.8,38.7,39.0,12.2,1.29,1.09,1.1,1.14,5338,0.5277,18,27,32,39,45,50,53,60
Feriali,Centro,8,-13800007059757,Corso di Francia,2,50,11.8,291.40999999999997,297.30999999999995,303.21,12,32.4,39.5,40.0,12.8,1.31,1.06,1.32,1.15,4988,0.4931,18,27,32,40,47,51,55,61
Feriali,Centro,8,-13800007059757,Corso di Francia,2,50,11.8,291.40999999999997,297.30999999999995,303.21,13,32.5,39.5,40.0,13.1,1.31,1.06,1.22,1.15,5207,0.5147,18,26,32,40,47,52,56,61
Feriali,Centro,8,-13800007059757,Corso di Francia,2,50,11.8,291.40999999999997,297.30999999999995,303.21,14,31.5,39.1,39.0,13.1,1.35,1.09,1.71,1.19,5273,0.5213,18,27,32,39,46,51,56,62
Feriali,Centro,8,-13800007059757,Corso di Francia,2,50,11.8,291.40999999999997,297.30999999999995,303.21,15,30.8,37.0,37.0,12.0,1.38,1.15,1.61,1.21,6049,0.598,17,25,30,37,43,48,52,59
Feriali,Centro,8,-13800007059757,Corso di Francia,2,50,11.8,291.40999999999997,297.30999999999995,303.21,16,32.3,40.0,42.0,13.1,1.32,1.01,1.41,1.16,5881,0.5814,17,26,31,42,49,53,55,60
Feriali,Centro,8,-13800007059757,Corso di Francia,2,50,11.8,291.40999999999997,297.30999999999995,303.21,17,31.5,38.8,40.0,12.7,1.35,1.06,1.31,1.19,6064,0.5994,16,25,31,40,47,51,54,58
Feriali,Centro,8,-13800007059757,Corso di Francia,2,50,11.8,291.40999999999997,297.30999999999995,303.21,18,31.9,39.6,41.0,12.6,1.33,1.04,3.0,1.17,5759,0.5693,17,26,32,41,48,51,54,58
Feriali,Centro,8,-13800007059757,Corso di Francia,2,50,11.8,291.40999999999997,297.30999999999995,303.21,19,33.4,40.7,42.0,12.5,1.27,1.01,1.94,1.12,5483,0.542,19,28,33,42,49,53,55,59
Feriali,Centro,8,-13800007059757,Corso di Francia,2,50,11.8,291.40999999999997,297.30999999999995,303.21,20,33.7,42.7,44.0,14.4,1.26,0.97,1.58,1.11,4931,0.4874,19,27,33,44,52,56,60,65
Feriali,Centro,8,-13800007059757,Corso di Francia,2,50,11.8,291.40999999999997,297.30999999999995,303.21,21,35.8,46.8,48.0,17.5,1.19,0.88,1.46,1.04,2653,0.2623,20,27,33,48,59,65,69,75
Feriali,Centro,8,-13800007059757,Corso di Francia,2,50,11.8,291.40999999999997,297.30999999999995,303.21,22,34.3,47.4,50.0,18.0,1.24,0.85,1.7,1.09,2257,0.2231,17,26,34,50,61,66,69,74
Feriali,Centro,8,-13800007059757,Corso di Francia,2,50,11.8,291.40999999999997,297.30999999999995,303.21,23,37.2,48.4,50.0,17.7,1.14,0.85,1.43,1.0,1960,0.1938,20,28,35,50,61,66,71,75
Feriali,Centro,9,13800007335854,Corso di Francia,2,50,17.37,303.21,311.895,320.58,0,42.0,51.8,54.0,18.5,1.49,1.16,1.15,1.0,837,0.0827,22,31,37,54,65,70,74,81
Feriali,Centro,9,13800007335854,Corso di Francia,2,50,17.37,303.21,311.895,320.58,1,43.5,52.1,52.0,18.5,1.44,1.2,0.94,0.96,535,0.0529,25,31,38,52,64,71,77,84
Feriali,Centro,9,13800007335854,Corso di Francia,2,50,17.37,303.21,311.895,320.58,2,43.5,53.1,55.0,18.3,1.44,1.14,1.11,0.97,233,0.023,24,33,40,55,65,72,75,80
Feriali,Centro,9,13800007335854,Corso di Francia,2,50,17.37,303.21,311.895,320.58,3,44.5,55.3,59.0,20.2,1.41,1.06,1.03,0.94,146,0.0144,25,31,40,59,69,75,78,89
Feriali,Centro,9,13800007335854,Corso di Francia,2,50,17.37,303.21,311.895,320.58,4,47.5,57.0,61.0,19.0,1.32,1.03,0.83,0.88,221,0.0218,25,34,42,61,71,76,78,85
Feriali,Centro,9,13800007335854,Corso di Francia,2,50,17.37,303.21,311.895,320.58,5,46.5,55.4,58.0,16.9,1.35,1.08,0.95,0.9,919,0.0908,22,35,46,58,67,72,74,79
Feriali,Centro,9,13800007335854,Corso di Francia,2,50,17.37,303.21,311.895,320.58,6,43.2,49.4,50.0,13.8,1.45,1.25,0.87,0.97,2605,0.2575,24,35,42,50,58,63,66,70
Feriali,Centro,9,13800007335854,Corso di Francia,2,50,17.37,303.21,311.895,320.58,7,28.5,36.6,38.0,13.8,2.2,1.65,1.94,1.48,7983,0.7891,13,21,27,38,46,50,53,58
Feriali,Centro,9,13800007335854,Corso di Francia,2,50,17.37,303.21,311.895,320.58,8,22.3,30.1,31.0,12.3,2.81,2.02,2.75,1.89,9120,0.9015,10,16,21,31,39,43,45,49
Feriali,Centro,9,13800007335854,Corso di Francia,2,50,17.37,303.21,311.895,320.58,9,26.9,35.2,37.0,12.9,2.33,1.69,2.51,1.56,7704,0.7616,12,20,26,37,44,48,50,55
Feriali,Centro,9,13800007335854,Corso di Francia,2,50,17.37,303.21,311.895,320.58,10,33.2,39.4,40.0,12.1,1.88,1.56,1.58,1.27,6066,0.5996,18,28,33,40,46,50,53,58
Feriali,Centro,9,13800007335854,Corso di Francia,2,50,17.37,303.21,311.895,320.58,11,33.3,39.1,39.0,12.1,1.88,1.6,1.41,1.26,5485,0.5422,18,28,33,39,45,50,53,60
Feriali,Centro,9,13800007335854,Corso di Francia,2,50,17.37,303.21,311.895,320.58,12,32.7,40.2,40.0,12.7,1.91,1.56,2.5,1.29,5121,0.5062,18,29,33,40,47,52,55,61
Feriali,Centro,9,13800007335854,Corso di Francia,2,50,17.37,303.21,311.895,320.58,13,33.5,40.0,40.0,12.8,1.87,1.56,1.59,1.25,5341,0.528,18,28,33,40,47,52,56,62
Feriali,Centro,9,13800007335854,Corso di Francia,2,50,17.37,303.21,311.895,320.58,14,33.7,39.9,40.0,12.8,1.85,1.56,1.35,1.25,5436,0.5374,18,28,33,40,46,52,56,62
Feriali,Centro,9,13800007335854,Corso di Francia,2,50,17.37,303.21,311.895,320.58,15,31.9,37.7,37.0,12.1,1.96,1.69,1.55,1.32,6196,0.6125,17,27,31,37,44,49,52,59
Feriali,Centro,9,13800007335854,Corso di Francia,2,50,17.37,303.21,311.895,320.58,16,33.5,40.5,42.0,12.9,1.87,1.49,1.61,1.25,6009,0.594,17,27,33,42,49,53,55,60
Feriali,Centro,9,13800007335854,Corso di Francia,2,50,17.37,303.21,311.895,320.58,17,32.5,39.1,40.0,12.5,1.92,1.56,1.64,1.29,6196,0.6125,16,26,32,40,47,51,54,58
Feriali,Centro,9,13800007335854,Corso di Francia,2,50,17.37,303.21,311.895,320.58,18,32.9,39.9,41.0,12.4,1.9,1.53,1.86,1.28,5879,0.5812,17,27,33,41,48,51,54,58
Feriali,Centro,9,13800007335854,Corso di Francia,2,50,17.37,303.21,311.895,320.58,19,34.4,41.1,42.0,12.3,1.82,1.49,2.01,1.22,5622,0.5558,18,29,34,42,49,53,55,60
Feriali,Centro,9,13800007335854,Corso di Francia,2,50,17.37,303.21,311.895,320.58,20,35.2,43.1,44.0,14.1,1.78,1.42,1.65,1.19,5074,0.5016,19,29,35,44,52,56,60,64
Feriali,Centro,9,13800007335854,Corso di Francia,2,50,17.37,303.21,311.895,320.58,21,38.7,47.7,48.0,16.6,1.62,1.3,1.49,1.09,2700,0.2669,21,30,36,48,59,64,69,75
Feriali,Centro,9,13800007335854,Corso di Francia,2,50,17.37,303.21,311.895,320.58,22,39.0,48.6,50.0,16.8,1.6,1.25,1.39,1.08,2299,0.2273,20,31,36,50,61,66,69,74
Feriali,Centro,9,13800007335854,Corso di Francia,2,50,17.37,303.21,311.895,320.58,23,40.4,49.3,50.0,16.7,1.55,1.25,1.67,1.04,2019,0.1996,22,32,37,50,61,66,70,76
Feriali,Centro,10,13800006712219,Corso di Francia,2,50,19.26,320.58,330.21,339.84,0,38.0,50.7,51.0,18.8,1.82,1.36,3.93,1.0,931,0.092,19,30,37,51,64,70,74,81
Feriali,Centro,10,13800006712219,Corso di Francia,2,50,19.26,320.58,330.21,339.84,1,42.6,51.3,51.0,18.4,1.63,1.36,1.09,0.89,588,0.0581,22,32,38,51,63,70,76,83
Feriali,Centro,10,13800006712219,Corso di Francia,2,50,19.26,320.58,330.21,339.84,2,43.2,52.1,53.0,18.2,1.6,1.31,1.11,0.88,258,0.0255,23,32,39,53,64,71,75,80
Feriali,Centro,10,13800006712219,Corso di Francia,2,50,19.26,320.58,330.21,339.84,3,44.5,53.9,56.0,20.3,1.56,1.24,0.88,0.85,169,0.0167,24,31,36,56,69,74,78,87
Feriali,Centro,10,13800006712219,Corso di Francia,2,50,19.26,320.58,330.21,339.84,4,40.7,54.4,57.0,20.5,1.7,1.22,1.6,0.93,251,0.0248,20,30,38,57,70,75,78,84
Feriali,Centro,10,13800006712219,Corso di Francia,2,50,19.26,320.58,330.21,339.84,5,47.5,55.6,58.0,16.6,1.46,1.2,0.88,0.8,943,0.0932,23,36,46,58,67,72,74,79
Feriali,Centro,10,13800006712219,Corso di Francia,2,50,19.26,320.58,330.21,339.84,6,42.9,49.8,51.0,13.8,1.62,1.36,1.8,0.89,2640,0.261,24,37,42,51,58,63,66,70
Feriali,Centro,10,13800006712219,Corso di Francia,2,50,19.26,320.58,330.21,339.84,7,28.9,36.8,38.0,13.9,2.4,1.82,1.78,1.32,8121,0.8028,13,20,27,38,46,50,53,58
Feriali,Centro,10,13800006712219,Corso di Francia,2,50,19.26,320.58,330.21,339.84,8,22.3,29.8,30.0,12.4,3.11,2.31,2.97,1.71,9437,0.9329,10,16,20,30,39,43,45,49
Feriali,Centro,10,13800006712219,Corso di Francia,2,50,19.26,320.58,330.21,339.84,9,27.4,35.1,37.0,13.0,2.53,1.87,2.1,1.39,8014,0.7922,12,20,26,37,44,48,50,54
Feriali,Centro,10,13800006712219,Corso di Francia,2,50,19.26,320.58,330.21,339.84,10,33.6,39.6,40.0,12.1,2.06,1.73,1.57,1.13,6294,0.6222,18,27,33,40,47,50,53,58
Feriali,Centro,10,13800006712219,Corso di Francia,2,50,19.26,320.58,330.21,339.84,11,33.1,39.3,39.0,12.2,2.09,1.78,1.67,1.15,5751,0.5685,18,28,33,39,46,50,53,60
Feriali,Centro,10,13800006712219,Corso di Francia,2,50,19.26,320.58,330.21,339.84,12,33.6,40.5,41.0,12.7,2.06,1.69,1.98,1.13,5380,0.5318,18,28,34,41,47,52,56,62
Feriali,Centro,10,13800006712219,Corso di Francia,2,50,19.26,320.58,330.21,339.84,13,33.6,40.3,41.0,13.0,2.06,1.69,1.73,1.13,5613,0.5549,18,27,34,41,47,52,56,62
Feriali,Centro,10,13800006712219,Corso di Francia,2,50,19.26,320.58,330.21,339.84,14,33.6,40.1,40.0,12.9,2.06,1.73,1.62,1.13,5795,0.5729,18,28,33,40,47,52,56,62
Feriali,Centro,10,13800006712219,Corso di Francia,2,50,19.26,320.58,330.21,339.84,15,31.7,37.9,38.0,12.3,2.19,1.82,1.89,1.2,6629,0.6553,17,26,31,38,44,49,52,59
Feriali,Centro,10,13800006712219,Corso di Francia,2,50,19.26,320.58,330.21,339.84,16,32.5,39.9,41.0,13.0,2.13,1.69,1.95,1.17,6521,0.6446,16,26,32,41,49,52,55,59
Feriali,Centro,10,13800006712219,Corso di Francia,2,50,19.26,320.58,330.21,339.84,17,31.4,38.5,40.0,12.7,2.21,1.73,1.95,1.21,6709,0.6632,16,25,31,40,47,51,53,57
Feriali,Centro,10,13800006712219,Corso di Francia,2,50,19.26,320.58,330.21,339.84,18,32.6,39.7,41.0,12.6,2.13,1.69,1.92,1.17,6288,0.6216,17,26,32,41,48,51,54,58
Feriali,Centro,10,13800006712219,Corso di Francia,2,50,19.26,320.58,330.21,339.84,19,34.2,40.9,42.0,12.5,2.02,1.65,1.6,1.11,6002,0.5933,18,28,34,42,49,52,55,59
Feriali,Centro,10,13800006712219,Corso di Francia,2,50,19.26,320.58,330.21,339.84,20,34.6,42.9,44.0,14.2,2.0,1.58,2.48,1.1,5398,0.5336,18,28,35,44,52,56,59,64
Feriali,Centro,10,13800006712219,Corso di Francia,2,50,19.26,320.58,330.21,339.84,21,38.1,47.3,47.0,16.6,1.82,1.48,1.96,1.0,2932,0.2898,20,30,36,47,58,64,68,74
Feriali,Centro,10,13800006712219,Corso di Francia,2,50,19.26,320.58,330.21,339.84,22,37.9,47.8,49.0,17.0,1.83,1.42,1.84,1.0,2532,0.2503,19,29,36,49,60,65,69,74
Feriali,Centro,10,13800006712219,Corso di Francia,2,50,19.26,320.58,330.21,339.84,23,38.0,48.0,48.0,17.2,1.83,1.44,2.21,1.0,2311,0.2284,20,29,36,48,60,66,70,76
Feriali,Centro,11,13800006712221,Corso di Francia,2,50,123.39,339.84,401.53499999999997,463.22999999999996,0,39.0,52.1,55.0,20.1,11.39,8.08,8.97,1.0,934,0.0923,13,29,41,55,66,71,75,82
Feriali,Centro,11,13800006712221,Corso di Francia,2,50,123.39,339.84,401.53499999999997,463.22999999999996,1,40.7,52.8,54.0,19.5,10.92,8.23,8.59,0.96,586,0.0579,13,33,43,54,65,71,77,85
Feriali,Centro,11,13800006712221,Corso di Francia,2,50,123.39,339.84,401.53499999999997,463.22999999999996,2,37.9,52.2,55.0,20.5,11.72,8.08,10.32,1.03,261,0.0258,12,27,41,55,65,71,77,81
Feriali,Centro,11,13800006712221,Corso di Francia,2,50,123.39,339.84,401.53499999999997,463.22999999999996,3,38.9,54.8,57.0,22.4,11.41,7.79,9.73,1.0,171,0.0169,13,26,42,57,70,76,79,88
Feriali,Centro,11,13800006712221,Corso di Francia,2,50,123.39,339.84,401.53499999999997,463.22999999999996,4,41.4,55.9,61.0,20.9,10.72,7.28,8.9,0.94,251,0.0248,14,29,44,61,70,76,78,84
Feriali,Centro,11,13800006712221,Corso di Francia,2,50,123.39,339.84,401.53499999999997,463.22999999999996,5,46.0,56.0,59.0,17.1,9.65,7.53,7.08,0.85,947,0.0936,18,39,48,59,67,72,75,79
Feriali,Centro,11,13800006712221,Corso di Francia,2,50,123.39,339.84,401.53499999999997,463.22999999999996,6,41.2,49.9,52.0,14.9,10.77,8.54,8.93,0.95,2643,0.2613,18,37,44,52,59,64,67,71
Feriali,Centro,11,13800006712221,Corso di Francia,2,50,123.39,339.84,401.53499999999997,463.22999999999996,7,25.0,34.6,36.0,15.4,17.75,12.34,13.59,1.56,8129,0.8036,9,16,21,36,46,50,53,58
Feriali,Centro,11,13800006712221,Corso di Francia,2,50,123.39,339.84,401.53499999999997,463.22999999999996,8,19.1,26.0,25.0,12.7,23.26,17.77,15.13,2.04,9435,0.9327,8,12,15,25,36,40,43,47
Feriali,Centro,11,13800006712221,Corso di Francia,2,50,123.39,339.84,401.53499999999997,463.22999999999996,9,23.9,32.4,34.0,13.9,18.61,13.06,14.12,1.63,8034,0.7942,9,15,21,34,43,47,49,53
Feriali,Centro,11,13800006712221,Corso di Francia,2,50,123.39,339.84,401.53499999999997,463.22999999999996,10,32.0,38.8,40.0,12.7,13.9,11.11,10.26,1.22,6296,0.6224,15,25,32,40,46,50,53,58
Feriali,Centro,11,13800006712221,Corso di Francia,2,50,123.39,339.84,401.53499999999997,463.22999999999996,11,32.3,39.5,41.0,12.8,13.74,10.83,10.78,1.21,5756,0.569,15,26,34,41,47,51,54,59
Feriali,Centro,11,13800006712221,Corso di Francia,2,50,123.39,339.84,401.53499999999997,463.22999999999996,12,32.6,40.5,42.0,13.4,13.63,10.58,11.5,1.2,5386,0.5324,14,27,34,42,48,52,55,61
Feriali,Centro,11,13800006712221,Corso di Francia,2,50,123.39,339.84,401.53499999999997,463.22999999999996,13,32.0,40.0,41.0,13.6,13.86,10.83,11.38,1.22,5623,0.5559,14,25,34,41,48,52,55,61
Feriali,Centro,11,13800006712221,Corso di Francia,2,50,123.39,339.84,401.53499999999997,463.22999999999996,14,31.4,39.7,41.0,13.8,14.15,10.83,12.45,1.24,5809,0.5742,13,24,33,41,48,52,55,61
Feriali,Centro,11,13800006712221,Corso di Francia,2,50,123.39,339.84,401.53499999999997,463.22999999999996,15,30.7,37.6,39.0,13.0,14.48,11.39,10.22,1.27,6634,0.6558,14,23,30,39,45,49,52,58
Feriali,Centro,11,13800006712221,Corso di Francia,2,50,123.39,339.84,401.53499999999997,463.22999999999996,16,26.3,36.3,39.0,14.9,16.91,11.39,14.21,1.49,6528,0.6453,9,17,26,39,47,51,53,57
Feriali,Centro,11,13800006712221,Corso di Francia,2,50,123.39,339.84,401.53499999999997,463.22999999999996,17,24.9,34.7,38.0,14.7,17.85,11.69,14.77,1.57,6723,0.6646,9,16,23,38,45,49,52,56
Feriali,Centro,11,13800006712221,Corso di Francia,2,50,123.39,339.84,401.53499999999997,463.22999999999996,18,27.6,38.0,41.0,14.7,16.08,10.83,15.45,1.41,6294,0.6222,10,19,28,41,48,51,54,57
Feriali,Centro,11,13800006712221,Corso di Francia,2,50,123.39,339.84,401.53499999999997,463.22999999999996,19,30.9,40.1,43.0,14.1,14.37,10.33,12.24,1.26,6011,0.5942,12,23,33,43,49,53,55,59
Feriali,Centro,11,13800006712221,Corso di Francia,2,50,123.39,339.84,401.53499999999997,463.22999999999996,20,32.9,42.6,45.0,15.3,13.5,9.87,11.64,1.19,5398,0.5336,13,24,35,45,52,56,59,64
Feriali,Centro,11,13800006712221,Corso di Francia,2,50,123.39,339.84,401.53499999999997,463.22999999999996,21,37.4,48.1,50.0,17.5,11.87,8.88,9.84,1.04,2942,0.2908,14,28,39,50,60,65,68,74
Feriali,Centro,11,13800006712221,Corso di Francia,2,50,123.39,339.84,401.53499999999997,463.22999999999996,22,36.0,48.3,51.0,18.3,12.35,8.71,11.14,1.08,2533,0.2504,13,25,39,51,61,66,69,75
Feriali,Centro,11,13800006712221,Corso di Francia,2,50,123.39,339.84,401.53499999999997,463.22999999999996,23,36.5,48.4,51.0,18.8,12.17,8.71,9.19,1.07,2314,0.2287,13,25,39,51,61,66,70,76
Feriali,Centro,12,13800007069956,Corso di Francia,2,50,13.16,463.22999999999996,469.80999999999995,476.39,0,31.7,53.6,57.0,20.6,1.49,0.83,3.88,1.0,955,0.0944,14,28,42,57,67,73,77,83
Feriali,Centro,12,13800007069956,Corso di Francia,2,50,13.16,463.22999999999996,469.80999999999995,476.39,1,32.1,54.2,56.0,20.2,1.48,0.85,4.39,0.99,590,0.0583,16,32,43,56,67,72,79,86
Feriali,Centro,12,13800007069956,Corso di Francia,2,50,13.16,463.22999999999996,469.80999999999995,476.39,2,26.2,53.9,57.0,21.4,1.81,0.83,6.57,1.21,266,0.0263,11,29,43,57,67,74,79,83
Feriali,Centro,12,13800007069956,Corso di Francia,2,50,13.16,463.22999999999996,469.80999999999995,476.39,3,30.4,56.4,60.0,22.5,1.56,0.79,5.02,1.04,173,0.0171,13,31,45,60,70,78,81,92
Feriali,Centro,12,13800007069956,Corso di Francia,2,50,13.16,463.22999999999996,469.80999999999995,476.39,4,33.1,56.3,61.0,22.1,1.43,0.78,3.22,0.96,258,0.0255,13,28,44,61,72,77,81,85
Feriali,Centro,12,13800007069956,Corso di Francia,2,50,13.16,463.22999999999996,469.80999999999995,476.39,5,42.8,57.2,59.0,16.9,1.11,0.8,2.02,0.74,954,0.0943,22,41,50,59,68,73,76,80
Feriali,Centro,12,13800007069956,Corso di Francia,2,50,13.16,463.22999999999996,469.80999999999995,476.39,6,38.5,51.4,53.0,15.1,1.23,0.89,2.77,0.82,2659,0.2629,21,38,44,53,61,65,69,74
Feriali,Centro,12,13800007069956,Corso di Francia,2,50,13.16,463.22999999999996,469.80999999999995,476.39,7,25.1,35.9,36.0,14.8,1.89,1.32,3.37,1.26,8220,0.8126,12,19,25,36,47,51,54,59
Feriali,Centro,12,13800007069956,Corso di Francia,2,50,13.16,463.22999999999996,469.80999999999995,476.39,8,19.5,27.8,27.0,11.5,2.43,1.75,4.15,1.63,9672,0.9561,10,16,20,27,35,40,42,47
Feriali,Centro,12,13800007069956,Corso di Francia,2,50,13.16,463.22999999999996,469.80999999999995,476.39,9,22.7,33.2,34.0,13.0,2.09,1.39,4.44,1.4,8238,0.8144,12,19,24,34,42,46,49,54
Feriali,Centro,12,13800007069956,Corso di Francia,2,50,13.16,463.22999999999996,469.80999999999995,476.39,10,27.8,39.1,40.0,13.0,1.71,1.18,4.09,1.14,6433,0.6359,16,25,32,40,47,51,54,59
Feriali,Centro,12,13800007069956,Corso di Francia,2,50,13.16,463.22999999999996,469.80999999999995,476.39,11,29.2,40.3,41.0,13.0,1.62,1.16,3.88,1.09,5848,0.5781,17,28,34,41,48,52,55,61
Feriali,Centro,12,13800007069956,Corso di Francia,2,50,13.16,463.22999999999996,469.80999999999995,476.39,12,28.9,41.2,42.0,13.5,1.64,1.13,4.2,1.1,5506,0.5443,16,28,34,42,49,54,57,62
Feriali,Centro,12,13800007069956,Corso di Francia,2,50,13.16,463.22999999999996,469.80999999999995,476.39,13,29.0,40.5,41.0,13.9,1.63,1.16,3.41,1.09,5723,0.5657,16,26,33,41,49,54,57,63
Feriali,Centro,12,13800007069956,Corso di Francia,2,50,13.16,463.22999999999996,469.80999999999995,476.39,14,27.2,40.4,42.0,13.8,1.74,1.13,4.61,1.16,5911,0.5843,15,26,33,42,49,53,56,62
Feriali,Centro,12,13800007069956,Corso di Francia,2,50,13.16,463.22999999999996,469.80999999999995,476.39,15,28.0,38.9,40.0,12.9,1.69,1.18,4.11,1.13,6779,0.6701,16,26,32,40,46,51,54,60
Feriali,Centro,12,13800007069956,Corso di Francia,2,50,13.16,463.22999999999996,469.80999999999995,476.39,16,25.5,36.4,37.0,13.3,1.86,1.28,3.79,1.24,6678,0.6601,13,22,27,37,46,50,53,57
Feriali,Centro,12,13800007069956,Corso di Francia,2,50,13.16,463.22999999999996,469.80999999999995,476.39,17,25.0,34.9,35.0,12.9,1.9,1.35,4.88,1.27,6863,0.6784,13,21,26,35,44,48,51,55
Feriali,Centro,12,13800007069956,Corso di Francia,2,50,13.16,463.22999999999996,469.80999999999995,476.39,18,25.9,39.0,41.0,13.7,1.83,1.16,4.44,1.22,6408,0.6335,14,23,30,41,48,52,54,58
Feriali,Centro,12,13800007069956,Corso di Francia,2,50,13.16,463.22999999999996,469.80999999999995,476.39,19,27.9,40.8,43.0,13.8,1.7,1.1,4.06,1.14,6127,0.6057,15,25,33,43,50,54,56,60
Feriali,Centro,12,13800007069956,Corso di Francia,2,50,13.16,463.22999999999996,469.80999999999995,476.39,20,28.1,43.3,45.0,15.3,1.69,1.05,4.56,1.13,5497,0.5434,15,26,35,45,53,57,61,66
Feriali,Centro,12,13800007069956,Corso di Francia,2,50,13.16,463.22999999999996,469.80999999999995,476.39,21,32.1,49.7,52.0,17.7,1.48,0.91,3.21,0.99,2986,0.2952,15,30,41,52,61,66,69,75
Feriali,Centro,12,13800007069956,Corso di Francia,2,50,13.16,463.22999999999996,469.80999999999995,476.39,22,30.0,49.7,53.0,18.8,1.58,0.89,3.87,1.06,2572,0.2543,14,27,40,53,62,67,71,76
Feriali,Centro,12,13800007069956,Corso di Francia,2,50,13.16,463.22999999999996,469.80999999999995,476.39,23,28.9,50.0,53.0,19.1,1.64,0.89,4.53,1.1,2349,0.2322,14,27,40,53,62,67,71,78
Feriali,Centro,13,13800007335855,Corso di Francia,2,50,7.31,476.39,480.04499999999996,483.7,0,31.9,54.8,57.0,19.2,0.82,0.46,3.64,1.0,952,0.0941,21,33,43,57,68,73,77,83
Feriali,Centro,13,13800007335855,Corso di Francia,2,50,7.31,476.39,480.04499999999996,483.7,1,46.6,55.5,57.0,18.6,0.56,0.46,0.34,0.68,588,0.0581,21,36,44,57,68,73,79,86
Feriali,Centro,13,13800007335855,Corso di Francia,2,50,7.31,476.39,480.04499999999996,483.7,2,29.5,55.3,57.0,19.6,0.89,0.46,3.78,1.08,265,0.0262,22,34,43,57,67,74,79,84
Feriali,Centro,13,13800007335855,Corso di Francia,2,50,7.31,476.39,480.04499999999996,483.7,3,49.3,57.8,60.0,19.9,0.53,0.44,0.26,0.65,173,0.0171,23,34,44,60,70,78,81,92
Feriali,Centro,13,13800007335855,Corso di Francia,2,50,7.31,476.39,480.04499999999996,483.7,4,29.8,57.2,61.0,20.9,0.88,0.43,2.89,1.07,258,0.0255,19,30,44,61,72,77,80,85
Feriali,Centro,13,13800007335855,Corso di Francia,2,50,7.31,476.39,480.04499999999996,483.7,5,49.4,57.8,60.0,16.0,0.53,0.44,0.54,0.65,955,0.0944,26,41,50,60,68,73,76,81
Feriali,Centro,13,13800007335855,Corso di Francia,2,50,7.31,476.39,480.04499999999996,483.7,6,41.6,51.9,53.0,14.5,0.63,0.5,1.84,0.77,2660,0.2629,24,38,44,53,61,66,69,74
Feriali,Centro,13,13800007335855,Corso di Francia,2,50,7.31,476.39,480.04499999999996,483.7,7,26.6,36.5,36.0,14.2,0.99,0.73,2.39,1.2,8216,0.8122,14,21,26,36,47,51,54,59
Feriali,Centro,13,13800007335855,Corso di Francia,2,50,7.31,476.39,480.04499999999996,483.7,8,21.0,28.3,28.0,11.1,1.25,0.94,1.84,1.52,9690,0.9579,10,17,21,28,35,40,42,47
Feriali,Centro,13,13800007335855,Corso di Francia,2,50,7.31,476.39,480.04499999999996,483.7,9,25.2,33.7,34.0,12.6,1.04,0.77,2.27,1.27,8224,0.813,13,20,25,34,43,46,49,54
Feriali,Centro,13,13800007335855,Corso di Francia,2,50,7.31,476.39,480.04499999999996,483.7,10,30.5,39.5,40.0,12.5,0.86,0.66,2.12,1.05,6428,0.6354,18,27,33,40,47,51,54,59
Feriali,Centro,13,13800007335855,Corso di Francia,2,50,7.31,476.39,480.04499999999996,483.7,11,32.3,40.9,41.0,12.5,0.81,0.64,1.93,0.99,5837,0.577,20,29,34,41,48,52,55,61
Feriali,Centro,13,13800007335855,Corso di Francia,2,50,7.31,476.39,480.04499999999996,483.7,12,29.9,41.8,42.0,12.8,0.88,0.63,3.32,1.07,5508,0.5445,19,29,35,42,49,54,57,62
Feriali,Centro,13,13800007335855,Corso di Francia,2,50,7.31,476.39,480.04499999999996,483.7,13,30.6,40.9,41.0,13.4,0.86,0.64,2.29,1.04,5726,0.566,18,27,33,41,49,54,57,63
Feriali,Centro,13,13800007335855,Corso di Francia,2,50,7.31,476.39,480.04499999999996,483.7,14,29.5,41.2,42.0,13.1,0.89,0.63,2.74,1.08,5894,0.5826,18,28,34,42,49,54,57,62
Feriali,Centro,13,13800007335855,Corso di Francia,2,50,7.31,476.39,480.04499999999996,483.7,15,30.4,39.5,40.0,12.3,0.87,0.66,2.25,1.05,6779,0.6701,19,27,32,40,46,51,54,60
Feriali,Centro,13,13800007335855,Corso di Francia,2,50,7.31,476.39,480.04499999999996,483.7,16,26.9,36.8,37.0,12.6,0.98,0.71,2.51,1.19,6670,0.6594,15,23,28,37,45,49,52,56
Feriali,Centro,13,13800007335855,Corso di Francia,2,50,7.31,476.39,480.04499999999996,483.7,17,26.8,35.4,36.0,12.3,0.98,0.73,2.16,1.19,6846,0.6767,15,22,27,36,44,48,51,55
Feriali,Centro,13,13800007335855,Corso di Francia,2,50,7.31,476.39,480.04499999999996,483.7,18,29.2,39.5,41.0,12.8,0.9,0.64,2.41,1.09,6397,0.6324,17,26,31,41,48,52,54,58
Feriali,Centro,13,13800007335855,Corso di Francia,2,50,7.31,476.39,480.04499999999996,483.7,19,27.9,41.4,43.0,13.0,0.94,0.61,3.74,1.14,6122,0.6052,17,28,34,43,50,54,56,60
Feriali,Centro,13,13800007335855,Corso di Francia,2,50,7.31,476.39,480.04499999999996,483.7,20,30.1,43.9,45.0,14.5,0.88,0.58,3.04,1.06,5482,0.5419,19,28,35,45,53,58,61,66
Feriali,Centro,13,13800007335855,Corso di Francia,2,50,7.31,476.39,480.04499999999996,483.7,21,29.8,50.5,52.0,16.8,0.88,0.51,3.37,1.07,2988,0.2954,20,32,42,52,61,66,70,75
Feriali,Centro,13,13800007335855,Corso di Francia,2,50,7.31,476.39,480.04499999999996,483.7,22,31.9,50.8,53.0,17.5,0.82,0.5,3.04,1.0,2565,0.2536,19,31,41,53,62,67,71,76
Feriali,Centro,13,13800007335855,Corso di Francia,2,50,7.31,476.39,480.04499999999996,483.7,23,31.6,50.9,53.0,17.8,0.83,0.5,2.8,1.01,2351,0.2324,20,31,41,53,62,67,71,78
Feriali,Centro,14,13800006960095,Corso di Francia,2,50,38.42,483.7,502.90999999999997,522.12,0,46.1,55.1,56.0,17.8,3.0,2.47,2.54,1.0,991,0.098,26,35,43,56,67,73,76,83
Feriali,Centro,14,13800006960095,Corso di Francia,2,50,38.42,483.7,502.90999999999997,522.12,1,48.0,55.7,56.0,17.6,2.88,2.47,1.74,0.96,603,0.0596,27,37,44,56,67,73,78,85
Feriali,Centro,14,13800006960095,Corso di Francia,2,50,38.42,483.7,502.90999999999997,522.12,2,46.6,55.2,56.0,18.1,2.97,2.47,1.84,0.99,273,0.027,26,35,43,56,66,72,77,83
Feriali,Centro,14,13800006960095,Corso di Francia,2,50,38.42,483.7,502.90999999999997,522.12,3,52.6,58.7,60.0,18.1,2.63,2.31,1.0,0.88,175,0.0173,31,38,45,60,69,77,81,92
Feriali,Centro,14,13800006960095,Corso di Francia,2,50,38.42,483.7,502.90999999999997,522.12,4,45.2,58.0,61.0,19.2,3.06,2.27,3.24,1.02,261,0.0258,22,36,45,61,72,77,80,85
Feriali,Centro,14,13800006960095,Corso di Francia,2,50,38.42,483.7,502.90999999999997,522.12,5,51.1,57.4,59.0,15.5,2.7,2.34,1.28,0.9,971,0.096,27,41,49,59,68,73,75,80
Feriali,Centro,14,13800006960095,Corso di Francia,2,50,38.42,483.7,502.90999999999997,522.12,6,45.7,52.0,53.0,14.0,3.03,2.61,2.66,1.01,2707,0.2676,27,38,44,53,61,65,69,74
Feriali,Centro,14,13800006960095,Corso di Francia,2,50,38.42,483.7,502.90999999999997,522.12,7,29.2,36.6,36.0,13.9,4.74,3.84,3.95,1.58,8478,0.8381,14,22,27,36,47,51,54,59
Feriali,Centro,14,13800006960095,Corso di Francia,2,50,38.42,483.7,502.90999999999997,522.12,8,21.8,28.0,28.0,11.0,6.36,4.94,5.96,2.12,10039,0.9924,10,16,21,28,35,39,42,46
Feriali,Centro,14,13800006960095,Corso di Francia,2,50,38.42,483.7,502.90999999999997,522.12,9,26.4,33.4,34.0,12.4,5.23,4.07,4.5,1.74,8486,0.8389,12,20,25,34,42,46,49,53
Feriali,Centro,14,13800006960095,Corso di Francia,2,50,38.42,483.7,502.90999999999997,522.12,10,32.4,39.2,40.0,12.3,4.27,3.46,3.98,1.42,6699,0.6622,17,27,32,40,47,51,54,59
Feriali,Centro,14,13800006960095,Corso di Francia,2,50,38.42,483.7,502.90999999999997,522.12,11,34.5,40.7,41.0,12.2,4.01,3.37,3.39,1.34,6060,0.5991,20,29,34,41,48,52,55,60
Feriali,Centro,14,13800006960095,Corso di Francia,2,50,38.42,483.7,502.90999999999997,522.12,12,35.3,41.7,42.0,12.4,3.92,3.29,3.88,1.31,5731,0.5665,21,30,35,42,49,53,56,62
Feriali,Centro,14,13800006960095,Corso di Francia,2,50,38.42,483.7,502.90999999999997,522.12,13,33.2,40.7,41.0,13.2,4.17,3.37,4.08,1.39,5923,0.5855,18,27,33,41,49,53,56,62
Feriali,Centro,14,13800006960095,Corso di Francia,2,50,38.42,483.7,502.90999999999997,522.12,14,32.6,41.0,42.0,12.8,4.24,3.29,4.84,1.41,6124,0.6054,18,29,34,42,49,53,56,61
Feriali,Centro,14,13800006960095,Corso di Francia,2,50,38.42,483.7,502.90999999999997,522.12,15,33.5,39.8,40.0,11.9,4.12,3.46,3.86,1.37,7028,0.6947,19,28,33,40,47,51,54,59
Feriali,Centro,14,13800006960095,Corso di Francia,2,50,38.42,483.7,502.90999999999997,522.12,16,29.2,35.9,36.0,12.1,4.74,3.84,4.43,1.58,6934,0.6854,15,23,28,36,44,48,51,55
Feriali,Centro,14,13800006960095,Corso di Francia,2,50,38.42,483.7,502.90999999999997,522.12,17,27.7,34.4,34.0,11.9,5.0,4.07,4.82,1.67,7091,0.701,14,22,27,34,42,47,49,53
Feriali,Centro,14,13800006960095,Corso di Francia,2,50,38.42,483.7,502.90999999999997,522.12,18,31.9,38.8,40.0,12.2,4.34,3.46,4.22,1.45,6666,0.659,17,26,31,40,47,51,53,57
Feriali,Centro,14,13800006960095,Corso di Francia,2,50,38.42,483.7,502.90999999999997,522.12,19,33.0,40.9,42.0,12.5,4.2,3.29,4.89,1.4,6349,0.6276,18,28,33,42,49,53,56,59
Feriali,Centro,14,13800006960095,Corso di Francia,2,50,38.42,483.7,502.90999999999997,522.12,20,34.5,43.4,44.0,13.9,4.01,3.14,4.87,1.34,5717,0.5651,19,29,35,44,52,57,60,65
Feriali,Centro,14,13800006960095,Corso di Francia,2,50,38.42,483.7,502.90999999999997,522.12,21,40.0,50.1,51.0,16.1,3.45,2.71,3.84,1.15,3136,0.31,22,33,40,51,61,65,69,75
Feriali,Centro,14,13800006960095,Corso di Francia,2,50,38.42,483.7,502.90999999999997,522.12,22,40.8,50.7,52.0,16.6,3.39,2.66,3.4,1.13,2671,0.264,22,33,40,52,62,67,70,76
Feriali,Centro,14,13800006960095,Corso di Francia,2,50,38.42,483.7,502.90999999999997,522.12,23,41.5,51.2,52.0,16.6,3.33,2.66,3.45,1.11,2435,0.2407,23,34,40,52,62,67,71,78
Feriali,Centro,15,13800006456376,Corso di Francia,2,50,84.0,522.12,564.12,606.12,0,48.2,54.0,54.0,15.8,6.28,5.6,2.76,1.0,993,0.0982,28,37,43,54,65,70,74,80
Feriali,Centro,15,13800006456376,Corso di Francia,2,50,84.0,522.12,564.12,606.12,1,46.8,54.3,55.0,16.4,6.46,5.5,5.77,1.03,601,0.0594,30,37,43,55,64,71,75,82
Feriali,Centro,15,13800006456376,Corso di Francia,2,50,84.0,522.12,564.12,606.12,2,46.7,54.4,54.0,16.9,6.48,5.6,4.34,1.03,273,0.027,27,37,43,54,66,70,74,81
Feriali,Centro,15,13800006456376,Corso di Francia,2,50,84.0,522.12,564.12,606.12,3,53.6,57.9,57.0,15.8,5.64,5.31,1.63,0.9,175,0.0173,35,41,46,57,67,73,79,86
Feriali,Centro,15,13800006456376,Corso di Francia,2,50,84.0,522.12,564.12,606.12,4,50.3,57.1,59.0,17.4,6.01,5.13,2.72,0.96,260,0.0257,28,37,44,59,70,76,78,84
Feriali,Centro,15,13800006456376,Corso di Francia,2,50,84.0,522.12,564.12,606.12,5,47.6,54.5,56.0,15.7,6.36,5.4,3.75,1.01,971,0.096,26,38,44,56,65,71,74,78
Feriali,Centro,15,13800006456376,Corso di Francia,2,50,84.0,522.12,564.12,606.12,6,45.5,50.8,52.0,13.8,6.65,5.82,3.38,1.06,2698,0.2667,28,37,41,52,60,65,67,72
Feriali,Centro,15,13800006456376,Corso di Francia,2,50,84.0,522.12,564.12,606.12,7,25.3,34.2,34.0,14.5,11.95,8.89,9.82,1.9,8478,0.8381,10,18,24,34,44,50,53,58
Feriali,Centro,15,13800006456376,Corso di Francia,2,50,84.0,522.12,564.12,606.12,8,18.8,25.3,26.0,11.1,16.08,11.63,12.12,2.56,10043,0.9928,7,13,17,26,33,36,39,44
Feriali,Centro,15,13800006456376,Corso di Francia,2,50,84.0,522.12,564.12,606.12,9,22.7,30.7,31.0,13.0,13.31,9.75,10.85,2.12,8477,0.838,9,16,21,31,39,44,47,52
Feriali,Centro,15,13800006456376,Corso di Francia,2,50,84.0,522.12,564.12,606.12,10,26.6,36.0,37.0,13.5,11.35,8.17,11.33,1.81,6687,0.661,10,22,29,37,45,49,52,57
Feriali,Centro,15,13800006456376,Corso di Francia,2,50,84.0,522.12,564.12,606.12,11,27.5,37.0,38.0,13.6,10.99,7.96,10.86,1.75,6040,0.5971,10,23,30,38,46,50,53,58
Feriali,Centro,15,13800006456376,Corso di Francia,2,50,84.0,522.12,564.12,606.12,12,30.4,38.8,39.0,13.2,9.96,7.75,9.35,1.59,5737,0.5671,13,27,32,39,47,51,55,59
Feriali,Centro,15,13800006456376,Corso di Francia,2,50,84.0,522.12,564.12,606.12,13,26.8,37.4,38.0,14.3,11.3,7.96,12.98,1.8,5912,0.5844,10,22,30,38,47,52,55,59
Feriali,Centro,15,13800006456376,Corso di Francia,2,50,84.0,522.12,564.12,606.12,14,28.7,38.4,39.0,13.4,10.54,7.75,10.93,1.68,6124,0.6054,11,26,32,39,47,52,54,58
Feriali,Centro,15,13800006456376,Corso di Francia,2,50,84.0,522.12,564.12,606.12,15,28.7,37.2,38.0,12.8,10.55,7.96,9.63,1.68,7014,0.6934,11,25,31,38,45,49,52,57
Feriali,Centro,15,13800006456376,Corso di Francia,2,50,84.0,522.12,564.12,606.12,16,24.4,31.2,32.0,12.9,12.41,9.45,7.8,1.98,6909,0.683,10,15,21,32,40,45,48,52
Feriali,Centro,15,13800006456376,Corso di Francia,2,50,84.0,522.12,564.12,606.12,17,23.3,29.6,31.0,12.4,13.0,9.75,7.81,2.07,7104,0.7023,10,14,20,31,38,42,46,50
Feriali,Centro,15,13800006456376,Corso di Francia,2,50,84.0,522.12,564.12,606.12,18,27.4,34.1,35.0,12.9,11.02,8.64,7.14,1.76,6651,0.6575,12,19,25,35,43,47,50,54
Feriali,Centro,15,13800006456376,Corso di Francia,2,50,84.0,522.12,564.12,606.12,19,29.2,36.3,37.0,13.1,10.36,8.17,8.17,1.65,6333,0.626,13,21,28,37,46,50,52,57
Feriali,Centro,15,13800006456376,Corso di Francia,2,50,84.0,522.12,564.12,606.12,20,32.3,39.3,39.0,14.3,9.37,7.75,5.74,1.49,5723,0.5657,15,23,31,39,49,54,57,62
Feriali,Centro,15,13800006456376,Corso di Francia,2,50,84.0,522.12,564.12,606.12,21,40.5,48.2,49.0,15.3,7.47,6.17,5.53,1.19,3140,0.3104,21,33,38,49,58,63,67,71
Feriali,Centro,15,13800006456376,Corso di Francia,2,50,84.0,522.12,564.12,606.12,22,42.2,49.3,50.0,15.3,7.16,6.05,4.42,1.14,2666,0.2635,23,34,39,50,59,64,68,73
Feriali,Centro,15,13800006456376,Corso di Francia,2,50,84.0,522.12,564.12,606.12,23,42.5,50.0,50.0,15.6,7.12,6.05,6.45,1.13,2430,0.2402,24,35,40,50,60,66,69,75
Feriali,Centro,16,13800006566751,Corso di Francia,2,50,32.91,606.12,622.575,639.03,0,36.4,50.5,52.0,17.9,3.25,2.28,4.82,1.0,996,0.0985,19,32,38,52,62,68,73,77
Feriali,Centro,16,13800006566751,Corso di Francia,2,50,32.91,606.12,622.575,639.03,1,35.1,50.1,51.0,18.6,3.37,2.32,4.79,1.04,598,0.0591,19,31,38,51,62,69,73,83
Feriali,Centro,16,13800006566751,Corso di Francia,2,50,32.91,606.12,622.575,639.03,2,40.9,52.0,52.0,17.5,2.9,2.28,3.21,0.89,277,0.0274,24,36,41,52,63,68,71,78
Feriali,Centro,16,13800006566751,Corso di Francia,2,50,32.91,606.12,622.575,639.03,3,46.3,55.1,56.0,16.6,2.56,2.12,2.33,0.79,172,0.017,31,38,43,56,65,71,74,86
Feriali,Centro,16,13800006566751,Corso di Francia,2,50,32.91,606.12,622.575,639.03,4,38.2,55.1,57.0,19.6,3.1,2.08,4.58,0.95,258,0.0255,21,34,45,57,69,75,77,83
Feriali,Centro,16,13800006566751,Corso di Francia,2,50,32.91,606.12,622.575,639.03,5,28.6,50.4,55.0,19.6,4.14,2.15,6.81,1.27,968,0.0957,6,29,39,55,64,68,72,77
Feriali,Centro,16,13800006566751,Corso di Francia,2,50,32.91,606.12,622.575,639.03,6,39.2,50.5,52.0,14.8,3.02,2.28,3.96,0.93,2697,0.2666,23,36,43,52,60,65,67,72
Feriali,Centro,16,13800006566751,Corso di Francia,2,50,32.91,606.12,622.575,639.03,7,23.0,36.7,37.0,15.2,5.15,3.2,7.95,1.58,8439,0.8342,9,22,26,37,48,53,56,61
Feriali,Centro,16,13800006566751,Corso di Francia,2,50,32.91,606.12,622.575,639.03,8,18.0,29.8,30.0,12.7,6.58,3.95,9.19,2.02,10108,0.9992,4,18,23,30,38,42,45,50
Feriali,Centro,16,13800006566751,Corso di Francia,2,50,32.91,606.12,622.575,639.03,9,20.5,33.5,33.0,14.1,5.77,3.59,8.41,1.77,8550,0.8452,6,20,24,33,43,48,51,56
Feriali,Centro,16,13800006566751,Corso di Francia,2,50,32.91,606.12,622.575,639.03,10,23.1,37.7,38.0,15.2,5.12,3.12,7.68,1.57,6721,0.6644,7,23,28,38,48,53,56,62
Feriali,Centro,16,13800006566751,Corso di Francia,2,50,32.91,606.12,622.575,639.03,11,22.0,37.9,39.0,15.6,5.39,3.04,8.46,1.66,6052,0.5983,6,23,28,39,48,53,57,62
Feriali,Centro,16,13800006566751,Corso di Francia,2,50,32.91,606.12,622.575,639.03,12,24.9,39.6,41.0,15.5,4.76,2.89,7.22,1.46,5769,0.5703,9,24,30,41,50,55,58,63
Feriali,Centro,16,13800006566751,Corso di Francia,2,50,32.91,606.12,622.575,639.03,13,22.3,38.0,40.0,16.3,5.32,2.96,8.21,1.64,5898,0.583,7,21,27,40,49,55,58,63
Feriali,Centro,16,13800006566751,Corso di Francia,2,50,32.91,606.12,622.575,639.03,14,23.6,38.9,41.0,15.8,5.02,2.89,7.41,1.54,6134,0.6064,8,23,29,41,50,54,57,62
Feriali,Centro,16,13800006566751,Corso di Francia,2,50,32.91,606.12,622.575,639.03,15,23.5,38.4,40.0,15.1,5.04,2.96,7.64,1.55,7028,0.6947,8,24,29,40,48,53,56,61
Feriali,Centro,16,13800006566751,Corso di Francia,2,50,32.91,606.12,622.575,639.03,16,24.0,34.0,34.0,14.2,4.94,3.48,4.84,1.52,6914,0.6835,8,20,24,34,44,49,52,58
Feriali,Centro,16,13800006566751,Corso di Francia,2,50,32.91,606.12,622.575,639.03,17,23.4,33.2,33.0,13.8,5.06,3.59,5.78,1.56,7148,0.7066,8,19,24,33,42,47,51,56
Feriali,Centro,16,13800006566751,Corso di Francia,2,50,32.91,606.12,622.575,639.03,18,24.7,35.2,36.0,14.6,4.8,3.29,4.88,1.48,6646,0.657,8,20,25,36,46,50,53,58
Feriali,Centro,16,13800006566751,Corso di Francia,2,50,32.91,606.12,622.575,639.03,19,25.3,36.3,37.0,15.0,4.69,3.2,5.08,1.44,6343,0.627,8,21,26,37,47,52,55,60
Feriali,Centro,16,13800006566751,Corso di Francia,2,50,32.91,606.12,622.575,639.03,20,27.2,38.5,39.0,16.2,4.36,3.04,4.29,1.34,5742,0.5676,10,22,26,39,50,55,59,64
Feriali,Centro,16,13800006566751,Corso di Francia,2,50,32.91,606.12,622.575,639.03,21,28.7,45.7,48.0,18.1,4.13,2.47,6.2,1.27,3145,0.3109,10,27,34,48,58,63,67,72
Feriali,Centro,16,13800006566751,Corso di Francia,2,50,32.91,606.12,622.575,639.03,22,29.6,46.2,48.0,18.1,4.01,2.47,5.67,1.23,2661,0.263,11,27,35,48,59,63,67,73
Feriali,Centro,16,13800006566751,Corso di Francia,2,50,32.91,606.12,622.575,639.03,23,32.4,48.1,49.0,17.9,3.65,2.42,5.12,1.12,2427,0.2399,14,30,38,49,60,65,69,74
Feriali,Centro,17,13800006526870,Corso di Francia,2,50,37.63,639.03,657.845,676.66,0,18.0,45.4,51.0,23.3,7.54,2.66,11.28,1.0,991,0.098,4,8,31,51,61,67,72,78
Feriali,Centro,17,13800006526870,Corso di Francia,2,50,37.63,639.03,657.845,676.66,1,17.1,44.9,49.0,23.8,7.91,2.76,12.02,1.05,600,0.0593,4,6,32,49,61,67,72,80
Feriali,Centro,17,13800006526870,Corso di Francia,2,50,37.63,639.03,657.845,676.66,2,19.4,46.6,50.0,23.1,6.98,2.71,10.68,0.93,276,0.0273,4,11,36,50,62,67,71,76
Feriali,Centro,17,13800006526870,Corso di Francia,2,50,37.63,639.03,657.845,676.66,3,20.8,49.5,53.0,22.9,6.51,2.56,10.57,0.86,171,0.0169,4,25,39,53,64,69,74,86
Feriali,Centro,17,13800006526870,Corso di Francia,2,50,37.63,639.03,657.845,676.66,4,24.8,52.1,55.0,22.8,5.46,2.46,9.03,0.72,257,0.0254,4,27,41,55,69,74,77,81
Feriali,Centro,17,13800006526870,Corso di Francia,2,50,37.63,639.03,657.845,676.66,5,20.5,47.7,53.0,22.3,6.6,2.56,10.43,0.88,968,0.0957,4,18,35,53,63,68,71,76
Feriali,Centro,17,13800006526870,Corso di Francia,2,50,37.63,639.03,657.845,676.66,6,28.3,49.0,52.0,17.0,4.79,2.61,8.24,0.64,2691,0.266,7,34,42,52,60,64,67,71
Feriali,Centro,17,13800006526870,Corso di Francia,2,50,37.63,639.03,657.845,676.66,7,22.4,37.5,38.0,15.2,6.05,3.56,9.04,0.8,8427,0.833,6,22,29,38,48,53,56,61
Feriali,Centro,17,13800006526870,Corso di Francia,2,50,37.63,639.03,657.845,676.66,8,19.9,32.2,33.0,12.7,6.82,4.11,9.93,0.91,10116,1.0,5,20,26,33,40,44,47,52
Feriali,Centro,17,13800006526870,Corso di Francia,2,50,37.63,639.03,657.845,676.66,9,20.9,35.0,36.0,14.0,6.47,3.76,9.6,0.86,8589,0.8491,5,22,27,36,44,49,52,57
Feriali,Centro,17,13800006526870,Corso di Francia,2,50,37.63,639.03,657.845,676.66,10,20.8,38.1,40.0,15.5,6.51,3.39,10.57,0.86,6727,0.665,4,23,30,40,48,53,56,61
Feriali,Centro,17,13800006526870,Corso di Francia,2,50,37.63,639.03,657.845,676.66,11,21.0,38.4,40.0,15.8,6.46,3.39,10.05,0.86,6046,0.5977,4,23,30,40,49,54,57,62
Feriali,Centro,17,13800006526870,Corso di Francia,2,50,37.63,639.03,657.845,676.66,12,21.4,39.6,42.0,16.4,6.32,3.23,9.96,0.84,5785,0.5719,4,23,31,42,50,55,59,64
Feriali,Centro,17,13800006526870,Corso di Francia,2,50,37.63,639.03,657.845,676.66,13,20.8,38.3,41.0,16.6,6.51,3.3,9.82,0.86,5895,0.5827,4,21,28,41,50,55,58,63
Feriali,Centro,17,13800006526870,Corso di Francia,2,50,37.63,639.03,657.845,676.66,14,21.2,39.2,42.0,16.4,6.4,3.23,9.98,0.85,6133,0.6063,4,22,30,42,50,55,58,63
Feriali,Centro,17,13800006526870,Corso di Francia,2,50,37.63,639.03,657.845,676.66,15,22.1,38.7,41.0,15.5,6.14,3.3,9.53,0.81,7040,0.6959,5,23,31,41,49,53,56,61
Feriali,Centro,17,13800006526870,Corso di Francia,2,50,37.63,639.03,657.845,676.66,16,24.6,35.9,37.0,14.0,5.52,3.66,6.49,0.73,6924,0.6845,7,22,28,37,45,50,53,58
Feriali,Centro,17,13800006526870,Corso di Francia,2,50,37.63,639.03,657.845,676.66,17,24.6,35.1,36.0,13.4,5.5,3.76,6.12,0.73,7159,0.7077,7,22,28,36,43,48,51,56
Feriali,Centro,17,13800006526870,Corso di Francia,2,50,37.63,639.03,657.845,676.66,18,23.7,36.0,37.0,14.6,5.73,3.66,6.65,0.76,6646,0.657,6,21,28,37,46,50,54,59
Feriali,Centro,17,13800006526870,Corso di Francia,2,50,37.63,639.03,657.845,676.66,19,24.7,36.9,38.0,14.8,5.49,3.56,6.53,0.73,6335,0.6262,7,22,28,38,47,52,55,60
Feriali,Centro,17,13800006526870,Corso di Francia,2,50,37.63,639.03,657.845,676.66,20,23.5,38.0,39.0,16.8,5.77,3.47,7.19,0.77,5727,0.5661,6,20,27,39,50,55,58,63
Feriali,Centro,17,13800006526870,Corso di Francia,2,50,37.63,639.03,657.845,676.66,21,18.5,42.5,47.0,21.1,7.34,2.88,11.23,0.97,3130,0.3094,4,16,29,47,57,63,66,72
Feriali,Centro,17,13800006526870,Corso di Francia,2,50,37.63,639.03,657.845,676.66,22,19.6,43.0,47.0,21.2,6.92,2.88,10.19,0.92,2652,0.2622,4,14,30,47,58,63,66,72
Feriali,Centro,17,13800006526870,Corso di Francia,2,50,37.63,639.03,657.845,676.66,23,21.4,45.0,48.0,20.8,6.32,2.82,9.67,0.84,2422,0.2394,4,21,34,48,60,65,68,73
Feriali,Centro,18,13800007229329,Corso di Francia,2,50,24.78,676.66,689.05,701.4399999999999,0,33.7,47.0,48.0,19.9,2.65,1.86,3.05,1.0,952,0.0941,16,26,30,48,61,68,73,78
Feriali,Centro,18,13800007229329,Corso di Francia,2,50,24.78,676.66,689.05,701.4399999999999,1,33.0,46.9,46.0,20.3,2.71,1.94,3.26,1.02,558,0.0552,15,26,31,46,60,69,73,83
Feriali,Centro,18,13800007229329,Corso di Francia,2,50,24.78,676.66,689.05,701.4399999999999,2,33.3,46.8,47.0,19.0,2.68,1.9,5.92,1.01,257,0.0254,22,25,30,47,60,66,71,75
Feriali,Centro,18,13800007229329,Corso di Francia,2,50,24.78,676.66,689.05,701.4399999999999,3,33.4,48.2,49.0,22.4,2.67,1.82,2.64,1.01,171,0.0169,12,25,32,49,64,69,72,83
Feriali,Centro,18,13800007229329,Corso di Francia,2,50,24.78,676.66,689.05,701.4399999999999,4,41.7,53.1,55.0,21.2,2.14,1.62,1.58,0.81,241,0.0238,21,29,36,55,69,76,77,83
Feriali,Centro,18,13800007229329,Corso di Francia,2,50,24.78,676.66,689.05,701.4399999999999,5,39.6,50.1,53.0,18.6,2.25,1.68,1.8,0.85,906,0.0896,20,28,34,53,64,69,73,78
Feriali,Centro,18,13800007229329,Corso di Francia,2,50,24.78,676.66,689.05,701.4399999999999,6,41.2,49.6,52.0,15.3,2.17,1.72,1.84,0.82,2544,0.2515,23,32,40,52,60,65,68,72
Feriali,Centro,18,13800007229329,Corso di Francia,2,50,24.78,676.66,689.05,701.4399999999999,7,30.5,37.8,37.0,13.7,2.93,2.41,2.28,1.11,7963,0.7872,16,24,28,37,47,52,55,60
Feriali,Centro,18,13800007229329,Corso di Francia,2,50,24.78,676.66,689.05,701.4399999999999,8,27.2,33.4,33.0,11.3,3.28,2.7,2.99,1.24,9227,0.9121,14,23,26,33,41,44,47,51
Feriali,Centro,18,13800007229329,Corso di Francia,2,50,24.78,676.66,689.05,701.4399999999999,9,29.3,36.3,36.0,12.6,3.04,2.48,2.69,1.15,7753,0.7664,16,24,28,36,45,49,52,56
Feriali,Centro,18,13800007229329,Corso di Francia,2,50,24.78,676.66,689.05,701.4399999999999,10,31.6,39.8,40.0,13.5,2.82,2.23,2.86,1.07,6179,0.6108,17,27,31,40,49,54,56,61
Feriali,Centro,18,13800007229329,Corso di Francia,2,50,24.78,676.66,689.05,701.4399999999999,11,31.1,39.8,40.0,14.1,2.87,2.23,2.79,1.09,5696,0.5631,16,26,30,40,49,54,57,63
Feriali,Centro,18,13800007229329,Corso di Francia,2,50,24.78,676.66,689.05,701.4399999999999,12,32.7,41.3,42.0,14.4,2.73,2.12,2.63,1.03,5309,0.5248,17,27,31,42,51,56,59,64
Feriali,Centro,18,13800007229329,Corso di Francia,2,50,24.78,676.66,689.05,701.4399999999999,13,32.0,40.1,40.0,14.7,2.79,2.23,2.33,1.05,5477,0.5414,16,25,30,40,51,55,58,63
Feriali,Centro,18,13800007229329,Corso di Francia,2,50,24.78,676.66,689.05,701.4399999999999,14,32.4,40.6,41.0,14.2,2.76,2.18,2.61,1.04,5767,0.5701,18,26,30,41,51,55,58,63
Feriali,Centro,18,13800007229329,Corso di Francia,2,50,24.78,676.66,689.05,701.4399999999999,15,32.3,39.6,40.0,13.5,2.76,2.23,2.24,1.04,6638,0.6562,17,26,30,40,49,53,56,61
Feriali,Centro,18,13800007229329,Corso di Francia,2,50,24.78,676.66,689.05,701.4399999999999,16,30.5,37.6,38.0,12.2,2.93,2.35,3.42,1.11,6274,0.6202,17,26,30,38,46,50,53,58
Feriali,Centro,18,13800007229329,Corso di Francia,2,50,24.78,676.66,689.05,701.4399999999999,17,31.5,36.8,37.0,11.3,2.83,2.41,1.99,1.07,6544,0.6469,18,26,30,37,44,48,51,56
Feriali,Centro,18,13800007229329,Corso di Francia,2,50,24.78,676.66,689.05,701.4399999999999,18,31.7,37.9,37.0,12.1,2.82,2.41,2.34,1.07,6094,0.6024,19,26,30,37,46,50,53,58
Feriali,Centro,18,13800007229329,Corso di Francia,2,50,24.78,676.66,689.05,701.4399999999999,19,31.8,38.5,38.0,12.5,2.81,2.35,2.47,1.06,5891,0.5823,18,27,30,38,47,51,54,59
Feriali,Centro,18,13800007229329,Corso di Francia,2,50,24.78,676.66,689.05,701.4399999999999,20,32.2,40.2,39.0,14.2,2.77,2.29,2.71,1.05,5335,0.5274,18,27,30,39,50,55,58,63
Feriali,Centro,18,13800007229329,Corso di Francia,2,50,24.78,676.66,689.05,701.4399999999999,21,34.5,45.1,45.0,18.1,2.59,1.98,2.33,0.98,2898,0.2865,16,27,31,45,58,64,68,73
Feriali,Centro,18,13800007229329,Corso di Francia,2,50,24.78,676.66,689.05,701.4399999999999,22,33.8,45.4,46.0,18.1,2.64,1.94,3.54,1.0,2432,0.2404,16,27,31,46,58,63,67,74
Feriali,Centro,18,13800007229329,Corso di Francia,2,50,24.78,676.66,689.05,701.4399999999999,23,35.8,45.9,46.0,18.1,2.49,1.94,2.1,0.94,2291,0.2265,18,27,31,46,60,65,69,74
Feriali,Centro,19,13800007302573,Corso di Francia,2,50,35.16,701.4399999999999,719.02,736.5999999999999,0,39.7,48.9,47.0,18.1,3.19,2.69,2.5,1.0,954,0.0943,24,31,36,47,61,67,74,80
Feriali,Centro,19,13800007302573,Corso di Francia,2,50,35.16,701.4399999999999,719.02,736.5999999999999,1,39.8,49.1,47.0,18.2,3.18,2.69,2.97,1.0,561,0.0555,23,32,37,47,61,68,73,81
Feriali,Centro,19,13800007302573,Corso di Francia,2,50,35.16,701.4399999999999,719.02,736.5999999999999,2,40.4,48.5,47.0,17.0,3.13,2.69,2.53,0.98,258,0.0255,24,32,36,47,59,65,71,76
Feriali,Centro,19,13800007302573,Corso di Francia,2,50,35.16,701.4399999999999,719.02,736.5999999999999,3,38.7,49.7,49.0,22.0,3.27,2.58,2.22,1.03,170,0.0168,16,28,34,49,63,69,72,82
Feriali,Centro,19,13800007302573,Corso di Francia,2,50,35.16,701.4399999999999,719.02,736.5999999999999,4,46.1,54.5,53.0,20.0,2.75,2.39,1.43,0.86,246,0.0243,26,34,40,53,71,77,80,84
Feriali,Centro,19,13800007302573,Corso di Francia,2,50,35.16,701.4399999999999,719.02,736.5999999999999,5,43.2,51.7,53.0,17.7,2.93,2.39,1.87,0.92,904,0.0894,23,33,38,53,65,70,74,79
Feriali,Centro,19,13800007302573,Corso di Francia,2,50,35.16,701.4399999999999,719.02,736.5999999999999,6,43.0,50.0,52.0,15.0,2.94,2.43,1.77,0.92,2546,0.2517,24,33,40,52,61,65,68,72
Feriali,Centro,19,13800007302573,Corso di Francia,2,50,35.16,701.4399999999999,719.02,736.5999999999999,7,31.9,38.4,39.0,13.3,3.97,3.25,2.79,1.25,7972,0.7881,16,24,29,39,48,52,55,59
Feriali,Centro,19,13800007302573,Corso di Francia,2,50,35.16,701.4399999999999,719.02,736.5999999999999,8,29.3,34.7,35.0,11.5,4.33,3.62,2.79,1.36,9249,0.9143,15,23,27,35,43,46,49,52
Feriali,Centro,19,13800007302573,Corso di Francia,2,50,35.16,701.4399999999999,719.02,736.5999999999999,9,31.6,37.3,37.0,12.4,4.01,3.42,2.48,1.26,7775,0.7686,16,24,29,37,46,50,53,57
Feriali,Centro,19,13800007302573,Corso di Francia,2,50,35.16,701.4399999999999,719.02,736.5999999999999,10,34.3,40.7,41.0,13.1,3.69,3.09,2.69,1.16,6199,0.6128,18,27,32,41,50,54,57,61
Feriali,Centro,19,13800007302573,Corso di Francia,2,50,35.16,701.4399999999999,719.02,736.5999999999999,11,33.5,40.8,41.0,13.7,3.77,3.09,2.91,1.18,5702,0.5637,17,27,31,41,51,55,57,62
Feriali,Centro,19,13800007302573,Corso di Francia,2,50,35.16,701.4399999999999,719.02,736.5999999999999,12,34.8,42.2,43.0,14.0,3.63,2.94,3.37,1.14,5316,0.5255,19,27,32,43,52,56,59,63
Feriali,Centro,19,13800007302573,Corso di Francia,2,50,35.16,701.4399999999999,719.02,736.5999999999999,13,34.5,41.4,42.0,13.9,3.66,3.01,2.54,1.15,5486,0.5423,18,27,32,42,51,56,58,63
Feriali,Centro,19,13800007302573,Corso di Francia,2,50,35.16,701.4399999999999,719.02,736.5999999999999,14,35.1,41.7,42.0,13.6,3.61,3.01,2.42,1.13,5775,0.5709,19,27,32,42,52,56,58,62
Feriali,Centro,19,13800007302573,Corso di Francia,2,50,35.16,701.4399999999999,719.02,736.5999999999999,15,33.4,40.1,41.0,13.2,3.79,3.09,2.93,1.19,6644,0.6568,17,26,31,41,50,53,56,60
Feriali,Centro,19,13800007302573,Corso di Francia,2,50,35.16,701.4399999999999,719.02,736.5999999999999,16,33.1,38.8,39.0,11.8,3.82,3.25,2.83,1.2,6291,0.6219,18,27,31,39,47,50,53,57
Feriali,Centro,19,13800007302573,Corso di Francia,2,50,35.16,701.4399999999999,719.02,736.5999999999999,17,33.7,38.2,39.0,10.8,3.76,3.25,2.11,1.18,6545,0.647,20,28,32,39,45,49,51,55
Feriali,Centro,19,13800007302573,Corso di Francia,2,50,35.16,701.4399999999999,719.02,736.5999999999999,18,34.0,39.1,39.0,11.5,3.72,3.25,2.33,1.17,6104,0.6034,20,28,32,39,47,50,53,57
Feriali,Centro,19,13800007302573,Corso di Francia,2,50,35.16,701.4399999999999,719.02,736.5999999999999,19,34.3,39.7,40.0,11.8,3.69,3.16,2.55,1.16,5897,0.5829,20,28,32,40,48,52,54,58
Feriali,Centro,19,13800007302573,Corso di Francia,2,50,35.16,701.4399999999999,719.02,736.5999999999999,20,34.9,41.4,41.0,13.3,3.63,3.09,2.89,1.14,5341,0.528,20,28,33,41,50,55,58,63
Feriali,Centro,19,13800007302573,Corso di Francia,2,50,35.16,701.4399999999999,719.02,736.5999999999999,21,37.0,46.5,46.0,17.0,3.42,2.75,3.33,1.07,2902,0.2869,19,30,35,46,58,64,68,74
Feriali,Centro,19,13800007302573,Corso di Francia,2,50,35.16,701.4399999999999,719.02,736.5999999999999,22,37.6,46.7,46.0,17.2,3.37,2.75,2.88,1.06,2438,0.241,18,30,35,46,59,64,68,74
Feriali,Centro,19,13800007302573,Corso di Francia,2,50,35.16,701.4399999999999,719.02,736.5999999999999,23,38.6,47.0,46.0,17.3,3.28,2.75,2.3,1.03,2300,0.2274,21,29,34,46,59,65,69,75
Feriali,Centro,20,13800007051638,Corso di Francia,2,50,13.32,736.5999999999999,743.2599999999999,749.92,0,40.1,49.3,47.0,18.4,1.2,1.02,0.91,1.0,964,0.0953,21,31,37,47,61,69,75,80
Feriali,Centro,20,13800007051638,Corso di Francia,2,50,13.32,736.5999999999999,743.2599999999999,749.92,1,39.9,50.1,48.0,18.4,1.2,1.0,1.18,1.0,562,0.0556,23,32,38,48,62,68,74,82
Feriali,Centro,20,13800007051638,Corso di Francia,2,50,13.32,736.5999999999999,743.2599999999999,749.92,2,43.2,49.7,49.0,16.7,1.11,0.98,0.56,0.93,260,0.0257,24,33,38,49,59,66,71,76
Feriali,Centro,20,13800007051638,Corso di Francia,2,50,13.32,736.5999999999999,743.2599999999999,749.92,3,40.7,50.7,50.0,21.4,1.18,0.96,0.71,0.99,170,0.0168,16,31,37,50,64,69,72,78
Feriali,Centro,20,13800007051638,Corso di Francia,2,50,13.32,736.5999999999999,743.2599999999999,749.92,4,47.0,55.5,53.0,20.2,1.02,0.9,0.53,0.85,250,0.0247,24,35,41,53,71,77,82,88
Feriali,Centro,20,13800007051638,Corso di Francia,2,50,13.32,736.5999999999999,743.2599999999999,749.92,5,43.3,52.5,53.0,18.3,1.11,0.9,0.73,0.93,909,0.0899,21,32,40,53,66,72,75,81
Feriali,Centro,20,13800007051638,Corso di Francia,2,50,13.32,736.5999999999999,743.2599999999999,749.92,6,40.6,50.6,53.0,16.1,1.18,0.9,1.55,0.99,2541,0.2512,21,32,40,53,62,66,69,74
Feriali,Centro,20,13800007051638,Corso di Francia,2,50,13.32,736.5999999999999,743.2599999999999,749.92,7,30.3,39.4,40.0,14.1,1.58,1.2,1.75,1.32,7975,0.7884,15,24,30,40,49,54,57,61
Feriali,Centro,20,13800007051638,Corso di Francia,2,50,13.32,736.5999999999999,743.2599999999999,749.92,8,28.6,36.0,37.0,12.4,1.67,1.3,1.54,1.4,9279,0.9173,14,23,28,37,45,48,51,54
Feriali,Centro,20,13800007051638,Corso di Francia,2,50,13.32,736.5999999999999,743.2599999999999,749.92,9,31.5,38.6,39.0,13.1,1.52,1.23,1.27,1.27,7818,0.7728,16,25,30,39,48,52,55,58
Feriali,Centro,20,13800007051638,Corso di Francia,2,50,13.32,736.5999999999999,743.2599999999999,749.92,10,33.8,41.5,42.0,14.0,1.42,1.14,1.18,1.19,6223,0.6152,17,27,32,42,51,56,58,63
Feriali,Centro,20,13800007051638,Corso di Francia,2,50,13.32,736.5999999999999,743.2599999999999,749.92,11,32.4,41.6,42.0,14.6,1.48,1.14,1.93,1.24,5719,0.5653,17,26,32,42,52,57,59,64
Feriali,Centro,20,13800007051638,Corso di Francia,2,50,13.32,736.5999999999999,743.2599999999999,749.92,12,33.7,42.8,44.0,15.1,1.42,1.09,2.09,1.19,5333,0.5272,17,26,32,44,54,58,60,65
Feriali,Centro,20,13800007051638,Corso di Francia,2,50,13.32,736.5999999999999,743.2599999999999,749.92,13,33.9,42.4,43.0,14.8,1.42,1.12,1.6,1.18,5506,0.5443,17,26,32,43,53,58,60,65
Feriali,Centro,20,13800007051638,Corso di Francia,2,50,13.32,736.5999999999999,743.2599999999999,749.92,14,34.6,42.6,44.0,14.6,1.39,1.09,1.13,1.16,5801,0.5734,17,27,32,44,53,57,60,65
Feriali,Centro,20,13800007051638,Corso di Francia,2,50,13.32,736.5999999999999,743.2599999999999,749.92,15,32.5,40.9,42.0,14.1,1.47,1.14,1.7,1.23,6676,0.6599,16,25,31,42,51,55,58,62
Feriali,Centro,20,13800007051638,Corso di Francia,2,50,13.32,736.5999999999999,743.2599999999999,749.92,16,33.1,40.0,41.0,12.5,1.45,1.17,1.47,1.21,6327,0.6254,18,27,32,41,49,52,55,59
Feriali,Centro,20,13800007051638,Corso di Francia,2,50,13.32,736.5999999999999,743.2599999999999,749.92,17,33.8,39.5,40.0,11.7,1.42,1.2,1.2,1.19,6564,0.6489,19,27,32,40,47,51,53,57
Feriali,Centro,20,13800007051638,Corso di Francia,2,50,13.32,736.5999999999999,743.2599999999999,749.92,18,33.9,40.0,41.0,12.2,1.41,1.17,1.29,1.18,6124,0.6054,19,27,32,41,48,52,55,58
Feriali,Centro,20,13800007051638,Corso di Francia,2,50,13.32,736.5999999999999,743.2599999999999,749.92,19,34.7,40.8,41.0,12.6,1.38,1.17,0.98,1.16,5917,0.5849,19,28,33,41,49,53,56,60
Feriali,Centro,20,13800007051638,Corso di Francia,2,50,13.32,736.5999999999999,743.2599999999999,749.92,20,34.8,42.4,43.0,14.0,1.38,1.12,1.38,1.15,5370,0.5308,19,28,33,43,52,57,59,64
Feriali,Centro,20,13800007051638,Corso di Francia,2,50,13.32,736.5999999999999,743.2599999999999,749.92,21,35.7,47.2,46.0,17.8,1.34,1.04,2.29,1.12,2915,0.2882,18,29,35,46,59,65,69,76
Feriali,Centro,20,13800007051638,Corso di Francia,2,50,13.32,736.5999999999999,743.2599999999999,749.92,22,37.4,47.5,47.0,17.9,1.28,1.02,1.38,1.07,2443,0.2415,17,29,35,47,60,66,70,76
Feriali,Centro,20,13800007051638,Corso di Francia,2,50,13.32,736.5999999999999,743.2599999999999,749.92,23,36.1,47.5,47.0,18.1,1.33,1.02,3.67,1.11,2311,0.2284,19,28,34,47,60,67,71,77
Feriali,Centro,21,13800006921530,Corso di Francia,2,50,20.05,749.92,759.9449999999999,769.9699999999999,0,32.8,46.4,46.0,20.8,2.2,1.57,2.4,1.0,1068,0.1056,15,23,30,46,60,68,75,81
Feriali,Centro,21,13800006921530,Corso di Francia,2,50,20.05,749.92,759.9449999999999,769.9699999999999,1,33.3,46.2,46.0,20.5,2.17,1.57,2.16,0.99,656,0.0648,15,24,30,46,60,67,73,82
Feriali,Centro,21,13800006921530,Corso di Francia,2,50,20.05,749.92,759.9449999999999,769.9699999999999,2,33.3,44.5,45.0,19.4,2.17,1.6,1.84,0.99,321,0.0317,15,23,29,45,57,64,68,76
Feriali,Centro,21,13800006921530,Corso di Francia,2,50,20.05,749.92,759.9449999999999,769.9699999999999,3,37.0,49.0,48.0,22.4,1.95,1.5,1.39,0.89,179,0.0177,15,23,34,48,63,69,73,79
Feriali,Centro,21,13800006921530,Corso di Francia,2,50,20.05,749.92,759.9449999999999,769.9699999999999,4,42.7,54.3,53.0,22.0,1.69,1.36,1.13,0.77,257,0.0254,19,30,37,53,71,79,83,89
Feriali,Centro,21,13800006921530,Corso di Francia,2,50,20.05,749.92,759.9449999999999,769.9699999999999,5,36.3,51.7,54.0,20.2,1.99,1.34,2.54,0.91,924,0.0913,16,27,38,54,67,73,76,81
Feriali,Centro,21,13800006921530,Corso di Francia,2,50,20.05,749.92,759.9449999999999,769.9699999999999,6,33.2,49.8,54.0,18.2,2.17,1.34,3.18,0.99,2577,0.2547,13,28,40,54,63,67,70,74
Feriali,Centro,21,13800006921530,Corso di Francia,2,50,20.05,749.92,759.9449999999999,769.9699999999999,7,24.4,38.7,41.0,15.7,2.96,1.76,4.52,1.35,8353,0.8257,9,21,29,41,50,54,57,62
Feriali,Centro,21,13800006921530,Corso di Francia,2,50,20.05,749.92,759.9449999999999,769.9699999999999,8,23.1,35.4,37.0,14.0,3.13,1.95,4.37,1.42,9852,0.9739,8,20,26,37,45,49,51,55
Feriali,Centro,21,13800006921530,Corso di Francia,2,50,20.05,749.92,759.9449999999999,769.9699999999999,9,26.0,37.9,39.0,14.6,2.78,1.85,3.8,1.26,8277,0.8182,11,22,28,39,48,53,55,59
Feriali,Centro,21,13800006921530,Corso di Francia,2,50,20.05,749.92,759.9449999999999,769.9699999999999,10,27.1,40.6,42.0,15.9,2.66,1.72,4.72,1.21,6542,0.6467,10,23,31,42,52,57,59,64
Feriali,Centro,21,13800006921530,Corso di Francia,2,50,20.05,749.92,759.9449999999999,769.9699999999999,11,26.4,40.5,42.0,16.5,2.73,1.72,4.68,1.24,6057,0.5988,10,22,29,42,53,57,60,65
Feriali,Centro,21,13800006921530,Corso di Francia,2,50,20.05,749.92,759.9449999999999,769.9699999999999,12,26.4,41.1,43.0,17.2,2.74,1.68,4.44,1.25,5708,0.5643,10,21,29,43,54,58,61,66
Feriali,Centro,21,13800006921530,Corso di Francia,2,50,20.05,749.92,759.9449999999999,769.9699999999999,13,26.8,41.1,43.0,16.9,2.69,1.68,3.9,1.22,5864,0.5797,11,22,29,43,54,58,61,66
Feriali,Centro,21,13800006921530,Corso di Francia,2,50,20.05,749.92,759.9449999999999,769.9699999999999,14,26.9,41.1,43.0,16.7,2.68,1.68,3.86,1.22,6250,0.6178,11,22,30,43,54,58,61,65
Feriali,Centro,21,13800006921530,Corso di Francia,2,50,20.05,749.92,759.9449999999999,769.9699999999999,15,25.1,39.5,42.0,16.1,2.88,1.72,4.91,1.31,7158,0.7076,9,21,28,42,51,56,58,62
Feriali,Centro,21,13800006921530,Corso di Francia,2,50,20.05,749.92,759.9449999999999,769.9699999999999,16,28.0,38.7,41.0,14.3,2.58,1.76,3.09,1.17,6929,0.685,12,23,29,41,49,53,55,59
Feriali,Centro,21,13800006921530,Corso di Francia,2,50,20.05,749.92,759.9449999999999,769.9699999999999,17,28.6,38.5,40.0,13.4,2.52,1.8,3.7,1.15,7079,0.6998,13,24,31,40,48,51,54,58
Feriali,Centro,21,13800006921530,Corso di Francia,2,50,20.05,749.92,759.9449999999999,769.9699999999999,18,28.8,39.1,41.0,13.9,2.5,1.76,3.52,1.14,6524,0.6449,14,24,30,41,49,53,55,59
Feriali,Centro,21,13800006921530,Corso di Francia,2,50,20.05,749.92,759.9449999999999,769.9699999999999,19,29.6,39.8,41.0,14.4,2.44,1.76,2.63,1.11,6317,0.6245,13,24,31,41,50,54,57,61
Feriali,Centro,21,13800006921530,Corso di Francia,2,50,20.05,749.92,759.9449999999999,769.9699999999999,20,30.5,41.4,43.0,15.6,2.37,1.68,2.96,1.08,5692,0.5627,14,24,31,43,52,57,60,65
Feriali,Centro,21,13800006921530,Corso di Francia,2,50,20.05,749.92,759.9449999999999,769.9699999999999,21,29.9,44.8,45.0,19.7,2.41,1.6,3.09,1.1,3175,0.3139,12,23,31,45,59,65,69,75
Feriali,Centro,21,13800006921530,Corso di Francia,2,50,20.05,749.92,759.9449999999999,769.9699999999999,22,30.3,44.9,46.0,20.1,2.38,1.57,2.9,1.08,2671,0.264,12,22,30,46,59,65,70,77
Feriali,Centro,21,13800006921530,Corso di Francia,2,50,20.05,749.92,759.9449999999999,769.9699999999999,23,26.7,44.2,45.0,20.5,2.7,1.6,6.69,1.23,2593,0.2563,12,21,28,45,58,66,71,78
Feriali,Centro,22,13800006887551,Corso di Francia,2,50,45.38,769.9699999999999,792.66,815.3499999999999,0,21.6,45.0,45.0,24.1,7.57,3.63,9.89,1.0,1065,0.1053,5,13,31,45,61,70,76,83
Feriali,Centro,22,13800006887551,Corso di Francia,2,50,45.38,769.9699999999999,792.66,815.3499999999999,1,21.0,45.0,45.0,23.5,7.79,3.63,11.12,1.03,650,0.0643,5,14,32,45,61,69,74,83
Feriali,Centro,22,13800006887551,Corso di Francia,2,50,45.38,769.9699999999999,792.66,815.3499999999999,2,19.8,43.0,44.0,22.6,8.24,3.71,11.06,1.09,317,0.0313,5,9,32,44,56,66,71,79
Feriali,Centro,22,13800006887551,Corso di Francia,2,50,45.38,769.9699999999999,792.66,815.3499999999999,3,22.1,46.8,46.0,25.5,7.38,3.55,10.22,0.98,177,0.0175,5,14,33,46,64,71,75,81
Feriali,Centro,22,13800006887551,Corso di Francia,2,50,45.38,769.9699999999999,792.66,815.3499999999999,4,27.3,53.8,54.0,25.2,5.99,3.03,9.52,0.79,257,0.0254,5,27,39,54,72,79,85,90
Feriali,Centro,22,13800006887551,Corso di Francia,2,50,45.38,769.9699999999999,792.66,815.3499999999999,5,26.0,51.5,55.0,23.1,6.29,2.97,9.89,0.83,919,0.0908,5,23,38,55,68,74,78,83
Feriali,Centro,22,13800006887551,Corso di Francia,2,50,45.38,769.9699999999999,792.66,815.3499999999999,6,27.5,50.2,55.0,20.2,5.94,2.97,9.16,0.78,2571,0.2542,6,29,40,55,64,69,72,76
Feriali,Centro,22,13800006887551,Corso di Francia,2,50,45.38,769.9699999999999,792.66,815.3499999999999,7,24.9,40.1,42.0,16.2,6.56,3.89,8.64,0.87,8330,0.8234,6,23,31,42,51,56,59,63
Feriali,Centro,22,13800006887551,Corso di Francia,2,50,45.38,769.9699999999999,792.66,815.3499999999999,8,23.3,37.1,39.0,14.7,7.03,4.19,9.5,0.93,9841,0.9728,6,21,29,39,47,51,54,57
Feriali,Centro,22,13800006887551,Corso di Francia,2,50,45.38,769.9699999999999,792.66,815.3499999999999,9,25.3,39.4,41.0,15.2,6.45,3.98,8.49,0.85,8256,0.8161,7,24,31,41,50,54,57,61
Feriali,Centro,22,13800006887551,Corso di Francia,2,50,45.38,769.9699999999999,792.66,815.3499999999999,10,25.3,41.6,43.0,16.9,6.47,3.8,9.08,0.85,6532,0.6457,6,24,33,43,54,58,61,65
Feriali,Centro,22,13800006887551,Corso di Francia,2,50,45.38,769.9699999999999,792.66,815.3499999999999,11,24.2,41.3,42.0,17.8,6.75,3.89,9.29,0.89,6038,0.5969,6,23,31,42,54,59,63,67
Feriali,Centro,22,13800006887551,Corso di Francia,2,50,45.38,769.9699999999999,792.66,815.3499999999999,12,24.2,42.1,44.0,18.4,6.74,3.71,9.27,0.89,5696,0.5631,6,22,32,44,56,60,64,69
Feriali,Centro,22,13800006887551,Corso di Francia,2,50,45.38,769.9699999999999,792.66,815.3499999999999,13,24.5,42.1,44.0,18.2,6.68,3.71,9.13,0.88,5849,0.5782,6,22,31,44,56,60,63,67
Feriali,Centro,22,13800006887551,Corso di Francia,2,50,45.38,769.9699999999999,792.66,815.3499999999999,14,25.4,42.5,45.0,17.6,6.44,3.63,8.91,0.85,6247,0.6175,6,23,33,45,55,60,63,67
Feriali,Centro,22,13800006887551,Corso di Francia,2,50,45.38,769.9699999999999,792.66,815.3499999999999,15,24.3,41.0,43.0,16.8,6.72,3.8,9.4,0.89,7144,0.7062,6,23,32,43,53,57,60,64
Feriali,Centro,22,13800006887551,Corso di Francia,2,50,45.38,769.9699999999999,792.66,815.3499999999999,16,26.1,40.2,43.0,15.3,6.26,3.8,8.02,0.83,6916,0.6837,7,24,33,43,51,55,57,61
Feriali,Centro,22,13800006887551,Corso di Francia,2,50,45.38,769.9699999999999,792.66,815.3499999999999,17,27.3,39.8,42.0,14.2,5.97,3.89,7.17,0.79,7067,0.6986,8,26,33,42,49,53,55,59
Feriali,Centro,22,13800006887551,Corso di Francia,2,50,45.38,769.9699999999999,792.66,815.3499999999999,18,27.5,40.3,42.0,14.7,5.94,3.89,7.49,0.79,6510,0.6435,8,26,33,42,50,54,57,60
Feriali,Centro,22,13800006887551,Corso di Francia,2,50,45.38,769.9699999999999,792.66,815.3499999999999,19,27.1,40.8,43.0,15.5,6.03,3.8,7.14,0.8,6304,0.6232,7,25,33,43,51,55,58,63
Feriali,Centro,22,13800006887551,Corso di Francia,2,50,45.38,769.9699999999999,792.66,815.3499999999999,20,27.0,42.1,44.0,17.0,6.04,3.71,7.4,0.8,5674,0.5609,7,24,33,44,54,58,61,66
Feriali,Centro,22,13800006887551,Corso di Francia,2,50,45.38,769.9699999999999,792.66,815.3499999999999,21,23.0,44.5,46.0,22.0,7.1,3.55,9.47,0.94,3147,0.3111,5,16,32,46,60,66,71,77
Feriali,Centro,22,13800006887551,Corso di Francia,2,50,45.38,769.9699999999999,792.66,815.3499999999999,22,22.7,44.3,46.0,22.2,7.21,3.55,9.94,0.95,2659,0.2629,5,15,31,46,60,67,71,78
Feriali,Centro,22,13800006887551,Corso di Francia,2,50,45.38,769.9699999999999,792.66,815.3499999999999,23,21.7,43.7,45.0,22.7,7.54,3.63,12.54,1.0,2588,0.2558,5,15,28,45,60,68,72,79
Feriali,Centro,23,13800007290271,Corso di Francia,3,50,25.49,815.3499999999999,828.0949999999999,840.8399999999999,0,45.3,55.8,57.0,20.1,2.02,1.61,1.54,1.0,733,0.0725,24,34,41,57,69,76,83,88
Feriali,Centro,23,13800007290271,Corso di Francia,3,50,25.49,815.3499999999999,828.0949999999999,840.8399999999999,1,48.5,57.6,58.0,19.8,1.89,1.58,1.17,0.94,405,0.04,26,36,44,58,70,77,81,93
Feriali,Centro,23,13800007290271,Corso di Francia,3,50,25.49,815.3499999999999,828.0949999999999,840.8399999999999,2,44.5,56.1,55.0,20.6,2.06,1.67,1.62,1.02,169,0.0167,23,33,43,55,70,77,81,89
Feriali,Centro,23,13800007290271,Corso di Francia,3,50,25.49,815.3499999999999,828.0949999999999,840.8399999999999,3,45.9,56.2,56.0,22.6,2.0,1.64,1.26,0.99,120,0.0119,25,33,40,56,70,75,79,89
Feriali,Centro,23,13800007290271,Corso di Francia,3,50,25.49,815.3499999999999,828.0949999999999,840.8399999999999,4,50.8,61.3,62.0,22.0,1.81,1.48,1.12,0.89,203,0.0201,24,39,46,62,75,83,86,90
Feriali,Centro,23,13800007290271,Corso di Francia,3,50,25.49,815.3499999999999,828.0949999999999,840.8399999999999,5,48.8,58.6,60.0,19.1,1.88,1.53,1.26,0.93,801,0.0792,24,36,45,60,72,78,81,86
Feriali,Centro,23,13800007290271,Corso di Francia,3,50,25.49,815.3499999999999,828.0949999999999,840.8399999999999,6,48.9,56.5,59.0,16.1,1.88,1.56,1.17,0.93,2246,0.222,27,39,47,59,68,72,74,78
Feriali,Centro,23,13800007290271,Corso di Francia,3,50,25.49,815.3499999999999,828.0949999999999,840.8399999999999,7,40.1,46.0,47.0,13.0,2.29,1.95,1.41,1.13,7074,0.6993,23,33,38,47,55,59,61,66
Feriali,Centro,23,13800007290271,Corso di Francia,3,50,25.49,815.3499999999999,828.0949999999999,840.8399999999999,8,37.8,42.8,44.0,11.9,2.43,2.09,1.34,1.2,8176,0.8082,21,31,36,44,51,54,56,60
Feriali,Centro,23,13800007290271,Corso di Francia,3,50,25.49,815.3499999999999,828.0949999999999,840.8399999999999,9,39.8,44.8,45.0,12.5,2.31,2.04,1.25,1.14,7021,0.694,23,32,37,45,53,57,60,64
Feriali,Centro,23,13800007290271,Corso di Francia,3,50,25.49,815.3499999999999,828.0949999999999,840.8399999999999,10,41.9,48.3,49.0,13.8,2.19,1.87,1.72,1.08,5287,0.5226,24,35,40,49,58,62,65,69
Feriali,Centro,23,13800007290271,Corso di Francia,3,50,25.49,815.3499999999999,828.0949999999999,840.8399999999999,11,41.8,48.7,49.0,14.5,2.2,1.87,1.81,1.08,4679,0.4625,24,34,39,49,59,64,66,70
Feriali,Centro,23,13800007290271,Corso di Francia,3,50,25.49,815.3499999999999,828.0949999999999,840.8399999999999,12,41.8,50.0,51.0,14.9,2.2,1.8,4.13,1.09,4474,0.4423,25,35,40,51,61,65,68,72
Feriali,Centro,23,13800007290271,Corso di Francia,3,50,25.49,815.3499999999999,828.0949999999999,840.8399999999999,13,42.5,49.4,50.0,14.7,2.16,1.84,1.52,1.07,4829,0.4774,24,34,40,50,60,64,67,71
Feriali,Centro,23,13800007290271,Corso di Francia,3,50,25.49,815.3499999999999,828.0949999999999,840.8399999999999,14,43.0,49.2,50.0,14.1,2.14,1.84,1.36,1.06,5345,0.5284,24,35,40,50,59,64,66,70
Feriali,Centro,23,13800007290271,Corso di Francia,3,50,25.49,815.3499999999999,828.0949999999999,840.8399999999999,15,40.8,46.7,47.0,13.1,2.25,1.95,1.53,1.11,6491,0.6417,23,34,38,47,56,60,63,66
Feriali,Centro,23,13800007290271,Corso di Francia,3,50,25.49,815.3499999999999,828.0949999999999,840.8399999999999,16,40.1,45.5,46.0,12.2,2.29,1.99,1.55,1.13,6341,0.6268,24,33,38,46,53,57,60,64
Feriali,Centro,23,13800007290271,Corso di Francia,3,50,25.49,815.3499999999999,828.0949999999999,840.8399999999999,17,39.8,44.1,45.0,11.4,2.3,2.04,1.12,1.14,6656,0.658,24,33,37,45,51,55,57,61
Feriali,Centro,23,13800007290271,Corso di Francia,3,50,25.49,815.3499999999999,828.0949999999999,840.8399999999999,18,40.1,44.9,45.0,11.8,2.29,2.04,1.38,1.13,5947,0.5879,25,34,38,45,53,57,59,63
Feriali,Centro,23,13800007290271,Corso di Francia,3,50,25.49,815.3499999999999,828.0949999999999,840.8399999999999,19,41.4,46.3,47.0,12.0,2.22,1.95,1.33,1.09,5551,0.5487,25,35,39,47,54,58,61,65
Feriali,Centro,23,13800007290271,Corso di Francia,3,50,25.49,815.3499999999999,828.0949999999999,840.8399999999999,20,41.7,48.9,50.0,13.6,2.2,1.84,4.65,1.09,4603,0.455,25,35,41,50,58,62,65,70
Feriali,Centro,23,13800007290271,Corso di Francia,3,50,25.49,815.3499999999999,828.0949999999999,840.8399999999999,21,45.0,53.7,54.0,17.7,2.04,1.7,1.59,1.01,2370,0.2343,24,35,42,54,66,71,75,82
Feriali,Centro,23,13800007290271,Corso di Francia,3,50,25.49,815.3499999999999,828.0949999999999,840.8399999999999,22,44.4,53.6,54.0,18.1,2.07,1.7,1.73,1.02,2035,0.2012,23,35,42,54,65,71,76,82
Feriali,Centro,23,13800007290271,Corso di Francia,3,50,25.49,815.3499999999999,828.0949999999999,840.8399999999999,23,46.0,54.3,54.0,18.4,1.99,1.7,1.2,0.99,1895,0.1873,25,35,41,54,67,73,77,84
Feriali,Centro,24,13800014505240,Corso di Francia,3,50,13.1,840.8399999999999,847.3899999999999,853.9399999999999,0,48.7,57.8,58.0,19.6,0.97,0.81,0.64,1.0,734,0.0726,27,38,44,58,70,78,83,90
Feriali,Centro,24,13800014505240,Corso di Francia,3,50,13.1,840.8399999999999,847.3899999999999,853.9399999999999,1,52.0,59.8,59.0,18.7,0.91,0.8,0.52,0.94,406,0.0401,29,40,48,59,72,77,84,94
Feriali,Centro,24,13800014505240,Corso di Francia,3,50,13.1,840.8399999999999,847.3899999999999,853.9399999999999,2,48.9,58.0,56.0,19.3,0.97,0.84,0.62,1.0,169,0.0167,25,37,47,56,71,77,81,89
Feriali,Centro,24,13800014505240,Corso di Francia,3,50,13.1,840.8399999999999,847.3899999999999,853.9399999999999,3,49.8,58.0,57.0,21.5,0.95,0.83,0.46,0.98,120,0.0119,25,38,44,57,69,75,79,89
Feriali,Centro,24,13800014505240,Corso di Francia,3,50,13.1,840.8399999999999,847.3899999999999,853.9399999999999,4,53.8,63.0,63.0,21.8,0.88,0.75,0.46,0.91,203,0.0201,28,41,48,63,76,84,87,92
Feriali,Centro,24,13800014505240,Corso di Francia,3,50,13.1,840.8399999999999,847.3899999999999,853.9399999999999,5,52.6,60.2,62.0,18.2,0.9,0.76,0.43,0.93,801,0.0792,27,40,48,62,73,78,82,87
Feriali,Centro,24,13800014505240,Corso di Francia,3,50,13.1,840.8399999999999,847.3899999999999,853.9399999999999,6,50.8,57.7,60.0,15.6,0.93,0.79,0.54,0.96,2244,0.2218,30,41,48,60,68,73,75,79
Feriali,Centro,24,13800014505240,Corso di Francia,3,50,13.1,840.8399999999999,847.3899999999999,853.9399999999999,7,42.0,46.9,47.0,12.6,1.12,1.0,0.56,1.16,7083,0.7002,25,35,40,47,55,59,62,67
Feriali,Centro,24,13800014505240,Corso di Francia,3,50,13.1,840.8399999999999,847.3899999999999,853.9399999999999,8,38.9,43.7,45.0,11.9,1.21,1.05,0.63,1.25,8191,0.8097,22,32,37,45,51,55,57,61
Feriali,Centro,24,13800014505240,Corso di Francia,3,50,13.1,840.8399999999999,847.3899999999999,853.9399999999999,9,40.9,45.7,46.0,12.4,1.15,1.03,0.58,1.19,7042,0.6961,24,33,38,46,54,58,61,64
Feriali,Centro,24,13800014505240,Corso di Francia,3,50,13.1,840.8399999999999,847.3899999999999,853.9399999999999,10,43.5,49.5,50.0,13.6,1.09,0.94,0.9,1.12,5299,0.5238,26,36,41,50,59,63,66,70
Feriali,Centro,24,13800014505240,Corso di Francia,3,50,13.1,840.8399999999999,847.3899999999999,853.9399999999999,11,43.5,50.1,51.0,14.3,1.08,0.92,0.88,1.12,4697,0.4643,26,36,41,51,60,65,67,72
Feriali,Centro,24,13800014505240,Corso di Francia,3,50,13.1,840.8399999999999,847.3899999999999,853.9399999999999,12,45.3,51.4,52.0,14.4,1.04,0.91,0.6,1.08,4474,0.4423,27,37,42,52,61,66,69,73
Feriali,Centro,24,13800014505240,Corso di Francia,3,50,13.1,840.8399999999999,847.3899999999999,853.9399999999999,13,44.4,50.8,51.0,14.4,1.06,0.92,0.73,1.1,4841,0.4785,26,36,42,51,61,65,68,73
Feriali,Centro,24,13800014505240,Corso di Francia,3,50,13.1,840.8399999999999,847.3899999999999,853.9399999999999,14,44.5,50.5,51.0,13.9,1.06,0.92,0.7,1.1,5349,0.5288,26,37,42,51,60,64,67,71
Feriali,Centro,24,13800014505240,Corso di Francia,3,50,13.1,840.8399999999999,847.3899999999999,853.9399999999999,15,42.5,47.8,48.0,12.9,1.11,0.98,0.65,1.15,6495,0.6421,25,35,40,48,57,60,63,67
Feriali,Centro,24,13800014505240,Corso di Francia,3,50,13.1,840.8399999999999,847.3899999999999,853.9399999999999,16,41.3,46.5,47.0,12.0,1.14,1.0,0.87,1.18,6360,0.6287,25,35,40,47,54,58,60,65
Feriali,Centro,24,13800014505240,Corso di Francia,3,50,13.1,840.8399999999999,847.3899999999999,853.9399999999999,17,40.7,44.8,45.0,11.3,1.16,1.05,0.66,1.2,6663,0.6587,25,34,38,45,52,55,58,62
Feriali,Centro,24,13800014505240,Corso di Francia,3,50,13.1,840.8399999999999,847.3899999999999,853.9399999999999,18,40.7,45.6,46.0,11.7,1.16,1.03,1.35,1.2,5960,0.5892,25,35,39,46,53,57,59,64
Feriali,Centro,24,13800014505240,Corso di Francia,3,50,13.1,840.8399999999999,847.3899999999999,853.9399999999999,19,41.9,47.3,48.0,11.8,1.12,0.98,1.89,1.16,5561,0.5497,27,36,40,48,55,59,62,66
Feriali,Centro,24,13800014505240,Corso di Francia,3,50,13.1,840.8399999999999,847.3899999999999,853.9399999999999,20,44.8,50.1,51.0,13.3,1.05,0.92,0.58,1.09,4615,0.4562,27,37,42,51,59,63,66,70
Feriali,Centro,24,13800014505240,Corso di Francia,3,50,13.1,840.8399999999999,847.3899999999999,853.9399999999999,21,47.8,55.4,56.0,17.2,0.99,0.84,0.62,1.02,2371,0.2344,28,38,44,56,67,73,76,83
Feriali,Centro,24,13800014505240,Corso di Francia,3,50,13.1,840.8399999999999,847.3899999999999,853.9399999999999,22,44.0,55.2,55.0,17.6,1.07,0.86,1.83,1.11,2039,0.2016,25,39,44,55,66,72,77,83
Feriali,Centro,24,13800014505240,Corso di Francia,3,50,13.1,840.8399999999999,847.3899999999999,853.9399999999999,23,48.5,55.9,55.0,17.8,0.97,0.86,0.56,1.01,1901,0.1879,27,38,44,55,68,74,78,86
Feriali,Centro,25,13800014505241,Corso di Francia,3,50,88.05,853.9399999999999,897.9649999999999,941.9899999999999,0,53.1,60.8,61.0,19.1,5.97,5.2,2.99,1.0,730,0.0722,31,41,48,61,72,79,85,93
Feriali,Centro,25,13800014505241,Corso di Francia,3,50,88.05,853.9399999999999,897.9649999999999,941.9899999999999,1,54.2,61.7,61.0,18.7,5.85,5.2,3.32,0.98,404,0.0399,32,42,51,61,73,79,85,95
Feriali,Centro,25,13800014505241,Corso di Francia,3,50,88.05,853.9399999999999,897.9649999999999,941.9899999999999,2,54.5,60.8,59.0,18.5,5.82,5.37,2.22,0.97,167,0.0165,31,43,47,59,75,81,82,94
Feriali,Centro,25,13800014505241,Corso di Francia,3,50,88.05,853.9399999999999,897.9649999999999,941.9899999999999,3,53.5,60.5,59.0,20.8,5.93,5.37,2.39,0.99,120,0.0119,27,39,48,59,71,78,82,89
Feriali,Centro,25,13800014505241,Corso di Francia,3,50,88.05,853.9399999999999,897.9649999999999,941.9899999999999,4,55.3,64.3,65.0,22.3,5.74,4.88,2.75,0.96,203,0.0201,28,42,49,65,77,86,90,97
Feriali,Centro,25,13800014505241,Corso di Francia,3,50,88.05,853.9399999999999,897.9649999999999,941.9899999999999,5,54.9,62.2,64.0,18.2,5.77,4.95,2.65,0.97,798,0.0789,29,41,50,64,75,80,84,88
Feriali,Centro,25,13800014505241,Corso di Francia,3,50,88.05,853.9399999999999,897.9649999999999,941.9899999999999,6,52.0,58.9,61.0,15.6,6.09,5.2,4.3,1.02,2239,0.2213,31,42,49,61,70,74,76,80
Feriali,Centro,25,13800014505241,Corso di Francia,3,50,88.05,853.9399999999999,897.9649999999999,941.9899999999999,7,41.8,46.6,46.0,12.8,7.59,6.89,4.43,1.27,7046,0.6965,26,34,38,46,55,60,62,67
Feriali,Centro,25,13800014505241,Corso di Francia,3,50,88.05,853.9399999999999,897.9649999999999,941.9899999999999,8,38.4,43.2,43.0,11.9,8.25,7.37,5.16,1.38,8157,0.8063,23,32,36,43,51,55,58,62
Feriali,Centro,25,13800014505241,Corso di Francia,3,50,88.05,853.9399999999999,897.9649999999999,941.9899999999999,9,40.3,45.3,45.0,12.5,7.87,7.04,5.7,1.32,7005,0.6925,25,33,37,45,54,58,61,65
Feriali,Centro,25,13800014505241,Corso di Francia,3,50,88.05,853.9399999999999,897.9649999999999,941.9899999999999,10,43.6,49.9,51.0,13.7,7.28,6.22,6.5,1.22,5293,0.5232,27,36,41,51,59,64,67,71
Feriali,Centro,25,13800014505241,Corso di Francia,3,50,88.05,853.9399999999999,897.9649999999999,941.9899999999999,11,44.9,51.0,52.0,14.5,7.07,6.1,4.89,1.18,4675,0.4621,27,36,41,52,61,66,69,73
Feriali,Centro,25,13800014505241,Corso di Francia,3,50,88.05,853.9399999999999,897.9649999999999,941.9899999999999,12,44.9,52.3,53.0,14.9,7.06,5.98,6.27,1.18,4454,0.4403,27,37,42,53,63,67,70,75
Feriali,Centro,25,13800014505241,Corso di Francia,3,50,88.05,853.9399999999999,897.9649999999999,941.9899999999999,13,45.3,51.8,53.0,14.6,7.0,5.98,5.39,1.17,4824,0.4769,27,37,42,53,62,67,70,74
Feriali,Centro,25,13800014505241,Corso di Francia,3,50,88.05,853.9399999999999,897.9649999999999,941.9899999999999,14,45.0,51.2,52.0,14.1,7.05,6.1,5.19,1.18,5319,0.5258,27,37,42,52,61,65,68,73
Feriali,Centro,25,13800014505241,Corso di Francia,3,50,88.05,853.9399999999999,897.9649999999999,941.9899999999999,15,42.3,48.1,49.0,13.2,7.49,6.47,6.55,1.25,6479,0.6405,26,35,39,49,57,61,64,68
Feriali,Centro,25,13800014505241,Corso di Francia,3,50,88.05,853.9399999999999,897.9649999999999,941.9899999999999,16,41.2,46.1,46.0,12.2,7.69,6.89,5.37,1.29,6329,0.6256,26,34,38,46,55,58,61,65
Feriali,Centro,25,13800014505241,Corso di Francia,3,50,88.05,853.9399999999999,897.9649999999999,941.9899999999999,17,39.7,43.9,43.0,11.5,7.98,7.37,4.36,1.34,6637,0.6561,25,33,36,43,52,56,58,62
Feriali,Centro,25,13800014505241,Corso di Francia,3,50,88.05,853.9399999999999,897.9649999999999,941.9899999999999,18,40.0,44.9,45.0,12.0,7.93,7.04,5.85,1.33,5922,0.5854,26,33,37,45,53,57,60,64
Feriali,Centro,25,13800014505241,Corso di Francia,3,50,88.05,853.9399999999999,897.9649999999999,941.9899999999999,19,42.3,46.9,47.0,12.2,7.49,6.74,4.43,1.25,5530,0.5467,28,35,39,47,55,59,62,67
Feriali,Centro,25,13800014505241,Corso di Francia,3,50,88.05,853.9399999999999,897.9649999999999,941.9899999999999,20,45.2,50.5,51.0,13.6,7.02,6.22,4.25,1.18,4600,0.4547,28,37,41,51,59,64,67,71
Feriali,Centro,25,13800014505241,Corso di Francia,3,50,88.05,853.9399999999999,897.9649999999999,941.9899999999999,21,48.7,56.5,57.0,17.4,6.51,5.56,4.83,1.09,2365,0.2338,28,38,44,57,68,74,78,84
Feriali,Centro,25,13800014505241,Corso di Francia,3,50,88.05,853.9399999999999,897.9649999999999,941.9899999999999,22,48.2,56.3,56.0,17.5,6.57,5.66,4.72,1.1,2031,0.2008,28,39,45,56,68,73,78,83
Feriali,Centro,25,13800014505241,Corso di Francia,3,50,88.05,853.9399999999999,897.9649999999999,941.9899999999999,23,48.8,57.1,57.0,18.0,6.5,5.56,5.57,1.09,1891,0.1869,29,39,44,57,69,75,79,87
Feriali,Centro,26,13800007290273,Corso di Francia,3,50,17.31,941.9899999999999,950.6449999999999,959.2999999999998,0,57.3,64.4,64.0,19.0,1.09,0.97,0.5,1.0,737,0.0729,33,47,53,64,75,83,89,96
Feriali,Centro,26,13800007290273,Corso di Francia,3,50,17.31,941.9899999999999,950.6449999999999,959.2999999999998,1,58.4,65.2,64.0,18.3,1.07,0.97,0.55,0.98,409,0.0404,35,48,55,64,75,81,88,98
Feriali,Centro,26,13800007290273,Corso di Francia,3,50,17.31,941.9899999999999,950.6449999999999,959.2999999999998,2,58.2,64.3,63.0,18.6,1.07,0.99,0.4,0.99,168,0.0166,37,46,51,63,75,82,90,97
Feriali,Centro,26,13800007290273,Corso di Francia,3,50,17.31,941.9899999999999,950.6449999999999,959.2999999999998,3,57.9,64.1,63.0,19.8,1.08,0.99,0.39,0.99,120,0.0119,33,45,53,63,75,79,86,94
Feriali,Centro,26,13800007290273,Corso di Francia,3,50,17.31,941.9899999999999,950.6449999999999,959.2999999999998,4,37.1,66.7,67.0,22.2,1.68,0.93,8.82,1.55,205,0.0203,33,46,51,67,79,88,91,100
Feriali,Centro,26,13800007290273,Corso di Francia,3,50,17.31,941.9899999999999,950.6449999999999,959.2999999999998,5,57.7,65.0,67.0,18.2,1.08,0.93,0.5,0.99,798,0.0789,29,46,54,67,77,83,87,92
Feriali,Centro,26,13800007290273,Corso di Francia,3,50,17.31,941.9899999999999,950.6449999999999,959.2999999999998,6,55.0,61.4,63.0,15.5,1.13,0.99,0.63,1.04,2243,0.2217,34,45,52,63,72,76,78,82
Feriali,Centro,26,13800007290273,Corso di Francia,3,50,17.31,941.9899999999999,950.6449999999999,959.2999999999998,7,46.0,50.8,51.0,13.4,1.36,1.22,0.63,1.25,7101,0.702,28,37,43,51,60,64,67,72
Feriali,Centro,26,13800007290273,Corso di Francia,3,50,17.31,941.9899999999999,950.6449999999999,959.2999999999998,8,42.0,47.3,48.0,13.1,1.48,1.3,1.12,1.37,8245,0.815,24,34,39,48,56,60,63,68
Feriali,Centro,26,13800007290273,Corso di Francia,3,50,17.31,941.9899999999999,950.6449999999999,959.2999999999998,9,42.6,48.9,50.0,13.4,1.46,1.25,3.07,1.35,7074,0.6993,25,35,40,50,58,62,65,70
Feriali,Centro,26,13800007290273,Corso di Francia,3,50,17.31,941.9899999999999,950.6449999999999,959.2999999999998,10,47.8,53.4,54.0,13.7,1.3,1.15,1.02,1.2,5346,0.5285,30,39,45,54,63,67,70,74
Feriali,Centro,26,13800007290273,Corso di Francia,3,50,17.31,941.9899999999999,950.6449999999999,959.2999999999998,11,47.9,54.6,56.0,14.9,1.3,1.11,1.44,1.2,4692,0.4638,28,39,45,56,65,69,72,76
Feriali,Centro,26,13800007290273,Corso di Francia,3,50,17.31,941.9899999999999,950.6449999999999,959.2999999999998,12,47.5,55.7,57.0,14.9,1.31,1.09,3.1,1.21,4501,0.4449,29,41,47,57,66,70,73,78
Feriali,Centro,26,13800007290273,Corso di Francia,3,50,17.31,941.9899999999999,950.6449999999999,959.2999999999998,13,49.2,55.3,57.0,14.8,1.27,1.09,0.78,1.16,4869,0.4813,28,40,46,57,65,70,73,77
Feriali,Centro,26,13800007290273,Corso di Francia,3,50,17.31,941.9899999999999,950.6449999999999,959.2999999999998,14,48.6,54.8,56.0,14.3,1.28,1.11,1.19,1.18,5357,0.5296,29,40,46,56,65,69,72,76
Feriali,Centro,26,13800007290273,Corso di Francia,3,50,17.31,941.9899999999999,950.6449999999999,959.2999999999998,15,46.8,51.9,53.0,13.6,1.33,1.18,0.75,1.22,6542,0.6467,29,38,44,53,61,65,68,73
Feriali,Centro,26,13800007290273,Corso di Francia,3,50,17.31,941.9899999999999,950.6449999999999,959.2999999999998,16,44.4,49.9,50.0,13.4,1.4,1.25,0.98,1.29,6391,0.6318,26,37,42,50,59,63,66,70
Feriali,Centro,26,13800007290273,Corso di Francia,3,50,17.31,941.9899999999999,950.6449999999999,959.2999999999998,17,43.1,48.2,48.0,13.1,1.45,1.3,0.85,1.33,6694,0.6617,26,35,40,48,57,61,64,69
Feriali,Centro,26,13800007290273,Corso di Francia,3,50,17.31,941.9899999999999,950.6449999999999,959.2999999999998,18,43.7,48.8,49.0,13.0,1.42,1.27,1.06,1.31,5972,0.5904,27,35,40,49,57,61,65,70
Feriali,Centro,26,13800007290273,Corso di Francia,3,50,17.31,941.9899999999999,950.6449999999999,959.2999999999998,19,43.7,50.5,51.0,13.3,1.43,1.22,2.53,1.31,5584,0.552,29,37,42,51,59,64,67,72
Feriali,Centro,26,13800007290273,Corso di Francia,3,50,17.31,941.9899999999999,950.6449999999999,959.2999999999998,20,48.1,53.7,54.0,14.1,1.29,1.15,0.78,1.19,4636,0.4583,29,40,45,54,63,67,70,75
Feriali,Centro,26,13800007290273,Corso di Francia,3,50,17.31,941.9899999999999,950.6449999999999,959.2999999999998,21,51.6,59.3,60.0,17.4,1.21,1.04,0.81,1.11,2385,0.2358,29,42,49,60,70,77,80,86
Feriali,Centro,26,13800007290273,Corso di Francia,3,50,17.31,941.9899999999999,950.6449999999999,959.2999999999998,22,52.5,59.3,59.0,17.3,1.19,1.06,0.6,1.09,2052,0.2028,30,42,48,59,70,76,80,86
Feriali,Centro,26,13800007290273,Corso di Francia,3,50,17.31,941.9899999999999,950.6449999999999,959.2999999999998,23,49.0,60.0,60.0,17.6,1.27,1.04,4.12,1.17,1913,0.1891,31,43,49,60,71,77,82,89
Feriali,Centro,27,13800011255483,Corso di Francia,3,50,24.68,959.2999999999998,971.6399999999999,983.9799999999998,0,58.0,64.8,65.0,19.0,1.53,1.37,0.67,1.0,738,0.073,33,47,53,65,75,83,90,96
Feriali,Centro,27,13800011255483,Corso di Francia,3,50,24.68,959.2999999999998,971.6399999999999,983.9799999999998,1,58.9,65.4,64.0,18.3,1.51,1.39,0.76,0.99,408,0.0403,37,49,54,64,76,81,90,99
Feriali,Centro,27,13800011255483,Corso di Francia,3,50,24.68,959.2999999999998,971.6399999999999,983.9799999999998,2,58.2,64.5,64.0,18.9,1.53,1.39,0.57,1.0,170,0.0168,37,46,50,64,77,83,90,98
Feriali,Centro,27,13800011255483,Corso di Francia,3,50,24.68,959.2999999999998,971.6399999999999,983.9799999999998,3,58.3,64.4,63.0,19.7,1.52,1.41,0.55,0.99,121,0.012,37,46,53,63,76,81,86,94
Feriali,Centro,27,13800011255483,Corso di Francia,3,50,24.68,959.2999999999998,971.6399999999999,983.9799999999998,4,58.6,67.0,67.0,21.8,1.52,1.33,0.69,0.99,205,0.0203,34,46,51,67,79,89,92,100
Feriali,Centro,27,13800011255483,Corso di Francia,3,50,24.68,959.2999999999998,971.6399999999999,983.9799999999998,5,58.2,65.5,68.0,18.5,1.53,1.31,0.69,1.0,798,0.0789,30,45,55,68,78,83,87,92
Feriali,Centro,27,13800011255483,Corso di Francia,3,50,24.68,959.2999999999998,971.6399999999999,983.9799999999998,6,55.6,61.5,63.0,15.6,1.6,1.41,0.77,1.04,2243,0.2217,34,45,53,63,72,76,79,83
Feriali,Centro,27,13800011255483,Corso di Francia,3,50,24.68,959.2999999999998,971.6399999999999,983.9799999999998,7,46.3,50.9,51.0,13.3,1.92,1.74,0.83,1.25,7107,0.7026,28,38,42,51,60,64,67,72
Feriali,Centro,27,13800011255483,Corso di Francia,3,50,24.68,959.2999999999998,971.6399999999999,983.9799999999998,8,42.7,47.5,48.0,13.1,2.08,1.85,1.14,1.36,8252,0.8157,25,34,39,48,56,60,64,69
Feriali,Centro,27,13800011255483,Corso di Francia,3,50,24.68,959.2999999999998,971.6399999999999,983.9799999999998,9,44.1,49.0,50.0,13.3,2.02,1.78,1.11,1.32,7085,0.7004,26,35,40,50,58,62,66,70
Feriali,Centro,27,13800011255483,Corso di Francia,3,50,24.68,959.2999999999998,971.6399999999999,983.9799999999998,10,48.1,53.6,54.0,13.7,1.85,1.65,1.68,1.21,5365,0.5303,30,39,45,54,63,67,70,74
Feriali,Centro,27,13800011255483,Corso di Francia,3,50,24.68,959.2999999999998,971.6399999999999,983.9799999999998,11,48.8,54.8,56.0,14.9,1.82,1.59,1.2,1.19,4700,0.4646,29,39,45,56,65,70,73,77
Feriali,Centro,27,13800011255483,Corso di Francia,3,50,24.68,959.2999999999998,971.6399999999999,983.9799999999998,12,49.3,55.9,57.0,15.0,1.8,1.56,1.24,1.18,4511,0.4459,29,41,47,57,66,70,74,78
Feriali,Centro,27,13800011255483,Corso di Francia,3,50,24.68,959.2999999999998,971.6399999999999,983.9799999999998,13,49.9,55.5,57.0,14.8,1.78,1.56,0.86,1.16,4878,0.4822,29,40,46,57,65,70,73,77
Feriali,Centro,27,13800011255483,Corso di Francia,3,50,24.68,959.2999999999998,971.6399999999999,983.9799999999998,14,49.4,54.9,56.0,14.4,1.8,1.59,1.01,1.17,5378,0.5316,29,40,46,56,65,69,72,76
Feriali,Centro,27,13800011255483,Corso di Francia,3,50,24.68,959.2999999999998,971.6399999999999,983.9799999999998,15,47.2,52.1,53.0,13.6,1.88,1.68,0.91,1.23,6553,0.6478,29,38,44,53,61,65,69,73
Feriali,Centro,27,13800011255483,Corso di Francia,3,50,24.68,959.2999999999998,971.6399999999999,983.9799999999998,16,44.6,49.9,50.0,13.4,1.99,1.78,1.29,1.3,6401,0.6328,27,37,42,50,59,63,66,71
Feriali,Centro,27,13800011255483,Corso di Francia,3,50,24.68,959.2999999999998,971.6399999999999,983.9799999999998,17,43.4,48.3,48.0,13.1,2.05,1.85,1.12,1.34,6715,0.6638,27,35,40,48,57,61,65,69
Feriali,Centro,27,13800011255483,Corso di Francia,3,50,24.68,959.2999999999998,971.6399999999999,983.9799999999998,18,44.0,48.7,49.0,13.0,2.02,1.81,1.31,1.32,5983,0.5914,27,36,40,49,57,62,65,70
Feriali,Centro,27,13800011255483,Corso di Francia,3,50,24.68,959.2999999999998,971.6399999999999,983.9799999999998,19,45.9,50.5,51.0,13.3,1.94,1.74,0.94,1.26,5599,0.5535,29,37,42,51,59,64,67,72
Feriali,Centro,27,13800011255483,Corso di Francia,3,50,24.68,959.2999999999998,971.6399999999999,983.9799999999998,20,48.5,53.7,54.0,14.2,1.83,1.65,0.98,1.2,4646,0.4593,30,40,45,54,63,68,71,75
Feriali,Centro,27,13800011255483,Corso di Francia,3,50,24.68,959.2999999999998,971.6399999999999,983.9799999999998,21,52.2,59.5,60.0,17.6,1.7,1.48,0.97,1.11,2392,0.2365,30,42,48,60,71,77,81,87
Feriali,Centro,27,13800011255483,Corso di Francia,3,50,24.68,959.2999999999998,971.6399999999999,983.9799999999998,22,52.6,59.5,59.0,17.4,1.69,1.51,1.04,1.1,2060,0.2036,31,42,48,59,70,76,80,86
Feriali,Centro,27,13800011255483,Corso di Francia,3,50,24.68,959.2999999999998,971.6399999999999,983.9799999999998,23,50.7,59.9,59.0,17.8,1.75,1.51,2.87,1.14,1919,0.1897,31,43,49,59,71,77,82,90
Feriali,Centro,28,13800011255443,Corso di Francia,3,50,32.97,983.9799999999998,1000.4649999999998,1016.9499999999998,0,57.8,65.0,66.0,19.6,2.05,1.8,0.92,1.0,741,0.0733,33,44,53,66,76,83,90,98
Feriali,Centro,28,13800011255443,Corso di Francia,3,50,32.97,983.9799999999998,1000.4649999999998,1016.9499999999998,1,58.4,65.5,65.0,19.1,2.03,1.83,1.04,0.99,408,0.0403,36,46,54,65,77,83,90,100
Feriali,Centro,28,13800011255443,Corso di Francia,3,50,32.97,983.9799999999998,1000.4649999999998,1016.9499999999998,2,56.6,63.7,64.0,19.9,2.1,1.85,0.85,1.02,176,0.0174,31,43,48,64,77,83,91,98
Feriali,Centro,28,13800011255443,Corso di Francia,3,50,32.97,983.9799999999998,1000.4649999999998,1016.9499999999998,3,56.6,63.8,64.0,21.0,2.1,1.85,0.82,1.02,123,0.0122,32,42,49,64,76,82,87,93
Feriali,Centro,28,13800011255443,Corso di Francia,3,50,32.97,983.9799999999998,1000.4649999999998,1016.9499999999998,4,58.1,67.2,67.0,22.7,2.04,1.77,0.96,1.0,204,0.0202,33,44,50,67,80,90,94,103
Feriali,Centro,28,13800011255443,Corso di Francia,3,50,32.97,983.9799999999998,1000.4649999999998,1016.9499999999998,5,57.2,65.7,68.0,19.2,2.08,1.75,1.31,1.01,801,0.0792,29,44,54,68,79,84,88,93
Feriali,Centro,28,13800011255443,Corso di Francia,3,50,32.97,983.9799999999998,1000.4649999999998,1016.9499999999998,6,55.6,61.7,64.0,16.1,2.14,1.85,0.99,1.04,2238,0.2212,31,44,53,64,73,76,79,84
Feriali,Centro,28,13800011255443,Corso di Francia,3,50,32.97,983.9799999999998,1000.4649999999998,1016.9499999999998,7,46.6,51.1,52.0,13.5,2.55,2.28,1.0,1.24,7114,0.7032,28,37,42,52,60,65,68,73
Feriali,Centro,28,13800011255443,Corso di Francia,3,50,32.97,983.9799999999998,1000.4649999999998,1016.9499999999998,8,43.0,47.7,48.0,13.2,2.76,2.47,1.26,1.34,8260,0.8165,25,34,39,48,56,61,64,69
Feriali,Centro,28,13800011255443,Corso di Francia,3,50,32.97,983.9799999999998,1000.4649999999998,1016.9499999999998,9,44.5,49.2,50.0,13.5,2.67,2.37,1.25,1.3,7083,0.7002,27,35,40,50,58,63,66,71
Feriali,Centro,28,13800011255443,Corso di Francia,3,50,32.97,983.9799999999998,1000.4649999999998,1016.9499999999998,10,48.5,53.7,55.0,14.0,2.45,2.16,1.43,1.19,5377,0.5315,30,39,45,55,63,68,71,75
Feriali,Centro,28,13800011255443,Corso di Francia,3,50,32.97,983.9799999999998,1000.4649999999998,1016.9499999999998,11,49.3,55.1,56.0,15.3,2.41,2.12,1.17,1.17,4703,0.4649,28,38,45,56,65,70,73,78
Feriali,Centro,28,13800011255443,Corso di Francia,3,50,32.97,983.9799999999998,1000.4649999999998,1016.9499999999998,12,49.6,56.2,58.0,15.4,2.39,2.05,1.55,1.16,4516,0.4464,29,40,47,58,67,71,74,79
Feriali,Centro,28,13800011255443,Corso di Francia,3,50,32.97,983.9799999999998,1000.4649999999998,1016.9499999999998,13,50.1,55.8,57.0,15.2,2.37,2.08,1.09,1.15,4879,0.4823,29,39,46,57,66,71,74,78
Feriali,Centro,28,13800011255443,Corso di Francia,3,50,32.97,983.9799999999998,1000.4649999999998,1016.9499999999998,14,49.6,55.1,56.0,14.8,2.39,2.12,1.13,1.17,5388,0.5326,29,39,46,56,65,70,73,77
Feriali,Centro,28,13800011255443,Corso di Francia,3,50,32.97,983.9799999999998,1000.4649999999998,1016.9499999999998,15,47.1,52.1,53.0,14.0,2.52,2.24,1.1,1.23,6559,0.6484,29,37,43,53,62,66,69,74
Feriali,Centro,28,13800011255443,Corso di Francia,3,50,32.97,983.9799999999998,1000.4649999999998,1016.9499999999998,16,43.7,50.0,50.0,13.9,2.72,2.37,2.44,1.32,6412,0.6338,26,36,41,50,59,64,67,71
Feriali,Centro,28,13800011255443,Corso di Francia,3,50,32.97,983.9799999999998,1000.4649999999998,1016.9499999999998,17,43.0,48.4,49.0,13.4,2.76,2.42,2.01,1.34,6717,0.664,27,35,40,49,57,62,65,70
Feriali,Centro,28,13800011255443,Corso di Francia,3,50,32.97,983.9799999999998,1000.4649999999998,1016.9499999999998,18,43.9,48.8,49.0,13.4,2.71,2.42,1.62,1.32,5989,0.592,27,35,39,49,58,62,66,71
Feriali,Centro,28,13800011255443,Corso di Francia,3,50,32.97,983.9799999999998,1000.4649999999998,1016.9499999999998,19,45.8,50.7,51.0,13.7,2.59,2.33,1.23,1.26,5610,0.5546,28,36,42,51,60,64,67,73
Feriali,Centro,28,13800011255443,Corso di Francia,3,50,32.97,983.9799999999998,1000.4649999999998,1016.9499999999998,20,48.5,53.9,55.0,14.6,2.45,2.16,1.23,1.19,4648,0.4595,29,38,45,55,63,68,71,76
Feriali,Centro,28,13800011255443,Corso di Francia,3,50,32.97,983.9799999999998,1000.4649999999998,1016.9499999999998,21,51.8,59.7,60.0,18.2,2.29,1.98,1.5,1.11,2389,0.2362,30,40,47,60,72,78,81,88
Feriali,Centro,28,13800011255443,Corso di Francia,3,50,32.97,983.9799999999998,1000.4649999999998,1016.9499999999998,22,52.0,59.4,60.0,18.0,2.28,1.98,1.47,1.11,2063,0.2039,30,41,47,60,71,77,80,86
Feriali,Centro,28,13800011255443,Corso di Francia,3,50,32.97,983.9799999999998,1000.4649999999998,1016.9499999999998,23,51.6,59.7,60.0,18.5,2.3,1.98,1.69,1.12,1926,0.1904,30,40,47,60,72,77,82,92
Feriali,Centro,29,13800007335857,Corso di Francia,3,50,31.93,1016.9499999999998,1032.9149999999997,1048.8799999999999,0,63.0,68.8,69.0,18.5,1.82,1.67,0.66,1.0,655,0.0647,40,51,57,69,79,87,94,101
Feriali,Centro,29,13800007335857,Corso di Francia,3,50,31.93,1016.9499999999998,1032.9149999999997,1048.8799999999999,1,62.8,69.5,70.0,18.3,1.83,1.64,1.0,1.0,349,0.0345,42,53,58,70,79,86,92,103
Feriali,Centro,29,13800007335857,Corso di Francia,3,50,31.93,1016.9499999999998,1032.9149999999997,1048.8799999999999,2,62.6,68.6,68.0,18.6,1.84,1.69,0.69,1.01,148,0.0146,42,50,56,68,81,89,95,101
Feriali,Centro,29,13800007335857,Corso di Francia,3,50,31.93,1016.9499999999998,1032.9149999999997,1048.8799999999999,3,63.0,68.7,68.0,19.3,1.82,1.69,0.64,1.0,104,0.0103,42,53,58,68,77,85,90,95
Feriali,Centro,29,13800007335857,Corso di Francia,3,50,31.93,1016.9499999999998,1032.9149999999997,1048.8799999999999,4,67.8,73.6,72.0,20.4,1.7,1.6,0.53,0.93,169,0.0167,43,51,61,72,86,93,99,107
Feriali,Centro,29,13800007335857,Corso di Francia,3,50,31.93,1016.9499999999998,1032.9149999999997,1048.8799999999999,5,62.8,68.9,71.0,17.9,1.83,1.62,0.7,1.0,742,0.0733,36,50,58,71,81,86,89,94
Feriali,Centro,29,13800007335857,Corso di Francia,3,50,31.93,1016.9499999999998,1032.9149999999997,1048.8799999999999,6,59.0,64.0,66.0,14.9,1.95,1.74,0.81,1.07,2101,0.2077,37,48,56,66,74,78,81,85
Feriali,Centro,29,13800007335857,Corso di Francia,3,50,31.93,1016.9499999999998,1032.9149999999997,1048.8799999999999,7,48.3,52.2,52.0,12.8,2.38,2.21,0.84,1.3,6657,0.6581,31,39,44,52,61,65,68,73
Feriali,Centro,29,13800007335857,Corso di Francia,3,50,31.93,1016.9499999999998,1032.9149999999997,1048.8799999999999,8,44.6,48.5,48.0,12.5,2.58,2.39,1.0,1.41,7799,0.771,27,36,41,48,56,61,64,69
Feriali,Centro,29,13800007335857,Corso di Francia,3,50,31.93,1016.9499999999998,1032.9149999999997,1048.8799999999999,9,46.2,50.2,50.0,12.9,2.49,2.3,0.91,1.37,6711,0.6634,28,37,42,50,59,63,66,71
Feriali,Centro,29,13800007335857,Corso di Francia,3,50,31.93,1016.9499999999998,1032.9149999999997,1048.8799999999999,10,50.9,55.2,56.0,13.4,2.26,2.05,1.03,1.24,5035,0.4977,32,41,47,56,64,69,71,76
Feriali,Centro,29,13800007335857,Corso di Francia,3,50,31.93,1016.9499999999998,1032.9149999999997,1048.8799999999999,11,51.9,56.9,58.0,14.7,2.21,1.98,0.92,1.21,4397,0.4347,31,42,48,58,67,71,74,79
Feriali,Centro,29,13800007335857,Corso di Francia,3,50,31.93,1016.9499999999998,1032.9149999999997,1048.8799999999999,12,53.1,58.2,59.0,14.6,2.17,1.95,1.06,1.19,4183,0.4135,33,43,49,59,68,72,76,80
Feriali,Centro,29,13800007335857,Corso di Francia,3,50,31.93,1016.9499999999998,1032.9149999999997,1048.8799999999999,13,53.6,58.1,59.0,14.2,2.14,1.95,0.78,1.18,4462,0.4411,33,43,49,59,68,72,75,79
Feriali,Centro,29,13800007335857,Corso di Francia,3,50,31.93,1016.9499999999998,1032.9149999999997,1048.8799999999999,14,53.1,57.4,58.0,13.8,2.17,1.98,0.82,1.19,4889,0.4833,33,43,49,58,67,71,74,79
Feriali,Centro,29,13800007335857,Corso di Francia,3,50,31.93,1016.9499999999998,1032.9149999999997,1048.8799999999999,15,50.2,54.1,54.0,13.1,2.29,2.13,0.78,1.26,5943,0.5875,32,41,46,54,63,67,70,75
Feriali,Centro,29,13800007335857,Corso di Francia,3,50,31.93,1016.9499999999998,1032.9149999999997,1048.8799999999999,16,48.4,52.3,52.0,12.7,2.37,2.21,0.94,1.3,5689,0.5624,31,40,44,52,60,65,67,73
Feriali,Centro,29,13800007335857,Corso di Francia,3,50,31.93,1016.9499999999998,1032.9149999999997,1048.8799999999999,17,46.6,50.2,50.0,12.2,2.47,2.3,0.91,1.35,6029,0.596,31,38,42,50,58,62,65,70
Feriali,Centro,29,13800007335857,Corso di Francia,3,50,31.93,1016.9499999999998,1032.9149999999997,1048.8799999999999,18,46.5,50.4,50.0,12.5,2.47,2.3,1.06,1.35,5456,0.5393,31,38,42,50,58,63,66,71
Feriali,Centro,29,13800007335857,Corso di Francia,3,50,31.93,1016.9499999999998,1032.9149999999997,1048.8799999999999,19,48.8,52.5,52.0,12.7,2.36,2.21,0.92,1.29,5138,0.5079,33,40,44,52,61,65,68,73
Feriali,Centro,29,13800007335857,Corso di Francia,3,50,31.93,1016.9499999999998,1032.9149999999997,1048.8799999999999,20,51.6,56.1,56.0,13.9,2.23,2.05,1.05,1.22,4267,0.4218,33,42,47,56,65,69,72,78
Feriali,Centro,29,13800007335857,Corso di Francia,3,50,31.93,1016.9499999999998,1032.9149999999997,1048.8799999999999,21,56.2,62.5,63.0,17.5,2.05,1.82,0.96,1.12,2167,0.2142,34,44,51,63,74,80,84,89
Feriali,Centro,29,13800007335857,Corso di Francia,3,50,31.93,1016.9499999999998,1032.9149999999997,1048.8799999999999,22,56.4,62.5,62.0,17.1,2.04,1.85,1.22,1.12,1851,0.183,35,45,52,62,73,79,83,89
Feriali,Centro,29,13800007335857,Corso di Francia,3,50,31.93,1016.9499999999998,1032.9149999999997,1048.8799999999999,23,56.4,62.6,62.0,17.5,2.04,1.85,1.22,1.12,1705,0.1685,34,45,51,62,73,80,84,93
Feriali,Centro,30,13800006791423,Corso di Francia,3,50,14.24,1048.8799999999999,1055.9999999999998,1063.12,0,56.4,64.0,64.0,20.6,0.91,0.8,0.38,1.0,827,0.0818,30,41,50,64,77,83,90,99
Feriali,Centro,30,13800006791423,Corso di Francia,3,50,14.24,1048.8799999999999,1055.9999999999998,1063.12,1,53.3,63.7,63.0,20.7,0.96,0.81,1.02,1.06,470,0.0465,29,41,51,63,77,83,89,101
Feriali,Centro,30,13800006791423,Corso di Francia,3,50,14.24,1048.8799999999999,1055.9999999999998,1063.12,2,52.6,60.5,60.0,20.6,0.97,0.85,0.42,1.07,231,0.0228,28,38,46,60,74,82,88,98
Feriali,Centro,30,13800006791423,Corso di Francia,3,50,14.24,1048.8799999999999,1055.9999999999998,1063.12,3,56.6,64.0,63.0,20.9,0.91,0.81,0.37,1.0,133,0.0131,29,44,52,63,76,82,87,95
Feriali,Centro,30,13800006791423,Corso di Francia,3,50,14.24,1048.8799999999999,1055.9999999999998,1063.12,4,60.4,70.1,70.0,22.8,0.85,0.73,0.46,0.93,195,0.0193,33,48,53,70,87,93,97,107
Feriali,Centro,30,13800006791423,Corso di Francia,3,50,14.24,1048.8799999999999,1055.9999999999998,1063.12,5,60.4,67.3,70.0,18.8,0.85,0.73,0.35,0.93,822,0.0813,32,46,56,70,80,86,89,94
Feriali,Centro,30,13800006791423,Corso di Francia,3,50,14.24,1048.8799999999999,1055.9999999999998,1063.12,6,55.6,61.7,64.0,16.4,0.92,0.8,0.44,1.01,2421,0.2393,32,43,51,64,73,78,81,85
Feriali,Centro,30,13800006791423,Corso di Francia,3,50,14.24,1048.8799999999999,1055.9999999999998,1063.12,7,46.0,50.5,51.0,13.4,1.11,1.01,0.45,1.23,7797,0.7708,28,37,42,51,59,64,67,72
Feriali,Centro,30,13800006791423,Corso di Francia,3,50,14.24,1048.8799999999999,1055.9999999999998,1063.12,8,42.7,47.1,48.0,12.9,1.2,1.07,0.5,1.32,9572,0.9462,25,33,39,48,55,60,63,67
Feriali,Centro,30,13800006791423,Corso di Francia,3,50,14.24,1048.8799999999999,1055.9999999999998,1063.12,9,43.4,48.4,49.0,13.6,1.18,1.05,0.52,1.3,8368,0.8272,25,34,39,49,57,62,64,70
Feriali,Centro,30,13800006791423,Corso di Francia,3,50,14.24,1048.8799999999999,1055.9999999999998,1063.12,10,47.5,52.8,54.0,14.6,1.08,0.95,0.51,1.19,6375,0.6302,28,37,43,54,63,67,71,75
Feriali,Centro,30,13800006791423,Corso di Francia,3,50,14.24,1048.8799999999999,1055.9999999999998,1063.12,11,48.1,53.9,55.0,15.8,1.07,0.93,0.47,1.17,5543,0.5479,27,36,43,55,65,70,73,78
Feriali,Centro,30,13800006791423,Corso di Francia,3,50,14.24,1048.8799999999999,1055.9999999999998,1063.12,12,49.2,55.3,56.0,15.9,1.04,0.92,0.5,1.15,5324,0.5263,28,38,45,56,66,71,75,79
Feriali,Centro,30,13800006791423,Corso di Francia,3,50,14.24,1048.8799999999999,1055.9999999999998,1063.12,13,49.1,55.0,56.0,15.7,1.04,0.92,0.48,1.15,5545,0.5481,28,37,44,56,66,71,74,79
Feriali,Centro,30,13800006791423,Corso di Francia,3,50,14.24,1048.8799999999999,1055.9999999999998,1063.12,14,48.9,54.3,55.0,15.2,1.05,0.93,0.45,1.15,6204,0.6133,28,37,44,55,65,69,73,77
Feriali,Centro,30,13800006791423,Corso di Francia,3,50,14.24,1048.8799999999999,1055.9999999999998,1063.12,15,47.1,52.0,53.0,14.1,1.09,0.97,0.43,1.2,7338,0.7254,28,37,43,53,61,66,69,74
Feriali,Centro,30,13800006791423,Corso di Francia,3,50,14.24,1048.8799999999999,1055.9999999999998,1063.12,16,46.1,50.7,51.0,13.5,1.11,1.01,0.48,1.22,6914,0.6835,27,37,43,51,59,64,67,72
Feriali,Centro,30,13800006791423,Corso di Francia,3,50,14.24,1048.8799999999999,1055.9999999999998,1063.12,17,44.4,48.7,49.0,12.9,1.16,1.05,0.49,1.27,7356,0.7272,27,36,41,49,57,61,63,69
Feriali,Centro,30,13800006791423,Corso di Francia,3,50,14.24,1048.8799999999999,1055.9999999999998,1063.12,18,44.4,48.8,49.0,13.1,1.15,1.05,0.46,1.27,6778,0.67,26,35,41,49,57,61,65,70
Feriali,Centro,30,13800006791423,Corso di Francia,3,50,14.24,1048.8799999999999,1055.9999999999998,1063.12,19,46.0,50.7,51.0,13.5,1.11,1.01,0.59,1.23,6370,0.6297,28,37,42,51,59,64,67,72
Feriali,Centro,30,13800006791423,Corso di Francia,3,50,14.24,1048.8799999999999,1055.9999999999998,1063.12,20,48.2,53.7,54.0,15.1,1.06,0.95,0.56,1.17,5337,0.5276,28,38,44,54,63,68,72,77
Feriali,Centro,30,13800006791423,Corso di Francia,3,50,14.24,1048.8799999999999,1055.9999999999998,1063.12,21,52.7,59.9,60.0,18.5,0.97,0.85,0.49,1.07,2592,0.2562,30,40,47,60,72,78,83,89
Feriali,Centro,30,13800006791423,Corso di Francia,3,50,14.24,1048.8799999999999,1055.9999999999998,1063.12,22,53.2,60.0,59.0,18.0,0.96,0.87,0.55,1.06,2200,0.2175,30,41,48,59,72,78,82,88
Feriali,Centro,30,13800006791423,Corso di Francia,3,50,14.24,1048.8799999999999,1055.9999999999998,1063.12,23,53.0,59.8,59.0,18.5,0.97,0.87,0.54,1.06,2066,0.2042,30,40,47,59,72,78,83,92
Feriali,Centro,31,13800010858649,Corso di Francia,3,50,43.51,1063.12,1084.875,1106.6299999999999,0,59.4,65.6,65.0,19.7,2.64,2.41,0.93,1.0,828,0.0819,37,45,51,65,78,84,91,100
Feriali,Centro,31,13800010858649,Corso di Francia,3,50,43.51,1063.12,1084.875,1106.6299999999999,1,58.5,65.2,63.0,19.5,2.68,2.49,1.27,1.02,471,0.0466,37,45,52,63,77,84,90,103
Feriali,Centro,31,13800010858649,Corso di Francia,3,50,43.51,1063.12,1084.875,1106.6299999999999,2,56.7,62.5,60.0,18.7,2.76,2.61,0.96,1.05,232,0.0229,36,43,49,60,74,83,89,98
Feriali,Centro,31,13800010858649,Corso di Francia,3,50,43.51,1063.12,1084.875,1106.6299999999999,3,59.5,65.5,64.0,19.6,2.63,2.45,0.94,1.0,133,0.0131,38,48,52,64,77,85,87,95
Feriali,Centro,31,13800010858649,Corso di Francia,3,50,43.51,1063.12,1084.875,1106.6299999999999,4,60.4,70.9,70.0,22.4,2.59,2.24,1.84,0.98,194,0.0192,37,50,54,70,87,93,97,106
Feriali,Centro,31,13800010858649,Corso di Francia,3,50,43.51,1063.12,1084.875,1106.6299999999999,5,57.5,67.7,70.0,19.4,2.72,2.24,2.11,1.03,822,0.0813,33,47,56,70,81,86,90,95
Feriali,Centro,31,13800010858649,Corso di Francia,3,50,43.51,1063.12,1084.875,1106.6299999999999,6,54.6,62.6,64.0,16.2,2.87,2.45,2.12,1.09,2411,0.2383,35,45,53,64,74,78,81,85
Feriali,Centro,31,13800010858649,Corso di Francia,3,50,43.51,1063.12,1084.875,1106.6299999999999,7,46.3,51.6,52.0,13.2,3.38,3.01,1.96,1.28,7788,0.7699,29,39,44,52,60,64,67,72
Feriali,Centro,31,13800010858649,Corso di Francia,3,50,43.51,1063.12,1084.875,1106.6299999999999,8,43.7,48.5,49.0,12.7,3.59,3.2,1.87,1.36,9575,0.9465,26,36,41,49,56,61,63,68
Feriali,Centro,31,13800010858649,Corso di Francia,3,50,43.51,1063.12,1084.875,1106.6299999999999,9,45.0,49.8,51.0,13.2,3.48,3.07,1.61,1.32,8367,0.8271,26,36,42,51,58,62,65,70
Feriali,Centro,31,13800010858649,Corso di Francia,3,50,43.51,1063.12,1084.875,1106.6299999999999,10,48.7,54.1,55.0,14.2,3.22,2.85,1.73,1.22,6380,0.6307,29,39,45,55,64,68,71,76
Feriali,Centro,31,13800010858649,Corso di Francia,3,50,43.51,1063.12,1084.875,1106.6299999999999,11,49.1,55.3,56.0,15.3,3.19,2.8,2.04,1.21,5544,0.548,29,40,45,56,66,71,74,79
Feriali,Centro,31,13800010858649,Corso di Francia,3,50,43.51,1063.12,1084.875,1106.6299999999999,12,50.6,56.7,57.0,15.3,3.1,2.75,1.88,1.17,5322,0.5261,30,41,47,57,67,72,75,80
Feriali,Centro,31,13800010858649,Corso di Francia,3,50,43.51,1063.12,1084.875,1106.6299999999999,13,50.5,56.4,57.0,15.1,3.1,2.75,1.73,1.18,5547,0.5483,30,40,46,57,67,71,75,79
Feriali,Centro,31,13800010858649,Corso di Francia,3,50,43.51,1063.12,1084.875,1106.6299999999999,14,50.6,55.7,56.0,14.5,3.09,2.8,1.45,1.17,6202,0.6131,31,41,46,56,66,70,73,78
Feriali,Centro,31,13800010858649,Corso di Francia,3,50,43.51,1063.12,1084.875,1106.6299999999999,15,48.4,53.4,54.0,13.6,3.23,2.9,1.54,1.23,7337,0.7253,30,40,45,54,62,67,70,74
Feriali,Centro,31,13800010858649,Corso di Francia,3,50,43.51,1063.12,1084.875,1106.6299999999999,16,47.4,52.2,53.0,13.1,3.3,2.96,1.64,1.25,6911,0.6832,29,39,45,53,61,64,68,72
Feriali,Centro,31,13800010858649,Corso di Francia,3,50,43.51,1063.12,1084.875,1106.6299999999999,17,46.0,50.2,51.0,12.4,3.4,3.07,1.54,1.29,7362,0.7278,29,38,43,51,58,62,65,69
Feriali,Centro,31,13800010858649,Corso di Francia,3,50,43.51,1063.12,1084.875,1106.6299999999999,18,46.1,50.4,51.0,12.6,3.39,3.07,1.51,1.29,6777,0.6699,29,38,43,51,58,62,65,71
Feriali,Centro,31,13800010858649,Corso di Francia,3,50,43.51,1063.12,1084.875,1106.6299999999999,19,47.8,52.2,52.0,13.0,3.27,3.01,1.51,1.24,6378,0.6305,30,40,44,52,61,65,68,72
Feriali,Centro,31,13800010858649,Corso di Francia,3,50,43.51,1063.12,1084.875,1106.6299999999999,20,50.1,55.3,55.0,14.4,3.13,2.85,1.74,1.19,5346,0.5285,31,41,46,55,64,69,72,78
Feriali,Centro,31,13800010858649,Corso di Francia,3,50,43.51,1063.12,1084.875,1106.6299999999999,21,53.9,61.2,61.0,18.1,2.91,2.57,1.7,1.1,2590,0.256,33,43,49,61,73,79,84,90
Feriali,Centro,31,13800010858649,Corso di Francia,3,50,43.51,1063.12,1084.875,1106.6299999999999,22,55.1,61.4,60.0,17.4,2.84,2.61,1.71,1.08,2196,0.2171,35,44,50,60,73,78,83,89
Feriali,Centro,31,13800010858649,Corso di Francia,3,50,43.51,1063.12,1084.875,1106.6299999999999,23,54.6,61.2,60.0,17.8,2.87,2.61,1.77,1.09,2062,0.2038,33,43,49,60,72,79,83,92
Feriali,Centro,32,13800010858648,Corso di Francia,3,50,68.03,1106.6299999999999,1140.645,1174.6599999999999,0,60.6,67.5,66.0,19.1,4.04,3.71,2.42,1.0,831,0.0821,39,48,54,66,79,85,92,101
Feriali,Centro,32,13800010858648,Corso di Francia,3,50,68.03,1106.6299999999999,1140.645,1174.6599999999999,1,60.4,66.7,65.0,18.8,4.05,3.77,1.91,1.0,473,0.0468,38,49,54,65,78,85,91,105
Feriali,Centro,32,13800010858648,Corso di Francia,3,50,68.03,1106.6299999999999,1140.645,1174.6599999999999,2,60.9,66.1,63.0,19.0,4.02,3.89,1.25,1.0,234,0.0231,42,49,54,63,77,84,92,100
Feriali,Centro,32,13800010858648,Corso di Francia,3,50,68.03,1106.6299999999999,1140.645,1174.6599999999999,3,63.1,68.1,66.0,18.8,3.88,3.71,1.18,0.96,134,0.0132,41,51,56,66,79,87,90,96
Feriali,Centro,32,13800010858648,Corso di Francia,3,50,68.03,1106.6299999999999,1140.645,1174.6599999999999,4,65.3,72.3,71.0,21.9,3.75,3.45,1.38,0.93,197,0.0195,39,50,55,71,88,94,100,106
Feriali,Centro,32,13800010858648,Corso di Francia,3,50,68.03,1106.6299999999999,1140.645,1174.6599999999999,5,62.5,69.3,71.0,18.4,3.92,3.45,1.74,0.97,821,0.0812,35,51,57,71,82,87,90,95
Feriali,Centro,32,13800010858648,Corso di Francia,3,50,68.03,1106.6299999999999,1140.645,1174.6599999999999,6,59.4,64.3,65.0,15.3,4.13,3.77,1.58,1.02,2412,0.2384,37,48,55,65,75,79,82,87
Feriali,Centro,32,13800010858648,Corso di Francia,3,50,68.03,1106.6299999999999,1140.645,1174.6599999999999,7,49.4,52.9,53.0,12.8,4.96,4.62,1.53,1.23,7802,0.7713,31,40,45,53,61,66,69,74
Feriali,Centro,32,13800010858648,Corso di Francia,3,50,68.03,1106.6299999999999,1140.645,1174.6599999999999,8,45.7,49.7,50.0,12.8,5.36,4.9,1.99,1.33,9609,0.9499,28,36,42,50,58,62,65,70
Feriali,Centro,32,13800010858648,Corso di Francia,3,50,68.03,1106.6299999999999,1140.645,1174.6599999999999,9,47.3,51.4,52.0,13.1,5.17,4.71,1.82,1.28,8385,0.8289,28,38,43,52,60,64,67,72
Feriali,Centro,32,13800010858648,Corso di Francia,3,50,68.03,1106.6299999999999,1140.645,1174.6599999999999,10,51.8,56.0,57.0,13.7,4.73,4.3,1.66,1.17,6399,0.6326,32,42,48,57,65,69,72,77
Feriali,Centro,32,13800010858648,Corso di Francia,3,50,68.03,1106.6299999999999,1140.645,1174.6599999999999,11,52.7,57.5,58.0,14.8,4.65,4.22,1.91,1.15,5555,0.5491,31,42,48,58,67,72,75,80
Feriali,Centro,32,13800010858648,Corso di Francia,3,50,68.03,1106.6299999999999,1140.645,1174.6599999999999,12,54.0,58.8,59.0,14.8,4.54,4.15,1.85,1.12,5331,0.527,33,44,49,59,69,73,77,81
Feriali,Centro,32,13800010858648,Corso di Francia,3,50,68.03,1106.6299999999999,1140.645,1174.6599999999999,13,54.0,58.5,59.0,14.5,4.53,4.15,1.71,1.12,5554,0.549,33,43,49,59,68,73,76,81
Feriali,Centro,32,13800010858648,Corso di Francia,3,50,68.03,1106.6299999999999,1140.645,1174.6599999999999,14,53.1,57.6,58.0,14.2,4.61,4.22,2.29,1.14,6219,0.6148,33,43,49,58,67,72,75,79
Feriali,Centro,32,13800010858648,Corso di Francia,3,50,68.03,1106.6299999999999,1140.645,1174.6599999999999,15,51.5,55.4,56.0,13.2,4.76,4.37,1.6,1.18,7338,0.7254,32,42,47,56,64,68,71,76
Feriali,Centro,32,13800010858648,Corso di Francia,3,50,68.03,1106.6299999999999,1140.645,1174.6599999999999,16,50.5,54.2,55.0,12.7,4.85,4.45,1.7,1.2,6916,0.6837,31,42,47,55,62,66,69,74
Feriali,Centro,32,13800010858648,Corso di Francia,3,50,68.03,1106.6299999999999,1140.645,1174.6599999999999,17,48.6,52.1,52.0,12.3,5.04,4.71,1.72,1.25,7393,0.7308,31,40,45,52,60,64,67,71
Feriali,Centro,32,13800010858648,Corso di Francia,3,50,68.03,1106.6299999999999,1140.645,1174.6599999999999,18,48.6,52.3,53.0,12.4,5.04,4.62,1.86,1.25,6785,0.6707,31,40,45,53,60,64,67,72
Feriali,Centro,32,13800010858648,Corso di Francia,3,50,68.03,1106.6299999999999,1140.645,1174.6599999999999,19,50.4,54.1,54.0,12.8,4.86,4.54,1.67,1.2,6399,0.6326,32,42,46,54,62,66,69,74
Feriali,Centro,32,13800010858648,Corso di Francia,3,50,68.03,1106.6299999999999,1140.645,1174.6599999999999,20,53.1,57.3,57.0,14.0,4.61,4.3,1.67,1.14,5355,0.5294,33,44,49,57,66,71,74,79
Feriali,Centro,32,13800010858648,Corso di Francia,3,50,68.03,1106.6299999999999,1140.645,1174.6599999999999,21,57.8,63.4,63.0,17.3,4.24,3.89,1.75,1.05,2593,0.2563,36,46,52,63,74,81,85,91
Feriali,Centro,32,13800010858648,Corso di Francia,3,50,68.03,1106.6299999999999,1140.645,1174.6599999999999,22,57.8,63.3,62.0,17.1,4.24,3.95,1.75,1.05,2203,0.2178,36,47,52,62,74,79,84,91
Feriali,Centro,32,13800010858648,Corso di Francia,3,50,68.03,1106.6299999999999,1140.645,1174.6599999999999,23,57.7,63.2,62.0,17.3,4.24,3.95,1.76,1.05,2068,0.2044,36,47,52,62,74,80,85,93
Feriali,Centro,33,13800006791425,Corso di Francia,3,50,21.75,1174.6599999999999,1185.5349999999999,1196.4099999999999,0,63.9,69.0,67.0,18.5,1.23,1.17,0.37,1.0,836,0.0826,42,51,56,67,80,87,94,102
Feriali,Centro,33,13800006791425,Corso di Francia,3,50,21.75,1174.6599999999999,1185.5349999999999,1196.4099999999999,1,62.5,68.4,67.0,18.4,1.25,1.17,0.59,1.02,473,0.0468,42,52,57,67,78,85,92,106
Feriali,Centro,33,13800006791425,Corso di Francia,3,50,21.75,1174.6599999999999,1185.5349999999999,1196.4099999999999,2,64.1,68.7,66.0,18.4,1.22,1.19,0.34,1.0,239,0.0236,44,52,56,66,81,85,94,101
Feriali,Centro,33,13800006791425,Corso di Francia,3,50,21.75,1174.6599999999999,1185.5349999999999,1196.4099999999999,3,66.0,70.6,69.0,18.4,1.19,1.13,0.34,0.97,133,0.0131,43,52,59,69,82,88,93,97
Feriali,Centro,33,13800006791425,Corso di Francia,3,50,21.75,1174.6599999999999,1185.5349999999999,1196.4099999999999,4,61.3,73.3,72.0,22.0,1.28,1.09,1.56,1.04,200,0.0198,42,51,57,72,89,94,100,106
Feriali,Centro,33,13800006791425,Corso di Francia,3,50,21.75,1174.6599999999999,1185.5349999999999,1196.4099999999999,5,64.8,70.6,72.0,17.8,1.21,1.09,0.44,0.99,816,0.0807,39,52,60,72,83,88,91,97
Feriali,Centro,33,13800006791425,Corso di Francia,3,50,21.75,1174.6599999999999,1185.5349999999999,1196.4099999999999,6,61.0,65.5,66.0,15.1,1.28,1.19,0.44,1.05,2417,0.2389,39,50,56,66,75,80,83,89
Feriali,Centro,33,13800006791425,Corso di Francia,3,50,21.75,1174.6599999999999,1185.5349999999999,1196.4099999999999,7,50.2,53.6,53.0,12.9,1.56,1.48,0.47,1.27,7822,0.7732,33,41,45,53,62,67,70,75
Feriali,Centro,33,13800006791425,Corso di Francia,3,50,21.75,1174.6599999999999,1185.5349999999999,1196.4099999999999,8,46.2,50.3,51.0,13.0,1.69,1.54,0.62,1.38,9676,0.9565,28,37,42,51,59,63,66,71
Feriali,Centro,33,13800006791425,Corso di Francia,3,50,21.75,1174.6599999999999,1185.5349999999999,1196.4099999999999,9,48.4,52.4,53.0,13.4,1.62,1.48,0.55,1.32,8412,0.8316,30,38,44,53,61,66,68,74
Feriali,Centro,33,13800006791425,Corso di Francia,3,50,21.75,1174.6599999999999,1185.5349999999999,1196.4099999999999,10,53.5,57.3,58.0,13.5,1.46,1.35,0.47,1.19,6425,0.6351,34,44,49,58,66,70,74,79
Feriali,Centro,33,13800006791425,Corso di Francia,3,50,21.75,1174.6599999999999,1185.5349999999999,1196.4099999999999,11,54.7,59.1,60.0,14.6,1.43,1.3,0.52,1.17,5575,0.5511,34,44,50,60,69,74,77,82
Feriali,Centro,33,13800006791425,Corso di Francia,3,50,21.75,1174.6599999999999,1185.5349999999999,1196.4099999999999,12,56.0,60.4,61.0,14.8,1.4,1.28,0.49,1.14,5347,0.5286,35,45,51,61,70,75,78,83
Feriali,Centro,33,13800006791425,Corso di Francia,3,50,21.75,1174.6599999999999,1185.5349999999999,1196.4099999999999,13,55.9,60.0,61.0,14.3,1.4,1.28,0.46,1.14,5575,0.5511,36,45,51,61,70,74,77,82
Feriali,Centro,33,13800006791425,Corso di Francia,3,50,21.75,1174.6599999999999,1185.5349999999999,1196.4099999999999,14,55.1,59.2,60.0,14.0,1.42,1.3,0.47,1.16,6236,0.6164,35,45,51,60,68,73,76,80
Feriali,Centro,33,13800006791425,Corso di Francia,3,50,21.75,1174.6599999999999,1185.5349999999999,1196.4099999999999,15,52.6,56.6,57.0,13.3,1.49,1.37,0.53,1.22,7374,0.7289,34,43,48,57,65,70,73,78
Feriali,Centro,33,13800006791425,Corso di Francia,3,50,21.75,1174.6599999999999,1185.5349999999999,1196.4099999999999,16,51.7,55.3,56.0,12.8,1.51,1.4,0.52,1.24,6944,0.6864,33,43,48,56,63,67,70,75
Feriali,Centro,33,13800006791425,Corso di Francia,3,50,21.75,1174.6599999999999,1185.5349999999999,1196.4099999999999,17,49.6,53.1,53.0,12.5,1.58,1.48,0.51,1.29,7427,0.7342,32,41,45,53,61,65,68,73
Feriali,Centro,33,13800006791425,Corso di Francia,3,50,21.75,1174.6599999999999,1185.5349999999999,1196.4099999999999,18,49.7,53.4,53.0,12.5,1.58,1.48,0.74,1.29,6814,0.6736,33,41,46,53,61,66,69,73
Feriali,Centro,33,13800006791425,Corso di Francia,3,50,21.75,1174.6599999999999,1185.5349999999999,1196.4099999999999,19,51.7,55.2,55.0,12.9,1.52,1.42,0.51,1.24,6423,0.6349,34,43,47,55,63,68,71,76
Feriali,Centro,33,13800006791425,Corso di Francia,3,50,21.75,1174.6599999999999,1185.5349999999999,1196.4099999999999,20,54.9,58.7,59.0,13.9,1.43,1.33,0.45,1.16,5390,0.5328,36,45,50,59,67,72,75,81
Feriali,Centro,33,13800006791425,Corso di Francia,3,50,21.75,1174.6599999999999,1185.5349999999999,1196.4099999999999,21,59.9,65.1,65.0,17.1,1.31,1.2,0.52,1.07,2608,0.2578,39,48,54,65,76,82,86,93
Feriali,Centro,33,13800006791425,Corso di Francia,3,50,21.75,1174.6599999999999,1185.5349999999999,1196.4099999999999,22,59.7,64.7,64.0,16.9,1.31,1.22,0.46,1.07,2209,0.2184,39,48,54,64,75,81,85,93
Feriali,Centro,33,13800006791425,Corso di Francia,3,50,21.75,1174.6599999999999,1185.5349999999999,1196.4099999999999,23,59.2,64.6,64.0,17.1,1.32,1.22,0.59,1.08,2089,0.2065,38,48,53,64,75,81,86,93
Feriali,Centro,34,13800012255659,Ponte Flaminio,3,50,57.36,1196.4099999999999,1225.09,1253.7699999999998,0,65.0,70.1,69.0,18.4,3.18,2.99,0.99,1.0,837,0.0827,44,52,57,69,81,88,94,102
Feriali,Centro,34,13800012255659,Ponte Flaminio,3,50,57.36,1196.4099999999999,1225.09,1253.7699999999998,1,64.1,69.8,68.0,18.1,3.22,3.04,1.53,1.01,471,0.0466,43,54,58,68,80,87,92,106
Feriali,Centro,34,13800012255659,Ponte Flaminio,3,50,57.36,1196.4099999999999,1225.09,1253.7699999999998,2,65.9,70.5,67.0,18.4,3.13,3.08,0.87,0.99,240,0.0237,46,53,57,67,81,87,94,104
Feriali,Centro,34,13800012255659,Ponte Flaminio,3,50,57.36,1196.4099999999999,1225.09,1253.7699999999998,3,67.6,72.2,70.0,18.7,3.06,2.95,0.87,0.96,134,0.0132,47,56,61,70,83,89,93,99
Feriali,Centro,34,13800012255659,Ponte Flaminio,3,50,57.36,1196.4099999999999,1225.09,1253.7699999999998,4,67.8,74.4,74.0,21.0,3.05,2.79,1.14,0.96,199,0.0197,45,52,60,74,89,96,100,106
Feriali,Centro,34,13800012255659,Ponte Flaminio,3,50,57.36,1196.4099999999999,1225.09,1253.7699999999998,5,65.6,71.5,73.0,17.9,3.15,2.83,1.15,0.99,816,0.0807,39,52,60,73,84,88,92,97
Feriali,Centro,34,13800012255659,Ponte Flaminio,3,50,57.36,1196.4099999999999,1225.09,1253.7699999999998,6,62.0,66.3,67.0,14.9,3.33,3.08,1.09,1.05,2414,0.2386,40,51,58,67,76,81,84,90
Feriali,Centro,34,13800012255659,Ponte Flaminio,3,50,57.36,1196.4099999999999,1225.09,1253.7699999999998,7,50.6,54.1,54.0,13.0,4.08,3.82,1.2,1.28,7811,0.7721,33,41,45,54,62,67,71,76
Feriali,Centro,34,13800012255659,Ponte Flaminio,3,50,57.36,1196.4099999999999,1225.09,1253.7699999999998,8,46.5,50.6,51.0,13.2,4.44,4.05,1.56,1.4,9685,0.9574,28,37,42,51,59,63,66,71
Feriali,Centro,34,13800012255659,Ponte Flaminio,3,50,57.36,1196.4099999999999,1225.09,1253.7699999999998,9,48.8,52.9,54.0,13.6,4.23,3.82,1.48,1.33,8410,0.8314,30,39,44,54,62,66,69,74
Feriali,Centro,34,13800012255659,Ponte Flaminio,3,50,57.36,1196.4099999999999,1225.09,1253.7699999999998,10,54.3,58.1,58.0,13.6,3.81,3.56,1.23,1.2,6428,0.6354,35,44,50,58,67,71,74,79
Feriali,Centro,34,13800012255659,Ponte Flaminio,3,50,57.36,1196.4099999999999,1225.09,1253.7699999999998,11,55.5,60.0,60.0,14.7,3.72,3.44,1.36,1.17,5580,0.5516,34,45,51,60,69,74,78,83
Feriali,Centro,34,13800012255659,Ponte Flaminio,3,50,57.36,1196.4099999999999,1225.09,1253.7699999999998,12,56.9,61.3,62.0,14.9,3.63,3.33,1.26,1.14,5353,0.5292,35,46,52,62,71,76,79,84
Feriali,Centro,34,13800012255659,Ponte Flaminio,3,50,57.36,1196.4099999999999,1225.09,1253.7699999999998,13,56.6,60.9,61.0,14.3,3.65,3.39,1.35,1.15,5572,0.5508,36,46,52,61,70,75,78,83
Feriali,Centro,34,13800012255659,Ponte Flaminio,3,50,57.36,1196.4099999999999,1225.09,1253.7699999999998,14,56.0,60.1,60.0,14.1,3.69,3.44,1.23,1.16,6241,0.6169,36,46,52,60,69,74,77,82
Feriali,Centro,34,13800012255659,Ponte Flaminio,3,50,57.36,1196.4099999999999,1225.09,1253.7699999999998,15,53.2,57.2,58.0,13.5,3.88,3.56,1.31,1.22,7380,0.7295,34,44,49,58,66,70,74,79
Feriali,Centro,34,13800012255659,Ponte Flaminio,3,50,57.36,1196.4099999999999,1225.09,1253.7699999999998,16,52.1,55.8,56.0,13.0,3.96,3.69,1.54,1.25,6943,0.6863,33,43,48,56,64,68,71,76
Feriali,Centro,34,13800012255659,Ponte Flaminio,3,50,57.36,1196.4099999999999,1225.09,1253.7699999999998,17,49.9,53.4,53.0,12.8,4.14,3.9,1.33,1.3,7433,0.7348,32,41,45,53,61,66,69,74
Feriali,Centro,34,13800012255659,Ponte Flaminio,3,50,57.36,1196.4099999999999,1225.09,1253.7699999999998,18,50.0,53.6,54.0,12.7,4.13,3.82,1.87,1.3,6810,0.6732,32,41,46,54,61,66,69,74
Feriali,Centro,34,13800012255659,Ponte Flaminio,3,50,57.36,1196.4099999999999,1225.09,1253.7699999999998,19,52.2,55.7,56.0,13.0,3.96,3.69,1.2,1.25,6428,0.6354,34,43,47,56,64,68,72,77
Feriali,Centro,34,13800012255659,Ponte Flaminio,3,50,57.36,1196.4099999999999,1225.09,1253.7699999999998,20,55.6,59.4,59.0,13.9,3.71,3.5,1.16,1.17,5389,0.5327,37,46,51,59,68,73,76,82
Feriali,Centro,34,13800012255659,Ponte Flaminio,3,50,57.36,1196.4099999999999,1225.09,1253.7699999999998,21,61.0,66.1,66.0,17.1,3.38,3.13,1.14,1.07,2608,0.2578,39,49,55,66,77,83,87,94
Feriali,Centro,34,13800012255659,Ponte Flaminio,3,50,57.36,1196.4099999999999,1225.09,1253.7699999999998,22,60.8,65.7,65.0,16.8,3.39,3.18,1.16,1.07,2213,0.2188,39,49,55,65,76,82,86,95
Feriali,Centro,34,13800012255659,Ponte Flaminio,3,50,57.36,1196.4099999999999,1225.09,1253.7699999999998,23,60.5,65.6,65.0,17.1,3.42,3.18,1.24,1.08,2090,0.2066,38,49,55,65,76,83,87,94
Feriali,Centro,35,13800012543275,Ponte Flaminio,3,50,37.23,1253.7699999999998,1272.3849999999998,1290.9999999999998,0,63.4,71.1,69.0,18.2,2.11,1.94,2.87,1.0,848,0.0838,45,54,58,69,82,89,95,103
Feriali,Centro,35,13800012543275,Ponte Flaminio,3,50,37.23,1253.7699999999998,1272.3849999999998,1290.9999999999998,1,65.2,71.0,70.0,18.3,2.06,1.91,0.99,0.97,476,0.0471,44,55,60,70,81,88,92,104
Feriali,Centro,35,13800012543275,Ponte Flaminio,3,50,37.23,1253.7699999999998,1272.3849999999998,1290.9999999999998,2,67.0,71.5,68.0,18.4,2.0,1.97,0.55,0.95,246,0.0243,47,54,59,68,83,90,94,104
Feriali,Centro,35,13800012543275,Ponte Flaminio,3,50,37.23,1253.7699999999998,1272.3849999999998,1290.9999999999998,3,68.5,73.3,71.0,19.2,1.96,1.89,0.56,0.92,135,0.0133,47,55,62,71,84,89,96,105
Feriali,Centro,35,13800012543275,Ponte Flaminio,3,50,37.23,1253.7699999999998,1272.3849999999998,1290.9999999999998,4,69.5,75.6,74.0,21.1,1.93,1.81,0.63,0.91,201,0.0199,47,53,60,74,90,98,103,110
Feriali,Centro,35,13800012543275,Ponte Flaminio,3,50,37.23,1253.7699999999998,1272.3849999999998,1290.9999999999998,5,66.5,72.3,74.0,18.1,2.01,1.81,0.73,0.95,813,0.0804,40,53,60,74,85,90,92,99
Feriali,Centro,35,13800012543275,Ponte Flaminio,3,50,37.23,1253.7699999999998,1272.3849999999998,1290.9999999999998,6,62.9,67.0,68.0,14.9,2.13,1.97,0.66,1.01,2416,0.2388,41,52,58,68,77,82,85,90
Feriali,Centro,35,13800012543275,Ponte Flaminio,3,50,37.23,1253.7699999999998,1272.3849999999998,1290.9999999999998,7,51.5,54.8,54.0,12.9,2.6,2.48,0.75,1.23,7859,0.7769,35,42,46,54,63,68,71,77
Feriali,Centro,35,13800012543275,Ponte Flaminio,3,50,37.23,1253.7699999999998,1272.3849999999998,1290.9999999999998,8,47.3,51.3,51.0,13.2,2.83,2.63,0.97,1.34,9733,0.9621,29,38,43,51,60,64,67,73
Feriali,Centro,35,13800012543275,Ponte Flaminio,3,50,37.23,1253.7699999999998,1272.3849999999998,1290.9999999999998,9,49.6,53.6,54.0,13.6,2.7,2.48,0.9,1.28,8456,0.8359,31,40,45,54,62,67,70,76
Feriali,Centro,35,13800012543275,Ponte Flaminio,3,50,37.23,1253.7699999999998,1272.3849999999998,1290.9999999999998,10,54.7,58.7,59.0,13.9,2.45,2.27,0.8,1.16,6463,0.6389,35,45,50,59,67,72,75,80
Feriali,Centro,35,13800012543275,Ponte Flaminio,3,50,37.23,1253.7699999999998,1272.3849999999998,1290.9999999999998,11,56.3,60.8,61.0,14.9,2.38,2.2,0.87,1.13,5616,0.5552,34,46,52,61,71,75,79,84
Feriali,Centro,35,13800012543275,Ponte Flaminio,3,50,37.23,1253.7699999999998,1272.3849999999998,1290.9999999999998,12,57.2,62.2,63.0,15.1,2.34,2.13,1.61,1.11,5367,0.5305,36,47,53,63,72,77,80,86
Feriali,Centro,35,13800012543275,Ponte Flaminio,3,50,37.23,1253.7699999999998,1272.3849999999998,1290.9999999999998,13,57.4,61.7,62.0,14.5,2.34,2.16,0.89,1.11,5597,0.5533,36,47,53,62,71,76,79,84
Feriali,Centro,35,13800012543275,Ponte Flaminio,3,50,37.23,1253.7699999999998,1272.3849999999998,1290.9999999999998,14,56.8,61.0,61.0,14.4,2.36,2.2,0.79,1.12,6285,0.6213,36,47,52,61,70,75,78,83
Feriali,Centro,35,13800012543275,Ponte Flaminio,3,50,37.23,1253.7699999999998,1272.3849999999998,1290.9999999999998,15,53.9,57.8,58.0,13.7,2.49,2.31,0.8,1.18,7418,0.7333,34,44,49,58,67,71,75,80
Feriali,Centro,35,13800012543275,Ponte Flaminio,3,50,37.23,1253.7699999999998,1272.3849999999998,1290.9999999999998,16,52.4,56.4,57.0,13.3,2.56,2.35,1.37,1.21,6978,0.6898,34,44,48,57,65,69,72,77
Feriali,Centro,35,13800012543275,Ponte Flaminio,3,50,37.23,1253.7699999999998,1272.3849999999998,1290.9999999999998,17,50.2,53.8,54.0,13.0,2.67,2.48,0.86,1.26,7476,0.739,33,41,45,54,62,66,70,75
Feriali,Centro,35,13800012543275,Ponte Flaminio,3,50,37.23,1253.7699999999998,1272.3849999999998,1290.9999999999998,18,50.4,54.0,54.0,13.0,2.66,2.48,0.83,1.26,6849,0.677,33,41,46,54,62,67,70,76
Feriali,Centro,35,13800012543275,Ponte Flaminio,3,50,37.23,1253.7699999999998,1272.3849999999998,1290.9999999999998,19,52.8,56.3,56.0,13.3,2.54,2.39,0.76,1.2,6478,0.6404,35,44,48,56,64,69,72,78
Feriali,Centro,35,13800012543275,Ponte Flaminio,3,50,37.23,1253.7699999999998,1272.3849999999998,1290.9999999999998,20,56.3,60.0,60.0,14.1,2.38,2.23,0.73,1.13,5422,0.536,37,46,51,60,69,74,77,83
Feriali,Centro,35,13800012543275,Ponte Flaminio,3,50,37.23,1253.7699999999998,1272.3849999999998,1290.9999999999998,21,62.0,67.0,67.0,17.2,2.16,2.0,0.71,1.02,2626,0.2596,40,50,56,67,78,84,88,96
Feriali,Centro,35,13800012543275,Ponte Flaminio,3,50,37.23,1253.7699999999998,1272.3849999999998,1290.9999999999998,22,61.6,66.5,66.0,16.9,2.18,2.03,0.75,1.03,2222,0.2197,40,50,56,66,77,83,87,95
Feriali,Centro,35,13800012543275,Ponte Flaminio,3,50,37.23,1253.7699999999998,1272.3849999999998,1290.9999999999998,23,61.4,66.5,67.0,17.2,2.18,2.0,0.74,1.03,2105,0.2081,39,49,55,67,77,84,88,95
Feriali,Centro,36,13800012543352,Ponte Flaminio,3,50,95.64,1290.9999999999998,1338.8199999999997,1386.6399999999999,0,65.3,70.5,69.0,18.9,5.27,4.99,1.6,1.0,850,0.084,41,51,57,69,82,89,94,103
Feriali,Centro,36,13800012543352,Ponte Flaminio,3,50,95.64,1290.9999999999998,1338.8199999999997,1386.6399999999999,1,64.8,71.0,71.0,19.0,5.32,4.85,2.57,1.01,475,0.047,41,54,59,71,81,89,92,105
Feriali,Centro,36,13800012543352,Ponte Flaminio,3,50,95.64,1290.9999999999998,1338.8199999999997,1386.6399999999999,2,65.5,71.2,70.0,20.0,5.25,4.92,1.65,1.0,246,0.0243,41,50,58,70,83,91,98,106
Feriali,Centro,36,13800012543352,Ponte Flaminio,3,50,95.64,1290.9999999999998,1338.8199999999997,1386.6399999999999,3,67.6,72.9,70.0,19.6,5.09,4.92,1.55,0.97,136,0.0134,43,53,61,70,85,91,96,105
Feriali,Centro,36,13800012543352,Ponte Flaminio,3,50,95.64,1290.9999999999998,1338.8199999999997,1386.6399999999999,4,67.7,74.7,75.0,21.9,5.09,4.59,1.81,0.96,198,0.0196,44,48,56,75,91,96,103,111
Feriali,Centro,36,13800012543352,Ponte Flaminio,3,50,95.64,1290.9999999999998,1338.8199999999997,1386.6399999999999,5,65.8,72.1,74.0,18.8,5.23,4.65,1.95,0.99,813,0.0804,39,51,59,74,86,91,94,99
Feriali,Centro,36,13800012543352,Ponte Flaminio,3,50,95.64,1290.9999999999998,1338.8199999999997,1386.6399999999999,6,61.5,66.0,67.0,15.5,5.6,5.14,1.78,1.06,2410,0.2382,39,48,56,67,76,81,85,90
Feriali,Centro,36,13800012543352,Ponte Flaminio,3,50,95.64,1290.9999999999998,1338.8199999999997,1386.6399999999999,7,49.3,52.9,52.0,13.5,6.99,6.62,2.21,1.33,7839,0.7749,33,39,43,52,62,67,70,76
Feriali,Centro,36,13800012543352,Ponte Flaminio,3,50,95.64,1290.9999999999998,1338.8199999999997,1386.6399999999999,8,45.2,49.4,48.0,13.5,7.61,7.17,2.8,1.44,9725,0.9613,29,36,40,48,58,63,67,73
Feriali,Centro,36,13800012543352,Ponte Flaminio,3,50,95.64,1290.9999999999998,1338.8199999999997,1386.6399999999999,9,47.7,51.9,51.0,14.0,7.23,6.75,2.59,1.37,8449,0.8352,31,37,42,51,61,66,70,75
Feriali,Centro,36,13800012543352,Ponte Flaminio,3,50,95.64,1290.9999999999998,1338.8199999999997,1386.6399999999999,10,52.6,57.1,57.0,14.5,6.55,6.04,2.88,1.24,6454,0.638,34,42,47,57,67,72,75,81
Feriali,Centro,36,13800012543352,Ponte Flaminio,3,50,95.64,1290.9999999999998,1338.8199999999997,1386.6399999999999,11,54.9,59.6,60.0,15.5,6.27,5.74,2.3,1.19,5612,0.5548,34,43,49,60,70,75,79,84
Feriali,Centro,36,13800012543352,Ponte Flaminio,3,50,95.64,1290.9999999999998,1338.8199999999997,1386.6399999999999,12,56.2,61.0,62.0,15.7,6.13,5.55,2.25,1.16,5357,0.5296,35,44,50,62,72,77,80,86
Feriali,Centro,36,13800012543352,Ponte Flaminio,3,50,95.64,1290.9999999999998,1338.8199999999997,1386.6399999999999,13,55.8,60.4,61.0,15.0,6.17,5.64,2.51,1.17,5602,0.5538,35,44,50,61,71,76,79,84
Feriali,Centro,36,13800012543352,Ponte Flaminio,3,50,95.64,1290.9999999999998,1338.8199999999997,1386.6399999999999,14,55.1,59.5,60.0,15.0,6.25,5.74,2.23,1.19,6280,0.6208,35,44,49,60,70,75,78,83
Feriali,Centro,36,13800012543352,Ponte Flaminio,3,50,95.64,1290.9999999999998,1338.8199999999997,1386.6399999999999,15,51.6,55.9,56.0,14.5,6.67,6.15,2.59,1.27,7394,0.7309,33,41,45,56,66,71,74,79
Feriali,Centro,36,13800012543352,Ponte Flaminio,3,50,95.64,1290.9999999999998,1338.8199999999997,1386.6399999999999,16,50.4,54.3,54.0,14.0,6.83,6.38,2.14,1.3,6970,0.689,33,40,45,54,64,68,72,77
Feriali,Centro,36,13800012543352,Ponte Flaminio,3,50,95.64,1290.9999999999998,1338.8199999999997,1386.6399999999999,17,47.8,51.6,50.0,13.6,7.2,6.89,2.49,1.37,7468,0.7382,32,38,42,50,60,65,69,75
Feriali,Centro,36,13800012543352,Ponte Flaminio,3,50,95.64,1290.9999999999998,1338.8199999999997,1386.6399999999999,18,47.7,51.6,50.0,13.8,7.22,6.89,2.47,1.37,6841,0.6763,32,38,42,50,60,66,70,75
Feriali,Centro,36,13800012543352,Ponte Flaminio,3,50,95.64,1290.9999999999998,1338.8199999999997,1386.6399999999999,19,50.4,54.2,53.0,14.0,6.83,6.5,2.04,1.3,6466,0.6392,33,40,44,53,63,68,72,78
Feriali,Centro,36,13800012543352,Ponte Flaminio,3,50,95.64,1290.9999999999998,1338.8199999999997,1386.6399999999999,20,54.1,58.3,58.0,15.1,6.36,5.94,1.99,1.21,5426,0.5364,36,43,47,58,68,73,77,83
Feriali,Centro,36,13800012543352,Ponte Flaminio,3,50,95.64,1290.9999999999998,1338.8199999999997,1386.6399999999999,21,60.4,65.9,66.0,18.1,5.7,5.22,1.91,1.08,2625,0.2595,38,46,53,66,78,84,88,96
Feriali,Centro,36,13800012543352,Ponte Flaminio,3,50,95.64,1290.9999999999998,1338.8199999999997,1386.6399999999999,22,60.1,65.3,65.0,17.5,5.73,5.3,1.99,1.09,2220,0.2195,38,47,53,65,76,83,87,95
Feriali,Centro,36,13800012543352,Ponte Flaminio,3,50,95.64,1290.9999999999998,1338.8199999999997,1386.6399999999999,23,59.5,65.3,65.0,18.0,5.79,5.3,2.63,1.1,2103,0.2079,37,46,52,65,77,83,88,95
Feriali,Centro,37,13800007305424,Corso di Francia,3,50,17.31,1386.6399999999999,1395.2949999999998,1403.9499999999998,0,65.9,71.0,70.0,18.6,0.94,0.89,0.28,1.0,860,0.085,43,52,58,70,82,90,95,104
Feriali,Centro,37,13800007305424,Corso di Francia,3,50,17.31,1386.6399999999999,1395.2949999999998,1403.9499999999998,1,66.0,71.9,71.0,18.8,0.94,0.88,0.45,1.0,478,0.0473,45,55,60,71,81,89,93,106
Feriali,Centro,37,13800007305424,Corso di Francia,3,50,17.31,1386.6399999999999,1395.2949999999998,1403.9499999999998,2,67.2,72.7,70.0,19.9,0.93,0.89,0.29,0.98,250,0.0247,45,54,60,70,86,92,98,108
Feriali,Centro,37,13800007305424,Corso di Francia,3,50,17.31,1386.6399999999999,1395.2949999999998,1403.9499999999998,3,68.5,73.6,71.0,18.9,0.91,0.88,0.28,0.96,136,0.0134,47,56,61,71,84,91,99,106
Feriali,Centro,37,13800007305424,Corso di Francia,3,50,17.31,1386.6399999999999,1395.2949999999998,1403.9499999999998,4,69.3,76.3,77.0,21.3,0.9,0.81,0.34,0.95,197,0.0195,42,53,62,77,92,98,104,111
Feriali,Centro,37,13800007305424,Corso di Francia,3,50,17.31,1386.6399999999999,1395.2949999999998,1403.9499999999998,5,65.2,72.0,74.0,19.3,0.96,0.84,0.39,1.01,813,0.0804,38,51,59,74,86,91,95,100
Feriali,Centro,37,13800007305424,Corso di Francia,3,50,17.31,1386.6399999999999,1395.2949999999998,1403.9499999999998,6,61.6,66.5,68.0,15.7,1.01,0.92,0.42,1.07,2411,0.2383,39,49,56,68,77,82,85,91
Feriali,Centro,37,13800007305424,Corso di Francia,3,50,17.31,1386.6399999999999,1395.2949999999998,1403.9499999999998,7,50.9,55.1,55.0,14.0,1.23,1.13,0.51,1.3,7878,0.7788,33,41,46,55,64,69,73,78
Feriali,Centro,37,13800007305424,Corso di Francia,3,50,17.31,1386.6399999999999,1395.2949999999998,1403.9499999999998,8,47.3,51.8,52.0,14.0,1.32,1.2,0.55,1.39,9776,0.9664,29,37,43,52,61,66,70,76
Feriali,Centro,37,13800007305424,Corso di Francia,3,50,17.31,1386.6399999999999,1395.2949999999998,1403.9499999999998,9,49.2,54.0,54.0,14.5,1.27,1.15,0.53,1.34,8487,0.839,31,39,44,54,63,69,72,78
Feriali,Centro,37,13800007305424,Corso di Francia,3,50,17.31,1386.6399999999999,1395.2949999999998,1403.9499999999998,10,53.9,58.4,59.0,14.8,1.16,1.06,0.45,1.22,6479,0.6405,34,43,48,59,68,74,77,82
Feriali,Centro,37,13800007305424,Corso di Francia,3,50,17.31,1386.6399999999999,1395.2949999999998,1403.9499999999998,11,55.2,60.4,61.0,15.8,1.13,1.02,0.48,1.2,5648,0.5583,34,44,50,61,71,76,80,85
Feriali,Centro,37,13800007305424,Corso di Francia,3,50,17.31,1386.6399999999999,1395.2949999999998,1403.9499999999998,12,56.7,61.7,62.0,15.9,1.1,1.01,0.44,1.16,5398,0.5336,35,45,51,62,72,77,81,87
Feriali,Centro,37,13800007305424,Corso di Francia,3,50,17.31,1386.6399999999999,1395.2949999999998,1403.9499999999998,13,56.4,61.3,62.0,15.3,1.11,1.01,0.5,1.17,5636,0.5571,35,45,51,62,72,76,80,85
Feriali,Centro,37,13800007305424,Corso di Francia,3,50,17.31,1386.6399999999999,1395.2949999999998,1403.9499999999998,14,56.2,60.7,61.0,15.1,1.11,1.02,0.39,1.17,6323,0.625,35,45,51,61,71,76,79,84
Feriali,Centro,37,13800007305424,Corso di Francia,3,50,17.31,1386.6399999999999,1395.2949999999998,1403.9499999999998,15,53.5,57.6,58.0,14.4,1.17,1.07,0.38,1.23,7427,0.7342,34,43,48,58,67,72,76,81
Feriali,Centro,37,13800007305424,Corso di Francia,3,50,17.31,1386.6399999999999,1395.2949999999998,1403.9499999999998,16,51.4,56.0,56.0,14.6,1.21,1.11,0.47,1.28,7034,0.6953,32,41,46,56,65,71,74,79
Feriali,Centro,37,13800007305424,Corso di Francia,3,50,17.31,1386.6399999999999,1395.2949999999998,1403.9499999999998,17,49.7,54.0,54.0,14.2,1.25,1.15,0.49,1.33,7504,0.7418,32,40,44,54,63,68,72,78
Feriali,Centro,37,13800007305424,Corso di Francia,3,50,17.31,1386.6399999999999,1395.2949999999998,1403.9499999999998,18,49.0,53.2,52.0,14.2,1.27,1.2,0.43,1.34,6890,0.6811,32,39,43,52,62,68,71,77
Feriali,Centro,37,13800007305424,Corso di Francia,3,50,17.31,1386.6399999999999,1395.2949999999998,1403.9499999999998,19,51.5,55.8,55.0,14.3,1.21,1.13,0.48,1.28,6517,0.6442,33,41,46,55,65,70,74,80
Feriali,Centro,37,13800007305424,Corso di Francia,3,50,17.31,1386.6399999999999,1395.2949999999998,1403.9499999999998,20,55.4,59.5,59.0,15.1,1.13,1.06,0.35,1.19,5474,0.5411,36,44,49,59,69,74,78,85
Feriali,Centro,37,13800007305424,Corso di Francia,3,50,17.31,1386.6399999999999,1395.2949999999998,1403.9499999999998,21,60.4,66.4,66.0,18.1,1.03,0.94,0.53,1.09,2637,0.2607,38,48,54,66,78,84,89,96
Feriali,Centro,37,13800007305424,Corso di Francia,3,50,17.31,1386.6399999999999,1395.2949999999998,1403.9499999999998,22,60.0,65.4,64.0,17.7,1.04,0.97,0.42,1.1,2244,0.2218,39,48,53,64,77,83,87,95
Feriali,Centro,37,13800007305424,Corso di Francia,3,50,17.31,1386.6399999999999,1395.2949999999998,1403.9499999999998,23,59.9,65.2,64.0,17.7,1.04,0.97,0.35,1.1,2123,0.2099,38,48,53,64,76,83,88,96
Feriali,Centro,38,13800007305429,Corso di Francia,3,50,7.91,1403.9499999999998,1407.9049999999997,1411.86,0,65.8,71.0,69.0,18.9,0.43,0.41,0.13,1.0,861,0.0851,43,52,58,69,82,91,96,104
Feriali,Centro,38,13800007305429,Corso di Francia,3,50,7.91,1403.9499999999998,1407.9049999999997,1411.86,1,65.7,71.7,71.0,18.8,0.43,0.4,0.21,1.0,478,0.0473,43,54,60,71,81,88,93,105
Feriali,Centro,38,13800007305429,Corso di Francia,3,50,7.91,1403.9499999999998,1407.9049999999997,1411.86,2,67.0,72.7,70.0,20.3,0.43,0.41,0.13,0.98,250,0.0247,45,53,60,70,86,93,100,108
Feriali,Centro,38,13800007305429,Corso di Francia,3,50,7.91,1403.9499999999998,1407.9049999999997,1411.86,3,68.5,73.6,71.0,19.0,0.42,0.4,0.13,0.96,137,0.0135,47,55,61,71,84,91,99,106
Feriali,Centro,38,13800007305429,Corso di Francia,3,50,7.91,1403.9499999999998,1407.9049999999997,1411.86,4,69.7,76.5,77.0,21.2,0.41,0.37,0.15,0.94,197,0.0195,44,53,62,77,92,97,104,111
Feriali,Centro,38,13800007305429,Corso di Francia,3,50,7.91,1403.9499999999998,1407.9049999999997,1411.86,5,64.8,71.8,74.0,19.6,0.44,0.38,0.19,1.02,811,0.0802,38,50,58,74,86,91,95,100
Feriali,Centro,38,13800007305429,Corso di Francia,3,50,7.91,1403.9499999999998,1407.9049999999997,1411.86,6,61.4,66.4,68.0,15.9,0.46,0.42,0.21,1.07,2412,0.2384,39,49,56,68,77,82,86,91
Feriali,Centro,38,13800007305429,Corso di Francia,3,50,7.91,1403.9499999999998,1407.9049999999997,1411.86,7,50.8,55.1,55.0,14.1,0.56,0.52,0.22,1.3,7878,0.7788,33,41,45,55,64,69,73,78
Feriali,Centro,38,13800007305429,Corso di Francia,3,50,7.91,1403.9499999999998,1407.9049999999997,1411.86,8,47.2,51.8,51.0,14.1,0.6,0.56,0.26,1.39,9782,0.967,29,38,43,51,61,66,70,76
Feriali,Centro,38,13800007305429,Corso di Francia,3,50,7.91,1403.9499999999998,1407.9049999999997,1411.86,9,49.0,53.9,54.0,14.5,0.58,0.53,0.28,1.34,8502,0.8405,31,39,44,54,63,69,72,78
Feriali,Centro,38,13800007305429,Corso di Francia,3,50,7.91,1403.9499999999998,1407.9049999999997,1411.86,10,53.6,58.3,58.0,14.9,0.53,0.49,0.21,1.23,6491,0.6417,34,43,48,58,68,74,77,82
Feriali,Centro,38,13800007305429,Corso di Francia,3,50,7.91,1403.9499999999998,1407.9049999999997,1411.86,11,54.9,60.2,60.0,15.9,0.52,0.47,0.23,1.2,5654,0.5589,34,43,49,60,71,77,80,86
Feriali,Centro,38,13800007305429,Corso di Francia,3,50,7.91,1403.9499999999998,1407.9049999999997,1411.86,12,56.3,61.5,62.0,16.0,0.51,0.46,0.25,1.17,5402,0.534,35,45,51,62,72,77,81,87
Feriali,Centro,38,13800007305429,Corso di Francia,3,50,7.91,1403.9499999999998,1407.9049999999997,1411.86,13,56.1,61.1,61.0,15.4,0.51,0.47,0.24,1.17,5640,0.5575,35,45,51,61,72,77,80,86
Feriali,Centro,38,13800007305429,Corso di Francia,3,50,7.91,1403.9499999999998,1407.9049999999997,1411.86,14,55.9,60.6,61.0,15.2,0.51,0.47,0.18,1.18,6326,0.6253,35,45,51,61,71,76,79,84
Feriali,Centro,38,13800007305429,Corso di Francia,3,50,7.91,1403.9499999999998,1407.9049999999997,1411.86,15,53.3,57.5,58.0,14.5,0.53,0.49,0.18,1.23,7429,0.7344,34,43,47,58,67,72,76,81
Feriali,Centro,38,13800007305429,Corso di Francia,3,50,7.91,1403.9499999999998,1407.9049999999997,1411.86,16,51.2,55.9,56.0,14.6,0.56,0.51,0.23,1.29,7038,0.6957,32,41,46,56,65,71,74,79
Feriali,Centro,38,13800007305429,Corso di Francia,3,50,7.91,1403.9499999999998,1407.9049999999997,1411.86,17,49.6,53.9,53.0,14.3,0.57,0.54,0.23,1.33,7518,0.7432,32,40,44,53,63,68,72,78
Feriali,Centro,38,13800007305429,Corso di Francia,3,50,7.91,1403.9499999999998,1407.9049999999997,1411.86,18,48.9,53.0,52.0,14.1,0.58,0.55,0.19,1.34,6897,0.6818,32,39,43,52,62,68,71,77
Feriali,Centro,38,13800007305429,Corso di Francia,3,50,7.91,1403.9499999999998,1407.9049999999997,1411.86,19,51.3,55.6,55.0,14.3,0.56,0.52,0.26,1.28,6527,0.6452,33,41,46,55,64,70,74,80
Feriali,Centro,38,13800007305429,Corso di Francia,3,50,7.91,1403.9499999999998,1407.9049999999997,1411.86,20,55.1,59.4,59.0,15.1,0.52,0.48,0.16,1.19,5476,0.5413,36,44,49,59,69,74,79,85
Feriali,Centro,38,13800007305429,Corso di Francia,3,50,7.91,1403.9499999999998,1407.9049999999997,1411.86,21,60.1,66.1,66.0,18.3,0.47,0.43,0.24,1.09,2639,0.2609,38,47,53,66,78,84,88,97
Feriali,Centro,38,13800007305429,Corso di Francia,3,50,7.91,1403.9499999999998,1407.9049999999997,1411.86,22,59.9,65.1,64.0,17.8,0.48,0.44,0.16,1.1,2245,0.2219,39,47,52,64,77,83,87,95
Feriali,Centro,38,13800007305429,Corso di Francia,3,50,7.91,1403.9499999999998,1407.9049999999997,1411.86,23,59.4,64.8,64.0,18.0,0.48,0.44,0.16,1.11,2125,0.2101,37,47,52,64,76,83,88,96
Feriali,Centro,39,13800006917856,Corso di Francia,3,50,66.81,1411.86,1445.2649999999999,1478.6699999999998,0,63.7,70.3,70.0,20.3,3.78,3.44,1.44,1.0,862,0.0852,38,49,57,70,83,91,96,104
Feriali,Centro,39,13800006917856,Corso di Francia,3,50,66.81,1411.86,1445.2649999999999,1478.6699999999998,1,63.7,70.7,71.0,20.2,3.78,3.39,1.87,1.0,475,0.047,37,50,59,71,82,88,93,106
Feriali,Centro,39,13800006917856,Corso di Francia,3,50,66.81,1411.86,1445.2649999999999,1478.6699999999998,2,64.1,71.5,70.0,22.2,3.76,3.44,1.42,0.99,250,0.0247,35,49,57,70,86,94,100,109
Feriali,Centro,39,13800006917856,Corso di Francia,3,50,66.81,1411.86,1445.2649999999999,1478.6699999999998,3,66.5,72.7,70.0,20.2,3.62,3.44,1.25,0.96,137,0.0135,38,53,61,70,84,91,99,104
Feriali,Centro,39,13800006917856,Corso di Francia,3,50,66.81,1411.86,1445.2649999999999,1478.6699999999998,4,67.8,75.8,77.0,22.6,3.55,3.12,1.44,0.94,197,0.0195,36,51,59,77,94,97,105,112
Feriali,Centro,39,13800006917856,Corso di Francia,3,50,66.81,1411.86,1445.2649999999999,1478.6699999999998,5,63.0,71.2,74.0,20.7,3.82,3.25,1.72,1.01,812,0.0803,34,46,57,74,86,91,96,100
Feriali,Centro,39,13800006917856,Corso di Francia,3,50,66.81,1411.86,1445.2649999999999,1478.6699999999998,6,59.6,65.8,68.0,17.0,4.04,3.54,2.19,1.07,2405,0.2377,36,46,55,68,77,82,86,91
Feriali,Centro,39,13800006917856,Corso di Francia,3,50,66.81,1411.86,1445.2649999999999,1478.6699999999998,7,48.6,54.1,55.0,15.5,4.95,4.37,2.16,1.31,7839,0.7749,29,37,43,55,65,70,74,79
Feriali,Centro,39,13800006917856,Corso di Francia,3,50,66.81,1411.86,1445.2649999999999,1478.6699999999998,8,45.1,50.7,51.0,15.2,5.33,4.72,2.46,1.41,9734,0.9622,27,34,39,51,61,66,70,76
Feriali,Centro,39,13800006917856,Corso di Francia,3,50,66.81,1411.86,1445.2649999999999,1478.6699999999998,9,47.6,53.3,54.0,15.5,5.05,4.45,2.41,1.34,8471,0.8374,29,36,42,54,64,69,73,78
Feriali,Centro,39,13800006917856,Corso di Francia,3,50,66.81,1411.86,1445.2649999999999,1478.6699999999998,10,51.8,57.6,59.0,16.1,4.65,4.08,2.14,1.23,6467,0.6393,31,40,46,59,69,74,77,83
Feriali,Centro,39,13800006917856,Corso di Francia,3,50,66.81,1411.86,1445.2649999999999,1478.6699999999998,11,52.9,59.4,61.0,17.1,4.54,3.94,2.45,1.2,5638,0.5573,31,40,47,61,71,77,81,86
Feriali,Centro,39,13800006917856,Corso di Francia,3,50,66.81,1411.86,1445.2649999999999,1478.6699999999998,12,54.3,60.7,62.0,17.1,4.43,3.88,2.74,1.17,5384,0.5322,33,41,48,62,73,78,81,87
Feriali,Centro,39,13800006917856,Corso di Francia,3,50,66.81,1411.86,1445.2649999999999,1478.6699999999998,13,54.0,60.1,61.0,16.8,4.45,3.94,2.13,1.18,5626,0.5561,33,41,47,61,72,77,80,85
Feriali,Centro,39,13800006917856,Corso di Francia,3,50,66.81,1411.86,1445.2649999999999,1478.6699999999998,14,53.4,59.4,61.0,16.6,4.51,3.94,2.32,1.19,6313,0.6241,32,40,48,61,71,76,79,85
Feriali,Centro,39,13800006917856,Corso di Francia,3,50,66.81,1411.86,1445.2649999999999,1478.6699999999998,15,51.3,56.5,57.0,15.8,4.69,4.22,1.75,1.24,7407,0.7322,31,39,45,57,67,73,76,82
Feriali,Centro,39,13800006917856,Corso di Francia,3,50,66.81,1411.86,1445.2649999999999,1478.6699999999998,16,48.7,54.8,56.0,16.0,4.94,4.29,2.65,1.31,7011,0.6931,29,37,43,56,66,71,74,80
Feriali,Centro,39,13800006917856,Corso di Francia,3,50,66.81,1411.86,1445.2649999999999,1478.6699999999998,17,48.0,53.0,53.0,15.3,5.01,4.54,1.97,1.33,7485,0.7399,29,37,42,53,63,68,72,78
Feriali,Centro,39,13800006917856,Corso di Francia,3,50,66.81,1411.86,1445.2649999999999,1478.6699999999998,18,46.9,51.9,52.0,15.2,5.13,4.63,2.06,1.36,6872,0.6793,29,35,41,52,62,68,71,77
Feriali,Centro,39,13800006917856,Corso di Francia,3,50,66.81,1411.86,1445.2649999999999,1478.6699999999998,19,49.2,54.4,55.0,15.5,4.89,4.37,2.09,1.29,6504,0.6429,30,37,44,55,65,70,74,80
Feriali,Centro,39,13800006917856,Corso di Francia,3,50,66.81,1411.86,1445.2649999999999,1478.6699999999998,20,53.2,58.4,59.0,16.3,4.52,4.08,1.69,1.2,5465,0.5402,32,40,47,59,69,74,79,85
Feriali,Centro,39,13800006917856,Corso di Francia,3,50,66.81,1411.86,1445.2649999999999,1478.6699999999998,21,57.2,64.8,66.0,20.0,4.21,3.64,2.11,1.11,2630,0.26,33,43,51,66,78,84,89,98
Feriali,Centro,39,13800006917856,Corso di Francia,3,50,66.81,1411.86,1445.2649999999999,1478.6699999999998,22,56.3,63.2,63.0,19.8,4.27,3.82,1.67,1.13,2235,0.2209,32,41,48,63,77,84,88,95
Feriali,Centro,39,13800006917856,Corso di Francia,3,50,66.81,1411.86,1445.2649999999999,1478.6699999999998,23,55.7,62.7,63.0,19.9,4.32,3.82,1.68,1.14,2117,0.2093,32,41,47,63,76,83,88,96
Feriali,Centro,40,13800007335858,Corso di Francia,3,50,12.63,1478.6699999999998,1484.985,1491.3,0,65.8,72.8,73.0,20.3,0.69,0.62,0.3,1.0,805,0.0796,40,53,60,73,85,92,98,107
Feriali,Centro,40,13800007335858,Corso di Francia,3,50,12.63,1478.6699999999998,1484.985,1491.3,1,67.2,73.8,73.0,19.5,0.68,0.62,0.35,0.98,433,0.0428,44,57,62,73,84,91,97,110
Feriali,Centro,40,13800007335858,Corso di Francia,3,50,12.63,1478.6699999999998,1484.985,1491.3,2,66.6,73.9,72.0,22.0,0.68,0.63,0.26,0.99,231,0.0228,40,54,61,72,88,95,101,112
Feriali,Centro,40,13800007335858,Corso di Francia,3,50,12.63,1478.6699999999998,1484.985,1491.3,3,66.4,74.7,72.0,20.3,0.69,0.63,0.43,0.99,131,0.0129,38,56,64,72,85,95,99,106
Feriali,Centro,40,13800007335858,Corso di Francia,3,50,12.63,1478.6699999999998,1484.985,1491.3,4,73.0,79.6,79.0,21.2,0.62,0.58,0.22,0.9,178,0.0176,44,56,67,79,95,99,106,114
Feriali,Centro,40,13800007335858,Corso di Francia,3,50,12.63,1478.6699999999998,1484.985,1491.3,5,70.8,75.9,77.0,17.9,0.64,0.59,0.2,0.93,732,0.0724,44,56,64,77,88,94,98,101
Feriali,Centro,40,13800007335858,Corso di Francia,3,50,12.63,1478.6699999999998,1484.985,1491.3,6,63.7,68.8,70.0,16.1,0.71,0.65,0.34,1.03,2212,0.2187,40,52,59,70,79,84,88,93
Feriali,Centro,40,13800007335858,Corso di Francia,3,50,12.63,1478.6699999999998,1484.985,1491.3,7,54.0,58.7,59.0,14.4,0.84,0.77,0.4,1.22,6487,0.6413,35,45,50,59,68,73,77,82
Feriali,Centro,40,13800007335858,Corso di Francia,3,50,12.63,1478.6699999999998,1484.985,1491.3,8,48.3,54.4,55.0,15.0,0.94,0.83,0.67,1.36,8025,0.7933,29,39,46,55,64,69,73,78
Feriali,Centro,40,13800007335858,Corso di Francia,3,50,12.63,1478.6699999999998,1484.985,1491.3,9,50.1,56.2,57.0,15.4,0.91,0.8,0.57,1.31,7438,0.7353,30,40,47,57,66,71,75,81
Feriali,Centro,40,13800007335858,Corso di Francia,3,50,12.63,1478.6699999999998,1484.985,1491.3,10,54.4,60.7,62.0,16.0,0.84,0.73,0.47,1.21,5819,0.5752,33,44,51,62,71,76,80,85
Feriali,Centro,40,13800007335858,Corso di Francia,3,50,12.63,1478.6699999999998,1484.985,1491.3,11,54.9,62.3,64.0,17.2,0.83,0.71,0.66,1.2,5133,0.5074,33,44,51,64,74,79,83,89
Feriali,Centro,40,13800007335858,Corso di Francia,3,50,12.63,1478.6699999999998,1484.985,1491.3,12,56.0,63.3,65.0,17.4,0.81,0.7,0.65,1.18,4928,0.4871,33,45,52,65,75,80,84,90
Feriali,Centro,40,13800007335858,Corso di Francia,3,50,12.63,1478.6699999999998,1484.985,1491.3,13,55.1,62.6,64.0,17.3,0.83,0.71,0.49,1.19,5138,0.5079,32,44,52,64,75,79,83,88
Feriali,Centro,40,13800007335858,Corso di Francia,3,50,12.63,1478.6699999999998,1484.985,1491.3,14,54.3,62.1,64.0,16.9,0.84,0.71,0.8,1.21,5686,0.5621,33,44,52,64,73,78,81,87
Feriali,Centro,40,13800007335858,Corso di Francia,3,50,12.63,1478.6699999999998,1484.985,1491.3,15,52.6,59.3,60.0,16.1,0.87,0.76,0.53,1.25,6506,0.6431,31,43,49,60,70,75,79,84
Feriali,Centro,40,13800007335858,Corso di Francia,3,50,12.63,1478.6699999999998,1484.985,1491.3,16,51.5,58.1,59.0,16.0,0.88,0.77,0.56,1.28,6124,0.6054,30,42,48,59,68,73,77,82
Feriali,Centro,40,13800007335858,Corso di Francia,3,50,12.63,1478.6699999999998,1484.985,1491.3,17,48.5,55.6,56.0,15.7,0.94,0.81,0.67,1.36,6546,0.6471,29,40,46,56,65,71,75,80
Feriali,Centro,40,13800007335858,Corso di Francia,3,50,12.63,1478.6699999999998,1484.985,1491.3,18,49.2,55.0,55.0,14.9,0.92,0.83,0.59,1.34,5931,0.5863,30,41,46,55,64,69,73,79
Feriali,Centro,40,13800007335858,Corso di Francia,3,50,12.63,1478.6699999999998,1484.985,1491.3,19,49.9,57.1,57.0,15.5,0.91,0.8,1.09,1.32,5745,0.5679,32,42,48,57,67,72,76,82
Feriali,Centro,40,13800007335858,Corso di Francia,3,50,12.63,1478.6699999999998,1484.985,1491.3,20,53.6,60.5,61.0,16.5,0.85,0.75,0.64,1.23,5035,0.4977,34,44,50,61,71,77,81,87
Feriali,Centro,40,13800007335858,Corso di Francia,3,50,12.63,1478.6699999999998,1484.985,1491.3,21,61.1,68.2,69.0,19.6,0.74,0.66,0.34,1.08,2364,0.2337,35,48,56,69,80,87,91,101
Feriali,Centro,40,13800007335858,Corso di Francia,3,50,12.63,1478.6699999999998,1484.985,1491.3,22,59.1,67.1,68.0,19.7,0.77,0.67,0.41,1.11,1938,0.1916,33,47,55,68,80,86,91,98
Feriali,Centro,40,13800007335858,Corso di Francia,3,50,12.63,1478.6699999999998,1484.985,1491.3,23,55.1,65.1,66.0,21.3,0.83,0.69,0.52,1.19,1892,0.187,27,43,52,66,78,86,91,98
Feriali,Centro,41,13800007335859,Corso di Francia,3,50,19.4,1491.3,1501.0,1510.7,0,66.2,72.9,73.0,20.4,1.06,0.96,0.41,1.0,805,0.0796,40,53,59,73,86,92,98,107
Feriali,Centro,41,13800007335859,Corso di Francia,3,50,19.4,1491.3,1501.0,1510.7,1,67.3,73.8,73.0,19.6,1.04,0.96,0.53,0.98,433,0.0428,44,57,61,73,84,91,97,110
Feriali,Centro,41,13800007335859,Corso di Francia,3,50,19.4,1491.3,1501.0,1510.7,2,67.0,74.1,72.0,22.2,1.04,0.97,0.39,0.99,231,0.0228,42,54,60,72,89,95,101,112
Feriali,Centro,41,13800007335859,Corso di Francia,3,50,19.4,1491.3,1501.0,1510.7,3,69.0,75.1,72.0,19.9,1.01,0.97,0.38,0.96,131,0.0129,45,55,63,72,85,95,99,106
Feriali,Centro,41,13800007335859,Corso di Francia,3,50,19.4,1491.3,1501.0,1510.7,4,72.5,79.2,79.0,21.5,0.96,0.88,0.33,0.91,178,0.0176,44,56,64,79,94,99,106,114
Feriali,Centro,41,13800007335859,Corso di Francia,3,50,19.4,1491.3,1501.0,1510.7,5,71.0,76.1,77.0,18.0,0.98,0.91,0.3,0.93,732,0.0724,44,57,64,77,88,94,98,102
Feriali,Centro,41,13800007335859,Corso di Francia,3,50,19.4,1491.3,1501.0,1510.7,6,64.0,69.0,70.0,16.1,1.09,1.0,0.5,1.03,2211,0.2186,40,52,59,70,79,84,89,93
Feriali,Centro,41,13800007335859,Corso di Francia,3,50,19.4,1491.3,1501.0,1510.7,7,54.9,59.0,59.0,14.1,1.27,1.18,0.43,1.21,6486,0.6412,35,45,50,59,68,73,76,82
Feriali,Centro,41,13800007335859,Corso di Francia,3,50,19.4,1491.3,1501.0,1510.7,8,49.6,54.7,55.0,14.6,1.41,1.27,0.72,1.33,8023,0.7931,29,39,46,55,64,69,72,78
Feriali,Centro,41,13800007335859,Corso di Francia,3,50,19.4,1491.3,1501.0,1510.7,9,51.0,56.5,57.0,15.0,1.37,1.23,1.02,1.3,7434,0.7349,30,41,47,57,66,71,74,80
Feriali,Centro,41,13800007335859,Corso di Francia,3,50,19.4,1491.3,1501.0,1510.7,10,55.7,60.9,62.0,15.7,1.25,1.13,0.51,1.19,5820,0.5753,34,45,51,62,72,76,80,85
Feriali,Centro,41,13800007335859,Corso di Francia,3,50,19.4,1491.3,1501.0,1510.7,11,56.1,62.7,64.0,17.0,1.24,1.09,0.97,1.18,5129,0.507,33,44,52,64,74,79,83,89
Feriali,Centro,41,13800007335859,Corso di Francia,3,50,19.4,1491.3,1501.0,1510.7,12,57.8,63.6,65.0,17.1,1.21,1.07,0.46,1.14,4936,0.4879,34,45,53,65,75,80,84,90
Feriali,Centro,41,13800007335859,Corso di Francia,3,50,19.4,1491.3,1501.0,1510.7,13,56.8,62.9,64.0,17.0,1.23,1.09,0.51,1.17,5135,0.5076,32,44,53,64,75,79,83,88
Feriali,Centro,41,13800007335859,Corso di Francia,3,50,19.4,1491.3,1501.0,1510.7,14,56.5,62.4,64.0,16.6,1.24,1.09,0.51,1.17,5690,0.5625,33,45,52,64,73,78,81,87
Feriali,Centro,41,13800007335859,Corso di Francia,3,50,19.4,1491.3,1501.0,1510.7,15,54.4,59.7,60.0,15.6,1.28,1.16,0.5,1.22,6501,0.6426,32,44,50,60,70,75,78,84
Feriali,Centro,41,13800007335859,Corso di Francia,3,50,19.4,1491.3,1501.0,1510.7,16,52.6,58.3,59.0,15.6,1.33,1.18,0.73,1.26,6119,0.6049,30,42,49,59,68,73,76,82
Feriali,Centro,41,13800007335859,Corso di Francia,3,50,19.4,1491.3,1501.0,1510.7,17,50.7,55.9,56.0,15.0,1.38,1.25,0.59,1.31,6539,0.6464,30,41,47,56,65,70,74,79
Feriali,Centro,41,13800007335859,Corso di Francia,3,50,19.4,1491.3,1501.0,1510.7,18,50.6,55.3,55.0,14.5,1.38,1.27,0.68,1.31,5934,0.5866,31,41,47,55,64,69,73,78
Feriali,Centro,41,13800007335859,Corso di Francia,3,50,19.4,1491.3,1501.0,1510.7,19,52.3,57.4,58.0,15.0,1.34,1.2,0.65,1.27,5749,0.5683,32,43,48,58,67,72,76,81
Feriali,Centro,41,13800007335859,Corso di Francia,3,50,19.4,1491.3,1501.0,1510.7,20,55.3,60.8,61.0,16.2,1.26,1.14,0.56,1.2,5033,0.4975,34,45,51,61,70,77,81,87
Feriali,Centro,41,13800007335859,Corso di Francia,3,50,19.4,1491.3,1501.0,1510.7,21,61.9,68.4,69.0,19.4,1.13,1.01,0.44,1.07,2365,0.2338,36,48,56,69,80,87,92,101
Feriali,Centro,41,13800007335859,Corso di Francia,3,50,19.4,1491.3,1501.0,1510.7,22,60.4,67.4,67.0,19.5,1.16,1.04,0.49,1.1,1935,0.1913,34,47,55,67,80,87,91,99
Feriali,Centro,41,13800007335859,Corso di Francia,3,50,19.4,1491.3,1501.0,1510.7,23,55.7,65.3,66.0,21.1,1.25,1.06,0.88,1.19,1898,0.1876,28,44,52,66,79,86,92,99
Feriali,Centro,42,13800007335860,Corso di Francia,3,50,13.2,1510.7,1517.3,1523.9,0,67.6,73.7,73.0,20.4,0.7,0.65,0.23,1.0,807,0.0798,40,54,60,73,87,93,100,109
Feriali,Centro,42,13800007335860,Corso di Francia,3,50,13.2,1510.7,1517.3,1523.9,1,67.9,74.5,74.0,19.7,0.7,0.64,0.36,1.0,434,0.0429,44,57,62,74,85,91,98,111
Feriali,Centro,42,13800007335860,Corso di Francia,3,50,13.2,1510.7,1517.3,1523.9,2,68.5,75.2,73.0,22.2,0.69,0.65,0.24,0.99,231,0.0228,43,54,60,73,89,95,102,113
Feriali,Centro,42,13800007335860,Corso di Francia,3,50,13.2,1510.7,1517.3,1523.9,3,70.5,75.6,73.0,19.5,0.67,0.65,0.2,0.96,131,0.0129,45,55,63,73,85,94,99,107
Feriali,Centro,42,13800007335860,Corso di Francia,3,50,13.2,1510.7,1517.3,1523.9,4,72.9,79.5,80.0,21.4,0.65,0.59,0.22,0.93,178,0.0176,48,56,64,80,95,99,106,114
Feriali,Centro,42,13800007335860,Corso di Francia,3,50,13.2,1510.7,1517.3,1523.9,5,71.7,76.9,78.0,18.3,0.66,0.61,0.21,0.94,733,0.0725,43,58,65,78,89,95,99,104
Feriali,Centro,42,13800007335860,Corso di Francia,3,50,13.2,1510.7,1517.3,1523.9,6,65.0,69.9,71.0,16.1,0.73,0.67,0.33,1.04,2210,0.2185,41,53,59,71,80,85,89,94
Feriali,Centro,42,13800007335860,Corso di Francia,3,50,13.2,1510.7,1517.3,1523.9,7,56.2,60.2,60.0,14.1,0.85,0.79,0.27,1.2,6488,0.6414,36,46,52,60,69,74,77,83
Feriali,Centro,42,13800007335860,Corso di Francia,3,50,13.2,1510.7,1517.3,1523.9,8,51.4,56.1,57.0,14.6,0.93,0.83,0.36,1.32,8036,0.7944,30,41,48,57,65,70,73,79
Feriali,Centro,42,13800007335860,Corso di Francia,3,50,13.2,1510.7,1517.3,1523.9,9,52.6,57.6,58.0,15.0,0.9,0.82,0.66,1.29,7448,0.7363,31,42,49,58,67,72,76,81
Feriali,Centro,42,13800007335860,Corso di Francia,3,50,13.2,1510.7,1517.3,1523.9,10,57.3,62.1,63.0,15.6,0.83,0.75,0.31,1.18,5822,0.5755,35,45,53,63,72,77,81,86
Feriali,Centro,42,13800007335860,Corso di Francia,3,50,13.2,1510.7,1517.3,1523.9,11,58.1,63.8,65.0,16.9,0.82,0.73,0.36,1.16,5139,0.508,35,45,53,65,75,80,84,91
Feriali,Centro,42,13800007335860,Corso di Francia,3,50,13.2,1510.7,1517.3,1523.9,12,59.2,64.6,65.0,17.0,0.8,0.73,0.29,1.14,4940,0.4883,35,46,54,65,76,81,85,91
Feriali,Centro,42,13800007335860,Corso di Francia,3,50,13.2,1510.7,1517.3,1523.9,13,58.7,64.1,65.0,16.8,0.81,0.73,0.29,1.15,5143,0.5084,34,45,54,65,75,80,84,90
Feriali,Centro,42,13800007335860,Corso di Francia,3,50,13.2,1510.7,1517.3,1523.9,14,58.5,63.7,65.0,16.5,0.81,0.73,0.29,1.16,5698,0.5633,34,46,54,65,74,79,83,89
Feriali,Centro,42,13800007335860,Corso di Francia,3,50,13.2,1510.7,1517.3,1523.9,15,56.3,61.0,61.0,15.4,0.84,0.78,0.28,1.2,6510,0.6435,34,45,52,61,71,76,79,85
Feriali,Centro,42,13800007335860,Corso di Francia,3,50,13.2,1510.7,1517.3,1523.9,16,54.3,59.5,60.0,15.5,0.88,0.79,0.43,1.25,6132,0.6062,32,44,50,60,69,74,78,84
Feriali,Centro,42,13800007335860,Corso di Francia,3,50,13.2,1510.7,1517.3,1523.9,17,52.7,57.3,58.0,14.9,0.9,0.82,0.34,1.28,6542,0.6467,32,42,48,58,66,71,75,81
Feriali,Centro,42,13800007335860,Corso di Francia,3,50,13.2,1510.7,1517.3,1523.9,18,52.3,56.7,57.0,14.4,0.91,0.83,0.43,1.29,5942,0.5874,32,43,48,57,65,70,74,80
Feriali,Centro,42,13800007335860,Corso di Francia,3,50,13.2,1510.7,1517.3,1523.9,19,54.5,58.8,59.0,14.7,0.87,0.81,0.33,1.24,5756,0.569,34,44,50,59,68,73,77,83
Feriali,Centro,42,13800007335860,Corso di Francia,3,50,13.2,1510.7,1517.3,1523.9,20,57.2,62.1,62.0,16.0,0.83,0.77,0.33,1.18,5040,0.4982,36,46,52,62,71,78,82,89
Feriali,Centro,42,13800007335860,Corso di Francia,3,50,13.2,1510.7,1517.3,1523.9,21,63.3,69.5,69.0,19.6,0.75,0.69,0.27,1.07,2372,0.2345,38,49,57,69,81,88,94,103
Feriali,Centro,42,13800007335860,Corso di Francia,3,50,13.2,1510.7,1517.3,1523.9,22,62.2,68.3,68.0,19.1,0.76,0.7,0.27,1.09,1934,0.1912,37,48,56,68,81,87,92,100
Feriali,Centro,42,13800007335860,Corso di Francia,3,50,13.2,1510.7,1517.3,1523.9,23,58.3,66.8,67.0,20.7,0.82,0.71,0.54,1.16,1902,0.188,32,46,53,67,80,88,93,101
Feriali,Centro,43,13800013612830,Corso di Francia,3,50,13.99,1523.9,1530.895,1537.89,0,68.4,74.3,73.0,20.4,0.74,0.69,0.23,1.0,808,0.0799,41,54,60,73,87,94,101,110
Feriali,Centro,43,13800013612830,Corso di Francia,3,50,13.99,1523.9,1530.895,1537.89,1,68.4,74.9,74.0,19.8,0.74,0.68,0.37,1.0,434,0.0429,45,57,62,74,86,92,99,111
Feriali,Centro,43,13800013612830,Corso di Francia,3,50,13.99,1523.9,1530.895,1537.89,2,68.8,75.6,74.0,22.3,0.73,0.68,0.25,0.99,231,0.0228,43,54,61,74,90,97,104,114
Feriali,Centro,43,13800013612830,Corso di Francia,3,50,13.99,1523.9,1530.895,1537.89,3,70.4,75.6,73.0,19.7,0.72,0.69,0.21,0.97,131,0.0129,45,55,63,73,85,94,99,106
Feriali,Centro,43,13800013612830,Corso di Francia,3,50,13.99,1523.9,1530.895,1537.89,4,73.0,79.6,80.0,21.3,0.69,0.63,0.24,0.94,179,0.0177,48,56,64,80,95,100,107,114
Feriali,Centro,43,13800013612830,Corso di Francia,3,50,13.99,1523.9,1530.895,1537.89,5,71.9,77.1,78.0,18.3,0.7,0.65,0.22,0.95,733,0.0725,43,58,66,78,89,95,99,105
Feriali,Centro,43,13800013612830,Corso di Francia,3,50,13.99,1523.9,1530.895,1537.89,6,65.3,70.2,71.0,16.2,0.77,0.71,0.33,1.05,2210,0.2185,41,54,60,71,80,85,90,95
Feriali,Centro,43,13800013612830,Corso di Francia,3,50,13.99,1523.9,1530.895,1537.89,7,56.7,60.7,61.0,14.2,0.89,0.83,0.28,1.2,6490,0.6416,36,46,52,61,69,74,78,84
Feriali,Centro,43,13800013612830,Corso di Francia,3,50,13.99,1523.9,1530.895,1537.89,8,51.9,56.7,57.0,14.7,0.97,0.88,0.38,1.32,8038,0.7946,30,41,48,57,66,71,74,80
Feriali,Centro,43,13800013612830,Corso di Francia,3,50,13.99,1523.9,1530.895,1537.89,9,53.1,58.2,59.0,15.0,0.95,0.85,0.7,1.29,7452,0.7367,32,42,49,59,68,72,76,82
Feriali,Centro,43,13800013612830,Corso di Francia,3,50,13.99,1523.9,1530.895,1537.89,10,57.8,62.6,63.0,15.7,0.87,0.8,0.31,1.18,5829,0.5762,36,46,53,63,73,78,81,87
Feriali,Centro,43,13800013612830,Corso di Francia,3,50,13.99,1523.9,1530.895,1537.89,11,59.0,64.4,65.0,16.9,0.85,0.77,0.32,1.16,5139,0.508,35,46,54,65,76,81,85,91
Feriali,Centro,43,13800013612830,Corso di Francia,3,50,13.99,1523.9,1530.895,1537.89,12,59.9,65.2,66.0,17.0,0.84,0.76,0.3,1.14,4947,0.489,36,47,55,66,77,82,86,92
Feriali,Centro,43,13800013612830,Corso di Francia,3,50,13.99,1523.9,1530.895,1537.89,13,59.4,64.7,66.0,16.8,0.85,0.76,0.3,1.15,5145,0.5086,35,46,55,66,76,81,84,90
Feriali,Centro,43,13800013612830,Corso di Francia,3,50,13.99,1523.9,1530.895,1537.89,14,59.3,64.4,65.0,16.3,0.85,0.77,0.29,1.15,5699,0.5634,35,47,54,65,75,80,84,89
Feriali,Centro,43,13800013612830,Corso di Francia,3,50,13.99,1523.9,1530.895,1537.89,15,57.0,61.6,62.0,15.3,0.88,0.81,0.29,1.2,6513,0.6438,34,46,52,62,71,77,80,86
Feriali,Centro,43,13800013612830,Corso di Francia,3,50,13.99,1523.9,1530.895,1537.89,16,55.1,60.2,61.0,15.5,0.91,0.83,0.42,1.24,6138,0.6068,33,44,51,61,70,74,78,84
Feriali,Centro,43,13800013612830,Corso di Francia,3,50,13.99,1523.9,1530.895,1537.89,17,53.3,57.9,58.0,14.8,0.94,0.87,0.4,1.28,6544,0.6469,33,43,49,58,67,72,75,81
Feriali,Centro,43,13800013612830,Corso di Francia,3,50,13.99,1523.9,1530.895,1537.89,18,53.0,57.3,57.0,14.3,0.95,0.88,0.45,1.29,5946,0.5878,33,43,49,57,66,71,74,81
Feriali,Centro,43,13800013612830,Corso di Francia,3,50,13.99,1523.9,1530.895,1537.89,19,55.1,59.4,59.0,14.6,0.91,0.85,0.39,1.24,5761,0.5695,35,45,50,59,68,73,77,84
Feriali,Centro,43,13800013612830,Corso di Francia,3,50,13.99,1523.9,1530.895,1537.89,20,57.9,62.6,63.0,16.0,0.87,0.8,0.31,1.18,5042,0.4984,36,46,53,63,72,78,82,89
Feriali,Centro,43,13800013612830,Corso di Francia,3,50,13.99,1523.9,1530.895,1537.89,21,63.9,69.9,70.0,19.6,0.79,0.72,0.27,1.07,2373,0.2346,39,50,57,70,82,89,94,103
Feriali,Centro,43,13800013612830,Corso di Francia,3,50,13.99,1523.9,1530.895,1537.89,22,62.9,68.8,68.0,19.0,0.8,0.74,0.28,1.09,1935,0.1913,38,48,57,68,81,88,92,100
Feriali,Centro,43,13800013612830,Corso di Francia,3,50,13.99,1523.9,1530.895,1537.89,23,59.0,67.4,67.0,20.5,0.85,0.75,0.6,1.16,1906,0.1884,34,46,54,67,80,88,93,101
Feriali,Centro,44,13800013612829,Corso di Francia,3,50,161.29,1537.89,1618.535,1699.18,0,70.0,75.3,73.0,20.2,8.3,7.95,2.37,1.0,807,0.0798,46,55,60,73,88,94,103,113
Feriali,Centro,44,13800013612829,Corso di Francia,3,50,161.29,1537.89,1618.535,1699.18,1,69.5,75.6,74.0,19.6,8.36,7.85,3.95,1.01,434,0.0429,47,58,62,74,86,93,100,113
Feriali,Centro,44,13800013612829,Corso di Francia,3,50,161.29,1537.89,1618.535,1699.18,2,70.3,77.1,75.0,22.7,8.26,7.74,2.85,1.0,232,0.0229,44,56,62,75,90,99,107,120
Feriali,Centro,44,13800013612829,Corso di Francia,3,50,161.29,1537.89,1618.535,1699.18,3,72.7,77.6,75.0,19.7,7.98,7.74,2.16,0.96,131,0.0129,50,57,66,75,88,94,100,116
Feriali,Centro,44,13800013612829,Corso di Francia,3,50,161.29,1537.89,1618.535,1699.18,4,75.2,81.3,82.0,21.6,7.72,7.08,2.37,0.93,179,0.0177,49,56,64,82,97,104,109,117
Feriali,Centro,44,13800013612829,Corso di Francia,3,50,161.29,1537.89,1618.535,1699.18,5,72.6,77.7,79.0,18.6,8.0,7.35,2.39,0.96,725,0.0717,44,58,65,79,90,96,101,108
Feriali,Centro,44,13800013612829,Corso di Francia,3,50,161.29,1537.89,1618.535,1699.18,6,66.7,70.9,72.0,16.1,8.71,8.06,2.47,1.05,2200,0.2175,43,55,60,72,81,86,91,97
Feriali,Centro,44,13800013612829,Corso di Francia,3,50,161.29,1537.89,1618.535,1699.18,7,58.0,61.9,62.0,14.4,10.01,9.37,3.0,1.21,6469,0.6395,37,47,53,62,71,76,79,85
Feriali,Centro,44,13800013612829,Corso di Francia,3,50,161.29,1537.89,1618.535,1699.18,8,52.7,57.8,59.0,15.2,11.02,9.84,4.14,1.33,8004,0.7912,30,42,49,59,67,73,76,81
Feriali,Centro,44,13800013612829,Corso di Francia,3,50,161.29,1537.89,1618.535,1699.18,9,54.7,59.5,60.0,15.3,10.62,9.68,3.77,1.28,7421,0.7336,32,43,50,60,69,74,78,84
Feriali,Centro,44,13800013612829,Corso di Francia,3,50,161.29,1537.89,1618.535,1699.18,10,59.5,64.1,65.0,15.8,9.76,8.93,3.14,1.18,5805,0.5738,37,48,54,65,75,80,83,88
Feriali,Centro,44,13800013612829,Corso di Francia,3,50,161.29,1537.89,1618.535,1699.18,11,60.7,66.0,67.0,16.9,9.56,8.67,3.48,1.15,5113,0.5054,36,48,56,67,77,83,86,92
Feriali,Centro,44,13800013612829,Corso di Francia,3,50,161.29,1537.89,1618.535,1699.18,12,62.2,67.1,68.0,16.9,9.34,8.54,3.03,1.13,4917,0.4861,38,49,57,68,78,84,87,93
Feriali,Centro,44,13800013612829,Corso di Francia,3,50,161.29,1537.89,1618.535,1699.18,13,61.5,66.5,67.0,16.7,9.45,8.67,3.18,1.14,5110,0.5051,37,49,57,67,78,83,86,92
Feriali,Centro,44,13800013612829,Corso di Francia,3,50,161.29,1537.89,1618.535,1699.18,14,61.3,66.0,67.0,16.1,9.47,8.67,3.03,1.14,5682,0.5617,37,49,56,67,76,81,85,91
Feriali,Centro,44,13800013612829,Corso di Francia,3,50,161.29,1537.89,1618.535,1699.18,15,58.9,63.3,64.0,15.2,9.86,9.07,3.18,1.19,6469,0.6395,36,48,54,64,73,78,81,87
Feriali,Centro,44,13800013612829,Corso di Francia,3,50,161.29,1537.89,1618.535,1699.18,16,57.4,62.0,63.0,15.3,10.12,9.22,3.41,1.22,6118,0.6048,35,47,53,63,72,76,80,85
Feriali,Centro,44,13800013612829,Corso di Francia,3,50,161.29,1537.89,1618.535,1699.18,17,55.5,59.7,60.0,14.6,10.47,9.68,3.45,1.26,6514,0.6439,34,45,51,60,68,73,77,83
Feriali,Centro,44,13800013612829,Corso di Francia,3,50,161.29,1537.89,1618.535,1699.18,18,55.0,58.9,59.0,14.1,10.55,9.84,3.38,1.27,5916,0.5848,35,45,50,59,67,72,76,82
Feriali,Centro,44,13800013612829,Corso di Francia,3,50,161.29,1537.89,1618.535,1699.18,19,57.2,61.0,61.0,14.5,10.15,9.52,2.96,1.22,5735,0.5669,37,46,52,61,70,75,78,85
Feriali,Centro,44,13800013612829,Corso di Francia,3,50,161.29,1537.89,1618.535,1699.18,20,60.1,64.4,64.0,16.0,9.67,9.07,2.97,1.17,5015,0.4957,39,48,54,64,74,80,84,91
Feriali,Centro,44,13800013612829,Corso di Francia,3,50,161.29,1537.89,1618.535,1699.18,21,65.7,71.4,71.0,19.4,8.83,8.18,2.87,1.06,2363,0.2336,41,52,58,71,83,89,95,105
Feriali,Centro,44,13800013612829,Corso di Francia,3,50,161.29,1537.89,1618.535,1699.18,22,64.8,70.3,70.0,18.7,8.96,8.29,2.98,1.08,1928,0.1906,41,51,58,70,83,89,93,101
Feriali,Centro,44,13800013612829,Corso di Francia,3,50,161.29,1537.89,1618.535,1699.18,23,63.4,69.5,68.0,19.5,9.16,8.54,3.4,1.1,1897,0.1875,40,49,56,68,81,89,95,104
Feriali,Centro,45,13800012635043,Corso di Francia,3,50,60.71,1699.18,1729.535,1759.89,0,73.3,81.3,81.0,21.2,2.98,2.7,2.7,1.0,808,0.0799,48,59,67,81,94,103,109,118
Feriali,Centro,45,13800012635043,Corso di Francia,3,50,60.71,1699.18,1729.535,1759.89,1,75.5,81.2,80.0,20.5,2.89,2.73,0.91,0.97,439,0.0434,51,61,67,80,93,101,110,119
Feriali,Centro,45,13800012635043,Corso di Francia,3,50,60.71,1699.18,1729.535,1759.89,2,74.6,82.3,81.0,23.9,2.93,2.7,1.09,0.98,232,0.0229,47,59,65,81,96,105,112,124
Feriali,Centro,45,13800012635043,Corso di Francia,3,50,60.71,1699.18,1729.535,1759.89,3,77.6,83.5,82.0,21.7,2.82,2.67,0.83,0.94,132,0.013,51,63,70,82,95,104,109,128
Feriali,Centro,45,13800012635043,Corso di Francia,3,50,60.71,1699.18,1729.535,1759.89,4,78.7,85.2,85.0,22.5,2.78,2.57,0.9,0.93,181,0.0179,51,62,68,85,99,106,111,123
Feriali,Centro,45,13800012635043,Corso di Francia,3,50,60.71,1699.18,1729.535,1759.89,5,75.8,81.8,83.0,20.2,2.88,2.63,0.93,0.97,724,0.0716,43,60,69,83,95,101,106,113
Feriali,Centro,45,13800012635043,Corso di Francia,3,50,60.71,1699.18,1729.535,1759.89,6,70.2,75.2,77.0,17.7,3.12,2.84,0.97,1.04,2208,0.2183,42,57,65,77,86,93,96,103
Feriali,Centro,45,13800012635043,Corso di Francia,3,50,60.71,1699.18,1729.535,1759.89,7,61.3,66.4,67.0,16.6,3.56,3.26,1.25,1.19,6487,0.6413,37,49,56,67,77,83,87,93
Feriali,Centro,45,13800012635043,Corso di Francia,3,50,60.71,1699.18,1729.535,1759.89,8,55.1,61.6,63.0,17.6,3.96,3.47,1.68,1.33,8041,0.7949,30,42,51,63,73,79,83,89
Feriali,Centro,45,13800012635043,Corso di Francia,3,50,60.71,1699.18,1729.535,1759.89,9,57.2,63.4,64.0,17.8,3.82,3.41,1.52,1.28,7480,0.7394,32,44,53,64,75,81,85,92
Feriali,Centro,45,13800012635043,Corso di Francia,3,50,60.71,1699.18,1729.535,1759.89,10,62.6,68.4,70.0,17.9,3.49,3.12,1.26,1.17,5840,0.5773,36,49,58,70,80,86,90,96
Feriali,Centro,45,13800012635043,Corso di Francia,3,50,60.71,1699.18,1729.535,1759.89,11,64.0,70.6,72.0,19.1,3.42,3.04,1.4,1.14,5140,0.5081,36,49,59,72,83,89,93,100
Feriali,Centro,45,13800012635043,Corso di Francia,3,50,60.71,1699.18,1729.535,1759.89,12,65.7,71.7,73.0,18.6,3.33,2.99,1.21,1.12,4936,0.4879,38,52,61,73,84,89,94,101
Feriali,Centro,45,13800012635043,Corso di Francia,3,50,60.71,1699.18,1729.535,1759.89,13,64.9,71.2,73.0,18.7,3.37,2.99,1.27,1.13,5136,0.5077,37,51,60,73,84,89,93,100
Feriali,Centro,45,13800012635043,Corso di Francia,3,50,60.71,1699.18,1729.535,1759.89,14,65.3,71.0,73.0,18.1,3.35,2.99,1.18,1.12,5714,0.5648,37,52,61,73,83,88,93,99
Feriali,Centro,45,13800012635043,Corso di Francia,3,50,60.71,1699.18,1729.535,1759.89,15,62.3,68.0,69.0,17.5,3.51,3.17,1.27,1.18,6498,0.6423,35,50,58,69,79,85,89,95
Feriali,Centro,45,13800012635043,Corso di Francia,3,50,60.71,1699.18,1729.535,1759.89,16,61.1,67.0,68.0,17.6,3.58,3.21,1.37,1.2,6151,0.608,34,49,57,68,78,84,88,94
Feriali,Centro,45,13800012635043,Corso di Francia,3,50,60.71,1699.18,1729.535,1759.89,17,59.2,64.7,65.0,17.1,3.69,3.36,1.37,1.24,6538,0.6463,34,47,55,65,75,81,85,92
Feriali,Centro,45,13800012635043,Corso di Francia,3,50,60.71,1699.18,1729.535,1759.89,18,59.2,64.2,64.0,16.4,3.69,3.41,1.28,1.24,5960,0.5892,35,48,55,64,75,80,84,91
Feriali,Centro,45,13800012635043,Corso di Francia,3,50,60.71,1699.18,1729.535,1759.89,19,61.3,66.1,66.0,16.5,3.56,3.31,1.14,1.19,5753,0.5687,37,49,56,66,77,82,86,93
Feriali,Centro,45,13800012635043,Corso di Francia,3,50,60.71,1699.18,1729.535,1759.89,20,64.3,69.6,70.0,17.8,3.4,3.12,1.15,1.14,5069,0.5011,39,52,59,70,81,87,91,98
Feriali,Centro,45,13800012635043,Corso di Francia,3,50,60.71,1699.18,1729.535,1759.89,21,70.3,76.6,77.0,20.4,3.11,2.84,1.08,1.04,2373,0.2346,42,55,64,77,89,97,101,110
Feriali,Centro,45,13800012635043,Corso di Francia,3,50,60.71,1699.18,1729.535,1759.89,22,69.1,75.6,76.0,20.1,3.16,2.88,1.22,1.06,1942,0.192,42,55,63,76,89,95,100,109
Feriali,Centro,45,13800012635043,Corso di Francia,3,50,60.71,1699.18,1729.535,1759.89,23,68.9,75.4,75.0,20.1,3.17,2.91,1.29,1.06,1918,0.1896,42,56,63,75,87,95,101,109
Feriali,Centro,46,13800012194724,Corso di Francia,3,50,225.34,1759.89,1872.5600000000002,1985.23,0,72.5,77.8,76.0,19.7,11.19,10.67,3.28,1.0,806,0.0797,48,58,65,76,90,97,103,113
Feriali,Centro,46,13800012194724,Corso di Francia,3,50,225.34,1759.89,1872.5600000000002,1985.23,1,72.9,78.2,78.0,19.3,11.13,10.4,3.51,0.99,435,0.043,49,59,65,78,89,97,104,112
Feriali,Centro,46,13800012194724,Corso di Francia,3,50,225.34,1759.89,1872.5600000000002,1985.23,2,72.8,79.6,79.0,22.3,11.14,10.27,3.92,1.0,232,0.0229,45,57,65,79,92,103,107,121
Feriali,Centro,46,13800012194724,Corso di Francia,3,50,225.34,1759.89,1872.5600000000002,1985.23,3,75.5,80.8,79.0,20.6,10.74,10.27,3.01,0.96,131,0.0129,51,59,66,79,93,103,107,119
Feriali,Centro,46,13800012194724,Corso di Francia,3,50,225.34,1759.89,1872.5600000000002,1985.23,4,75.5,81.9,83.0,21.3,10.75,9.77,3.56,0.96,180,0.0178,50,57,65,83,96,102,106,113
Feriali,Centro,46,13800012194724,Corso di Francia,3,50,225.34,1759.89,1872.5600000000002,1985.23,5,73.1,78.3,80.0,18.7,11.11,10.14,3.38,0.99,722,0.0714,43,58,67,80,90,97,101,107
Feriali,Centro,46,13800012194724,Corso di Francia,3,50,225.34,1759.89,1872.5600000000002,1985.23,6,66.3,71.1,72.0,16.7,12.23,11.27,3.9,1.09,2186,0.2161,41,55,61,72,82,87,91,97
Feriali,Centro,46,13800012194724,Corso di Francia,3,50,225.34,1759.89,1872.5600000000002,1985.23,7,58.0,62.6,63.0,15.4,13.98,12.88,4.74,1.25,6442,0.6368,36,47,53,63,72,78,82,88
Feriali,Centro,46,13800012194724,Corso di Francia,3,50,225.34,1759.89,1872.5600000000002,1985.23,8,51.1,57.6,59.0,16.8,15.87,13.75,7.05,1.42,7985,0.7893,27,39,47,59,69,74,78,83
Feriali,Centro,46,13800012194724,Corso di Francia,3,50,225.34,1759.89,1872.5600000000002,1985.23,9,53.3,59.4,60.0,16.9,15.21,13.52,6.17,1.36,7424,0.7339,30,41,49,60,70,76,80,86
Feriali,Centro,46,13800012194724,Corso di Francia,3,50,225.34,1759.89,1872.5600000000002,1985.23,10,59.9,65.2,66.0,16.7,13.54,12.29,4.74,1.21,5801,0.5734,35,47,55,66,77,82,85,91
Feriali,Centro,46,13800012194724,Corso di Francia,3,50,225.34,1759.89,1872.5600000000002,1985.23,11,61.6,67.4,69.0,17.8,13.16,11.76,4.74,1.18,5098,0.504,36,48,56,69,79,85,89,95
Feriali,Centro,46,13800012194724,Corso di Francia,3,50,225.34,1759.89,1872.5600000000002,1985.23,12,63.1,68.5,70.0,17.4,12.86,11.59,4.47,1.15,4906,0.485,37,50,58,70,80,85,89,95
Feriali,Centro,46,13800012194724,Corso di Francia,3,50,225.34,1759.89,1872.5600000000002,1985.23,13,62.2,68.0,69.0,17.5,13.04,11.76,4.99,1.17,5095,0.5037,36,49,58,69,79,85,89,95
Feriali,Centro,46,13800012194724,Corso di Francia,3,50,225.34,1759.89,1872.5600000000002,1985.23,14,62.4,67.7,69.0,17.0,13.01,11.76,4.51,1.16,5675,0.561,36,50,58,69,78,84,88,94
Feriali,Centro,46,13800012194724,Corso di Francia,3,50,225.34,1759.89,1872.5600000000002,1985.23,15,59.5,64.8,66.0,16.4,13.63,12.29,4.83,1.22,6457,0.6383,34,47,55,66,75,80,84,90
Feriali,Centro,46,13800012194724,Corso di Francia,3,50,225.34,1759.89,1872.5600000000002,1985.23,16,58.2,63.5,64.0,16.5,13.94,12.68,5.11,1.25,6100,0.603,34,47,54,64,74,79,82,89
Feriali,Centro,46,13800012194724,Corso di Francia,3,50,225.34,1759.89,1872.5600000000002,1985.23,17,56.2,61.0,61.0,15.8,14.43,13.3,4.97,1.29,6495,0.6421,33,45,52,61,70,76,80,87
Feriali,Centro,46,13800012194724,Corso di Francia,3,50,225.34,1759.89,1872.5600000000002,1985.23,18,56.4,60.7,61.0,15.0,14.39,13.3,4.68,1.29,5925,0.5857,34,46,52,61,70,75,79,85
Feriali,Centro,46,13800012194724,Corso di Francia,3,50,225.34,1759.89,1872.5600000000002,1985.23,19,58.4,62.7,63.0,15.4,13.9,12.88,4.36,1.24,5698,0.5633,36,47,53,63,72,78,81,88
Feriali,Centro,46,13800012194724,Corso di Francia,3,50,225.34,1759.89,1872.5600000000002,1985.23,20,61.6,66.4,66.0,16.9,13.18,12.29,4.21,1.18,5044,0.4986,38,49,56,66,77,83,87,93
Feriali,Centro,46,13800012194724,Corso di Francia,3,50,225.34,1759.89,1872.5600000000002,1985.23,21,67.8,73.8,74.0,19.6,11.96,10.96,4.07,1.07,2359,0.2332,41,53,62,74,86,92,97,106
Feriali,Centro,46,13800012194724,Corso di Francia,3,50,225.34,1759.89,1872.5600000000002,1985.23,22,67.0,73.0,73.0,19.2,12.12,11.11,4.49,1.08,1935,0.1913,41,53,61,73,86,91,96,105
Feriali,Centro,46,13800012194724,Corso di Francia,3,50,225.34,1759.89,1872.5600000000002,1985.23,23,67.1,72.9,73.0,19.0,12.09,11.11,4.31,1.08,1913,0.1891,42,54,61,73,84,91,97,105
Feriali,Centro,47,13800012635034,Corso di Francia,3,50,34.26,1985.23,2002.3600000000001,2019.49,0,70.0,74.9,74.0,18.4,1.76,1.67,0.51,1.0,818,0.0809,47,57,63,74,86,92,97,107
Feriali,Centro,47,13800012635034,Corso di Francia,3,50,34.26,1985.23,2002.3600000000001,2019.49,1,69.5,74.9,74.0,18.2,1.77,1.67,0.61,1.01,444,0.0439,45,58,64,74,85,93,98,107
Feriali,Centro,47,13800012635034,Corso di Francia,3,50,34.26,1985.23,2002.3600000000001,2019.49,2,70.7,76.4,76.0,20.4,1.74,1.62,0.55,0.99,232,0.0229,45,56,64,76,86,96,100,110
Feriali,Centro,47,13800012635034,Corso di Francia,3,50,34.26,1985.23,2002.3600000000001,2019.49,3,73.4,77.9,79.0,18.1,1.68,1.56,0.45,0.95,133,0.0131,49,59,66,79,89,99,104,109
Feriali,Centro,47,13800012635034,Corso di Francia,3,50,34.26,1985.23,2002.3600000000001,2019.49,4,70.2,78.5,81.0,19.9,1.76,1.52,1.13,1.0,179,0.0177,49,56,65,81,92,99,103,107
Feriali,Centro,47,13800012635034,Corso di Francia,3,50,34.26,1985.23,2002.3600000000001,2019.49,5,70.6,75.5,77.0,17.2,1.75,1.6,0.53,0.99,722,0.0714,42,58,65,77,87,92,96,102
Feriali,Centro,47,13800012635034,Corso di Francia,3,50,34.26,1985.23,2002.3600000000001,2019.49,6,63.7,68.3,69.0,15.7,1.94,1.79,0.64,1.1,2194,0.2169,39,53,59,69,78,83,88,93
Feriali,Centro,47,13800012635034,Corso di Francia,3,50,34.26,1985.23,2002.3600000000001,2019.49,7,56.2,60.9,61.0,15.1,2.19,2.02,0.8,1.25,6445,0.6371,34,46,52,61,70,75,79,85
Feriali,Centro,47,13800012635034,Corso di Francia,3,50,34.26,1985.23,2002.3600000000001,2019.49,8,48.1,55.9,58.0,16.8,2.57,2.13,1.71,1.46,8054,0.7962,26,37,46,58,67,72,76,81
Feriali,Centro,47,13800012635034,Corso di Francia,3,50,34.26,1985.23,2002.3600000000001,2019.49,9,50.4,57.4,59.0,16.8,2.45,2.09,1.37,1.39,7499,0.7413,27,38,47,59,68,74,77,83
Feriali,Centro,47,13800012635034,Corso di Francia,3,50,34.26,1985.23,2002.3600000000001,2019.49,10,57.8,63.3,64.0,16.3,2.13,1.93,0.86,1.21,5843,0.5776,33,46,54,64,74,79,83,88
Feriali,Centro,47,13800012635034,Corso di Francia,3,50,34.26,1985.23,2002.3600000000001,2019.49,11,59.7,65.4,67.0,17.2,2.07,1.84,0.76,1.17,5114,0.5055,34,47,55,67,76,82,86,92
Feriali,Centro,47,13800012635034,Corso di Francia,3,50,34.26,1985.23,2002.3600000000001,2019.49,12,61.3,66.6,68.0,16.7,2.01,1.81,0.71,1.14,4973,0.4916,36,50,57,68,78,83,86,92
Feriali,Centro,47,13800012635034,Corso di Francia,3,50,34.26,1985.23,2002.3600000000001,2019.49,13,60.2,66.0,67.0,17.1,2.05,1.84,0.82,1.16,5127,0.5068,34,48,56,67,77,83,86,92
Feriali,Centro,47,13800012635034,Corso di Francia,3,50,34.26,1985.23,2002.3600000000001,2019.49,14,60.4,65.8,67.0,16.6,2.04,1.84,0.76,1.16,5726,0.566,35,49,56,67,76,81,85,91
Feriali,Centro,47,13800012635034,Corso di Francia,3,50,34.26,1985.23,2002.3600000000001,2019.49,15,57.9,63.0,64.0,15.8,2.13,1.93,0.78,1.21,6498,0.6423,33,47,55,64,73,78,82,87
Feriali,Centro,47,13800012635034,Corso di Francia,3,50,34.26,1985.23,2002.3600000000001,2019.49,16,56.5,61.9,63.0,16.0,2.18,1.96,0.84,1.24,6129,0.6059,32,46,53,63,72,77,80,86
Feriali,Centro,47,13800012635034,Corso di Francia,3,50,34.26,1985.23,2002.3600000000001,2019.49,17,54.4,59.5,60.0,15.4,2.27,2.06,0.9,1.29,6554,0.6479,32,44,51,60,69,74,77,84
Feriali,Centro,47,13800012635034,Corso di Francia,3,50,34.26,1985.23,2002.3600000000001,2019.49,18,54.7,59.1,59.0,14.5,2.25,2.09,0.76,1.28,5962,0.5894,33,45,51,59,68,73,76,82
Feriali,Centro,47,13800012635034,Corso di Francia,3,50,34.26,1985.23,2002.3600000000001,2019.49,19,56.3,60.8,61.0,15.1,2.19,2.02,0.74,1.24,5746,0.568,34,46,52,61,70,75,79,85
Feriali,Centro,47,13800012635034,Corso di Francia,3,50,34.26,1985.23,2002.3600000000001,2019.49,20,59.5,64.3,64.0,16.2,2.07,1.93,0.69,1.18,5084,0.5026,37,47,55,64,74,80,84,90
Feriali,Centro,47,13800012635034,Corso di Francia,3,50,34.26,1985.23,2002.3600000000001,2019.49,21,65.7,71.3,71.0,18.5,1.88,1.74,0.65,1.07,2395,0.2368,40,52,60,71,83,89,93,101
Feriali,Centro,47,13800012635034,Corso di Francia,3,50,34.26,1985.23,2002.3600000000001,2019.49,22,64.9,70.8,71.0,18.6,1.9,1.74,0.76,1.08,1955,0.1933,40,52,59,71,83,89,92,101
Feriali,Centro,47,13800012635034,Corso di Francia,3,50,34.26,1985.23,2002.3600000000001,2019.49,23,65.3,70.7,71.0,17.9,1.89,1.74,0.66,1.07,1927,0.1905,41,53,59,71,81,88,93,100
Feriali,Centro,48,13800012635046,Corso di Francia,3,50,15.73,2019.49,2027.355,2035.22,0,69.3,73.9,73.0,17.9,0.82,0.78,0.23,1.0,818,0.0809,47,57,63,73,85,91,96,104
Feriali,Centro,48,13800012635046,Corso di Francia,3,50,15.73,2019.49,2027.355,2035.22,1,68.8,74.1,74.0,17.9,0.82,0.77,0.28,1.01,446,0.0441,45,58,63,74,85,91,97,106
Feriali,Centro,48,13800012635046,Corso di Francia,3,50,15.73,2019.49,2027.355,2035.22,2,70.1,75.6,75.0,19.9,0.81,0.76,0.25,0.99,232,0.0229,45,56,63,75,86,94,100,109
Feriali,Centro,48,13800012635046,Corso di Francia,3,50,15.73,2019.49,2027.355,2035.22,3,72.7,77.0,77.0,17.4,0.78,0.74,0.2,0.95,133,0.0131,50,58,64,77,87,94,103,108
Feriali,Centro,48,13800012635046,Corso di Francia,3,50,15.73,2019.49,2027.355,2035.22,4,57.6,78.0,80.0,19.8,0.98,0.71,2.77,1.2,179,0.0177,50,56,65,80,91,98,101,106
Feriali,Centro,48,13800012635046,Corso di Francia,3,50,15.73,2019.49,2027.355,2035.22,5,70.1,74.8,76.0,17.0,0.81,0.75,0.24,0.99,722,0.0714,42,58,65,76,86,90,95,102
Feriali,Centro,48,13800012635046,Corso di Francia,3,50,15.73,2019.49,2027.355,2035.22,6,63.1,67.5,68.0,15.4,0.9,0.83,0.29,1.1,2192,0.2167,39,53,59,68,77,82,86,92
Feriali,Centro,48,13800012635046,Corso di Francia,3,50,15.73,2019.49,2027.355,2035.22,7,55.8,60.4,61.0,14.9,1.01,0.93,0.37,1.24,6454,0.638,34,46,52,61,70,75,79,84
Feriali,Centro,48,13800012635046,Corso di Francia,3,50,15.73,2019.49,2027.355,2035.22,8,47.5,55.5,57.0,16.6,1.19,0.99,0.94,1.46,8057,0.7965,26,37,45,57,67,71,75,80
Feriali,Centro,48,13800012635046,Corso di Francia,3,50,15.73,2019.49,2027.355,2035.22,9,49.8,56.9,58.0,16.6,1.14,0.98,0.71,1.39,7509,0.7423,27,38,47,58,67,73,76,82
Feriali,Centro,48,13800012635046,Corso di Francia,3,50,15.73,2019.49,2027.355,2035.22,10,57.1,62.7,64.0,16.1,0.99,0.88,0.46,1.21,5853,0.5786,33,46,54,64,73,78,82,87
Feriali,Centro,48,13800012635046,Corso di Francia,3,50,15.73,2019.49,2027.355,2035.22,11,59.1,64.8,66.0,17.0,0.96,0.86,0.36,1.17,5122,0.5063,34,47,55,66,76,81,85,91
Feriali,Centro,48,13800012635046,Corso di Francia,3,50,15.73,2019.49,2027.355,2035.22,12,60.9,66.1,67.0,16.5,0.93,0.85,0.33,1.14,4977,0.492,36,49,57,67,77,82,86,91
Feriali,Centro,48,13800012635046,Corso di Francia,3,50,15.73,2019.49,2027.355,2035.22,13,59.4,65.5,67.0,16.9,0.95,0.85,0.51,1.17,5129,0.507,34,47,56,67,77,82,86,91
Feriali,Centro,48,13800012635046,Corso di Francia,3,50,15.73,2019.49,2027.355,2035.22,14,59.9,65.2,67.0,16.3,0.95,0.85,0.35,1.16,5734,0.5668,35,48,56,67,76,80,84,90
Feriali,Centro,48,13800012635046,Corso di Francia,3,50,15.73,2019.49,2027.355,2035.22,15,57.5,62.6,64.0,15.6,0.99,0.88,0.36,1.21,6502,0.6427,33,46,54,64,73,77,81,86
Feriali,Centro,48,13800012635046,Corso di Francia,3,50,15.73,2019.49,2027.355,2035.22,16,56.1,61.5,63.0,15.9,1.01,0.9,0.4,1.24,6133,0.6063,32,46,53,63,71,76,80,86
Feriali,Centro,48,13800012635046,Corso di Francia,3,50,15.73,2019.49,2027.355,2035.22,17,54.0,59.1,60.0,15.3,1.05,0.94,0.42,1.28,6558,0.6483,32,44,51,60,68,73,77,83
Feriali,Centro,48,13800012635046,Corso di Francia,3,50,15.73,2019.49,2027.355,2035.22,18,54.3,58.6,59.0,14.3,1.04,0.96,0.36,1.28,5972,0.5904,32,45,51,59,67,72,76,82
Feriali,Centro,48,13800012635046,Corso di Francia,3,50,15.73,2019.49,2027.355,2035.22,19,55.7,60.3,61.0,14.9,1.02,0.93,0.36,1.24,5751,0.5685,34,46,52,61,69,75,78,84
Feriali,Centro,48,13800012635046,Corso di Francia,3,50,15.73,2019.49,2027.355,2035.22,20,58.9,63.7,64.0,16.0,0.96,0.88,0.32,1.18,5093,0.5035,36,47,55,64,73,79,83,89
Feriali,Centro,48,13800012635046,Corso di Francia,3,50,15.73,2019.49,2027.355,2035.22,21,65.1,70.6,71.0,18.2,0.87,0.8,0.3,1.07,2402,0.2374,39,52,60,71,82,88,92,100
Feriali,Centro,48,13800012635046,Corso di Francia,3,50,15.73,2019.49,2027.355,2035.22,22,64.4,70.2,70.0,18.2,0.88,0.81,0.35,1.08,1958,0.1936,40,52,59,70,82,88,91,99
Feriali,Centro,48,13800012635046,Corso di Francia,3,50,15.73,2019.49,2027.355,2035.22,23,64.7,70.0,70.0,17.5,0.88,0.81,0.31,1.07,1930,0.1908,41,53,59,70,80,87,92,98
Feriali,Centro,49,13800012635041,Corso di Francia,3,50,6.85,2035.22,2038.645,2042.07,0,68.8,73.5,73.0,17.8,0.36,0.34,0.1,1.0,819,0.081,45,57,62,73,85,90,94,104
Feriali,Centro,49,13800012635041,Corso di Francia,3,50,6.85,2035.22,2038.645,2042.07,1,68.6,73.8,74.0,17.6,0.36,0.33,0.12,1.0,446,0.0441,45,57,63,74,84,90,96,104
Feriali,Centro,49,13800012635041,Corso di Francia,3,50,6.85,2035.22,2038.645,2042.07,2,70.0,75.4,75.0,19.7,0.35,0.33,0.11,0.98,232,0.0229,45,56,63,75,86,95,100,107
Feriali,Centro,49,13800012635041,Corso di Francia,3,50,6.85,2035.22,2038.645,2042.07,3,72.4,76.6,77.0,17.4,0.34,0.32,0.09,0.95,133,0.0131,50,57,63,77,87,93,101,108
Feriali,Centro,49,13800012635041,Corso di Francia,3,50,6.85,2035.22,2038.645,2042.07,4,57.5,77.6,80.0,19.6,0.43,0.31,1.2,1.2,180,0.0178,50,56,65,80,90,97,100,106
Feriali,Centro,49,13800012635041,Corso di Francia,3,50,6.85,2035.22,2038.645,2042.07,5,70.0,74.6,76.0,16.9,0.35,0.32,0.11,0.98,719,0.0711,42,58,64,76,86,90,94,102
Feriali,Centro,49,13800012635041,Corso di Francia,3,50,6.85,2035.22,2038.645,2042.07,6,62.7,67.2,68.0,15.4,0.39,0.36,0.13,1.1,2193,0.2168,39,52,59,68,77,82,85,92
Feriali,Centro,49,13800012635041,Corso di Francia,3,50,6.85,2035.22,2038.645,2042.07,7,55.5,60.1,61.0,14.8,0.44,0.4,0.16,1.24,6454,0.638,34,45,51,61,69,74,78,84
Feriali,Centro,49,13800012635041,Corso di Francia,3,50,6.85,2035.22,2038.645,2042.07,8,47.6,55.2,57.0,16.5,0.52,0.43,0.35,1.45,8057,0.7965,26,36,45,57,66,71,75,80
Feriali,Centro,49,13800012635041,Corso di Francia,3,50,6.85,2035.22,2038.645,2042.07,9,49.8,56.6,58.0,16.5,0.49,0.43,0.27,1.38,7516,0.743,27,38,47,58,67,72,76,81
Feriali,Centro,49,13800012635041,Corso di Francia,3,50,6.85,2035.22,2038.645,2042.07,10,57.0,62.4,63.0,16.0,0.43,0.39,0.17,1.21,5849,0.5782,33,45,54,63,73,78,82,87
Feriali,Centro,49,13800012635041,Corso di Francia,3,50,6.85,2035.22,2038.645,2042.07,11,58.9,64.6,66.0,16.9,0.42,0.37,0.16,1.17,5120,0.5061,33,46,55,66,75,81,84,90
Feriali,Centro,49,13800012635041,Corso di Francia,3,50,6.85,2035.22,2038.645,2042.07,12,60.6,65.8,67.0,16.4,0.41,0.37,0.14,1.14,4980,0.4923,36,49,56,67,76,82,85,91
Feriali,Centro,49,13800012635041,Corso di Francia,3,50,6.85,2035.22,2038.645,2042.07,13,59.4,65.2,66.0,16.7,0.41,0.37,0.17,1.16,5130,0.5071,34,47,56,66,76,81,85,90
Feriali,Centro,49,13800012635041,Corso di Francia,3,50,6.85,2035.22,2038.645,2042.07,14,59.6,64.9,66.0,16.2,0.41,0.37,0.15,1.15,5723,0.5657,35,48,56,66,75,80,84,90
Feriali,Centro,49,13800012635041,Corso di Francia,3,50,6.85,2035.22,2038.645,2042.07,15,57.2,62.4,64.0,15.6,0.43,0.39,0.16,1.2,6503,0.6428,33,46,54,64,72,77,81,86
Feriali,Centro,49,13800012635041,Corso di Francia,3,50,6.85,2035.22,2038.645,2042.07,16,55.8,61.2,62.0,15.8,0.44,0.4,0.18,1.23,6133,0.6063,32,45,53,62,71,76,79,85
Feriali,Centro,49,13800012635041,Corso di Francia,3,50,6.85,2035.22,2038.645,2042.07,17,53.8,58.8,60.0,15.2,0.46,0.41,0.17,1.28,6551,0.6476,31,44,50,60,68,73,77,83
Feriali,Centro,49,13800012635041,Corso di Francia,3,50,6.85,2035.22,2038.645,2042.07,18,54.1,58.3,59.0,14.2,0.46,0.42,0.15,1.27,5975,0.5906,32,45,50,59,67,72,75,81
Feriali,Centro,49,13800012635041,Corso di Francia,3,50,6.85,2035.22,2038.645,2042.07,19,55.4,60.0,60.0,14.8,0.45,0.41,0.17,1.24,5747,0.5681,34,46,51,60,69,74,78,84
Feriali,Centro,49,13800012635041,Corso di Francia,3,50,6.85,2035.22,2038.645,2042.07,20,58.6,63.4,63.0,15.9,0.42,0.39,0.14,1.17,5095,0.5037,36,47,54,63,73,79,83,89
Feriali,Centro,49,13800012635041,Corso di Francia,3,50,6.85,2035.22,2038.645,2042.07,21,64.7,70.3,70.0,18.0,0.38,0.35,0.13,1.06,2402,0.2374,39,52,60,70,82,87,92,99
Feriali,Centro,49,13800012635041,Corso di Francia,3,50,6.85,2035.22,2038.645,2042.07,22,64.1,69.9,70.0,18.1,0.39,0.35,0.16,1.07,1959,0.1937,40,51,59,70,81,87,91,99
Feriali,Centro,49,13800012635041,Corso di Francia,3,50,6.85,2035.22,2038.645,2042.07,23,64.5,69.7,70.0,17.4,0.38,0.35,0.13,1.07,1928,0.1906,41,53,59,70,80,87,91,98
Feriali,Centro,50,13800006899874,Corso di Francia,3,50,56.95,2042.07,2070.545,2099.02,0,67.4,71.8,71.0,16.9,3.04,2.89,0.87,1.0,819,0.081,45,55,61,71,82,88,92,101
Feriali,Centro,50,13800006899874,Corso di Francia,3,50,56.95,2042.07,2070.545,2099.02,1,67.1,72.0,72.0,16.9,3.05,2.85,1.01,1.0,445,0.044,43,56,63,72,82,88,93,100
Feriali,Centro,50,13800006899874,Corso di Francia,3,50,56.95,2042.07,2070.545,2099.02,2,68.7,73.5,73.0,18.1,2.98,2.81,0.88,0.98,230,0.0227,47,56,62,73,83,90,97,104
Feriali,Centro,50,13800006899874,Corso di Francia,3,50,56.95,2042.07,2070.545,2099.02,3,70.6,74.6,76.0,16.7,2.9,2.7,0.74,0.95,133,0.0131,49,56,62,76,85,91,99,104
Feriali,Centro,50,13800006899874,Corso di Francia,3,50,56.95,2042.07,2070.545,2099.02,4,66.6,75.4,78.0,18.3,3.08,2.63,2.66,1.01,180,0.0178,49,54,63,78,88,93,96,103
Feriali,Centro,50,13800006899874,Corso di Francia,3,50,56.95,2042.07,2070.545,2099.02,5,68.5,72.8,74.0,16.1,2.99,2.77,0.86,0.98,717,0.0709,42,57,63,74,83,88,92,98
Feriali,Centro,50,13800006899874,Corso di Francia,3,50,56.95,2042.07,2070.545,2099.02,6,61.2,65.4,66.0,14.8,3.35,3.11,1.07,1.1,2193,0.2168,39,51,57,66,75,79,83,88
Feriali,Centro,50,13800006899874,Corso di Francia,3,50,56.95,2042.07,2070.545,2099.02,7,54.0,58.4,59.0,14.2,3.8,3.47,1.4,1.25,6444,0.637,33,44,50,59,67,72,76,81
Feriali,Centro,50,13800006899874,Corso di Francia,3,50,56.95,2042.07,2070.545,2099.02,8,45.9,53.5,55.0,16.1,4.47,3.73,2.82,1.47,8037,0.7945,24,35,44,55,64,69,72,77
Feriali,Centro,50,13800006899874,Corso di Francia,3,50,56.95,2042.07,2070.545,2099.02,9,47.7,54.6,56.0,16.0,4.3,3.66,2.51,1.41,7496,0.741,26,36,45,56,65,70,74,78
Feriali,Centro,50,13800006899874,Corso di Francia,3,50,56.95,2042.07,2070.545,2099.02,10,55.6,60.6,61.0,15.2,3.69,3.36,1.46,1.21,5840,0.5773,33,45,52,61,70,76,79,84
Feriali,Centro,50,13800006899874,Corso di Francia,3,50,56.95,2042.07,2070.545,2099.02,11,57.6,62.8,64.0,16.1,3.56,3.2,1.3,1.17,5106,0.5047,33,46,54,64,73,78,82,87
Feriali,Centro,50,13800006899874,Corso di Francia,3,50,56.95,2042.07,2070.545,2099.02,12,59.3,64.1,65.0,15.6,3.46,3.15,1.19,1.14,4966,0.4909,35,49,55,65,74,79,82,88
Feriali,Centro,50,13800006899874,Corso di Francia,3,50,56.95,2042.07,2070.545,2099.02,13,58.1,63.4,65.0,15.8,3.53,3.15,1.41,1.16,5118,0.5059,33,46,55,65,74,79,82,87
Feriali,Centro,50,13800006899874,Corso di Francia,3,50,56.95,2042.07,2070.545,2099.02,14,58.3,63.3,65.0,15.5,3.52,3.15,1.27,1.16,5715,0.5649,34,48,55,65,73,78,81,87
Feriali,Centro,50,13800006899874,Corso di Francia,3,50,56.95,2042.07,2070.545,2099.02,15,55.9,60.7,62.0,14.9,3.67,3.31,1.35,1.21,6489,0.6415,32,46,53,62,70,75,78,84
Feriali,Centro,50,13800006899874,Corso di Francia,3,50,56.95,2042.07,2070.545,2099.02,16,54.5,59.6,61.0,15.2,3.76,3.36,1.46,1.24,6125,0.6055,31,45,52,61,69,73,77,82
Feriali,Centro,50,13800006899874,Corso di Francia,3,50,56.95,2042.07,2070.545,2099.02,17,52.4,57.3,58.0,14.7,3.91,3.53,1.53,1.29,6541,0.6466,31,43,49,58,66,71,74,80
Feriali,Centro,50,13800006899874,Corso di Francia,3,50,56.95,2042.07,2070.545,2099.02,18,52.9,56.9,57.0,13.6,3.88,3.6,1.28,1.27,5964,0.5896,32,44,49,57,65,70,73,79
Feriali,Centro,50,13800006899874,Corso di Francia,3,50,56.95,2042.07,2070.545,2099.02,19,53.8,58.3,59.0,14.2,3.81,3.47,1.47,1.25,5738,0.5672,33,45,50,59,67,72,75,81
Feriali,Centro,50,13800006899874,Corso di Francia,3,50,56.95,2042.07,2070.545,2099.02,20,57.3,61.7,62.0,15.2,3.58,3.31,1.18,1.18,5089,0.5031,36,46,53,62,71,76,80,86
Feriali,Centro,50,13800006899874,Corso di Francia,3,50,56.95,2042.07,2070.545,2099.02,21,63.1,68.5,69.0,17.2,3.25,2.97,1.22,1.07,2397,0.237,39,51,58,69,79,85,89,96
Feriali,Centro,50,13800006899874,Corso di Francia,3,50,56.95,2042.07,2070.545,2099.02,22,62.9,68.3,68.0,17.4,3.26,3.02,1.28,1.07,1954,0.1932,40,51,58,68,79,85,89,95
Feriali,Centro,50,13800006899874,Corso di Francia,3,50,56.95,2042.07,2070.545,2099.02,23,63.2,68.0,68.0,16.6,3.25,3.02,1.11,1.07,1927,0.1905,40,51,58,68,78,84,88,95
Feriali,Centro,51,13800007088896,Corso di Francia,3,50,59.42,2099.02,2128.73,2158.44,0,65.1,68.9,69.0,15.4,3.29,3.1,0.89,1.0,822,0.0813,44,54,59,69,79,84,88,95
Feriali,Centro,51,13800007088896,Corso di Francia,3,50,59.42,2099.02,2128.73,2158.44,1,64.2,68.7,69.0,15.7,3.33,3.1,1.11,1.01,445,0.044,43,54,60,69,78,83,87,94
Feriali,Centro,51,13800007088896,Corso di Francia,3,50,59.42,2099.02,2128.73,2158.44,2,66.3,70.4,69.0,16.6,3.23,3.1,0.89,0.98,229,0.0226,46,55,60,69,79,87,91,100
Feriali,Centro,51,13800007088896,Corso di Francia,3,50,59.42,2099.02,2128.73,2158.44,3,67.5,70.9,70.0,15.2,3.17,3.06,0.75,0.96,133,0.0131,49,55,59,70,81,86,92,99
Feriali,Centro,51,13800007088896,Corso di Francia,3,50,59.42,2099.02,2128.73,2158.44,4,67.5,72.3,74.0,16.8,3.17,2.89,0.99,0.96,180,0.0178,43,54,60,74,84,90,93,97
Feriali,Centro,51,13800007088896,Corso di Francia,3,50,59.42,2099.02,2128.73,2158.44,5,66.3,69.9,71.0,14.7,3.23,3.01,0.86,0.98,718,0.071,42,56,61,71,79,84,87,93
Feriali,Centro,51,13800007088896,Corso di Francia,3,50,59.42,2099.02,2128.73,2158.44,6,57.9,61.9,62.0,13.8,3.69,3.45,1.38,1.12,2190,0.2165,38,49,54,62,70,74,78,84
Feriali,Centro,51,13800007088896,Corso di Francia,3,50,59.42,2099.02,2128.73,2158.44,7,50.8,55.2,56.0,13.4,4.21,3.82,1.77,1.28,6438,0.6364,31,43,47,56,63,68,71,76
Feriali,Centro,51,13800007088896,Corso di Francia,3,50,59.42,2099.02,2128.73,2158.44,8,41.2,49.9,52.0,15.5,5.19,4.11,4.39,1.58,8024,0.7932,21,33,41,52,60,65,68,72
Feriali,Centro,51,13800007088896,Corso di Francia,3,50,59.42,2099.02,2128.73,2158.44,9,42.6,50.6,52.0,15.6,5.03,4.11,4.06,1.53,7496,0.741,23,33,41,52,61,66,69,74
Feriali,Centro,51,13800007088896,Corso di Francia,3,50,59.42,2099.02,2128.73,2158.44,10,52.7,57.2,58.0,14.1,4.06,3.69,1.56,1.24,5842,0.5775,31,43,50,58,67,71,74,79
Feriali,Centro,51,13800007088896,Corso di Francia,3,50,59.42,2099.02,2128.73,2158.44,11,54.7,59.5,61.0,14.8,3.91,3.51,1.49,1.19,5104,0.5045,32,44,51,61,69,74,77,82
Feriali,Centro,51,13800007088896,Corso di Francia,3,50,59.42,2099.02,2128.73,2158.44,12,56.7,61.0,62.0,14.3,3.77,3.45,1.26,1.15,4961,0.4904,34,47,53,62,70,75,78,83
Feriali,Centro,51,13800007088896,Corso di Francia,3,50,59.42,2099.02,2128.73,2158.44,13,55.8,60.4,62.0,14.6,3.84,3.45,1.35,1.17,5122,0.5063,33,45,52,62,70,74,78,82
Feriali,Centro,51,13800007088896,Corso di Francia,3,50,59.42,2099.02,2128.73,2158.44,14,55.8,60.1,61.0,14.2,3.84,3.51,1.32,1.17,5716,0.565,33,46,52,61,69,73,77,81
Feriali,Centro,51,13800007088896,Corso di Francia,3,50,59.42,2099.02,2128.73,2158.44,15,53.1,57.6,59.0,13.8,4.03,3.63,1.54,1.22,6488,0.6414,31,44,50,59,66,71,74,79
Feriali,Centro,51,13800007088896,Corso di Francia,3,50,59.42,2099.02,2128.73,2158.44,16,51.5,56.5,58.0,14.2,4.16,3.69,1.96,1.26,6129,0.6059,30,43,49,58,65,69,73,78
Feriali,Centro,51,13800007088896,Corso di Francia,3,50,59.42,2099.02,2128.73,2158.44,17,50.0,54.4,55.0,13.5,4.28,3.89,1.7,1.3,6545,0.647,29,41,47,55,62,67,70,76
Feriali,Centro,51,13800007088896,Corso di Francia,3,50,59.42,2099.02,2128.73,2158.44,18,50.3,54.0,54.0,12.6,4.26,3.96,1.53,1.29,5968,0.59,31,42,47,54,62,66,69,74
Feriali,Centro,51,13800007088896,Corso di Francia,3,50,59.42,2099.02,2128.73,2158.44,19,50.4,55.4,56.0,13.4,4.24,3.82,2.34,1.29,5723,0.5657,32,43,48,56,63,68,71,76
Feriali,Centro,51,13800007088896,Corso di Francia,3,50,59.42,2099.02,2128.73,2158.44,20,54.6,58.7,59.0,14.2,3.92,3.63,1.31,1.19,5088,0.503,34,45,50,59,67,72,76,81
Feriali,Centro,51,13800007088896,Corso di Francia,3,50,59.42,2099.02,2128.73,2158.44,21,60.7,65.4,66.0,15.8,3.53,3.24,1.2,1.07,2397,0.237,38,50,56,66,75,80,84,90
Feriali,Centro,51,13800007088896,Corso di Francia,3,50,59.42,2099.02,2128.73,2158.44,22,60.9,65.7,66.0,16.1,3.51,3.24,1.31,1.07,1955,0.1933,39,50,56,66,75,81,85,91
Feriali,Centro,51,13800007088896,Corso di Francia,3,50,59.42,2099.02,2128.73,2158.44,23,60.7,65.2,65.0,15.3,3.52,3.29,1.3,1.07,1921,0.1899,39,50,56,65,74,80,84,90
Feriali,Centro,52,13800007088897,Corso di Francia,3,50,22.61,2158.44,2169.745,2181.05,0,63.3,66.8,66.0,14.8,1.29,1.23,0.34,1.0,822,0.0813,43,53,57,66,76,81,85,91
Feriali,Centro,52,13800007088897,Corso di Francia,3,50,22.61,2158.44,2169.745,2181.05,1,61.6,65.8,66.0,14.7,1.32,1.23,0.43,1.03,446,0.0441,42,52,58,66,74,80,83,91
Feriali,Centro,52,13800007088897,Corso di Francia,3,50,22.61,2158.44,2169.745,2181.05,2,64.7,68.7,66.0,16.4,1.26,1.23,0.34,0.98,230,0.0227,46,54,58,66,79,84,89,97
Feriali,Centro,52,13800007088897,Corso di Francia,3,50,22.61,2158.44,2169.745,2181.05,3,66.1,69.3,69.0,14.4,1.23,1.18,0.29,0.96,133,0.0131,47,53,59,69,80,84,88,94
Feriali,Centro,52,13800007088897,Corso di Francia,3,50,22.61,2158.44,2169.745,2181.05,4,65.7,69.9,70.0,15.9,1.24,1.16,0.36,0.96,180,0.0178,45,53,60,70,81,86,90,96
Feriali,Centro,52,13800007088897,Corso di Francia,3,50,22.61,2158.44,2169.745,2181.05,5,64.5,67.9,69.0,14.1,1.26,1.18,0.32,0.98,714,0.0706,42,54,60,69,77,81,85,90
Feriali,Centro,52,13800007088897,Corso di Francia,3,50,22.61,2158.44,2169.745,2181.05,6,55.6,59.4,59.0,13.3,1.46,1.38,0.48,1.14,2187,0.2162,36,47,52,59,68,72,76,80
Feriali,Centro,52,13800007088897,Corso di Francia,3,50,22.61,2158.44,2169.745,2181.05,7,47.8,53.0,53.0,13.1,1.7,1.54,1.24,1.32,6434,0.636,30,41,45,53,61,66,68,74
Feriali,Centro,52,13800007088897,Corso di Francia,3,50,22.61,2158.44,2169.745,2181.05,8,38.8,48.0,50.0,14.8,2.1,1.63,2.35,1.63,8027,0.7935,21,32,39,50,58,62,65,70
Feriali,Centro,52,13800007088897,Corso di Francia,3,50,22.61,2158.44,2169.745,2181.05,9,39.0,48.2,50.0,15.2,2.09,1.63,2.37,1.62,7494,0.7408,22,32,39,50,58,63,66,71
Feriali,Centro,52,13800007088897,Corso di Francia,3,50,22.61,2158.44,2169.745,2181.05,10,50.3,55.0,56.0,13.5,1.62,1.45,0.82,1.26,5843,0.5776,30,42,47,56,64,68,71,76
Feriali,Centro,52,13800007088897,Corso di Francia,3,50,22.61,2158.44,2169.745,2181.05,11,52.7,57.2,58.0,14.1,1.55,1.4,0.58,1.2,5108,0.5049,32,43,49,58,66,71,74,79
Feriali,Centro,52,13800007088897,Corso di Francia,3,50,22.61,2158.44,2169.745,2181.05,12,54.7,58.8,59.0,13.7,1.49,1.38,0.5,1.16,4971,0.4914,34,45,51,59,67,72,75,80
Feriali,Centro,52,13800007088897,Corso di Francia,3,50,22.61,2158.44,2169.745,2181.05,13,53.9,58.3,59.0,14.0,1.51,1.38,0.52,1.17,5127,0.5068,32,44,50,59,67,72,75,80
Feriali,Centro,52,13800007088897,Corso di Francia,3,50,22.61,2158.44,2169.745,2181.05,14,53.8,57.9,59.0,13.6,1.51,1.38,0.52,1.18,5714,0.5648,33,45,51,59,66,71,74,78
Feriali,Centro,52,13800007088897,Corso di Francia,3,50,22.61,2158.44,2169.745,2181.05,15,51.1,55.4,56.0,13.3,1.59,1.45,0.61,1.24,6496,0.6422,31,42,48,56,64,68,71,75
Feriali,Centro,52,13800007088897,Corso di Francia,3,50,22.61,2158.44,2169.745,2181.05,16,49.5,54.5,56.0,13.5,1.64,1.45,0.86,1.28,6128,0.6058,29,42,47,56,63,67,70,75
Feriali,Centro,52,13800007088897,Corso di Francia,3,50,22.61,2158.44,2169.745,2181.05,17,48.0,52.4,53.0,13.0,1.7,1.54,0.77,1.32,6542,0.6467,29,40,45,53,60,64,68,73
Feriali,Centro,52,13800007088897,Corso di Francia,3,50,22.61,2158.44,2169.745,2181.05,18,48.6,52.0,52.0,12.0,1.68,1.57,0.59,1.3,5983,0.5914,31,41,45,52,59,63,67,71
Feriali,Centro,52,13800007088897,Corso di Francia,3,50,22.61,2158.44,2169.745,2181.05,19,48.6,53.3,54.0,12.9,1.67,1.51,0.88,1.3,5712,0.5647,30,42,46,54,61,65,68,73
Feriali,Centro,52,13800007088897,Corso di Francia,3,50,22.61,2158.44,2169.745,2181.05,20,52.6,56.6,57.0,13.5,1.55,1.43,0.53,1.2,5095,0.5037,33,44,49,57,64,69,73,78
Feriali,Centro,52,13800007088897,Corso di Francia,3,50,22.61,2158.44,2169.745,2181.05,21,58.8,63.1,64.0,14.8,1.38,1.27,0.45,1.08,2400,0.2372,37,49,54,64,72,77,81,86
Feriali,Centro,52,13800007088897,Corso di Francia,3,50,22.61,2158.44,2169.745,2181.05,22,59.1,63.5,63.0,15.1,1.38,1.29,0.5,1.07,1956,0.1934,39,50,54,63,72,77,81,88
Feriali,Centro,52,13800007088897,Corso di Francia,3,50,22.61,2158.44,2169.745,2181.05,23,58.8,62.8,63.0,14.3,1.39,1.29,0.48,1.08,1918,0.1896,39,49,55,63,71,77,80,86
Feriali,Centro,53,13800007370833,Corso di Francia,3,50,33.47,2181.05,2197.7850000000003,2214.52,0,63.2,67.0,66.0,15.0,1.91,1.83,0.53,1.0,450,0.0445,42,54,57,66,77,82,85,91
Feriali,Centro,53,13800007370833,Corso di Francia,3,50,33.47,2181.05,2197.7850000000003,2214.52,1,61.1,66.5,67.0,16.1,1.97,1.8,0.75,1.03,235,0.0232,36,52,58,67,77,82,86,94
Feriali,Centro,53,13800007370833,Corso di Francia,3,50,33.47,2181.05,2197.7850000000003,2214.52,2,65.1,68.8,68.0,16.1,1.85,1.77,0.46,0.97,136,0.0134,43,55,58,68,78,84,87,97
Feriali,Centro,53,13800007370833,Corso di Francia,3,50,33.47,2181.05,2197.7850000000003,2214.52,3,66.2,69.8,71.0,14.6,1.82,1.7,0.47,0.95,76,0.0075,43,52,57,71,80,84,86,92
Feriali,Centro,53,13800007370833,Corso di Francia,3,50,33.47,2181.05,2197.7850000000003,2214.52,4,66.2,70.1,70.0,16.2,1.82,1.72,0.46,0.96,103,0.0102,47,51,55,70,84,88,92,95
Feriali,Centro,53,13800007370833,Corso di Francia,3,50,33.47,2181.05,2197.7850000000003,2214.52,5,64.6,68.0,69.0,14.2,1.87,1.75,0.48,0.98,488,0.0482,42,54,59,69,77,82,85,90
Feriali,Centro,53,13800007370833,Corso di Francia,3,50,33.47,2181.05,2197.7850000000003,2214.52,6,53.3,57.9,58.0,14.1,2.26,2.08,0.95,1.19,1327,0.1312,33,45,50,58,67,72,76,80
Feriali,Centro,53,13800007370833,Corso di Francia,3,50,33.47,2181.05,2197.7850000000003,2214.52,7,42.5,50.4,51.0,14.7,2.83,2.36,2.39,1.49,3040,0.3005,23,36,43,51,60,65,68,73
Feriali,Centro,53,13800007370833,Corso di Francia,3,50,33.47,2181.05,2197.7850000000003,2214.52,8,32.7,45.0,47.0,16.3,3.69,2.56,4.51,1.94,3842,0.3798,14,27,35,47,57,61,64,69
Feriali,Centro,53,13800007370833,Corso di Francia,3,50,33.47,2181.05,2197.7850000000003,2214.52,9,30.4,45.1,47.0,16.7,3.96,2.56,5.98,2.08,3638,0.3596,13,27,34,47,56,61,64,69
Feriali,Centro,53,13800007370833,Corso di Francia,3,50,33.47,2181.05,2197.7850000000003,2214.52,10,46.3,52.3,53.0,14.0,2.6,2.27,1.88,1.37,3180,0.3144,27,38,45,53,61,66,69,73
Feriali,Centro,53,13800007370833,Corso di Francia,3,50,33.47,2181.05,2197.7850000000003,2214.52,11,49.9,55.7,57.0,15.0,2.42,2.11,1.31,1.27,2666,0.2635,28,40,47,57,65,70,73,79
Feriali,Centro,53,13800007370833,Corso di Francia,3,50,33.47,2181.05,2197.7850000000003,2214.52,12,53.2,57.7,58.0,14.1,2.26,2.08,0.8,1.19,2584,0.2554,32,44,50,58,67,71,75,79
Feriali,Centro,53,13800007370833,Corso di Francia,3,50,33.47,2181.05,2197.7850000000003,2214.52,13,53.0,57.8,59.0,14.3,2.27,2.04,0.86,1.19,2486,0.2457,30,44,50,59,67,71,74,80
Feriali,Centro,53,13800007370833,Corso di Francia,3,50,33.47,2181.05,2197.7850000000003,2214.52,14,52.9,57.3,58.0,13.9,2.28,2.08,0.83,1.2,2621,0.2591,31,44,50,58,66,70,73,79
Feriali,Centro,53,13800007370833,Corso di Francia,3,50,33.47,2181.05,2197.7850000000003,2214.52,15,50.6,55.4,56.0,13.7,2.38,2.15,0.98,1.25,2852,0.2819,30,42,48,56,64,69,71,76
Feriali,Centro,53,13800007370833,Corso di Francia,3,50,33.47,2181.05,2197.7850000000003,2214.52,16,49.7,54.2,55.0,13.6,2.42,2.19,0.93,1.27,2830,0.2798,29,41,47,55,62,67,70,75
Feriali,Centro,53,13800007370833,Corso di Francia,3,50,33.47,2181.05,2197.7850000000003,2214.52,17,47.8,52.3,53.0,13.4,2.52,2.27,1.04,1.32,2844,0.2811,28,39,45,53,60,65,68,74
Feriali,Centro,53,13800007370833,Corso di Francia,3,50,33.47,2181.05,2197.7850000000003,2214.52,18,47.3,51.3,52.0,12.6,2.55,2.32,0.97,1.34,2638,0.2608,29,40,44,52,59,63,67,71
Feriali,Centro,53,13800007370833,Corso di Francia,3,50,33.47,2181.05,2197.7850000000003,2214.52,19,44.3,51.5,52.0,14.1,2.72,2.32,2.32,1.43,2696,0.2665,25,38,44,52,60,65,68,73
Feriali,Centro,53,13800007370833,Corso di Francia,3,50,33.47,2181.05,2197.7850000000003,2214.52,20,50.2,55.2,56.0,14.4,2.4,2.15,1.02,1.26,2664,0.2633,29,42,47,56,64,69,73,79
Feriali,Centro,53,13800007370833,Corso di Francia,3,50,33.47,2181.05,2197.7850000000003,2214.52,21,57.6,62.3,63.0,15.3,2.09,1.91,0.74,1.1,1228,0.1214,35,48,54,63,71,76,80,86
Feriali,Centro,53,13800007370833,Corso di Francia,3,50,33.47,2181.05,2197.7850000000003,2214.52,22,58.2,63.4,63.0,15.6,2.07,1.91,1.03,1.09,1094,0.1081,38,49,54,63,72,78,82,88
Feriali,Centro,53,13800007370833,Corso di Francia,3,50,33.47,2181.05,2197.7850000000003,2214.52,23,59.2,63.6,64.0,14.9,2.04,1.88,0.72,1.07,941,0.093,37,49,55,64,72,78,82,89
Feriali,Centro,54,13800007370835,Corso di Francia,3,40,149.36,2214.52,2289.2,2363.88,0,56.4,59.2,58.0,12.4,9.54,9.27,2.34,1.0,449,0.0444,41,48,52,58,67,71,75,81
Feriali,Centro,54,13800007370835,Corso di Francia,3,40,149.36,2214.52,2289.2,2363.88,1,55.0,59.0,59.0,13.4,9.77,9.11,3.24,1.02,233,0.023,34,47,52,59,67,71,77,81
Feriali,Centro,54,13800007370835,Corso di Francia,3,40,149.36,2214.52,2289.2,2363.88,2,58.0,60.7,60.0,12.4,9.28,8.96,2.26,0.97,135,0.0133,41,50,53,60,69,74,77,84
Feriali,Centro,54,13800007370835,Corso di Francia,3,40,149.36,2214.52,2289.2,2363.88,3,59.3,62.2,64.0,12.4,9.06,8.4,2.18,0.95,76,0.0075,38,49,53,64,72,75,77,80
Feriali,Centro,54,13800007370835,Corso di Francia,3,40,149.36,2214.52,2289.2,2363.88,4,58.8,61.8,61.0,13.3,9.15,8.81,2.2,0.96,103,0.0102,40,49,52,61,73,77,79,84
Feriali,Centro,54,13800007370835,Corso di Francia,3,40,149.36,2214.52,2289.2,2363.88,5,57.5,60.1,61.0,11.4,9.35,8.81,2.44,0.98,486,0.048,41,49,53,61,68,72,74,78
Feriali,Centro,54,13800007370835,Corso di Francia,3,40,149.36,2214.52,2289.2,2363.88,6,40.8,47.5,49.0,14.1,13.19,10.97,8.46,1.38,1317,0.1302,20,33,40,49,57,62,64,69
Feriali,Centro,54,13800007370835,Corso di Francia,3,40,149.36,2214.52,2289.2,2363.88,7,29.4,39.8,43.0,15.9,18.32,12.5,14.99,1.92,3015,0.298,11,19,29,43,51,55,58,62
Feriali,Centro,54,13800007370835,Corso di Francia,3,40,149.36,2214.52,2289.2,2363.88,8,20.9,33.5,36.0,17.0,25.69,14.94,23.92,2.69,3807,0.3763,7,11,18,36,47,52,54,59
Feriali,Centro,54,13800007370835,Corso di Francia,3,40,149.36,2214.52,2289.2,2363.88,9,20.5,33.2,36.0,16.8,26.22,14.94,24.67,2.75,3595,0.3554,7,11,18,36,46,51,54,58
Feriali,Centro,54,13800007370835,Corso di Francia,3,40,149.36,2214.52,2289.2,2363.88,10,30.5,40.4,43.0,15.4,17.65,12.5,14.23,1.85,3161,0.3125,11,22,30,43,51,55,58,63
Feriali,Centro,54,13800007370835,Corso di Francia,3,40,149.36,2214.52,2289.2,2363.88,11,35.3,45.0,48.0,15.5,15.25,11.2,12.32,1.6,2644,0.2614,14,28,37,48,55,59,62,67
Feriali,Centro,54,13800007370835,Corso di Francia,3,40,149.36,2214.52,2289.2,2363.88,12,41.5,48.4,50.0,13.8,12.97,10.75,8.25,1.36,2562,0.2533,20,35,41,50,57,61,64,68
Feriali,Centro,54,13800007370835,Corso di Francia,3,40,149.36,2214.52,2289.2,2363.88,13,44.3,49.6,51.0,13.0,12.13,10.54,5.78,1.27,2475,0.2447,24,37,43,51,58,62,64,68
Feriali,Centro,54,13800007370835,Corso di Francia,3,40,149.36,2214.52,2289.2,2363.88,14,43.5,48.8,50.0,12.8,12.36,10.75,6.24,1.3,2606,0.2576,23,36,43,50,57,60,63,68
Feriali,Centro,54,13800007370835,Corso di Francia,3,40,149.36,2214.52,2289.2,2363.88,15,39.4,46.4,48.0,13.6,13.65,11.2,8.53,1.43,2832,0.28,18,32,40,48,55,59,61,65
Feriali,Centro,54,13800007370835,Corso di Francia,3,40,149.36,2214.52,2289.2,2363.88,16,40.5,46.4,48.0,13.1,13.28,11.2,7.27,1.39,2817,0.2785,21,33,40,48,55,58,61,66
Feriali,Centro,54,13800007370835,Corso di Francia,3,40,149.36,2214.52,2289.2,2363.88,17,39.0,44.9,46.0,13.0,13.8,11.69,7.81,1.45,2824,0.2792,20,31,38,46,53,57,60,64
Feriali,Centro,54,13800007370835,Corso di Francia,3,40,149.36,2214.52,2289.2,2363.88,18,39.0,43.8,45.0,11.7,13.8,11.95,7.06,1.45,2628,0.2598,21,33,38,45,51,54,58,61
Feriali,Centro,54,13800007370835,Corso di Francia,3,40,149.36,2214.52,2289.2,2363.88,19,36.1,43.2,45.0,13.3,14.9,11.95,9.83,1.56,2673,0.2642,16,30,37,45,52,56,58,62
Feriali,Centro,54,13800007370835,Corso di Francia,3,40,149.36,2214.52,2289.2,2363.88,20,41.9,47.7,49.0,13.1,12.83,10.97,7.24,1.34,2645,0.2615,22,36,42,49,56,60,63,67
Feriali,Centro,54,13800007370835,Corso di Francia,3,40,149.36,2214.52,2289.2,2363.88,21,52.1,55.5,56.0,12.4,10.33,9.6,3.24,1.08,1223,0.1209,34,44,48,56,63,67,70,77
Feriali,Centro,54,13800007370835,Corso di Francia,3,40,149.36,2214.52,2289.2,2363.88,22,52.6,56.7,57.0,12.6,10.22,9.43,4.9,1.07,1088,0.1076,37,45,50,57,64,68,71,75
Feriali,Centro,54,13800007370835,Corso di Francia,3,40,149.36,2214.52,2289.2,2363.88,23,53.8,56.8,57.0,11.9,9.99,9.43,2.96,1.05,932,0.0921,36,46,49,57,64,68,71,77
Feriali,Centro,55,-13800007370829,Corso di Francia,3,40,46.83,2363.88,2387.295,2410.71,0,51.2,53.5,53.0,10.8,3.29,3.18,0.77,1.0,449,0.0444,38,44,47,53,60,64,67,72
Feriali,Centro,55,-13800007370829,Corso di Francia,3,40,46.83,2363.88,2387.295,2410.71,1,50.2,53.5,53.0,11.9,3.36,3.18,1.04,1.02,237,0.0234,33,44,47,53,61,65,67,74
Feriali,Centro,55,-13800007370829,Corso di Francia,3,40,46.83,2363.88,2387.295,2410.71,2,50.5,54.6,54.0,10.9,3.34,3.12,1.73,1.01,136,0.0134,37,46,49,54,61,66,68,71
Feriali,Centro,55,-13800007370829,Corso di Francia,3,40,46.83,2363.88,2387.295,2410.71,3,53.6,56.1,57.0,11.1,3.15,2.96,0.82,0.96,75,0.0074,38,47,48,57,64,68,70,72
Feriali,Centro,55,-13800007370829,Corso di Francia,3,40,46.83,2363.88,2387.295,2410.71,4,54.1,56.2,55.0,10.9,3.12,3.07,0.65,0.95,104,0.0103,39,45,49,55,64,67,71,74
Feriali,Centro,55,-13800007370829,Corso di Francia,3,40,46.83,2363.88,2387.295,2410.71,5,50.2,53.3,53.0,11.1,3.36,3.18,1.24,1.02,487,0.0481,34,42,47,53,60,64,68,70
Feriali,Centro,55,-13800007370829,Corso di Francia,3,40,46.83,2363.88,2387.295,2410.71,6,25.9,39.0,41.0,15.5,6.5,4.11,7.43,1.98,1315,0.13,7,21,29,41,50,54,56,60
Feriali,Centro,55,-13800007370829,Corso di Francia,3,40,46.83,2363.88,2387.295,2410.71,7,18.4,32.4,34.0,15.2,9.18,4.96,12.0,2.79,3011,0.2976,5,14,22,34,44,47,50,54
Feriali,Centro,55,-13800007370829,Corso di Francia,3,40,46.83,2363.88,2387.295,2410.71,8,13.0,26.3,27.0,15.0,13.02,6.24,16.71,3.95,3830,0.3786,3,8,14,27,37,43,46,50
Feriali,Centro,55,-13800007370829,Corso di Francia,3,40,46.83,2363.88,2387.295,2410.71,9,12.5,26.4,28.0,15.1,13.48,6.02,17.82,4.09,3611,0.357,3,7,14,28,37,42,45,51
Feriali,Centro,55,-13800007370829,Corso di Francia,3,40,46.83,2363.88,2387.295,2410.71,10,17.3,31.6,33.0,15.2,9.75,5.11,12.95,2.96,3178,0.3142,4,13,21,33,43,47,50,54
Feriali,Centro,55,-13800007370829,Corso di Francia,3,40,46.83,2363.88,2387.295,2410.71,11,19.5,34.5,37.0,15.8,8.64,4.56,11.74,2.63,2675,0.2644,5,16,24,37,46,50,53,57
Feriali,Centro,55,-13800007370829,Corso di Francia,3,40,46.83,2363.88,2387.295,2410.71,12,25.1,37.9,40.0,14.8,6.72,4.21,8.36,2.04,2570,0.2541,7,21,30,40,48,52,54,58
Feriali,Centro,55,-13800007370829,Corso di Francia,3,40,46.83,2363.88,2387.295,2410.71,13,26.7,38.9,41.0,14.4,6.31,4.11,7.83,1.92,2483,0.2455,9,24,31,41,48,52,54,59
Feriali,Centro,55,-13800007370829,Corso di Francia,3,40,46.83,2363.88,2387.295,2410.71,14,25.1,38.3,41.0,14.7,6.73,4.11,8.77,2.04,2613,0.2583,8,21,30,41,48,52,54,58
Feriali,Centro,55,-13800007370829,Corso di Francia,3,40,46.83,2363.88,2387.295,2410.71,15,22.4,35.8,38.0,14.7,7.53,4.44,10.15,2.29,2833,0.2801,7,19,27,38,46,50,53,56
Feriali,Centro,55,-13800007370829,Corso di Francia,3,40,46.83,2363.88,2387.295,2410.71,16,21.8,35.5,38.0,14.7,7.74,4.44,10.24,2.35,2849,0.2816,6,18,27,38,46,49,52,56
Feriali,Centro,55,-13800007370829,Corso di Francia,3,40,46.83,2363.88,2387.295,2410.71,17,22.2,35.1,37.0,14.4,7.6,4.56,9.86,2.31,2825,0.2793,7,18,26,37,45,49,51,56
Feriali,Centro,55,-13800007370829,Corso di Francia,3,40,46.83,2363.88,2387.295,2410.71,18,22.7,34.8,37.0,13.6,7.44,4.56,9.23,2.26,2642,0.2612,6,20,28,37,44,47,50,54
Feriali,Centro,55,-13800007370829,Corso di Francia,3,40,46.83,2363.88,2387.295,2410.71,19,21.4,34.3,37.0,14.5,7.86,4.56,9.82,2.39,2700,0.2669,6,17,26,37,44,48,51,55
Feriali,Centro,55,-13800007370829,Corso di Francia,3,40,46.83,2363.88,2387.295,2410.71,20,29.7,40.2,42.0,13.5,5.67,4.01,6.43,1.72,2652,0.2622,13,26,33,42,49,52,55,59
Feriali,Centro,55,-13800007370829,Corso di Francia,3,40,46.83,2363.88,2387.295,2410.71,21,43.8,48.7,49.0,11.5,3.85,3.44,3.11,1.17,1227,0.1213,27,38,43,49,56,59,62,66
Feriali,Centro,55,-13800007370829,Corso di Francia,3,40,46.83,2363.88,2387.295,2410.71,22,46.9,50.7,51.0,11.4,3.59,3.31,1.65,1.09,1090,0.1078,33,41,45,51,57,61,63,67
Feriali,Centro,55,-13800007370829,Corso di Francia,3,40,46.83,2363.88,2387.295,2410.71,23,47.1,50.8,51.0,10.8,3.58,3.31,1.75,1.09,939,0.0928,33,42,45,51,57,61,64,68
Feriali,Centro,56,-13800007468539,Viale Maresciallo Pilsudski,3,40,84.15,2410.71,2452.785,2494.86,0,18.2,36.9,41.0,22.1,16.69,7.39,18.68,1.0,446,0.0441,6,9,14,41,55,61,64,69
Feriali,Centro,56,-13800007468539,Viale Maresciallo Pilsudski,3,40,84.15,2410.71,2452.785,2494.86,1,22.1,40.8,47.0,22.5,13.69,6.45,14.9,0.82,232,0.0229,7,12,17,47,59,64,66,74
Feriali,Centro,56,-13800007468539,Viale Maresciallo Pilsudski,3,40,84.15,2410.71,2452.785,2494.86,2,19.1,38.0,40.0,21.8,15.83,7.57,19.18,0.95,133,0.0131,7,9,16,40,55,61,66,71
Feriali,Centro,56,-13800007468539,Viale Maresciallo Pilsudski,3,40,84.15,2410.71,2452.785,2494.86,3,24.1,41.3,43.0,21.9,12.58,7.05,12.78,0.75,76,0.0075,7,12,19,43,58,65,68,75
Feriali,Centro,56,-13800007468539,Viale Maresciallo Pilsudski,3,40,84.15,2410.71,2452.785,2494.86,4,20.2,36.8,38.0,21.7,14.99,7.97,13.86,0.9,102,0.0101,7,9,15,38,51,63,66,72
Feriali,Centro,56,-13800007468539,Viale Maresciallo Pilsudski,3,40,84.15,2410.71,2452.785,2494.86,5,19.7,37.8,41.0,21.7,15.35,7.39,16.13,0.92,484,0.0478,7,10,14,41,57,62,65,69
Feriali,Centro,56,-13800007468539,Viale Maresciallo Pilsudski,3,40,84.15,2410.71,2452.785,2494.86,6,15.2,28.7,30.0,18.0,19.94,10.1,18.81,1.19,1300,0.1285,5,8,10,30,42,50,54,59
Feriali,Centro,56,-13800007468539,Viale Maresciallo Pilsudski,3,40,84.15,2410.71,2452.785,2494.86,7,11.9,23.1,22.0,15.4,25.37,13.77,23.63,1.52,2933,0.2899,4,6,8,22,34,40,44,49
Feriali,Centro,56,-13800007468539,Viale Maresciallo Pilsudski,3,40,84.15,2410.71,2452.785,2494.86,8,8.2,17.9,14.0,14.0,36.88,21.64,35.01,2.21,3668,0.3626,3,4,6,14,28,34,37,43
Feriali,Centro,56,-13800007468539,Viale Maresciallo Pilsudski,3,40,84.15,2410.71,2452.785,2494.86,9,8.9,19.2,17.0,14.2,34.02,17.82,34.11,2.04,3464,0.3424,3,4,6,17,30,34,38,44
Feriali,Centro,56,-13800007468539,Viale Maresciallo Pilsudski,3,40,84.15,2410.71,2452.785,2494.86,10,10.7,21.5,20.0,15.0,28.45,15.15,26.39,1.7,3107,0.3071,4,6,7,20,33,38,42,48
Feriali,Centro,56,-13800007468539,Viale Maresciallo Pilsudski,3,40,84.15,2410.71,2452.785,2494.86,11,10.4,21.8,19.0,16.0,29.09,15.94,28.79,1.74,2583,0.2553,4,5,7,19,33,39,44,51
Feriali,Centro,56,-13800007468539,Viale Maresciallo Pilsudski,3,40,84.15,2410.71,2452.785,2494.86,12,10.3,22.0,18.0,16.5,29.43,16.83,27.33,1.76,2494,0.2465,4,5,7,18,34,41,45,52
Feriali,Centro,56,-13800007468539,Viale Maresciallo Pilsudski,3,40,84.15,2410.71,2452.785,2494.86,13,10.7,23.3,21.0,17.0,28.24,14.43,27.6,1.69,2400,0.2372,4,5,8,21,36,43,47,53
Feriali,Centro,56,-13800007468539,Viale Maresciallo Pilsudski,3,40,84.15,2410.71,2452.785,2494.86,14,10.9,23.5,21.0,17.0,27.88,14.43,27.26,1.67,2527,0.2498,4,5,7,21,36,44,48,53
Feriali,Centro,56,-13800007468539,Viale Maresciallo Pilsudski,3,40,84.15,2410.71,2452.785,2494.86,15,10.2,21.6,18.0,16.0,29.75,16.83,28.37,1.78,2735,0.2704,4,5,7,18,33,40,45,51
Feriali,Centro,56,-13800007468539,Viale Maresciallo Pilsudski,3,40,84.15,2410.71,2452.785,2494.86,16,9.7,21.1,17.0,16.1,31.2,17.82,29.45,1.87,2759,0.2727,3,5,7,17,33,39,45,50
Feriali,Centro,56,-13800007468539,Viale Maresciallo Pilsudski,3,40,84.15,2410.71,2452.785,2494.86,17,10.1,21.3,19.0,15.4,29.98,15.94,29.02,1.8,2723,0.2692,3,5,7,19,33,38,43,49
Feriali,Centro,56,-13800007468539,Viale Maresciallo Pilsudski,3,40,84.15,2410.71,2452.785,2494.86,18,10.5,22.0,20.0,15.5,28.85,15.15,28.0,1.73,2540,0.2511,4,5,7,20,34,39,43,49
Feriali,Centro,56,-13800007468539,Viale Maresciallo Pilsudski,3,40,84.15,2410.71,2452.785,2494.86,19,11.2,22.3,21.0,15.2,27.15,14.43,26.23,1.63,2612,0.2582,4,6,8,21,33,39,43,49
Feriali,Centro,56,-13800007468539,Viale Maresciallo Pilsudski,3,40,84.15,2410.71,2452.785,2494.86,20,12.8,26.1,26.0,17.5,23.63,11.65,23.63,1.42,2587,0.2557,4,7,9,26,40,46,49,55
Feriali,Centro,56,-13800007468539,Viale Maresciallo Pilsudski,3,40,84.15,2410.71,2452.785,2494.86,21,15.6,31.4,31.0,20.4,19.47,9.77,19.74,1.17,1201,0.1187,5,8,11,31,49,55,59,64
Feriali,Centro,56,-13800007468539,Viale Maresciallo Pilsudski,3,40,84.15,2410.71,2452.785,2494.86,22,19.0,35.4,38.0,20.6,15.91,7.97,16.41,0.95,1072,0.106,7,9,15,38,53,58,60,66
Feriali,Centro,56,-13800007468539,Viale Maresciallo Pilsudski,3,40,84.15,2410.71,2452.785,2494.86,23,19.3,35.2,37.0,20.3,15.7,8.19,15.69,0.94,916,0.0905,7,10,14,37,52,58,61,66
Feriali,Centro,57,-13800007468541,Viale Maresciallo Pilsudski,3,40,23.85,2494.86,2506.7850000000003,2518.71,0,37.5,47.2,49.0,17.4,2.29,1.75,1.77,1.0,395,0.039,19,27,33,49,59,65,69,74
Feriali,Centro,57,-13800007468541,Viale Maresciallo Pilsudski,3,40,23.85,2494.86,2506.7850000000003,2518.71,1,41.5,50.0,53.0,17.8,2.07,1.62,1.17,0.91,213,0.0211,21,27,35,53,61,67,72,79
Feriali,Centro,57,-13800007468541,Viale Maresciallo Pilsudski,3,40,23.85,2494.86,2506.7850000000003,2518.71,2,35.7,48.5,52.0,17.8,2.41,1.65,2.97,1.05,110,0.0109,17,27,35,52,59,66,70,75
Feriali,Centro,57,-13800007468541,Viale Maresciallo Pilsudski,3,40,23.85,2494.86,2506.7850000000003,2518.71,3,37.4,49.4,55.0,19.1,2.3,1.56,1.98,1.0,66,0.0065,21,27,32,55,63,70,72,77
Feriali,Centro,57,-13800007468541,Viale Maresciallo Pilsudski,3,40,23.85,2494.86,2506.7850000000003,2518.71,4,29.7,45.9,48.0,19.1,2.89,1.79,5.5,1.27,95,0.0094,12,24,29,48,60,68,72,76
Feriali,Centro,57,-13800007468541,Viale Maresciallo Pilsudski,3,40,23.85,2494.86,2506.7850000000003,2518.71,5,38.9,49.2,51.0,16.0,2.21,1.68,2.45,0.96,416,0.0411,22,31,37,51,61,65,68,73
Feriali,Centro,57,-13800007468541,Viale Maresciallo Pilsudski,3,40,23.85,2494.86,2506.7850000000003,2518.71,6,34.5,43.0,43.0,14.2,2.49,2.0,2.5,1.09,1157,0.1144,18,29,35,43,53,57,61,66
Feriali,Centro,57,-13800007468541,Viale Maresciallo Pilsudski,3,40,23.85,2494.86,2506.7850000000003,2518.71,7,30.2,38.0,38.0,13.6,2.84,2.26,2.43,1.24,2746,0.2715,13,24,30,38,46,51,55,61
Feriali,Centro,57,-13800007468541,Viale Maresciallo Pilsudski,3,40,23.85,2494.86,2506.7850000000003,2518.71,8,23.2,34.1,36.0,14.5,3.7,2.38,4.7,1.62,3100,0.3064,9,16,24,36,43,48,52,58
Feriali,Centro,57,-13800007468541,Viale Maresciallo Pilsudski,3,40,23.85,2494.86,2506.7850000000003,2518.71,9,26.5,35.5,37.0,13.8,3.24,2.32,3.41,1.42,3045,0.301,11,19,27,37,44,49,53,59
Feriali,Centro,57,-13800007468541,Viale Maresciallo Pilsudski,3,40,23.85,2494.86,2506.7850000000003,2518.71,10,29.5,37.1,38.0,13.2,2.91,2.26,2.61,1.27,2833,0.2801,13,23,30,38,45,50,54,59
Feriali,Centro,57,-13800007468541,Viale Maresciallo Pilsudski,3,40,23.85,2494.86,2506.7850000000003,2518.71,11,29.4,37.7,38.0,13.9,2.92,2.26,3.01,1.28,2347,0.232,13,23,29,38,46,52,56,61
Feriali,Centro,57,-13800007468541,Viale Maresciallo Pilsudski,3,40,23.85,2494.86,2506.7850000000003,2518.71,12,30.3,38.4,38.0,13.9,2.83,2.26,2.42,1.24,2220,0.2195,14,24,31,38,47,53,57,63
Feriali,Centro,57,-13800007468541,Viale Maresciallo Pilsudski,3,40,23.85,2494.86,2506.7850000000003,2518.71,13,31.2,39.6,40.0,14.2,2.75,2.15,2.63,1.2,2075,0.2051,14,25,31,40,49,54,58,63
Feriali,Centro,57,-13800007468541,Viale Maresciallo Pilsudski,3,40,23.85,2494.86,2506.7850000000003,2518.71,14,30.5,38.7,38.0,13.8,2.82,2.26,2.81,1.23,2237,0.2211,14,25,31,38,48,53,56,62
Feriali,Centro,57,-13800007468541,Viale Maresciallo Pilsudski,3,40,23.85,2494.86,2506.7850000000003,2518.71,15,30.0,38.1,38.0,13.9,2.87,2.26,2.39,1.25,2372,0.2345,13,24,30,38,47,52,56,61
Feriali,Centro,57,-13800007468541,Viale Maresciallo Pilsudski,3,40,23.85,2494.86,2506.7850000000003,2518.71,16,29.4,37.7,38.0,14.0,2.92,2.26,2.49,1.28,2320,0.2293,12,23,30,38,46,51,55,61
Feriali,Centro,57,-13800007468541,Viale Maresciallo Pilsudski,3,40,23.85,2494.86,2506.7850000000003,2518.71,17,29.8,37.8,37.0,13.7,2.88,2.32,2.6,1.26,2370,0.2343,14,24,30,37,46,52,56,61
Feriali,Centro,57,-13800007468541,Viale Maresciallo Pilsudski,3,40,23.85,2494.86,2506.7850000000003,2518.71,18,28.7,36.5,36.0,13.1,2.99,2.38,3.05,1.31,2288,0.2262,13,23,29,36,44,50,53,59
Feriali,Centro,57,-13800007468541,Viale Maresciallo Pilsudski,3,40,23.85,2494.86,2506.7850000000003,2518.71,19,29.3,37.6,37.0,13.5,2.94,2.32,2.99,1.28,2374,0.2347,13,24,30,37,46,52,56,61
Feriali,Centro,57,-13800007468541,Viale Maresciallo Pilsudski,3,40,23.85,2494.86,2506.7850000000003,2518.71,20,33.2,40.2,40.0,14.2,2.59,2.15,1.75,1.13,2364,0.2337,16,26,31,40,49,55,59,64
Feriali,Centro,57,-13800007468541,Viale Maresciallo Pilsudski,3,40,23.85,2494.86,2506.7850000000003,2518.71,21,33.8,43.9,44.0,16.4,2.54,1.95,3.02,1.11,1083,0.1071,17,27,32,44,57,62,65,69
Feriali,Centro,57,-13800007468541,Viale Maresciallo Pilsudski,3,40,23.85,2494.86,2506.7850000000003,2518.71,22,37.4,45.5,47.0,15.4,2.3,1.83,2.14,1.0,993,0.0982,21,28,33,47,57,61,64,69
Feriali,Centro,57,-13800007468541,Viale Maresciallo Pilsudski,3,40,23.85,2494.86,2506.7850000000003,2518.71,23,37.3,45.1,46.0,15.7,2.3,1.87,1.55,1.01,867,0.0857,21,28,33,46,57,62,66,70
Feriali,Centro,58,-13800007017768,Viale Maresciallo Pilsudski,3,40,121.87,2518.71,2579.645,2640.58,0,37.2,45.9,47.0,13.6,11.8,9.33,12.98,1.0,392,0.0388,20,33,39,47,53,57,61,68
Feriali,Centro,58,-13800007017768,Viale Maresciallo Pilsudski,3,40,121.87,2518.71,2579.645,2640.58,1,42.5,48.0,49.0,14.2,10.33,8.95,4.56,0.88,213,0.0211,22,35,40,49,56,63,66,72
Feriali,Centro,58,-13800007017768,Viale Maresciallo Pilsudski,3,40,121.87,2518.71,2579.645,2640.58,2,43.8,48.7,50.0,13.9,10.03,8.77,4.06,0.85,108,0.0107,24,35,41,50,56,60,66,71
Feriali,Centro,58,-13800007017768,Viale Maresciallo Pilsudski,3,40,121.87,2518.71,2579.645,2640.58,3,42.9,48.7,50.0,14.3,10.23,8.77,4.9,0.87,65,0.0064,21,38,40,50,57,61,66,70
Feriali,Centro,58,-13800007017768,Viale Maresciallo Pilsudski,3,40,121.87,2518.71,2579.645,2640.58,4,42.8,46.6,47.0,12.0,10.26,9.33,3.78,0.87,95,0.0094,27,35,38,47,54,57,64,68
Feriali,Centro,58,-13800007017768,Viale Maresciallo Pilsudski,3,40,121.87,2518.71,2579.645,2640.58,5,42.8,47.6,49.0,12.2,10.24,8.95,4.9,0.87,412,0.0407,27,36,41,49,54,58,61,67
Feriali,Centro,58,-13800007017768,Viale Maresciallo Pilsudski,3,40,121.87,2518.71,2579.645,2640.58,6,26.6,36.3,38.0,15.4,16.47,11.55,12.4,1.4,1155,0.1142,9,17,25,38,48,52,55,59
Feriali,Centro,58,-13800007017768,Viale Maresciallo Pilsudski,3,40,121.87,2518.71,2579.645,2640.58,7,21.3,30.6,32.0,14.8,20.65,13.71,15.98,1.75,2707,0.2676,8,12,18,32,42,47,50,52
Feriali,Centro,58,-13800007017768,Viale Maresciallo Pilsudski,3,40,121.87,2518.71,2579.645,2640.58,8,15.4,26.0,25.0,14.7,28.54,17.55,30.52,2.42,3017,0.2982,6,10,13,25,37,43,46,50
Feriali,Centro,58,-13800007017768,Viale Maresciallo Pilsudski,3,40,121.87,2518.71,2579.645,2640.58,9,21.9,29.8,30.0,13.9,20.08,14.62,13.42,1.7,2988,0.2954,9,13,17,30,40,46,49,51
Feriali,Centro,58,-13800007017768,Viale Maresciallo Pilsudski,3,40,121.87,2518.71,2579.645,2640.58,10,22.2,30.3,32.0,13.6,19.75,13.71,14.01,1.67,2793,0.2761,9,13,18,32,41,45,48,51
Feriali,Centro,58,-13800007017768,Viale Maresciallo Pilsudski,3,40,121.87,2518.71,2579.645,2640.58,11,23.7,32.1,33.0,14.4,18.51,13.29,13.41,1.57,2318,0.2291,9,14,20,33,43,48,50,53
Feriali,Centro,58,-13800007017768,Viale Maresciallo Pilsudski,3,40,121.87,2518.71,2579.645,2640.58,12,25.5,33.5,35.0,13.6,17.22,12.54,12.22,1.46,2181,0.2156,10,16,23,35,44,48,51,53
Feriali,Centro,58,-13800007017768,Viale Maresciallo Pilsudski,3,40,121.87,2518.71,2579.645,2640.58,13,25.9,34.3,36.0,14.3,16.96,12.19,12.25,1.44,2048,0.2025,10,16,24,36,45,50,51,54
Feriali,Centro,58,-13800007017768,Viale Maresciallo Pilsudski,3,40,121.87,2518.71,2579.645,2640.58,14,25.3,33.7,35.0,14.0,17.33,12.54,12.17,1.47,2206,0.2181,10,16,23,35,44,48,50,53
Feriali,Centro,58,-13800007017768,Viale Maresciallo Pilsudski,3,40,121.87,2518.71,2579.645,2640.58,15,23.7,32.3,34.0,14.0,18.48,12.9,13.32,1.57,2320,0.2293,9,14,20,34,43,48,50,52
Feriali,Centro,58,-13800007017768,Viale Maresciallo Pilsudski,3,40,121.87,2518.71,2579.645,2640.58,16,22.9,31.8,33.0,14.3,19.2,13.29,14.66,1.63,2289,0.2263,8,14,20,33,43,47,50,52
Feriali,Centro,58,-13800007017768,Viale Maresciallo Pilsudski,3,40,121.87,2518.71,2579.645,2640.58,17,26.2,33.6,35.0,13.2,16.76,12.54,11.27,1.42,2343,0.2316,11,17,23,35,44,48,50,52
Feriali,Centro,58,-13800007017768,Viale Maresciallo Pilsudski,3,40,121.87,2518.71,2579.645,2640.58,18,24.3,31.7,33.0,13.0,18.02,13.29,12.04,1.53,2262,0.2236,10,15,21,33,41,46,48,51
Feriali,Centro,58,-13800007017768,Viale Maresciallo Pilsudski,3,40,121.87,2518.71,2579.645,2640.58,19,24.1,32.3,34.0,13.6,18.19,12.9,14.57,1.54,2319,0.2292,9,15,21,34,43,47,50,52
Feriali,Centro,58,-13800007017768,Viale Maresciallo Pilsudski,3,40,121.87,2518.71,2579.645,2640.58,20,26.9,35.2,36.0,14.2,16.33,12.19,11.91,1.38,2331,0.2304,10,17,24,36,46,50,51,56
Feriali,Centro,58,-13800007017768,Viale Maresciallo Pilsudski,3,40,121.87,2518.71,2579.645,2640.58,21,36.2,42.8,44.0,13.1,12.11,9.97,7.96,1.03,1056,0.1044,17,31,36,44,51,54,58,62
Feriali,Centro,58,-13800007017768,Viale Maresciallo Pilsudski,3,40,121.87,2518.71,2579.645,2640.58,22,37.0,43.5,45.0,13.0,11.85,9.75,8.19,1.0,985,0.0974,19,30,36,45,52,55,58,63
Feriali,Centro,58,-13800007017768,Viale Maresciallo Pilsudski,3,40,121.87,2518.71,2579.645,2640.58,23,37.4,43.0,45.0,12.6,11.73,9.75,6.77,0.99,853,0.0843,18,31,36,45,51,54,57,63
Feriali,GRA,0,-13800007209313,Corso di Francia,4,50,39.53,0.0,19.765,39.53,0,49.9,52.9,53.0,11.5,2.85,2.69,0.83,1.0,512,0.0506,33,42,46,53,60,64,66,71
Feriali,GRA,0,-13800007209313,Corso di Francia,4,50,39.53,0.0,19.765,39.53,1,54.1,57.0,56.0,12.8,2.63,2.54,0.63,0.92,236,0.0233,38,45,48,56,64,70,75,79
Feriali,GRA,0,-13800007209313,Corso di Francia,4,50,39.53,0.0,19.765,39.53,2,52.1,55.5,54.0,13.6,2.73,2.64,0.75,0.96,127,0.0126,37,43,46,54,64,69,74,79
Feriali,GRA,0,-13800007209313,Corso di Francia,4,50,39.53,0.0,19.765,39.53,3,49.0,55.7,58.0,14.1,2.91,2.45,1.81,1.02,53,0.0052,27,42,49,58,64,70,72,74
Feriali,GRA,0,-13800007209313,Corso di Francia,4,50,39.53,0.0,19.765,39.53,4,56.0,58.0,57.0,11.1,2.54,2.5,0.49,0.89,45,0.0044,44,46,52,57,65,69,71,78
Feriali,GRA,0,-13800007209313,Corso di Francia,4,50,39.53,0.0,19.765,39.53,5,51.3,57.5,58.0,15.0,2.78,2.45,1.36,0.97,52,0.0051,28,40,52,58,69,71,72,80
Feriali,GRA,0,-13800007209313,Corso di Francia,4,50,39.53,0.0,19.765,39.53,6,48.1,52.6,53.0,12.3,2.96,2.69,1.53,1.04,196,0.0194,31,43,46,53,59,63,68,74
Feriali,GRA,0,-13800007209313,Corso di Francia,4,50,39.53,0.0,19.765,39.53,7,46.6,49.6,50.0,11.1,3.05,2.85,0.91,1.07,790,0.0781,30,40,43,50,56,60,63,67
Feriali,GRA,0,-13800007209313,Corso di Francia,4,50,39.53,0.0,19.765,39.53,8,44.4,47.3,48.0,9.8,3.21,2.96,1.55,1.13,1979,0.1956,29,39,43,48,53,56,58,62
Feriali,GRA,0,-13800007209313,Corso di Francia,4,50,39.53,0.0,19.765,39.53,9,44.1,47.2,48.0,10.8,3.23,2.96,1.07,1.13,1330,0.1315,28,37,41,48,54,57,60,64
Feriali,GRA,0,-13800007209313,Corso di Francia,4,50,39.53,0.0,19.765,39.53,10,43.9,47.5,48.0,11.2,3.24,2.96,1.22,1.14,1225,0.1211,26,36,41,48,54,57,60,64
Feriali,GRA,0,-13800007209313,Corso di Francia,4,50,39.53,0.0,19.765,39.53,11,45.1,48.2,49.0,10.3,3.16,2.9,1.21,1.11,1332,0.1317,28,39,43,49,55,58,60,64
Feriali,GRA,0,-13800007209313,Corso di Francia,4,50,39.53,0.0,19.765,39.53,12,44.2,47.4,48.0,10.6,3.22,2.96,1.36,1.13,1674,0.1655,28,38,42,48,53,56,58,64
Feriali,GRA,0,-13800007209313,Corso di Francia,4,50,39.53,0.0,19.765,39.53,13,44.7,47.3,48.0,9.9,3.19,2.96,0.93,1.12,1900,0.1878,30,38,43,48,53,56,59,63
Feriali,GRA,0,-13800007209313,Corso di Francia,4,50,39.53,0.0,19.765,39.53,14,43.9,47.4,48.0,10.3,3.24,2.96,2.05,1.14,2177,0.2152,29,39,42,48,53,56,58,63
Feriali,GRA,0,-13800007209313,Corso di Francia,4,50,39.53,0.0,19.765,39.53,15,44.1,46.8,47.0,10.2,3.22,3.03,0.96,1.13,2009,0.1986,29,38,42,47,52,55,57,62
Feriali,GRA,0,-13800007209313,Corso di Francia,4,50,39.53,0.0,19.765,39.53,16,42.7,45.6,46.0,10.2,3.33,3.09,1.06,1.17,2097,0.2073,27,36,41,46,51,54,57,61
Feriali,GRA,0,-13800007209313,Corso di Francia,4,50,39.53,0.0,19.765,39.53,17,41.2,44.1,45.0,9.9,3.46,3.16,1.14,1.21,2334,0.2307,25,35,39,45,50,53,55,58
Feriali,GRA,0,-13800007209313,Corso di Francia,4,50,39.53,0.0,19.765,39.53,18,38.6,41.9,43.0,9.9,3.69,3.31,1.59,1.29,2686,0.2655,23,32,37,43,48,50,52,56
Feriali,GRA,0,-13800007209313,Corso di Francia,4,50,39.53,0.0,19.765,39.53,19,40.1,43.4,44.0,10.3,3.55,3.23,1.87,1.25,2717,0.2686,24,34,38,44,49,52,55,59
Feriali,GRA,0,-13800007209313,Corso di Francia,4,50,39.53,0.0,19.765,39.53,20,43.5,46.2,46.0,10.3,3.27,3.09,0.96,1.15,2049,0.2026,29,37,40,46,52,55,58,63
Feriali,GRA,0,-13800007209313,Corso di Francia,4,50,39.53,0.0,19.765,39.53,21,43.5,50.3,50.0,12.2,3.28,2.85,7.03,1.15,952,0.0941,31,39,43,50,57,62,65,70
Feriali,GRA,0,-13800007209313,Corso di Francia,4,50,39.53,0.0,19.765,39.53,22,45.3,48.8,48.0,12.1,3.14,2.96,1.1,1.1,964,0.0953,30,37,42,48,55,59,63,70
Feriali,GRA,0,-13800007209313,Corso di Francia,4,50,39.53,0.0,19.765,39.53,23,45.3,48.5,49.0,11.6,3.14,2.9,0.99,1.1,1296,0.1281,28,37,42,49,55,59,62,67
Feriali,GRA,1,-13800007268579,Corso di Francia,4,50,149.55,39.53,114.305,189.08,0,51.7,53.8,54.0,10.2,10.42,9.97,2.29,1.0,509,0.0503,38,44,47,54,59,63,67,70
Feriali,GRA,1,-13800007268579,Corso di Francia,4,50,149.55,39.53,114.305,189.08,1,53.8,56.5,56.0,12.6,10.01,9.61,2.39,0.96,235,0.0232,39,45,48,56,63,68,74,79
Feriali,GRA,1,-13800007268579,Corso di Francia,4,50,149.55,39.53,114.305,189.08,2,53.7,55.9,54.0,11.8,10.03,9.97,2.01,0.96,127,0.0126,40,45,47,54,63,68,72,78
Feriali,GRA,1,-13800007268579,Corso di Francia,4,50,149.55,39.53,114.305,189.08,3,55.9,58.4,59.0,11.4,9.63,9.13,2.21,0.92,52,0.0051,39,46,51,59,65,69,71,80
Feriali,GRA,1,-13800007268579,Corso di Francia,4,50,149.55,39.53,114.305,189.08,4,56.1,57.6,57.0,9.4,9.6,9.45,1.69,0.92,45,0.0044,44,48,53,57,64,67,69,73
Feriali,GRA,1,-13800007268579,Corso di Francia,4,50,149.55,39.53,114.305,189.08,5,54.5,57.7,59.0,12.2,9.87,9.13,2.74,0.95,50,0.0049,34,44,52,59,68,71,71,74
Feriali,GRA,1,-13800007268579,Corso di Francia,4,50,149.55,39.53,114.305,189.08,6,51.2,54.0,54.0,11.0,10.52,9.97,3.31,1.01,197,0.0195,37,44,48,54,59,65,67,75
Feriali,GRA,1,-13800007268579,Corso di Francia,4,50,149.55,39.53,114.305,189.08,7,48.4,50.9,51.0,10.7,11.12,10.56,2.82,1.07,780,0.0771,31,41,45,51,57,61,63,67
Feriali,GRA,1,-13800007268579,Corso di Francia,4,50,149.55,39.53,114.305,189.08,8,46.7,49.2,50.0,9.5,11.53,10.77,4.01,1.11,1987,0.1964,32,41,44,50,55,58,60,63
Feriali,GRA,1,-13800007268579,Corso di Francia,4,50,149.55,39.53,114.305,189.08,9,46.9,49.3,50.0,9.8,11.49,10.77,3.32,1.1,1323,0.1308,31,41,44,50,55,59,61,64
Feriali,GRA,1,-13800007268579,Corso di Francia,4,50,149.55,39.53,114.305,189.08,10,47.2,49.6,50.0,10.0,11.4,10.77,2.99,1.09,1228,0.1214,33,41,45,50,55,58,61,65
Feriali,GRA,1,-13800007268579,Corso di Francia,4,50,149.55,39.53,114.305,189.08,11,46.8,49.7,50.0,9.8,11.49,10.77,4.67,1.1,1328,0.1313,32,41,45,50,55,59,61,65
Feriali,GRA,1,-13800007268579,Corso di Francia,4,50,149.55,39.53,114.305,189.08,12,46.4,49.2,50.0,10.0,11.6,10.77,4.73,1.11,1674,0.1655,31,40,44,50,55,58,60,64
Feriali,GRA,1,-13800007268579,Corso di Francia,4,50,149.55,39.53,114.305,189.08,13,46.6,48.9,50.0,9.6,11.56,10.77,3.06,1.11,1907,0.1885,32,40,44,50,54,57,60,63
Feriali,GRA,1,-13800007268579,Corso di Francia,4,50,149.55,39.53,114.305,189.08,14,46.4,49.0,50.0,9.7,11.61,10.77,3.93,1.11,2163,0.2138,32,40,44,50,55,58,60,64
Feriali,GRA,1,-13800007268579,Corso di Francia,4,50,149.55,39.53,114.305,189.08,15,45.9,48.7,49.0,9.9,11.74,10.99,5.45,1.13,2000,0.1977,31,40,44,49,54,57,59,63
Feriali,GRA,1,-13800007268579,Corso di Francia,4,50,149.55,39.53,114.305,189.08,16,45.2,47.7,48.0,9.8,11.92,11.22,3.43,1.14,2093,0.2069,31,39,42,48,53,56,59,62
Feriali,GRA,1,-13800007268579,Corso di Francia,4,50,149.55,39.53,114.305,189.08,17,43.7,46.1,47.0,9.4,12.32,11.45,3.48,1.18,2319,0.2292,29,37,41,47,52,55,57,60
Feriali,GRA,1,-13800007268579,Corso di Francia,4,50,149.55,39.53,114.305,189.08,18,42.2,44.5,45.0,8.9,12.77,11.96,4.13,1.23,2684,0.2653,29,37,40,45,50,52,55,58
Feriali,GRA,1,-13800007268579,Corso di Francia,4,50,149.55,39.53,114.305,189.08,19,43.1,45.5,46.0,9.3,12.49,11.7,3.59,1.2,2713,0.2682,28,38,41,46,50,54,56,60
Feriali,GRA,1,-13800007268579,Corso di Francia,4,50,149.55,39.53,114.305,189.08,20,45.8,47.7,47.0,9.2,11.75,11.45,2.55,1.13,2037,0.2014,33,39,42,47,53,56,58,63
Feriali,GRA,1,-13800007268579,Corso di Francia,4,50,149.55,39.53,114.305,189.08,21,49.0,51.4,51.0,10.9,10.99,10.56,2.71,1.06,944,0.0933,36,41,45,51,58,62,65,70
Feriali,GRA,1,-13800007268579,Corso di Francia,4,50,149.55,39.53,114.305,189.08,22,48.1,50.5,50.0,10.4,11.18,10.77,2.95,1.07,965,0.0954,35,41,44,50,55,60,63,69
Feriali,GRA,1,-13800007268579,Corso di Francia,4,50,149.55,39.53,114.305,189.08,23,48.0,50.4,50.0,10.4,11.21,10.77,2.98,1.08,1291,0.1276,35,41,44,50,56,60,62,67
Feriali,GRA,2,-13800007268578,Corso di Francia,4,50,119.75,189.08,248.955,308.83000000000004,0,58.9,61.6,61.0,12.2,7.33,7.07,1.91,1.0,513,0.0507,43,50,54,61,69,73,76,83
Feriali,GRA,2,-13800007268578,Corso di Francia,4,50,119.75,189.08,248.955,308.83000000000004,1,60.8,64.1,63.0,14.1,7.09,6.84,1.78,0.97,238,0.0235,43,50,55,63,72,77,82,90
Feriali,GRA,2,-13800007268578,Corso di Francia,4,50,119.75,189.08,248.955,308.83000000000004,2,62.6,65.7,63.0,14.5,6.88,6.84,1.5,0.94,127,0.0126,45,51,55,63,73,80,88,96
Feriali,GRA,2,-13800007268578,Corso di Francia,4,50,119.75,189.08,248.955,308.83000000000004,3,61.8,64.5,65.0,12.2,6.98,6.63,1.68,0.95,52,0.0051,42,55,59,65,71,76,81,87
Feriali,GRA,2,-13800007268578,Corso di Francia,4,50,119.75,189.08,248.955,308.83000000000004,4,61.2,64.6,64.0,14.1,7.05,6.74,2.01,0.96,45,0.0044,46,53,55,64,72,76,84,87
Feriali,GRA,2,-13800007268578,Corso di Francia,4,50,119.75,189.08,248.955,308.83000000000004,5,64.4,68.3,69.0,14.6,6.7,6.25,1.97,0.91,49,0.0048,40,52,62,69,76,82,82,93
Feriali,GRA,2,-13800007268578,Corso di Francia,4,50,119.75,189.08,248.955,308.83000000000004,6,60.7,63.4,62.0,12.5,7.1,6.95,1.67,0.97,199,0.0197,42,53,57,62,70,75,80,85
Feriali,GRA,2,-13800007268578,Corso di Francia,4,50,119.75,189.08,248.955,308.83000000000004,7,55.3,58.5,58.0,13.1,7.79,7.43,2.07,1.06,782,0.0773,36,46,51,58,66,71,74,80
Feriali,GRA,2,-13800007268578,Corso di Francia,4,50,119.75,189.08,248.955,308.83000000000004,8,53.8,56.8,57.0,11.8,8.01,7.56,2.26,1.09,2004,0.1981,35,46,50,57,64,68,71,75
Feriali,GRA,2,-13800007268578,Corso di Francia,4,50,119.75,189.08,248.955,308.83000000000004,9,54.5,57.6,58.0,12.4,7.91,7.43,2.2,1.08,1328,0.1313,36,46,50,58,65,69,73,78
Feriali,GRA,2,-13800007268578,Corso di Francia,4,50,119.75,189.08,248.955,308.83000000000004,10,54.0,57.1,57.0,12.2,7.99,7.56,2.22,1.09,1231,0.1217,36,46,50,57,65,69,72,77
Feriali,GRA,2,-13800007268578,Corso di Francia,4,50,119.75,189.08,248.955,308.83000000000004,11,53.0,56.6,56.0,12.5,8.13,7.7,2.74,1.11,1343,0.1328,34,46,50,56,64,68,71,77
Feriali,GRA,2,-13800007268578,Corso di Francia,4,50,119.75,189.08,248.955,308.83000000000004,12,52.9,56.4,56.0,12.2,8.15,7.7,3.44,1.11,1687,0.1668,35,45,50,56,64,68,71,77
Feriali,GRA,2,-13800007268578,Corso di Francia,4,50,119.75,189.08,248.955,308.83000000000004,13,52.8,55.8,56.0,12.0,8.17,7.7,2.27,1.12,1941,0.1919,34,45,49,56,63,67,70,75
Feriali,GRA,2,-13800007268578,Corso di Francia,4,50,119.75,189.08,248.955,308.83000000000004,14,52.2,55.8,56.0,12.0,8.26,7.7,3.93,1.13,2197,0.2172,35,45,49,56,63,67,70,75
Feriali,GRA,2,-13800007268578,Corso di Francia,4,50,119.75,189.08,248.955,308.83000000000004,15,53.2,56.1,56.0,12.1,8.11,7.7,2.19,1.11,2028,0.2005,34,45,50,56,63,67,70,76
Feriali,GRA,2,-13800007268578,Corso di Francia,4,50,119.75,189.08,248.955,308.83000000000004,16,51.3,54.6,55.0,12.1,8.41,7.84,2.57,1.15,2118,0.2094,33,43,48,55,62,66,69,75
Feriali,GRA,2,-13800007268578,Corso di Francia,4,50,119.75,189.08,248.955,308.83000000000004,17,49.8,53.1,53.0,12.1,8.65,8.13,2.66,1.18,2334,0.2307,32,42,46,53,60,65,68,73
Feriali,GRA,2,-13800007268578,Corso di Francia,4,50,119.75,189.08,248.955,308.83000000000004,18,47.9,50.7,51.0,11.2,9.0,8.45,2.49,1.23,2710,0.2679,31,40,45,51,57,61,64,69
Feriali,GRA,2,-13800007268578,Corso di Francia,4,50,119.75,189.08,248.955,308.83000000000004,19,48.3,51.4,51.0,11.6,8.92,8.45,2.71,1.22,2735,0.2704,31,41,45,51,58,62,66,71
Feriali,GRA,2,-13800007268578,Corso di Francia,4,50,119.75,189.08,248.955,308.83000000000004,20,51.3,54.0,53.0,11.7,8.41,8.13,2.07,1.15,2057,0.2033,35,43,47,53,61,65,69,75
Feriali,GRA,2,-13800007268578,Corso di Francia,4,50,119.75,189.08,248.955,308.83000000000004,21,56.2,59.3,59.0,12.8,7.67,7.31,2.07,1.05,951,0.094,39,47,51,59,67,73,76,80
Feriali,GRA,2,-13800007268578,Corso di Francia,4,50,119.75,189.08,248.955,308.83000000000004,22,55.4,57.9,57.0,11.9,7.78,7.56,1.79,1.06,966,0.0955,39,47,51,57,65,70,73,78
Feriali,GRA,2,-13800007268578,Corso di Francia,4,50,119.75,189.08,248.955,308.83000000000004,23,55.0,58.0,58.0,12.6,7.83,7.43,2.18,1.07,1297,0.1282,38,47,50,58,65,69,73,78
Feriali,GRA,3,-13800012637788,Corso di Francia,3,50,56.41,308.83000000000004,337.035,365.24,0,60.6,63.6,63.0,13.4,3.35,3.22,0.81,1.0,1451,0.1434,42,51,56,63,71,76,78,85
Feriali,GRA,3,-13800012637788,Corso di Francia,3,50,56.41,308.83000000000004,337.035,365.24,1,64.1,67.6,66.0,15.0,3.17,3.08,0.8,0.95,728,0.072,45,54,59,66,77,81,85,92
Feriali,GRA,3,-13800012637788,Corso di Francia,3,50,56.41,308.83000000000004,337.035,365.24,2,64.0,68.0,67.0,15.2,3.17,3.03,0.97,0.95,400,0.0395,44,53,58,67,76,83,87,96
Feriali,GRA,3,-13800012637788,Corso di Francia,3,50,56.41,308.83000000000004,337.035,365.24,3,60.0,70.3,70.0,16.5,3.39,2.9,4.48,1.01,232,0.0229,44,55,62,70,80,87,89,95
Feriali,GRA,3,-13800012637788,Corso di Francia,3,50,56.41,308.83000000000004,337.035,365.24,4,66.8,69.7,70.0,13.1,3.04,2.9,0.8,0.91,157,0.0155,49,55,62,70,76,81,86,92
Feriali,GRA,3,-13800012637788,Corso di Francia,3,50,56.41,308.83000000000004,337.035,365.24,5,67.5,71.2,72.0,14.6,3.01,2.82,0.84,0.9,206,0.0204,45,56,63,72,81,84,88,93
Feriali,GRA,3,-13800012637788,Corso di Francia,3,50,56.41,308.83000000000004,337.035,365.24,6,62.5,65.3,65.0,12.6,3.25,3.12,0.81,0.97,676,0.0668,44,55,58,65,72,77,81,85
Feriali,GRA,3,-13800012637788,Corso di Francia,3,50,56.41,308.83000000000004,337.035,365.24,7,58.5,61.4,62.0,12.2,3.47,3.28,0.89,1.04,2310,0.2284,39,50,55,62,69,73,76,80
Feriali,GRA,3,-13800012637788,Corso di Francia,3,50,56.41,308.83000000000004,337.035,365.24,8,56.2,59.5,60.0,12.3,3.61,3.38,1.08,1.08,4686,0.4632,37,48,53,60,67,71,73,78
Feriali,GRA,3,-13800012637788,Corso di Francia,3,50,56.41,308.83000000000004,337.035,365.24,9,57.5,60.8,62.0,12.4,3.53,3.28,1.02,1.05,3468,0.3428,37,50,55,62,68,72,75,79
Feriali,GRA,3,-13800012637788,Corso di Francia,3,50,56.41,308.83000000000004,337.035,365.24,10,57.5,60.7,62.0,12.5,3.53,3.28,0.98,1.05,3419,0.338,37,49,55,62,68,72,75,79
Feriali,GRA,3,-13800012637788,Corso di Francia,3,50,56.41,308.83000000000004,337.035,365.24,11,56.8,60.0,61.0,12.1,3.57,3.33,1.07,1.07,3641,0.3599,37,49,54,61,67,71,74,77
Feriali,GRA,3,-13800012637788,Corso di Francia,3,50,56.41,308.83000000000004,337.035,365.24,12,56.0,59.5,61.0,12.4,3.63,3.33,1.33,1.08,4141,0.4094,36,48,53,61,67,70,73,78
Feriali,GRA,3,-13800012637788,Corso di Francia,3,50,56.41,308.83000000000004,337.035,365.24,13,55.2,58.5,60.0,12.6,3.68,3.38,1.08,1.1,4715,0.4661,34,47,52,60,66,70,73,77
Feriali,GRA,3,-13800012637788,Corso di Francia,3,50,56.41,308.83000000000004,337.035,365.24,14,54.9,58.4,60.0,12.3,3.7,3.38,1.8,1.11,5271,0.5211,35,46,52,60,66,70,72,77
Feriali,GRA,3,-13800012637788,Corso di Francia,3,50,56.41,308.83000000000004,337.035,365.24,15,54.8,58.1,59.0,12.4,3.71,3.44,1.1,1.11,4840,0.4784,34,46,52,59,66,69,72,76
Feriali,GRA,3,-13800012637788,Corso di Francia,3,50,56.41,308.83000000000004,337.035,365.24,16,52.5,56.1,57.0,12.5,3.87,3.56,1.24,1.16,5261,0.5201,32,44,50,57,63,67,70,74
Feriali,GRA,3,-13800012637788,Corso di Francia,3,50,56.41,308.83000000000004,337.035,365.24,17,51.8,55.1,56.0,12.1,3.92,3.63,1.17,1.17,5907,0.5839,32,44,49,56,63,66,69,73
Feriali,GRA,3,-13800012637788,Corso di Francia,3,50,56.41,308.83000000000004,337.035,365.24,18,48.8,52.3,53.0,11.9,4.16,3.83,1.37,1.24,6581,0.6506,30,41,46,53,60,63,66,70
Feriali,GRA,3,-13800012637788,Corso di Francia,3,50,56.41,308.83000000000004,337.035,365.24,19,49.7,53.0,54.0,11.7,4.09,3.76,1.26,1.22,6426,0.6352,31,42,47,54,60,63,66,71
Feriali,GRA,3,-13800012637788,Corso di Francia,3,50,56.41,308.83000000000004,337.035,365.24,20,52.8,55.8,56.0,11.9,3.85,3.63,1.05,1.15,4703,0.4649,34,44,49,56,63,67,70,74
Feriali,GRA,3,-13800012637788,Corso di Francia,3,50,56.41,308.83000000000004,337.035,365.24,21,58.3,61.3,61.0,12.6,3.48,3.33,0.9,1.04,2389,0.2362,41,49,54,61,69,73,77,82
Feriali,GRA,3,-13800012637788,Corso di Francia,3,50,56.41,308.83000000000004,337.035,365.24,22,57.9,60.6,61.0,12.3,3.51,3.33,0.85,1.05,2403,0.2375,40,48,53,61,68,72,76,81
Feriali,GRA,3,-13800012637788,Corso di Francia,3,50,56.41,308.83000000000004,337.035,365.24,23,56.8,60.0,60.0,12.9,3.58,3.38,1.01,1.07,3043,0.3008,38,48,53,60,67,71,74,79
Feriali,GRA,4,-13800012637793,Corso di Francia,3,50,9.01,365.24,369.745,374.25,0,62.1,65.4,65.0,14.2,0.52,0.5,0.13,1.0,1454,0.1437,43,52,57,65,73,78,81,90
Feriali,GRA,4,-13800012637793,Corso di Francia,3,50,9.01,365.24,369.745,374.25,1,65.6,69.3,68.0,15.6,0.49,0.48,0.13,0.95,732,0.0724,45,55,61,68,79,84,89,95
Feriali,GRA,4,-13800012637793,Corso di Francia,3,50,9.01,365.24,369.745,374.25,2,65.6,70.0,69.0,16.0,0.49,0.47,0.16,0.95,400,0.0395,44,54,60,69,79,85,90,97
Feriali,GRA,4,-13800012637793,Corso di Francia,3,50,9.01,365.24,369.745,374.25,3,67.1,72.9,72.0,17.3,0.48,0.45,0.24,0.93,232,0.0229,44,57,63,72,83,90,93,103
Feriali,GRA,4,-13800012637793,Corso di Francia,3,50,9.01,365.24,369.745,374.25,4,68.5,71.7,72.0,13.8,0.47,0.45,0.13,0.91,157,0.0155,49,57,64,72,79,84,87,95
Feriali,GRA,4,-13800012637793,Corso di Francia,3,50,9.01,365.24,369.745,374.25,5,68.8,73.0,74.0,15.7,0.47,0.44,0.14,0.9,206,0.0204,44,59,64,74,83,87,93,96
Feriali,GRA,4,-13800012637793,Corso di Francia,3,50,9.01,365.24,369.745,374.25,6,64.0,67.1,67.0,13.3,0.51,0.48,0.13,0.97,676,0.0668,44,55,60,67,75,79,83,90
Feriali,GRA,4,-13800012637793,Corso di Francia,3,50,9.01,365.24,369.745,374.25,7,59.9,63.2,64.0,13.0,0.54,0.51,0.16,1.04,2308,0.2282,40,51,56,64,71,75,79,83
Feriali,GRA,4,-13800012637793,Corso di Francia,3,50,9.01,365.24,369.745,374.25,8,57.4,60.9,62.0,13.1,0.56,0.52,0.17,1.08,4712,0.4658,37,48,54,62,69,73,76,81
Feriali,GRA,4,-13800012637793,Corso di Francia,3,50,9.01,365.24,369.745,374.25,9,58.8,62.3,63.0,13.0,0.55,0.51,0.16,1.06,3471,0.3431,37,50,55,63,70,75,77,81
Feriali,GRA,4,-13800012637793,Corso di Francia,3,50,9.01,365.24,369.745,374.25,10,58.8,62.5,63.0,13.5,0.55,0.51,0.17,1.06,3437,0.3398,37,50,56,63,71,75,78,83
Feriali,GRA,4,-13800012637793,Corso di Francia,3,50,9.01,365.24,369.745,374.25,11,58.2,61.7,63.0,12.9,0.56,0.51,0.17,1.07,3658,0.3616,38,49,55,63,69,74,76,80
Feriali,GRA,4,-13800012637793,Corso di Francia,3,50,9.01,365.24,369.745,374.25,12,57.3,61.1,62.0,13.4,0.57,0.52,0.21,1.08,4150,0.4102,36,48,54,62,69,73,76,81
Feriali,GRA,4,-13800012637793,Corso di Francia,3,50,9.01,365.24,369.745,374.25,13,56.3,60.0,61.0,13.4,0.58,0.53,0.17,1.1,4732,0.4678,34,47,53,61,68,73,76,80
Feriali,GRA,4,-13800012637793,Corso di Francia,3,50,9.01,365.24,369.745,374.25,14,56.2,59.8,61.0,13.1,0.58,0.53,0.19,1.11,5291,0.523,36,47,52,61,68,72,75,80
Feriali,GRA,4,-13800012637793,Corso di Francia,3,50,9.01,365.24,369.745,374.25,15,55.6,59.6,61.0,13.2,0.58,0.53,0.29,1.12,4856,0.48,34,47,53,61,68,71,75,79
Feriali,GRA,4,-13800012637793,Corso di Francia,3,50,9.01,365.24,369.745,374.25,16,53.4,57.4,59.0,13.4,0.61,0.55,0.2,1.16,5283,0.5222,32,44,50,59,65,69,72,77
Feriali,GRA,4,-13800012637793,Corso di Francia,3,50,9.01,365.24,369.745,374.25,17,52.7,56.3,57.0,12.9,0.62,0.57,0.19,1.18,5926,0.5858,33,44,49,57,64,68,71,76
Feriali,GRA,4,-13800012637793,Corso di Francia,3,50,9.01,365.24,369.745,374.25,18,49.4,53.3,54.0,12.7,0.66,0.6,0.22,1.26,6600,0.6524,30,41,46,54,61,65,68,73
Feriali,GRA,4,-13800012637793,Corso di Francia,3,50,9.01,365.24,369.745,374.25,19,50.3,53.9,55.0,12.5,0.64,0.59,0.2,1.23,6457,0.6383,31,42,47,55,62,65,68,73
Feriali,GRA,4,-13800012637793,Corso di Francia,3,50,9.01,365.24,369.745,374.25,20,53.8,57.1,58.0,12.7,0.6,0.56,0.17,1.16,4713,0.4659,35,44,50,58,65,69,73,77
Feriali,GRA,4,-13800012637793,Corso di Francia,3,50,9.01,365.24,369.745,374.25,21,59.7,63.0,63.0,13.5,0.54,0.51,0.14,1.04,2400,0.2372,41,50,55,63,71,76,79,85
Feriali,GRA,4,-13800012637793,Corso di Francia,3,50,9.01,365.24,369.745,374.25,22,59.3,62.4,63.0,13.2,0.55,0.51,0.14,1.05,2403,0.2375,40,49,55,63,70,75,78,83
Feriali,GRA,4,-13800012637793,Corso di Francia,3,50,9.01,365.24,369.745,374.25,23,58.3,61.8,62.0,13.8,0.56,0.52,0.16,1.07,3058,0.3023,39,49,54,62,69,74,77,83
Feriali,GRA,5,-13800012637786,Corso di Francia,3,50,6.44,374.25,377.47,380.69,0,62.4,65.8,66.0,14.5,0.37,0.35,0.09,1.0,1456,0.1439,43,52,58,66,74,78,83,91
Feriali,GRA,5,-13800012637786,Corso di Francia,3,50,6.44,374.25,377.47,380.69,1,66.0,69.8,68.0,15.8,0.35,0.34,0.09,0.95,732,0.0724,45,55,61,68,79,84,89,96
Feriali,GRA,5,-13800012637786,Corso di Francia,3,50,6.44,374.25,377.47,380.69,2,65.9,70.4,69.0,16.3,0.35,0.34,0.11,0.95,400,0.0395,45,54,60,69,79,86,92,97
Feriali,GRA,5,-13800012637786,Corso di Francia,3,50,6.44,374.25,377.47,380.69,3,67.5,73.4,72.0,17.5,0.34,0.32,0.17,0.93,232,0.0229,44,57,64,72,83,90,94,107
Feriali,GRA,5,-13800012637786,Corso di Francia,3,50,6.44,374.25,377.47,380.69,4,68.8,72.1,72.0,14.0,0.34,0.32,0.09,0.91,157,0.0155,49,57,64,72,80,85,87,95
Feriali,GRA,5,-13800012637786,Corso di Francia,3,50,6.44,374.25,377.47,380.69,5,69.2,73.4,74.0,15.6,0.33,0.31,0.1,0.9,206,0.0204,44,59,64,74,83,87,93,97
Feriali,GRA,5,-13800012637786,Corso di Francia,3,50,6.44,374.25,377.47,380.69,6,64.3,67.5,68.0,13.4,0.36,0.34,0.09,0.97,676,0.0668,44,55,60,68,75,80,84,90
Feriali,GRA,5,-13800012637786,Corso di Francia,3,50,6.44,374.25,377.47,380.69,7,60.3,63.6,64.0,13.3,0.38,0.36,0.11,1.04,2308,0.2282,40,51,56,64,72,76,79,84
Feriali,GRA,5,-13800012637786,Corso di Francia,3,50,6.44,374.25,377.47,380.69,8,57.7,61.3,62.0,13.3,0.4,0.37,0.12,1.08,4716,0.4662,37,48,54,62,69,74,77,82
Feriali,GRA,5,-13800012637786,Corso di Francia,3,50,6.44,374.25,377.47,380.69,9,59.2,62.8,64.0,13.3,0.39,0.36,0.12,1.05,3471,0.3431,37,50,56,64,71,75,78,83
Feriali,GRA,5,-13800012637786,Corso di Francia,3,50,6.44,374.25,377.47,380.69,10,59.2,62.9,64.0,13.7,0.39,0.36,0.12,1.06,3435,0.3396,37,50,56,64,71,75,78,84
Feriali,GRA,5,-13800012637786,Corso di Francia,3,50,6.44,374.25,377.47,380.69,11,58.6,62.1,63.0,13.2,0.4,0.37,0.12,1.07,3657,0.3615,38,49,55,63,70,74,77,81
Feriali,GRA,5,-13800012637786,Corso di Francia,3,50,6.44,374.25,377.47,380.69,12,57.5,61.5,62.0,13.6,0.4,0.37,0.15,1.08,4150,0.4102,36,48,54,62,70,74,77,82
Feriali,GRA,5,-13800012637786,Corso di Francia,3,50,6.44,374.25,377.47,380.69,13,56.5,60.3,61.0,13.6,0.41,0.38,0.12,1.1,4739,0.4685,34,47,53,61,69,73,76,81
Feriali,GRA,5,-13800012637786,Corso di Francia,3,50,6.44,374.25,377.47,380.69,14,56.4,60.1,61.0,13.3,0.41,0.38,0.14,1.11,5291,0.523,36,47,52,61,68,72,76,80
Feriali,GRA,5,-13800012637786,Corso di Francia,3,50,6.44,374.25,377.47,380.69,15,55.8,59.9,61.0,13.4,0.42,0.38,0.2,1.12,4857,0.4801,34,47,53,61,68,72,75,80
Feriali,GRA,5,-13800012637786,Corso di Francia,3,50,6.44,374.25,377.47,380.69,16,53.7,57.7,59.0,13.6,0.43,0.39,0.14,1.16,5289,0.5228,33,44,50,59,66,70,73,77
Feriali,GRA,5,-13800012637786,Corso di Francia,3,50,6.44,374.25,377.47,380.69,17,53.0,56.7,57.0,13.1,0.44,0.41,0.14,1.18,5925,0.5857,33,44,49,57,65,69,72,77
Feriali,GRA,5,-13800012637786,Corso di Francia,3,50,6.44,374.25,377.47,380.69,18,49.6,53.5,55.0,12.9,0.47,0.42,0.16,1.26,6604,0.6528,30,41,46,55,62,65,68,73
Feriali,GRA,5,-13800012637786,Corso di Francia,3,50,6.44,374.25,377.47,380.69,19,50.5,54.1,55.0,12.7,0.46,0.42,0.15,1.24,6458,0.6384,31,42,47,55,62,66,69,74
Feriali,GRA,5,-13800012637786,Corso di Francia,3,50,6.44,374.25,377.47,380.69,20,54.0,57.4,58.0,13.0,0.43,0.4,0.12,1.16,4713,0.4659,35,44,50,58,65,70,73,78
Feriali,GRA,5,-13800012637786,Corso di Francia,3,50,6.44,374.25,377.47,380.69,21,60.0,63.3,64.0,13.7,0.39,0.36,0.1,1.04,2402,0.2374,41,50,55,64,72,76,80,86
Feriali,GRA,5,-13800012637786,Corso di Francia,3,50,6.44,374.25,377.47,380.69,22,59.5,62.7,63.0,13.5,0.39,0.37,0.1,1.05,2402,0.2374,40,50,55,63,71,76,79,84
Feriali,GRA,5,-13800012637786,Corso di Francia,3,50,6.44,374.25,377.47,380.69,23,58.6,62.2,62.0,13.9,0.4,0.37,0.12,1.07,3058,0.3023,39,49,54,62,70,75,78,84
Feriali,GRA,6,-13800012637796,Corso di Francia,3,50,30.58,380.69,395.98,411.27,0,63.0,66.4,66.0,14.6,1.75,1.67,0.44,1.0,1454,0.1437,43,52,58,66,75,79,83,91
Feriali,GRA,6,-13800012637796,Corso di Francia,3,50,30.58,380.69,395.98,411.27,1,66.7,70.5,69.0,15.9,1.65,1.6,0.44,0.94,733,0.0725,45,57,62,69,80,86,90,97
Feriali,GRA,6,-13800012637796,Corso di Francia,3,50,30.58,380.69,395.98,411.27,2,66.5,71.0,71.0,16.4,1.66,1.55,0.54,0.95,398,0.0393,45,55,61,71,81,87,92,99
Feriali,GRA,6,-13800012637796,Corso di Francia,3,50,30.58,380.69,395.98,411.27,3,68.2,74.2,73.0,17.6,1.61,1.51,0.8,0.92,232,0.0229,44,57,64,73,85,91,96,107
Feriali,GRA,6,-13800012637796,Corso di Francia,3,50,30.58,380.69,395.98,411.27,4,69.5,72.9,73.0,14.3,1.58,1.51,0.45,0.91,157,0.0155,49,57,64,73,81,86,88,95
Feriali,GRA,6,-13800012637796,Corso di Francia,3,50,30.58,380.69,395.98,411.27,5,69.9,74.1,75.0,15.6,1.57,1.47,0.46,0.9,206,0.0204,46,59,64,75,84,89,93,97
Feriali,GRA,6,-13800012637796,Corso di Francia,3,50,30.58,380.69,395.98,411.27,6,64.9,68.2,69.0,13.6,1.7,1.6,0.45,0.97,676,0.0668,44,56,61,69,76,81,85,91
Feriali,GRA,6,-13800012637796,Corso di Francia,3,50,30.58,380.69,395.98,411.27,7,61.0,64.3,65.0,13.5,1.81,1.69,0.48,1.03,2306,0.228,40,51,57,65,73,77,80,85
Feriali,GRA,6,-13800012637796,Corso di Francia,3,50,30.58,380.69,395.98,411.27,8,58.1,61.8,63.0,13.6,1.89,1.75,0.57,1.08,4715,0.4661,37,48,54,63,70,74,77,82
Feriali,GRA,6,-13800012637796,Corso di Francia,3,50,30.58,380.69,395.98,411.27,9,59.7,63.4,64.0,13.6,1.84,1.72,0.55,1.06,3470,0.343,38,50,56,64,72,76,79,84
Feriali,GRA,6,-13800012637796,Corso di Francia,3,50,30.58,380.69,395.98,411.27,10,59.7,63.6,64.0,14.0,1.84,1.72,0.56,1.05,3432,0.3393,37,50,56,64,72,76,80,85
Feriali,GRA,6,-13800012637796,Corso di Francia,3,50,30.58,380.69,395.98,411.27,11,59.2,62.8,64.0,13.4,1.86,1.72,0.56,1.06,3656,0.3614,38,49,55,64,71,75,78,82
Feriali,GRA,6,-13800012637796,Corso di Francia,3,50,30.58,380.69,395.98,411.27,12,58.1,62.1,63.0,13.9,1.9,1.75,0.73,1.08,4150,0.4102,36,48,54,63,71,75,78,83
Feriali,GRA,6,-13800012637796,Corso di Francia,3,50,30.58,380.69,395.98,411.27,13,57.1,61.0,62.0,13.9,1.93,1.78,0.59,1.1,4730,0.4676,35,47,53,62,70,74,77,82
Feriali,GRA,6,-13800012637796,Corso di Francia,3,50,30.58,380.69,395.98,411.27,14,56.8,60.6,62.0,13.6,1.94,1.78,0.65,1.11,5291,0.523,36,47,52,62,69,73,76,81
Feriali,GRA,6,-13800012637796,Corso di Francia,3,50,30.58,380.69,395.98,411.27,15,56.3,60.4,62.0,13.6,1.96,1.78,0.97,1.12,4853,0.4797,35,47,53,62,69,73,76,81
Feriali,GRA,6,-13800012637796,Corso di Francia,3,50,30.58,380.69,395.98,411.27,16,54.2,58.2,59.0,13.7,2.03,1.87,0.66,1.16,5286,0.5225,33,44,50,59,67,71,74,79
Feriali,GRA,6,-13800012637796,Corso di Francia,3,50,30.58,380.69,395.98,411.27,17,53.3,57.1,58.0,13.3,2.06,1.9,0.64,1.18,5923,0.5855,33,44,49,58,65,70,73,77
Feriali,GRA,6,-13800012637796,Corso di Francia,3,50,30.58,380.69,395.98,411.27,18,49.8,53.8,55.0,13.1,2.21,2.0,0.75,1.26,6600,0.6524,30,41,46,55,62,66,69,74
Feriali,GRA,6,-13800012637796,Corso di Francia,3,50,30.58,380.69,395.98,411.27,19,50.8,54.5,55.0,12.9,2.17,2.0,0.69,1.24,6449,0.6375,31,42,47,55,62,67,70,74
Feriali,GRA,6,-13800012637796,Corso di Francia,3,50,30.58,380.69,395.98,411.27,20,54.4,57.9,58.0,13.3,2.03,1.9,0.58,1.16,4709,0.4655,35,44,50,58,66,71,74,79
Feriali,GRA,6,-13800012637796,Corso di Francia,3,50,30.58,380.69,395.98,411.27,21,60.5,64.0,64.0,14.0,1.82,1.72,0.49,1.04,2401,0.2373,41,50,55,64,73,77,81,87
Feriali,GRA,6,-13800012637796,Corso di Francia,3,50,30.58,380.69,395.98,411.27,22,60.2,63.5,64.0,13.8,1.83,1.72,0.48,1.05,2399,0.2371,41,49,55,64,72,77,80,86
Feriali,GRA,6,-13800012637796,Corso di Francia,3,50,30.58,380.69,395.98,411.27,23,59.1,62.7,63.0,14.1,1.86,1.75,0.55,1.07,3058,0.3023,39,49,55,63,71,75,78,85
Feriali,GRA,7,-13800007467709,Corso di Francia,3,50,225.59,411.27,524.0649999999999,636.86,0,65.9,69.7,69.0,15.9,12.33,11.77,3.21,1.0,1437,0.1421,44,54,60,69,79,84,89,96
Feriali,GRA,7,-13800007467709,Corso di Francia,3,50,225.59,411.27,524.0649999999999,636.86,1,69.5,74.0,73.0,17.4,11.69,11.12,3.3,0.95,728,0.072,45,58,64,73,85,91,95,103
Feriali,GRA,7,-13800007467709,Corso di Francia,3,50,225.59,411.27,524.0649999999999,636.86,2,69.2,74.4,73.0,18.0,11.73,11.12,3.95,0.95,396,0.0391,45,56,63,73,87,91,96,105
Feriali,GRA,7,-13800007467709,Corso di Francia,3,50,225.59,411.27,524.0649999999999,636.86,3,70.4,77.2,78.0,19.1,11.54,10.41,6.02,0.94,224,0.0221,44,59,67,78,88,94,104,109
Feriali,GRA,7,-13800007467709,Corso di Francia,3,50,225.59,411.27,524.0649999999999,636.86,4,71.8,76.0,78.0,16.1,11.31,10.41,3.45,0.92,154,0.0152,49,60,66,78,86,91,95,102
Feriali,GRA,7,-13800007467709,Corso di Francia,3,50,225.59,411.27,524.0649999999999,636.86,5,73.5,77.9,79.0,17.3,11.05,10.28,3.08,0.9,204,0.0202,48,60,67,79,88,94,99,108
Feriali,GRA,7,-13800007467709,Corso di Francia,3,50,225.59,411.27,524.0649999999999,636.86,6,68.2,71.8,72.0,15.1,11.92,11.28,3.08,0.97,676,0.0668,45,57,62,72,81,87,91,97
Feriali,GRA,7,-13800007467709,Corso di Francia,3,50,225.59,411.27,524.0649999999999,636.86,7,63.2,67.3,68.0,14.8,12.85,11.94,4.65,1.04,2288,0.2262,40,52,59,68,77,82,85,90
Feriali,GRA,7,-13800007467709,Corso di Francia,3,50,225.59,411.27,524.0649999999999,636.86,8,60.3,64.4,65.0,14.7,13.47,12.49,4.29,1.09,4670,0.4616,38,49,55,65,74,79,82,87
Feriali,GRA,7,-13800007467709,Corso di Francia,3,50,225.59,411.27,524.0649999999999,636.86,9,62.1,66.1,67.0,14.8,13.07,12.12,3.83,1.06,3442,0.3403,39,51,58,67,76,81,84,89
Feriali,GRA,7,-13800007467709,Corso di Francia,3,50,225.59,411.27,524.0649999999999,636.86,10,62.4,66.6,68.0,15.3,13.02,11.94,4.01,1.06,3410,0.3371,38,51,58,68,76,81,84,90
Feriali,GRA,7,-13800007467709,Corso di Francia,3,50,225.59,411.27,524.0649999999999,636.86,11,62.0,66.0,67.0,14.8,13.1,12.12,3.99,1.06,3639,0.3597,39,51,57,67,76,80,83,88
Feriali,GRA,7,-13800007467709,Corso di Francia,3,50,225.59,411.27,524.0649999999999,636.86,12,60.7,65.1,66.0,15.2,13.37,12.3,4.48,1.08,4119,0.4072,37,50,56,66,75,79,83,89
Feriali,GRA,7,-13800007467709,Corso di Francia,3,50,225.59,411.27,524.0649999999999,636.86,13,59.4,63.8,65.0,15.3,13.67,12.49,4.22,1.11,4694,0.464,36,48,54,65,74,79,82,87
Feriali,GRA,7,-13800007467709,Corso di Francia,3,50,225.59,411.27,524.0649999999999,636.86,14,58.2,62.7,63.0,15.1,13.96,12.89,4.91,1.13,5259,0.5199,36,47,53,63,73,78,81,86
Feriali,GRA,7,-13800007467709,Corso di Francia,3,50,225.59,411.27,524.0649999999999,636.86,15,58.6,62.9,64.0,14.9,13.86,12.69,4.35,1.12,4807,0.4752,36,47,54,64,73,77,80,86
Feriali,GRA,7,-13800007467709,Corso di Francia,3,50,225.59,411.27,524.0649999999999,636.86,16,56.3,60.5,61.0,14.6,14.43,13.31,4.55,1.17,5234,0.5174,34,46,52,61,70,74,78,83
Feriali,GRA,7,-13800007467709,Corso di Francia,3,50,225.59,411.27,524.0649999999999,636.86,17,55.1,59.0,59.0,14.3,14.75,13.76,4.47,1.2,5891,0.5823,34,44,50,59,68,73,76,82
Feriali,GRA,7,-13800007467709,Corso di Francia,3,50,225.59,411.27,524.0649999999999,636.86,18,51.2,55.0,55.0,13.4,15.85,14.77,4.97,1.29,6540,0.6465,31,42,47,55,64,68,71,76
Feriali,GRA,7,-13800007467709,Corso di Francia,3,50,225.59,411.27,524.0649999999999,636.86,19,52.0,55.8,56.0,13.5,15.61,14.5,4.73,1.27,6394,0.6321,32,43,47,56,64,69,72,77
Feriali,GRA,7,-13800007467709,Corso di Francia,3,50,225.59,411.27,524.0649999999999,636.86,20,56.2,59.9,60.0,14.2,14.45,13.54,4.08,1.17,4686,0.4632,36,45,51,60,69,74,78,83
Feriali,GRA,7,-13800007467709,Corso di Francia,3,50,225.59,411.27,524.0649999999999,636.86,21,63.2,67.1,67.0,15.5,12.86,12.12,3.53,1.04,2394,0.2367,42,51,57,67,77,82,86,93
Feriali,GRA,7,-13800007467709,Corso di Francia,3,50,225.59,411.27,524.0649999999999,636.86,22,62.8,66.6,66.0,15.3,12.93,12.3,3.48,1.05,2380,0.2353,42,51,57,66,76,81,85,92
Feriali,GRA,7,-13800007467709,Corso di Francia,3,50,225.59,411.27,524.0649999999999,636.86,23,61.9,65.9,66.0,15.4,13.11,12.3,3.83,1.06,3035,0.3,41,51,56,66,75,80,84,91
Feriali,GRA,8,-13800012637773,Corso di Francia,3,50,60.99,636.86,667.355,697.85,0,67.6,72.2,71.0,17.7,3.25,3.09,0.9,1.0,1459,0.1442,44,54,60,71,82,89,94,102
Feriali,GRA,8,-13800012637773,Corso di Francia,3,50,60.99,636.86,667.355,697.85,1,71.1,76.3,75.0,19.0,3.09,2.93,0.94,0.95,729,0.0721,44,58,64,75,89,96,100,108
Feriali,GRA,8,-13800012637773,Corso di Francia,3,50,60.99,636.86,667.355,697.85,2,70.0,76.5,76.0,19.5,3.14,2.89,1.43,0.97,399,0.0394,45,56,65,76,88,96,99,109
Feriali,GRA,8,-13800012637773,Corso di Francia,3,50,60.99,636.86,667.355,697.85,3,73.4,79.1,80.0,20.1,2.99,2.74,0.94,0.92,229,0.0226,44,59,66,80,92,99,105,112
Feriali,GRA,8,-13800012637773,Corso di Francia,3,50,60.99,636.86,667.355,697.85,4,73.4,78.0,78.0,17.1,2.99,2.81,0.94,0.92,158,0.0156,50,59,67,78,89,95,99,103
Feriali,GRA,8,-13800012637773,Corso di Francia,3,50,60.99,636.86,667.355,697.85,5,75.0,80.3,81.0,19.2,2.93,2.71,0.88,0.9,205,0.0203,46,61,68,81,92,98,103,112
Feriali,GRA,8,-13800012637773,Corso di Francia,3,50,60.99,636.86,667.355,697.85,6,70.3,74.6,74.0,16.8,3.12,2.97,0.85,0.96,679,0.0671,45,58,64,74,84,92,96,105
Feriali,GRA,8,-13800012637773,Corso di Francia,3,50,60.99,636.86,667.355,697.85,7,64.7,69.1,70.0,16.1,3.39,3.14,1.04,1.04,2311,0.2284,40,53,59,70,80,85,88,94
Feriali,GRA,8,-13800012637773,Corso di Francia,3,50,60.99,636.86,667.355,697.85,8,61.5,65.9,66.0,15.8,3.57,3.33,1.12,1.1,4726,0.4672,38,50,56,66,76,82,85,91
Feriali,GRA,8,-13800012637773,Corso di Francia,3,50,60.99,636.86,667.355,697.85,9,63.6,67.9,68.0,15.8,3.45,3.23,1.03,1.06,3487,0.3447,40,52,58,68,78,84,87,93
Feriali,GRA,8,-13800012637773,Corso di Francia,3,50,60.99,636.86,667.355,697.85,10,63.5,68.2,69.0,16.3,3.46,3.18,1.11,1.06,3434,0.3395,39,52,59,69,79,84,88,92
Feriali,GRA,8,-13800012637773,Corso di Francia,3,50,60.99,636.86,667.355,697.85,11,63.2,67.9,69.0,16.3,3.48,3.18,1.14,1.07,3676,0.3634,39,51,57,69,79,84,87,92
Feriali,GRA,8,-13800012637773,Corso di Francia,3,50,60.99,636.86,667.355,697.85,12,61.8,66.8,67.0,16.5,3.55,3.28,1.26,1.09,4160,0.4112,37,50,57,67,78,83,87,93
Feriali,GRA,8,-13800012637773,Corso di Francia,3,50,60.99,636.86,667.355,697.85,13,60.6,65.4,66.0,16.4,3.62,3.33,1.15,1.12,4738,0.4684,36,48,55,66,76,82,86,91
Feriali,GRA,8,-13800012637773,Corso di Francia,3,50,60.99,636.86,667.355,697.85,14,57.8,64.0,65.0,17.1,3.8,3.38,2.19,1.17,5312,0.5251,35,46,53,65,76,81,84,91
Feriali,GRA,8,-13800012637773,Corso di Francia,3,50,60.99,636.86,667.355,697.85,15,59.7,64.4,65.0,16.0,3.68,3.38,1.21,1.13,4854,0.4798,36,48,54,65,75,80,84,90
Feriali,GRA,8,-13800012637773,Corso di Francia,3,50,60.99,636.86,667.355,697.85,16,57.3,61.8,62.0,15.5,3.83,3.54,1.24,1.18,5290,0.5229,34,46,52,62,72,77,80,86
Feriali,GRA,8,-13800012637773,Corso di Francia,3,50,60.99,636.86,667.355,697.85,17,56.0,60.3,60.0,15.2,3.92,3.66,1.21,1.21,5946,0.5878,35,45,51,60,70,75,79,85
Feriali,GRA,8,-13800012637773,Corso di Francia,3,50,60.99,636.86,667.355,697.85,18,51.9,55.8,56.0,13.8,4.23,3.92,1.32,1.3,6614,0.6538,32,42,47,56,65,70,73,78
Feriali,GRA,8,-13800012637773,Corso di Francia,3,50,60.99,636.86,667.355,697.85,19,52.7,56.6,56.0,14.2,4.17,3.92,1.32,1.28,6467,0.6393,33,43,47,56,65,71,74,79
Feriali,GRA,8,-13800012637773,Corso di Francia,3,50,60.99,636.86,667.355,697.85,20,57.2,61.2,61.0,15.1,3.84,3.6,1.11,1.18,4738,0.4684,36,46,51,61,71,76,81,87
Feriali,GRA,8,-13800012637773,Corso di Francia,3,50,60.99,636.86,667.355,697.85,21,64.5,69.0,69.0,17.0,3.4,3.18,0.98,1.05,2416,0.2388,43,51,58,69,79,86,90,97
Feriali,GRA,8,-13800012637773,Corso di Francia,3,50,60.99,636.86,667.355,697.85,22,64.1,68.6,68.0,16.8,3.43,3.23,0.99,1.05,2397,0.237,42,51,57,68,79,85,89,97
Feriali,GRA,8,-13800012637773,Corso di Francia,3,50,60.99,636.86,667.355,697.85,23,63.5,67.9,68.0,16.7,3.46,3.23,1.05,1.06,3036,0.3001,41,51,58,68,78,83,88,95
Feriali,GRA,9,-13800013612781,Corso di Francia,3,50,136.45,697.85,766.075,834.3,0,65.5,70.5,69.0,18.1,7.5,7.12,2.36,1.0,1445,0.1428,43,52,59,69,82,89,94,100
Feriali,GRA,9,-13800013612781,Corso di Francia,3,50,136.45,697.85,766.075,834.3,1,69.3,74.9,74.0,19.8,7.08,6.64,2.19,0.94,727,0.0719,44,55,62,74,88,97,101,108
Feriali,GRA,9,-13800013612781,Corso di Francia,3,50,136.45,697.85,766.075,834.3,2,67.7,74.8,74.0,19.9,7.25,6.64,3.43,0.97,398,0.0393,45,55,61,74,88,95,100,108
Feriali,GRA,9,-13800013612781,Corso di Francia,3,50,136.45,697.85,766.075,834.3,3,72.2,78.0,77.0,20.5,6.8,6.38,2.11,0.91,228,0.0225,45,57,64,77,91,98,105,110
Feriali,GRA,9,-13800013612781,Corso di Francia,3,50,136.45,697.85,766.075,834.3,4,71.0,76.4,74.0,18.8,6.92,6.64,2.25,0.92,157,0.0155,48,55,63,74,89,95,101,111
Feriali,GRA,9,-13800013612781,Corso di Francia,3,50,136.45,697.85,766.075,834.3,5,73.2,78.7,80.0,19.4,6.71,6.14,2.05,0.89,204,0.0202,46,59,65,80,92,98,101,111
Feriali,GRA,9,-13800013612781,Corso di Francia,3,50,136.45,697.85,766.075,834.3,6,68.4,72.8,72.0,17.4,7.18,6.82,1.96,0.96,679,0.0671,45,55,61,72,83,90,95,104
Feriali,GRA,9,-13800013612781,Corso di Francia,3,50,136.45,697.85,766.075,834.3,7,62.8,67.1,67.0,16.1,7.83,7.33,2.32,1.04,2304,0.2278,40,50,57,67,77,84,88,93
Feriali,GRA,9,-13800013612781,Corso di Francia,3,50,136.45,697.85,766.075,834.3,8,59.5,63.7,63.0,15.5,8.25,7.8,2.44,1.1,4716,0.4662,38,48,53,63,74,80,84,89
Feriali,GRA,9,-13800013612781,Corso di Francia,3,50,136.45,697.85,766.075,834.3,9,61.3,65.3,65.0,15.4,8.01,7.56,2.3,1.07,3478,0.3438,39,50,55,65,75,81,85,91
Feriali,GRA,9,-13800013612781,Corso di Francia,3,50,136.45,697.85,766.075,834.3,10,61.2,65.7,65.0,16.1,8.02,7.56,2.5,1.07,3422,0.3383,38,49,55,65,76,82,86,92
Feriali,GRA,9,-13800013612781,Corso di Francia,3,50,136.45,697.85,766.075,834.3,11,61.0,65.4,65.0,16.0,8.06,7.56,2.49,1.07,3669,0.3627,39,49,55,65,76,82,85,91
Feriali,GRA,9,-13800013612781,Corso di Francia,3,50,136.45,697.85,766.075,834.3,12,59.7,64.3,64.0,16.0,8.23,7.68,2.79,1.1,4144,0.4096,37,48,54,64,75,81,84,90
Feriali,GRA,9,-13800013612781,Corso di Francia,3,50,136.45,697.85,766.075,834.3,13,58.2,62.7,63.0,15.8,8.44,7.8,2.77,1.13,4740,0.4686,36,46,52,63,73,79,83,89
Feriali,GRA,9,-13800013612781,Corso di Francia,3,50,136.45,697.85,766.075,834.3,14,57.1,61.9,62.0,16.0,8.6,7.92,3.2,1.15,5291,0.523,36,45,51,62,72,78,83,89
Feriali,GRA,9,-13800013612781,Corso di Francia,3,50,136.45,697.85,766.075,834.3,15,57.5,61.9,62.0,15.7,8.54,7.92,2.65,1.14,4837,0.4782,36,45,52,62,72,78,82,88
Feriali,GRA,9,-13800013612781,Corso di Francia,3,50,136.45,697.85,766.075,834.3,16,54.8,58.9,58.0,15.0,8.97,8.47,2.74,1.2,5275,0.5215,34,44,49,58,68,74,78,84
Feriali,GRA,9,-13800013612781,Corso di Francia,3,50,136.45,697.85,766.075,834.3,17,53.7,57.5,57.0,14.3,9.14,8.62,2.65,1.22,5921,0.5853,35,43,48,57,67,72,76,82
Feriali,GRA,9,-13800013612781,Corso di Francia,3,50,136.45,697.85,766.075,834.3,18,49.8,53.4,53.0,13.3,9.86,9.27,2.9,1.31,6600,0.6524,32,40,45,53,62,66,70,76
Feriali,GRA,9,-13800013612781,Corso di Francia,3,50,136.45,697.85,766.075,834.3,19,50.4,54.0,53.0,13.6,9.74,9.27,2.78,1.3,6458,0.6384,33,40,45,53,63,67,71,77
Feriali,GRA,9,-13800013612781,Corso di Francia,3,50,136.45,697.85,766.075,834.3,20,55.0,58.8,58.0,14.8,8.94,8.47,2.51,1.19,4719,0.4665,36,43,48,58,68,74,78,85
Feriali,GRA,9,-13800013612781,Corso di Francia,3,50,136.45,697.85,766.075,834.3,21,62.8,67.2,66.0,17.0,7.82,7.44,2.19,1.04,2412,0.2384,42,50,55,66,78,85,90,96
Feriali,GRA,9,-13800013612781,Corso di Francia,3,50,136.45,697.85,766.075,834.3,22,62.0,66.5,65.0,17.1,7.93,7.56,2.28,1.06,2388,0.2361,41,49,55,65,77,83,89,97
Feriali,GRA,9,-13800013612781,Corso di Francia,3,50,136.45,697.85,766.075,834.3,23,61.4,65.7,65.0,16.5,8.0,7.56,2.37,1.07,3027,0.2992,41,49,55,65,75,82,87,95
Feriali,GRA,10,-13800013612779,Corso di Francia,3,50,12.18,834.3,840.39,846.4799999999999,0,66.7,72.0,71.0,18.2,0.66,0.62,0.24,1.0,1452,0.1435,43,53,60,71,84,91,96,102
Feriali,GRA,10,-13800013612779,Corso di Francia,3,50,12.18,834.3,840.39,846.4799999999999,1,71.7,76.8,77.0,19.0,0.61,0.57,0.18,0.93,730,0.0722,45,57,64,77,90,97,101,108
Feriali,GRA,10,-13800013612779,Corso di Francia,3,50,12.18,834.3,840.39,846.4799999999999,2,68.9,76.7,77.0,19.7,0.64,0.57,0.37,0.97,400,0.0395,45,56,64,77,90,95,101,106
Feriali,GRA,10,-13800013612779,Corso di Francia,3,50,12.18,834.3,840.39,846.4799999999999,3,73.7,79.4,80.0,20.1,0.59,0.55,0.19,0.9,227,0.0224,45,57,66,80,92,100,104,110
Feriali,GRA,10,-13800013612779,Corso di Francia,3,50,12.18,834.3,840.39,846.4799999999999,4,72.8,78.6,79.0,19.2,0.6,0.56,0.21,0.92,154,0.0152,46,58,65,79,92,97,102,109
Feriali,GRA,10,-13800013612779,Corso di Francia,3,50,12.18,834.3,840.39,846.4799999999999,5,74.4,79.5,80.0,18.7,0.59,0.55,0.17,0.9,207,0.0205,47,60,67,80,92,98,102,109
Feriali,GRA,10,-13800013612779,Corso di Francia,3,50,12.18,834.3,840.39,846.4799999999999,6,69.7,74.1,74.0,17.3,0.63,0.59,0.17,0.96,681,0.0673,46,57,63,74,84,92,97,104
Feriali,GRA,10,-13800013612779,Corso di Francia,3,50,12.18,834.3,840.39,846.4799999999999,7,63.9,68.5,69.0,16.5,0.69,0.64,0.21,1.04,2304,0.2278,40,51,58,69,80,86,89,95
Feriali,GRA,10,-13800013612779,Corso di Francia,3,50,12.18,834.3,840.39,846.4799999999999,8,60.2,64.7,65.0,15.9,0.73,0.67,0.23,1.11,4751,0.4697,38,49,54,65,76,81,85,91
Feriali,GRA,10,-13800013612779,Corso di Francia,3,50,12.18,834.3,840.39,846.4799999999999,9,61.8,66.2,66.0,15.9,0.71,0.66,0.21,1.08,3508,0.3468,39,50,56,66,77,83,87,92
Feriali,GRA,10,-13800013612779,Corso di Francia,3,50,12.18,834.3,840.39,846.4799999999999,10,61.7,66.5,67.0,16.4,0.71,0.65,0.24,1.08,3423,0.3384,38,50,56,67,78,83,87,93
Feriali,GRA,10,-13800013612779,Corso di Francia,3,50,12.18,834.3,840.39,846.4799999999999,11,61.6,66.2,66.0,16.2,0.71,0.66,0.22,1.08,3695,0.3653,39,49,55,66,77,83,86,92
Feriali,GRA,10,-13800013612779,Corso di Francia,3,50,12.18,834.3,840.39,846.4799999999999,12,59.8,64.8,65.0,16.3,0.73,0.67,0.27,1.11,4164,0.4116,37,48,54,65,76,81,85,91
Feriali,GRA,10,-13800013612779,Corso di Francia,3,50,12.18,834.3,840.39,846.4799999999999,13,58.5,63.3,63.0,16.0,0.75,0.7,0.27,1.14,4763,0.4708,36,47,53,63,74,80,84,89
Feriali,GRA,10,-13800013612779,Corso di Francia,3,50,12.18,834.3,840.39,846.4799999999999,14,58.4,63.4,63.0,16.2,0.75,0.7,0.3,1.14,5320,0.5259,36,46,52,63,74,80,84,90
Feriali,GRA,10,-13800013612779,Corso di Francia,3,50,12.18,834.3,840.39,846.4799999999999,15,58.3,63.0,63.0,16.0,0.75,0.7,0.24,1.14,4866,0.481,36,46,52,63,74,79,83,89
Feriali,GRA,10,-13800013612779,Corso di Francia,3,50,12.18,834.3,840.39,846.4799999999999,16,55.3,59.9,59.0,15.7,0.79,0.74,0.26,1.21,5292,0.5231,34,44,50,59,70,76,80,86
Feriali,GRA,10,-13800013612779,Corso di Francia,3,50,12.18,834.3,840.39,846.4799999999999,17,54.6,58.8,59.0,14.8,0.8,0.74,0.25,1.22,5949,0.5881,34,44,49,59,69,74,78,83
Feriali,GRA,10,-13800013612779,Corso di Francia,3,50,12.18,834.3,840.39,846.4799999999999,18,51.0,54.9,55.0,13.9,0.86,0.8,0.26,1.31,6627,0.6551,32,41,46,55,64,69,73,79
Feriali,GRA,10,-13800013612779,Corso di Francia,3,50,12.18,834.3,840.39,846.4799999999999,19,51.4,55.3,55.0,14.1,0.85,0.8,0.26,1.3,6505,0.643,32,41,46,55,64,70,74,80
Feriali,GRA,10,-13800013612779,Corso di Francia,3,50,12.18,834.3,840.39,846.4799999999999,20,56.0,60.3,60.0,15.4,0.78,0.73,0.25,1.19,4756,0.4701,36,44,49,60,70,77,80,86
Feriali,GRA,10,-13800013612779,Corso di Francia,3,50,12.18,834.3,840.39,846.4799999999999,21,64.3,68.7,68.0,16.8,0.68,0.64,0.2,1.04,2419,0.2391,43,51,57,68,79,86,90,97
Feriali,GRA,10,-13800013612779,Corso di Francia,3,50,12.18,834.3,840.39,846.4799999999999,22,63.2,68.0,67.0,17.2,0.69,0.65,0.22,1.06,2400,0.2372,41,50,56,67,79,85,90,97
Feriali,GRA,10,-13800013612779,Corso di Francia,3,50,12.18,834.3,840.39,846.4799999999999,23,61.1,66.8,66.0,16.7,0.72,0.66,0.81,1.09,3028,0.2993,41,50,55,66,78,84,88,95
Feriali,GRA,11,-13800013612780,Corso di Francia,3,50,28.34,846.4799999999999,860.6499999999999,874.8199999999999,0,66.5,71.7,71.0,18.0,1.54,1.44,0.55,1.0,1452,0.1435,43,53,60,71,84,91,95,101
Feriali,GRA,11,-13800013612780,Corso di Francia,3,50,28.34,846.4799999999999,860.6499999999999,874.8199999999999,1,71.4,76.5,77.0,18.9,1.43,1.32,0.42,0.93,731,0.0723,45,57,63,77,89,96,100,108
Feriali,GRA,11,-13800013612780,Corso di Francia,3,50,28.34,846.4799999999999,860.6499999999999,874.8199999999999,2,68.8,76.5,76.0,19.6,1.48,1.34,0.85,0.97,401,0.0396,45,56,64,76,90,95,101,106
Feriali,GRA,11,-13800013612780,Corso di Francia,3,50,28.34,846.4799999999999,860.6499999999999,874.8199999999999,3,73.4,79.0,80.0,19.6,1.39,1.28,0.43,0.9,227,0.0224,45,57,66,80,91,100,104,109
Feriali,GRA,11,-13800013612780,Corso di Francia,3,50,28.34,846.4799999999999,860.6499999999999,874.8199999999999,4,72.6,78.3,79.0,18.9,1.4,1.29,0.48,0.91,154,0.0152,46,58,65,79,91,97,102,108
Feriali,GRA,11,-13800013612780,Corso di Francia,3,50,28.34,846.4799999999999,860.6499999999999,874.8199999999999,5,74.2,79.2,80.0,18.6,1.38,1.28,0.4,0.9,207,0.0205,47,60,67,80,91,97,101,109
Feriali,GRA,11,-13800013612780,Corso di Francia,3,50,28.34,846.4799999999999,860.6499999999999,874.8199999999999,6,69.5,73.8,73.0,17.2,1.47,1.4,0.4,0.96,682,0.0674,45,57,63,73,84,92,96,104
Feriali,GRA,11,-13800013612780,Corso di Francia,3,50,28.34,846.4799999999999,860.6499999999999,874.8199999999999,7,63.6,68.2,69.0,16.4,1.6,1.48,0.49,1.04,2302,0.2276,40,51,57,69,79,85,89,94
Feriali,GRA,11,-13800013612780,Corso di Francia,3,50,28.34,846.4799999999999,860.6499999999999,874.8199999999999,8,60.0,64.4,65.0,15.8,1.7,1.57,0.54,1.11,4750,0.4696,38,48,54,65,75,81,85,91
Feriali,GRA,11,-13800013612780,Corso di Francia,3,50,28.34,846.4799999999999,860.6499999999999,874.8199999999999,9,61.6,65.9,66.0,15.8,1.66,1.55,0.5,1.08,3510,0.347,39,49,55,66,77,82,86,92
Feriali,GRA,11,-13800013612780,Corso di Francia,3,50,28.34,846.4799999999999,860.6499999999999,874.8199999999999,10,61.4,66.2,66.0,16.3,1.66,1.55,0.57,1.08,3423,0.3384,38,49,55,66,77,83,87,92
Feriali,GRA,11,-13800013612780,Corso di Francia,3,50,28.34,846.4799999999999,860.6499999999999,874.8199999999999,11,61.4,65.9,66.0,16.1,1.66,1.55,0.52,1.08,3695,0.3653,39,49,55,66,77,82,86,91
Feriali,GRA,11,-13800013612780,Corso di Francia,3,50,28.34,846.4799999999999,860.6499999999999,874.8199999999999,12,59.5,64.4,65.0,16.1,1.71,1.57,0.63,1.12,4168,0.412,37,48,54,65,75,81,84,90
Feriali,GRA,11,-13800013612780,Corso di Francia,3,50,28.34,846.4799999999999,860.6499999999999,874.8199999999999,13,58.3,63.1,63.0,15.8,1.75,1.62,0.62,1.14,4767,0.4712,36,46,53,63,74,80,83,89
Feriali,GRA,11,-13800013612780,Corso di Francia,3,50,28.34,846.4799999999999,860.6499999999999,874.8199999999999,14,58.3,63.1,63.0,16.1,1.75,1.62,0.63,1.14,5319,0.5258,36,46,52,63,74,80,84,89
Feriali,GRA,11,-13800013612780,Corso di Francia,3,50,28.34,846.4799999999999,860.6499999999999,874.8199999999999,15,58.1,62.7,63.0,15.9,1.76,1.62,0.58,1.14,4868,0.4812,36,46,52,63,73,79,83,89
Feriali,GRA,11,-13800013612780,Corso di Francia,3,50,28.34,846.4799999999999,860.6499999999999,874.8199999999999,16,55.1,59.7,59.0,15.6,1.85,1.73,0.64,1.21,5292,0.5231,34,44,49,59,70,76,79,85
Feriali,GRA,11,-13800013612780,Corso di Francia,3,50,28.34,846.4799999999999,860.6499999999999,874.8199999999999,17,54.4,58.6,58.0,14.7,1.87,1.76,0.58,1.22,5951,0.5883,34,44,49,58,68,74,78,83
Feriali,GRA,11,-13800013612780,Corso di Francia,3,50,28.34,846.4799999999999,860.6499999999999,874.8199999999999,18,50.8,54.6,54.0,13.8,2.01,1.89,0.61,1.31,6626,0.655,32,41,45,54,64,69,72,78
Feriali,GRA,11,-13800013612780,Corso di Francia,3,50,28.34,846.4799999999999,860.6499999999999,874.8199999999999,19,50.9,55.1,54.0,14.1,2.0,1.89,1.06,1.31,6510,0.6435,32,41,45,54,64,70,74,79
Feriali,GRA,11,-13800013612780,Corso di Francia,3,50,28.34,846.4799999999999,860.6499999999999,874.8199999999999,20,55.8,60.0,59.0,15.3,1.83,1.73,0.57,1.19,4755,0.47,36,44,49,59,70,76,80,86
Feriali,GRA,11,-13800013612780,Corso di Francia,3,50,28.34,846.4799999999999,860.6499999999999,874.8199999999999,21,64.1,68.4,68.0,16.6,1.59,1.5,0.45,1.04,2418,0.239,43,51,57,68,79,86,89,96
Feriali,GRA,11,-13800013612780,Corso di Francia,3,50,28.34,846.4799999999999,860.6499999999999,874.8199999999999,22,62.9,67.6,67.0,17.0,1.62,1.52,0.5,1.06,2399,0.2371,41,50,56,67,79,85,89,96
Feriali,GRA,11,-13800013612780,Corso di Francia,3,50,28.34,846.4799999999999,860.6499999999999,874.8199999999999,23,62.2,66.6,66.0,16.4,1.64,1.55,0.5,1.07,3028,0.2993,41,50,55,66,77,83,88,94
Feriali,GRA,12,-13800006897928,Corso di Francia,3,50,21.15,874.8199999999999,885.395,895.9699999999999,0,66.0,71.2,71.0,17.9,1.15,1.07,0.4,1.0,1450,0.1433,42,53,60,71,83,90,95,100
Feriali,GRA,12,-13800006897928,Corso di Francia,3,50,21.15,874.8199999999999,885.395,895.9699999999999,1,70.8,76.0,77.0,18.9,1.07,0.99,0.32,0.93,731,0.0723,45,57,63,77,89,96,100,107
Feriali,GRA,12,-13800006897928,Corso di Francia,3,50,21.15,874.8199999999999,885.395,895.9699999999999,2,68.6,76.3,76.0,19.5,1.11,1.0,0.64,0.96,399,0.0394,45,56,64,76,90,95,101,106
Feriali,GRA,12,-13800006897928,Corso di Francia,3,50,21.15,874.8199999999999,885.395,895.9699999999999,3,73.4,79.0,80.0,19.6,1.04,0.95,0.32,0.9,224,0.0221,45,58,66,80,90,100,104,108
Feriali,GRA,12,-13800006897928,Corso di Francia,3,50,21.15,874.8199999999999,885.395,895.9699999999999,4,72.0,77.6,79.0,19.0,1.06,0.96,0.36,0.92,156,0.0154,46,57,64,79,90,97,102,108
Feriali,GRA,12,-13800006897928,Corso di Francia,3,50,21.15,874.8199999999999,885.395,895.9699999999999,5,73.6,78.6,79.0,18.5,1.04,0.96,0.3,0.9,207,0.0205,48,59,66,79,90,97,101,109
Feriali,GRA,12,-13800006897928,Corso di Francia,3,50,21.15,874.8199999999999,885.395,895.9699999999999,6,68.7,73.3,73.0,17.5,1.11,1.04,0.32,0.96,679,0.0671,45,56,62,73,84,91,96,103
Feriali,GRA,12,-13800006897928,Corso di Francia,3,50,21.15,874.8199999999999,885.395,895.9699999999999,7,62.8,67.5,68.0,16.5,1.21,1.12,0.39,1.05,2298,0.2272,39,50,57,68,79,84,89,94
Feriali,GRA,12,-13800006897928,Corso di Francia,3,50,21.15,874.8199999999999,885.395,895.9699999999999,8,59.1,63.8,64.0,15.9,1.29,1.19,0.47,1.12,4757,0.4702,37,47,53,64,75,80,84,90
Feriali,GRA,12,-13800006897928,Corso di Francia,3,50,21.15,874.8199999999999,885.395,895.9699999999999,9,60.8,65.2,66.0,15.9,1.25,1.15,0.39,1.09,3509,0.3469,38,49,54,66,76,82,86,91
Feriali,GRA,12,-13800006897928,Corso di Francia,3,50,21.15,874.8199999999999,885.395,895.9699999999999,10,60.4,65.4,66.0,16.6,1.26,1.15,0.45,1.09,3421,0.3382,37,48,54,66,77,82,86,92
Feriali,GRA,12,-13800006897928,Corso di Francia,3,50,21.15,874.8199999999999,885.395,895.9699999999999,11,60.6,65.2,65.0,16.1,1.26,1.17,0.4,1.09,3696,0.3654,38,49,54,65,76,82,85,91
Feriali,GRA,12,-13800006897928,Corso di Francia,3,50,21.15,874.8199999999999,885.395,895.9699999999999,12,58.8,63.7,64.0,16.0,1.3,1.19,0.48,1.12,4166,0.4118,37,47,53,64,75,80,84,89
Feriali,GRA,12,-13800006897928,Corso di Francia,3,50,21.15,874.8199999999999,885.395,895.9699999999999,13,57.1,62.3,62.0,15.9,1.33,1.23,0.77,1.16,4770,0.4715,35,45,52,62,73,79,82,88
Feriali,GRA,12,-13800006897928,Corso di Francia,3,50,21.15,874.8199999999999,885.395,895.9699999999999,14,57.8,62.6,63.0,16.0,1.32,1.21,0.45,1.14,5311,0.525,36,45,52,63,73,79,83,89
Feriali,GRA,12,-13800006897928,Corso di Francia,3,50,21.15,874.8199999999999,885.395,895.9699999999999,15,57.3,62.0,62.0,15.9,1.33,1.23,0.44,1.15,4868,0.4812,36,45,51,62,73,78,82,88
Feriali,GRA,12,-13800006897928,Corso di Francia,3,50,21.15,874.8199999999999,885.395,895.9699999999999,16,54.3,59.0,59.0,15.5,1.4,1.29,0.49,1.21,5292,0.5231,33,43,49,59,70,75,79,84
Feriali,GRA,12,-13800006897928,Corso di Francia,3,50,21.15,874.8199999999999,885.395,895.9699999999999,17,53.6,57.8,58.0,14.8,1.42,1.31,0.46,1.23,5953,0.5885,33,42,48,58,68,73,77,83
Feriali,GRA,12,-13800006897928,Corso di Francia,3,50,21.15,874.8199999999999,885.395,895.9699999999999,18,49.9,53.9,54.0,13.9,1.53,1.41,0.47,1.32,6624,0.6548,31,40,44,54,63,68,72,77
Feriali,GRA,12,-13800006897928,Corso di Francia,3,50,21.15,874.8199999999999,885.395,895.9699999999999,19,50.1,54.1,54.0,14.2,1.52,1.41,0.47,1.32,6510,0.6435,31,39,44,54,63,69,73,78
Feriali,GRA,12,-13800006897928,Corso di Francia,3,50,21.15,874.8199999999999,885.395,895.9699999999999,20,54.8,59.3,59.0,15.5,1.39,1.29,0.47,1.2,4760,0.4705,35,43,48,59,70,75,79,85
Feriali,GRA,12,-13800006897928,Corso di Francia,3,50,21.15,874.8199999999999,885.395,895.9699999999999,21,63.1,67.8,68.0,16.7,1.21,1.12,0.44,1.05,2420,0.2392,42,50,56,68,78,85,89,95
Feriali,GRA,12,-13800006897928,Corso di Francia,3,50,21.15,874.8199999999999,885.395,895.9699999999999,22,62.1,67.0,67.0,17.1,1.23,1.14,0.39,1.06,2396,0.2369,40,49,55,67,78,84,89,95
Feriali,GRA,12,-13800006897928,Corso di Francia,3,50,21.15,874.8199999999999,885.395,895.9699999999999,23,61.3,66.0,66.0,16.5,1.24,1.15,0.46,1.08,3028,0.2993,41,49,54,66,77,83,87,94
Feriali,GRA,13,-13800007065599,Corso di Francia,3,50,4.71,895.9699999999999,898.3249999999999,900.68,0,65.5,71.0,70.0,18.1,0.26,0.24,0.1,1.0,1454,0.1437,42,53,59,70,83,90,95,100
Feriali,GRA,13,-13800007065599,Corso di Francia,3,50,4.71,895.9699999999999,898.3249999999999,900.68,1,70.6,76.0,77.0,19.2,0.24,0.22,0.07,0.93,733,0.0725,44,57,63,77,89,96,100,107
Feriali,GRA,13,-13800007065599,Corso di Francia,3,50,4.71,895.9699999999999,898.3249999999999,900.68,2,68.5,76.3,76.0,19.7,0.25,0.22,0.14,0.96,399,0.0394,45,56,64,76,90,95,101,107
Feriali,GRA,13,-13800007065599,Corso di Francia,3,50,4.71,895.9699999999999,898.3249999999999,900.68,3,73.5,79.1,80.0,19.8,0.23,0.21,0.07,0.89,223,0.022,45,57,67,80,91,100,104,109
Feriali,GRA,13,-13800007065599,Corso di Francia,3,50,4.71,895.9699999999999,898.3249999999999,900.68,4,71.9,77.4,79.0,18.7,0.24,0.21,0.08,0.91,157,0.0155,46,57,64,79,91,96,102,108
Feriali,GRA,13,-13800007065599,Corso di Francia,3,50,4.71,895.9699999999999,898.3249999999999,900.68,5,73.6,78.5,80.0,18.4,0.23,0.21,0.07,0.89,207,0.0205,49,59,67,80,90,97,101,107
Feriali,GRA,13,-13800007065599,Corso di Francia,3,50,4.71,895.9699999999999,898.3249999999999,900.68,6,68.4,73.3,73.0,17.7,0.25,0.23,0.08,0.96,680,0.0672,44,55,62,73,84,91,97,103
Feriali,GRA,13,-13800007065599,Corso di Francia,3,50,4.71,895.9699999999999,898.3249999999999,900.68,7,62.7,67.6,68.0,16.7,0.27,0.25,0.09,1.04,2295,0.2269,39,49,57,68,79,84,89,94
Feriali,GRA,13,-13800007065599,Corso di Francia,3,50,4.71,895.9699999999999,898.3249999999999,900.68,8,58.8,63.7,64.0,16.1,0.29,0.26,0.11,1.11,4771,0.4716,37,47,53,64,75,80,84,90
Feriali,GRA,13,-13800007065599,Corso di Francia,3,50,4.71,895.9699999999999,898.3249999999999,900.68,9,60.4,65.1,65.0,16.1,0.28,0.26,0.09,1.08,3509,0.3469,38,48,54,65,76,82,86,92
Feriali,GRA,13,-13800007065599,Corso di Francia,3,50,4.71,895.9699999999999,898.3249999999999,900.68,10,59.9,65.3,66.0,16.8,0.28,0.26,0.11,1.09,3426,0.3387,37,48,54,66,77,82,86,92
Feriali,GRA,13,-13800007065599,Corso di Francia,3,50,4.71,895.9699999999999,898.3249999999999,900.68,11,60.0,65.0,65.0,16.3,0.28,0.26,0.12,1.09,3701,0.3659,38,48,54,65,76,82,85,91
Feriali,GRA,13,-13800007065599,Corso di Francia,3,50,4.71,895.9699999999999,898.3249999999999,900.68,12,58.2,63.4,64.0,16.2,0.29,0.26,0.11,1.12,4169,0.4121,36,46,52,64,74,80,84,89
Feriali,GRA,13,-13800007065599,Corso di Francia,3,50,4.71,895.9699999999999,898.3249999999999,900.68,13,56.4,62.0,62.0,16.1,0.3,0.27,0.21,1.16,4776,0.4721,35,45,51,62,73,79,82,88
Feriali,GRA,13,-13800007065599,Corso di Francia,3,50,4.71,895.9699999999999,898.3249999999999,900.68,14,57.2,62.4,63.0,16.2,0.3,0.27,0.12,1.14,5315,0.5254,35,45,52,63,73,79,83,89
Feriali,GRA,13,-13800007065599,Corso di Francia,3,50,4.71,895.9699999999999,898.3249999999999,900.68,15,56.7,61.9,62.0,16.1,0.3,0.27,0.12,1.15,4876,0.482,35,45,51,62,72,79,82,88
Feriali,GRA,13,-13800007065599,Corso di Francia,3,50,4.71,895.9699999999999,898.3249999999999,900.68,16,53.7,58.8,59.0,15.7,0.32,0.29,0.12,1.22,5298,0.5237,33,42,48,59,69,75,79,84
Feriali,GRA,13,-13800007065599,Corso di Francia,3,50,4.71,895.9699999999999,898.3249999999999,900.68,17,53.1,57.6,57.0,15.0,0.32,0.3,0.11,1.23,5961,0.5893,33,42,47,57,68,73,77,83
Feriali,GRA,13,-13800007065599,Corso di Francia,3,50,4.71,895.9699999999999,898.3249999999999,900.68,18,49.3,53.5,53.0,14.1,0.34,0.32,0.12,1.33,6632,0.6556,31,39,44,53,63,68,72,77
Feriali,GRA,13,-13800007065599,Corso di Francia,3,50,4.71,895.9699999999999,898.3249999999999,900.68,19,49.4,53.8,53.0,14.5,0.34,0.32,0.13,1.33,6515,0.644,31,39,44,53,63,69,73,79
Feriali,GRA,13,-13800007065599,Corso di Francia,3,50,4.71,895.9699999999999,898.3249999999999,900.68,20,54.4,59.1,58.0,15.7,0.31,0.29,0.11,1.2,4768,0.4713,34,43,48,58,69,75,79,85
Feriali,GRA,13,-13800007065599,Corso di Francia,3,50,4.71,895.9699999999999,898.3249999999999,900.68,21,62.5,67.5,67.0,17.0,0.27,0.25,0.11,1.05,2424,0.2396,41,50,56,67,79,85,89,95
Feriali,GRA,13,-13800007065599,Corso di Francia,3,50,4.71,895.9699999999999,898.3249999999999,900.68,22,61.6,66.8,67.0,17.3,0.28,0.25,0.1,1.06,2398,0.2371,40,49,55,67,78,84,89,95
Feriali,GRA,13,-13800007065599,Corso di Francia,3,50,4.71,895.9699999999999,898.3249999999999,900.68,23,60.6,65.8,65.0,16.7,0.28,0.26,0.17,1.08,3026,0.2991,40,49,54,65,77,83,87,94
Feriali,GRA,14,-13800007467711,Corso di Francia,3,50,28.83,900.68,915.0949999999999,929.51,0,65.0,70.7,70.0,18.1,1.6,1.48,0.69,1.0,1451,0.1434,42,52,59,70,82,90,94,100
Feriali,GRA,14,-13800007467711,Corso di Francia,3,50,28.83,900.68,915.0949999999999,929.51,1,69.8,75.5,77.0,19.1,1.49,1.35,0.53,0.93,731,0.0723,44,56,63,77,89,96,100,106
Feriali,GRA,14,-13800007467711,Corso di Francia,3,50,28.83,900.68,915.0949999999999,929.51,2,68.1,75.9,76.0,19.7,1.52,1.37,0.87,0.95,398,0.0393,45,55,63,76,89,95,101,106
Feriali,GRA,14,-13800007467711,Corso di Francia,3,50,28.83,900.68,915.0949999999999,929.51,3,73.1,78.8,81.0,19.8,1.42,1.28,0.45,0.89,220,0.0217,44,56,66,81,91,100,104,108
Feriali,GRA,14,-13800007467711,Corso di Francia,3,50,28.83,900.68,915.0949999999999,929.51,4,70.9,76.6,78.0,19.0,1.46,1.33,0.5,0.92,157,0.0155,45,55,63,78,90,96,102,108
Feriali,GRA,14,-13800007467711,Corso di Francia,3,50,28.83,900.68,915.0949999999999,929.51,5,73.3,78.3,80.0,18.4,1.42,1.3,0.41,0.89,205,0.0203,47,58,67,80,90,98,101,107
Feriali,GRA,14,-13800007467711,Corso di Francia,3,50,28.83,900.68,915.0949999999999,929.51,6,68.0,72.8,73.0,17.8,1.53,1.42,0.45,0.96,681,0.0673,44,55,61,73,84,91,97,103
Feriali,GRA,14,-13800007467711,Corso di Francia,3,50,28.83,900.68,915.0949999999999,929.51,7,62.5,67.3,68.0,16.6,1.66,1.53,0.53,1.04,2293,0.2267,39,49,56,68,79,84,88,93
Feriali,GRA,14,-13800007467711,Corso di Francia,3,50,28.83,900.68,915.0949999999999,929.51,8,58.6,63.3,63.0,16.0,1.77,1.65,0.67,1.11,4756,0.4701,37,46,52,63,74,80,83,90
Feriali,GRA,14,-13800007467711,Corso di Francia,3,50,28.83,900.68,915.0949999999999,929.51,9,60.2,64.8,65.0,16.1,1.72,1.6,0.54,1.08,3502,0.3462,38,48,54,65,76,82,85,91
Feriali,GRA,14,-13800007467711,Corso di Francia,3,50,28.83,900.68,915.0949999999999,929.51,10,58.8,64.8,65.0,16.8,1.77,1.6,1.58,1.11,3420,0.3381,37,47,53,65,77,82,86,92
Feriali,GRA,14,-13800007467711,Corso di Francia,3,50,28.83,900.68,915.0949999999999,929.51,11,59.2,64.5,65.0,16.2,1.75,1.6,1.11,1.1,3700,0.3658,38,47,53,65,76,81,85,90
Feriali,GRA,14,-13800007467711,Corso di Francia,3,50,28.83,900.68,915.0949999999999,929.51,12,57.6,62.7,63.0,16.2,1.8,1.65,0.69,1.13,4163,0.4115,36,45,51,63,74,80,83,88
Feriali,GRA,14,-13800007467711,Corso di Francia,3,50,28.83,900.68,915.0949999999999,929.51,13,56.1,61.3,61.0,16.2,1.85,1.7,0.8,1.16,4758,0.4703,34,44,50,61,73,78,82,87
Feriali,GRA,14,-13800007467711,Corso di Francia,3,50,28.83,900.68,915.0949999999999,929.51,14,56.4,61.7,62.0,16.3,1.84,1.67,0.75,1.15,5305,0.5244,35,44,50,62,73,79,83,89
Feriali,GRA,14,-13800007467711,Corso di Francia,3,50,28.83,900.68,915.0949999999999,929.51,15,56.4,61.4,61.0,16.1,1.84,1.7,0.74,1.15,4867,0.4811,35,44,50,61,72,78,82,88
Feriali,GRA,14,-13800007467711,Corso di Francia,3,50,28.83,900.68,915.0949999999999,929.51,16,53.4,58.2,58.0,15.7,1.94,1.79,0.68,1.22,5286,0.5225,33,42,47,58,69,75,78,84
Feriali,GRA,14,-13800007467711,Corso di Francia,3,50,28.83,900.68,915.0949999999999,929.51,17,52.6,56.9,56.0,15.0,1.97,1.85,0.64,1.24,5949,0.5881,33,41,46,56,67,73,76,82
Feriali,GRA,14,-13800007467711,Corso di Francia,3,50,28.83,900.68,915.0949999999999,929.51,18,48.6,52.7,52.0,14.0,2.13,2.0,0.72,1.34,6611,0.6535,31,38,43,52,62,67,71,77
Feriali,GRA,14,-13800007467711,Corso di Francia,3,50,28.83,900.68,915.0949999999999,929.51,19,48.7,52.9,52.0,14.3,2.13,2.0,0.77,1.33,6499,0.6424,31,38,43,52,62,68,72,78
Feriali,GRA,14,-13800007467711,Corso di Francia,3,50,28.83,900.68,915.0949999999999,929.51,20,53.8,58.4,58.0,15.7,1.93,1.79,0.67,1.21,4755,0.47,35,42,47,58,69,75,79,85
Feriali,GRA,14,-13800007467711,Corso di Francia,3,50,28.83,900.68,915.0949999999999,929.51,21,62.2,67.1,67.0,16.9,1.67,1.55,0.61,1.04,2422,0.2394,41,49,55,67,78,85,89,95
Feriali,GRA,14,-13800007467711,Corso di Francia,3,50,28.83,900.68,915.0949999999999,929.51,22,60.1,66.3,66.0,17.4,1.73,1.57,1.29,1.08,2395,0.2368,39,47,54,66,78,84,89,95
Feriali,GRA,14,-13800007467711,Corso di Francia,3,50,28.83,900.68,915.0949999999999,929.51,23,60.8,65.4,65.0,16.7,1.71,1.6,0.53,1.07,3022,0.2987,40,47,53,65,76,83,87,93
Feriali,GRA,15,-13800007305421,Corso di Francia,3,50,40.13,929.51,949.575,969.64,0,55.4,64.4,65.0,21.4,2.61,2.22,1.42,1.0,1706,0.1686,29,39,50,65,79,87,92,99
Feriali,GRA,15,-13800007305421,Corso di Francia,3,50,40.13,929.51,949.575,969.64,1,60.1,69.1,69.0,22.6,2.4,2.09,1.06,0.92,846,0.0836,31,42,54,69,85,94,98,105
Feriali,GRA,15,-13800007305421,Corso di Francia,3,50,40.13,929.51,949.575,969.64,2,62.4,71.8,72.0,21.8,2.31,2.01,1.32,0.89,433,0.0428,32,48,57,72,87,94,99,106
Feriali,GRA,15,-13800007305421,Corso di Francia,3,50,40.13,929.51,949.575,969.64,3,67.6,75.3,77.0,21.9,2.14,1.88,0.82,0.82,237,0.0234,36,48,63,77,90,99,103,108
Feriali,GRA,15,-13800007305421,Corso di Francia,3,50,40.13,929.51,949.575,969.64,4,60.2,69.4,71.0,23.1,2.4,2.03,1.05,0.92,187,0.0185,32,41,51,71,87,94,101,104
Feriali,GRA,15,-13800007305421,Corso di Francia,3,50,40.13,929.51,949.575,969.64,5,62.9,72.3,76.0,22.9,2.3,1.9,1.04,0.88,232,0.0229,31,45,58,76,88,95,100,103
Feriali,GRA,15,-13800007305421,Corso di Francia,3,50,40.13,929.51,949.575,969.64,6,58.7,67.0,68.0,21.1,2.46,2.12,1.15,0.94,782,0.0773,31,43,53,68,80,88,94,101
Feriali,GRA,15,-13800007305421,Corso di Francia,3,50,40.13,929.51,949.575,969.64,7,53.2,61.3,62.0,19.8,2.72,2.33,1.29,1.04,2680,0.2649,28,37,47,62,75,82,86,92
Feriali,GRA,15,-13800007305421,Corso di Francia,3,50,40.13,929.51,949.575,969.64,8,50.7,57.9,59.0,18.4,2.85,2.45,1.32,1.09,5538,0.5474,27,36,45,59,71,77,81,87
Feriali,GRA,15,-13800007305421,Corso di Francia,3,50,40.13,929.51,949.575,969.64,9,52.1,59.2,60.0,18.7,2.77,2.41,1.2,1.06,4073,0.4026,28,36,46,60,73,78,83,90
Feriali,GRA,15,-13800007305421,Corso di Francia,3,50,40.13,929.51,949.575,969.64,10,52.3,59.8,61.0,18.9,2.76,2.37,1.29,1.06,3894,0.3849,28,37,46,61,74,79,83,89
Feriali,GRA,15,-13800007305421,Corso di Francia,3,50,40.13,929.51,949.575,969.64,11,51.5,58.9,60.0,18.6,2.8,2.41,1.28,1.08,4298,0.4249,28,37,46,60,72,78,82,88
Feriali,GRA,15,-13800007305421,Corso di Francia,3,50,40.13,929.51,949.575,969.64,12,47.8,56.2,57.0,19.1,3.02,2.53,1.68,1.16,5011,0.4954,25,33,42,57,70,76,80,86
Feriali,GRA,15,-13800007305421,Corso di Francia,3,50,40.13,929.51,949.575,969.64,13,46.6,55.2,56.0,18.8,3.1,2.58,1.85,1.19,5671,0.5606,25,33,41,56,69,75,79,85
Feriali,GRA,15,-13800007305421,Corso di Francia,3,50,40.13,929.51,949.575,969.64,14,47.4,56.0,57.0,18.8,3.05,2.53,1.88,1.17,6222,0.6151,25,34,43,57,69,75,79,86
Feriali,GRA,15,-13800007305421,Corso di Francia,3,50,40.13,929.51,949.575,969.64,15,48.9,56.2,57.0,18.2,2.96,2.53,1.45,1.13,5637,0.5572,27,35,43,57,69,75,79,85
Feriali,GRA,15,-13800007305421,Corso di Francia,3,50,40.13,929.51,949.575,969.64,16,45.5,52.7,54.0,17.7,3.18,2.68,1.6,1.22,6190,0.6119,25,32,40,54,65,71,75,81
Feriali,GRA,15,-13800007305421,Corso di Francia,3,50,40.13,929.51,949.575,969.64,17,45.5,52.0,53.0,16.5,3.18,2.73,1.51,1.22,6924,0.6845,25,32,40,53,63,69,73,78
Feriali,GRA,15,-13800007305421,Corso di Francia,3,50,40.13,929.51,949.575,969.64,18,42.7,48.4,49.0,15.1,3.38,2.95,1.53,1.3,7629,0.7542,24,31,38,49,58,64,67,73
Feriali,GRA,15,-13800007305421,Corso di Francia,3,50,40.13,929.51,949.575,969.64,19,42.9,48.7,49.0,15.2,3.37,2.95,1.53,1.29,7506,0.742,24,31,38,49,59,64,68,73
Feriali,GRA,15,-13800007305421,Corso di Francia,3,50,40.13,929.51,949.575,969.64,20,47.0,53.6,54.0,17.2,3.07,2.68,1.39,1.18,5554,0.549,26,34,42,54,65,71,75,82
Feriali,GRA,15,-13800007305421,Corso di Francia,3,50,40.13,929.51,949.575,969.64,21,52.9,60.9,62.0,20.0,2.73,2.33,1.32,1.05,2858,0.2825,28,38,47,62,75,81,86,94
Feriali,GRA,15,-13800007305421,Corso di Francia,3,50,40.13,929.51,949.575,969.64,22,51.9,60.1,61.0,20.1,2.78,2.37,1.34,1.07,2811,0.2779,27,37,46,61,74,81,86,93
Feriali,GRA,15,-13800007305421,Corso di Francia,3,50,40.13,929.51,949.575,969.64,23,50.8,59.1,60.0,19.8,2.84,2.41,1.52,1.09,3589,0.3548,27,36,45,60,72,79,84,91
Feriali,GRA,16,-13800007305422,Corso di Francia,3,50,23.32,969.64,981.3,992.96,0,58.7,65.4,65.0,19.3,1.43,1.29,0.73,1.0,1710,0.169,36,44,51,65,78,85,90,98
Feriali,GRA,16,-13800007305422,Corso di Francia,3,50,23.32,969.64,981.3,992.96,1,63.2,69.8,68.0,20.6,1.33,1.23,0.46,0.93,847,0.0837,37,46,55,68,84,93,97,103
Feriali,GRA,16,-13800007305422,Corso di Francia,3,50,23.32,969.64,981.3,992.96,2,63.6,71.8,72.0,20.7,1.32,1.17,0.72,0.92,432,0.0427,38,51,58,72,85,93,98,106
Feriali,GRA,16,-13800007305422,Corso di Francia,3,50,23.32,969.64,981.3,992.96,3,68.6,75.2,76.0,21.0,1.22,1.1,0.42,0.85,239,0.0236,39,51,60,76,88,98,101,109
Feriali,GRA,16,-13800007305422,Corso di Francia,3,50,23.32,969.64,981.3,992.96,4,63.2,70.2,69.0,21.0,1.33,1.22,0.49,0.93,187,0.0185,39,47,54,69,86,93,98,104
Feriali,GRA,16,-13800007305422,Corso di Francia,3,50,23.32,969.64,981.3,992.96,5,66.2,73.0,75.0,20.8,1.27,1.12,0.44,0.89,234,0.0231,37,48,58,75,87,93,99,104
Feriali,GRA,16,-13800007305422,Corso di Francia,3,50,23.32,969.64,981.3,992.96,6,61.6,67.6,68.0,19.3,1.36,1.23,0.46,0.95,782,0.0773,37,45,54,68,80,86,92,101
Feriali,GRA,16,-13800007305422,Corso di Francia,3,50,23.32,969.64,981.3,992.96,7,56.0,62.4,63.0,17.6,1.5,1.33,0.82,1.05,2684,0.2653,35,42,49,63,74,81,85,90
Feriali,GRA,16,-13800007305422,Corso di Francia,3,50,23.32,969.64,981.3,992.96,8,54.1,59.2,60.0,16.3,1.55,1.4,0.55,1.08,5557,0.5493,33,41,47,60,71,76,80,85
Feriali,GRA,16,-13800007305422,Corso di Francia,3,50,23.32,969.64,981.3,992.96,9,55.3,60.5,61.0,16.4,1.52,1.38,0.6,1.06,4085,0.4038,35,42,48,61,72,77,81,87
Feriali,GRA,16,-13800007305422,Corso di Francia,3,50,23.32,969.64,981.3,992.96,10,55.3,60.9,61.0,16.9,1.52,1.38,0.65,1.06,3905,0.386,34,41,49,61,73,78,82,88
Feriali,GRA,16,-13800007305422,Corso di Francia,3,50,23.32,969.64,981.3,992.96,11,54.5,60.1,61.0,16.5,1.54,1.38,0.76,1.08,4305,0.4256,34,41,48,61,72,77,81,86
Feriali,GRA,16,-13800007305422,Corso di Francia,3,50,23.32,969.64,981.3,992.96,12,51.5,57.9,58.0,16.8,1.63,1.45,0.98,1.14,5034,0.4976,32,39,45,58,70,75,79,84
Feriali,GRA,16,-13800007305422,Corso di Francia,3,50,23.32,969.64,981.3,992.96,13,50.8,56.9,57.0,16.5,1.65,1.47,0.85,1.15,5689,0.5624,32,38,44,57,68,74,78,83
Feriali,GRA,16,-13800007305422,Corso di Francia,3,50,23.32,969.64,981.3,992.96,14,50.5,57.4,58.0,16.7,1.66,1.45,1.19,1.16,6248,0.6176,32,39,45,58,69,75,78,84
Feriali,GRA,16,-13800007305422,Corso di Francia,3,50,23.32,969.64,981.3,992.96,15,52.4,57.7,58.0,16.2,1.6,1.45,0.65,1.12,5657,0.5592,32,40,46,58,69,74,78,83
Feriali,GRA,16,-13800007305422,Corso di Francia,3,50,23.32,969.64,981.3,992.96,16,49.0,54.5,55.0,15.6,1.71,1.53,0.94,1.2,6212,0.6141,31,38,43,55,65,70,74,80
Feriali,GRA,16,-13800007305422,Corso di Francia,3,50,23.32,969.64,981.3,992.96,17,49.2,53.8,54.0,14.5,1.71,1.55,0.71,1.19,6942,0.6862,31,38,43,54,64,69,72,77
Feriali,GRA,16,-13800007305422,Corso di Francia,3,50,23.32,969.64,981.3,992.96,18,46.1,50.4,51.0,13.5,1.82,1.65,0.78,1.27,7657,0.7569,29,36,41,51,59,64,67,72
Feriali,GRA,16,-13800007305422,Corso di Francia,3,50,23.32,969.64,981.3,992.96,19,46.7,50.7,51.0,13.3,1.8,1.65,0.64,1.26,7541,0.7455,30,36,41,51,60,64,68,73
Feriali,GRA,16,-13800007305422,Corso di Francia,3,50,23.32,969.64,981.3,992.96,20,50.6,55.3,55.0,15.2,1.66,1.53,0.64,1.16,5583,0.5519,32,39,44,55,66,71,75,81
Feriali,GRA,16,-13800007305422,Corso di Francia,3,50,23.32,969.64,981.3,992.96,21,56.5,62.2,62.0,17.7,1.49,1.35,0.63,1.04,2875,0.2842,36,43,49,62,74,80,85,93
Feriali,GRA,16,-13800007305422,Corso di Francia,3,50,23.32,969.64,981.3,992.96,22,55.7,61.3,61.0,17.8,1.51,1.38,0.56,1.05,2824,0.2792,35,42,48,61,73,80,84,92
Feriali,GRA,16,-13800007305422,Corso di Francia,3,50,23.32,969.64,981.3,992.96,23,54.7,60.6,61.0,17.3,1.53,1.38,0.77,1.07,3600,0.3559,35,42,47,61,72,78,82,90
Feriali,GRA,17,-13800007305427,Corso di Francia,3,50,19.87,992.96,1002.895,1012.83,0,60.7,66.5,66.0,18.6,1.18,1.08,0.48,1.0,1709,0.1689,39,47,53,66,78,85,90,99
Feriali,GRA,17,-13800007305427,Corso di Francia,3,50,19.87,992.96,1002.895,1012.83,1,64.8,70.8,69.0,19.9,1.1,1.04,0.36,0.94,847,0.0837,39,50,57,69,84,93,97,104
Feriali,GRA,17,-13800007305427,Corso di Francia,3,50,19.87,992.96,1002.895,1012.83,2,63.2,72.2,72.0,20.5,1.13,0.99,0.78,0.96,431,0.0426,41,51,58,72,85,93,98,106
Feriali,GRA,17,-13800007305427,Corso di Francia,3,50,19.87,992.96,1002.895,1012.83,3,69.6,75.5,75.0,20.4,1.03,0.95,0.33,0.87,241,0.0238,43,53,62,75,88,98,101,109
Feriali,GRA,17,-13800007305427,Corso di Francia,3,50,19.87,992.96,1002.895,1012.83,4,64.4,70.8,70.0,20.3,1.11,1.02,0.39,0.94,186,0.0184,41,48,54,70,86,93,96,105
Feriali,GRA,17,-13800007305427,Corso di Francia,3,50,19.87,992.96,1002.895,1012.83,5,67.8,73.8,75.0,20.0,1.05,0.95,0.34,0.89,234,0.0231,42,51,58,75,87,94,99,105
Feriali,GRA,17,-13800007305427,Corso di Francia,3,50,19.87,992.96,1002.895,1012.83,6,63.0,68.4,68.0,18.7,1.14,1.05,0.36,0.96,783,0.0774,39,48,55,68,80,87,93,101
Feriali,GRA,17,-13800007305427,Corso di Francia,3,50,19.87,992.96,1002.895,1012.83,7,58.3,63.4,63.0,16.9,1.23,1.14,0.44,1.04,2683,0.2652,37,45,51,63,75,81,85,91
Feriali,GRA,17,-13800007305427,Corso di Francia,3,50,19.87,992.96,1002.895,1012.83,8,55.5,60.3,60.0,15.8,1.29,1.19,0.5,1.09,5553,0.5489,35,44,49,60,71,77,80,86
Feriali,GRA,17,-13800007305427,Corso di Francia,3,50,19.87,992.96,1002.895,1012.83,9,57.0,61.7,62.0,15.8,1.25,1.15,0.43,1.06,4091,0.4044,36,45,50,62,72,78,82,88
Feriali,GRA,17,-13800007305427,Corso di Francia,3,50,19.87,992.96,1002.895,1012.83,10,56.9,61.9,62.0,16.3,1.26,1.15,0.46,1.07,3904,0.3859,36,44,50,62,74,79,82,88
Feriali,GRA,17,-13800007305427,Corso di Francia,3,50,19.87,992.96,1002.895,1012.83,11,56.6,61.2,61.0,15.9,1.26,1.17,0.4,1.07,4304,0.4255,36,44,49,61,72,78,81,87
Feriali,GRA,17,-13800007305427,Corso di Francia,3,50,19.87,992.96,1002.895,1012.83,12,54.2,59.3,59.0,16.1,1.32,1.21,0.49,1.12,5028,0.497,34,42,47,59,71,76,80,85
Feriali,GRA,17,-13800007305427,Corso di Francia,3,50,19.87,992.96,1002.895,1012.83,13,53.0,58.1,58.0,15.8,1.35,1.23,0.52,1.14,5687,0.5622,33,41,47,58,69,75,78,83
Feriali,GRA,17,-13800007305427,Corso di Francia,3,50,19.87,992.96,1002.895,1012.83,14,53.2,58.6,59.0,16.0,1.34,1.21,0.57,1.14,6248,0.6176,33,41,47,59,70,75,79,85
Feriali,GRA,17,-13800007305427,Corso di Francia,3,50,19.87,992.96,1002.895,1012.83,15,54.2,58.9,59.0,15.7,1.32,1.21,0.44,1.12,5660,0.5595,34,42,48,59,70,75,78,84
Feriali,GRA,17,-13800007305427,Corso di Francia,3,50,19.87,992.96,1002.895,1012.83,16,51.1,55.8,56.0,15.1,1.4,1.28,0.5,1.19,6212,0.6141,32,40,45,56,66,71,75,80
Feriali,GRA,17,-13800007305427,Corso di Francia,3,50,19.87,992.96,1002.895,1012.83,17,51.0,55.0,55.0,14.1,1.4,1.3,0.45,1.19,6941,0.6861,32,40,45,55,65,69,73,78
Feriali,GRA,17,-13800007305427,Corso di Francia,3,50,19.87,992.96,1002.895,1012.83,18,47.7,51.6,52.0,13.2,1.5,1.38,0.49,1.27,7665,0.7577,29,38,43,52,60,65,68,73
Feriali,GRA,17,-13800007305427,Corso di Francia,3,50,19.87,992.96,1002.895,1012.83,19,48.2,51.9,52.0,13.0,1.48,1.38,0.47,1.26,7537,0.7451,31,38,43,52,61,65,68,73
Feriali,GRA,17,-13800007305427,Corso di Francia,3,50,19.87,992.96,1002.895,1012.83,20,52.0,56.4,56.0,14.8,1.38,1.28,0.59,1.17,5581,0.5517,34,41,46,56,66,72,75,81
Feriali,GRA,17,-13800007305427,Corso di Francia,3,50,19.87,992.96,1002.895,1012.83,21,58.5,63.3,63.0,17.0,1.22,1.14,0.38,1.04,2871,0.2838,38,45,50,63,74,81,86,93
Feriali,GRA,17,-13800007305427,Corso di Francia,3,50,19.87,992.96,1002.895,1012.83,22,57.3,62.3,62.0,17.0,1.25,1.15,0.44,1.06,2820,0.2788,37,44,49,62,74,80,84,92
Feriali,GRA,17,-13800007305427,Corso di Francia,3,50,19.87,992.96,1002.895,1012.83,23,56.7,61.7,62.0,16.6,1.26,1.15,0.54,1.07,3603,0.3562,37,44,50,62,72,78,83,90
Feriali,GRA,18,-13800012637799,Ponte Flaminio,3,50,94.82,1012.83,1060.24,1107.65,0,62.8,67.8,67.0,17.8,5.43,5.09,1.69,1.0,1698,0.1679,41,50,55,67,78,86,90,99
Feriali,GRA,18,-13800012637799,Ponte Flaminio,3,50,94.82,1012.83,1060.24,1107.65,1,66.4,71.9,70.0,19.5,5.14,4.88,1.6,0.95,845,0.0835,42,52,58,70,84,93,98,106
Feriali,GRA,18,-13800012637799,Ponte Flaminio,3,50,94.82,1012.83,1060.24,1107.65,2,63.3,72.6,72.0,20.2,5.39,4.74,4.26,0.99,430,0.0425,41,52,59,72,86,93,97,105
Feriali,GRA,18,-13800012637799,Ponte Flaminio,3,50,94.82,1012.83,1060.24,1107.65,3,70.5,76.0,75.0,19.5,4.84,4.55,1.47,0.89,240,0.0237,44,55,63,75,89,96,100,108
Feriali,GRA,18,-13800012637799,Ponte Flaminio,3,50,94.82,1012.83,1060.24,1107.65,4,65.8,71.6,69.0,19.3,5.19,4.95,1.74,0.95,186,0.0184,42,50,58,69,85,93,96,105
Feriali,GRA,18,-13800012637799,Ponte Flaminio,3,50,94.82,1012.83,1060.24,1107.65,5,70.1,75.2,75.0,18.8,4.87,4.55,1.4,0.9,234,0.0231,47,54,61,75,87,93,99,105
Feriali,GRA,18,-13800012637799,Ponte Flaminio,3,50,94.82,1012.83,1060.24,1107.65,6,64.9,69.7,69.0,18.0,5.26,4.95,1.52,0.97,784,0.0775,43,51,57,69,81,87,93,102
Feriali,GRA,18,-13800012637799,Ponte Flaminio,3,50,94.82,1012.83,1060.24,1107.65,7,60.0,64.7,64.0,16.3,5.69,5.33,1.97,1.05,2673,0.2642,38,48,54,64,76,82,86,91
Feriali,GRA,18,-13800012637799,Ponte Flaminio,3,50,94.82,1012.83,1060.24,1107.65,8,57.1,61.6,62.0,15.3,5.98,5.51,2.08,1.1,5531,0.5468,36,46,52,62,72,77,81,86
Feriali,GRA,18,-13800012637799,Ponte Flaminio,3,50,94.82,1012.83,1060.24,1107.65,9,58.7,63.2,63.0,15.3,5.81,5.42,2.01,1.07,4065,0.4018,37,48,53,63,73,79,82,88
Feriali,GRA,18,-13800012637799,Ponte Flaminio,3,50,94.82,1012.83,1060.24,1107.65,10,58.5,63.3,63.0,15.9,5.83,5.42,2.06,1.07,3892,0.3847,37,47,53,63,74,79,82,88
Feriali,GRA,18,-13800012637799,Ponte Flaminio,3,50,94.82,1012.83,1060.24,1107.65,11,58.0,62.4,62.0,15.5,5.89,5.51,1.96,1.08,4285,0.4236,37,47,52,62,73,78,82,87
Feriali,GRA,18,-13800012637799,Ponte Flaminio,3,50,94.82,1012.83,1060.24,1107.65,12,56.2,60.9,61.0,15.6,6.08,5.6,2.17,1.12,5002,0.4945,35,45,50,61,72,77,80,86
Feriali,GRA,18,-13800012637799,Ponte Flaminio,3,50,94.82,1012.83,1060.24,1107.65,13,54.8,59.6,60.0,15.4,6.24,5.69,2.35,1.15,5659,0.5594,34,44,50,60,70,75,79,84
Feriali,GRA,18,-13800012637799,Ponte Flaminio,3,50,94.82,1012.83,1060.24,1107.65,14,54.9,60.0,61.0,15.5,6.22,5.6,2.51,1.15,6214,0.6143,34,44,50,61,71,76,79,85
Feriali,GRA,18,-13800012637799,Ponte Flaminio,3,50,94.82,1012.83,1060.24,1107.65,15,55.8,60.3,61.0,15.3,6.12,5.6,2.05,1.13,5632,0.5567,34,44,50,61,71,76,79,84
Feriali,GRA,18,-13800012637799,Ponte Flaminio,3,50,94.82,1012.83,1060.24,1107.65,16,52.7,57.3,57.0,14.9,6.48,5.99,2.34,1.19,6173,0.6102,32,42,48,57,67,72,75,81
Feriali,GRA,18,-13800012637799,Ponte Flaminio,3,50,94.82,1012.83,1060.24,1107.65,17,52.5,56.6,57.0,14.0,6.5,5.99,2.14,1.2,6906,0.6827,32,42,48,57,66,71,74,79
Feriali,GRA,18,-13800012637799,Ponte Flaminio,3,50,94.82,1012.83,1060.24,1107.65,18,49.0,52.9,53.0,13.1,6.96,6.44,2.34,1.28,7615,0.7528,29,40,45,53,61,66,69,73
Feriali,GRA,18,-13800012637799,Ponte Flaminio,3,50,94.82,1012.83,1060.24,1107.65,19,49.3,53.1,53.0,12.9,6.92,6.44,2.33,1.27,7490,0.7404,31,40,45,53,61,66,69,74
Feriali,GRA,18,-13800012637799,Ponte Flaminio,3,50,94.82,1012.83,1060.24,1107.65,20,53.8,57.8,57.0,14.2,6.34,5.99,1.97,1.17,5553,0.5489,35,44,48,57,67,72,76,81
Feriali,GRA,18,-13800012637799,Ponte Flaminio,3,50,94.82,1012.83,1060.24,1107.65,21,60.1,64.5,64.0,16.4,5.68,5.33,1.72,1.05,2861,0.2828,40,48,53,64,75,81,86,93
Feriali,GRA,18,-13800012637799,Ponte Flaminio,3,50,94.82,1012.83,1060.24,1107.65,22,59.0,63.7,63.0,16.4,5.79,5.42,1.99,1.06,2804,0.2772,39,47,52,63,74,80,85,92
Feriali,GRA,18,-13800012637799,Ponte Flaminio,3,50,94.82,1012.83,1060.24,1107.65,23,58.6,63.2,63.0,15.8,5.83,5.42,2.24,1.07,3583,0.3542,38,48,53,63,73,79,83,90
Feriali,GRA,19,-13800012637774,Ponte Flaminio,3,50,36.94,1107.65,1126.1200000000001,1144.5900000000001,0,63.7,68.5,68.0,17.5,2.09,1.96,0.63,1.0,1708,0.1688,41,51,57,68,79,86,90,98
Feriali,GRA,19,-13800012637774,Ponte Flaminio,3,50,36.94,1107.65,1126.1200000000001,1144.5900000000001,1,66.6,72.2,71.0,19.2,2.0,1.87,0.66,0.96,849,0.0839,42,53,59,71,83,92,97,105
Feriali,GRA,19,-13800012637774,Ponte Flaminio,3,50,36.94,1107.65,1126.1200000000001,1144.5900000000001,2,64.7,72.8,72.0,19.9,2.06,1.85,1.22,0.98,433,0.0428,42,53,60,72,85,93,98,107
Feriali,GRA,19,-13800012637774,Ponte Flaminio,3,50,36.94,1107.65,1126.1200000000001,1144.5900000000001,3,69.6,75.6,76.0,19.7,1.91,1.75,0.64,0.92,242,0.0239,43,54,64,76,88,96,100,108
Feriali,GRA,19,-13800012637774,Ponte Flaminio,3,50,36.94,1107.65,1126.1200000000001,1144.5900000000001,4,66.2,71.8,71.0,18.9,2.01,1.87,0.67,0.96,185,0.0183,42,52,58,71,84,92,95,105
Feriali,GRA,19,-13800012637774,Ponte Flaminio,3,50,36.94,1107.65,1126.1200000000001,1144.5900000000001,5,70.9,75.7,75.0,18.5,1.88,1.77,0.53,0.9,235,0.0232,47,55,62,75,88,94,99,109
Feriali,GRA,19,-13800012637774,Ponte Flaminio,3,50,36.94,1107.65,1126.1200000000001,1144.5900000000001,6,65.7,70.4,69.0,17.7,2.02,1.93,0.59,0.97,786,0.0777,43,53,58,69,81,88,93,101
Feriali,GRA,19,-13800012637774,Ponte Flaminio,3,50,36.94,1107.65,1126.1200000000001,1144.5900000000001,7,60.4,65.2,65.0,16.3,2.2,2.05,0.76,1.05,2673,0.2642,38,48,55,65,76,81,85,91
Feriali,GRA,19,-13800012637774,Ponte Flaminio,3,50,36.94,1107.65,1126.1200000000001,1144.5900000000001,8,57.3,62.1,63.0,15.4,2.32,2.11,0.85,1.11,5569,0.5505,35,46,53,63,72,78,81,86
Feriali,GRA,19,-13800012637774,Ponte Flaminio,3,50,36.94,1107.65,1126.1200000000001,1144.5900000000001,9,59.2,63.8,64.0,15.4,2.25,2.08,0.77,1.08,4081,0.4034,37,48,55,64,74,79,83,88
Feriali,GRA,19,-13800012637774,Ponte Flaminio,3,50,36.94,1107.65,1126.1200000000001,1144.5900000000001,10,59.1,64.0,64.0,16.0,2.25,2.08,0.82,1.08,3910,0.3865,37,48,54,64,75,80,83,89
Feriali,GRA,19,-13800012637774,Ponte Flaminio,3,50,36.94,1107.65,1126.1200000000001,1144.5900000000001,11,58.3,63.0,63.0,15.6,2.28,2.11,0.84,1.09,4309,0.426,37,47,53,63,74,79,82,87
Feriali,GRA,19,-13800012637774,Ponte Flaminio,3,50,36.94,1107.65,1126.1200000000001,1144.5900000000001,12,56.7,61.9,62.0,15.8,2.34,2.14,1.09,1.12,5039,0.4981,35,46,52,62,72,78,81,87
Feriali,GRA,19,-13800012637774,Ponte Flaminio,3,50,36.94,1107.65,1126.1200000000001,1144.5900000000001,13,55.2,60.2,60.0,15.5,2.41,2.22,0.92,1.15,5702,0.5637,33,44,50,60,71,76,80,85
Feriali,GRA,19,-13800012637774,Ponte Flaminio,3,50,36.94,1107.65,1126.1200000000001,1144.5900000000001,14,55.3,60.6,61.0,15.7,2.4,2.18,0.98,1.15,6256,0.6184,34,44,51,61,71,76,80,85
Feriali,GRA,19,-13800012637774,Ponte Flaminio,3,50,36.94,1107.65,1126.1200000000001,1144.5900000000001,15,56.2,61.0,61.0,15.5,2.37,2.18,0.84,1.13,5672,0.5607,34,45,51,61,71,76,80,85
Feriali,GRA,19,-13800012637774,Ponte Flaminio,3,50,36.94,1107.65,1126.1200000000001,1144.5900000000001,16,52.9,57.8,58.0,15.1,2.51,2.29,0.99,1.2,6206,0.6135,32,42,49,58,67,72,76,81
Feriali,GRA,19,-13800012637774,Ponte Flaminio,3,50,36.94,1107.65,1126.1200000000001,1144.5900000000001,17,52.7,57.0,58.0,14.3,2.52,2.29,0.89,1.21,6946,0.6866,32,42,48,58,67,71,74,79
Feriali,GRA,19,-13800012637774,Ponte Flaminio,3,50,36.94,1107.65,1126.1200000000001,1144.5900000000001,18,48.9,53.0,54.0,13.4,2.72,2.46,0.98,1.3,7650,0.7562,29,40,45,54,62,66,69,74
Feriali,GRA,19,-13800012637774,Ponte Flaminio,3,50,36.94,1107.65,1126.1200000000001,1144.5900000000001,19,48.9,53.1,53.0,13.4,2.72,2.51,1.02,1.3,7548,0.7461,30,39,45,53,62,66,70,74
Feriali,GRA,19,-13800012637774,Ponte Flaminio,3,50,36.94,1107.65,1126.1200000000001,1144.5900000000001,20,54.0,58.1,58.0,14.4,2.46,2.29,0.79,1.18,5589,0.5525,34,43,49,58,67,72,76,82
Feriali,GRA,19,-13800012637774,Ponte Flaminio,3,50,36.94,1107.65,1126.1200000000001,1144.5900000000001,21,60.5,65.0,64.0,16.3,2.2,2.08,0.67,1.05,2876,0.2843,40,48,54,64,75,81,86,92
Feriali,GRA,19,-13800012637774,Ponte Flaminio,3,50,36.94,1107.65,1126.1200000000001,1144.5900000000001,22,59.6,64.3,63.0,16.4,2.23,2.11,0.78,1.07,2818,0.2786,39,47,53,63,75,81,85,92
Feriali,GRA,19,-13800012637774,Ponte Flaminio,3,50,36.94,1107.65,1126.1200000000001,1144.5900000000001,23,59.1,63.8,63.0,15.8,2.25,2.11,0.83,1.08,3621,0.3579,38,48,54,63,73,79,84,90
Feriali,GRA,20,-13800012257373,Ponte Flaminio,3,50,55.96,1144.5900000000001,1172.5700000000002,1200.5500000000002,0,63.1,68.1,67.0,17.1,3.19,3.01,1.3,1.0,1709,0.1689,41,51,56,67,79,85,90,97
Feriali,GRA,20,-13800012257373,Ponte Flaminio,3,50,55.96,1144.5900000000001,1172.5700000000002,1200.5500000000002,1,66.1,71.6,71.0,18.9,3.05,2.84,1.01,0.96,845,0.0835,42,52,59,71,83,91,96,103
Feriali,GRA,20,-13800012257373,Ponte Flaminio,3,50,55.96,1144.5900000000001,1172.5700000000002,1200.5500000000002,2,64.3,72.2,71.0,19.8,3.13,2.84,1.81,0.98,431,0.0426,42,53,58,71,85,92,97,106
Feriali,GRA,20,-13800012257373,Ponte Flaminio,3,50,55.96,1144.5900000000001,1172.5700000000002,1200.5500000000002,3,67.2,74.6,76.0,19.7,3.0,2.65,1.45,0.94,241,0.0238,42,54,63,76,88,94,99,104
Feriali,GRA,20,-13800012257373,Ponte Flaminio,3,50,55.96,1144.5900000000001,1172.5700000000002,1200.5500000000002,4,66.0,71.4,71.0,18.6,3.05,2.84,1.02,0.96,183,0.0181,42,54,58,71,84,91,94,105
Feriali,GRA,20,-13800012257373,Ponte Flaminio,3,50,55.96,1144.5900000000001,1172.5700000000002,1200.5500000000002,5,70.4,75.4,74.0,18.7,2.86,2.72,0.82,0.9,237,0.0234,42,56,62,74,88,94,99,109
Feriali,GRA,20,-13800012257373,Ponte Flaminio,3,50,55.96,1144.5900000000001,1172.5700000000002,1200.5500000000002,6,65.5,70.1,69.0,17.7,3.08,2.92,0.89,0.96,787,0.0778,43,53,58,69,80,87,93,101
Feriali,GRA,20,-13800012257373,Ponte Flaminio,3,50,55.96,1144.5900000000001,1172.5700000000002,1200.5500000000002,7,60.0,65.2,65.0,16.2,3.36,3.1,1.64,1.05,2669,0.2638,38,48,55,65,76,81,86,91
Feriali,GRA,20,-13800012257373,Ponte Flaminio,3,50,55.96,1144.5900000000001,1172.5700000000002,1200.5500000000002,8,57.1,61.9,62.0,15.5,3.53,3.25,1.32,1.11,5564,0.55,35,46,52,62,72,77,81,86
Feriali,GRA,20,-13800012257373,Ponte Flaminio,3,50,55.96,1144.5900000000001,1172.5700000000002,1200.5500000000002,9,58.6,63.4,64.0,15.5,3.44,3.15,1.31,1.08,4079,0.4032,36,48,54,64,73,79,82,88
Feriali,GRA,20,-13800012257373,Ponte Flaminio,3,50,55.96,1144.5900000000001,1172.5700000000002,1200.5500000000002,10,58.9,63.9,65.0,16.0,3.42,3.1,1.28,1.07,3910,0.3865,36,47,53,65,75,80,83,89
Feriali,GRA,20,-13800012257373,Ponte Flaminio,3,50,55.96,1144.5900000000001,1172.5700000000002,1200.5500000000002,11,58.0,62.9,63.0,15.7,3.47,3.2,1.36,1.09,4310,0.4261,37,47,53,63,74,79,82,88
Feriali,GRA,20,-13800012257373,Ponte Flaminio,3,50,55.96,1144.5900000000001,1172.5700000000002,1200.5500000000002,12,56.3,61.8,62.0,15.8,3.58,3.25,1.93,1.12,5044,0.4986,35,45,52,62,72,78,81,87
Feriali,GRA,20,-13800012257373,Ponte Flaminio,3,50,55.96,1144.5900000000001,1172.5700000000002,1200.5500000000002,13,54.7,59.9,60.0,15.6,3.68,3.36,1.49,1.15,5711,0.5646,33,44,50,60,70,76,79,85
Feriali,GRA,20,-13800012257373,Ponte Flaminio,3,50,55.96,1144.5900000000001,1172.5700000000002,1200.5500000000002,14,53.7,60.2,61.0,15.8,3.75,3.3,4.81,1.17,6271,0.6199,33,44,50,61,71,76,80,85
Feriali,GRA,20,-13800012257373,Ponte Flaminio,3,50,55.96,1144.5900000000001,1172.5700000000002,1200.5500000000002,15,55.7,60.7,61.0,15.6,3.62,3.3,1.42,1.13,5676,0.5611,34,44,51,61,71,76,80,86
Feriali,GRA,20,-13800012257373,Ponte Flaminio,3,50,55.96,1144.5900000000001,1172.5700000000002,1200.5500000000002,16,52.5,57.5,58.0,15.1,3.84,3.47,1.58,1.2,6215,0.6144,31,42,48,58,67,72,76,81
Feriali,GRA,20,-13800012257373,Ponte Flaminio,3,50,55.96,1144.5900000000001,1172.5700000000002,1200.5500000000002,17,52.3,56.6,57.0,14.3,3.85,3.53,1.38,1.21,6950,0.687,32,42,48,57,66,71,74,79
Feriali,GRA,20,-13800012257373,Ponte Flaminio,3,50,55.96,1144.5900000000001,1172.5700000000002,1200.5500000000002,18,48.2,52.4,53.0,13.4,4.18,3.8,1.54,1.31,7659,0.7571,29,39,44,53,61,66,69,74
Feriali,GRA,20,-13800012257373,Ponte Flaminio,3,50,55.96,1144.5900000000001,1172.5700000000002,1200.5500000000002,19,47.9,52.4,53.0,13.5,4.21,3.8,1.8,1.32,7571,0.7484,29,39,44,53,61,66,69,74
Feriali,GRA,20,-13800012257373,Ponte Flaminio,3,50,55.96,1144.5900000000001,1172.5700000000002,1200.5500000000002,20,53.4,57.5,57.0,14.4,3.77,3.53,1.21,1.18,5583,0.5519,34,43,48,57,67,72,76,82
Feriali,GRA,20,-13800012257373,Ponte Flaminio,3,50,55.96,1144.5900000000001,1172.5700000000002,1200.5500000000002,21,59.3,64.5,64.0,16.3,3.4,3.15,2.1,1.06,2875,0.2842,39,48,53,64,75,81,85,92
Feriali,GRA,20,-13800012257373,Ponte Flaminio,3,50,55.96,1144.5900000000001,1172.5700000000002,1200.5500000000002,22,59.3,64.0,63.0,16.3,3.4,3.2,1.21,1.07,2813,0.2781,39,47,53,63,75,81,85,92
Feriali,GRA,20,-13800012257373,Ponte Flaminio,3,50,55.96,1144.5900000000001,1172.5700000000002,1200.5500000000002,23,59.0,63.5,63.0,15.7,3.42,3.2,1.26,1.07,3635,0.3593,38,48,53,63,73,79,83,89
Feriali,GRA,21,-13800006791426,Corso di Francia,3,50,21.62,1200.5500000000002,1211.3600000000001,1222.17,0,61.8,67.6,67.0,17.1,1.26,1.16,0.98,1.0,1712,0.1692,41,50,56,67,79,85,89,97
Feriali,GRA,21,-13800006791426,Corso di Francia,3,50,21.62,1200.5500000000002,1211.3600000000001,1222.17,1,65.6,71.0,70.0,18.6,1.19,1.11,0.39,0.94,847,0.0837,42,52,58,70,83,90,95,103
Feriali,GRA,21,-13800006791426,Corso di Francia,3,50,21.62,1200.5500000000002,1211.3600000000001,1222.17,2,64.5,71.7,71.0,19.6,1.21,1.1,0.61,0.96,431,0.0426,42,52,58,71,85,92,97,106
Feriali,GRA,21,-13800006791426,Corso di Francia,3,50,21.62,1200.5500000000002,1211.3600000000001,1222.17,3,66.5,73.9,75.0,19.6,1.17,1.04,0.56,0.93,241,0.0238,41,53,62,75,87,94,99,102
Feriali,GRA,21,-13800006791426,Corso di Francia,3,50,21.62,1200.5500000000002,1211.3600000000001,1222.17,4,65.4,70.8,70.0,18.6,1.19,1.11,0.4,0.95,183,0.0181,42,54,57,70,83,90,94,104
Feriali,GRA,21,-13800006791426,Corso di Francia,3,50,21.62,1200.5500000000002,1211.3600000000001,1222.17,5,69.8,75.1,74.0,19.1,1.12,1.05,0.34,0.89,234,0.0231,42,56,62,74,88,94,100,108
Feriali,GRA,21,-13800006791426,Corso di Francia,3,50,21.62,1200.5500000000002,1211.3600000000001,1222.17,6,62.7,69.4,69.0,17.5,1.24,1.13,1.26,0.99,791,0.0782,43,52,57,69,80,86,92,101
Feriali,GRA,21,-13800006791426,Corso di Francia,3,50,21.62,1200.5500000000002,1211.3600000000001,1222.17,7,59.9,64.8,65.0,16.2,1.3,1.2,0.46,1.03,2669,0.2638,38,48,55,65,75,81,85,91
Feriali,GRA,21,-13800006791426,Corso di Francia,3,50,21.62,1200.5500000000002,1211.3600000000001,1222.17,8,56.0,61.5,62.0,15.6,1.39,1.26,1.17,1.1,5575,0.5511,34,46,52,62,72,77,81,86
Feriali,GRA,21,-13800006791426,Corso di Francia,3,50,21.62,1200.5500000000002,1211.3600000000001,1222.17,9,57.5,63.0,63.0,15.7,1.35,1.24,0.84,1.08,4090,0.4043,36,47,53,63,73,79,82,88
Feriali,GRA,21,-13800006791426,Corso di Francia,3,50,21.62,1200.5500000000002,1211.3600000000001,1222.17,10,57.5,63.5,64.0,16.3,1.35,1.22,1.01,1.07,3917,0.3872,36,46,53,64,74,80,83,89
Feriali,GRA,21,-13800006791426,Corso di Francia,3,50,21.62,1200.5500000000002,1211.3600000000001,1222.17,11,57.0,62.4,63.0,15.9,1.36,1.24,0.75,1.08,4323,0.4273,36,46,52,63,73,79,82,88
Feriali,GRA,21,-13800006791426,Corso di Francia,3,50,21.62,1200.5500000000002,1211.3600000000001,1222.17,12,55.3,61.5,62.0,15.9,1.41,1.26,1.1,1.12,5078,0.502,34,45,51,62,72,78,81,86
Feriali,GRA,21,-13800006791426,Corso di Francia,3,50,21.62,1200.5500000000002,1211.3600000000001,1222.17,13,53.5,59.3,60.0,15.9,1.45,1.3,0.89,1.16,5743,0.5677,32,43,49,60,70,75,80,85
Feriali,GRA,21,-13800006791426,Corso di Francia,3,50,21.62,1200.5500000000002,1211.3600000000001,1222.17,14,53.3,59.6,60.0,16.0,1.46,1.3,1.04,1.16,6289,0.6217,33,43,49,60,70,76,80,85
Feriali,GRA,21,-13800006791426,Corso di Francia,3,50,21.62,1200.5500000000002,1211.3600000000001,1222.17,15,55.2,60.3,60.0,15.6,1.41,1.3,0.55,1.12,5692,0.5627,34,44,50,60,71,76,79,85
Feriali,GRA,21,-13800006791426,Corso di Francia,3,50,21.62,1200.5500000000002,1211.3600000000001,1222.17,16,51.6,57.0,57.0,15.2,1.51,1.37,0.85,1.2,6226,0.6155,31,41,47,57,67,72,76,81
Feriali,GRA,21,-13800006791426,Corso di Francia,3,50,21.62,1200.5500000000002,1211.3600000000001,1222.17,17,50.7,56.0,56.0,14.4,1.54,1.39,1.29,1.22,6972,0.6892,31,41,47,56,66,70,74,79
Feriali,GRA,21,-13800006791426,Corso di Francia,3,50,21.62,1200.5500000000002,1211.3600000000001,1222.17,18,47.0,51.8,52.0,13.5,1.66,1.5,1.12,1.32,7692,0.7604,28,38,44,52,61,65,68,73
Feriali,GRA,21,-13800006791426,Corso di Francia,3,50,21.62,1200.5500000000002,1211.3600000000001,1222.17,19,46.3,51.7,52.0,13.8,1.68,1.5,1.36,1.34,7593,0.7506,28,38,43,52,61,66,69,73
Feriali,GRA,21,-13800006791426,Corso di Francia,3,50,21.62,1200.5500000000002,1211.3600000000001,1222.17,20,52.6,56.8,57.0,14.6,1.48,1.37,0.48,1.18,5600,0.5536,33,42,47,57,66,72,75,81
Feriali,GRA,21,-13800006791426,Corso di Francia,3,50,21.62,1200.5500000000002,1211.3600000000001,1222.17,21,58.1,64.0,63.0,16.3,1.34,1.24,1.21,1.06,2877,0.2844,39,48,53,63,74,80,85,91
Feriali,GRA,21,-13800006791426,Corso di Francia,3,50,21.62,1200.5500000000002,1211.3600000000001,1222.17,22,58.3,63.5,63.0,16.4,1.34,1.24,0.61,1.06,2823,0.2791,38,47,52,63,74,80,84,91
Feriali,GRA,21,-13800006791426,Corso di Francia,3,50,21.62,1200.5500000000002,1211.3600000000001,1222.17,23,58.4,63.0,63.0,15.7,1.33,1.24,0.49,1.06,3647,0.3605,38,47,53,63,73,79,83,89
Feriali,GRA,22,-13800011256680,Corso di Francia,3,50,35.8,1222.17,1240.0700000000002,1257.97,0,61.8,66.6,66.0,17.0,2.08,1.95,0.65,1.0,1713,0.1693,40,50,55,66,77,84,89,96
Feriali,GRA,22,-13800011256680,Corso di Francia,3,50,35.8,1222.17,1240.0700000000002,1257.97,1,64.6,70.0,69.0,18.5,1.99,1.87,0.66,0.96,845,0.0835,41,51,57,69,81,89,95,102
Feriali,GRA,22,-13800011256680,Corso di Francia,3,50,35.8,1222.17,1240.0700000000002,1257.97,2,63.4,70.5,70.0,19.3,2.03,1.84,1.01,0.98,427,0.0422,41,52,57,70,84,90,96,103
Feriali,GRA,22,-13800011256680,Corso di Francia,3,50,35.8,1222.17,1240.0700000000002,1257.97,3,65.1,72.6,72.0,19.6,1.98,1.79,0.97,0.95,241,0.0238,39,53,62,72,86,92,98,102
Feriali,GRA,22,-13800011256680,Corso di Francia,3,50,35.8,1222.17,1240.0700000000002,1257.97,4,64.3,69.7,69.0,18.4,2.0,1.87,0.67,0.96,181,0.0179,42,51,57,69,82,88,93,101
Feriali,GRA,22,-13800011256680,Corso di Francia,3,50,35.8,1222.17,1240.0700000000002,1257.97,5,69.3,74.5,73.0,19.0,1.86,1.77,0.56,0.89,234,0.0231,42,55,61,73,88,94,100,107
Feriali,GRA,22,-13800011256680,Corso di Francia,3,50,35.8,1222.17,1240.0700000000002,1257.97,6,62.0,68.6,68.0,17.7,2.08,1.9,1.79,1.0,790,0.0781,40,50,57,68,80,86,92,100
Feriali,GRA,22,-13800011256680,Corso di Francia,3,50,35.8,1222.17,1240.0700000000002,1257.97,7,59.0,64.0,64.0,16.2,2.18,2.01,0.8,1.05,2663,0.2632,37,47,54,64,75,80,85,90
Feriali,GRA,22,-13800011256680,Corso di Francia,3,50,35.8,1222.17,1240.0700000000002,1257.97,8,55.7,60.8,61.0,15.6,2.31,2.11,1.13,1.11,5570,0.5506,34,45,51,61,71,76,80,86
Feriali,GRA,22,-13800011256680,Corso di Francia,3,50,35.8,1222.17,1240.0700000000002,1257.97,9,57.1,62.3,62.0,15.6,2.26,2.08,1.08,1.08,4080,0.4033,36,47,53,62,73,78,82,87
Feriali,GRA,22,-13800011256680,Corso di Francia,3,50,35.8,1222.17,1240.0700000000002,1257.97,10,57.8,62.9,63.0,16.4,2.23,2.05,0.82,1.07,3908,0.3863,35,46,52,63,74,79,83,89
Feriali,GRA,22,-13800011256680,Corso di Francia,3,50,35.8,1222.17,1240.0700000000002,1257.97,11,56.9,61.8,62.0,16.0,2.27,2.08,0.86,1.09,4307,0.4258,35,45,51,62,73,79,82,87
Feriali,GRA,22,-13800011256680,Corso di Francia,3,50,35.8,1222.17,1240.0700000000002,1257.97,12,55.6,60.9,61.0,15.7,2.32,2.11,1.3,1.11,5068,0.501,34,45,50,61,72,77,81,86
Feriali,GRA,22,-13800011256680,Corso di Francia,3,50,35.8,1222.17,1240.0700000000002,1257.97,13,52.9,58.5,59.0,16.0,2.44,2.18,1.09,1.17,5733,0.5667,32,41,48,59,69,75,79,84
Feriali,GRA,22,-13800011256680,Corso di Francia,3,50,35.8,1222.17,1240.0700000000002,1257.97,14,52.9,58.7,59.0,16.1,2.44,2.18,1.1,1.17,6277,0.6205,32,42,48,59,69,75,79,84
Feriali,GRA,22,-13800011256680,Corso di Francia,3,50,35.8,1222.17,1240.0700000000002,1257.97,15,54.3,59.5,60.0,15.5,2.37,2.15,1.54,1.14,5692,0.5627,33,43,49,60,70,75,79,84
Feriali,GRA,22,-13800011256680,Corso di Francia,3,50,35.8,1222.17,1240.0700000000002,1257.97,16,51.3,56.3,57.0,15.1,2.51,2.26,0.98,1.21,6211,0.614,31,40,46,57,66,72,75,80
Feriali,GRA,22,-13800011256680,Corso di Francia,3,50,35.8,1222.17,1240.0700000000002,1257.97,17,50.8,55.2,55.0,14.3,2.54,2.34,0.88,1.22,6955,0.6875,31,40,46,55,65,70,73,78
Feriali,GRA,22,-13800011256680,Corso di Francia,3,50,35.8,1222.17,1240.0700000000002,1257.97,18,46.8,51.2,51.0,13.4,2.75,2.53,1.27,1.32,7672,0.7584,28,38,43,51,60,64,68,73
Feriali,GRA,22,-13800011256680,Corso di Francia,3,50,35.8,1222.17,1240.0700000000002,1257.97,19,46.1,51.1,51.0,13.7,2.8,2.53,1.47,1.34,7561,0.7474,28,37,42,51,60,65,68,73
Feriali,GRA,22,-13800011256680,Corso di Francia,3,50,35.8,1222.17,1240.0700000000002,1257.97,20,51.8,56.0,56.0,14.6,2.49,2.3,0.81,1.19,5593,0.5529,33,41,46,56,65,71,75,80
Feriali,GRA,22,-13800011256680,Corso di Francia,3,50,35.8,1222.17,1240.0700000000002,1257.97,21,58.8,63.1,63.0,16.1,2.19,2.05,0.66,1.05,2876,0.2843,38,47,52,63,73,80,84,91
Feriali,GRA,22,-13800011256680,Corso di Francia,3,50,35.8,1222.17,1240.0700000000002,1257.97,22,57.6,62.7,62.0,16.4,2.24,2.08,0.98,1.07,2820,0.2788,38,46,51,62,73,80,84,90
Feriali,GRA,22,-13800011256680,Corso di Francia,3,50,35.8,1222.17,1240.0700000000002,1257.97,23,57.5,62.2,62.0,15.7,2.24,2.08,0.83,1.08,3645,0.3603,37,47,52,62,72,78,82,88
Feriali,GRA,23,-13800011256681,Corso di Francia,3,50,30.89,1257.97,1273.415,1288.8600000000001,0,60.2,65.1,64.0,17.1,1.85,1.74,0.6,1.0,1717,0.1697,39,48,53,64,76,82,87,95
Feriali,GRA,23,-13800011256681,Corso di Francia,3,50,30.89,1257.97,1273.415,1288.8600000000001,1,61.9,68.3,68.0,19.0,1.8,1.64,0.9,0.97,845,0.0835,39,49,55,68,80,88,93,101
Feriali,GRA,23,-13800011256681,Corso di Francia,3,50,30.89,1257.97,1273.415,1288.8600000000001,2,61.8,69.1,68.0,19.7,1.8,1.64,0.9,0.98,426,0.0421,41,49,55,68,83,90,95,102
Feriali,GRA,23,-13800011256681,Corso di Francia,3,50,30.89,1257.97,1273.415,1288.8600000000001,3,64.7,71.5,72.0,18.7,1.72,1.54,0.8,0.93,241,0.0238,40,53,60,72,83,91,96,101
Feriali,GRA,23,-13800011256681,Corso di Francia,3,50,30.89,1257.97,1273.415,1288.8600000000001,4,63.3,68.7,67.0,18.3,1.76,1.66,0.58,0.95,181,0.0179,41,50,56,67,81,87,93,101
Feriali,GRA,23,-13800011256681,Corso di Francia,3,50,30.89,1257.97,1273.415,1288.8600000000001,5,68.5,73.6,73.0,18.5,1.62,1.52,0.49,0.88,234,0.0231,42,54,60,73,87,92,95,105
Feriali,GRA,23,-13800011256681,Corso di Francia,3,50,30.89,1257.97,1273.415,1288.8600000000001,6,54.9,67.2,67.0,18.5,2.02,1.66,4.57,1.1,791,0.0782,38,49,56,67,79,85,90,99
Feriali,GRA,23,-13800011256681,Corso di Francia,3,50,30.89,1257.97,1273.415,1288.8600000000001,7,56.7,62.7,62.0,16.6,1.96,1.79,1.02,1.06,2657,0.2627,36,46,52,62,74,80,84,89
Feriali,GRA,23,-13800011256681,Corso di Francia,3,50,30.89,1257.97,1273.415,1288.8600000000001,8,53.9,59.8,60.0,15.8,2.07,1.85,2.06,1.12,5579,0.5515,33,44,49,60,71,76,79,85
Feriali,GRA,23,-13800011256681,Corso di Francia,3,50,30.89,1257.97,1273.415,1288.8600000000001,9,55.9,61.2,62.0,15.9,1.99,1.79,0.82,1.08,4078,0.4031,35,45,51,62,72,77,81,87
Feriali,GRA,23,-13800011256681,Corso di Francia,3,50,30.89,1257.97,1273.415,1288.8600000000001,10,56.3,62.0,63.0,16.7,1.98,1.77,0.89,1.07,3904,0.3859,35,44,50,63,73,79,83,88
Feriali,GRA,23,-13800011256681,Corso di Francia,3,50,30.89,1257.97,1273.415,1288.8600000000001,11,54.3,60.9,61.0,16.3,2.05,1.82,2.33,1.11,4305,0.4256,34,44,49,61,72,78,82,87
Feriali,GRA,23,-13800011256681,Corso di Francia,3,50,30.89,1257.97,1273.415,1288.8600000000001,12,53.9,59.8,60.0,16.0,2.06,1.85,1.27,1.12,5078,0.502,34,43,49,60,71,76,80,85
Feriali,GRA,23,-13800011256681,Corso di Francia,3,50,30.89,1257.97,1273.415,1288.8600000000001,13,49.8,57.2,58.0,16.6,2.23,1.92,1.6,1.21,5740,0.5674,30,40,46,58,68,74,78,84
Feriali,GRA,23,-13800011256681,Corso di Francia,3,50,30.89,1257.97,1273.415,1288.8600000000001,14,49.5,57.1,58.0,16.8,2.25,1.92,1.59,1.22,6289,0.6217,29,40,46,58,68,74,78,84
Feriali,GRA,23,-13800011256681,Corso di Francia,3,50,30.89,1257.97,1273.415,1288.8600000000001,15,53.0,58.3,58.0,15.7,2.1,1.92,0.87,1.14,5706,0.5641,32,42,48,58,69,74,78,83
Feriali,GRA,23,-13800011256681,Corso di Francia,3,50,30.89,1257.97,1273.415,1288.8600000000001,16,48.9,54.9,55.0,15.6,2.28,2.02,1.3,1.23,6213,0.6142,29,39,45,55,66,71,74,80
Feriali,GRA,23,-13800011256681,Corso di Francia,3,50,30.89,1257.97,1273.415,1288.8600000000001,17,48.8,54.0,54.0,14.5,2.28,2.06,1.28,1.24,6949,0.6869,30,39,44,54,64,69,72,77
Feriali,GRA,23,-13800011256681,Corso di Francia,3,50,30.89,1257.97,1273.415,1288.8600000000001,18,45.4,50.2,50.0,13.5,2.45,2.22,1.48,1.33,7682,0.7594,27,37,42,50,59,64,67,72
Feriali,GRA,23,-13800011256681,Corso di Francia,3,50,30.89,1257.97,1273.415,1288.8600000000001,19,44.0,50.1,51.0,14.0,2.53,2.18,1.79,1.37,7581,0.7494,27,35,41,51,59,64,67,72
Feriali,GRA,23,-13800011256681,Corso di Francia,3,50,30.89,1257.97,1273.415,1288.8600000000001,20,49.2,54.8,54.0,14.9,2.26,2.06,2.83,1.22,5601,0.5537,32,39,45,54,64,70,74,80
Feriali,GRA,23,-13800011256681,Corso di Francia,3,50,30.89,1257.97,1273.415,1288.8600000000001,21,56.8,61.7,61.0,16.4,1.96,1.82,0.71,1.06,2879,0.2846,36,46,50,61,72,78,83,90
Feriali,GRA,23,-13800011256681,Corso di Francia,3,50,30.89,1257.97,1273.415,1288.8600000000001,22,55.7,61.6,60.0,16.6,2.0,1.85,1.11,1.08,2822,0.279,37,45,50,60,72,79,83,89
Feriali,GRA,23,-13800011256681,Corso di Francia,3,50,30.89,1257.97,1273.415,1288.8600000000001,23,55.3,60.6,61.0,16.0,2.01,1.82,0.9,1.09,3651,0.3609,36,45,50,61,71,77,81,87
Feriali,GRA,24,-13800010858709,Corso di Francia,3,50,71.88,1288.8600000000001,1324.8000000000002,1360.7400000000002,0,55.8,62.5,63.0,18.4,4.64,4.11,2.15,1.0,1717,0.1697,31,44,50,63,75,80,85,93
Feriali,GRA,24,-13800010858709,Corso di Francia,3,50,71.88,1288.8600000000001,1324.8000000000002,1360.7400000000002,1,56.9,65.5,66.0,20.5,4.55,3.92,3.45,0.98,845,0.0835,31,43,52,66,79,86,92,100
Feriali,GRA,24,-13800010858709,Corso di Francia,3,50,71.88,1288.8600000000001,1324.8000000000002,1360.7400000000002,2,57.4,66.4,67.0,20.8,4.51,3.86,2.5,0.97,422,0.0417,30,46,53,67,81,87,92,100
Feriali,GRA,24,-13800010858709,Corso di Francia,3,50,71.88,1288.8600000000001,1324.8000000000002,1360.7400000000002,3,58.0,68.2,69.0,20.3,4.46,3.75,3.43,0.96,242,0.0239,32,46,57,69,82,90,93,99
Feriali,GRA,24,-13800010858709,Corso di Francia,3,50,71.88,1288.8600000000001,1324.8000000000002,1360.7400000000002,4,60.5,66.3,64.0,18.4,4.28,4.04,1.5,0.92,181,0.0179,35,49,55,64,80,84,89,101
Feriali,GRA,24,-13800010858709,Corso di Francia,3,50,71.88,1288.8600000000001,1324.8000000000002,1360.7400000000002,5,67.1,72.5,73.0,18.6,3.86,3.54,1.22,0.83,234,0.0231,42,53,60,73,85,91,94,105
Feriali,GRA,24,-13800010858709,Corso di Francia,3,50,71.88,1288.8600000000001,1324.8000000000002,1360.7400000000002,6,53.5,65.0,66.0,20.6,4.84,3.92,3.7,1.04,790,0.0781,29,44,54,66,77,85,89,100
Feriali,GRA,24,-13800010858709,Corso di Francia,3,50,71.88,1288.8600000000001,1324.8000000000002,1360.7400000000002,7,52.1,59.9,61.0,18.2,4.96,4.24,3.16,1.07,2645,0.2615,29,39,48,61,72,78,83,88
Feriali,GRA,24,-13800010858709,Corso di Francia,3,50,71.88,1288.8600000000001,1324.8000000000002,1360.7400000000002,8,50.2,57.3,59.0,17.1,5.16,4.39,2.74,1.11,5568,0.5504,28,37,46,59,69,74,78,84
Feriali,GRA,24,-13800010858709,Corso di Francia,3,50,71.88,1288.8600000000001,1324.8000000000002,1360.7400000000002,9,51.1,58.7,60.0,17.5,5.06,4.31,2.92,1.09,4063,0.4016,28,38,48,60,70,76,79,85
Feriali,GRA,24,-13800010858709,Corso di Francia,3,50,71.88,1288.8600000000001,1324.8000000000002,1360.7400000000002,10,51.7,59.8,62.0,18.1,5.01,4.17,4.23,1.08,3886,0.3841,29,38,48,62,73,78,82,87
Feriali,GRA,24,-13800010858709,Corso di Francia,3,50,71.88,1288.8600000000001,1324.8000000000002,1360.7400000000002,11,52.0,58.9,60.0,17.4,4.98,4.31,2.93,1.07,4288,0.4239,29,39,47,60,71,77,81,86
Feriali,GRA,24,-13800010858709,Corso di Francia,3,50,71.88,1288.8600000000001,1324.8000000000002,1360.7400000000002,12,49.8,57.5,59.0,17.3,5.2,4.39,4.08,1.12,5069,0.5011,28,37,45,59,69,75,79,84
Feriali,GRA,24,-13800010858709,Corso di Francia,3,50,71.88,1288.8600000000001,1324.8000000000002,1360.7400000000002,13,38.1,54.3,56.0,18.9,6.79,4.62,11.18,1.46,5713,0.5647,24,33,41,56,68,73,77,82
Feriali,GRA,24,-13800010858709,Corso di Francia,3,50,71.88,1288.8600000000001,1324.8000000000002,1360.7400000000002,14,40.1,53.7,56.0,19.1,6.45,4.62,8.01,1.39,6269,0.6197,23,32,40,56,67,73,76,82
Feriali,GRA,24,-13800010858709,Corso di Francia,3,50,71.88,1288.8600000000001,1324.8000000000002,1360.7400000000002,15,47.7,55.5,57.0,17.1,5.42,4.54,4.53,1.17,5688,0.5623,27,35,44,57,67,73,76,82
Feriali,GRA,24,-13800010858709,Corso di Francia,3,50,71.88,1288.8600000000001,1324.8000000000002,1360.7400000000002,16,42.2,52.0,54.0,17.3,6.13,4.79,5.54,1.32,6192,0.6121,24,32,39,54,64,70,73,78
Feriali,GRA,24,-13800010858709,Corso di Francia,3,50,71.88,1288.8600000000001,1324.8000000000002,1360.7400000000002,17,43.9,51.3,53.0,16.1,5.9,4.88,4.85,1.27,6927,0.6848,25,32,39,53,63,68,71,76
Feriali,GRA,24,-13800010858709,Corso di Francia,3,50,71.88,1288.8600000000001,1324.8000000000002,1360.7400000000002,18,41.4,47.8,49.0,14.9,6.25,5.28,3.54,1.35,7642,0.7554,24,30,36,49,58,63,66,71
Feriali,GRA,24,-13800010858709,Corso di Francia,3,50,71.88,1288.8600000000001,1324.8000000000002,1360.7400000000002,19,40.0,47.7,50.0,15.3,6.47,5.18,4.98,1.4,7564,0.7477,23,30,36,50,58,63,66,71
Feriali,GRA,24,-13800010858709,Corso di Francia,3,50,71.88,1288.8600000000001,1324.8000000000002,1360.7400000000002,20,46.3,52.5,53.0,16.3,5.59,4.88,2.54,1.21,5585,0.5521,26,33,41,53,64,69,73,78
Feriali,GRA,24,-13800010858709,Corso di Francia,3,50,71.88,1288.8600000000001,1324.8000000000002,1360.7400000000002,21,51.0,58.7,59.0,18.2,5.07,4.39,3.04,1.09,2871,0.2838,29,39,47,59,71,77,81,88
Feriali,GRA,24,-13800010858709,Corso di Francia,3,50,71.88,1288.8600000000001,1324.8000000000002,1360.7400000000002,22,52.1,59.3,59.0,17.7,4.97,4.39,3.07,1.07,2813,0.2781,29,41,48,59,71,77,81,87
Feriali,GRA,24,-13800010858709,Corso di Francia,3,50,71.88,1288.8600000000001,1324.8000000000002,1360.7400000000002,23,49.7,57.9,59.0,17.3,5.21,4.39,6.38,1.12,3636,0.3594,28,39,47,59,69,75,79,85
Feriali,GRA,25,-13800006530919,Corso di Francia,3,50,25.73,1360.7400000000002,1373.6050000000002,1386.4700000000003,0,55.2,62.0,63.0,18.6,1.68,1.47,0.73,1.0,1668,0.1649,30,42,50,63,73,80,85,92
Feriali,GRA,25,-13800006530919,Corso di Francia,3,50,25.73,1360.7400000000002,1373.6050000000002,1386.4700000000003,1,54.2,63.1,64.0,20.9,1.71,1.45,0.91,1.02,871,0.0861,29,40,49,64,77,85,90,98
Feriali,GRA,25,-13800006530919,Corso di Francia,3,50,25.73,1360.7400000000002,1373.6050000000002,1386.4700000000003,2,52.5,63.6,65.0,21.9,1.76,1.43,1.56,1.05,448,0.0443,29,41,48,65,78,86,91,100
Feriali,GRA,25,-13800006530919,Corso di Francia,3,50,25.73,1360.7400000000002,1373.6050000000002,1386.4700000000003,3,51.3,62.2,64.0,21.6,1.81,1.45,1.28,1.08,290,0.0287,25,38,46,64,78,86,90,97
Feriali,GRA,25,-13800006530919,Corso di Francia,3,50,25.73,1360.7400000000002,1373.6050000000002,1386.4700000000003,4,42.7,58.9,59.0,21.8,2.17,1.57,2.9,1.29,221,0.0218,24,35,44,59,74,82,84,94
Feriali,GRA,25,-13800006530919,Corso di Francia,3,50,25.73,1360.7400000000002,1373.6050000000002,1386.4700000000003,5,57.1,68.7,70.0,20.7,1.62,1.32,2.13,0.97,255,0.0252,33,47,54,70,83,90,93,103
Feriali,GRA,25,-13800006530919,Corso di Francia,3,50,25.73,1360.7400000000002,1373.6050000000002,1386.4700000000003,6,55.8,63.8,65.0,20.1,1.66,1.43,0.76,0.99,818,0.0809,30,41,50,65,76,83,87,99
Feriali,GRA,25,-13800006530919,Corso di Francia,3,50,25.73,1360.7400000000002,1373.6050000000002,1386.4700000000003,7,51.3,58.8,60.0,18.1,1.81,1.54,1.13,1.08,2624,0.2594,29,38,46,60,71,78,81,87
Feriali,GRA,25,-13800006530919,Corso di Francia,3,50,25.73,1360.7400000000002,1373.6050000000002,1386.4700000000003,8,49.5,56.8,58.0,16.9,1.87,1.6,1.29,1.12,5267,0.5207,28,37,46,58,68,74,77,83
Feriali,GRA,25,-13800006530919,Corso di Francia,3,50,25.73,1360.7400000000002,1373.6050000000002,1386.4700000000003,9,51.5,58.5,60.0,17.2,1.8,1.54,0.91,1.07,3865,0.3821,29,38,47,60,70,76,79,85
Feriali,GRA,25,-13800006530919,Corso di Francia,3,50,25.73,1360.7400000000002,1373.6050000000002,1386.4700000000003,10,51.9,59.6,62.0,18.1,1.78,1.49,1.14,1.06,3726,0.3683,29,38,47,62,72,77,81,87
Feriali,GRA,25,-13800006530919,Corso di Francia,3,50,25.73,1360.7400000000002,1373.6050000000002,1386.4700000000003,11,50.9,58.3,60.0,17.8,1.82,1.54,0.98,1.08,4144,0.4096,28,37,46,60,71,76,80,85
Feriali,GRA,25,-13800006530919,Corso di Francia,3,50,25.73,1360.7400000000002,1373.6050000000002,1386.4700000000003,12,49.7,57.1,59.0,17.4,1.86,1.57,1.21,1.11,4792,0.4737,27,36,45,59,69,75,78,84
Feriali,GRA,25,-13800006530919,Corso di Francia,3,50,25.73,1360.7400000000002,1373.6050000000002,1386.4700000000003,13,37.3,54.5,57.0,18.8,2.48,1.63,4.41,1.48,5221,0.5161,21,33,42,57,67,72,76,82
Feriali,GRA,25,-13800006530919,Corso di Francia,3,50,25.73,1360.7400000000002,1373.6050000000002,1386.4700000000003,14,36.3,53.1,56.0,19.4,2.55,1.65,4.25,1.52,5850,0.5783,18,31,40,56,67,72,76,81
Feriali,GRA,25,-13800006530919,Corso di Francia,3,50,25.73,1360.7400000000002,1373.6050000000002,1386.4700000000003,15,48.4,55.7,57.0,16.7,1.91,1.63,1.38,1.14,5130,0.5071,27,37,45,57,67,72,76,81
Feriali,GRA,25,-13800006530919,Corso di Francia,3,50,25.73,1360.7400000000002,1373.6050000000002,1386.4700000000003,16,46.8,53.4,55.0,16.2,1.98,1.68,0.98,1.18,5368,0.5306,26,34,43,55,64,69,73,78
Feriali,GRA,25,-13800006530919,Corso di Francia,3,50,25.73,1360.7400000000002,1373.6050000000002,1386.4700000000003,17,45.9,52.2,54.0,15.3,2.02,1.72,1.11,1.2,6103,0.6033,25,35,43,54,63,67,70,75
Feriali,GRA,25,-13800006530919,Corso di Francia,3,50,25.73,1360.7400000000002,1373.6050000000002,1386.4700000000003,18,43.2,49.0,51.0,14.4,2.15,1.82,1.07,1.28,6787,0.6709,24,32,40,51,59,63,66,71
Feriali,GRA,25,-13800006530919,Corso di Francia,3,50,25.73,1360.7400000000002,1373.6050000000002,1386.4700000000003,19,42.5,48.9,51.0,14.7,2.18,1.82,1.23,1.3,6711,0.6634,23,32,39,51,59,63,66,71
Feriali,GRA,25,-13800006530919,Corso di Francia,3,50,25.73,1360.7400000000002,1373.6050000000002,1386.4700000000003,20,46.4,52.9,54.0,16.4,2.0,1.72,1.01,1.19,5251,0.5191,26,34,42,54,64,69,73,78
Feriali,GRA,25,-13800006530919,Corso di Francia,3,50,25.73,1360.7400000000002,1373.6050000000002,1386.4700000000003,21,50.2,58.0,59.0,18.1,1.85,1.57,1.2,1.1,2810,0.2778,27,38,46,59,70,76,80,88
Feriali,GRA,25,-13800006530919,Corso di Francia,3,50,25.73,1360.7400000000002,1373.6050000000002,1386.4700000000003,22,50.7,58.2,59.0,17.9,1.83,1.57,1.03,1.09,2793,0.2761,28,39,47,59,70,76,80,87
Feriali,GRA,25,-13800006530919,Corso di Francia,3,50,25.73,1360.7400000000002,1373.6050000000002,1386.4700000000003,23,49.2,56.9,58.0,17.5,1.88,1.6,1.22,1.12,3583,0.3542,27,38,46,58,68,74,78,85
Feriali,GRA,26,-13800006809474,Corso di Francia,3,50,51.21,1386.4700000000003,1412.0750000000003,1437.6800000000003,0,55.4,61.4,61.0,17.7,3.33,3.02,1.38,1.0,1670,0.1651,34,43,50,61,72,78,83,92
Feriali,GRA,26,-13800006809474,Corso di Francia,3,50,51.21,1386.4700000000003,1412.0750000000003,1437.6800000000003,1,54.9,62.9,62.0,19.8,3.36,2.97,1.74,1.01,868,0.0858,31,43,49,62,76,84,89,96
Feriali,GRA,26,-13800006809474,Corso di Francia,3,50,51.21,1386.4700000000003,1412.0750000000003,1437.6800000000003,2,53.4,63.1,63.0,20.8,3.45,2.93,2.94,1.04,447,0.0442,32,43,48,63,76,84,91,100
Feriali,GRA,26,-13800006809474,Corso di Francia,3,50,51.21,1386.4700000000003,1412.0750000000003,1437.6800000000003,3,48.6,60.5,61.0,20.7,3.8,3.02,3.68,1.14,289,0.0286,25,39,46,61,76,82,87,93
Feriali,GRA,26,-13800006809474,Corso di Francia,3,50,51.21,1386.4700000000003,1412.0750000000003,1437.6800000000003,4,42.8,58.2,57.0,20.7,4.31,3.23,5.78,1.29,220,0.0217,25,38,45,57,72,80,83,92
Feriali,GRA,26,-13800006809474,Corso di Francia,3,50,51.21,1386.4700000000003,1412.0750000000003,1437.6800000000003,5,56.4,67.6,69.0,20.4,3.27,2.67,4.23,0.98,255,0.0252,35,46,53,69,81,88,93,103
Feriali,GRA,26,-13800006809474,Corso di Francia,3,50,51.21,1386.4700000000003,1412.0750000000003,1437.6800000000003,6,56.7,63.7,65.0,19.0,3.25,2.84,1.4,0.98,818,0.0809,34,43,49,65,76,82,86,96
Feriali,GRA,26,-13800006809474,Corso di Francia,3,50,51.21,1386.4700000000003,1412.0750000000003,1437.6800000000003,7,51.2,57.9,58.0,17.1,3.6,3.18,2.18,1.08,2619,0.2589,30,40,46,58,69,76,80,86
Feriali,GRA,26,-13800006809474,Corso di Francia,3,50,51.21,1386.4700000000003,1412.0750000000003,1437.6800000000003,8,48.4,55.3,56.0,16.2,3.81,3.29,2.56,1.14,5259,0.5199,28,38,44,56,66,72,76,82
Feriali,GRA,26,-13800006809474,Corso di Francia,3,50,51.21,1386.4700000000003,1412.0750000000003,1437.6800000000003,9,49.6,57.3,58.0,16.5,3.72,3.18,3.88,1.12,3858,0.3814,30,39,46,58,69,74,77,83
Feriali,GRA,26,-13800006809474,Corso di Francia,3,50,51.21,1386.4700000000003,1412.0750000000003,1437.6800000000003,10,50.4,58.6,60.0,17.2,3.66,3.07,4.04,1.1,3720,0.3677,30,40,47,60,70,76,80,86
Feriali,GRA,26,-13800006809474,Corso di Francia,3,50,51.21,1386.4700000000003,1412.0750000000003,1437.6800000000003,11,49.9,57.2,58.0,17.0,3.7,3.18,2.5,1.11,4140,0.4093,28,39,45,58,69,75,79,84
Feriali,GRA,26,-13800006809474,Corso di Francia,3,50,51.21,1386.4700000000003,1412.0750000000003,1437.6800000000003,12,48.7,55.8,57.0,16.6,3.78,3.23,2.7,1.14,4788,0.4733,28,37,44,57,67,73,77,82
Feriali,GRA,26,-13800006809474,Corso di Francia,3,50,51.21,1386.4700000000003,1412.0750000000003,1437.6800000000003,13,31.3,52.8,55.0,18.7,5.9,3.35,12.11,1.77,5199,0.5139,18,34,42,55,65,71,75,80
Feriali,GRA,26,-13800006809474,Corso di Francia,3,50,51.21,1386.4700000000003,1412.0750000000003,1437.6800000000003,14,29.3,51.2,54.0,19.7,6.29,3.41,11.62,1.89,5831,0.5764,10,31,39,54,65,70,74,80
Feriali,GRA,26,-13800006809474,Corso di Francia,3,50,51.21,1386.4700000000003,1412.0750000000003,1437.6800000000003,15,47.2,53.8,55.0,15.9,3.91,3.35,2.44,1.17,5124,0.5065,27,37,43,55,64,70,73,79
Feriali,GRA,26,-13800006809474,Corso di Francia,3,50,51.21,1386.4700000000003,1412.0750000000003,1437.6800000000003,16,45.4,51.5,52.0,15.5,4.06,3.55,1.99,1.22,5359,0.5298,26,34,41,52,62,67,71,76
Feriali,GRA,26,-13800006809474,Corso di Francia,3,50,51.21,1386.4700000000003,1412.0750000000003,1437.6800000000003,17,44.2,50.2,51.0,14.7,4.17,3.61,2.62,1.25,6091,0.6021,25,35,40,51,60,65,68,73
Feriali,GRA,26,-13800006809474,Corso di Francia,3,50,51.21,1386.4700000000003,1412.0750000000003,1437.6800000000003,18,40.6,46.8,48.0,14.2,4.54,3.84,2.92,1.36,6768,0.669,22,32,38,48,57,61,64,69
Feriali,GRA,26,-13800006809474,Corso di Francia,3,50,51.21,1386.4700000000003,1412.0750000000003,1437.6800000000003,19,39.7,46.9,48.0,14.5,4.64,3.84,3.48,1.39,6700,0.6623,22,31,37,48,57,62,65,69
Feriali,GRA,26,-13800006809474,Corso di Francia,3,50,51.21,1386.4700000000003,1412.0750000000003,1437.6800000000003,20,46.2,52.1,53.0,15.7,3.99,3.48,1.87,1.2,5248,0.5188,27,35,41,53,62,68,71,77
Feriali,GRA,26,-13800006809474,Corso di Francia,3,50,51.21,1386.4700000000003,1412.0750000000003,1437.6800000000003,21,49.7,57.4,57.0,17.1,3.71,3.23,3.68,1.11,2809,0.2777,31,39,46,57,68,75,79,86
Feriali,GRA,26,-13800006809474,Corso di Francia,3,50,51.21,1386.4700000000003,1412.0750000000003,1437.6800000000003,22,50.9,57.6,58.0,16.9,3.62,3.18,1.99,1.09,2795,0.2763,31,40,46,58,68,75,79,85
Feriali,GRA,26,-13800006809474,Corso di Francia,3,50,51.21,1386.4700000000003,1412.0750000000003,1437.6800000000003,23,49.3,56.0,56.0,16.6,3.74,3.29,2.11,1.12,3578,0.3537,29,39,45,56,67,73,77,83
Feriali,GRA,27,-13800014505221,Corso di Francia,2,50,87.0,1437.6800000000003,1481.1800000000003,1524.6800000000003,0,44.8,55.7,55.0,19.2,6.99,5.69,7.19,1.0,1771,0.1751,25,37,42,55,68,75,79,89
Feriali,GRA,27,-13800014505221,Corso di Francia,2,50,87.0,1437.6800000000003,1481.1800000000003,1524.6800000000003,1,44.8,57.5,57.0,21.3,6.99,5.49,6.73,1.0,926,0.0915,23,36,43,57,72,80,85,95
Feriali,GRA,27,-13800014505221,Corso di Francia,2,50,87.0,1437.6800000000003,1481.1800000000003,1524.6800000000003,2,36.2,56.6,57.0,23.8,8.66,5.49,12.66,1.24,477,0.0472,13,32,42,57,71,80,87,96
Feriali,GRA,27,-13800014505221,Corso di Francia,2,50,87.0,1437.6800000000003,1481.1800000000003,1524.6800000000003,3,27.1,52.7,54.0,26.0,11.56,5.8,19.39,1.65,296,0.0293,6,23,34,54,73,80,85,92
Feriali,GRA,27,-13800014505221,Corso di Francia,2,50,87.0,1437.6800000000003,1481.1800000000003,1524.6800000000003,4,31.5,52.6,53.0,21.9,9.96,5.91,14.58,1.43,234,0.0231,9,32,40,53,69,75,79,84
Feriali,GRA,27,-13800014505221,Corso di Francia,2,50,87.0,1437.6800000000003,1481.1800000000003,1524.6800000000003,5,41.0,59.8,60.0,22.8,7.65,5.22,11.53,1.09,291,0.0288,21,38,44,60,74,83,90,98
Feriali,GRA,27,-13800014505221,Corso di Francia,2,50,87.0,1437.6800000000003,1481.1800000000003,1524.6800000000003,6,50.4,58.5,58.0,19.8,6.21,5.4,3.39,0.89,894,0.0884,30,38,44,58,72,78,84,91
Feriali,GRA,27,-13800014505221,Corso di Francia,2,50,87.0,1437.6800000000003,1481.1800000000003,1524.6800000000003,7,37.5,48.7,47.0,18.5,8.36,6.66,9.69,1.2,3305,0.3267,19,31,36,47,61,69,74,80
Feriali,GRA,27,-13800014505221,Corso di Francia,2,50,87.0,1437.6800000000003,1481.1800000000003,1524.6800000000003,8,33.9,45.9,45.0,18.4,9.25,6.96,11.77,1.32,5993,0.5924,15,27,34,45,59,66,70,76
Feriali,GRA,27,-13800014505221,Corso di Francia,2,50,87.0,1437.6800000000003,1481.1800000000003,1524.6800000000003,9,35.9,48.6,47.0,18.3,8.72,6.66,13.4,1.25,4444,0.4393,19,32,36,47,61,69,74,79
Feriali,GRA,27,-13800014505221,Corso di Francia,2,50,87.0,1437.6800000000003,1481.1800000000003,1524.6800000000003,10,39.9,51.3,51.0,18.6,7.85,6.14,9.92,1.12,4021,0.3975,22,33,38,51,65,71,76,82
Feriali,GRA,27,-13800014505221,Corso di Francia,2,50,87.0,1437.6800000000003,1481.1800000000003,1524.6800000000003,11,38.3,49.2,48.0,18.8,8.18,6.53,7.94,1.17,4524,0.4472,19,31,36,48,63,70,74,81
Feriali,GRA,27,-13800014505221,Corso di Francia,2,50,87.0,1437.6800000000003,1481.1800000000003,1524.6800000000003,12,34.1,47.0,46.0,18.9,9.19,6.81,12.43,1.32,5219,0.5159,15,28,34,46,61,68,72,78
Feriali,GRA,27,-13800014505221,Corso di Francia,2,50,87.0,1437.6800000000003,1481.1800000000003,1524.6800000000003,13,20.9,43.5,43.0,20.2,15.02,7.28,30.54,2.15,5710,0.5645,6,22,31,43,59,65,69,75
Feriali,GRA,27,-13800014505221,Corso di Francia,2,50,87.0,1437.6800000000003,1481.1800000000003,1524.6800000000003,14,19.8,41.4,41.0,20.5,15.81,7.64,27.81,2.26,6601,0.6525,4,18,29,41,56,64,68,74
Feriali,GRA,27,-13800014505221,Corso di Francia,2,50,87.0,1437.6800000000003,1481.1800000000003,1524.6800000000003,15,31.1,42.2,41.0,18.0,10.08,7.64,10.44,1.44,6298,0.6226,13,23,30,41,55,62,66,73
Feriali,GRA,27,-13800014505221,Corso di Francia,2,50,87.0,1437.6800000000003,1481.1800000000003,1524.6800000000003,16,29.5,40.1,39.0,17.2,10.63,8.03,10.91,1.52,6704,0.6627,12,22,29,39,52,59,63,70
Feriali,GRA,27,-13800014505221,Corso di Francia,2,50,87.0,1437.6800000000003,1481.1800000000003,1524.6800000000003,17,28.5,39.3,38.0,16.8,10.97,8.24,12.55,1.57,7235,0.7152,12,21,28,38,51,58,62,68
Feriali,GRA,27,-13800014505221,Corso di Francia,2,50,87.0,1437.6800000000003,1481.1800000000003,1524.6800000000003,18,25.4,36.0,35.0,16.1,12.33,8.95,12.91,1.76,7721,0.7632,10,18,25,35,47,54,58,64
Feriali,GRA,27,-13800014505221,Corso di Francia,2,50,87.0,1437.6800000000003,1481.1800000000003,1524.6800000000003,19,25.8,37.0,37.0,16.7,12.12,8.46,11.86,1.73,7434,0.7349,9,18,25,37,48,55,60,65
Feriali,GRA,27,-13800014505221,Corso di Francia,2,50,87.0,1437.6800000000003,1481.1800000000003,1524.6800000000003,20,33.2,44.0,42.0,17.8,9.42,7.46,9.68,1.35,5754,0.5688,14,26,33,42,57,63,67,74
Feriali,GRA,27,-13800014505221,Corso di Francia,2,50,87.0,1437.6800000000003,1481.1800000000003,1524.6800000000003,21,37.6,50.3,49.0,18.6,8.34,6.39,12.32,1.19,3131,0.3095,20,33,38,49,63,70,75,82
Feriali,GRA,27,-13800014505221,Corso di Francia,2,50,87.0,1437.6800000000003,1481.1800000000003,1524.6800000000003,22,40.9,51.5,50.0,18.2,7.65,6.26,8.32,1.09,2998,0.2964,22,34,39,50,64,70,75,83
Feriali,GRA,27,-13800014505221,Corso di Francia,2,50,87.0,1437.6800000000003,1481.1800000000003,1524.6800000000003,23,37.3,49.1,48.0,18.5,8.4,6.53,9.44,1.2,3781,0.3738,18,31,37,48,62,68,73,79
Feriali,GRA,28,-13800014505222,Corso di Francia,2,50,22.54,1524.6800000000003,1535.9500000000003,1547.2200000000003,0,33.7,52.2,51.0,20.1,2.41,1.59,7.68,1.0,1767,0.1747,19,33,38,51,66,73,78,86
Feriali,GRA,28,-13800014505222,Corso di Francia,2,50,22.54,1524.6800000000003,1535.9500000000003,1547.2200000000003,1,37.4,55.2,53.0,21.7,2.17,1.53,5.52,0.9,911,0.0901,22,34,40,53,70,79,84,93
Feriali,GRA,28,-13800014505222,Corso di Francia,2,50,22.54,1524.6800000000003,1535.9500000000003,1547.2200000000003,2,36.9,55.7,54.0,22.4,2.2,1.5,4.16,0.91,453,0.0448,18,35,42,54,69,79,86,96
Feriali,GRA,28,-13800014505222,Corso di Francia,2,50,22.54,1524.6800000000003,1535.9500000000003,1547.2200000000003,3,20.9,53.4,54.0,25.0,3.89,1.5,13.27,1.62,280,0.0277,9,26,36,54,72,80,83,91
Feriali,GRA,28,-13800014505222,Corso di Francia,2,50,22.54,1524.6800000000003,1535.9500000000003,1547.2200000000003,4,16.4,50.6,51.0,22.3,4.95,1.59,15.81,2.06,246,0.0243,5,30,38,51,67,75,77,83
Feriali,GRA,28,-13800014505222,Corso di Francia,2,50,22.54,1524.6800000000003,1535.9500000000003,1547.2200000000003,5,24.2,56.5,57.0,23.5,3.35,1.42,13.48,1.39,292,0.0289,12,34,41,57,73,80,85,97
Feriali,GRA,28,-13800014505222,Corso di Francia,2,50,22.54,1524.6800000000003,1535.9500000000003,1547.2200000000003,6,40.7,55.6,55.0,20.9,1.99,1.48,3.87,0.83,906,0.0896,22,34,41,55,71,77,82,89
Feriali,GRA,28,-13800014505222,Corso di Francia,2,50,22.54,1524.6800000000003,1535.9500000000003,1547.2200000000003,7,31.9,46.3,45.0,19.7,2.55,1.8,3.6,1.06,3271,0.3233,13,26,32,45,60,68,72,78
Feriali,GRA,28,-13800014505222,Corso di Francia,2,50,22.54,1524.6800000000003,1535.9500000000003,1547.2200000000003,8,26.6,43.5,43.0,19.6,3.05,1.89,6.27,1.27,6006,0.5937,10,23,30,43,58,65,69,75
Feriali,GRA,28,-13800014505222,Corso di Francia,2,50,22.54,1524.6800000000003,1535.9500000000003,1547.2200000000003,9,29.2,45.3,45.0,19.8,2.78,1.8,4.83,1.15,4450,0.4399,12,24,31,45,60,67,72,78
Feriali,GRA,28,-13800014505222,Corso di Francia,2,50,22.54,1524.6800000000003,1535.9500000000003,1547.2200000000003,10,30.0,47.2,47.0,20.5,2.71,1.73,5.24,1.12,4014,0.3968,12,26,32,47,63,69,74,80
Feriali,GRA,28,-13800014505222,Corso di Francia,2,50,22.54,1524.6800000000003,1535.9500000000003,1547.2200000000003,11,27.8,45.4,44.0,20.5,2.92,1.84,6.27,1.21,4515,0.4463,11,24,31,44,61,68,73,79
Feriali,GRA,28,-13800014505222,Corso di Francia,2,50,22.54,1524.6800000000003,1535.9500000000003,1547.2200000000003,12,26.4,44.3,44.0,20.1,3.07,1.84,5.71,1.28,5176,0.5117,9,23,30,44,59,66,71,76
Feriali,GRA,28,-13800014505222,Corso di Francia,2,50,22.54,1524.6800000000003,1535.9500000000003,1547.2200000000003,13,20.3,40.6,40.0,20.2,4.01,2.03,10.77,1.66,5670,0.5605,6,18,26,40,56,63,67,73
Feriali,GRA,28,-13800014505222,Corso di Francia,2,50,22.54,1524.6800000000003,1535.9500000000003,1547.2200000000003,14,19.9,39.3,39.0,20.6,4.07,2.08,7.28,1.69,6582,0.6507,5,16,24,39,54,62,66,73
Feriali,GRA,28,-13800014505222,Corso di Francia,2,50,22.54,1524.6800000000003,1535.9500000000003,1547.2200000000003,15,25.8,40.6,40.0,18.5,3.14,2.03,4.46,1.3,6291,0.6219,9,21,28,40,54,61,65,72
Feriali,GRA,28,-13800014505222,Corso di Francia,2,50,22.54,1524.6800000000003,1535.9500000000003,1547.2200000000003,16,23.5,38.4,37.0,17.8,3.46,2.19,7.26,1.44,6711,0.6634,8,20,26,37,51,58,62,68
Feriali,GRA,28,-13800014505222,Corso di Francia,2,50,22.54,1524.6800000000003,1535.9500000000003,1547.2200000000003,17,23.3,37.8,37.0,17.4,3.48,2.19,6.3,1.45,7179,0.7097,8,20,26,37,50,57,61,67
Feriali,GRA,28,-13800014505222,Corso di Francia,2,50,22.54,1524.6800000000003,1535.9500000000003,1547.2200000000003,18,21.6,35.0,34.0,16.3,3.75,2.39,6.63,1.56,7715,0.7627,7,17,24,34,46,53,57,63
Feriali,GRA,28,-13800014505222,Corso di Francia,2,50,22.54,1524.6800000000003,1535.9500000000003,1547.2200000000003,19,22.5,36.2,35.0,16.8,3.61,2.32,5.78,1.5,7380,0.7295,8,19,25,35,48,54,59,64
Feriali,GRA,28,-13800014505222,Corso di Francia,2,50,22.54,1524.6800000000003,1535.9500000000003,1547.2200000000003,20,26.4,42.1,41.0,18.7,3.08,1.98,6.74,1.28,5687,0.5622,11,23,29,41,56,62,67,73
Feriali,GRA,28,-13800014505222,Corso di Francia,2,50,22.54,1524.6800000000003,1535.9500000000003,1547.2200000000003,21,29.9,47.4,46.0,20.1,2.71,1.76,5.88,1.13,3090,0.3055,13,28,34,46,61,69,74,81
Feriali,GRA,28,-13800014505222,Corso di Francia,2,50,22.54,1524.6800000000003,1535.9500000000003,1547.2200000000003,22,31.3,48.2,47.0,19.7,2.59,1.73,7.57,1.08,2963,0.2929,16,29,34,47,62,69,74,81
Feriali,GRA,28,-13800014505222,Corso di Francia,2,50,22.54,1524.6800000000003,1535.9500000000003,1547.2200000000003,23,29.7,45.9,45.0,19.8,2.73,1.8,5.08,1.14,3755,0.3712,13,26,32,45,60,67,71,78
Feriali,GRA,29,-13800007290272,Corso di Francia,2,50,22.27,1547.2200000000003,1558.3550000000002,1569.4900000000002,0,28.5,48.9,48.0,21.9,2.81,1.67,8.47,1.0,1782,0.1762,13,26,33,48,64,72,77,85
Feriali,GRA,29,-13800007290272,Corso di Francia,2,50,22.27,1547.2200000000003,1558.3550000000002,1569.4900000000002,1,38.5,52.2,50.0,23.0,2.08,1.6,1.98,0.74,919,0.0908,17,30,35,50,68,77,83,91
Feriali,GRA,29,-13800007290272,Corso di Francia,2,50,22.27,1547.2200000000003,1558.3550000000002,1569.4900000000002,2,24.5,53.2,51.0,23.3,3.28,1.57,16.79,1.17,460,0.0455,17,29,38,51,69,77,84,93
Feriali,GRA,29,-13800007290272,Corso di Francia,2,50,22.27,1547.2200000000003,1558.3550000000002,1569.4900000000002,3,24.3,51.3,51.0,24.9,3.29,1.57,8.18,1.17,284,0.0281,10,25,33,51,71,79,82,90
Feriali,GRA,29,-13800007290272,Corso di Francia,2,50,22.27,1547.2200000000003,1558.3550000000002,1569.4900000000002,4,28.6,49.0,49.0,22.2,2.8,1.64,4.87,1.0,251,0.0248,12,26,33,49,65,75,77,83
Feriali,GRA,29,-13800007290272,Corso di Francia,2,50,22.27,1547.2200000000003,1558.3550000000002,1569.4900000000002,5,31.5,53.8,54.0,24.0,2.55,1.48,5.3,0.91,297,0.0294,12,30,36,54,71,78,84,97
Feriali,GRA,29,-13800007290272,Corso di Francia,2,50,22.27,1547.2200000000003,1558.3550000000002,1569.4900000000002,6,37.1,53.0,53.0,22.4,2.16,1.51,3.27,0.77,908,0.0898,17,29,36,53,70,76,81,87
Feriali,GRA,29,-13800007290272,Corso di Francia,2,50,22.27,1547.2200000000003,1558.3550000000002,1569.4900000000002,7,25.1,43.1,42.0,21.1,3.2,1.91,4.41,1.14,3266,0.3229,7,20,28,42,59,67,71,77
Feriali,GRA,29,-13800007290272,Corso di Francia,2,50,22.27,1547.2200000000003,1558.3550000000002,1569.4900000000002,8,22.0,40.9,41.0,20.7,3.65,1.96,5.44,1.3,6017,0.5948,6,17,26,41,56,64,67,74
Feriali,GRA,29,-13800007290272,Corso di Francia,2,50,22.27,1547.2200000000003,1558.3550000000002,1569.4900000000002,9,23.5,42.5,43.0,21.3,3.41,1.86,4.96,1.21,4461,0.441,7,18,26,43,59,66,70,76
Feriali,GRA,29,-13800007290272,Corso di Francia,2,50,22.27,1547.2200000000003,1558.3550000000002,1569.4900000000002,10,23.8,44.1,44.0,22.2,3.36,1.82,5.2,1.2,4024,0.3978,7,19,28,44,61,68,73,79
Feriali,GRA,29,-13800007290272,Corso di Francia,2,50,22.27,1547.2200000000003,1558.3550000000002,1569.4900000000002,11,23.6,42.7,42.0,21.7,3.4,1.91,4.84,1.21,4521,0.4469,7,18,26,42,59,67,71,77
Feriali,GRA,29,-13800007290272,Corso di Francia,2,50,22.27,1547.2200000000003,1558.3550000000002,1569.4900000000002,12,22.1,41.6,42.0,21.1,3.64,1.91,5.84,1.29,5201,0.5141,6,17,26,42,58,65,69,75
Feriali,GRA,29,-13800007290272,Corso di Francia,2,50,22.27,1547.2200000000003,1558.3550000000002,1569.4900000000002,13,17.4,37.8,37.0,21.0,4.61,2.17,7.87,1.64,5694,0.5629,4,13,22,37,54,62,66,72
Feriali,GRA,29,-13800007290272,Corso di Francia,2,50,22.27,1547.2200000000003,1558.3550000000002,1569.4900000000002,14,17.6,37.0,36.0,21.0,4.56,2.23,6.89,1.62,6632,0.6556,4,12,20,36,53,61,65,71
Feriali,GRA,29,-13800007290272,Corso di Francia,2,50,22.27,1547.2200000000003,1558.3550000000002,1569.4900000000002,15,20.4,38.0,38.0,19.4,3.92,2.11,5.76,1.39,6330,0.6257,6,16,24,38,52,59,64,70
Feriali,GRA,29,-13800007290272,Corso di Francia,2,50,22.27,1547.2200000000003,1558.3550000000002,1569.4900000000002,16,18.8,35.9,35.0,18.7,4.27,2.29,7.06,1.52,6735,0.6658,5,15,22,35,49,57,61,67
Feriali,GRA,29,-13800007290272,Corso di Francia,2,50,22.27,1547.2200000000003,1558.3550000000002,1569.4900000000002,17,19.1,35.5,35.0,18.1,4.21,2.29,6.63,1.49,7198,0.7115,5,16,23,35,48,55,59,66
Feriali,GRA,29,-13800007290272,Corso di Francia,2,50,22.27,1547.2200000000003,1558.3550000000002,1569.4900000000002,18,17.8,32.9,32.0,16.9,4.5,2.51,6.78,1.6,7732,0.7643,5,15,21,32,45,52,56,61
Feriali,GRA,29,-13800007290272,Corso di Francia,2,50,22.27,1547.2200000000003,1558.3550000000002,1569.4900000000002,19,19.3,34.1,33.0,17.2,4.15,2.43,5.89,1.47,7406,0.7321,6,16,22,33,47,53,57,62
Feriali,GRA,29,-13800007290272,Corso di Francia,2,50,22.27,1547.2200000000003,1558.3550000000002,1569.4900000000002,20,21.8,39.6,39.0,19.8,3.67,2.06,5.71,1.31,5688,0.5623,6,17,26,39,54,61,66,72
Feriali,GRA,29,-13800007290272,Corso di Francia,2,50,22.27,1547.2200000000003,1558.3550000000002,1569.4900000000002,21,25.4,44.3,44.0,21.6,3.16,1.82,5.97,1.12,3099,0.3063,8,20,29,44,60,67,72,79
Feriali,GRA,29,-13800007290272,Corso di Francia,2,50,22.27,1547.2200000000003,1558.3550000000002,1569.4900000000002,22,25.8,45.2,45.0,21.4,3.11,1.78,7.96,1.1,2971,0.2937,10,21,30,45,61,68,73,80
Feriali,GRA,29,-13800007290272,Corso di Francia,2,50,22.27,1547.2200000000003,1558.3550000000002,1569.4900000000002,23,24.5,42.8,42.0,21.3,3.27,1.91,5.7,1.16,3789,0.3746,8,19,27,42,59,66,70,77
Feriali,GRA,30,-13800006851951,Corso di Francia,2,50,30.98,1569.4900000000002,1584.9800000000002,1600.4700000000003,0,13.9,42.4,46.0,27.3,8.05,2.42,12.01,1.0,1731,0.1711,3,6,15,46,63,72,77,84
Feriali,GRA,30,-13800006851951,Corso di Francia,2,50,30.98,1569.4900000000002,1584.9800000000002,1600.4700000000003,1,13.2,44.1,46.0,29.8,8.44,2.42,12.4,1.05,895,0.0885,3,6,13,46,68,76,81,90
Feriali,GRA,30,-13800006851951,Corso di Francia,2,50,30.98,1569.4900000000002,1584.9800000000002,1600.4700000000003,2,13.7,44.8,48.0,30.2,8.17,2.32,12.76,1.01,453,0.0448,3,6,13,48,68,76,83,93
Feriali,GRA,30,-13800006851951,Corso di Francia,2,50,30.98,1569.4900000000002,1584.9800000000002,1600.4700000000003,3,15.2,46.5,51.0,29.5,7.32,2.19,11.39,0.91,273,0.027,3,7,18,51,70,79,82,88
Feriali,GRA,30,-13800006851951,Corso di Francia,2,50,30.98,1569.4900000000002,1584.9800000000002,1600.4700000000003,4,14.9,43.8,47.0,27.0,7.47,2.37,12.19,0.93,244,0.0241,3,9,17,47,65,74,76,81
Feriali,GRA,30,-13800006851951,Corso di Francia,2,50,30.98,1569.4900000000002,1584.9800000000002,1600.4700000000003,5,13.4,45.7,51.0,30.7,8.3,2.19,12.21,1.03,293,0.029,3,6,13,51,69,79,83,93
Feriali,GRA,30,-13800006851951,Corso di Francia,2,50,30.98,1569.4900000000002,1584.9800000000002,1600.4700000000003,6,14.8,46.4,52.0,28.4,7.56,2.14,11.41,0.94,890,0.088,3,6,18,52,69,76,79,87
Feriali,GRA,30,-13800006851951,Corso di Francia,2,50,30.98,1569.4900000000002,1584.9800000000002,1600.4700000000003,7,15.6,39.9,41.0,23.5,7.15,2.72,10.6,0.89,3005,0.2971,3,9,22,41,58,65,70,76
Feriali,GRA,30,-13800006851951,Corso di Francia,2,50,30.98,1569.4900000000002,1584.9800000000002,1600.4700000000003,8,16.0,38.4,38.0,21.3,6.97,2.93,10.77,0.87,5857,0.579,3,13,23,38,55,62,66,72
Feriali,GRA,30,-13800006851951,Corso di Francia,2,50,30.98,1569.4900000000002,1584.9800000000002,1600.4700000000003,9,15.6,39.4,40.0,22.6,7.17,2.79,11.49,0.89,4336,0.4286,3,10,22,40,58,64,69,75
Feriali,GRA,30,-13800006851951,Corso di Francia,2,50,30.98,1569.4900000000002,1584.9800000000002,1600.4700000000003,10,15.1,40.5,41.0,23.9,7.38,2.72,11.13,0.92,3918,0.3873,3,8,22,41,60,67,71,77
Feriali,GRA,30,-13800006851951,Corso di Francia,2,50,30.98,1569.4900000000002,1584.9800000000002,1600.4700000000003,11,16.0,40.0,40.0,22.9,6.97,2.79,10.86,0.87,4372,0.4322,3,12,23,40,58,65,70,76
Feriali,GRA,30,-13800006851951,Corso di Francia,2,50,30.98,1569.4900000000002,1584.9800000000002,1600.4700000000003,12,15.8,38.9,39.0,22.2,7.07,2.86,10.79,0.88,5037,0.4979,3,10,22,39,57,64,67,74
Feriali,GRA,30,-13800006851951,Corso di Francia,2,50,30.98,1569.4900000000002,1584.9800000000002,1600.4700000000003,13,12.9,35.2,34.0,21.6,8.68,3.28,13.44,1.08,5535,0.5472,3,7,19,34,52,60,64,70
Feriali,GRA,30,-13800006851951,Corso di Francia,2,50,30.98,1569.4900000000002,1584.9800000000002,1600.4700000000003,14,12.7,34.6,34.0,21.7,8.77,3.28,13.47,1.09,6405,0.6332,3,6,18,34,52,59,64,70
Feriali,GRA,30,-13800006851951,Corso di Francia,2,50,30.98,1569.4900000000002,1584.9800000000002,1600.4700000000003,15,15.8,35.6,35.0,19.8,7.08,3.19,10.62,0.88,6148,0.6078,3,13,22,35,50,58,62,68
Feriali,GRA,30,-13800006851951,Corso di Francia,2,50,30.98,1569.4900000000002,1584.9800000000002,1600.4700000000003,16,15.2,33.7,33.0,18.9,7.35,3.38,11.07,0.91,6487,0.6413,3,13,20,33,47,55,60,65
Feriali,GRA,30,-13800006851951,Corso di Francia,2,50,30.98,1569.4900000000002,1584.9800000000002,1600.4700000000003,17,15.3,33.2,32.0,18.2,7.3,3.49,10.83,0.91,6936,0.6856,3,14,21,32,46,54,58,64
Feriali,GRA,30,-13800006851951,Corso di Francia,2,50,30.98,1569.4900000000002,1584.9800000000002,1600.4700000000003,18,14.7,30.7,30.0,16.9,7.61,3.72,10.94,0.95,7439,0.7354,3,12,19,30,42,49,54,60
Feriali,GRA,30,-13800006851951,Corso di Francia,2,50,30.98,1569.4900000000002,1584.9800000000002,1600.4700000000003,19,15.0,31.6,31.0,17.5,7.46,3.6,10.69,0.93,7175,0.7093,3,12,20,31,44,51,55,61
Feriali,GRA,30,-13800006851951,Corso di Francia,2,50,30.98,1569.4900000000002,1584.9800000000002,1600.4700000000003,20,16.0,37.1,37.0,20.8,6.96,3.01,10.61,0.86,5494,0.5431,3,12,22,37,53,60,64,71
Feriali,GRA,30,-13800006851951,Corso di Francia,2,50,30.98,1569.4900000000002,1584.9800000000002,1600.4700000000003,21,13.6,39.5,42.0,25.1,8.23,2.66,14.16,1.02,2991,0.2957,3,6,16,42,59,66,71,77
Feriali,GRA,30,-13800006851951,Corso di Francia,2,50,30.98,1569.4900000000002,1584.9800000000002,1600.4700000000003,22,13.3,39.7,42.0,25.2,8.42,2.66,12.54,1.05,2884,0.2851,3,5,16,42,60,67,71,79
Feriali,GRA,30,-13800006851951,Corso di Francia,2,50,30.98,1569.4900000000002,1584.9800000000002,1600.4700000000003,23,13.4,38.4,38.0,24.2,8.32,2.93,13.84,1.03,3678,0.3636,3,6,17,38,58,65,69,75
Feriali,GRA,31,-13800006771004,Corso di Francia,2,50,65.7,1600.4700000000003,1633.3200000000002,1666.1700000000003,0,34.8,45.9,45.0,19.3,6.79,5.26,5.93,1.0,1737,0.1717,15,28,32,45,59,66,72,80
Feriali,GRA,31,-13800006771004,Corso di Francia,2,50,65.7,1600.4700000000003,1633.3200000000002,1666.1700000000003,1,35.5,48.0,46.0,21.8,6.66,5.14,5.31,0.98,897,0.0887,15,27,32,46,63,73,79,87
Feriali,GRA,31,-13800006771004,Corso di Francia,2,50,65.7,1600.4700000000003,1633.3200000000002,1666.1700000000003,2,36.7,48.9,46.0,22.3,6.44,5.14,5.01,0.95,462,0.0457,15,28,31,46,63,73,80,90
Feriali,GRA,31,-13800006771004,Corso di Francia,2,50,65.7,1600.4700000000003,1633.3200000000002,1666.1700000000003,3,34.1,49.9,49.0,23.1,6.94,4.83,8.35,1.02,279,0.0276,13,26,31,49,68,77,81,83
Feriali,GRA,31,-13800006771004,Corso di Francia,2,50,65.7,1600.4700000000003,1633.3200000000002,1666.1700000000003,4,36.0,47.8,47.0,20.2,6.58,5.03,5.27,0.97,255,0.0252,16,27,33,47,63,69,74,81
Feriali,GRA,31,-13800006771004,Corso di Francia,2,50,65.7,1600.4700000000003,1633.3200000000002,1666.1700000000003,5,31.1,49.4,51.0,23.3,7.61,4.64,12.03,1.12,297,0.0294,12,25,31,51,65,74,80,90
Feriali,GRA,31,-13800006771004,Corso di Francia,2,50,65.7,1600.4700000000003,1633.3200000000002,1666.1700000000003,6,32.6,47.6,47.0,21.9,7.26,5.03,6.73,1.07,883,0.0873,9,25,31,47,64,71,76,83
Feriali,GRA,31,-13800006771004,Corso di Francia,2,50,65.7,1600.4700000000003,1633.3200000000002,1666.1700000000003,7,31.8,41.0,39.0,16.4,7.44,6.06,9.68,1.09,2978,0.2944,15,26,30,39,51,59,64,71
Feriali,GRA,31,-13800006771004,Corso di Francia,2,50,65.7,1600.4700000000003,1633.3200000000002,1666.1700000000003,8,32.5,39.0,37.0,14.3,7.29,6.39,4.95,1.07,5850,0.5783,17,26,30,37,48,55,59,65
Feriali,GRA,31,-13800006771004,Corso di Francia,2,50,65.7,1600.4700000000003,1633.3200000000002,1666.1700000000003,9,33.0,40.9,39.0,15.7,7.18,6.06,5.31,1.06,4339,0.4289,17,26,30,39,51,59,63,69
Feriali,GRA,31,-13800006771004,Corso di Francia,2,50,65.7,1600.4700000000003,1633.3200000000002,1666.1700000000003,10,32.9,42.0,40.0,16.7,7.2,5.91,6.16,1.06,3911,0.3866,16,27,31,40,54,61,65,71
Feriali,GRA,31,-13800006771004,Corso di Francia,2,50,65.7,1600.4700000000003,1633.3200000000002,1666.1700000000003,11,32.8,41.1,39.0,16.2,7.21,6.06,5.82,1.06,4358,0.4308,17,26,30,39,52,59,64,70
Feriali,GRA,31,-13800006771004,Corso di Francia,2,50,65.7,1600.4700000000003,1633.3200000000002,1666.1700000000003,12,30.4,39.0,37.0,15.7,7.79,6.39,6.25,1.15,5057,0.4999,14,24,28,37,49,56,61,67
Feriali,GRA,31,-13800006771004,Corso di Francia,2,50,65.7,1600.4700000000003,1633.3200000000002,1666.1700000000003,13,20.7,35.5,35.0,16.4,11.43,6.76,17.43,1.68,5524,0.5461,6,19,26,35,45,53,58,64
Feriali,GRA,31,-13800006771004,Corso di Francia,2,50,65.7,1600.4700000000003,1633.3200000000002,1666.1700000000003,14,20.1,34.9,34.0,16.6,11.74,6.96,17.79,1.73,6397,0.6324,6,18,25,34,44,52,57,64
Feriali,GRA,31,-13800006771004,Corso di Francia,2,50,65.7,1600.4700000000003,1633.3200000000002,1666.1700000000003,15,27.5,35.4,34.0,14.6,8.61,6.96,7.21,1.27,6154,0.6083,13,21,26,34,44,51,55,62
Feriali,GRA,31,-13800006771004,Corso di Francia,2,50,65.7,1600.4700000000003,1633.3200000000002,1666.1700000000003,16,26.3,33.4,32.0,13.8,8.99,7.39,6.47,1.32,6493,0.6419,12,20,24,32,41,48,52,59
Feriali,GRA,31,-13800006771004,Corso di Francia,2,50,65.7,1600.4700000000003,1633.3200000000002,1666.1700000000003,17,26.2,32.8,32.0,13.0,9.02,7.39,6.55,1.33,6941,0.6861,13,20,24,32,40,46,50,56
Feriali,GRA,31,-13800006771004,Corso di Francia,2,50,65.7,1600.4700000000003,1633.3200000000002,1666.1700000000003,18,22.9,29.9,30.0,12.4,10.32,7.88,8.72,1.52,7442,0.7357,10,17,21,30,38,42,46,51
Feriali,GRA,31,-13800006771004,Corso di Francia,2,50,65.7,1600.4700000000003,1633.3200000000002,1666.1700000000003,19,23.5,31.1,31.0,13.0,10.08,7.63,9.22,1.48,7175,0.7093,10,18,22,31,39,44,48,54
Feriali,GRA,31,-13800006771004,Corso di Francia,2,50,65.7,1600.4700000000003,1633.3200000000002,1666.1700000000003,20,29.7,37.7,36.0,15.0,7.96,6.57,6.41,1.17,5504,0.5441,14,23,28,36,47,54,58,65
Feriali,GRA,31,-13800006771004,Corso di Francia,2,50,65.7,1600.4700000000003,1633.3200000000002,1666.1700000000003,21,31.4,42.7,40.0,17.7,7.54,5.91,10.8,1.11,3005,0.2971,14,27,31,40,54,61,66,74
Feriali,GRA,31,-13800006771004,Corso di Francia,2,50,65.7,1600.4700000000003,1633.3200000000002,1666.1700000000003,22,33.6,43.0,41.0,17.4,7.03,5.77,5.91,1.04,2891,0.2858,15,27,31,41,55,62,67,74
Feriali,GRA,31,-13800006771004,Corso di Francia,2,50,65.7,1600.4700000000003,1633.3200000000002,1666.1700000000003,23,32.3,41.5,39.0,16.8,7.32,6.06,6.9,1.08,3690,0.3648,15,26,30,39,52,60,64,71
Feriali,GRA,32,-13800007410845,Corso di Francia,2,50,7.17,1666.1700000000003,1669.7550000000003,1673.3400000000004,0,37.6,46.7,45.0,17.2,0.69,0.57,0.61,1.0,1933,0.1911,20,30,36,45,57,64,69,77
Feriali,GRA,32,-13800007410845,Corso di Francia,2,50,7.17,1666.1700000000003,1669.7550000000003,1673.3400000000004,1,38.8,49.0,47.0,19.3,0.67,0.55,0.54,0.97,1014,0.1002,20,30,36,47,61,69,76,84
Feriali,GRA,32,-13800007410845,Corso di Francia,2,50,7.17,1666.1700000000003,1669.7550000000003,1673.3400000000004,2,37.9,50.7,49.0,20.0,0.68,0.53,0.78,0.99,515,0.0509,21,32,38,49,62,71,78,87
Feriali,GRA,32,-13800007410845,Corso di Francia,2,50,7.17,1666.1700000000003,1669.7550000000003,1673.3400000000004,3,36.5,51.0,50.0,21.3,0.71,0.52,0.86,1.03,310,0.0306,14,29,37,50,67,75,79,84
Feriali,GRA,32,-13800007410845,Corso di Francia,2,50,7.17,1666.1700000000003,1669.7550000000003,1673.3400000000004,4,40.6,49.6,48.0,18.1,0.64,0.54,0.48,0.93,291,0.0288,21,32,37,48,61,69,73,81
Feriali,GRA,32,-13800007410845,Corso di Francia,2,50,7.17,1666.1700000000003,1669.7550000000003,1673.3400000000004,5,37.1,50.2,48.0,19.3,0.7,0.54,1.11,1.01,369,0.0365,22,32,37,48,61,70,76,85
Feriali,GRA,32,-13800007410845,Corso di Francia,2,50,7.17,1666.1700000000003,1669.7550000000003,1673.3400000000004,6,36.3,45.5,43.0,18.4,0.71,0.6,0.53,1.04,1137,0.1124,19,27,32,43,57,66,71,78
Feriali,GRA,32,-13800007410845,Corso di Francia,2,50,7.17,1666.1700000000003,1669.7550000000003,1673.3400000000004,7,27.9,38.3,37.0,15.7,0.93,0.7,1.5,1.35,3645,0.3603,15,23,28,37,47,54,59,67
Feriali,GRA,32,-13800007410845,Corso di Francia,2,50,7.17,1666.1700000000003,1669.7550000000003,1673.3400000000004,8,26.3,36.3,36.0,14.0,0.98,0.72,1.76,1.43,6761,0.6683,14,22,27,36,45,50,54,61
Feriali,GRA,32,-13800007410845,Corso di Francia,2,50,7.17,1666.1700000000003,1669.7550000000003,1673.3400000000004,9,28.8,38.6,38.0,14.9,0.9,0.68,1.44,1.31,5137,0.5078,16,24,28,38,47,54,59,65
Feriali,GRA,32,-13800007410845,Corso di Francia,2,50,7.17,1666.1700000000003,1669.7550000000003,1673.3400000000004,10,30.4,39.6,38.0,15.4,0.85,0.68,1.1,1.24,4722,0.4668,17,24,29,38,49,56,60,67
Feriali,GRA,32,-13800007410845,Corso di Francia,2,50,7.17,1666.1700000000003,1669.7550000000003,1673.3400000000004,11,28.4,38.6,37.0,15.4,0.91,0.7,1.43,1.32,5197,0.5137,15,23,28,37,48,55,60,66
Feriali,GRA,32,-13800007410845,Corso di Francia,2,50,7.17,1666.1700000000003,1669.7550000000003,1673.3400000000004,12,26.4,36.7,36.0,15.0,0.98,0.72,1.59,1.43,5965,0.5897,13,22,27,36,45,52,57,63
Feriali,GRA,32,-13800007410845,Corso di Francia,2,50,7.17,1666.1700000000003,1669.7550000000003,1673.3400000000004,13,20.1,33.9,34.0,15.4,1.29,0.76,2.55,1.87,6424,0.635,8,18,24,34,43,49,54,61
Feriali,GRA,32,-13800007410845,Corso di Francia,2,50,7.17,1666.1700000000003,1669.7550000000003,1673.3400000000004,14,19.0,33.3,33.0,15.4,1.36,0.78,3.24,1.98,7299,0.7215,8,17,23,33,43,48,53,60
Feriali,GRA,32,-13800007410845,Corso di Francia,2,50,7.17,1666.1700000000003,1669.7550000000003,1673.3400000000004,15,23.2,33.2,33.0,14.0,1.11,0.78,1.98,1.62,7002,0.6922,12,19,23,33,42,47,52,57
Feriali,GRA,32,-13800007410845,Corso di Francia,2,50,7.17,1666.1700000000003,1669.7550000000003,1673.3400000000004,16,22.0,31.6,31.0,13.6,1.17,0.83,1.95,1.71,7300,0.7216,11,18,22,31,40,45,49,55
Feriali,GRA,32,-13800007410845,Corso di Francia,2,50,7.17,1666.1700000000003,1669.7550000000003,1673.3400000000004,17,20.6,30.9,30.0,13.2,1.26,0.86,2.46,1.83,7831,0.7741,11,18,22,30,39,44,47,53
Feriali,GRA,32,-13800007410845,Corso di Francia,2,50,7.17,1666.1700000000003,1669.7550000000003,1673.3400000000004,18,18.6,28.4,28.0,12.5,1.39,0.92,2.54,2.02,8360,0.8264,9,15,19,28,37,41,44,49
Feriali,GRA,32,-13800007410845,Corso di Francia,2,50,7.17,1666.1700000000003,1669.7550000000003,1673.3400000000004,19,19.1,29.5,29.0,12.8,1.35,0.89,2.64,1.97,8164,0.807,10,16,20,29,38,42,46,51
Feriali,GRA,32,-13800007410845,Corso di Francia,2,50,7.17,1666.1700000000003,1669.7550000000003,1673.3400000000004,20,25.6,35.6,35.0,14.5,1.01,0.74,1.75,1.47,6415,0.6341,14,21,26,35,44,50,55,61
Feriali,GRA,32,-13800007410845,Corso di Francia,2,50,7.17,1666.1700000000003,1669.7550000000003,1673.3400000000004,21,32.3,41.8,40.0,16.0,0.8,0.65,1.09,1.17,3659,0.3617,18,26,31,40,51,58,63,70
Feriali,GRA,32,-13800007410845,Corso di Francia,2,50,7.17,1666.1700000000003,1669.7550000000003,1673.3400000000004,22,34.0,42.4,41.0,16.0,0.76,0.63,0.64,1.11,3394,0.3355,17,27,32,41,52,59,64,71
Feriali,GRA,32,-13800007410845,Corso di Francia,2,50,7.17,1666.1700000000003,1669.7550000000003,1673.3400000000004,23,32.7,41.4,40.0,15.4,0.79,0.65,1.11,1.15,4115,0.4068,18,27,32,40,50,57,62,68
Feriali,GRA,33,-13800007410844,Corso di Francia,2,50,21.91,1673.3400000000004,1684.2950000000003,1695.2500000000005,0,30.0,45.1,44.0,18.0,2.63,1.79,4.26,1.0,1932,0.191,15,27,34,44,56,63,68,76
Feriali,GRA,33,-13800007410844,Corso di Francia,2,50,21.91,1673.3400000000004,1684.2950000000003,1695.2500000000005,1,33.4,47.9,47.0,20.2,2.37,1.68,2.91,0.9,1016,0.1004,16,27,34,47,61,69,75,83
Feriali,GRA,33,-13800007410844,Corso di Francia,2,50,21.91,1673.3400000000004,1684.2950000000003,1695.2500000000005,2,37.2,50.4,49.0,20.0,2.12,1.61,2.68,0.81,516,0.051,19,30,38,49,63,70,77,87
Feriali,GRA,33,-13800007410844,Corso di Francia,2,50,21.91,1673.3400000000004,1684.2950000000003,1695.2500000000005,3,33.9,50.3,49.0,21.6,2.33,1.61,3.17,0.89,310,0.0306,13,27,36,49,67,73,78,83
Feriali,GRA,33,-13800007410844,Corso di Francia,2,50,21.91,1673.3400000000004,1684.2950000000003,1695.2500000000005,4,37.7,48.9,48.0,18.7,2.09,1.64,1.96,0.8,291,0.0288,19,29,36,48,61,68,73,83
Feriali,GRA,33,-13800007410844,Corso di Francia,2,50,21.91,1673.3400000000004,1684.2950000000003,1695.2500000000005,5,33.4,49.3,48.0,20.0,2.36,1.64,4.19,0.9,369,0.0365,17,31,37,48,61,69,75,85
Feriali,GRA,33,-13800007410844,Corso di Francia,2,50,21.91,1673.3400000000004,1684.2950000000003,1695.2500000000005,6,27.6,44.2,43.0,19.6,2.86,1.83,4.43,1.09,1135,0.1122,11,24,31,43,57,65,70,76
Feriali,GRA,33,-13800007410844,Corso di Francia,2,50,21.91,1673.3400000000004,1684.2950000000003,1695.2500000000005,7,20.6,36.3,36.0,16.5,3.83,2.19,6.27,1.46,3630,0.3588,6,21,26,36,46,53,58,65
Feriali,GRA,33,-13800007410844,Corso di Francia,2,50,21.91,1673.3400000000004,1684.2950000000003,1695.2500000000005,8,20.2,34.3,34.0,14.7,3.91,2.32,6.43,1.49,6752,0.6675,7,20,25,34,43,49,53,59
Feriali,GRA,33,-13800007410844,Corso di Francia,2,50,21.91,1673.3400000000004,1684.2950000000003,1695.2500000000005,9,21.5,36.8,37.0,15.8,3.68,2.13,6.15,1.4,5129,0.507,8,22,27,37,46,53,57,63
Feriali,GRA,33,-13800007410844,Corso di Francia,2,50,21.91,1673.3400000000004,1684.2950000000003,1695.2500000000005,10,22.9,37.6,37.0,16.2,3.44,2.13,5.52,1.31,4708,0.4654,9,22,27,37,48,54,58,64
Feriali,GRA,33,-13800007410844,Corso di Francia,2,50,21.91,1673.3400000000004,1684.2950000000003,1695.2500000000005,11,22.0,36.8,36.0,16.1,3.59,2.19,5.81,1.37,5198,0.5138,8,21,27,36,47,53,58,64
Feriali,GRA,33,-13800007410844,Corso di Francia,2,50,21.91,1673.3400000000004,1684.2950000000003,1695.2500000000005,12,20.1,34.6,34.0,15.7,3.93,2.32,6.35,1.5,5950,0.5882,7,19,24,34,44,50,55,62
Feriali,GRA,33,-13800007410844,Corso di Francia,2,50,21.91,1673.3400000000004,1684.2950000000003,1695.2500000000005,13,16.6,31.9,32.0,15.7,4.76,2.46,7.92,1.81,6414,0.634,4,16,22,32,42,47,52,59
Feriali,GRA,33,-13800007410844,Corso di Francia,2,50,21.91,1673.3400000000004,1684.2950000000003,1695.2500000000005,14,17.0,31.6,32.0,15.6,4.65,2.46,7.45,1.77,7290,0.7206,5,15,21,32,41,47,51,58
Feriali,GRA,33,-13800007410844,Corso di Francia,2,50,21.91,1673.3400000000004,1684.2950000000003,1695.2500000000005,15,18.4,31.2,31.0,14.5,4.28,2.54,6.53,1.63,6992,0.6912,6,17,21,31,40,46,50,56
Feriali,GRA,33,-13800007410844,Corso di Francia,2,50,21.91,1673.3400000000004,1684.2950000000003,1695.2500000000005,16,17.6,29.7,29.0,13.9,4.47,2.72,6.73,1.7,7297,0.7213,6,16,20,29,39,44,48,53
Feriali,GRA,33,-13800007410844,Corso di Francia,2,50,21.91,1673.3400000000004,1684.2950000000003,1695.2500000000005,17,16.9,29.0,28.0,13.6,4.66,2.82,7.09,1.77,7822,0.7732,5,16,20,28,38,43,46,52
Feriali,GRA,33,-13800007410844,Corso di Francia,2,50,21.91,1673.3400000000004,1684.2950000000003,1695.2500000000005,18,15.1,26.6,26.0,12.8,5.24,3.03,7.85,1.99,8348,0.8252,4,14,18,26,35,40,43,48
Feriali,GRA,33,-13800007410844,Corso di Francia,2,50,21.91,1673.3400000000004,1684.2950000000003,1695.2500000000005,19,16.2,27.8,27.0,13.1,4.86,2.92,7.3,1.85,8159,0.8065,5,15,19,27,36,41,44,50
Feriali,GRA,33,-13800007410844,Corso di Francia,2,50,21.91,1673.3400000000004,1684.2950000000003,1695.2500000000005,20,20.5,34.0,33.0,15.0,3.85,2.39,6.04,1.46,6402,0.6329,8,19,24,33,43,49,53,59
Feriali,GRA,33,-13800007410844,Corso di Francia,2,50,21.91,1673.3400000000004,1684.2950000000003,1695.2500000000005,21,26.1,40.4,40.0,16.8,3.02,1.97,4.68,1.15,3662,0.362,12,25,30,40,50,57,61,68
Feriali,GRA,33,-13800007410844,Corso di Francia,2,50,21.91,1673.3400000000004,1684.2950000000003,1695.2500000000005,22,25.1,40.9,41.0,17.1,3.14,1.92,5.19,1.2,3386,0.3347,11,24,31,41,51,59,63,70
Feriali,GRA,33,-13800007410844,Corso di Francia,2,50,21.91,1673.3400000000004,1684.2950000000003,1695.2500000000005,23,24.2,39.6,39.0,16.5,3.25,2.02,5.45,1.24,4108,0.4061,11,24,30,39,49,56,61,67
Feriali,GRA,34,-13800007467712,Corso di Francia,2,50,25.01,1695.2500000000005,1707.7550000000006,1720.2600000000004,0,19.9,45.4,47.0,20.0,4.52,1.92,8.62,1.0,1673,0.1654,3,25,37,47,57,64,69,77
Feriali,GRA,34,-13800007467712,Corso di Francia,2,50,25.01,1695.2500000000005,1707.7550000000006,1720.2600000000004,1,18.2,48.0,51.0,22.8,4.96,1.77,9.42,1.1,900,0.089,3,22,37,51,62,69,76,83
Feriali,GRA,34,-13800007467712,Corso di Francia,2,50,25.01,1695.2500000000005,1707.7550000000006,1720.2600000000004,2,22.4,51.6,52.0,22.0,4.03,1.73,8.46,0.89,463,0.0458,3,30,42,52,65,72,77,87
Feriali,GRA,34,-13800007467712,Corso di Francia,2,50,25.01,1695.2500000000005,1707.7550000000006,1720.2600000000004,3,26.6,52.2,53.0,22.8,3.38,1.7,5.97,0.75,270,0.0267,6,28,41,53,68,75,78,83
Feriali,GRA,34,-13800007467712,Corso di Francia,2,50,25.01,1695.2500000000005,1707.7550000000006,1720.2600000000004,4,19.2,48.8,50.0,21.9,4.7,1.8,9.33,1.04,268,0.0265,3,26,38,50,62,70,74,82
Feriali,GRA,34,-13800007467712,Corso di Francia,2,50,25.01,1695.2500000000005,1707.7550000000006,1720.2600000000004,5,19.3,49.7,51.0,22.0,4.66,1.77,9.56,1.03,337,0.0333,3,31,40,51,63,70,76,84
Feriali,GRA,34,-13800007467712,Corso di Francia,2,50,25.01,1695.2500000000005,1707.7550000000006,1720.2600000000004,6,18.3,46.0,48.0,21.1,4.92,1.88,9.43,1.09,936,0.0925,3,22,37,48,59,66,71,77
Feriali,GRA,34,-13800007467712,Corso di Francia,2,50,25.01,1695.2500000000005,1707.7550000000006,1720.2600000000004,7,18.6,37.0,38.0,17.1,4.83,2.37,8.41,1.07,2976,0.2942,4,20,26,38,48,54,59,65
Feriali,GRA,34,-13800007467712,Corso di Francia,2,50,25.01,1695.2500000000005,1707.7550000000006,1720.2600000000004,8,19.5,33.6,34.0,14.4,4.61,2.65,7.66,1.02,5882,0.5815,8,19,24,34,43,48,52,58
Feriali,GRA,34,-13800007467712,Corso di Francia,2,50,25.01,1695.2500000000005,1707.7550000000006,1720.2600000000004,9,18.9,36.5,37.0,16.2,4.77,2.43,8.35,1.05,4417,0.4366,4,21,26,37,47,52,57,62
Feriali,GRA,34,-13800007467712,Corso di Francia,2,50,25.01,1695.2500000000005,1707.7550000000006,1720.2600000000004,10,19.0,37.7,38.0,16.7,4.73,2.37,8.61,1.04,3935,0.389,4,21,28,38,48,54,58,64
Feriali,GRA,34,-13800007467712,Corso di Francia,2,50,25.01,1695.2500000000005,1707.7550000000006,1720.2600000000004,11,18.5,36.6,37.0,16.6,4.86,2.43,8.56,1.07,4332,0.4282,4,20,26,37,47,53,57,63
Feriali,GRA,34,-13800007467712,Corso di Francia,2,50,25.01,1695.2500000000005,1707.7550000000006,1720.2600000000004,12,18.4,34.5,35.0,15.8,4.9,2.57,8.26,1.08,4930,0.4873,5,18,24,35,44,50,54,60
Feriali,GRA,34,-13800007467712,Corso di Francia,2,50,25.01,1695.2500000000005,1707.7550000000006,1720.2600000000004,13,16.9,31.8,32.0,15.6,5.32,2.81,8.4,1.18,5289,0.5228,5,15,21,32,42,47,51,57
Feriali,GRA,34,-13800007467712,Corso di Francia,2,50,25.01,1695.2500000000005,1707.7550000000006,1720.2600000000004,14,17.5,31.9,32.0,15.4,5.14,2.81,8.11,1.14,5907,0.5839,5,16,21,32,42,47,51,58
Feriali,GRA,34,-13800007467712,Corso di Francia,2,50,25.01,1695.2500000000005,1707.7550000000006,1720.2600000000004,15,18.0,31.8,32.0,14.6,5.01,2.81,8.06,1.11,5505,0.5442,5,17,22,32,41,46,50,56
Feriali,GRA,34,-13800007467712,Corso di Francia,2,50,25.01,1695.2500000000005,1707.7550000000006,1720.2600000000004,16,17.8,30.1,30.0,13.4,5.06,3.0,7.92,1.12,5642,0.5577,6,17,21,30,39,44,47,52
Feriali,GRA,34,-13800007467712,Corso di Francia,2,50,25.01,1695.2500000000005,1707.7550000000006,1720.2600000000004,17,17.6,29.3,29.0,13.2,5.11,3.1,7.61,1.13,6084,0.6014,6,16,20,29,38,42,45,51
Feriali,GRA,34,-13800007467712,Corso di Francia,2,50,25.01,1695.2500000000005,1707.7550000000006,1720.2600000000004,18,16.5,26.9,27.0,12.2,5.45,3.33,7.72,1.2,6584,0.6509,6,15,18,27,35,39,43,47
Feriali,GRA,34,-13800007467712,Corso di Francia,2,50,25.01,1695.2500000000005,1707.7550000000006,1720.2600000000004,19,16.8,28.0,28.0,12.6,5.35,3.22,8.05,1.18,6623,0.6547,6,16,19,28,36,41,44,49
Feriali,GRA,34,-13800007467712,Corso di Francia,2,50,25.01,1695.2500000000005,1707.7550000000006,1720.2600000000004,20,19.3,34.4,35.0,14.9,4.68,2.57,8.0,1.03,5277,0.5216,6,20,25,35,44,49,53,59
Feriali,GRA,34,-13800007467712,Corso di Francia,2,50,25.01,1695.2500000000005,1707.7550000000006,1720.2600000000004,21,18.5,40.9,42.0,18.3,4.86,2.14,9.15,1.07,3070,0.3035,3,24,32,42,52,57,62,69
Feriali,GRA,34,-13800007467712,Corso di Francia,2,50,25.01,1695.2500000000005,1707.7550000000006,1720.2600000000004,22,18.0,40.9,42.0,18.5,5.01,2.14,9.22,1.11,2928,0.2894,3,22,32,42,52,59,63,70
Feriali,GRA,34,-13800007467712,Corso di Francia,2,50,25.01,1695.2500000000005,1707.7550000000006,1720.2600000000004,23,18.7,40.0,41.0,17.8,4.81,2.2,8.97,1.06,3491,0.3451,3,22,30,41,51,57,61,67
Feriali,GRA,35,-13800006499932,Corso di Francia,2,50,15.2,1720.2600000000004,1727.8600000000004,1735.4600000000005,0,36.3,47.4,47.0,16.8,1.51,1.16,1.86,1.0,1700,0.1681,21,30,37,47,57,64,69,77
Feriali,GRA,35,-13800006499932,Corso di Francia,2,50,15.2,1720.2600000000004,1727.8600000000004,1735.4600000000005,1,39.8,51.2,52.0,18.6,1.37,1.05,1.56,0.91,883,0.0873,21,31,39,52,62,69,75,82
Feriali,GRA,35,-13800006499932,Corso di Francia,2,50,15.2,1720.2600000000004,1727.8600000000004,1735.4600000000005,2,42.2,53.4,53.0,19.2,1.3,1.03,1.36,0.86,463,0.0458,21,31,42,53,65,71,77,87
Feriali,GRA,35,-13800006499932,Corso di Francia,2,50,15.2,1720.2600000000004,1727.8600000000004,1735.4600000000005,3,41.3,54.0,55.0,19.4,1.32,0.99,1.25,0.88,270,0.0267,20,32,42,55,68,75,79,83
Feriali,GRA,35,-13800006499932,Corso di Francia,2,50,15.2,1720.2600000000004,1727.8600000000004,1735.4600000000005,4,44.8,52.9,52.0,16.7,1.22,1.05,0.79,0.81,252,0.0249,21,36,43,52,63,71,74,80
Feriali,GRA,35,-13800006499932,Corso di Francia,2,50,15.2,1720.2600000000004,1727.8600000000004,1735.4600000000005,5,35.9,52.2,52.0,18.5,1.52,1.05,2.85,1.01,332,0.0328,23,34,41,52,63,70,75,81
Feriali,GRA,35,-13800006499932,Corso di Francia,2,50,15.2,1720.2600000000004,1727.8600000000004,1735.4600000000005,6,39.9,48.7,49.0,16.6,1.37,1.12,1.27,0.91,935,0.0924,22,30,38,49,59,66,70,76
Feriali,GRA,35,-13800006499932,Corso di Francia,2,50,15.2,1720.2600000000004,1727.8600000000004,1735.4600000000005,7,30.2,38.0,37.0,14.6,1.81,1.48,1.81,1.2,3023,0.2988,16,23,27,37,48,53,58,63
Feriali,GRA,35,-13800006499932,Corso di Francia,2,50,15.2,1720.2600000000004,1727.8600000000004,1735.4600000000005,8,28.4,34.1,33.0,12.6,1.92,1.66,1.32,1.28,5964,0.5896,15,21,25,33,42,47,51,56
Feriali,GRA,35,-13800006499932,Corso di Francia,2,50,15.2,1720.2600000000004,1727.8600000000004,1735.4600000000005,9,29.7,37.4,37.0,13.4,1.84,1.48,3.35,1.22,4485,0.4434,18,24,28,37,46,51,55,61
Feriali,GRA,35,-13800006499932,Corso di Francia,2,50,15.2,1720.2600000000004,1727.8600000000004,1735.4600000000005,10,30.8,38.4,38.0,14.1,1.78,1.44,1.76,1.18,4008,0.3962,17,24,28,38,47,53,57,63
Feriali,GRA,35,-13800006499932,Corso di Francia,2,50,15.2,1720.2600000000004,1727.8600000000004,1735.4600000000005,11,28.3,37.1,36.0,14.2,1.93,1.52,3.62,1.28,4427,0.4376,15,23,27,36,46,52,56,62
Feriali,GRA,35,-13800006499932,Corso di Francia,2,50,15.2,1720.2600000000004,1727.8600000000004,1735.4600000000005,12,27.0,34.7,34.0,13.8,2.03,1.61,1.87,1.35,5032,0.4974,13,21,25,34,43,49,53,58
Feriali,GRA,35,-13800006499932,Corso di Francia,2,50,15.2,1720.2600000000004,1727.8600000000004,1735.4600000000005,13,25.2,32.7,32.0,13.3,2.18,1.71,3.68,1.44,5369,0.5307,13,19,23,32,41,46,50,56
Feriali,GRA,35,-13800006499932,Corso di Francia,2,50,15.2,1720.2600000000004,1727.8600000000004,1735.4600000000005,14,26.0,32.8,32.0,13.1,2.1,1.71,1.75,1.4,6011,0.5942,13,20,24,32,41,46,50,56
Feriali,GRA,35,-13800006499932,Corso di Francia,2,50,15.2,1720.2600000000004,1727.8600000000004,1735.4600000000005,15,26.0,32.1,31.0,12.6,2.1,1.77,1.9,1.39,5619,0.5555,13,19,23,31,40,45,49,55
Feriali,GRA,35,-13800006499932,Corso di Francia,2,50,15.2,1720.2600000000004,1727.8600000000004,1735.4600000000005,16,24.3,30.2,29.0,11.7,2.25,1.89,2.08,1.49,5770,0.5704,13,18,22,29,38,43,46,50
Feriali,GRA,35,-13800006499932,Corso di Francia,2,50,15.2,1720.2600000000004,1727.8600000000004,1735.4600000000005,17,23.9,29.6,29.0,11.4,2.29,1.89,2.09,1.52,6158,0.6087,13,18,22,29,37,41,44,49
Feriali,GRA,35,-13800006499932,Corso di Francia,2,50,15.2,1720.2600000000004,1727.8600000000004,1735.4600000000005,18,22.1,27.4,27.0,10.6,2.47,2.03,2.05,1.64,6712,0.6635,12,16,20,27,34,39,42,46
Feriali,GRA,35,-13800006499932,Corso di Francia,2,50,15.2,1720.2600000000004,1727.8600000000004,1735.4600000000005,19,23.0,28.7,28.0,10.8,2.38,1.95,6.28,1.58,6725,0.6648,13,18,21,28,35,40,43,47
Feriali,GRA,35,-13800006499932,Corso di Francia,2,50,15.2,1720.2600000000004,1727.8600000000004,1735.4600000000005,20,29.1,35.1,34.0,12.5,1.88,1.61,1.86,1.25,5356,0.5295,16,23,26,34,43,48,51,57
Feriali,GRA,35,-13800006499932,Corso di Francia,2,50,15.2,1720.2600000000004,1727.8600000000004,1735.4600000000005,21,33.7,42.4,42.0,15.0,1.62,1.3,2.01,1.08,3118,0.3082,19,27,33,42,52,57,61,68
Feriali,GRA,35,-13800006499932,Corso di Francia,2,50,15.2,1720.2600000000004,1727.8600000000004,1735.4600000000005,22,34.3,43.0,43.0,15.0,1.6,1.27,1.67,1.06,2979,0.2945,20,28,33,43,52,59,62,69
Feriali,GRA,35,-13800006499932,Corso di Francia,2,50,15.2,1720.2600000000004,1727.8600000000004,1735.4600000000005,23,35.4,42.1,41.0,14.5,1.54,1.33,1.1,1.02,3494,0.3454,20,27,32,41,51,57,61,67
Feriali,GRA,36,-13800006496134,Corso di Francia,2,50,19.86,1735.4600000000005,1745.3900000000006,1755.3200000000004,0,39.6,48.6,48.0,15.8,1.81,1.49,1.95,1.0,1703,0.1683,24,34,39,48,57,64,69,76
Feriali,GRA,36,-13800006496134,Corso di Francia,2,50,19.86,1735.4600000000005,1745.3900000000006,1755.3200000000004,1,43.9,52.9,53.0,17.5,1.63,1.35,1.35,0.9,884,0.0874,24,35,41,53,63,70,75,82
Feriali,GRA,36,-13800006496134,Corso di Francia,2,50,19.86,1735.4600000000005,1745.3900000000006,1755.3200000000004,2,43.8,54.7,54.0,18.0,1.63,1.32,2.48,0.9,464,0.0459,25,37,44,54,65,73,77,86
Feriali,GRA,36,-13800006496134,Corso di Francia,2,50,19.86,1735.4600000000005,1745.3900000000006,1755.3200000000004,3,45.7,54.9,55.0,18.1,1.57,1.3,1.04,0.87,271,0.0268,25,34,44,55,69,74,78,83
Feriali,GRA,36,-13800006496134,Corso di Francia,2,50,19.86,1735.4600000000005,1745.3900000000006,1755.3200000000004,4,44.5,54.3,54.0,15.7,1.61,1.32,2.26,0.89,255,0.0252,32,39,44,54,64,71,74,80
Feriali,GRA,36,-13800006496134,Corso di Francia,2,50,19.86,1735.4600000000005,1745.3900000000006,1755.3200000000004,5,38.3,53.3,53.0,17.5,1.87,1.35,3.7,1.04,335,0.0331,27,37,43,53,63,70,75,83
Feriali,GRA,36,-13800006496134,Corso di Francia,2,50,19.86,1735.4600000000005,1745.3900000000006,1755.3200000000004,6,44.2,50.1,50.0,14.9,1.62,1.43,0.97,0.9,932,0.0921,28,35,40,50,59,64,69,75
Feriali,GRA,36,-13800006496134,Corso di Francia,2,50,19.86,1735.4600000000005,1745.3900000000006,1755.3200000000004,7,31.4,38.6,38.0,14.3,2.28,1.88,1.99,1.26,3021,0.2986,16,24,28,38,48,53,57,63
Feriali,GRA,36,-13800006496134,Corso di Francia,2,50,19.86,1735.4600000000005,1745.3900000000006,1755.3200000000004,8,29.0,34.5,34.0,12.1,2.47,2.1,2.32,1.37,5965,0.5897,16,22,26,34,42,47,50,56
Feriali,GRA,36,-13800006496134,Corso di Francia,2,50,19.86,1735.4600000000005,1745.3900000000006,1755.3200000000004,9,30.7,38.0,37.0,12.6,2.33,1.93,6.87,1.29,4492,0.444,18,25,29,37,46,51,54,60
Feriali,GRA,36,-13800006496134,Corso di Francia,2,50,19.86,1735.4600000000005,1745.3900000000006,1755.3200000000004,10,33.0,39.1,38.0,13.3,2.16,1.88,1.44,1.2,4010,0.3964,18,26,30,38,48,53,56,62
Feriali,GRA,36,-13800006496134,Corso di Francia,2,50,19.86,1735.4600000000005,1745.3900000000006,1755.3200000000004,11,29.1,37.5,37.0,13.6,2.46,1.93,3.52,1.36,4427,0.4376,16,24,29,37,46,51,55,61
Feriali,GRA,36,-13800006496134,Corso di Francia,2,50,19.86,1735.4600000000005,1745.3900000000006,1755.3200000000004,12,28.1,35.1,34.0,13.2,2.54,2.1,2.89,1.41,5036,0.4978,15,22,26,34,43,48,52,58
Feriali,GRA,36,-13800006496134,Corso di Francia,2,50,19.86,1735.4600000000005,1745.3900000000006,1755.3200000000004,13,26.5,33.3,33.0,12.8,2.7,2.17,2.83,1.49,5369,0.5307,14,20,24,33,41,46,50,55
Feriali,GRA,36,-13800006496134,Corso di Francia,2,50,19.86,1735.4600000000005,1745.3900000000006,1755.3200000000004,14,27.2,33.5,33.0,12.6,2.63,2.17,1.94,1.45,6017,0.5948,14,20,25,33,41,46,50,56
Feriali,GRA,36,-13800006496134,Corso di Francia,2,50,19.86,1735.4600000000005,1745.3900000000006,1755.3200000000004,15,26.9,32.7,32.0,12.2,2.66,2.23,2.76,1.47,5626,0.5561,14,20,24,32,40,45,48,54
Feriali,GRA,36,-13800006496134,Corso di Francia,2,50,19.86,1735.4600000000005,1745.3900000000006,1755.3200000000004,16,24.2,30.1,29.0,11.5,2.96,2.47,2.83,1.64,5768,0.5702,13,18,22,29,37,42,45,50
Feriali,GRA,36,-13800006496134,Corso di Francia,2,50,19.86,1735.4600000000005,1745.3900000000006,1755.3200000000004,17,23.9,29.7,29.0,11.1,3.0,2.47,3.37,1.66,6156,0.6085,13,18,22,29,37,41,44,48
Feriali,GRA,36,-13800006496134,Corso di Francia,2,50,19.86,1735.4600000000005,1745.3900000000006,1755.3200000000004,18,21.8,27.5,27.0,10.5,3.27,2.65,3.52,1.81,6729,0.6652,11,17,20,27,34,38,41,45
Feriali,GRA,36,-13800006496134,Corso di Francia,2,50,19.86,1735.4600000000005,1745.3900000000006,1755.3200000000004,19,23.2,29.1,29.0,10.5,3.08,2.47,5.0,1.71,6733,0.6656,13,18,22,29,36,40,42,47
Feriali,GRA,36,-13800006496134,Corso di Francia,2,50,19.86,1735.4600000000005,1745.3900000000006,1755.3200000000004,20,28.6,35.4,35.0,12.2,2.5,2.04,4.93,1.38,5356,0.5295,16,23,27,35,43,47,51,56
Feriali,GRA,36,-13800006496134,Corso di Francia,2,50,19.86,1735.4600000000005,1745.3900000000006,1755.3200000000004,21,35.8,43.5,43.0,14.2,1.99,1.66,2.38,1.1,3117,0.3081,20,30,35,43,52,57,61,68
Feriali,GRA,36,-13800006496134,Corso di Francia,2,50,19.86,1735.4600000000005,1745.3900000000006,1755.3200000000004,22,36.3,44.2,44.0,14.1,1.97,1.62,2.81,1.09,2980,0.2946,22,31,35,44,53,59,62,68
Feriali,GRA,36,-13800006496134,Corso di Francia,2,50,19.86,1735.4600000000005,1745.3900000000006,1755.3200000000004,23,37.1,43.1,42.0,13.8,1.93,1.7,1.4,1.07,3498,0.3458,22,30,34,42,51,57,61,67
Feriali,GRA,37,-13800006562564,Corso di Francia,2,50,28.48,1755.3200000000004,1769.5600000000004,1783.8000000000004,0,44.0,50.7,50.0,15.0,2.33,2.05,1.81,1.0,1699,0.168,27,37,41,50,59,65,70,77
Feriali,GRA,37,-13800006562564,Corso di Francia,2,50,28.48,1755.3200000000004,1769.5600000000004,1783.8000000000004,1,47.3,55.1,55.0,16.8,2.17,1.86,1.5,0.93,881,0.0871,25,40,44,55,65,72,76,83
Feriali,GRA,37,-13800006562564,Corso di Francia,2,50,28.48,1755.3200000000004,1769.5600000000004,1783.8000000000004,2,49.0,56.6,57.0,17.6,2.09,1.8,1.2,0.9,465,0.046,27,41,46,57,67,73,78,86
Feriali,GRA,37,-13800006562564,Corso di Francia,2,50,28.48,1755.3200000000004,1769.5600000000004,1783.8000000000004,3,48.6,57.0,58.0,17.3,2.11,1.77,1.34,0.9,271,0.0268,25,39,47,58,69,74,79,82
Feriali,GRA,37,-13800006562564,Corso di Francia,2,50,28.48,1755.3200000000004,1769.5600000000004,1783.8000000000004,4,46.3,56.3,55.0,15.9,2.22,1.86,2.48,0.95,256,0.0253,34,42,46,55,65,72,76,80
Feriali,GRA,37,-13800006562564,Corso di Francia,2,50,28.48,1755.3200000000004,1769.5600000000004,1783.8000000000004,5,43.0,55.4,55.0,16.0,2.39,1.86,4.39,1.02,332,0.0328,29,42,45,55,64,71,75,83
Feriali,GRA,37,-13800006562564,Corso di Francia,2,50,28.48,1755.3200000000004,1769.5600000000004,1783.8000000000004,6,46.7,51.9,51.0,14.2,2.2,2.01,1.1,0.94,929,0.0918,29,39,43,51,60,66,70,75
Feriali,GRA,37,-13800006562564,Corso di Francia,2,50,28.48,1755.3200000000004,1769.5600000000004,1783.8000000000004,7,33.3,40.2,40.0,14.2,3.08,2.56,2.48,1.32,3004,0.297,17,25,31,40,50,55,58,63
Feriali,GRA,37,-13800006562564,Corso di Francia,2,50,28.48,1755.3200000000004,1769.5600000000004,1783.8000000000004,8,31.2,36.5,36.0,11.6,3.28,2.85,3.37,1.41,5925,0.5857,18,25,29,36,44,48,51,56
Feriali,GRA,37,-13800006562564,Corso di Francia,2,50,28.48,1755.3200000000004,1769.5600000000004,1783.8000000000004,9,34.2,40.1,40.0,12.1,3.0,2.56,4.1,1.29,4456,0.4405,21,28,32,40,47,52,55,61
Feriali,GRA,37,-13800006562564,Corso di Francia,2,50,28.48,1755.3200000000004,1769.5600000000004,1783.8000000000004,10,35.5,41.1,41.0,12.6,2.89,2.5,2.47,1.24,3989,0.3943,22,29,33,41,49,54,57,63
Feriali,GRA,37,-13800006562564,Corso di Francia,2,50,28.48,1755.3200000000004,1769.5600000000004,1783.8000000000004,11,33.6,39.9,39.0,12.8,3.05,2.63,2.95,1.31,4392,0.4342,20,27,32,39,48,53,56,62
Feriali,GRA,37,-13800006562564,Corso di Francia,2,50,28.48,1755.3200000000004,1769.5600000000004,1783.8000000000004,12,31.1,37.4,37.0,12.5,3.29,2.77,3.59,1.41,4985,0.4928,19,25,29,37,45,50,53,59
Feriali,GRA,37,-13800006562564,Corso di Francia,2,50,28.48,1755.3200000000004,1769.5600000000004,1783.8000000000004,13,30.2,36.1,36.0,12.4,3.39,2.85,2.64,1.46,5337,0.5276,17,24,28,36,43,48,52,57
Feriali,GRA,37,-13800006562564,Corso di Francia,2,50,28.48,1755.3200000000004,1769.5600000000004,1783.8000000000004,14,29.5,35.8,35.0,12.2,3.48,2.93,3.49,1.49,5985,0.5916,16,23,28,35,43,48,51,57
Feriali,GRA,37,-13800006562564,Corso di Francia,2,50,28.48,1755.3200000000004,1769.5600000000004,1783.8000000000004,15,30.2,35.5,35.0,11.6,3.39,2.93,3.46,1.45,5568,0.5504,18,24,28,35,42,47,50,55
Feriali,GRA,37,-13800006562564,Corso di Francia,2,50,28.48,1755.3200000000004,1769.5600000000004,1783.8000000000004,16,23.5,31.0,31.0,11.9,4.36,3.31,4.56,1.87,5728,0.5662,12,19,23,31,39,43,46,50
Feriali,GRA,37,-13800006562564,Corso di Francia,2,50,28.48,1755.3200000000004,1769.5600000000004,1783.8000000000004,17,23.6,31.2,31.0,11.7,4.35,3.31,5.11,1.86,6100,0.603,12,19,23,31,39,43,45,50
Feriali,GRA,37,-13800006562564,Corso di Francia,2,50,28.48,1755.3200000000004,1769.5600000000004,1783.8000000000004,18,22.2,29.1,29.0,11.4,4.62,3.54,4.19,1.98,6665,0.6589,11,17,21,29,36,40,43,47
Feriali,GRA,37,-13800006562564,Corso di Francia,2,50,28.48,1755.3200000000004,1769.5600000000004,1783.8000000000004,19,23.2,30.6,31.0,11.4,4.42,3.31,6.36,1.89,6660,0.6584,12,19,23,31,38,42,44,49
Feriali,GRA,37,-13800006562564,Corso di Francia,2,50,28.48,1755.3200000000004,1769.5600000000004,1783.8000000000004,20,30.1,36.7,37.0,12.0,3.41,2.77,4.61,1.46,5297,0.5236,17,25,29,37,44,48,51,57
Feriali,GRA,37,-13800006562564,Corso di Francia,2,50,28.48,1755.3200000000004,1769.5600000000004,1783.8000000000004,21,39.2,45.7,45.0,13.4,2.62,2.28,2.59,1.12,3090,0.3055,24,33,38,45,54,58,62,69
Feriali,GRA,37,-13800006562564,Corso di Francia,2,50,28.48,1755.3200000000004,1769.5600000000004,1783.8000000000004,22,40.2,46.3,45.0,13.3,2.55,2.28,2.2,1.09,2970,0.2936,26,34,38,45,54,60,63,69
Feriali,GRA,37,-13800006562564,Corso di Francia,2,50,28.48,1755.3200000000004,1769.5600000000004,1783.8000000000004,23,39.6,45.2,44.0,13.2,2.59,2.33,2.73,1.11,3489,0.3449,25,33,37,44,53,58,63,68
Feriali,GRA,38,-13800006751007,Corso di Francia,2,50,96.05,1783.8000000000004,1831.8250000000005,1879.8500000000004,0,42.4,52.2,52.0,15.4,8.15,6.65,11.35,1.0,1688,0.1669,26,38,43,52,62,67,71,77
Feriali,GRA,38,-13800006751007,Corso di Francia,2,50,96.05,1783.8000000000004,1831.8250000000005,1879.8500000000004,1,47.3,57.1,57.0,16.8,7.32,6.07,8.55,0.9,874,0.0864,28,41,46,57,69,73,77,84
Feriali,GRA,38,-13800006751007,Corso di Francia,2,50,96.05,1783.8000000000004,1831.8250000000005,1879.8500000000004,2,47.1,57.7,59.0,18.4,7.34,5.86,6.91,0.9,463,0.0458,25,41,47,59,69,76,79,88
Feriali,GRA,38,-13800006751007,Corso di Francia,2,50,96.05,1783.8000000000004,1831.8250000000005,1879.8500000000004,3,39.8,57.0,60.0,18.7,8.69,5.76,15.66,1.07,269,0.0266,25,38,45,60,70,75,79,82
Feriali,GRA,38,-13800006751007,Corso di Francia,2,50,96.05,1783.8000000000004,1831.8250000000005,1879.8500000000004,4,48.1,58.4,59.0,16.0,7.19,5.86,10.35,0.88,261,0.0258,33,43,49,59,69,73,78,81
Feriali,GRA,38,-13800006751007,Corso di Francia,2,50,96.05,1783.8000000000004,1831.8250000000005,1879.8500000000004,5,39.0,56.2,57.0,16.9,8.87,6.07,18.57,1.09,332,0.0328,29,41,45,57,68,72,76,83
Feriali,GRA,38,-13800006751007,Corso di Francia,2,50,96.05,1783.8000000000004,1831.8250000000005,1879.8500000000004,6,41.7,51.2,52.0,16.1,8.29,6.65,7.3,1.02,919,0.0908,20,37,42,52,61,66,70,76
Feriali,GRA,38,-13800006751007,Corso di Francia,2,50,96.05,1783.8000000000004,1831.8250000000005,1879.8500000000004,7,32.3,42.2,43.0,14.5,10.7,8.04,11.3,1.31,2725,0.2694,13,29,35,43,52,57,60,65
Feriali,GRA,38,-13800006751007,Corso di Francia,2,50,96.05,1783.8000000000004,1831.8250000000005,1879.8500000000004,8,26.6,35.9,37.0,13.5,13.02,9.35,13.05,1.6,5830,0.5763,8,21,29,37,45,49,51,56
Feriali,GRA,38,-13800006751007,Corso di Francia,2,50,96.05,1783.8000000000004,1831.8250000000005,1879.8500000000004,9,30.9,39.4,40.0,13.4,11.19,8.64,11.43,1.37,4428,0.4377,13,27,32,40,48,52,55,60
Feriali,GRA,38,-13800006751007,Corso di Francia,2,50,96.05,1783.8000000000004,1831.8250000000005,1879.8500000000004,10,32.7,41.1,41.0,13.5,10.57,8.43,11.34,1.3,3966,0.3921,17,29,34,41,49,54,57,63
Feriali,GRA,38,-13800006751007,Corso di Francia,2,50,96.05,1783.8000000000004,1831.8250000000005,1879.8500000000004,11,34.4,40.8,41.0,12.4,10.04,8.43,9.01,1.23,4344,0.4294,20,29,34,41,48,53,57,62
Feriali,GRA,38,-13800006751007,Corso di Francia,2,50,96.05,1783.8000000000004,1831.8250000000005,1879.8500000000004,12,32.3,38.8,39.0,12.1,10.7,8.87,9.8,1.31,4893,0.4837,18,27,32,39,46,51,54,59
Feriali,GRA,38,-13800006751007,Corso di Francia,2,50,96.05,1783.8000000000004,1831.8250000000005,1879.8500000000004,13,30.3,37.3,38.0,12.4,11.43,9.1,10.75,1.4,5351,0.529,15,25,31,38,45,49,53,57
Feriali,GRA,38,-13800006751007,Corso di Francia,2,50,96.05,1783.8000000000004,1831.8250000000005,1879.8500000000004,14,29.6,36.8,37.0,12.5,11.67,9.35,10.5,1.43,5913,0.5845,14,24,30,37,44,49,52,57
Feriali,GRA,38,-13800006751007,Corso di Francia,2,50,96.05,1783.8000000000004,1831.8250000000005,1879.8500000000004,15,32.1,38.1,38.0,11.4,10.77,9.1,10.14,1.32,5426,0.5364,18,27,32,38,45,49,51,56
Feriali,GRA,38,-13800006751007,Corso di Francia,2,50,96.05,1783.8000000000004,1831.8250000000005,1879.8500000000004,16,16.1,26.1,26.0,15.4,21.54,13.3,17.32,2.64,5694,0.5629,7,8,10,26,38,43,46,52
Feriali,GRA,38,-13800006751007,Corso di Francia,2,50,96.05,1783.8000000000004,1831.8250000000005,1879.8500000000004,17,15.9,25.7,24.0,15.6,21.79,14.41,17.07,2.67,6018,0.5949,7,8,10,24,38,43,46,51
Feriali,GRA,38,-13800006751007,Corso di Francia,2,50,96.05,1783.8000000000004,1831.8250000000005,1879.8500000000004,18,14.9,24.1,22.0,14.9,23.18,15.72,17.33,2.84,6593,0.6517,7,8,9,22,36,41,44,49
Feriali,GRA,38,-13800006751007,Corso di Francia,2,50,96.05,1783.8000000000004,1831.8250000000005,1879.8500000000004,19,15.9,25.6,24.0,15.4,21.78,14.41,16.26,2.67,6567,0.6492,7,8,10,24,38,43,46,51
Feriali,GRA,38,-13800006751007,Corso di Francia,2,50,96.05,1783.8000000000004,1831.8250000000005,1879.8500000000004,20,19.4,30.6,33.0,16.2,17.78,10.48,14.98,2.18,5239,0.5179,7,9,15,33,43,48,51,56
Feriali,GRA,38,-13800006751007,Corso di Francia,2,50,96.05,1783.8000000000004,1831.8250000000005,1879.8500000000004,21,39.4,46.5,46.0,14.0,8.77,7.52,6.89,1.08,3068,0.3033,21,34,38,46,56,60,64,69
Feriali,GRA,38,-13800006751007,Corso di Francia,2,50,96.05,1783.8000000000004,1831.8250000000005,1879.8500000000004,22,40.4,47.5,47.0,13.5,8.55,7.36,8.75,1.05,2944,0.291,25,35,39,47,56,61,65,70
Feriali,GRA,38,-13800006751007,Corso di Francia,2,50,96.05,1783.8000000000004,1831.8250000000005,1879.8500000000004,23,40.9,46.6,46.0,13.3,8.46,7.52,5.84,1.04,3464,0.3424,24,34,38,46,55,60,63,68
Feriali,GRA,39,-13800006777387,Corso di Francia,2,50,30.79,1879.8500000000004,1895.2450000000003,1910.6400000000003,0,43.7,55.4,56.0,16.7,2.54,1.98,3.0,1.0,1702,0.1682,24,40,47,56,66,71,75,80
Feriali,GRA,39,-13800006777387,Corso di Francia,2,50,30.79,1879.8500000000004,1895.2450000000003,1910.6400000000003,1,46.6,60.0,61.0,17.5,2.38,1.82,3.53,0.94,876,0.0866,25,44,51,61,71,76,80,86
Feriali,GRA,39,-13800006777387,Corso di Francia,2,50,30.79,1879.8500000000004,1895.2450000000003,1910.6400000000003,2,44.8,60.6,62.0,19.2,2.48,1.79,3.58,0.98,463,0.0458,23,44,52,62,73,78,81,89
Feriali,GRA,39,-13800006777387,Corso di Francia,2,50,30.79,1879.8500000000004,1895.2450000000003,1910.6400000000003,3,42.0,59.7,63.0,18.7,2.64,1.76,6.82,1.04,270,0.0267,23,39,51,63,72,77,81,86
Feriali,GRA,39,-13800006777387,Corso di Francia,2,50,30.79,1879.8500000000004,1895.2450000000003,1910.6400000000003,4,51.2,61.2,61.0,17.2,2.17,1.82,2.17,0.85,271,0.0268,35,46,53,61,71,76,80,88
Feriali,GRA,39,-13800006777387,Corso di Francia,2,50,30.79,1879.8500000000004,1895.2450000000003,1910.6400000000003,5,46.6,60.4,62.0,16.2,2.38,1.79,4.66,0.94,335,0.0331,32,44,51,62,71,76,79,83
Feriali,GRA,39,-13800006777387,Corso di Francia,2,50,30.79,1879.8500000000004,1895.2450000000003,1910.6400000000003,6,31.9,52.5,56.0,19.5,3.48,1.98,5.34,1.37,924,0.0913,10,31,44,56,65,69,74,78
Feriali,GRA,39,-13800006777387,Corso di Francia,2,50,30.79,1879.8500000000004,1895.2450000000003,1910.6400000000003,7,28.1,46.0,49.0,17.9,3.95,2.26,6.08,1.56,2707,0.2676,10,25,35,49,59,63,67,71
Feriali,GRA,39,-13800006777387,Corso di Francia,2,50,30.79,1879.8500000000004,1895.2450000000003,1910.6400000000003,8,24.2,40.2,42.0,16.8,4.58,2.64,6.73,1.8,5832,0.5765,7,22,29,42,52,57,60,67
Feriali,GRA,39,-13800006777387,Corso di Francia,2,50,30.79,1879.8500000000004,1895.2450000000003,1910.6400000000003,9,25.6,42.5,44.0,17.1,4.33,2.52,6.78,1.71,4453,0.4402,8,23,32,44,54,59,63,69
Feriali,GRA,39,-13800006777387,Corso di Francia,2,50,30.79,1879.8500000000004,1895.2450000000003,1910.6400000000003,10,29.6,44.8,46.0,16.8,3.74,2.41,5.83,1.47,3962,0.3917,13,27,35,46,56,62,65,70
Feriali,GRA,39,-13800006777387,Corso di Francia,2,50,30.79,1879.8500000000004,1895.2450000000003,1910.6400000000003,11,34.1,45.1,46.0,15.2,3.25,2.41,4.86,1.28,4361,0.4311,18,30,36,46,55,61,64,69
Feriali,GRA,39,-13800006777387,Corso di Francia,2,50,30.79,1879.8500000000004,1895.2450000000003,1910.6400000000003,12,33.5,43.7,45.0,15.2,3.31,2.46,3.74,1.31,4910,0.4854,18,28,34,45,54,59,63,68
Feriali,GRA,39,-13800006777387,Corso di Francia,2,50,30.79,1879.8500000000004,1895.2450000000003,1910.6400000000003,13,31.5,42.5,43.0,15.5,3.52,2.58,4.18,1.39,5360,0.5299,15,26,33,43,53,58,62,67
Feriali,GRA,39,-13800006777387,Corso di Francia,2,50,30.79,1879.8500000000004,1895.2450000000003,1910.6400000000003,14,30.7,41.4,42.0,15.5,3.61,2.64,4.06,1.42,5944,0.5876,14,24,32,42,52,57,61,66
Feriali,GRA,39,-13800006777387,Corso di Francia,2,50,30.79,1879.8500000000004,1895.2450000000003,1910.6400000000003,15,33.2,42.9,43.0,14.8,3.34,2.58,3.65,1.32,5458,0.5395,17,27,34,43,53,58,61,66
Feriali,GRA,39,-13800006777387,Corso di Francia,2,50,30.79,1879.8500000000004,1895.2450000000003,1910.6400000000003,16,20.8,34.3,34.0,16.2,5.32,3.26,7.19,2.1,5732,0.5666,7,18,22,34,46,52,55,61
Feriali,GRA,39,-13800006777387,Corso di Francia,2,50,30.79,1879.8500000000004,1895.2450000000003,1910.6400000000003,17,20.9,34.0,33.0,16.3,5.3,3.36,6.72,2.09,6036,0.5967,7,18,22,33,46,52,56,61
Feriali,GRA,39,-13800006777387,Corso di Francia,2,50,30.79,1879.8500000000004,1895.2450000000003,1910.6400000000003,18,20.0,31.9,31.0,15.5,5.55,3.58,6.69,2.19,6630,0.6554,7,16,21,31,43,49,53,59
Feriali,GRA,39,-13800006777387,Corso di Francia,2,50,30.79,1879.8500000000004,1895.2450000000003,1910.6400000000003,19,20.5,33.5,33.0,15.9,5.41,3.36,7.01,2.13,6588,0.6512,7,17,22,33,44,51,55,60
Feriali,GRA,39,-13800006777387,Corso di Francia,2,50,30.79,1879.8500000000004,1895.2450000000003,1910.6400000000003,20,21.1,36.4,37.0,17.1,5.24,3.0,7.19,2.07,5260,0.52,5,19,24,37,49,54,58,63
Feriali,GRA,39,-13800006777387,Corso di Francia,2,50,30.79,1879.8500000000004,1895.2450000000003,1910.6400000000003,21,39.4,50.2,51.0,15.7,2.82,2.17,3.15,1.11,3083,0.3048,21,35,42,51,61,66,69,74
Feriali,GRA,39,-13800006777387,Corso di Francia,2,50,30.79,1879.8500000000004,1895.2450000000003,1910.6400000000003,22,42.8,51.8,52.0,15.1,2.59,2.13,2.68,1.02,2950,0.2916,24,37,43,52,62,67,70,75
Feriali,GRA,39,-13800006777387,Corso di Francia,2,50,30.79,1879.8500000000004,1895.2450000000003,1910.6400000000003,23,41.7,50.7,51.0,15.2,2.66,2.17,2.6,1.05,3490,0.345,23,36,42,51,61,65,68,74
Feriali,GRA,40,-13800006629975,Corso di Francia,2,50,13.72,1910.6400000000003,1917.5000000000002,1924.3600000000004,0,39.5,55.4,56.0,16.7,1.25,0.88,2.42,1.0,1709,0.1689,25,40,47,56,66,71,75,80
Feriali,GRA,40,-13800006629975,Corso di Francia,2,50,13.72,1910.6400000000003,1917.5000000000002,1924.3600000000004,1,46.1,60.1,61.0,17.3,1.07,0.81,1.84,0.86,877,0.0867,27,44,51,61,71,76,80,86
Feriali,GRA,40,-13800006629975,Corso di Francia,2,50,13.72,1910.6400000000003,1917.5000000000002,1924.3600000000004,2,46.2,60.7,62.0,18.5,1.07,0.8,1.86,0.85,465,0.046,24,45,52,62,73,78,81,89
Feriali,GRA,40,-13800006629975,Corso di Francia,2,50,13.72,1910.6400000000003,1917.5000000000002,1924.3600000000004,3,45.4,59.6,63.0,18.3,1.09,0.78,1.85,0.87,271,0.0268,25,40,50,63,72,77,81,84
Feriali,GRA,40,-13800006629975,Corso di Francia,2,50,13.72,1910.6400000000003,1917.5000000000002,1924.3600000000004,4,48.3,61.3,61.0,17.5,1.02,0.81,1.91,0.82,275,0.0272,34,46,52,61,72,76,81,90
Feriali,GRA,40,-13800006629975,Corso di Francia,2,50,13.72,1910.6400000000003,1917.5000000000002,1924.3600000000004,5,46.5,60.5,62.0,16.1,1.06,0.8,2.1,0.85,335,0.0331,32,44,51,62,71,76,79,84
Feriali,GRA,40,-13800006629975,Corso di Francia,2,50,13.72,1910.6400000000003,1917.5000000000002,1924.3600000000004,6,28.6,53.2,56.0,18.7,1.73,0.88,4.06,1.38,923,0.0912,15,34,45,56,65,70,73,78
Feriali,GRA,40,-13800006629975,Corso di Francia,2,50,13.72,1910.6400000000003,1917.5000000000002,1924.3600000000004,7,30.1,47.2,49.0,16.7,1.64,1.01,3.38,1.31,2702,0.2671,16,29,37,49,59,63,67,71
Feriali,GRA,40,-13800006629975,Corso di Francia,2,50,13.72,1910.6400000000003,1917.5000000000002,1924.3600000000004,8,27.7,41.6,43.0,15.6,1.79,1.15,3.32,1.43,5866,0.5799,14,25,31,43,52,57,61,67
Feriali,GRA,40,-13800006629975,Corso di Francia,2,50,13.72,1910.6400000000003,1917.5000000000002,1924.3600000000004,9,26.8,43.6,45.0,16.2,1.84,1.1,3.76,1.47,4476,0.4425,14,26,34,45,55,60,63,69
Feriali,GRA,40,-13800006629975,Corso di Francia,2,50,13.72,1910.6400000000003,1917.5000000000002,1924.3600000000004,10,30.5,45.8,47.0,16.1,1.62,1.05,3.25,1.3,3965,0.392,17,29,36,47,57,62,65,71
Feriali,GRA,40,-13800006629975,Corso di Francia,2,50,13.72,1910.6400000000003,1917.5000000000002,1924.3600000000004,11,32.7,45.6,46.0,15.1,1.51,1.07,3.22,1.21,4365,0.4315,19,30,37,46,56,61,64,69
Feriali,GRA,40,-13800006629975,Corso di Francia,2,50,13.72,1910.6400000000003,1917.5000000000002,1924.3600000000004,12,32.7,44.2,45.0,15.1,1.51,1.1,2.55,1.21,4909,0.4853,18,28,35,45,54,59,63,68
Feriali,GRA,40,-13800006629975,Corso di Francia,2,50,13.72,1910.6400000000003,1917.5000000000002,1924.3600000000004,13,30.9,43.1,44.0,15.4,1.6,1.12,2.8,1.28,5375,0.5313,15,27,34,44,53,58,62,67
Feriali,GRA,40,-13800006629975,Corso di Francia,2,50,13.72,1910.6400000000003,1917.5000000000002,1924.3600000000004,14,30.7,42.0,43.0,15.4,1.61,1.15,2.3,1.29,5970,0.5902,14,25,33,43,52,58,61,66
Feriali,GRA,40,-13800006629975,Corso di Francia,2,50,13.72,1910.6400000000003,1917.5000000000002,1924.3600000000004,15,32.8,43.3,44.0,14.7,1.51,1.12,2.28,1.21,5479,0.5416,17,28,35,44,53,58,62,66
Feriali,GRA,40,-13800006629975,Corso di Francia,2,50,13.72,1910.6400000000003,1917.5000000000002,1924.3600000000004,16,23.4,36.2,36.0,15.5,2.11,1.37,3.61,1.69,5750,0.5684,12,19,25,36,47,53,56,62
Feriali,GRA,40,-13800006629975,Corso di Francia,2,50,13.72,1910.6400000000003,1917.5000000000002,1924.3600000000004,17,24.0,36.0,35.0,15.3,2.06,1.41,3.48,1.64,6061,0.5991,12,19,25,35,47,53,56,62
Feriali,GRA,40,-13800006629975,Corso di Francia,2,50,13.72,1910.6400000000003,1917.5000000000002,1924.3600000000004,18,22.4,33.1,32.0,14.9,2.21,1.54,3.2,1.77,6664,0.6588,11,17,22,32,43,49,53,59
Feriali,GRA,40,-13800006629975,Corso di Francia,2,50,13.72,1910.6400000000003,1917.5000000000002,1924.3600000000004,19,23.5,35.2,34.0,15.0,2.1,1.45,3.41,1.68,6612,0.6536,12,19,24,34,45,51,55,61
Feriali,GRA,40,-13800006629975,Corso di Francia,2,50,13.72,1910.6400000000003,1917.5000000000002,1924.3600000000004,20,24.3,38.1,38.0,15.8,2.04,1.3,3.68,1.63,5304,0.5243,12,21,27,38,49,55,58,64
Feriali,GRA,40,-13800006629975,Corso di Francia,2,50,13.72,1910.6400000000003,1917.5000000000002,1924.3600000000004,21,38.6,50.4,51.0,15.6,1.28,0.97,1.93,1.02,3090,0.3055,21,35,42,51,61,66,69,74
Feriali,GRA,40,-13800006629975,Corso di Francia,2,50,13.72,1910.6400000000003,1917.5000000000002,1924.3600000000004,22,39.9,51.9,52.0,15.2,1.24,0.95,2.12,0.99,2948,0.2914,25,38,43,52,62,67,70,76
Feriali,GRA,40,-13800006629975,Corso di Francia,2,50,13.72,1910.6400000000003,1917.5000000000002,1924.3600000000004,23,39.1,50.8,51.0,15.1,1.26,0.97,2.29,1.01,3502,0.3462,23,36,42,51,61,65,69,74
Feriali,GRA,41,-13800006438168,Corso di Francia,2,50,13.32,1924.3600000000004,1931.0200000000004,1937.6800000000003,0,47.1,55.6,56.0,16.1,1.02,0.86,1.11,1.0,1709,0.1689,26,40,47,56,66,71,75,80
Feriali,GRA,41,-13800006438168,Corso di Francia,2,50,13.32,1924.3600000000004,1931.0200000000004,1937.6800000000003,1,51.6,59.9,61.0,17.2,0.93,0.79,0.63,0.91,876,0.0866,26,44,50,61,71,76,81,86
Feriali,GRA,41,-13800006438168,Corso di Francia,2,50,13.32,1924.3600000000004,1931.0200000000004,1937.6800000000003,2,49.6,60.7,62.0,18.2,0.97,0.77,1.27,0.95,464,0.0459,27,45,51,62,73,78,81,87
Feriali,GRA,41,-13800006438168,Corso di Francia,2,50,13.32,1924.3600000000004,1931.0200000000004,1937.6800000000003,3,46.4,59.4,63.0,18.4,1.03,0.76,1.4,1.01,270,0.0267,25,39,50,63,72,77,81,84
Feriali,GRA,41,-13800006438168,Corso di Francia,2,50,13.32,1924.3600000000004,1931.0200000000004,1937.6800000000003,4,48.3,61.3,61.0,17.6,0.99,0.79,1.94,0.98,275,0.0272,33,45,51,61,72,76,81,90
Feriali,GRA,41,-13800006438168,Corso di Francia,2,50,13.32,1924.3600000000004,1931.0200000000004,1937.6800000000003,5,51.4,60.2,62.0,16.1,0.93,0.77,0.91,0.92,338,0.0334,30,44,51,62,71,76,78,83
Feriali,GRA,41,-13800006438168,Corso di Francia,2,50,13.32,1924.3600000000004,1931.0200000000004,1937.6800000000003,6,44.2,53.9,56.0,17.1,1.09,0.86,0.91,1.07,924,0.0913,22,35,45,56,65,69,73,78
Feriali,GRA,41,-13800006438168,Corso di Francia,2,50,13.32,1924.3600000000004,1931.0200000000004,1937.6800000000003,7,39.1,47.7,49.0,15.9,1.23,0.98,0.98,1.21,2700,0.2669,19,30,37,49,59,63,67,71
Feriali,GRA,41,-13800006438168,Corso di Francia,2,50,13.32,1924.3600000000004,1931.0200000000004,1937.6800000000003,8,33.9,42.3,43.0,15.0,1.42,1.12,1.39,1.39,5860,0.5793,17,26,32,43,52,58,61,67
Feriali,GRA,41,-13800006438168,Corso di Francia,2,50,13.32,1924.3600000000004,1931.0200000000004,1937.6800000000003,9,35.0,44.3,46.0,15.5,1.37,1.04,1.37,1.35,4481,0.443,17,27,34,46,55,60,63,69
Feriali,GRA,41,-13800006438168,Corso di Francia,2,50,13.32,1924.3600000000004,1931.0200000000004,1937.6800000000003,10,35.9,46.2,48.0,15.7,1.34,1.0,1.92,1.31,3973,0.3927,18,29,36,48,57,62,65,71
Feriali,GRA,41,-13800006438168,Corso di Francia,2,50,13.32,1924.3600000000004,1931.0200000000004,1937.6800000000003,11,36.6,45.9,47.0,15.0,1.31,1.02,1.71,1.29,4364,0.4314,19,30,37,47,56,61,64,69
Feriali,GRA,41,-13800006438168,Corso di Francia,2,50,13.32,1924.3600000000004,1931.0200000000004,1937.6800000000003,12,32.4,44.5,46.0,15.1,1.48,1.04,4.87,1.45,4891,0.4835,18,28,35,46,55,59,63,68
Feriali,GRA,41,-13800006438168,Corso di Francia,2,50,13.32,1924.3600000000004,1931.0200000000004,1937.6800000000003,13,35.0,43.5,44.0,15.2,1.37,1.09,1.23,1.35,5373,0.5311,17,26,34,44,53,59,62,67
Feriali,GRA,41,-13800006438168,Corso di Francia,2,50,13.32,1924.3600000000004,1931.0200000000004,1937.6800000000003,14,32.4,42.2,43.0,15.3,1.48,1.12,2.28,1.45,5943,0.5875,15,25,32,43,53,58,61,66
Feriali,GRA,41,-13800006438168,Corso di Francia,2,50,13.32,1924.3600000000004,1931.0200000000004,1937.6800000000003,15,35.5,43.5,45.0,14.8,1.35,1.07,1.23,1.33,5465,0.5402,18,27,34,45,53,58,62,67
Feriali,GRA,41,-13800006438168,Corso di Francia,2,50,13.32,1924.3600000000004,1931.0200000000004,1937.6800000000003,16,27.7,36.9,36.0,15.2,1.73,1.33,1.95,1.7,5733,0.5667,13,20,26,36,48,53,57,62
Feriali,GRA,41,-13800006438168,Corso di Francia,2,50,13.32,1924.3600000000004,1931.0200000000004,1937.6800000000003,17,28.0,36.5,36.0,15.0,1.72,1.33,1.99,1.69,6058,0.5989,13,20,25,36,47,53,56,62
Feriali,GRA,41,-13800006438168,Corso di Francia,2,50,13.32,1924.3600000000004,1931.0200000000004,1937.6800000000003,18,25.1,33.3,32.0,14.7,1.91,1.5,1.97,1.88,6629,0.6553,12,18,22,32,44,49,53,59
Feriali,GRA,41,-13800006438168,Corso di Francia,2,50,13.32,1924.3600000000004,1931.0200000000004,1937.6800000000003,19,27.5,35.7,35.0,14.6,1.74,1.37,2.37,1.71,6574,0.6499,14,20,25,35,46,52,55,61
Feriali,GRA,41,-13800006438168,Corso di Francia,2,50,13.32,1924.3600000000004,1931.0200000000004,1937.6800000000003,20,30.0,38.8,38.0,15.3,1.6,1.26,1.78,1.57,5302,0.5241,15,23,28,38,49,55,59,64
Feriali,GRA,41,-13800006438168,Corso di Francia,2,50,13.32,1924.3600000000004,1931.0200000000004,1937.6800000000003,21,42.7,50.5,52.0,15.4,1.12,0.92,0.83,1.1,3073,0.3038,21,35,42,52,61,66,69,74
Feriali,GRA,41,-13800006438168,Corso di Francia,2,50,13.32,1924.3600000000004,1931.0200000000004,1937.6800000000003,22,44.6,51.9,52.0,15.1,1.07,0.92,0.9,1.06,2948,0.2914,25,37,43,52,62,67,70,76
Feriali,GRA,41,-13800006438168,Corso di Francia,2,50,13.32,1924.3600000000004,1931.0200000000004,1937.6800000000003,23,42.7,51.1,52.0,14.8,1.12,0.92,1.33,1.1,3505,0.3465,24,37,43,52,61,66,69,74
Feriali,GRA,42,-13800006712220,Corso di Francia,2,50,143.93,1937.6800000000003,2009.6450000000002,2081.61,0,37.7,51.0,53.0,18.7,13.75,9.78,11.83,1.0,1619,0.16,11,32,43,53,63,69,72,77
Feriali,GRA,42,-13800006712220,Corso di Francia,2,50,143.93,1937.6800000000003,2009.6450000000002,2081.61,1,39.3,55.6,59.0,20.6,13.18,8.78,13.01,0.96,823,0.0814,11,34,47,59,69,74,79,85
Feriali,GRA,42,-13800006712220,Corso di Francia,2,50,143.93,1937.6800000000003,2009.6450000000002,2081.61,2,38.9,56.0,59.0,21.8,13.31,8.78,12.77,0.97,437,0.0432,10,31,47,59,70,76,80,87
Feriali,GRA,42,-13800006712220,Corso di Francia,2,50,143.93,1937.6800000000003,2009.6450000000002,2081.61,3,42.1,56.3,60.0,20.4,12.32,8.64,10.47,0.9,249,0.0246,12,33,45,60,70,75,79,83
Feriali,GRA,42,-13800006712220,Corso di Francia,2,50,143.93,1937.6800000000003,2009.6450000000002,2081.61,4,43.0,58.6,61.0,19.8,12.06,8.49,14.05,0.88,247,0.0244,11,41,50,61,71,76,80,88
Feriali,GRA,42,-13800006712220,Corso di Francia,2,50,143.93,1937.6800000000003,2009.6450000000002,2081.61,5,40.7,55.1,58.0,19.4,12.73,8.93,11.26,0.93,318,0.0314,11,35,45,58,69,74,76,83
Feriali,GRA,42,-13800006712220,Corso di Francia,2,50,143.93,1937.6800000000003,2009.6450000000002,2081.61,6,33.8,48.3,52.0,19.3,15.32,9.96,13.63,1.11,893,0.0883,10,21,39,52,61,66,69,74
Feriali,GRA,42,-13800006712220,Corso di Francia,2,50,143.93,1937.6800000000003,2009.6450000000002,2081.61,7,29.6,42.2,46.0,17.7,17.49,11.26,15.16,1.27,2560,0.2531,10,18,30,46,55,59,62,67
Feriali,GRA,42,-13800006712220,Corso di Francia,2,50,143.93,1937.6800000000003,2009.6450000000002,2081.61,8,24.3,36.2,39.0,16.9,21.29,13.29,17.65,1.55,5479,0.5416,9,11,22,39,49,54,56,61
Feriali,GRA,42,-13800006712220,Corso di Francia,2,50,143.93,1937.6800000000003,2009.6450000000002,2081.61,9,26.0,39.1,44.0,17.7,19.93,11.78,17.52,1.45,4119,0.4072,9,12,25,44,52,56,59,64
Feriali,GRA,42,-13800006712220,Corso di Francia,2,50,143.93,1937.6800000000003,2009.6450000000002,2081.61,10,28.9,41.7,46.0,17.3,17.93,11.26,17.51,1.3,3707,0.3664,10,18,31,46,54,58,61,65
Feriali,GRA,42,-13800006712220,Corso di Francia,2,50,143.93,1937.6800000000003,2009.6450000000002,2081.61,11,28.5,41.1,45.0,16.4,18.17,11.51,19.12,1.32,4071,0.4024,10,19,31,45,53,57,59,63
Feriali,GRA,42,-13800006712220,Corso di Francia,2,50,143.93,1937.6800000000003,2009.6450000000002,2081.61,12,26.5,38.4,42.0,16.6,19.55,12.34,16.83,1.42,4568,0.4516,9,15,26,42,51,55,57,61
Feriali,GRA,42,-13800006712220,Corso di Francia,2,50,143.93,1937.6800000000003,2009.6450000000002,2081.61,13,23.9,36.0,40.0,16.9,21.66,12.95,18.57,1.58,5078,0.502,9,12,22,40,49,53,56,60
Feriali,GRA,42,-13800006712220,Corso di Francia,2,50,143.93,1937.6800000000003,2009.6450000000002,2081.61,14,23.0,35.2,39.0,17.1,22.58,13.29,19.26,1.64,5524,0.5461,9,11,20,39,48,53,55,60
Feriali,GRA,42,-13800006712220,Corso di Francia,2,50,143.93,1937.6800000000003,2009.6450000000002,2081.61,15,24.8,36.5,40.0,16.7,20.92,12.95,18.13,1.52,4989,0.4932,9,13,22,40,49,53,56,60
Feriali,GRA,42,-13800006712220,Corso di Francia,2,50,143.93,1937.6800000000003,2009.6450000000002,2081.61,16,22.1,31.0,31.0,14.9,23.46,16.71,18.0,1.71,5178,0.5119,9,13,19,31,41,47,51,56
Feriali,GRA,42,-13800006712220,Corso di Francia,2,50,143.93,1937.6800000000003,2009.6450000000002,2081.61,17,21.0,30.1,30.0,14.8,24.65,17.27,20.69,1.79,5506,0.5443,9,11,18,30,40,46,50,56
Feriali,GRA,42,-13800006712220,Corso di Francia,2,50,143.93,1937.6800000000003,2009.6450000000002,2081.61,18,18.0,25.7,25.0,13.4,28.76,20.73,21.21,2.09,6172,0.6101,8,10,14,25,34,39,44,50
Feriali,GRA,42,-13800006712220,Corso di Francia,2,50,143.93,1937.6800000000003,2009.6450000000002,2081.61,19,21.0,28.9,29.0,13.7,24.69,17.87,17.73,1.8,6172,0.6101,9,12,18,29,38,43,47,53
Feriali,GRA,42,-13800006712220,Corso di Francia,2,50,143.93,1937.6800000000003,2009.6450000000002,2081.61,20,23.1,32.9,33.0,15.7,22.41,15.7,17.63,1.63,4907,0.4851,9,12,21,33,43,50,54,60
Feriali,GRA,42,-13800006712220,Corso di Francia,2,50,143.93,1937.6800000000003,2009.6450000000002,2081.61,21,31.7,45.1,48.0,17.7,16.36,10.79,17.63,1.19,2809,0.2777,10,23,36,48,57,62,65,69
Feriali,GRA,42,-13800006712220,Corso di Francia,2,50,143.93,1937.6800000000003,2009.6450000000002,2081.61,22,33.4,46.9,50.0,17.7,15.49,10.36,14.77,1.13,2691,0.266,10,27,39,50,58,63,66,71
Feriali,GRA,42,-13800006712220,Corso di Francia,2,50,143.93,1937.6800000000003,2009.6450000000002,2081.61,23,30.6,44.7,48.0,18.5,16.92,10.79,15.04,1.23,3198,0.3161,10,19,35,48,57,62,65,70
Feriali,GRA,43,13800006562927,Corso di Francia,2,50,23.47,2081.61,2093.3450000000003,2105.08,0,43.6,51.7,52.0,16.3,1.94,1.62,1.46,1.0,1658,0.1639,24,34,43,52,61,68,72,77
Feriali,GRA,43,13800006562927,Corso di Francia,2,50,23.47,2081.61,2093.3450000000003,2105.08,1,47.4,56.5,58.0,17.9,1.78,1.46,1.25,0.92,832,0.0822,25,36,47,58,67,73,77,86
Feriali,GRA,43,13800006562927,Corso di Francia,2,50,23.47,2081.61,2093.3450000000003,2105.08,2,46.2,56.6,58.0,19.4,1.83,1.46,1.26,0.94,445,0.044,23,32,45,58,70,76,79,84
Feriali,GRA,43,13800006562927,Corso di Francia,2,50,23.47,2081.61,2093.3450000000003,2105.08,3,45.5,56.5,60.0,18.8,1.86,1.41,1.44,0.96,251,0.0248,23,34,44,60,69,73,78,83
Feriali,GRA,43,13800006562927,Corso di Francia,2,50,23.47,2081.61,2093.3450000000003,2105.08,4,50.8,58.8,61.0,17.3,1.66,1.39,0.95,0.86,247,0.0244,25,42,49,61,71,76,78,83
Feriali,GRA,43,13800006562927,Corso di Francia,2,50,23.47,2081.61,2093.3450000000003,2105.08,5,46.7,54.9,57.0,17.2,1.81,1.48,1.04,0.93,323,0.0319,25,35,45,57,67,73,75,81
Feriali,GRA,43,13800006562927,Corso di Francia,2,50,23.47,2081.61,2093.3450000000003,2105.08,6,42.2,50.6,52.0,15.8,2.0,1.62,1.52,1.03,896,0.0886,23,32,41,52,61,66,69,73
Feriali,GRA,43,13800006562927,Corso di Francia,2,50,23.47,2081.61,2093.3450000000003,2105.08,7,37.0,44.3,46.0,14.5,2.28,1.84,1.69,1.18,2549,0.252,19,28,34,46,54,59,61,67
Feriali,GRA,43,13800006562927,Corso di Francia,2,50,23.47,2081.61,2093.3450000000003,2105.08,8,30.3,37.9,39.0,13.7,2.79,2.17,2.2,1.44,5560,0.5496,14,23,28,39,48,52,55,59
Feriali,GRA,43,13800006562927,Corso di Francia,2,50,23.47,2081.61,2093.3450000000003,2105.08,9,34.3,41.7,44.0,14.0,2.46,1.92,2.34,1.27,4191,0.4143,18,26,31,44,51,56,58,63
Feriali,GRA,43,13800006562927,Corso di Francia,2,50,23.47,2081.61,2093.3450000000003,2105.08,10,35.3,42.9,45.0,14.0,2.4,1.88,2.34,1.24,3754,0.3711,18,28,33,45,52,57,59,64
Feriali,GRA,43,13800006562927,Corso di Francia,2,50,23.47,2081.61,2093.3450000000003,2105.08,11,34.2,41.7,43.0,13.7,2.47,1.96,2.16,1.28,4122,0.4075,17,27,32,43,51,55,58,62
Feriali,GRA,43,13800006562927,Corso di Francia,2,50,23.47,2081.61,2093.3450000000003,2105.08,12,28.7,37.9,40.0,14.4,2.94,2.11,2.63,1.52,4634,0.4581,12,22,28,40,48,53,55,60
Feriali,GRA,43,13800006562927,Corso di Francia,2,50,23.47,2081.61,2093.3450000000003,2105.08,13,26.9,36.0,37.0,14.3,3.14,2.28,2.97,1.62,5141,0.5082,11,20,26,37,46,51,54,58
Feriali,GRA,43,13800006562927,Corso di Francia,2,50,23.47,2081.61,2093.3450000000003,2105.08,14,25.3,35.3,36.0,14.9,3.34,2.35,3.37,1.72,5631,0.5566,10,18,24,36,46,51,54,58
Feriali,GRA,43,13800006562927,Corso di Francia,2,50,23.47,2081.61,2093.3450000000003,2105.08,15,27.3,36.3,37.0,14.0,3.09,2.28,3.97,1.6,5073,0.5015,13,21,26,37,47,51,53,57
Feriali,GRA,43,13800006562927,Corso di Francia,2,50,23.47,2081.61,2093.3450000000003,2105.08,16,25.8,32.3,32.0,12.6,3.28,2.64,2.94,1.69,5254,0.5194,13,19,24,32,40,45,49,54
Feriali,GRA,43,13800006562927,Corso di Francia,2,50,23.47,2081.61,2093.3450000000003,2105.08,17,26.1,32.2,32.0,12.0,3.24,2.64,2.58,1.67,5583,0.5519,13,20,24,32,39,44,48,53
Feriali,GRA,43,13800006562927,Corso di Francia,2,50,23.47,2081.61,2093.3450000000003,2105.08,18,20.1,26.9,27.0,11.6,4.2,3.13,3.87,2.17,6265,0.6193,9,15,18,27,34,38,41,46
Feriali,GRA,43,13800006562927,Corso di Francia,2,50,23.47,2081.61,2093.3450000000003,2105.08,19,24.1,30.2,30.0,11.5,3.51,2.82,2.76,1.81,6273,0.6201,12,18,22,30,37,41,45,50
Feriali,GRA,43,13800006562927,Corso di Francia,2,50,23.47,2081.61,2093.3450000000003,2105.08,20,29.7,35.9,35.0,12.8,2.84,2.41,2.05,1.47,4991,0.4934,15,24,28,35,43,49,53,59
Feriali,GRA,43,13800006562927,Corso di Francia,2,50,23.47,2081.61,2093.3450000000003,2105.08,21,38.0,46.0,47.0,14.9,2.22,1.8,1.78,1.15,2849,0.2816,20,29,36,47,56,61,64,68
Feriali,GRA,43,13800006562927,Corso di Francia,2,50,23.47,2081.61,2093.3450000000003,2105.08,22,39.8,47.6,49.0,15.0,2.12,1.72,1.85,1.09,2715,0.2684,22,31,39,49,57,61,65,70
Feriali,GRA,43,13800006562927,Corso di Francia,2,50,23.47,2081.61,2093.3450000000003,2105.08,23,38.2,46.0,47.0,15.1,2.21,1.8,1.63,1.14,3229,0.3192,20,29,36,47,56,61,64,69
Feriali,GRA,44,13800006578242,Corso di Francia,2,50,94.15,2105.08,2152.1549999999997,2199.23,0,39.1,51.3,51.0,14.7,8.67,6.65,53.47,1.0,1782,0.1762,27,38,43,51,60,66,69,76
Feriali,GRA,44,13800006578242,Corso di Francia,2,50,94.15,2105.08,2152.1549999999997,2199.23,1,48.0,55.8,56.0,16.7,7.06,6.05,4.6,0.81,897,0.0887,27,39,45,56,66,72,76,83
Feriali,GRA,44,13800006578242,Corso di Francia,2,50,94.15,2105.08,2152.1549999999997,2199.23,2,47.8,56.1,57.0,17.5,7.09,5.95,4.71,0.82,487,0.0481,27,38,44,57,67,74,78,82
Feriali,GRA,44,13800006578242,Corso di Francia,2,50,94.15,2105.08,2152.1549999999997,2199.23,3,47.3,56.3,58.0,17.9,7.17,5.84,4.96,0.83,265,0.0262,26,38,44,58,68,73,78,83
Feriali,GRA,44,13800006578242,Corso di Francia,2,50,94.15,2105.08,2152.1549999999997,2199.23,4,47.6,57.3,58.0,16.8,7.12,5.84,8.07,0.82,265,0.0262,25,41,48,58,68,74,77,81
Feriali,GRA,44,13800006578242,Corso di Francia,2,50,94.15,2105.08,2152.1549999999997,2199.23,5,47.1,54.2,55.0,16.3,7.2,6.16,4.34,0.83,361,0.0357,28,38,43,55,66,71,74,81
Feriali,GRA,44,13800006578242,Corso di Francia,2,50,94.15,2105.08,2152.1549999999997,2199.23,6,45.8,51.1,51.0,13.9,7.4,6.65,3.92,0.85,985,0.0974,28,37,42,51,60,65,68,72
Feriali,GRA,44,13800006578242,Corso di Francia,2,50,94.15,2105.08,2152.1549999999997,2199.23,7,37.4,43.5,45.0,13.3,9.07,7.53,5.39,1.05,2769,0.2737,19,30,36,45,52,56,59,64
Feriali,GRA,44,13800006578242,Corso di Francia,2,50,94.15,2105.08,2152.1549999999997,2199.23,8,27.5,35.4,36.0,13.2,12.32,9.41,10.0,1.42,6034,0.5965,12,20,27,36,45,49,52,56
Feriali,GRA,44,13800006578242,Corso di Francia,2,50,94.15,2105.08,2152.1549999999997,2199.23,9,32.5,40.2,42.0,13.1,10.42,8.07,17.36,1.2,4603,0.455,16,26,32,42,49,53,56,60
Feriali,GRA,44,13800006578242,Corso di Francia,2,50,94.15,2105.08,2152.1549999999997,2199.23,10,34.7,40.9,42.0,12.9,9.78,8.07,6.43,1.13,4128,0.4081,17,28,33,42,50,53,56,60
Feriali,GRA,44,13800006578242,Corso di Francia,2,50,94.15,2105.08,2152.1549999999997,2199.23,11,30.4,38.7,40.0,13.5,11.16,8.47,9.43,1.29,4577,0.4525,13,24,31,40,48,52,55,59
Feriali,GRA,44,13800006578242,Corso di Francia,2,50,94.15,2105.08,2152.1549999999997,2199.23,12,24.3,33.8,36.0,14.4,13.98,9.41,12.61,1.61,5054,0.4996,9,17,23,36,44,49,52,56
Feriali,GRA,44,13800006578242,Corso di Francia,2,50,94.15,2105.08,2152.1549999999997,2199.23,13,22.6,32.3,33.0,14.3,14.97,10.27,13.49,1.73,5619,0.5555,8,15,21,33,43,47,50,55
Feriali,GRA,44,13800006578242,Corso di Francia,2,50,94.15,2105.08,2152.1549999999997,2199.23,14,21.9,31.8,33.0,14.7,15.48,10.27,13.7,1.79,6136,0.6066,8,14,20,33,43,47,51,55
Feriali,GRA,44,13800006578242,Corso di Francia,2,50,94.15,2105.08,2152.1549999999997,2199.23,15,23.3,32.1,33.0,13.6,14.57,10.27,12.98,1.68,5523,0.546,9,16,22,33,42,46,49,53
Feriali,GRA,44,13800006578242,Corso di Francia,2,50,94.15,2105.08,2152.1549999999997,2199.23,16,24.0,30.1,30.0,12.2,14.13,11.3,9.35,1.63,5840,0.5773,11,16,21,30,38,43,46,51
Feriali,GRA,44,13800006578242,Corso di Francia,2,50,94.15,2105.08,2152.1549999999997,2199.23,17,24.6,30.4,31.0,11.7,13.76,10.93,9.74,1.59,6102,0.6032,12,17,22,31,38,42,45,50
Feriali,GRA,44,13800006578242,Corso di Francia,2,50,94.15,2105.08,2152.1549999999997,2199.23,18,19.3,25.0,24.0,11.5,17.61,14.12,11.3,2.03,6811,0.6733,9,13,16,24,33,37,40,45
Feriali,GRA,44,13800006578242,Corso di Francia,2,50,94.15,2105.08,2152.1549999999997,2199.23,19,23.1,28.6,28.0,11.6,14.66,12.11,8.66,1.69,6745,0.6668,11,16,20,28,36,41,43,48
Feriali,GRA,44,13800006578242,Corso di Francia,2,50,94.15,2105.08,2152.1549999999997,2199.23,20,29.7,35.6,36.0,12.4,11.4,9.41,7.84,1.32,5395,0.5333,15,23,28,36,43,48,51,56
Feriali,GRA,44,13800006578242,Corso di Francia,2,50,94.15,2105.08,2152.1549999999997,2199.23,21,39.4,45.8,46.0,13.5,8.6,7.37,6.25,0.99,3060,0.3025,21,33,38,46,55,59,62,67
Feriali,GRA,44,13800006578242,Corso di Francia,2,50,94.15,2105.08,2152.1549999999997,2199.23,22,41.4,47.2,48.0,13.5,8.19,7.06,5.16,0.95,2914,0.2881,23,34,39,48,55,60,63,68
Feriali,GRA,44,13800006578242,Corso di Francia,2,50,94.15,2105.08,2152.1549999999997,2199.23,23,39.9,45.7,46.0,13.5,8.49,7.37,5.04,0.98,3449,0.3409,21,33,38,46,55,59,62,67
Feriali,GRA,45,13800006907411,Corso di Francia,2,50,15.4,2199.23,2206.93,2214.63,0,45.7,51.1,51.0,13.9,1.21,1.09,0.61,1.0,1769,0.1749,27,39,44,51,59,64,68,74
Feriali,GRA,45,13800006907411,Corso di Francia,2,50,15.4,2199.23,2206.93,2214.63,1,49.8,56.2,56.0,15.3,1.11,0.99,0.64,0.92,904,0.0894,29,43,47,56,65,71,74,81
Feriali,GRA,45,13800006907411,Corso di Francia,2,50,15.4,2199.23,2206.93,2214.63,2,46.8,57.0,57.0,17.0,1.19,0.97,1.68,0.98,484,0.0478,27,41,47,57,68,74,77,84
Feriali,GRA,45,13800006907411,Corso di Francia,2,50,15.4,2199.23,2206.93,2214.63,3,44.4,56.9,58.0,17.6,1.25,0.96,1.9,1.03,263,0.026,29,40,47,58,67,73,79,84
Feriali,GRA,45,13800006907411,Corso di Francia,2,50,15.4,2199.23,2206.93,2214.63,4,48.4,57.9,58.0,16.7,1.15,0.96,1.28,0.94,263,0.026,30,43,48,58,68,74,78,85
Feriali,GRA,45,13800006907411,Corso di Francia,2,50,15.4,2199.23,2206.93,2214.63,5,47.9,54.7,55.0,16.0,1.16,1.01,0.61,0.95,364,0.036,28,40,45,55,65,71,75,80
Feriali,GRA,45,13800006907411,Corso di Francia,2,50,15.4,2199.23,2206.93,2214.63,6,46.5,51.9,52.0,13.4,1.19,1.07,0.65,0.98,984,0.0973,29,39,45,52,60,65,67,73
Feriali,GRA,45,13800006907411,Corso di Francia,2,50,15.4,2199.23,2206.93,2214.63,7,36.6,43.0,44.0,13.0,1.51,1.26,1.09,1.25,2664,0.2633,19,30,36,44,51,55,58,63
Feriali,GRA,45,13800006907411,Corso di Francia,2,50,15.4,2199.23,2206.93,2214.63,8,24.4,33.4,34.0,13.4,2.28,1.63,2.77,1.88,5867,0.58,11,18,24,34,43,47,50,55
Feriali,GRA,45,13800006907411,Corso di Francia,2,50,15.4,2199.23,2206.93,2214.63,9,31.4,39.2,40.0,12.9,1.76,1.39,2.58,1.45,4499,0.4447,15,25,31,40,48,52,55,59
Feriali,GRA,45,13800006907411,Corso di Francia,2,50,15.4,2199.23,2206.93,2214.63,10,32.8,39.6,40.0,12.8,1.69,1.39,1.46,1.39,3993,0.3947,16,26,32,40,48,52,55,59
Feriali,GRA,45,13800006907411,Corso di Francia,2,50,15.4,2199.23,2206.93,2214.63,11,27.6,36.9,38.0,13.4,2.01,1.46,2.5,1.66,4457,0.4406,13,22,29,38,46,50,53,57
Feriali,GRA,45,13800006907411,Corso di Francia,2,50,15.4,2199.23,2206.93,2214.63,12,18.9,31.6,32.0,14.4,2.93,1.73,4.98,2.42,4894,0.4838,8,15,21,32,42,47,50,54
Feriali,GRA,45,13800006907411,Corso di Francia,2,50,15.4,2199.23,2206.93,2214.63,13,18.6,30.5,31.0,14.2,2.98,1.79,4.75,2.45,5440,0.5378,8,14,19,31,41,45,49,53
Feriali,GRA,45,13800006907411,Corso di Francia,2,50,15.4,2199.23,2206.93,2214.63,14,18.1,30.2,30.0,14.7,3.07,1.85,4.77,2.53,5948,0.588,7,14,18,30,41,46,49,54
Feriali,GRA,45,13800006907411,Corso di Francia,2,50,15.4,2199.23,2206.93,2214.63,15,18.3,29.8,30.0,13.8,3.03,1.85,4.75,2.5,5313,0.5252,8,14,19,30,40,44,47,52
Feriali,GRA,45,13800006907411,Corso di Francia,2,50,15.4,2199.23,2206.93,2214.63,16,21.7,29.2,29.0,12.4,2.55,1.91,2.72,2.1,5638,0.5573,10,16,20,29,38,43,46,50
Feriali,GRA,45,13800006907411,Corso di Francia,2,50,15.4,2199.23,2206.93,2214.63,17,22.6,29.3,29.0,11.9,2.45,1.91,2.25,2.02,5916,0.5848,11,17,21,29,38,42,45,49
Feriali,GRA,45,13800006907411,Corso di Francia,2,50,15.4,2199.23,2206.93,2214.63,18,17.6,24.7,23.0,11.6,3.15,2.41,3.59,2.6,6600,0.6524,8,13,16,23,32,37,40,45
Feriali,GRA,45,13800006907411,Corso di Francia,2,50,15.4,2199.23,2206.93,2214.63,19,20.9,27.9,27.0,11.7,2.65,2.05,2.93,2.19,6575,0.65,10,16,19,27,36,41,43,48
Feriali,GRA,45,13800006907411,Corso di Francia,2,50,15.4,2199.23,2206.93,2214.63,20,27.9,35.0,35.0,12.6,1.99,1.58,2.07,1.64,5267,0.5207,14,22,27,35,43,48,51,56
Feriali,GRA,45,13800006907411,Corso di Francia,2,50,15.4,2199.23,2206.93,2214.63,21,40.3,46.2,47.0,13.1,1.38,1.18,1.03,1.13,2974,0.294,21,34,39,47,54,59,62,66
Feriali,GRA,45,13800006907411,Corso di Francia,2,50,15.4,2199.23,2206.93,2214.63,22,41.5,47.3,47.0,13.1,1.34,1.18,1.1,1.1,2874,0.2841,24,35,40,47,55,59,62,68
Feriali,GRA,45,13800006907411,Corso di Francia,2,50,15.4,2199.23,2206.93,2214.63,23,39.6,45.4,46.0,13.2,1.4,1.21,1.07,1.15,3412,0.3373,21,33,38,46,54,58,61,66
Feriali,GRA,46,13800007410723,Corso di Francia,2,50,12.61,2214.63,2220.935,2227.2400000000002,0,45.1,50.7,50.0,13.7,1.01,0.91,0.58,1.0,1769,0.1749,27,39,43,50,58,64,68,74
Feriali,GRA,46,13800007410723,Corso di Francia,2,50,12.61,2214.63,2220.935,2227.2400000000002,1,49.8,55.8,56.0,15.1,0.91,0.81,0.48,0.9,906,0.0896,29,42,47,56,65,70,74,80
Feriali,GRA,46,13800007410723,Corso di Francia,2,50,12.61,2214.63,2220.935,2227.2400000000002,2,46.4,56.6,57.0,16.8,0.98,0.8,1.37,0.97,483,0.0477,27,41,47,57,68,73,77,85
Feriali,GRA,46,13800007410723,Corso di Francia,2,50,12.61,2214.63,2220.935,2227.2400000000002,3,48.6,56.7,57.0,17.1,0.93,0.8,0.63,0.93,264,0.0261,31,39,46,57,67,73,78,83
Feriali,GRA,46,13800007410723,Corso di Francia,2,50,12.61,2214.63,2220.935,2227.2400000000002,4,46.9,57.6,57.0,16.9,0.97,0.8,1.17,0.96,263,0.026,30,42,49,57,68,74,78,85
Feriali,GRA,46,13800007410723,Corso di Francia,2,50,12.61,2214.63,2220.935,2227.2400000000002,5,48.3,54.6,55.0,15.7,0.94,0.83,0.45,0.93,364,0.036,28,40,45,55,65,70,75,80
Feriali,GRA,46,13800007410723,Corso di Francia,2,50,12.61,2214.63,2220.935,2227.2400000000002,6,46.6,51.5,52.0,13.1,0.98,0.87,0.46,0.97,982,0.0971,29,39,45,52,59,64,67,72
Feriali,GRA,46,13800007410723,Corso di Francia,2,50,12.61,2214.63,2220.935,2227.2400000000002,7,35.4,42.3,43.0,12.9,1.28,1.06,1.26,1.27,2665,0.2634,19,29,35,43,51,54,58,63
Feriali,GRA,46,13800007410723,Corso di Francia,2,50,12.61,2214.63,2220.935,2227.2400000000002,8,22.3,32.6,33.0,13.4,2.04,1.38,3.25,2.02,5867,0.58,10,18,23,33,42,47,50,54
Feriali,GRA,46,13800007410723,Corso di Francia,2,50,12.61,2214.63,2220.935,2227.2400000000002,9,30.2,38.3,39.0,12.9,1.5,1.16,3.08,1.49,4500,0.4448,15,24,30,39,47,51,54,58
Feriali,GRA,46,13800007410723,Corso di Francia,2,50,12.61,2214.63,2220.935,2227.2400000000002,10,31.2,38.7,40.0,12.8,1.46,1.13,1.68,1.45,3998,0.3952,16,25,31,40,47,51,54,58
Feriali,GRA,46,13800007410723,Corso di Francia,2,50,12.61,2214.63,2220.935,2227.2400000000002,11,25.7,35.9,37.0,13.4,1.77,1.23,2.7,1.75,4456,0.4405,12,21,27,37,45,49,52,56
Feriali,GRA,46,13800007410723,Corso di Francia,2,50,12.61,2214.63,2220.935,2227.2400000000002,12,18.4,30.8,31.0,14.1,2.47,1.46,4.43,2.45,4889,0.4833,8,15,20,31,41,46,49,54
Feriali,GRA,46,13800007410723,Corso di Francia,2,50,12.61,2214.63,2220.935,2227.2400000000002,13,17.1,29.8,30.0,14.0,2.66,1.51,4.91,2.64,5433,0.5371,7,14,19,30,40,45,48,52
Feriali,GRA,46,13800007410723,Corso di Francia,2,50,12.61,2214.63,2220.935,2227.2400000000002,14,16.9,29.5,29.0,14.5,2.68,1.57,4.69,2.66,5930,0.5862,7,13,18,29,40,45,48,53
Feriali,GRA,46,13800007410723,Corso di Francia,2,50,12.61,2214.63,2220.935,2227.2400000000002,15,17.2,28.9,29.0,13.7,2.64,1.57,4.24,2.62,5306,0.5245,7,14,19,29,39,43,46,51
Feriali,GRA,46,13800007410723,Corso di Francia,2,50,12.61,2214.63,2220.935,2227.2400000000002,16,21.8,28.9,28.0,12.2,2.09,1.62,2.21,2.07,5627,0.5562,11,16,20,28,37,42,45,49
Feriali,GRA,46,13800007410723,Corso di Francia,2,50,12.61,2214.63,2220.935,2227.2400000000002,17,22.2,28.8,28.0,11.6,2.05,1.62,2.08,2.03,5911,0.5843,11,17,20,28,37,41,44,49
Feriali,GRA,46,13800007410723,Corso di Francia,2,50,12.61,2214.63,2220.935,2227.2400000000002,18,17.2,24.4,23.0,11.3,2.64,1.97,3.2,2.62,6603,0.6527,8,13,16,23,31,36,40,44
Feriali,GRA,46,13800007410723,Corso di Francia,2,50,12.61,2214.63,2220.935,2227.2400000000002,19,20.2,27.5,27.0,11.6,2.25,1.68,2.7,2.23,6564,0.6489,10,15,19,27,35,40,43,48
Feriali,GRA,46,13800007410723,Corso di Francia,2,50,12.61,2214.63,2220.935,2227.2400000000002,20,27.8,34.6,35.0,12.5,1.64,1.3,1.77,1.62,5270,0.521,14,21,26,35,43,47,50,55
Feriali,GRA,46,13800007410723,Corso di Francia,2,50,12.61,2214.63,2220.935,2227.2400000000002,21,40.0,45.8,46.0,13.1,1.13,0.99,0.67,1.13,2970,0.2936,21,34,39,46,54,58,61,66
Feriali,GRA,46,13800007410723,Corso di Francia,2,50,12.61,2214.63,2220.935,2227.2400000000002,22,41.1,46.9,47.0,13.0,1.11,0.97,0.85,1.1,2866,0.2833,24,35,40,47,54,59,62,67
Feriali,GRA,46,13800007410723,Corso di Francia,2,50,12.61,2214.63,2220.935,2227.2400000000002,23,39.8,45.0,45.0,13.0,1.14,1.01,0.59,1.13,3416,0.3377,22,32,37,45,53,57,61,66
Festivi,Centro,0,-13800007198127,Corso di Francia,2,50,14.98,0.0,7.49,14.98,0,25.5,36.9,37.0,15.6,2.11,1.46,2.57,1.0,1757,0.4927,11,21,26,37,47,53,56,62
Festivi,Centro,0,-13800007198127,Corso di Francia,2,50,14.98,0.0,7.49,14.98,1,28.8,39.2,39.0,15.9,1.87,1.38,1.99,0.89,937,0.2628,12,24,29,39,50,55,59,67
Festivi,Centro,0,-13800007198127,Corso di Francia,2,50,14.98,0.0,7.49,14.98,2,33.1,41.3,41.0,15.2,1.63,1.32,1.37,0.77,550,0.1542,18,27,32,41,50,56,61,66
Festivi,Centro,0,-13800007198127,Corso di Francia,2,50,14.98,0.0,7.49,14.98,3,30.9,41.2,40.0,16.3,1.75,1.35,1.66,0.83,308,0.0864,14,24,30,40,53,58,62,70
Festivi,Centro,0,-13800007198127,Corso di Francia,2,50,14.98,0.0,7.49,14.98,4,36.2,44.6,44.0,15.3,1.49,1.23,1.2,0.71,207,0.058,17,30,34,44,55,61,65,72
Festivi,Centro,0,-13800007198127,Corso di Francia,2,50,14.98,0.0,7.49,14.98,5,30.9,42.2,42.0,17.3,1.75,1.28,1.64,0.83,281,0.0788,13,25,30,42,54,61,63,69
Festivi,Centro,0,-13800007198127,Corso di Francia,2,50,14.98,0.0,7.49,14.98,6,27.2,35.6,35.0,14.8,1.98,1.54,1.57,0.94,485,0.136,11,21,25,35,46,52,55,61
Festivi,Centro,0,-13800007198127,Corso di Francia,2,50,14.98,0.0,7.49,14.98,7,23.4,34.9,35.0,15.4,2.31,1.54,3.7,1.09,655,0.1837,11,18,23,35,46,50,54,62
Festivi,Centro,0,-13800007198127,Corso di Francia,2,50,14.98,0.0,7.49,14.98,8,19.7,31.9,31.0,14.9,2.74,1.74,4.41,1.3,1081,0.3031,8,16,21,31,42,49,52,57
Festivi,Centro,0,-13800007198127,Corso di Francia,2,50,14.98,0.0,7.49,14.98,9,13.0,27.5,26.0,14.8,4.16,2.07,7.38,1.97,1676,0.47,4,11,17,26,38,43,47,54
Festivi,Centro,0,-13800007198127,Corso di Francia,2,50,14.98,0.0,7.49,14.98,10,11.7,25.2,25.0,13.6,4.59,2.16,7.84,2.18,2050,0.5749,3,10,16,25,34,40,44,49
Festivi,Centro,0,-13800007198127,Corso di Francia,2,50,14.98,0.0,7.49,14.98,11,11.5,24.4,24.0,13.3,4.67,2.25,7.97,2.21,2295,0.6436,3,9,15,24,33,38,42,47
Festivi,Centro,0,-13800007198127,Corso di Francia,2,50,14.98,0.0,7.49,14.98,12,11.6,25.0,25.0,13.3,4.64,2.16,8.08,2.2,2826,0.7925,3,10,16,25,34,38,42,47
Festivi,Centro,0,-13800007198127,Corso di Francia,2,50,14.98,0.0,7.49,14.98,13,14.2,27.0,27.0,14.0,3.81,2.0,6.73,1.81,2433,0.6823,5,11,17,27,36,41,45,51
Festivi,Centro,0,-13800007198127,Corso di Francia,2,50,14.98,0.0,7.49,14.98,14,16.1,28.6,28.0,14.4,3.35,1.93,5.4,1.59,1910,0.5356,6,12,18,28,39,44,47,53
Festivi,Centro,0,-13800007198127,Corso di Francia,2,50,14.98,0.0,7.49,14.98,15,13.5,26.9,26.0,14.1,4.01,2.07,7.17,1.9,2234,0.6265,4,11,16,26,36,42,46,51
Festivi,Centro,0,-13800007198127,Corso di Francia,2,50,14.98,0.0,7.49,14.98,16,8.4,22.7,21.0,14.8,6.42,2.57,10.68,3.04,2462,0.6904,2,6,11,21,32,38,43,50
Festivi,Centro,0,-13800007198127,Corso di Francia,2,50,14.98,0.0,7.49,14.98,17,8.3,21.7,20.0,14.2,6.52,2.7,10.3,3.09,2456,0.6887,2,6,11,20,31,37,40,47
Festivi,Centro,0,-13800007198127,Corso di Francia,2,50,14.98,0.0,7.49,14.98,18,9.7,23.5,22.0,14.6,5.54,2.45,9.09,2.62,2136,0.599,2,8,12,22,33,38,42,51
Festivi,Centro,0,-13800007198127,Corso di Francia,2,50,14.98,0.0,7.49,14.98,19,10.2,24.3,23.0,14.2,5.27,2.34,9.14,2.5,2316,0.6495,2,9,14,23,34,39,42,49
Festivi,Centro,0,-13800007198127,Corso di Francia,2,50,14.98,0.0,7.49,14.98,20,11.8,26.8,26.0,15.1,4.58,2.07,8.32,2.17,2236,0.627,3,10,16,26,36,42,47,53
Festivi,Centro,0,-13800007198127,Corso di Francia,2,50,14.98,0.0,7.49,14.98,21,24.1,35.4,37.0,15.1,2.24,1.46,2.53,1.06,1445,0.4052,9,18,25,37,46,50,53,58
Festivi,Centro,0,-13800007198127,Corso di Francia,2,50,14.98,0.0,7.49,14.98,22,25.7,36.5,37.0,14.9,2.1,1.46,2.45,0.99,1259,0.3531,10,21,26,37,47,51,55,61
Festivi,Centro,0,-13800007198127,Corso di Francia,2,50,14.98,0.0,7.49,14.98,23,26.7,37.5,38.0,15.3,2.02,1.42,2.68,0.96,1288,0.3612,12,21,27,38,48,53,57,63
Festivi,Centro,1,-13800007184018,Corso di Francia,2,50,16.14,14.98,23.05,31.12,0,16.9,34.6,37.0,18.4,3.44,1.57,5.2,1.0,1752,0.4913,4,12,20,37,48,54,57,63
Festivi,Centro,1,-13800007184018,Corso di Francia,2,50,16.14,14.98,23.05,31.12,1,20.6,36.9,38.0,18.6,2.82,1.53,4.19,0.82,935,0.2622,6,15,22,38,50,56,59,68
Festivi,Centro,1,-13800007184018,Corso di Francia,2,50,16.14,14.98,23.05,31.12,2,28.1,39.8,41.0,17.4,2.07,1.42,2.16,0.6,549,0.154,12,20,27,41,51,56,61,67
Festivi,Centro,1,-13800007184018,Corso di Francia,2,50,16.14,14.98,23.05,31.12,3,26.0,39.5,40.0,18.5,2.24,1.45,2.61,0.65,306,0.0858,9,18,24,40,53,60,63,69
Festivi,Centro,1,-13800007184018,Corso di Francia,2,50,16.14,14.98,23.05,31.12,4,29.2,43.3,45.0,18.2,1.99,1.29,2.71,0.58,207,0.058,15,24,29,45,56,62,66,72
Festivi,Centro,1,-13800007184018,Corso di Francia,2,50,16.14,14.98,23.05,31.12,5,24.0,41.1,43.0,19.7,2.42,1.35,3.19,0.7,280,0.0785,7,17,25,43,56,61,65,70
Festivi,Centro,1,-13800007184018,Corso di Francia,2,50,16.14,14.98,23.05,31.12,6,21.7,34.8,34.0,16.8,2.68,1.71,3.91,0.78,482,0.1352,9,17,22,34,48,53,55,62
Festivi,Centro,1,-13800007184018,Corso di Francia,2,50,16.14,14.98,23.05,31.12,7,18.0,34.0,34.0,17.3,3.22,1.71,5.6,0.94,655,0.1837,6,14,21,34,47,52,56,62
Festivi,Centro,1,-13800007184018,Corso di Francia,2,50,16.14,14.98,23.05,31.12,8,12.5,30.5,30.0,16.9,4.65,1.94,8.51,1.35,1079,0.3026,2,11,18,30,44,50,53,58
Festivi,Centro,1,-13800007184018,Corso di Francia,2,50,16.14,14.98,23.05,31.12,9,10.4,27.5,27.0,15.9,5.61,2.15,10.4,1.63,1663,0.4663,2,9,16,27,39,45,49,55
Festivi,Centro,1,-13800007184018,Corso di Francia,2,50,16.14,14.98,23.05,31.12,10,9.1,25.2,25.0,14.5,6.4,2.32,11.58,1.86,2043,0.5729,2,8,15,25,34,41,45,50
Festivi,Centro,1,-13800007184018,Corso di Francia,2,50,16.14,14.98,23.05,31.12,11,10.0,24.7,24.0,13.9,5.81,2.42,10.52,1.69,2285,0.6408,2,9,15,24,33,39,43,48
Festivi,Centro,1,-13800007184018,Corso di Francia,2,50,16.14,14.98,23.05,31.12,12,9.8,25.1,25.0,14.0,5.93,2.32,10.94,1.73,2830,0.7936,2,10,16,25,34,40,43,48
Festivi,Centro,1,-13800007184018,Corso di Francia,2,50,16.14,14.98,23.05,31.12,13,11.1,27.1,27.0,15.0,5.25,2.15,9.77,1.53,2418,0.6781,2,11,17,27,37,43,47,52
Festivi,Centro,1,-13800007184018,Corso di Francia,2,50,16.14,14.98,23.05,31.12,14,11.7,28.9,28.0,15.5,4.98,2.08,9.71,1.45,1905,0.5342,2,12,18,28,40,46,49,55
Festivi,Centro,1,-13800007184018,Corso di Francia,2,50,16.14,14.98,23.05,31.12,15,9.6,26.7,27.0,15.4,6.08,2.15,11.33,1.77,2218,0.622,2,9,15,27,37,43,47,52
Festivi,Centro,1,-13800007184018,Corso di Francia,2,50,16.14,14.98,23.05,31.12,16,7.8,23.3,22.0,15.4,7.42,2.64,12.38,2.16,2453,0.6879,1,5,11,22,33,39,44,51
Festivi,Centro,1,-13800007184018,Corso di Francia,2,50,16.14,14.98,23.05,31.12,17,7.1,21.6,20.0,15.0,8.22,2.91,13.43,2.39,2426,0.6803,1,4,9,20,32,38,42,49
Festivi,Centro,1,-13800007184018,Corso di Francia,2,50,16.14,14.98,23.05,31.12,18,7.8,23.3,22.0,15.4,7.47,2.64,12.59,2.17,2126,0.5962,1,6,11,22,33,40,44,51
Festivi,Centro,1,-13800007184018,Corso di Francia,2,50,16.14,14.98,23.05,31.12,19,8.2,24.2,23.0,15.3,7.12,2.53,12.23,2.07,2298,0.6444,1,6,12,23,35,41,44,51
Festivi,Centro,1,-13800007184018,Corso di Francia,2,50,16.14,14.98,23.05,31.12,20,8.6,25.8,25.0,16.4,6.79,2.32,11.93,1.97,2222,0.6231,1,6,13,25,37,44,48,54
Festivi,Centro,1,-13800007184018,Corso di Francia,2,50,16.14,14.98,23.05,31.12,21,15.4,33.4,37.0,18.1,3.78,1.57,5.74,1.1,1433,0.4019,4,10,18,37,47,52,54,59
Festivi,Centro,1,-13800007184018,Corso di Francia,2,50,16.14,14.98,23.05,31.12,22,17.2,34.1,36.0,17.9,3.38,1.61,5.39,0.98,1255,0.3519,4,13,19,36,48,53,56,62
Festivi,Centro,1,-13800007184018,Corso di Francia,2,50,16.14,14.98,23.05,31.12,23,17.5,35.5,38.0,18.2,3.32,1.53,5.24,0.97,1280,0.3589,4,14,21,38,48,54,58,64
Festivi,Centro,2,-13800007468537,Corso di Francia,2,50,31.38,31.12,46.81,62.5,0,13.3,33.5,36.0,20.3,8.48,3.14,11.93,1.0,1741,0.4882,3,6,15,36,50,55,58,64
Festivi,Centro,2,-13800007468537,Corso di Francia,2,50,31.38,31.12,46.81,62.5,1,11.6,34.0,37.0,22.3,9.78,3.05,13.27,1.15,933,0.2616,3,5,10,37,52,57,61,68
Festivi,Centro,2,-13800007468537,Corso di Francia,2,50,31.38,31.12,46.81,62.5,2,12.4,36.4,42.0,22.4,9.11,2.69,13.18,1.07,549,0.154,3,6,12,42,52,58,62,67
Festivi,Centro,2,-13800007468537,Corso di Francia,2,50,31.38,31.12,46.81,62.5,3,12.3,36.3,42.0,23.6,9.19,2.69,12.7,1.08,304,0.0852,3,6,10,42,54,60,63,72
Festivi,Centro,2,-13800007468537,Corso di Francia,2,50,31.38,31.12,46.81,62.5,4,13.9,40.3,45.0,23.6,8.1,2.51,11.8,0.96,207,0.058,4,5,16,45,58,64,68,74
Festivi,Centro,2,-13800007468537,Corso di Francia,2,50,31.38,31.12,46.81,62.5,5,11.5,38.0,44.0,24.3,9.83,2.57,14.95,1.16,278,0.078,3,5,9,44,57,63,66,73
Festivi,Centro,2,-13800007468537,Corso di Francia,2,50,31.38,31.12,46.81,62.5,6,14.4,34.8,35.0,19.2,7.83,3.23,12.48,0.92,480,0.1346,3,11,21,35,50,55,58,65
Festivi,Centro,2,-13800007468537,Corso di Francia,2,50,31.38,31.12,46.81,62.5,7,14.7,35.0,35.0,18.7,7.7,3.23,13.17,0.91,659,0.1848,3,12,22,35,50,54,59,65
Festivi,Centro,2,-13800007468537,Corso di Francia,2,50,31.38,31.12,46.81,62.5,8,11.9,31.8,32.0,18.0,9.52,3.53,15.22,1.12,1079,0.3026,2,9,20,32,46,52,56,59
Festivi,Centro,2,-13800007468537,Corso di Francia,2,50,31.38,31.12,46.81,62.5,9,11.9,29.1,29.0,16.1,9.53,3.9,15.04,1.12,1666,0.4672,2,10,19,29,40,47,50,57
Festivi,Centro,2,-13800007468537,Corso di Francia,2,50,31.38,31.12,46.81,62.5,10,12.5,27.4,27.0,14.4,9.06,4.18,14.28,1.07,2035,0.5707,2,12,19,27,36,43,47,52
Festivi,Centro,2,-13800007468537,Corso di Francia,2,50,31.38,31.12,46.81,62.5,11,12.3,26.6,27.0,14.0,9.17,4.18,14.09,1.08,2301,0.6453,2,11,18,27,34,41,45,50
Festivi,Centro,2,-13800007468537,Corso di Francia,2,50,31.38,31.12,46.81,62.5,12,13.0,27.0,27.0,13.9,8.71,4.18,13.44,1.03,2816,0.7897,2,12,18,27,35,40,45,50
Festivi,Centro,2,-13800007468537,Corso di Francia,2,50,31.38,31.12,46.81,62.5,13,12.4,28.8,29.0,15.5,9.11,3.9,14.53,1.07,2425,0.68,2,11,19,29,38,45,49,55
Festivi,Centro,2,-13800007468537,Corso di Francia,2,50,31.38,31.12,46.81,62.5,14,13.5,30.8,31.0,15.9,8.39,3.64,14.45,0.99,1896,0.5317,2,12,21,31,41,48,51,57
Festivi,Centro,2,-13800007468537,Corso di Francia,2,50,31.38,31.12,46.81,62.5,15,12.6,28.9,29.0,15.5,8.97,3.9,14.92,1.06,2218,0.622,2,11,19,29,38,45,50,55
Festivi,Centro,2,-13800007468537,Corso di Francia,2,50,31.38,31.12,46.81,62.5,16,10.6,25.8,26.0,15.4,10.66,4.34,15.45,1.26,2454,0.6882,2,6,14,26,35,41,46,52
Festivi,Centro,2,-13800007468537,Corso di Francia,2,50,31.38,31.12,46.81,62.5,17,8.7,23.5,23.0,15.4,13.03,4.91,18.52,1.54,2413,0.6767,2,4,10,23,34,40,44,51
Festivi,Centro,2,-13800007468537,Corso di Francia,2,50,31.38,31.12,46.81,62.5,18,10.1,25.3,26.0,15.4,11.24,4.34,16.38,1.33,2134,0.5984,2,6,14,26,35,42,45,52
Festivi,Centro,2,-13800007468537,Corso di Francia,2,50,31.38,31.12,46.81,62.5,19,10.0,26.3,27.0,15.8,11.33,4.18,16.68,1.34,2295,0.6436,2,6,15,27,37,43,47,52
Festivi,Centro,2,-13800007468537,Corso di Francia,2,50,31.38,31.12,46.81,62.5,20,10.4,27.4,27.0,16.7,10.88,4.18,16.16,1.28,2214,0.6209,2,6,15,27,38,45,49,56
Festivi,Centro,2,-13800007468537,Corso di Francia,2,50,31.38,31.12,46.81,62.5,21,13.2,32.9,36.0,19.8,8.55,3.14,12.27,1.01,1436,0.4027,3,6,15,36,48,53,57,62
Festivi,Centro,2,-13800007468537,Corso di Francia,2,50,31.38,31.12,46.81,62.5,22,12.5,32.7,36.0,20.3,9.03,3.14,12.36,1.06,1254,0.3517,3,6,11,36,49,54,58,62
Festivi,Centro,2,-13800007468537,Corso di Francia,2,50,31.38,31.12,46.81,62.5,23,14.2,34.8,38.0,20.1,7.93,2.97,11.44,0.94,1282,0.3595,3,8,18,38,50,55,59,65
Festivi,Centro,3,-13800006407150,Corso di Francia,2,50,9.82,62.5,67.41,72.32,0,24.7,37.2,35.0,16.5,1.43,1.01,2.79,1.0,2099,0.5886,12,21,26,35,49,55,58,65
Festivi,Centro,3,-13800006407150,Corso di Francia,2,50,9.82,62.5,67.41,72.32,1,23.0,37.0,34.0,17.5,1.54,1.04,3.1,1.07,1209,0.339,11,20,24,34,50,56,61,68
Festivi,Centro,3,-13800006407150,Corso di Francia,2,50,9.82,62.5,67.41,72.32,2,24.6,37.2,34.0,17.6,1.44,1.04,2.12,1.0,788,0.221,13,20,24,34,50,56,60,66
Festivi,Centro,3,-13800006407150,Corso di Francia,2,50,9.82,62.5,67.41,72.32,3,20.0,36.3,33.0,19.3,1.77,1.07,2.65,1.23,449,0.1259,6,17,21,33,52,57,62,70
Festivi,Centro,3,-13800006407150,Corso di Francia,2,50,9.82,62.5,67.41,72.32,4,26.5,41.8,42.0,19.5,1.33,0.84,1.93,0.93,270,0.0757,11,21,26,42,56,63,68,74
Festivi,Centro,3,-13800006407150,Corso di Francia,2,50,9.82,62.5,67.41,72.32,5,27.6,42.8,42.0,18.7,1.28,0.84,2.69,0.89,309,0.0867,13,22,28,42,58,63,67,73
Festivi,Centro,3,-13800006407150,Corso di Francia,2,50,9.82,62.5,67.41,72.32,6,28.3,40.1,39.0,16.6,1.25,0.91,1.64,0.87,499,0.1399,13,23,28,39,52,58,63,69
Festivi,Centro,3,-13800006407150,Corso di Francia,2,50,9.82,62.5,67.41,72.32,7,29.5,39.6,39.0,15.6,1.2,0.91,1.77,0.84,710,0.1991,13,24,29,39,50,56,61,66
Festivi,Centro,3,-13800006407150,Corso di Francia,2,50,9.82,62.5,67.41,72.32,8,25.8,36.5,35.0,15.0,1.37,1.01,1.68,0.96,1202,0.3371,11,22,27,35,47,53,57,62
Festivi,Centro,3,-13800006407150,Corso di Francia,2,50,9.82,62.5,67.41,72.32,9,23.6,33.5,33.0,13.8,1.5,1.07,1.92,1.05,1833,0.514,11,20,25,33,41,48,52,58
Festivi,Centro,3,-13800006407150,Corso di Francia,2,50,9.82,62.5,67.41,72.32,10,22.4,31.0,30.0,12.6,1.58,1.18,1.86,1.1,2310,0.6478,10,19,23,30,38,44,48,53
Festivi,Centro,3,-13800006407150,Corso di Francia,2,50,9.82,62.5,67.41,72.32,11,20.9,29.9,30.0,12.5,1.69,1.18,2.21,1.18,2618,0.7342,9,18,22,30,37,42,46,52
Festivi,Centro,3,-13800006407150,Corso di Francia,2,50,9.82,62.5,67.41,72.32,12,21.3,30.1,30.0,12.7,1.66,1.18,2.45,1.16,3129,0.8775,9,18,22,30,37,42,46,52
Festivi,Centro,3,-13800006407150,Corso di Francia,2,50,9.82,62.5,67.41,72.32,13,22.4,32.6,32.0,13.5,1.58,1.1,2.94,1.1,2724,0.7639,11,20,24,32,40,46,50,57
Festivi,Centro,3,-13800006407150,Corso di Francia,2,50,9.82,62.5,67.41,72.32,14,22.8,34.1,33.0,13.9,1.55,1.07,2.79,1.08,2094,0.5872,10,20,25,33,43,48,53,58
Festivi,Centro,3,-13800006407150,Corso di Francia,2,50,9.82,62.5,67.41,72.32,15,21.5,32.5,32.0,13.8,1.64,1.1,2.71,1.15,2432,0.682,9,19,24,32,40,46,51,57
Festivi,Centro,3,-13800006407150,Corso di Francia,2,50,9.82,62.5,67.41,72.32,16,18.5,30.4,31.0,13.7,1.91,1.14,3.17,1.33,2708,0.7594,6,16,22,31,38,43,48,54
Festivi,Centro,3,-13800006407150,Corso di Francia,2,50,9.82,62.5,67.41,72.32,17,13.1,27.9,29.0,14.4,2.7,1.22,6.38,1.88,2562,0.7185,3,11,18,29,37,42,46,52
Festivi,Centro,3,-13800006407150,Corso di Francia,2,50,9.82,62.5,67.41,72.32,18,20.7,30.5,30.0,13.1,1.71,1.18,2.44,1.19,2310,0.6478,8,17,22,30,38,43,47,54
Festivi,Centro,3,-13800006407150,Corso di Francia,2,50,9.82,62.5,67.41,72.32,19,21.5,31.9,32.0,12.9,1.64,1.1,2.87,1.15,2498,0.7005,9,19,24,32,40,45,48,54
Festivi,Centro,3,-13800006407150,Corso di Francia,2,50,9.82,62.5,67.41,72.32,20,22.6,32.3,31.0,13.5,1.57,1.14,2.43,1.09,2557,0.717,10,19,24,31,40,46,50,56
Festivi,Centro,3,-13800006407150,Corso di Francia,2,50,9.82,62.5,67.41,72.32,21,23.8,36.9,36.0,16.1,1.49,0.98,2.58,1.04,1688,0.4734,9,20,25,36,48,54,58,63
Festivi,Centro,3,-13800006407150,Corso di Francia,2,50,9.82,62.5,67.41,72.32,22,24.1,36.8,36.0,16.5,1.46,0.98,2.01,1.02,1475,0.4136,9,20,25,36,49,55,58,63
Festivi,Centro,3,-13800006407150,Corso di Francia,2,50,9.82,62.5,67.41,72.32,23,25.4,38.6,38.0,16.6,1.39,0.93,2.87,0.97,1468,0.4117,13,22,26,38,51,56,60,66
Festivi,Centro,4,-13800006502581,Corso di Francia,2,50,57.45,72.32,101.04499999999999,129.76999999999998,0,26.1,41.7,41.0,15.7,7.92,5.04,16.46,1.0,2025,0.5679,13,28,33,41,51,57,60,67
Festivi,Centro,4,-13800006502581,Corso di Francia,2,50,57.45,72.32,101.04499999999999,129.76999999999998,1,22.7,41.3,40.0,17.2,9.12,5.17,20.63,1.15,1171,0.3284,10,26,32,40,52,59,63,70
Festivi,Centro,4,-13800006502581,Corso di Francia,2,50,57.45,72.32,101.04499999999999,129.76999999999998,2,21.8,41.7,41.0,17.3,9.47,5.04,27.25,1.2,756,0.212,9,27,32,41,52,59,63,68
Festivi,Centro,4,-13800006502581,Corso di Francia,2,50,57.45,72.32,101.04499999999999,129.76999999999998,3,19.3,42.3,42.0,18.2,10.74,4.92,27.91,1.36,427,0.1197,7,25,32,42,55,59,66,72
Festivi,Centro,4,-13800006502581,Corso di Francia,2,50,57.45,72.32,101.04499999999999,129.76999999999998,4,22.0,45.8,46.0,19.0,9.39,4.5,20.04,1.19,261,0.0732,5,29,34,46,59,65,69,75
Festivi,Centro,4,-13800006502581,Corso di Francia,2,50,57.45,72.32,101.04499999999999,129.76999999999998,5,32.7,48.0,46.0,16.9,6.32,4.5,12.87,0.8,301,0.0844,18,32,37,46,61,66,69,73
Festivi,Centro,4,-13800006502581,Corso di Francia,2,50,57.45,72.32,101.04499999999999,129.76999999999998,6,29.5,45.2,45.0,16.0,7.01,4.6,13.2,0.89,484,0.1357,14,31,37,45,55,61,66,71
Festivi,Centro,4,-13800006502581,Corso di Francia,2,50,57.45,72.32,101.04499999999999,129.76999999999998,7,29.1,43.5,43.0,14.8,7.11,4.81,15.71,0.9,683,0.1915,16,31,36,43,53,58,62,67
Festivi,Centro,4,-13800006502581,Corso di Francia,2,50,57.45,72.32,101.04499999999999,129.76999999999998,8,26.7,40.7,40.0,14.2,7.73,5.17,29.3,0.98,1164,0.3264,15,28,33,40,49,56,59,64
Festivi,Centro,4,-13800006502581,Corso di Francia,2,50,57.45,72.32,101.04499999999999,129.76999999999998,9,25.5,37.0,38.0,13.4,8.12,5.44,13.28,1.02,1764,0.4947,13,25,29,38,44,50,54,59
Festivi,Centro,4,-13800006502581,Corso di Francia,2,50,57.45,72.32,101.04499999999999,129.76999999999998,10,22.7,34.4,35.0,12.8,9.13,5.91,15.48,1.15,2222,0.6231,10,22,27,35,42,46,50,55
Festivi,Centro,4,-13800006502581,Corso di Francia,2,50,57.45,72.32,101.04499999999999,129.76999999999998,11,22.1,33.3,34.0,12.5,9.35,6.08,16.43,1.18,2496,0.6999,10,21,27,34,41,45,48,54
Festivi,Centro,4,-13800006502581,Corso di Francia,2,50,57.45,72.32,101.04499999999999,129.76999999999998,12,22.6,33.3,34.0,12.9,9.15,6.08,15.14,1.16,3008,0.8435,10,20,26,34,41,45,48,54
Festivi,Centro,4,-13800006502581,Corso di Francia,2,50,57.45,72.32,101.04499999999999,129.76999999999998,13,23.1,35.8,36.0,13.8,8.94,5.74,16.91,1.13,2631,0.7378,11,22,28,36,43,48,53,59
Festivi,Centro,4,-13800006502581,Corso di Francia,2,50,57.45,72.32,101.04499999999999,129.76999999999998,14,21.8,37.2,38.0,14.2,9.49,5.44,20.55,1.2,2019,0.5662,10,24,30,38,45,51,55,60
Festivi,Centro,4,-13800006502581,Corso di Francia,2,50,57.45,72.32,101.04499999999999,129.76999999999998,15,21.5,35.7,36.0,14.0,9.61,5.74,19.65,1.21,2330,0.6534,9,23,29,36,43,48,53,59
Festivi,Centro,4,-13800006502581,Corso di Francia,2,50,57.45,72.32,101.04499999999999,129.76999999999998,16,18.0,33.4,35.0,14.3,11.48,5.91,22.57,1.45,2591,0.7266,5,17,27,35,42,46,50,55
Festivi,Centro,4,-13800006502581,Corso di Francia,2,50,57.45,72.32,101.04499999999999,129.76999999999998,17,11.5,30.3,34.0,16.0,17.94,6.08,30.04,2.26,2417,0.6778,2,7,19,34,41,45,49,54
Festivi,Centro,4,-13800006502581,Corso di Francia,2,50,57.45,72.32,101.04499999999999,129.76999999999998,18,18.4,33.4,35.0,14.0,11.24,5.91,20.54,1.42,2199,0.6167,6,18,26,35,42,46,49,55
Festivi,Centro,4,-13800006502581,Corso di Francia,2,50,57.45,72.32,101.04499999999999,129.76999999999998,19,20.5,35.3,36.0,13.1,10.08,5.74,22.36,1.27,2418,0.6781,9,23,29,36,43,47,51,55
Festivi,Centro,4,-13800006502581,Corso di Francia,2,50,57.45,72.32,101.04499999999999,129.76999999999998,20,20.4,35.8,37.0,13.9,10.14,5.59,20.63,1.28,2462,0.6904,9,22,29,37,44,48,51,58
Festivi,Centro,4,-13800006502581,Corso di Francia,2,50,57.45,72.32,101.04499999999999,129.76999999999998,21,21.9,40.8,41.0,15.9,9.44,5.04,21.82,1.19,1617,0.4534,9,26,33,41,51,56,59,65
Festivi,Centro,4,-13800006502581,Corso di Francia,2,50,57.45,72.32,101.04499999999999,129.76999999999998,22,20.1,40.6,41.0,16.8,10.27,5.04,21.86,1.3,1420,0.3982,6,24,33,41,51,57,61,66
Festivi,Centro,4,-13800006502581,Corso di Francia,2,50,57.45,72.32,101.04499999999999,129.76999999999998,23,24.3,42.3,42.0,16.1,8.51,4.92,19.15,1.07,1414,0.3965,12,28,34,42,53,59,62,68
Festivi,Centro,5,-13800007235814,Corso di Francia,2,50,32.98,129.76999999999998,146.26,162.74999999999997,0,34.2,47.0,48.0,15.9,3.47,2.47,6.6,1.0,1972,0.553,16,32,39,48,56,61,65,70
Festivi,Centro,5,-13800007235814,Corso di Francia,2,50,32.98,129.76999999999998,146.26,162.74999999999997,1,35.1,48.1,49.0,16.5,3.38,2.42,4.89,0.97,1071,0.3003,15,32,40,49,58,63,68,74
Festivi,Centro,5,-13800007235814,Corso di Francia,2,50,32.98,129.76999999999998,146.26,162.74999999999997,2,33.5,48.4,49.0,16.8,3.54,2.42,7.07,1.02,671,0.1882,16,32,41,49,59,64,67,74
Festivi,Centro,5,-13800007235814,Corso di Francia,2,50,32.98,129.76999999999998,146.26,162.74999999999997,3,27.5,49.4,52.0,17.4,4.32,2.28,10.73,1.24,399,0.1119,14,31,42,52,59,64,69,77
Festivi,Centro,5,-13800007235814,Corso di Francia,2,50,32.98,129.76999999999998,146.26,162.74999999999997,4,37.8,52.9,54.0,17.5,3.14,2.2,5.01,0.91,253,0.0709,22,36,43,54,63,70,75,77
Festivi,Centro,5,-13800007235814,Corso di Francia,2,50,32.98,129.76999999999998,146.26,162.74999999999997,5,29.9,52.7,55.0,17.6,3.97,2.16,14.58,1.14,297,0.0833,14,36,45,55,64,68,73,77
Festivi,Centro,5,-13800007235814,Corso di Francia,2,50,32.98,129.76999999999998,146.26,162.74999999999997,6,35.0,50.6,52.0,16.7,3.39,2.28,6.17,0.98,470,0.1318,14,37,44,52,61,66,71,76
Festivi,Centro,5,-13800007235814,Corso di Francia,2,50,32.98,129.76999999999998,146.26,162.74999999999997,7,35.3,48.3,49.0,15.0,3.36,2.42,8.02,0.97,663,0.1859,18,35,42,49,58,63,66,70
Festivi,Centro,5,-13800007235814,Corso di Francia,2,50,32.98,129.76999999999998,146.26,162.74999999999997,8,36.0,45.2,46.0,14.5,3.3,2.58,3.39,0.95,1113,0.3121,16,31,38,46,54,59,63,68
Festivi,Centro,5,-13800007235814,Corso di Francia,2,50,32.98,129.76999999999998,146.26,162.74999999999997,9,30.8,41.3,43.0,14.2,3.85,2.76,5.99,1.11,1691,0.4742,15,27,34,43,50,55,58,63
Festivi,Centro,5,-13800007235814,Corso di Francia,2,50,32.98,129.76999999999998,146.26,162.74999999999997,10,27.9,38.9,40.0,13.4,4.25,2.97,7.15,1.22,2102,0.5895,13,25,31,40,47,52,54,59
Festivi,Centro,5,-13800007235814,Corso di Francia,2,50,32.98,129.76999999999998,146.26,162.74999999999997,11,29.7,37.8,39.0,13.0,4.0,3.04,4.47,1.15,2341,0.6565,14,25,31,39,45,50,53,58
Festivi,Centro,5,-13800007235814,Corso di Francia,2,50,32.98,129.76999999999998,146.26,162.74999999999997,12,27.9,37.6,39.0,13.3,4.25,3.04,7.05,1.22,2891,0.8107,14,24,30,39,45,49,52,58
Festivi,Centro,5,-13800007235814,Corso di Francia,2,50,32.98,129.76999999999998,146.26,162.74999999999997,13,29.3,40.0,41.0,14.5,4.06,2.9,7.56,1.17,2521,0.707,14,25,32,41,48,54,57,62
Festivi,Centro,5,-13800007235814,Corso di Francia,2,50,32.98,129.76999999999998,146.26,162.74999999999997,14,31.1,41.8,43.0,14.6,3.82,2.76,5.67,1.1,1929,0.5409,14,26,34,43,50,55,59,65
Festivi,Centro,5,-13800007235814,Corso di Francia,2,50,32.98,129.76999999999998,146.26,162.74999999999997,15,26.2,39.9,41.0,14.5,4.54,2.9,12.38,1.31,2213,0.6206,12,26,33,41,48,53,57,63
Festivi,Centro,5,-13800007235814,Corso di Francia,2,50,32.98,129.76999999999998,146.26,162.74999999999997,16,22.4,38.1,41.0,15.1,5.29,2.9,9.4,1.52,2463,0.6907,8,21,31,41,48,51,54,59
Festivi,Centro,5,-13800007235814,Corso di Francia,2,50,32.98,129.76999999999998,146.26,162.74999999999997,17,12.9,34.4,39.0,17.4,9.19,3.04,15.93,2.65,2262,0.6343,3,9,23,39,47,51,53,57
Festivi,Centro,5,-13800007235814,Corso di Francia,2,50,32.98,129.76999999999998,146.26,162.74999999999997,18,22.0,37.7,41.0,15.3,5.39,2.9,9.07,1.55,2045,0.5735,8,19,28,41,48,52,55,59
Festivi,Centro,5,-13800007235814,Corso di Francia,2,50,32.98,129.76999999999998,146.26,162.74999999999997,19,29.0,40.2,42.0,13.4,4.09,2.83,6.8,1.18,2281,0.6397,13,26,34,42,49,52,55,59
Festivi,Centro,5,-13800007235814,Corso di Francia,2,50,32.98,129.76999999999998,146.26,162.74999999999997,20,29.4,40.5,42.0,14.4,4.05,2.83,6.79,1.17,2365,0.6632,13,24,33,42,50,54,57,61
Festivi,Centro,5,-13800007235814,Corso di Francia,2,50,32.98,129.76999999999998,146.26,162.74999999999997,21,32.6,46.2,48.0,16.0,3.64,2.47,6.16,1.05,1537,0.431,14,29,39,48,56,60,64,70
Festivi,Centro,5,-13800007235814,Corso di Francia,2,50,32.98,129.76999999999998,146.26,162.74999999999997,22,28.8,46.1,48.0,16.6,4.13,2.47,10.29,1.19,1368,0.3836,13,28,38,48,57,62,65,70
Festivi,Centro,5,-13800007235814,Corso di Francia,2,50,32.98,129.76999999999998,146.26,162.74999999999997,23,35.0,47.3,48.0,15.7,3.39,2.47,5.36,0.98,1345,0.3772,17,32,39,48,57,63,65,71
Festivi,Centro,6,-13800007335853,Corso di Francia,2,50,30.86,162.74999999999997,178.17999999999998,193.60999999999996,0,38.8,48.6,49.0,15.6,2.86,2.27,3.15,1.0,1975,0.5538,20,34,40,49,58,62,66,72
Festivi,Centro,6,-13800007335853,Corso di Francia,2,50,30.86,162.74999999999997,178.17999999999998,193.60999999999996,1,37.7,49.7,51.0,16.1,2.95,2.18,4.18,1.03,1080,0.3029,19,34,42,51,59,64,68,75
Festivi,Centro,6,-13800007335853,Corso di Francia,2,50,30.86,162.74999999999997,178.17999999999998,193.60999999999996,2,38.4,50.5,51.0,16.4,2.89,2.18,4.73,1.01,673,0.1887,19,35,43,51,60,66,69,74
Festivi,Centro,6,-13800007335853,Corso di Francia,2,50,30.86,162.74999999999997,178.17999999999998,193.60999999999996,3,32.4,51.4,53.0,17.1,3.42,2.1,7.53,1.2,401,0.1125,18,35,44,53,61,66,71,78
Festivi,Centro,6,-13800007335853,Corso di Francia,2,50,30.86,162.74999999999997,178.17999999999998,193.60999999999996,4,42.1,54.9,57.0,16.8,2.64,1.95,3.61,0.92,256,0.0718,26,38,45,57,65,70,75,81
Festivi,Centro,6,-13800007335853,Corso di Francia,2,50,30.86,162.74999999999997,178.17999999999998,193.60999999999996,5,43.9,55.3,57.0,16.6,2.53,1.95,3.16,0.88,298,0.0836,21,38,47,57,66,70,74,79
Festivi,Centro,6,-13800007335853,Corso di Francia,2,50,30.86,162.74999999999997,178.17999999999998,193.60999999999996,6,40.0,52.8,54.0,16.7,2.77,2.06,3.24,0.97,471,0.1321,17,39,45,54,64,70,72,77
Festivi,Centro,6,-13800007335853,Corso di Francia,2,50,30.86,162.74999999999997,178.17999999999998,193.60999999999996,7,42.4,50.1,51.0,14.6,2.62,2.18,1.89,0.92,664,0.1862,21,37,43,51,60,64,68,72
Festivi,Centro,6,-13800007335853,Corso di Francia,2,50,30.86,162.74999999999997,178.17999999999998,193.60999999999996,8,39.0,47.1,48.0,14.5,2.85,2.31,2.24,1.0,1115,0.3127,19,34,39,48,56,61,64,69
Festivi,Centro,6,-13800007335853,Corso di Francia,2,50,30.86,162.74999999999997,178.17999999999998,193.60999999999996,9,34.2,43.1,44.0,13.9,3.24,2.52,3.18,1.13,1696,0.4756,16,29,36,44,51,56,60,64
Festivi,Centro,6,-13800007335853,Corso di Francia,2,50,30.86,162.74999999999997,178.17999999999998,193.60999999999996,10,32.5,40.5,41.0,13.2,3.42,2.71,4.12,1.19,2108,0.5911,17,27,33,41,49,53,56,60
Festivi,Centro,6,-13800007335853,Corso di Francia,2,50,30.86,162.74999999999997,178.17999999999998,193.60999999999996,11,31.6,38.9,40.0,12.6,3.51,2.78,3.68,1.23,2348,0.6584,16,26,32,40,46,50,54,59
Festivi,Centro,6,-13800007335853,Corso di Francia,2,50,30.86,162.74999999999997,178.17999999999998,193.60999999999996,12,30.2,38.7,39.0,13.3,3.68,2.85,4.51,1.29,2899,0.813,15,25,31,39,46,51,54,60
Festivi,Centro,6,-13800007335853,Corso di Francia,2,50,30.86,162.74999999999997,178.17999999999998,193.60999999999996,13,33.7,41.4,42.0,14.2,3.3,2.65,3.0,1.15,2534,0.7106,16,27,34,42,49,55,59,65
Festivi,Centro,6,-13800007335853,Corso di Francia,2,50,30.86,162.74999999999997,178.17999999999998,193.60999999999996,14,34.1,43.4,44.0,14.3,3.26,2.52,3.93,1.14,1936,0.5429,17,29,36,44,51,57,61,66
Festivi,Centro,6,-13800007335853,Corso di Francia,2,50,30.86,162.74999999999997,178.17999999999998,193.60999999999996,15,32.4,41.3,42.0,14.0,3.43,2.65,3.78,1.2,2223,0.6234,15,28,34,42,49,55,58,65
Festivi,Centro,6,-13800007335853,Corso di Francia,2,50,30.86,162.74999999999997,178.17999999999998,193.60999999999996,16,24.3,39.8,42.0,14.9,4.57,2.65,7.53,1.6,2472,0.6932,9,23,33,42,49,53,55,59
Festivi,Centro,6,-13800007335853,Corso di Francia,2,50,30.86,162.74999999999997,178.17999999999998,193.60999999999996,17,13.0,35.8,41.0,17.7,8.57,2.71,15.5,2.99,2275,0.638,2,10,25,41,48,52,54,59
Festivi,Centro,6,-13800007335853,Corso di Francia,2,50,30.86,162.74999999999997,178.17999999999998,193.60999999999996,18,21.8,38.7,42.0,15.6,5.11,2.65,8.48,1.78,2054,0.576,6,20,31,42,49,53,56,60
Festivi,Centro,6,-13800007335853,Corso di Francia,2,50,30.86,162.74999999999997,178.17999999999998,193.60999999999996,19,33.1,41.8,44.0,13.3,3.36,2.52,3.34,1.17,2290,0.6422,15,28,35,44,50,53,56,61
Festivi,Centro,6,-13800007335853,Corso di Francia,2,50,30.86,162.74999999999997,178.17999999999998,193.60999999999996,20,33.1,42.1,44.0,14.1,3.36,2.52,3.45,1.17,2373,0.6655,15,27,35,44,51,56,58,63
Festivi,Centro,6,-13800007335853,Corso di Francia,2,50,30.86,162.74999999999997,178.17999999999998,193.60999999999996,21,37.1,48.1,50.0,15.4,3.0,2.22,3.49,1.05,1542,0.4324,17,34,41,50,58,62,66,71
Festivi,Centro,6,-13800007335853,Corso di Francia,2,50,30.86,162.74999999999997,178.17999999999998,193.60999999999996,22,34.8,48.1,50.0,16.0,3.19,2.22,4.37,1.11,1369,0.3839,16,33,40,50,59,63,66,71
Festivi,Centro,6,-13800007335853,Corso di Francia,2,50,30.86,162.74999999999997,178.17999999999998,193.60999999999996,23,39.3,48.8,50.0,15.4,2.83,2.22,2.79,0.99,1352,0.3791,20,34,41,50,59,64,67,71
Festivi,Centro,7,-13800006578243,Corso di Francia,2,50,97.8,193.60999999999996,242.50999999999996,291.40999999999997,0,27.5,43.4,48.0,20.6,12.81,7.34,12.22,1.0,1972,0.553,9,14,28,48,57,63,67,72
Festivi,Centro,7,-13800006578243,Corso di Francia,2,50,97.8,193.60999999999996,242.50999999999996,291.40999999999997,1,23.8,43.1,49.0,22.6,14.82,7.19,18.17,1.16,1079,0.3026,7,11,21,49,60,66,69,76
Festivi,Centro,7,-13800006578243,Corso di Francia,2,50,97.8,193.60999999999996,242.50999999999996,291.40999999999997,2,23.4,42.8,49.0,23.6,15.03,7.19,14.84,1.17,676,0.1896,8,10,17,49,61,66,69,76
Festivi,Centro,7,-13800006578243,Corso di Francia,2,50,97.8,193.60999999999996,242.50999999999996,291.40999999999997,3,22.9,45.4,52.0,24.7,15.4,6.77,20.43,1.2,402,0.1127,8,10,21,52,63,70,74,79
Festivi,Centro,7,-13800006578243,Corso di Francia,2,50,97.8,193.60999999999996,242.50999999999996,291.40999999999997,4,22.8,46.3,54.0,26.1,15.45,6.52,17.5,1.21,256,0.0718,7,10,17,54,66,73,76,81
Festivi,Centro,7,-13800006578243,Corso di Francia,2,50,97.8,193.60999999999996,242.50999999999996,291.40999999999997,5,29.1,50.7,59.0,23.9,12.12,5.97,12.96,0.95,295,0.0827,8,13,33,59,69,72,76,81
Festivi,Centro,7,-13800006578243,Corso di Francia,2,50,97.8,193.60999999999996,242.50999999999996,291.40999999999997,6,38.1,52.8,55.0,18.8,9.25,6.4,9.13,0.72,470,0.1318,11,35,45,55,65,71,74,80
Festivi,Centro,7,-13800006578243,Corso di Francia,2,50,97.8,193.60999999999996,242.50999999999996,291.40999999999997,7,34.5,49.3,53.0,17.8,10.21,6.64,12.13,0.8,665,0.1865,9,30,42,53,61,65,69,74
Festivi,Centro,7,-13800006578243,Corso di Francia,2,50,97.8,193.60999999999996,242.50999999999996,291.40999999999997,8,31.2,45.3,48.0,18.0,11.29,7.34,10.87,0.88,1114,0.3124,9,23,36,48,58,62,65,70
Festivi,Centro,7,-13800006578243,Corso di Francia,2,50,97.8,193.60999999999996,242.50999999999996,291.40999999999997,9,30.2,42.2,45.0,16.2,11.68,7.82,10.89,0.91,1697,0.4759,9,23,35,45,52,57,61,66
Festivi,Centro,7,-13800006578243,Corso di Francia,2,50,97.8,193.60999999999996,242.50999999999996,291.40999999999997,10,26.6,37.9,40.0,15.5,13.24,8.8,13.01,1.03,2101,0.5892,8,20,29,40,48,52,55,61
Festivi,Centro,7,-13800006578243,Corso di Francia,2,50,97.8,193.60999999999996,242.50999999999996,291.40999999999997,11,26.0,35.8,37.0,14.4,13.54,9.52,13.63,1.06,2353,0.6598,9,20,28,37,44,50,53,59
Festivi,Centro,7,-13800006578243,Corso di Francia,2,50,97.8,193.60999999999996,242.50999999999996,291.40999999999997,12,25.4,35.5,37.0,14.8,13.87,9.52,13.62,1.08,2900,0.8132,9,18,26,37,45,49,53,58
Festivi,Centro,7,-13800006578243,Corso di Francia,2,50,97.8,193.60999999999996,242.50999999999996,291.40999999999997,13,27.4,38.3,40.0,16.3,12.83,8.8,11.22,1.0,2532,0.71,9,20,28,40,48,53,58,64
Festivi,Centro,7,-13800006578243,Corso di Francia,2,50,97.8,193.60999999999996,242.50999999999996,291.40999999999997,14,28.7,40.9,43.0,16.8,12.25,8.19,11.78,0.96,1937,0.5432,9,22,31,43,51,57,61,67
Festivi,Centro,7,-13800006578243,Corso di Francia,2,50,97.8,193.60999999999996,242.50999999999996,291.40999999999997,15,26.5,38.1,39.0,16.1,13.29,9.03,13.07,1.04,2225,0.6239,8,20,29,39,48,53,58,65
Festivi,Centro,7,-13800006578243,Corso di Francia,2,50,97.8,193.60999999999996,242.50999999999996,291.40999999999997,16,19.9,36.7,42.0,17.3,17.74,8.38,23.85,1.38,2463,0.6907,5,13,23,42,49,53,55,59
Festivi,Centro,7,-13800006578243,Corso di Francia,2,50,97.8,193.60999999999996,242.50999999999996,291.40999999999997,17,12.8,33.4,39.0,19.1,27.53,9.03,39.96,2.15,2287,0.6413,3,7,15,39,48,52,55,59
Festivi,Centro,7,-13800006578243,Corso di Francia,2,50,97.8,193.60999999999996,242.50999999999996,291.40999999999997,18,16.5,34.4,40.0,18.3,21.38,8.8,29.03,1.67,2056,0.5766,4,10,17,40,48,52,55,60
Festivi,Centro,7,-13800006578243,Corso di Francia,2,50,97.8,193.60999999999996,242.50999999999996,291.40999999999997,19,26.5,38.3,42.0,16.4,13.29,8.38,11.95,1.04,2288,0.6416,9,15,26,42,50,53,56,61
Festivi,Centro,7,-13800006578243,Corso di Francia,2,50,97.8,193.60999999999996,242.50999999999996,291.40999999999997,20,25.2,37.4,41.0,17.5,13.96,8.59,12.33,1.09,2372,0.6652,9,15,22,41,50,55,58,63
Festivi,Centro,7,-13800006578243,Corso di Francia,2,50,97.8,193.60999999999996,242.50999999999996,291.40999999999997,21,27.1,43.7,48.0,20.2,13.01,7.34,13.29,1.02,1538,0.4313,9,14,28,48,58,63,66,72
Festivi,Centro,7,-13800006578243,Corso di Francia,2,50,97.8,193.60999999999996,242.50999999999996,291.40999999999997,22,28.1,44.9,49.0,20.1,12.55,7.19,13.26,0.98,1366,0.3831,9,16,30,49,59,64,67,73
Festivi,Centro,7,-13800006578243,Corso di Francia,2,50,97.8,193.60999999999996,242.50999999999996,291.40999999999997,23,29.5,45.3,49.0,19.8,11.92,7.19,12.35,0.93,1351,0.3789,9,18,33,49,59,64,68,73
Festivi,Centro,8,-13800007059757,Corso di Francia,2,50,11.8,291.40999999999997,297.30999999999995,303.21,0,36.8,46.7,48.0,17.0,1.16,0.88,1.24,1.0,2017,0.5656,20,28,34,48,58,63,67,73
Festivi,Centro,8,-13800007059757,Corso di Francia,2,50,11.8,291.40999999999997,297.30999999999995,303.21,1,33.3,47.2,50.0,19.0,1.28,0.85,1.7,1.1,1100,0.3085,15,26,32,50,61,66,70,76
Festivi,Centro,8,-13800007059757,Corso di Francia,2,50,11.8,291.40999999999997,297.30999999999995,303.21,2,34.6,47.3,49.0,19.4,1.23,0.87,1.39,1.06,696,0.1952,18,25,30,49,62,67,70,78
Festivi,Centro,8,-13800007059757,Corso di Francia,2,50,11.8,291.40999999999997,297.30999999999995,303.21,3,32.4,50.0,53.0,20.8,1.31,0.8,2.0,1.13,419,0.1175,17,26,34,53,65,71,75,81
Festivi,Centro,8,-13800007059757,Corso di Francia,2,50,11.8,291.40999999999997,297.30999999999995,303.21,4,35.4,51.3,55.0,21.7,1.2,0.77,1.49,1.04,254,0.0712,17,26,30,55,68,74,76,82
Festivi,Centro,8,-13800007059757,Corso di Francia,2,50,11.8,291.40999999999997,297.30999999999995,303.21,5,42.4,55.1,60.0,20.2,1.0,0.71,0.9,0.87,292,0.0819,21,30,38,60,70,75,77,81
Festivi,Centro,8,-13800007059757,Corso di Francia,2,50,11.8,291.40999999999997,297.30999999999995,303.21,6,44.6,55.2,57.0,17.4,0.95,0.75,0.86,0.82,472,0.1324,21,38,46,57,66,71,76,82
Festivi,Centro,8,-13800007059757,Corso di Francia,2,50,11.8,291.40999999999997,297.30999999999995,303.21,7,42.5,52.1,54.0,15.9,1.0,0.79,1.24,0.87,671,0.1882,22,35,44,54,62,67,70,75
Festivi,Centro,8,-13800007059757,Corso di Francia,2,50,11.8,291.40999999999997,297.30999999999995,303.21,8,39.9,48.3,50.0,15.8,1.06,0.85,0.81,0.92,1134,0.318,20,31,38,50,59,63,66,71
Festivi,Centro,8,-13800007059757,Corso di Francia,2,50,11.8,291.40999999999997,297.30999999999995,303.21,9,37.6,45.0,46.0,14.2,1.13,0.92,0.87,0.98,1717,0.4815,20,29,37,46,54,58,62,68
Festivi,Centro,8,-13800007059757,Corso di Francia,2,50,11.8,291.40999999999997,297.30999999999995,303.21,10,33.0,40.5,41.0,13.1,1.29,1.04,1.27,1.11,2123,0.5953,19,27,33,41,48,53,56,62
Festivi,Centro,8,-13800007059757,Corso di Francia,2,50,11.8,291.40999999999997,297.30999999999995,303.21,11,31.6,38.6,38.0,12.7,1.35,1.12,1.3,1.16,2371,0.6649,18,27,31,38,46,51,54,60
Festivi,Centro,8,-13800007059757,Corso di Francia,2,50,11.8,291.40999999999997,297.30999999999995,303.21,12,30.7,38.1,38.0,12.8,1.38,1.12,1.43,1.2,2943,0.8253,17,26,31,38,45,49,53,59
Festivi,Centro,8,-13800007059757,Corso di Francia,2,50,11.8,291.40999999999997,297.30999999999995,303.21,13,33.3,41.3,41.0,14.3,1.27,1.04,1.5,1.1,2573,0.7215,19,27,33,41,48,55,60,66
Festivi,Centro,8,-13800007059757,Corso di Francia,2,50,11.8,291.40999999999997,297.30999999999995,303.21,14,35.0,43.5,44.0,14.7,1.21,0.97,1.26,1.05,1969,0.5522,20,28,35,44,52,57,62,69
Festivi,Centro,8,-13800007059757,Corso di Francia,2,50,11.8,291.40999999999997,297.30999999999995,303.21,15,33.4,40.9,41.0,13.8,1.27,1.04,1.21,1.1,2272,0.6371,18,27,33,41,49,54,59,65
Festivi,Centro,8,-13800007059757,Corso di Francia,2,50,11.8,291.40999999999997,297.30999999999995,303.21,16,24.4,39.8,42.0,15.3,1.74,1.01,2.87,1.51,2486,0.6971,8,24,31,42,50,54,57,61
Festivi,Centro,8,-13800007059757,Corso di Francia,2,50,11.8,291.40999999999997,297.30999999999995,303.21,17,15.5,36.4,40.0,17.6,2.74,1.06,5.11,2.37,2335,0.6548,3,11,26,40,49,53,56,60
Festivi,Centro,8,-13800007059757,Corso di Francia,2,50,11.8,291.40999999999997,297.30999999999995,303.21,18,18.4,36.7,41.0,17.0,2.31,1.04,3.87,2.0,2117,0.5937,5,15,25,41,49,53,55,60
Festivi,Centro,8,-13800007059757,Corso di Francia,2,50,11.8,291.40999999999997,297.30999999999995,303.21,19,32.9,41.4,43.0,13.5,1.29,0.99,1.65,1.12,2325,0.652,17,27,33,43,50,54,57,62
Festivi,Centro,8,-13800007059757,Corso di Francia,2,50,11.8,291.40999999999997,297.30999999999995,303.21,20,29.7,39.6,41.0,15.6,1.43,1.04,1.32,1.24,2424,0.6798,13,22,28,41,50,55,59,65
Festivi,Centro,8,-13800007059757,Corso di Francia,2,50,11.8,291.40999999999997,297.30999999999995,303.21,21,35.5,46.6,48.0,16.9,1.2,0.88,1.44,1.04,1554,0.4358,18,27,34,48,59,64,67,72
Festivi,Centro,8,-13800007059757,Corso di Francia,2,50,11.8,291.40999999999997,297.30999999999995,303.21,22,37.7,48.2,50.0,16.8,1.13,0.85,1.09,0.98,1395,0.3912,19,28,36,50,60,64,68,73
Festivi,Centro,8,-13800007059757,Corso di Francia,2,50,11.8,291.40999999999997,297.30999999999995,303.21,23,38.3,48.5,50.0,16.8,1.11,0.85,1.13,0.96,1366,0.3831,20,29,37,50,60,65,69,74
Festivi,Centro,9,13800007335854,Corso di Francia,2,50,17.37,303.21,311.895,320.58,0,38.9,47.4,48.0,16.2,1.61,1.3,1.5,1.0,2046,0.5738,22,31,36,48,58,63,67,73
Festivi,Centro,9,13800007335854,Corso di Francia,2,50,17.37,303.21,311.895,320.58,1,36.9,48.7,50.0,17.4,1.7,1.25,2.54,1.05,1136,0.3186,22,30,35,50,61,66,70,77
Festivi,Centro,9,13800007335854,Corso di Francia,2,50,17.37,303.21,311.895,320.58,2,39.0,48.9,49.0,18.1,1.6,1.28,1.41,1.0,717,0.2011,20,30,34,49,62,67,70,78
Festivi,Centro,9,13800007335854,Corso di Francia,2,50,17.37,303.21,311.895,320.58,3,36.8,51.3,53.0,19.6,1.7,1.18,2.54,1.06,431,0.1209,20,30,36,53,65,71,75,81
Festivi,Centro,9,13800007335854,Corso di Francia,2,50,17.37,303.21,311.895,320.58,4,36.5,52.9,55.0,20.0,1.71,1.14,3.7,1.07,258,0.0723,24,30,35,55,68,75,78,82
Festivi,Centro,9,13800007335854,Corso di Francia,2,50,17.37,303.21,311.895,320.58,5,45.3,56.1,60.0,19.1,1.38,1.04,1.22,0.86,296,0.083,26,33,39,60,71,75,78,83
Festivi,Centro,9,13800007335854,Corso di Francia,2,50,17.37,303.21,311.895,320.58,6,47.7,55.8,57.0,16.5,1.31,1.1,0.85,0.81,474,0.1329,24,40,47,57,66,71,76,82
Festivi,Centro,9,13800007335854,Corso di Francia,2,50,17.37,303.21,311.895,320.58,7,43.6,52.6,54.0,15.6,1.44,1.16,1.65,0.89,683,0.1915,22,36,44,54,63,67,70,75
Festivi,Centro,9,13800007335854,Corso di Francia,2,50,17.37,303.21,311.895,320.58,8,40.7,48.9,50.0,15.3,1.54,1.25,1.38,0.95,1160,0.3253,22,33,38,50,59,64,67,71
Festivi,Centro,9,13800007335854,Corso di Francia,2,50,17.37,303.21,311.895,320.58,9,38.3,45.5,46.0,13.8,1.63,1.36,1.27,1.02,1761,0.4938,20,32,38,46,54,59,62,67
Festivi,Centro,9,13800007335854,Corso di Francia,2,50,17.37,303.21,311.895,320.58,10,34.1,41.1,41.0,13.0,1.84,1.53,1.6,1.14,2192,0.6147,19,29,34,41,48,53,56,62
Festivi,Centro,9,13800007335854,Corso di Francia,2,50,17.37,303.21,311.895,320.58,11,32.6,39.3,39.0,12.4,1.92,1.6,1.88,1.19,2433,0.6823,18,28,33,39,46,51,54,60
Festivi,Centro,9,13800007335854,Corso di Francia,2,50,17.37,303.21,311.895,320.58,12,32.4,38.7,39.0,12.6,1.93,1.6,1.55,1.2,3032,0.8503,17,27,32,39,45,50,53,60
Festivi,Centro,9,13800007335854,Corso di Francia,2,50,17.37,303.21,311.895,320.58,13,35.9,42.1,42.0,13.9,1.74,1.49,1.11,1.08,2637,0.7395,19,29,34,42,49,55,60,66
Festivi,Centro,9,13800007335854,Corso di Francia,2,50,17.37,303.21,311.895,320.58,14,35.9,44.2,44.0,14.3,1.74,1.42,2.13,1.08,2010,0.5637,20,30,36,44,52,58,62,69
Festivi,Centro,9,13800007335854,Corso di Francia,2,50,17.37,303.21,311.895,320.58,15,35.3,42.0,42.0,13.4,1.77,1.49,1.5,1.1,2326,0.6523,20,30,35,42,49,55,59,66
Festivi,Centro,9,13800007335854,Corso di Francia,2,50,17.37,303.21,311.895,320.58,16,25.1,40.6,43.0,15.0,2.49,1.45,4.12,1.55,2522,0.7072,8,26,33,43,50,54,57,61
Festivi,Centro,9,13800007335854,Corso di Francia,2,50,17.37,303.21,311.895,320.58,17,14.3,36.9,41.0,17.7,4.36,1.53,8.79,2.71,2375,0.666,3,11,28,41,49,53,56,61
Festivi,Centro,9,13800007335854,Corso di Francia,2,50,17.37,303.21,311.895,320.58,18,17.6,36.9,41.0,17.1,3.55,1.53,5.97,2.21,2171,0.6088,4,15,27,41,49,53,56,60
Festivi,Centro,9,13800007335854,Corso di Francia,2,50,17.37,303.21,311.895,320.58,19,34.6,41.9,43.0,13.1,1.81,1.45,1.6,1.12,2376,0.6663,17,29,34,43,50,54,57,62
Festivi,Centro,9,13800007335854,Corso di Francia,2,50,17.37,303.21,311.895,320.58,20,29.5,39.8,41.0,15.5,2.12,1.53,2.2,1.32,2476,0.6943,12,23,30,41,50,55,59,65
Festivi,Centro,9,13800007335854,Corso di Francia,2,50,17.37,303.21,311.895,320.58,21,38.2,47.3,49.0,16.0,1.64,1.28,1.45,1.02,1591,0.4462,20,30,36,49,59,64,67,72
Festivi,Centro,9,13800007335854,Corso di Francia,2,50,17.37,303.21,311.895,320.58,22,40.2,48.8,50.0,15.9,1.56,1.25,1.18,0.97,1421,0.3985,20,32,38,50,59,64,67,73
Festivi,Centro,9,13800007335854,Corso di Francia,2,50,17.37,303.21,311.895,320.58,23,39.8,48.9,50.0,16.5,1.57,1.25,1.42,0.98,1398,0.392,21,31,37,50,60,65,69,74
Festivi,Centro,10,13800006712219,Corso di Francia,2,50,19.26,320.58,330.21,339.84,0,36.3,45.1,45.0,16.6,1.91,1.54,1.61,1.0,2441,0.6845,19,28,34,45,56,61,65,71
Festivi,Centro,10,13800006712219,Corso di Francia,2,50,19.26,320.58,330.21,339.84,1,33.9,45.8,46.0,17.9,2.05,1.51,3.3,1.07,1421,0.3985,18,27,32,46,60,65,69,75
Festivi,Centro,10,13800006712219,Corso di Francia,2,50,19.26,320.58,330.21,339.84,2,37.3,47.2,47.0,18.2,1.86,1.48,1.47,0.97,869,0.2437,18,28,34,47,61,66,70,77
Festivi,Centro,10,13800006712219,Corso di Francia,2,50,19.26,320.58,330.21,339.84,3,36.1,47.6,48.0,19.8,1.92,1.44,1.74,1.01,550,0.1542,18,26,32,48,62,68,72,79
Festivi,Centro,10,13800006712219,Corso di Francia,2,50,19.26,320.58,330.21,339.84,4,31.4,44.4,40.0,21.7,2.21,1.73,1.95,1.16,447,0.1254,13,24,29,40,60,69,75,81
Festivi,Centro,10,13800006712219,Corso di Francia,2,50,19.26,320.58,330.21,339.84,5,37.2,49.3,48.0,21.0,1.86,1.44,1.5,0.97,405,0.1136,18,25,32,48,66,73,76,81
Festivi,Centro,10,13800006712219,Corso di Francia,2,50,19.26,320.58,330.21,339.84,6,43.8,54.1,55.0,17.6,1.58,1.26,1.3,0.83,524,0.1469,22,37,44,55,65,71,75,81
Festivi,Centro,10,13800006712219,Corso di Francia,2,50,19.26,320.58,330.21,339.84,7,45.1,52.6,54.0,15.6,1.54,1.28,0.95,0.8,704,0.1974,22,37,44,54,63,67,70,76
Festivi,Centro,10,13800006712219,Corso di Francia,2,50,19.26,320.58,330.21,339.84,8,39.3,49.1,51.0,15.4,1.76,1.36,3.09,0.92,1200,0.3365,22,33,39,51,59,64,67,72
Festivi,Centro,10,13800006712219,Corso di Francia,2,50,19.26,320.58,330.21,339.84,9,38.6,45.8,46.0,13.9,1.8,1.51,1.4,0.94,1816,0.5093,20,33,38,46,54,59,63,68
Festivi,Centro,10,13800006712219,Corso di Francia,2,50,19.26,320.58,330.21,339.84,10,34.3,41.3,42.0,13.1,2.02,1.65,1.69,1.06,2277,0.6385,19,28,35,42,49,53,56,62
Festivi,Centro,10,13800006712219,Corso di Francia,2,50,19.26,320.58,330.21,339.84,11,33.5,39.7,40.0,12.3,2.07,1.73,1.75,1.08,2545,0.7137,19,28,33,40,46,51,54,60
Festivi,Centro,10,13800006712219,Corso di Francia,2,50,19.26,320.58,330.21,339.84,12,32.7,38.9,39.0,12.7,2.12,1.78,1.56,1.11,3198,0.8968,17,26,32,39,46,50,53,60
Festivi,Centro,10,13800006712219,Corso di Francia,2,50,19.26,320.58,330.21,339.84,13,35.3,42.2,42.0,14.0,1.97,1.65,1.7,1.03,2791,0.7827,18,29,35,42,49,55,60,66
Festivi,Centro,10,13800006712219,Corso di Francia,2,50,19.26,320.58,330.21,339.84,14,37.8,44.6,45.0,14.2,1.83,1.54,1.36,0.96,2105,0.5903,21,30,37,45,52,58,63,69
Festivi,Centro,10,13800006712219,Corso di Francia,2,50,19.26,320.58,330.21,339.84,15,35.1,42.5,42.0,13.4,1.98,1.65,2.1,1.03,2422,0.6792,20,30,36,42,49,55,59,66
Festivi,Centro,10,13800006712219,Corso di Francia,2,50,19.26,320.58,330.21,339.84,16,24.6,40.8,43.0,15.1,2.82,1.61,4.86,1.48,2621,0.735,8,26,34,43,50,54,57,62
Festivi,Centro,10,13800006712219,Corso di Francia,2,50,19.26,320.58,330.21,339.84,17,14.5,36.6,41.0,17.8,4.78,1.69,9.12,2.5,2540,0.7123,3,11,26,41,49,53,56,60
Festivi,Centro,10,13800006712219,Corso di Francia,2,50,19.26,320.58,330.21,339.84,18,16.4,36.8,41.0,17.4,4.24,1.69,7.43,2.22,2308,0.6472,4,14,25,41,49,53,55,60
Festivi,Centro,10,13800006712219,Corso di Francia,2,50,19.26,320.58,330.21,339.84,19,34.6,41.9,43.0,13.3,2.0,1.61,1.53,1.05,2500,0.7011,17,28,35,43,50,54,57,61
Festivi,Centro,10,13800006712219,Corso di Francia,2,50,19.26,320.58,330.21,339.84,20,28.1,39.3,41.0,15.9,2.46,1.69,2.61,1.29,2640,0.7403,11,21,28,41,50,55,59,64
Festivi,Centro,10,13800006712219,Corso di Francia,2,50,19.26,320.58,330.21,339.84,21,37.6,46.6,48.0,16.1,1.84,1.44,1.49,0.96,1719,0.4821,18,29,36,48,58,63,66,71
Festivi,Centro,10,13800006712219,Corso di Francia,2,50,19.26,320.58,330.21,339.84,22,40.0,48.3,49.0,16.3,1.73,1.42,1.18,0.91,1547,0.4338,20,31,37,49,59,64,67,73
Festivi,Centro,10,13800006712219,Corso di Francia,2,50,19.26,320.58,330.21,339.84,23,39.0,48.0,49.0,16.6,1.78,1.42,1.62,0.93,1534,0.4302,20,30,37,49,59,64,68,74
Festivi,Centro,11,13800006712221,Corso di Francia,2,50,123.39,339.84,401.53499999999997,463.22999999999996,0,32.5,44.2,47.0,18.4,13.68,9.45,10.75,1.0,2446,0.6859,12,19,32,47,57,61,66,72
Festivi,Centro,11,13800006712221,Corso di Francia,2,50,123.39,339.84,401.53499999999997,463.22999999999996,1,32.5,45.8,49.0,20.0,13.66,9.07,10.82,1.0,1425,0.3996,12,17,31,49,61,65,69,75
Festivi,Centro,11,13800006712221,Corso di Francia,2,50,123.39,339.84,401.53499999999997,463.22999999999996,2,34.1,48.3,51.0,20.3,13.03,8.71,11.75,0.95,875,0.2454,13,19,34,51,63,67,71,77
Festivi,Centro,11,13800006712221,Corso di Francia,2,50,123.39,339.84,401.53499999999997,463.22999999999996,3,32.0,47.7,53.0,22.8,13.87,8.38,11.04,1.01,555,0.1556,12,15,29,53,64,69,73,80
Festivi,Centro,11,13800006712221,Corso di Francia,2,50,123.39,339.84,401.53499999999997,463.22999999999996,4,27.0,43.0,46.0,24.2,16.45,9.66,12.82,1.2,457,0.1282,12,14,17,46,61,69,75,80
Festivi,Centro,11,13800006712221,Corso di Francia,2,50,123.39,339.84,401.53499999999997,463.22999999999996,5,31.5,48.8,53.0,23.7,14.12,8.38,12.12,1.03,407,0.1141,12,14,26,53,67,74,77,82
Festivi,Centro,11,13800006712221,Corso di Francia,2,50,123.39,339.84,401.53499999999997,463.22999999999996,6,40.4,53.3,57.0,19.4,11.0,7.79,8.63,0.8,526,0.1475,13,30,45,57,66,71,75,81
Festivi,Centro,11,13800006712221,Corso di Francia,2,50,123.39,339.84,401.53499999999997,463.22999999999996,7,45.4,53.7,55.0,15.7,9.79,8.08,6.54,0.72,704,0.1974,21,39,47,55,63,68,71,77
Festivi,Centro,11,13800006712221,Corso di Francia,2,50,123.39,339.84,401.53499999999997,463.22999999999996,8,41.7,50.1,52.0,15.8,10.66,8.54,7.7,0.78,1198,0.336,17,35,42,52,60,65,68,74
Festivi,Centro,11,13800006712221,Corso di Francia,2,50,123.39,339.84,401.53499999999997,463.22999999999996,9,37.7,46.3,48.0,14.8,11.79,9.25,9.32,0.86,1818,0.5098,16,31,39,48,56,60,63,68
Festivi,Centro,11,13800006712221,Corso di Francia,2,50,123.39,339.84,401.53499999999997,463.22999999999996,10,32.4,41.0,43.0,13.8,13.73,10.33,12.13,1.0,2273,0.6374,14,27,34,43,49,53,56,61
Festivi,Centro,11,13800006712221,Corso di Francia,2,50,123.39,339.84,401.53499999999997,463.22999999999996,11,32.7,39.9,41.0,13.1,13.59,10.83,10.84,0.99,2554,0.7162,15,27,33,41,48,52,55,60
Festivi,Centro,11,13800006712221,Corso di Francia,2,50,123.39,339.84,401.53499999999997,463.22999999999996,12,30.7,38.1,39.0,13.5,14.48,11.39,10.58,1.06,3199,0.8971,13,22,31,39,46,50,53,58
Festivi,Centro,11,13800006712221,Corso di Francia,2,50,123.39,339.84,401.53499999999997,463.22999999999996,13,34.5,42.4,43.0,14.8,12.88,10.33,9.05,0.94,2793,0.7832,15,27,36,43,50,55,59,66
Festivi,Centro,11,13800006712221,Corso di Francia,2,50,123.39,339.84,401.53499999999997,463.22999999999996,14,37.1,45.3,46.0,15.1,11.99,9.66,8.6,0.88,2102,0.5895,15,30,38,46,54,59,64,70
Festivi,Centro,11,13800006712221,Corso di Francia,2,50,123.39,339.84,401.53499999999997,463.22999999999996,15,34.8,43.0,44.0,14.0,12.76,10.1,10.53,0.93,2425,0.68,15,30,36,44,50,55,60,65
Festivi,Centro,11,13800006712221,Corso di Francia,2,50,123.39,339.84,401.53499999999997,463.22999999999996,16,22.5,39.8,44.0,16.6,19.71,10.1,27.85,1.44,2619,0.7344,5,18,33,44,51,54,57,61
Festivi,Centro,11,13800006712221,Corso di Francia,2,50,123.39,339.84,401.53499999999997,463.22999999999996,17,15.4,36.0,42.0,18.5,28.8,10.58,40.74,2.1,2533,0.7103,4,8,20,42,49,53,56,60
Festivi,Centro,11,13800006712221,Corso di Francia,2,50,123.39,339.84,401.53499999999997,463.22999999999996,18,17.3,37.0,43.0,18.5,25.7,10.33,34.52,1.88,2306,0.6467,4,10,22,43,50,54,57,61
Festivi,Centro,11,13800006712221,Corso di Francia,2,50,123.39,339.84,401.53499999999997,463.22999999999996,19,32.9,42.1,45.0,14.4,13.5,9.87,11.37,0.99,2491,0.6985,13,26,35,45,51,55,57,62
Festivi,Centro,11,13800006712221,Corso di Francia,2,50,123.39,339.84,401.53499999999997,463.22999999999996,20,22.6,37.7,42.0,18.0,19.65,10.58,21.71,1.44,2642,0.7409,6,14,23,42,50,55,58,64
Festivi,Centro,11,13800006712221,Corso di Francia,2,50,123.39,339.84,401.53499999999997,463.22999999999996,21,33.1,45.9,49.0,17.8,13.42,9.07,12.77,0.98,1721,0.4826,12,23,37,49,58,63,66,71
Festivi,Centro,11,13800006712221,Corso di Francia,2,50,123.39,339.84,401.53499999999997,463.22999999999996,22,37.0,48.6,51.0,17.6,11.99,8.71,10.34,0.88,1549,0.4344,13,29,40,51,59,64,68,73
Festivi,Centro,11,13800006712221,Corso di Francia,2,50,123.39,339.84,401.53499999999997,463.22999999999996,23,36.7,47.9,50.0,17.8,12.11,8.88,9.4,0.88,1534,0.4302,14,26,39,50,60,65,68,74
Festivi,Centro,12,13800007069956,Corso di Francia,2,50,13.16,463.22999999999996,469.80999999999995,476.39,0,29.7,45.7,48.0,18.2,1.6,0.99,3.22,1.0,2502,0.7016,14,25,33,48,58,64,68,73
Festivi,Centro,12,13800007069956,Corso di Francia,2,50,13.16,463.22999999999996,469.80999999999995,476.39,1,25.9,47.6,51.0,20.4,1.83,0.93,4.59,1.14,1450,0.4066,11,23,33,51,62,67,70,77
Festivi,Centro,12,13800007069956,Corso di Francia,2,50,13.16,463.22999999999996,469.80999999999995,476.39,2,26.3,50.0,53.0,21.3,1.8,0.89,4.31,1.13,898,0.2518,11,23,36,53,65,70,74,79
Festivi,Centro,12,13800007069956,Corso di Francia,2,50,13.16,463.22999999999996,469.80999999999995,476.39,3,25.5,48.9,53.0,23.3,1.86,0.89,3.65,1.16,568,0.1593,10,18,30,53,66,71,74,80
Festivi,Centro,12,13800007069956,Corso di Francia,2,50,13.16,463.22999999999996,469.80999999999995,476.39,4,21.1,44.2,48.0,24.3,2.24,0.99,5.18,1.41,486,0.1363,8,15,22,48,62,70,76,83
Festivi,Centro,12,13800007069956,Corso di Francia,2,50,13.16,463.22999999999996,469.80999999999995,476.39,5,25.1,49.8,53.0,23.3,1.89,0.89,4.79,1.18,414,0.1161,11,20,30,53,67,74,78,82
Festivi,Centro,12,13800007069956,Corso di Francia,2,50,13.16,463.22999999999996,469.80999999999995,476.39,6,39.2,54.5,57.0,19.4,1.21,0.83,1.48,0.76,540,0.1514,14,32,46,57,66,71,75,83
Festivi,Centro,12,13800007069956,Corso di Francia,2,50,13.16,463.22999999999996,469.80999999999995,476.39,7,44.6,55.0,57.0,15.9,1.06,0.83,1.21,0.67,707,0.1983,22,41,48,57,65,70,74,78
Festivi,Centro,12,13800007069956,Corso di Francia,2,50,13.16,463.22999999999996,469.80999999999995,476.39,8,36.7,51.4,53.0,16.1,1.29,0.89,3.18,0.81,1210,0.3393,20,35,44,53,61,66,69,76
Festivi,Centro,12,13800007069956,Corso di Francia,2,50,13.16,463.22999999999996,469.80999999999995,476.39,9,33.8,47.0,48.0,14.8,1.4,0.99,2.89,0.88,1838,0.5154,19,33,40,48,56,61,64,69
Festivi,Centro,12,13800007069956,Corso di Francia,2,50,13.16,463.22999999999996,469.80999999999995,476.39,10,27.9,41.8,43.0,14.0,1.7,1.1,4.7,1.07,2316,0.6495,16,27,35,43,50,54,57,63
Festivi,Centro,12,13800007069956,Corso di Francia,2,50,13.16,463.22999999999996,469.80999999999995,476.39,11,29.5,40.7,41.0,13.7,1.6,1.16,3.24,1.0,2591,0.7266,16,28,33,41,49,54,57,63
Festivi,Centro,12,13800007069956,Corso di Francia,2,50,13.16,463.22999999999996,469.80999999999995,476.39,12,25.0,38.4,40.0,14.4,1.9,1.18,4.74,1.19,3250,0.9114,13,23,30,40,47,52,55,60
Festivi,Centro,12,13800007069956,Corso di Francia,2,50,13.16,463.22999999999996,469.80999999999995,476.39,13,30.4,43.5,44.0,15.0,1.56,1.08,3.84,0.98,2845,0.7978,16,28,36,44,52,57,61,67
Festivi,Centro,12,13800007069956,Corso di Francia,2,50,13.16,463.22999999999996,469.80999999999995,476.39,14,32.6,46.7,47.0,15.6,1.45,1.01,3.4,0.91,2130,0.5973,18,31,39,47,56,61,66,71
Festivi,Centro,12,13800007069956,Corso di Francia,2,50,13.16,463.22999999999996,469.80999999999995,476.39,15,30.1,44.1,44.0,14.5,1.57,1.08,4.44,0.99,2457,0.689,18,31,37,44,52,57,61,67
Festivi,Centro,12,13800007069956,Corso di Francia,2,50,13.16,463.22999999999996,469.80999999999995,476.39,16,28.6,41.5,44.0,14.6,1.66,1.08,3.66,1.04,2665,0.7473,13,25,34,44,51,55,57,62
Festivi,Centro,12,13800007069956,Corso di Francia,2,50,13.16,463.22999999999996,469.80999999999995,476.39,17,23.8,39.1,42.0,15.3,2.0,1.13,5.38,1.25,2575,0.7221,11,21,28,42,50,54,57,61
Festivi,Centro,12,13800007069956,Corso di Francia,2,50,13.16,463.22999999999996,469.80999999999995,476.39,18,24.0,40.8,44.0,15.9,1.97,1.08,5.54,1.24,2378,0.6669,12,23,29,44,52,56,59,63
Festivi,Centro,12,13800007069956,Corso di Francia,2,50,13.16,463.22999999999996,469.80999999999995,476.39,19,27.1,43.1,46.0,14.5,1.75,1.03,5.88,1.09,2564,0.719,15,27,36,46,52,56,59,63
Festivi,Centro,12,13800007069956,Corso di Francia,2,50,13.16,463.22999999999996,469.80999999999995,476.39,20,19.2,37.6,40.0,17.9,2.47,1.18,5.94,1.55,2701,0.7574,7,16,23,40,51,55,59,64
Festivi,Centro,12,13800007069956,Corso di Francia,2,50,13.16,463.22999999999996,469.80999999999995,476.39,21,28.4,46.3,49.0,18.1,1.67,0.97,3.66,1.04,1747,0.4899,13,24,36,49,59,64,67,73
Festivi,Centro,12,13800007069956,Corso di Francia,2,50,13.16,463.22999999999996,469.80999999999995,476.39,22,33.7,50.0,52.0,17.4,1.41,0.91,3.35,0.88,1573,0.4411,16,31,42,52,61,66,69,75
Festivi,Centro,12,13800007069956,Corso di Francia,2,50,13.16,463.22999999999996,469.80999999999995,476.39,23,32.3,48.8,51.0,18.0,1.47,0.93,2.82,0.92,1568,0.4397,15,28,39,51,61,65,70,75
Festivi,Centro,13,13800007335855,Corso di Francia,2,50,7.31,476.39,480.04499999999996,483.7,0,32.6,47.0,48.0,16.9,0.81,0.55,2.6,1.0,2497,0.7002,20,29,35,48,58,64,68,73
Festivi,Centro,13,13800007335855,Corso di Francia,2,50,7.31,476.39,480.04499999999996,483.7,1,29.0,49.0,51.0,18.8,0.91,0.52,2.92,1.12,1452,0.4072,18,27,35,51,61,67,71,77
Festivi,Centro,13,13800007335855,Corso di Francia,2,50,7.31,476.39,480.04499999999996,483.7,2,36.6,52.1,54.0,18.8,0.72,0.49,1.74,0.89,891,0.2499,19,31,39,54,65,70,74,80
Festivi,Centro,13,13800007335855,Corso di Francia,2,50,7.31,476.39,480.04499999999996,483.7,3,36.7,51.5,54.0,20.3,0.72,0.49,1.19,0.89,566,0.1587,19,27,35,54,66,72,75,80
Festivi,Centro,13,13800007335855,Corso di Francia,2,50,7.31,476.39,480.04499999999996,483.7,4,28.8,46.7,48.0,22.2,0.91,0.55,1.89,1.13,482,0.1352,13,22,28,48,62,69,76,85
Festivi,Centro,13,13800007335855,Corso di Francia,2,50,7.31,476.39,480.04499999999996,483.7,5,29.3,51.8,53.0,21.0,0.9,0.5,2.93,1.11,415,0.1164,16,27,36,53,67,74,78,82
Festivi,Centro,13,13800007335855,Corso di Francia,2,50,7.31,476.39,480.04499999999996,483.7,6,39.4,55.3,57.0,18.0,0.67,0.46,2.28,0.83,538,0.1509,22,35,46,57,66,72,76,83
Festivi,Centro,13,13800007335855,Corso di Francia,2,50,7.31,476.39,480.04499999999996,483.7,7,31.9,55.4,57.0,15.5,0.83,0.46,4.69,1.02,707,0.1983,23,42,48,57,65,71,74,79
Festivi,Centro,13,13800007335855,Corso di Francia,2,50,7.31,476.39,480.04499999999996,483.7,8,33.2,52.1,53.0,15.1,0.79,0.5,4.57,0.98,1207,0.3385,23,37,44,53,61,66,69,76
Festivi,Centro,13,13800007335855,Corso di Francia,2,50,7.31,476.39,480.04499999999996,483.7,9,29.8,47.4,48.0,14.4,0.88,0.55,3.78,1.09,1837,0.5151,21,34,40,48,56,61,64,69
Festivi,Centro,13,13800007335855,Corso di Francia,2,50,7.31,476.39,480.04499999999996,483.7,10,30.1,42.4,43.0,13.3,0.87,0.61,2.62,1.08,2319,0.6503,19,29,35,43,51,55,57,63
Festivi,Centro,13,13800007335855,Corso di Francia,2,50,7.31,476.39,480.04499999999996,483.7,11,29.9,41.3,42.0,13.1,0.88,0.63,3.12,1.09,2589,0.726,19,29,34,42,49,54,57,63
Festivi,Centro,13,13800007335855,Corso di Francia,2,50,7.31,476.39,480.04499999999996,483.7,12,26.1,39.1,40.0,13.8,1.01,0.66,3.6,1.25,3245,0.91,15,25,31,40,48,52,55,61
Festivi,Centro,13,13800007335855,Corso di Francia,2,50,7.31,476.39,480.04499999999996,483.7,13,34.8,44.3,44.0,14.2,0.76,0.6,2.16,0.94,2844,0.7975,20,30,37,44,52,57,61,67
Festivi,Centro,13,13800007335855,Corso di Francia,2,50,7.31,476.39,480.04499999999996,483.7,14,32.1,47.2,48.0,14.9,0.82,0.55,3.1,1.02,2129,0.597,21,33,40,48,56,61,65,71
Festivi,Centro,13,13800007335855,Corso di Francia,2,50,7.31,476.39,480.04499999999996,483.7,15,33.8,44.8,45.0,13.8,0.78,0.58,2.25,0.96,2446,0.6859,21,32,37,45,53,58,61,67
Festivi,Centro,13,13800007335855,Corso di Francia,2,50,7.31,476.39,480.04499999999996,483.7,16,31.3,42.3,44.0,13.5,0.84,0.6,2.44,1.04,2663,0.7468,17,28,35,44,51,55,57,62
Festivi,Centro,13,13800007335855,Corso di Francia,2,50,7.31,476.39,480.04499999999996,483.7,17,26.3,40.1,42.0,14.2,1.0,0.63,3.39,1.24,2583,0.7243,14,24,30,42,50,54,57,61
Festivi,Centro,13,13800007335855,Corso di Francia,2,50,7.31,476.39,480.04499999999996,483.7,18,26.1,42.0,44.0,14.8,1.01,0.6,3.87,1.25,2368,0.664,15,26,32,44,52,56,59,63
Festivi,Centro,13,13800007335855,Corso di Francia,2,50,7.31,476.39,480.04499999999996,483.7,19,31.0,43.8,46.0,13.6,0.85,0.57,2.71,1.05,2551,0.7154,18,29,36,46,53,56,59,63
Festivi,Centro,13,13800007335855,Corso di Francia,2,50,7.31,476.39,480.04499999999996,483.7,20,18.5,38.0,40.0,17.4,1.43,0.66,5.13,1.76,2703,0.758,8,17,24,40,51,55,59,64
Festivi,Centro,13,13800007335855,Corso di Francia,2,50,7.31,476.39,480.04499999999996,483.7,21,30.2,47.2,49.0,16.9,0.87,0.54,3.37,1.08,1736,0.4868,17,28,36,49,59,64,67,73
Festivi,Centro,13,13800007335855,Corso di Francia,2,50,7.31,476.39,480.04499999999996,483.7,22,31.4,50.7,52.0,16.6,0.84,0.51,3.58,1.04,1574,0.4414,20,33,42,52,61,66,70,75
Festivi,Centro,13,13800007335855,Corso di Francia,2,50,7.31,476.39,480.04499999999996,483.7,23,36.4,49.7,51.0,16.9,0.72,0.52,1.43,0.89,1567,0.4394,20,31,40,51,61,65,70,75
Festivi,Centro,14,13800006960095,Corso di Francia,2,50,38.42,483.7,502.90999999999997,522.12,0,38.5,47.4,47.0,15.8,3.6,2.94,3.52,1.0,2614,0.733,22,32,37,47,57,63,67,73
Festivi,Centro,14,13800006960095,Corso di Francia,2,50,38.42,483.7,502.90999999999997,522.12,1,40.7,49.8,50.0,16.7,3.4,2.77,3.27,0.95,1514,0.4246,23,33,37,50,61,66,70,76
Festivi,Centro,14,13800006960095,Corso di Francia,2,50,38.42,483.7,502.90999999999997,522.12,2,40.3,51.8,53.0,18.1,3.43,2.61,4.08,0.95,954,0.2675,22,33,39,53,64,69,73,78
Festivi,Centro,14,13800006960095,Corso di Francia,2,50,38.42,483.7,502.90999999999997,522.12,3,39.8,52.7,54.0,18.2,3.48,2.56,9.07,0.97,578,0.1621,24,33,38,54,65,70,74,80
Festivi,Centro,14,13800006960095,Corso di Francia,2,50,38.42,483.7,502.90999999999997,522.12,4,35.1,49.1,48.0,19.3,3.94,2.88,8.48,1.1,491,0.1377,21,31,36,48,61,69,75,85
Festivi,Centro,14,13800006960095,Corso di Francia,2,50,38.42,483.7,502.90999999999997,522.12,5,42.0,52.6,53.0,18.9,3.29,2.61,2.99,0.92,425,0.1192,20,33,38,53,67,74,77,81
Festivi,Centro,14,13800006960095,Corso di Francia,2,50,38.42,483.7,502.90999999999997,522.12,6,47.7,55.5,56.0,16.6,2.9,2.47,2.16,0.81,546,0.1531,28,36,46,56,66,71,75,82
Festivi,Centro,14,13800006960095,Corso di Francia,2,50,38.42,483.7,502.90999999999997,522.12,7,46.7,55.2,56.0,15.3,2.96,2.47,3.3,0.82,724,0.203,26,40,47,56,65,70,73,79
Festivi,Centro,14,13800006960095,Corso di Francia,2,50,38.42,483.7,502.90999999999997,522.12,8,43.3,51.7,52.0,14.8,3.2,2.66,3.92,0.89,1250,0.3505,26,36,43,52,61,66,69,76
Festivi,Centro,14,13800006960095,Corso di Francia,2,50,38.42,483.7,502.90999999999997,522.12,9,37.8,47.4,48.0,14.0,3.66,2.88,6.11,1.02,1905,0.5342,23,34,40,48,56,60,64,69
Festivi,Centro,14,13800006960095,Corso di Francia,2,50,38.42,483.7,502.90999999999997,522.12,10,34.3,42.3,43.0,13.0,4.03,3.22,4.35,1.12,2410,0.6758,20,29,35,43,51,54,57,62
Festivi,Centro,14,13800006960095,Corso di Francia,2,50,38.42,483.7,502.90999999999997,522.12,11,33.0,41.4,42.0,12.8,4.2,3.29,5.57,1.17,2696,0.756,20,29,34,42,49,53,56,63
Festivi,Centro,14,13800006960095,Corso di Francia,2,50,38.42,483.7,502.90999999999997,522.12,12,29.5,38.9,40.0,13.9,4.69,3.46,5.63,1.3,3333,0.9347,14,25,31,40,47,52,55,60
Festivi,Centro,14,13800006960095,Corso di Francia,2,50,38.42,483.7,502.90999999999997,522.12,13,36.6,44.3,44.0,13.8,3.78,3.14,4.26,1.05,2950,0.8273,21,32,37,44,52,57,60,66
Festivi,Centro,14,13800006960095,Corso di Francia,2,50,38.42,483.7,502.90999999999997,522.12,14,39.4,47.2,47.0,14.2,3.51,2.94,3.48,0.98,2205,0.6183,23,33,39,47,56,61,65,71
Festivi,Centro,14,13800006960095,Corso di Francia,2,50,38.42,483.7,502.90999999999997,522.12,15,36.2,44.8,45.0,13.3,3.82,3.07,7.7,1.06,2546,0.714,22,32,37,45,53,57,61,66
Festivi,Centro,14,13800006960095,Corso di Francia,2,50,38.42,483.7,502.90999999999997,522.12,16,34.3,42.3,43.0,12.7,4.04,3.22,4.61,1.12,2785,0.781,20,31,35,43,50,54,57,61
Festivi,Centro,14,13800006960095,Corso di Francia,2,50,38.42,483.7,502.90999999999997,522.12,17,31.8,40.5,42.0,13.2,4.36,3.29,4.83,1.21,2706,0.7588,16,27,33,42,50,54,56,60
Festivi,Centro,14,13800006960095,Corso di Francia,2,50,38.42,483.7,502.90999999999997,522.12,18,32.1,42.5,44.0,14.0,4.31,3.14,6.03,1.2,2482,0.696,16,29,35,44,52,55,58,63
Festivi,Centro,14,13800006960095,Corso di Francia,2,50,38.42,483.7,502.90999999999997,522.12,19,35.5,43.7,46.0,13.1,3.9,3.01,4.2,1.08,2634,0.7386,19,30,36,46,52,56,58,62
Festivi,Centro,14,13800006960095,Corso di Francia,2,50,38.42,483.7,502.90999999999997,522.12,20,26.0,37.4,39.0,16.5,5.33,3.55,5.74,1.48,2824,0.7919,10,18,24,39,50,54,58,63
Festivi,Centro,14,13800006960095,Corso di Francia,2,50,38.42,483.7,502.90999999999997,522.12,21,36.7,46.1,47.0,16.5,3.77,2.94,4.05,1.05,1833,0.514,19,28,34,47,58,63,67,72
Festivi,Centro,14,13800006960095,Corso di Francia,2,50,38.42,483.7,502.90999999999997,522.12,22,40.5,50.0,51.0,16.0,3.41,2.71,3.6,0.95,1649,0.4624,22,33,40,51,60,65,69,75
Festivi,Centro,14,13800006960095,Corso di Francia,2,50,38.42,483.7,502.90999999999997,522.12,23,38.9,49.4,50.0,16.2,3.55,2.77,4.11,0.99,1638,0.4593,21,33,39,50,60,65,68,74
Festivi,Centro,15,13800006456376,Corso di Francia,2,50,84.0,522.12,564.12,606.12,0,38.4,46.3,46.0,15.0,7.89,6.57,6.42,1.0,2614,0.733,21,32,37,46,56,61,64,71
Festivi,Centro,15,13800006456376,Corso di Francia,2,50,84.0,522.12,564.12,606.12,1,43.9,49.7,50.0,14.6,6.89,6.05,3.87,0.87,1510,0.4234,27,35,40,50,59,64,68,73
Festivi,Centro,15,13800006456376,Corso di Francia,2,50,84.0,522.12,564.12,606.12,2,44.5,51.6,51.0,16.4,6.79,5.93,3.97,0.86,955,0.2678,27,35,40,51,62,67,71,77
Festivi,Centro,15,13800006456376,Corso di Francia,2,50,84.0,522.12,564.12,606.12,3,44.7,52.1,52.0,15.2,6.76,5.82,6.84,0.86,578,0.1621,29,36,42,52,63,67,71,78
Festivi,Centro,15,13800006456376,Corso di Francia,2,50,84.0,522.12,564.12,606.12,4,39.8,48.9,48.0,18.6,7.61,6.3,5.57,0.96,496,0.1391,21,31,36,48,60,68,74,82
Festivi,Centro,15,13800006456376,Corso di Francia,2,50,84.0,522.12,564.12,606.12,5,36.3,50.4,50.0,18.6,8.33,6.05,11.47,1.06,426,0.1195,17,32,37,50,65,72,75,80
Festivi,Centro,15,13800006456376,Corso di Francia,2,50,84.0,522.12,564.12,606.12,6,44.5,52.9,54.0,17.2,6.8,5.6,4.33,0.86,546,0.1531,22,35,41,54,64,70,74,80
Festivi,Centro,15,13800006456376,Corso di Francia,2,50,84.0,522.12,564.12,606.12,7,46.7,53.5,55.0,15.2,6.48,5.5,5.23,0.82,723,0.2027,27,37,42,55,63,69,73,78
Festivi,Centro,15,13800006456376,Corso di Francia,2,50,84.0,522.12,564.12,606.12,8,43.1,49.9,50.0,14.6,7.02,6.05,5.14,0.89,1246,0.3494,26,35,39,50,60,65,68,73
Festivi,Centro,15,13800006456376,Corso di Francia,2,50,84.0,522.12,564.12,606.12,9,38.7,45.7,46.0,13.5,7.82,6.57,8.23,0.99,1905,0.5342,23,33,37,46,55,59,63,67
Festivi,Centro,15,13800006456376,Corso di Francia,2,50,84.0,522.12,564.12,606.12,10,31.4,39.6,40.0,14.0,9.63,7.56,7.79,1.22,2416,0.6775,14,25,32,40,49,53,56,61
Festivi,Centro,15,13800006456376,Corso di Francia,2,50,84.0,522.12,564.12,606.12,11,30.5,39.6,40.0,13.2,9.91,7.56,11.53,1.26,2677,0.7507,14,28,32,40,48,52,55,60
Festivi,Centro,15,13800006456376,Corso di Francia,2,50,84.0,522.12,564.12,606.12,12,23.7,36.0,37.0,15.1,12.79,8.17,14.32,1.62,3315,0.9296,6,19,28,37,46,50,54,58
Festivi,Centro,15,13800006456376,Corso di Francia,2,50,84.0,522.12,564.12,606.12,13,34.7,42.5,42.0,13.9,8.71,7.2,7.54,1.1,2945,0.8259,18,30,34,42,51,56,59,65
Festivi,Centro,15,13800006456376,Corso di Francia,2,50,84.0,522.12,564.12,606.12,14,39.3,45.6,45.0,13.4,7.69,6.72,6.2,0.98,2207,0.6189,23,33,37,45,54,59,62,67
Festivi,Centro,15,13800006456376,Corso di Francia,2,50,84.0,522.12,564.12,606.12,15,37.8,43.3,43.0,12.7,7.99,7.03,4.8,1.01,2543,0.7131,22,32,36,43,51,56,59,64
Festivi,Centro,15,13800006456376,Corso di Francia,2,50,84.0,522.12,564.12,606.12,16,32.2,39.1,39.0,13.2,9.39,7.75,6.41,1.19,2794,0.7835,15,25,31,39,48,53,55,59
Festivi,Centro,15,13800006456376,Corso di Francia,2,50,84.0,522.12,564.12,606.12,17,30.4,38.4,39.0,13.7,9.94,7.75,8.9,1.26,2704,0.7583,13,23,30,39,48,53,55,58
Festivi,Centro,15,13800006456376,Corso di Francia,2,50,84.0,522.12,564.12,606.12,18,32.4,40.1,41.0,14.1,9.33,7.38,6.62,1.18,2482,0.696,14,24,32,41,50,54,57,62
Festivi,Centro,15,13800006456376,Corso di Francia,2,50,84.0,522.12,564.12,606.12,19,33.5,40.0,41.0,13.3,9.02,7.38,5.43,1.14,2626,0.7364,15,25,32,41,50,54,57,60
Festivi,Centro,15,13800006456376,Corso di Francia,2,50,84.0,522.12,564.12,606.12,20,27.1,34.8,35.0,14.8,11.16,8.64,7.35,1.42,2823,0.7916,12,18,24,35,45,51,54,59
Festivi,Centro,15,13800006456376,Corso di Francia,2,50,84.0,522.12,564.12,606.12,21,34.6,43.7,43.0,16.2,8.74,7.03,6.51,1.11,1835,0.5146,15,28,33,43,55,61,64,69
Festivi,Centro,15,13800006456376,Corso di Francia,2,50,84.0,522.12,564.12,606.12,22,38.4,47.6,48.0,15.9,7.88,6.3,9.89,1.0,1645,0.4613,21,32,37,48,58,64,67,73
Festivi,Centro,15,13800006456376,Corso di Francia,2,50,84.0,522.12,564.12,606.12,23,39.7,47.4,47.0,15.3,7.63,6.43,5.78,0.97,1637,0.4591,22,33,38,47,57,62,66,71
Festivi,Centro,16,13800006566751,Corso di Francia,2,50,32.91,606.12,622.575,639.03,0,29.1,45.0,46.0,17.2,4.07,2.58,5.78,1.0,2610,0.7319,10,27,35,46,57,62,65,70
Festivi,Centro,16,13800006566751,Corso di Francia,2,50,32.91,606.12,622.575,639.03,1,36.9,48.5,50.0,16.1,3.21,2.37,3.77,0.79,1504,0.4218,20,32,39,50,58,63,67,72
Festivi,Centro,16,13800006566751,Corso di Francia,2,50,32.91,606.12,622.575,639.03,2,33.1,49.1,50.0,18.3,3.58,2.37,5.57,0.88,960,0.2692,15,31,38,50,61,66,69,76
Festivi,Centro,16,13800006566751,Corso di Francia,2,50,32.91,606.12,622.575,639.03,3,35.6,50.0,52.0,17.3,3.33,2.28,4.33,0.82,574,0.161,15,34,40,52,62,67,70,76
Festivi,Centro,16,13800006566751,Corso di Francia,2,50,32.91,606.12,622.575,639.03,4,27.8,44.5,47.0,21.3,4.26,2.52,4.91,1.05,496,0.1391,8,20,27,47,59,65,70,79
Festivi,Centro,16,13800006566751,Corso di Francia,2,50,32.91,606.12,622.575,639.03,5,26.4,46.0,48.0,20.8,4.48,2.47,9.08,1.1,432,0.1211,12,24,28,48,63,69,73,78
Festivi,Centro,16,13800006566751,Corso di Francia,2,50,32.91,606.12,622.575,639.03,6,32.4,49.3,53.0,19.6,3.66,2.24,5.22,0.9,545,0.1528,15,27,35,53,63,69,73,77
Festivi,Centro,16,13800006566751,Corso di Francia,2,50,32.91,606.12,622.575,639.03,7,37.0,52.4,54.0,16.8,3.2,2.19,5.7,0.79,724,0.203,23,35,42,54,64,69,72,77
Festivi,Centro,16,13800006566751,Corso di Francia,2,50,32.91,606.12,622.575,639.03,8,37.0,49.4,51.0,16.3,3.21,2.32,4.2,0.79,1245,0.3491,20,32,40,51,60,65,68,73
Festivi,Centro,16,13800006566751,Corso di Francia,2,50,32.91,606.12,622.575,639.03,9,34.5,45.3,46.0,15.1,3.43,2.58,4.11,0.84,1911,0.5359,18,29,36,46,55,60,64,69
Festivi,Centro,16,13800006566751,Corso di Francia,2,50,32.91,606.12,622.575,639.03,10,26.3,40.7,42.0,15.7,4.5,2.82,6.8,1.11,2429,0.6812,12,24,30,42,52,56,59,64
Festivi,Centro,16,13800006566751,Corso di Francia,2,50,32.91,606.12,622.575,639.03,11,24.5,40.6,43.0,15.8,4.83,2.76,7.54,1.19,2683,0.7524,8,24,31,43,51,55,59,64
Festivi,Centro,16,13800006566751,Corso di Francia,2,50,32.91,606.12,622.575,639.03,12,21.7,37.5,39.0,16.2,5.45,3.04,8.25,1.34,3325,0.9324,6,21,27,39,49,54,57,63
Festivi,Centro,16,13800006566751,Corso di Francia,2,50,32.91,606.12,622.575,639.03,13,26.1,42.1,43.0,16.2,4.54,2.76,7.0,1.12,2956,0.8289,9,25,33,43,53,58,61,66
Festivi,Centro,16,13800006566751,Corso di Francia,2,50,32.91,606.12,622.575,639.03,14,31.1,45.7,47.0,15.8,3.8,2.52,6.04,0.94,2204,0.6181,16,30,37,47,56,61,64,69
Festivi,Centro,16,13800006566751,Corso di Francia,2,50,32.91,606.12,622.575,639.03,15,31.3,43.9,45.0,15.2,3.79,2.63,7.36,0.93,2553,0.7159,15,28,35,45,54,59,62,67
Festivi,Centro,16,13800006566751,Corso di Francia,2,50,32.91,606.12,622.575,639.03,16,28.1,39.3,41.0,15.7,4.22,2.89,4.12,1.04,2784,0.7807,10,23,28,41,51,55,59,62
Festivi,Centro,16,13800006566751,Corso di Francia,2,50,32.91,606.12,622.575,639.03,17,26.3,38.5,40.0,16.3,4.5,2.96,5.09,1.11,2701,0.7574,9,21,26,40,51,55,58,64
Festivi,Centro,16,13800006566751,Corso di Francia,2,50,32.91,606.12,622.575,639.03,18,27.0,39.5,42.0,17.0,4.39,2.82,4.52,1.08,2486,0.6971,10,20,26,42,52,57,60,65
Festivi,Centro,16,13800006566751,Corso di Francia,2,50,32.91,606.12,622.575,639.03,19,28.7,39.2,41.0,15.5,4.13,2.89,3.8,1.01,2611,0.7322,11,23,28,41,51,55,58,63
Festivi,Centro,16,13800006566751,Corso di Francia,2,50,32.91,606.12,622.575,639.03,20,23.6,35.5,36.0,16.3,5.01,3.29,6.12,1.23,2833,0.7944,8,17,24,36,47,53,57,62
Festivi,Centro,16,13800006566751,Corso di Francia,2,50,32.91,606.12,622.575,639.03,21,23.4,42.3,44.0,18.5,5.06,2.69,9.03,1.24,1817,0.5095,6,23,31,44,56,61,64,69
Festivi,Centro,16,13800006566751,Corso di Francia,2,50,32.91,606.12,622.575,639.03,22,27.4,44.9,47.0,18.3,4.32,2.52,6.32,1.06,1633,0.4579,8,26,34,47,58,62,66,72
Festivi,Centro,16,13800006566751,Corso di Francia,2,50,32.91,606.12,622.575,639.03,23,25.1,44.0,46.0,18.9,4.71,2.58,7.09,1.16,1626,0.456,6,24,33,46,57,62,66,71
Festivi,Centro,17,13800006526870,Corso di Francia,2,50,37.63,639.03,657.845,676.66,0,21.7,42.7,45.0,19.0,6.26,3.01,9.81,1.0,2602,0.7297,4,22,32,45,56,61,65,70
Festivi,Centro,17,13800006526870,Corso di Francia,2,50,37.63,639.03,657.845,676.66,1,20.7,44.8,48.0,20.3,6.55,2.82,10.24,1.05,1505,0.422,4,21,35,48,58,63,67,72
Festivi,Centro,17,13800006526870,Corso di Francia,2,50,37.63,639.03,657.845,676.66,2,17.7,44.5,49.0,22.7,7.65,2.76,14.0,1.22,953,0.2672,4,12,32,49,60,65,69,77
Festivi,Centro,17,13800006526870,Corso di Francia,2,50,37.63,639.03,657.845,676.66,3,17.5,45.0,50.0,22.8,7.75,2.71,11.73,1.24,570,0.1598,3,8,33,50,61,67,70,76
Festivi,Centro,17,13800006526870,Corso di Francia,2,50,37.63,639.03,657.845,676.66,4,20.7,42.2,45.0,22.6,6.54,3.01,8.85,1.05,497,0.1394,4,14,22,45,59,65,69,78
Festivi,Centro,17,13800006526870,Corso di Francia,2,50,37.63,639.03,657.845,676.66,5,20.8,42.7,45.0,22.9,6.52,3.01,9.13,1.04,430,0.1206,4,17,22,45,62,68,73,78
Festivi,Centro,17,13800006526870,Corso di Francia,2,50,37.63,639.03,657.845,676.66,6,23.7,47.4,51.0,21.1,5.71,2.66,9.42,0.91,547,0.1534,5,23,32,51,62,69,72,77
Festivi,Centro,17,13800006526870,Corso di Francia,2,50,37.63,639.03,657.845,676.66,7,25.0,50.6,53.0,19.4,5.42,2.56,10.0,0.87,724,0.203,4,33,42,53,63,69,72,76
Festivi,Centro,17,13800006526870,Corso di Francia,2,50,37.63,639.03,657.845,676.66,8,27.4,48.1,51.0,18.1,4.94,2.66,8.2,0.79,1246,0.3494,6,31,39,51,60,65,68,73
Festivi,Centro,17,13800006526870,Corso di Francia,2,50,37.63,639.03,657.845,676.66,9,26.2,44.3,46.0,16.6,5.18,2.94,8.29,0.83,1909,0.5353,7,28,36,46,55,60,63,68
Festivi,Centro,17,13800006526870,Corso di Francia,2,50,37.63,639.03,657.845,676.66,10,25.7,41.2,43.0,15.6,5.28,3.15,8.0,0.84,2422,0.6792,9,26,32,43,52,56,60,64
Festivi,Centro,17,13800006526870,Corso di Francia,2,50,37.63,639.03,657.845,676.66,11,22.7,40.4,42.0,16.3,5.98,3.23,9.76,0.96,2700,0.7572,5,24,31,42,51,56,59,64
Festivi,Centro,17,13800006526870,Corso di Francia,2,50,37.63,639.03,657.845,676.66,12,20.8,38.1,40.0,16.2,6.52,3.39,12.91,1.04,3328,0.9333,4,21,28,40,49,54,57,63
Festivi,Centro,17,13800006526870,Corso di Francia,2,50,37.63,639.03,657.845,676.66,13,22.7,41.2,43.0,17.1,5.97,3.15,9.8,0.95,2955,0.8287,4,23,32,43,53,58,61,66
Festivi,Centro,17,13800006526870,Corso di Francia,2,50,37.63,639.03,657.845,676.66,14,23.9,44.2,47.0,17.8,5.66,2.88,8.8,0.9,2206,0.6186,4,26,35,47,56,60,64,69
Festivi,Centro,17,13800006526870,Corso di Francia,2,50,37.63,639.03,657.845,676.66,15,23.0,42.8,45.0,17.0,5.88,3.01,12.92,0.94,2563,0.7187,4,26,35,45,54,59,62,66
Festivi,Centro,17,13800006526870,Corso di Francia,2,50,37.63,639.03,657.845,676.66,16,25.7,39.5,41.0,15.8,5.27,3.3,6.46,0.84,2784,0.7807,7,23,30,41,51,55,58,62
Festivi,Centro,17,13800006526870,Corso di Francia,2,50,37.63,639.03,657.845,676.66,17,24.2,38.8,41.0,16.6,5.6,3.3,6.92,0.89,2704,0.7583,6,21,28,41,51,55,59,64
Festivi,Centro,17,13800006526870,Corso di Francia,2,50,37.63,639.03,657.845,676.66,18,23.8,39.3,42.0,17.4,5.7,3.23,7.2,0.91,2486,0.6971,6,19,27,42,52,57,60,65
Festivi,Centro,17,13800006526870,Corso di Francia,2,50,37.63,639.03,657.845,676.66,19,25.6,38.9,41.0,15.9,5.3,3.3,6.28,0.85,2601,0.7294,8,22,29,41,50,55,58,63
Festivi,Centro,17,13800006526870,Corso di Francia,2,50,37.63,639.03,657.845,676.66,20,20.9,35.6,37.0,16.7,6.47,3.66,8.22,1.03,2814,0.7891,5,17,24,37,47,53,56,62
Festivi,Centro,17,13800006526870,Corso di Francia,2,50,37.63,639.03,657.845,676.66,21,17.9,40.3,43.0,20.4,7.57,3.15,11.54,1.21,1801,0.505,3,15,27,43,55,61,64,70
Festivi,Centro,17,13800006526870,Corso di Francia,2,50,37.63,639.03,657.845,676.66,22,19.3,42.1,46.0,20.8,7.02,2.94,10.63,1.12,1629,0.4568,4,17,28,46,57,62,66,72
Festivi,Centro,17,13800006526870,Corso di Francia,2,50,37.63,639.03,657.845,676.66,23,19.2,41.6,45.0,20.6,7.05,3.01,10.38,1.13,1629,0.4568,4,15,29,45,57,62,65,71
Festivi,Centro,18,13800007229329,Corso di Francia,2,50,24.78,676.66,689.05,701.4399999999999,0,34.1,43.2,43.0,16.7,2.62,2.07,2.07,1.0,2581,0.7238,17,26,30,43,55,61,64,71
Festivi,Centro,18,13800007229329,Corso di Francia,2,50,24.78,676.66,689.05,701.4399999999999,1,33.1,44.3,45.0,18.0,2.69,1.98,2.98,1.03,1516,0.4251,17,26,30,45,57,63,66,73
Festivi,Centro,18,13800007229329,Corso di Francia,2,50,24.78,676.66,689.05,701.4399999999999,2,33.7,46.0,46.0,19.3,2.64,1.94,3.46,1.01,904,0.2535,17,27,31,46,59,65,70,77
Festivi,Centro,18,13800007229329,Corso di Francia,2,50,24.78,676.66,689.05,701.4399999999999,3,35.8,46.3,46.0,18.5,2.49,1.94,2.22,0.95,525,0.1472,18,26,31,46,60,66,70,75
Festivi,Centro,18,13800007229329,Corso di Francia,2,50,24.78,676.66,689.05,701.4399999999999,4,32.8,44.1,41.0,20.2,2.72,2.18,2.24,1.04,482,0.1352,16,24,29,41,58,65,71,79
Festivi,Centro,18,13800007229329,Corso di Francia,2,50,24.78,676.66,689.05,701.4399999999999,5,35.9,45.8,43.0,19.4,2.49,2.07,1.74,0.95,410,0.115,18,27,30,43,62,69,73,79
Festivi,Centro,18,13800007229329,Corso di Francia,2,50,24.78,676.66,689.05,701.4399999999999,6,38.5,49.4,51.0,18.8,2.32,1.75,2.11,0.89,517,0.145,21,28,34,51,63,70,73,79
Festivi,Centro,18,13800007229329,Corso di Francia,2,50,24.78,676.66,689.05,701.4399999999999,7,42.3,51.7,54.0,17.6,2.11,1.65,1.59,0.81,681,0.191,22,31,39,54,64,70,73,77
Festivi,Centro,18,13800007229329,Corso di Francia,2,50,24.78,676.66,689.05,701.4399999999999,8,37.4,48.2,50.0,17.0,2.38,1.78,2.34,0.91,1203,0.3374,21,29,36,50,60,66,69,74
Festivi,Centro,18,13800007229329,Corso di Francia,2,50,24.78,676.66,689.05,701.4399999999999,9,35.8,44.6,45.0,15.1,2.49,1.98,2.37,0.95,1845,0.5174,19,29,34,45,55,59,63,69
Festivi,Centro,18,13800007229329,Corso di Francia,2,50,24.78,676.66,689.05,701.4399999999999,10,33.7,41.8,42.0,14.1,2.65,2.12,2.37,1.01,2349,0.6587,19,27,32,42,52,56,59,63
Festivi,Centro,18,13800007229329,Corso di Francia,2,50,24.78,676.66,689.05,701.4399999999999,11,31.3,41.0,42.0,15.0,2.85,2.12,3.85,1.09,2538,0.7117,16,26,30,42,51,56,59,65
Festivi,Centro,18,13800007229329,Corso di Francia,2,50,24.78,676.66,689.05,701.4399999999999,12,32.0,39.7,40.0,14.1,2.78,2.23,2.3,1.06,3075,0.8623,17,25,30,40,49,54,58,63
Festivi,Centro,18,13800007229329,Corso di Francia,2,50,24.78,676.66,689.05,701.4399999999999,13,33.8,43.2,43.0,15.2,2.64,2.07,4.23,1.01,2689,0.7541,19,28,32,43,54,59,62,67
Festivi,Centro,18,13800007229329,Corso di Francia,2,50,24.78,676.66,689.05,701.4399999999999,14,36.5,45.6,47.0,15.5,2.45,1.9,2.35,0.93,2079,0.583,20,29,34,47,57,61,64,69
Festivi,Centro,18,13800007229329,Corso di Francia,2,50,24.78,676.66,689.05,701.4399999999999,15,35.1,43.6,44.0,14.8,2.54,2.03,2.25,0.97,2483,0.6963,20,28,33,44,54,58,62,67
Festivi,Centro,18,13800007229329,Corso di Francia,2,50,24.78,676.66,689.05,701.4399999999999,16,34.0,40.8,41.0,13.7,2.62,2.18,1.98,1.0,2684,0.7527,19,27,31,41,50,55,58,62
Festivi,Centro,18,13800007229329,Corso di Francia,2,50,24.78,676.66,689.05,701.4399999999999,17,33.0,40.7,40.0,14.0,2.71,2.23,2.36,1.03,2568,0.7201,18,27,31,40,51,55,59,64
Festivi,Centro,18,13800007229329,Corso di Francia,2,50,24.78,676.66,689.05,701.4399999999999,18,31.6,40.8,41.0,14.9,2.82,2.18,3.84,1.08,2414,0.6769,18,26,30,41,51,56,60,65
Festivi,Centro,18,13800007229329,Corso di Francia,2,50,24.78,676.66,689.05,701.4399999999999,19,34.2,40.9,41.0,13.5,2.61,2.18,1.94,1.0,2383,0.6683,19,28,31,41,50,55,58,63
Festivi,Centro,18,13800007229329,Corso di Francia,2,50,24.78,676.66,689.05,701.4399999999999,20,31.1,38.8,38.0,13.8,2.87,2.35,2.59,1.1,2518,0.7061,16,26,29,38,48,53,57,62
Festivi,Centro,18,13800007229329,Corso di Francia,2,50,24.78,676.66,689.05,701.4399999999999,21,34.6,43.9,43.0,17.1,2.58,2.07,2.05,0.99,1603,0.4495,18,27,31,43,56,62,66,72
Festivi,Centro,18,13800007229329,Corso di Francia,2,50,24.78,676.66,689.05,701.4399999999999,22,33.5,44.4,45.0,17.9,2.66,1.98,2.65,1.02,1532,0.4296,16,26,30,45,58,63,67,73
Festivi,Centro,18,13800007229329,Corso di Francia,2,50,24.78,676.66,689.05,701.4399999999999,23,34.1,43.9,43.0,17.4,2.61,2.07,2.43,1.0,1523,0.4271,18,27,30,43,57,62,66,72
Festivi,Centro,19,13800007302573,Corso di Francia,2,50,35.16,701.4399999999999,719.02,736.5999999999999,0,36.1,44.2,44.0,16.1,3.5,2.88,2.53,1.0,2591,0.7266,19,28,33,44,55,61,64,71
Festivi,Centro,19,13800007302573,Corso di Francia,2,50,35.16,701.4399999999999,719.02,736.5999999999999,1,36.3,45.5,45.0,17.3,3.49,2.81,2.79,1.0,1526,0.4279,19,29,33,45,56,63,67,74
Festivi,Centro,19,13800007302573,Corso di Francia,2,50,35.16,701.4399999999999,719.02,736.5999999999999,2,39.8,47.8,46.0,17.7,3.18,2.75,1.99,0.91,909,0.2549,23,31,35,46,59,65,71,78
Festivi,Centro,19,13800007302573,Corso di Francia,2,50,35.16,701.4399999999999,719.02,736.5999999999999,3,40.5,48.0,47.0,16.7,3.12,2.69,1.88,0.89,531,0.1489,23,32,36,47,59,64,69,77
Festivi,Centro,19,13800007302573,Corso di Francia,2,50,35.16,701.4399999999999,719.02,736.5999999999999,4,38.2,47.0,43.0,18.3,3.31,2.94,2.29,0.95,482,0.1352,23,31,34,43,58,65,72,80
Festivi,Centro,19,13800007302573,Corso di Francia,2,50,35.16,701.4399999999999,719.02,736.5999999999999,5,39.8,48.3,46.0,17.7,3.18,2.75,2.2,0.91,418,0.1172,22,31,35,46,62,69,73,79
Festivi,Centro,19,13800007302573,Corso di Francia,2,50,35.16,701.4399999999999,719.02,736.5999999999999,6,42.2,51.1,51.0,17.4,3.0,2.48,2.69,0.86,519,0.1455,23,33,39,51,63,70,74,80
Festivi,Centro,19,13800007302573,Corso di Francia,2,50,35.16,701.4399999999999,719.02,736.5999999999999,7,44.5,52.4,54.0,16.9,2.85,2.34,1.72,0.81,683,0.1915,23,34,40,54,65,70,73,78
Festivi,Centro,19,13800007302573,Corso di Francia,2,50,35.16,701.4399999999999,719.02,736.5999999999999,8,40.7,49.1,50.0,16.2,3.11,2.53,2.18,0.89,1205,0.3379,23,32,38,50,60,66,69,74
Festivi,Centro,19,13800007302573,Corso di Francia,2,50,35.16,701.4399999999999,719.02,736.5999999999999,9,38.6,45.8,47.0,14.4,3.28,2.69,2.6,0.94,1844,0.5171,21,30,36,47,55,59,63,68
Festivi,Centro,19,13800007302573,Corso di Francia,2,50,35.16,701.4399999999999,719.02,736.5999999999999,10,36.2,42.6,44.0,13.7,3.49,2.88,2.22,1.0,2349,0.6587,20,28,33,44,52,56,59,63
Festivi,Centro,19,13800007302573,Corso di Francia,2,50,35.16,701.4399999999999,719.02,736.5999999999999,11,33.5,41.5,42.0,14.3,3.78,3.01,4.4,1.08,2548,0.7145,17,27,32,42,51,56,58,64
Festivi,Centro,19,13800007302573,Corso di Francia,2,50,35.16,701.4399999999999,719.02,736.5999999999999,12,33.7,40.6,41.0,13.9,3.76,3.09,2.61,1.07,3081,0.864,18,26,31,41,50,55,58,63
Festivi,Centro,19,13800007302573,Corso di Francia,2,50,35.16,701.4399999999999,719.02,736.5999999999999,13,36.2,44.1,44.0,14.7,3.5,2.88,3.33,1.0,2694,0.7555,21,29,34,44,54,59,62,67
Festivi,Centro,19,13800007302573,Corso di Francia,2,50,35.16,701.4399999999999,719.02,736.5999999999999,14,39.7,46.5,47.0,14.4,3.19,2.69,2.51,0.91,2080,0.5833,23,31,37,47,57,61,64,69
Festivi,Centro,19,13800007302573,Corso di Francia,2,50,35.16,701.4399999999999,719.02,736.5999999999999,15,37.8,44.3,45.0,14.2,3.35,2.81,2.13,0.96,2487,0.6974,22,29,35,45,54,58,61,66
Festivi,Centro,19,13800007302573,Corso di Francia,2,50,35.16,701.4399999999999,719.02,736.5999999999999,16,36.3,41.7,42.0,13.0,3.49,3.01,1.97,0.99,2687,0.7535,21,29,33,42,50,55,58,62
Festivi,Centro,19,13800007302573,Corso di Francia,2,50,35.16,701.4399999999999,719.02,736.5999999999999,17,35.2,41.4,41.0,13.3,3.59,3.09,2.32,1.03,2577,0.7227,19,28,33,41,51,55,58,63
Festivi,Centro,19,13800007302573,Corso di Francia,2,50,35.16,701.4399999999999,719.02,736.5999999999999,18,35.0,41.8,42.0,14.1,3.62,3.01,2.57,1.03,2426,0.6803,19,28,32,42,52,56,59,64
Festivi,Centro,19,13800007302573,Corso di Francia,2,50,35.16,701.4399999999999,719.02,736.5999999999999,19,36.4,42.0,42.0,12.6,3.48,3.01,2.07,0.99,2384,0.6685,21,29,33,42,51,55,58,62
Festivi,Centro,19,13800007302573,Corso di Francia,2,50,35.16,701.4399999999999,719.02,736.5999999999999,20,33.1,40.2,40.0,13.2,3.82,3.16,3.35,1.09,2524,0.7078,18,27,32,40,49,54,57,61
Festivi,Centro,19,13800007302573,Corso di Francia,2,50,35.16,701.4399999999999,719.02,736.5999999999999,21,37.6,45.4,44.0,16.2,3.36,2.88,2.37,0.96,1604,0.4498,21,30,34,44,56,63,66,72
Festivi,Centro,19,13800007302573,Corso di Francia,2,50,35.16,701.4399999999999,719.02,736.5999999999999,22,37.4,46.1,46.0,16.7,3.38,2.75,2.39,0.97,1534,0.4302,18,29,34,46,58,64,67,73
Festivi,Centro,19,13800007302573,Corso di Francia,2,50,35.16,701.4399999999999,719.02,736.5999999999999,23,37.4,45.2,44.0,16.6,3.39,2.88,2.31,0.97,1530,0.4291,20,29,33,44,57,62,66,72
Festivi,Centro,20,13800007051638,Corso di Francia,2,50,13.32,736.5999999999999,743.2599999999999,749.92,0,34.0,44.5,45.0,17.3,1.41,1.07,1.56,1.0,2606,0.7308,16,26,32,45,56,62,66,73
Festivi,Centro,20,13800007051638,Corso di Francia,2,50,13.32,736.5999999999999,743.2599999999999,749.92,1,34.9,45.9,45.0,18.0,1.37,1.07,2.15,0.97,1535,0.4305,17,28,33,45,57,64,69,76
Festivi,Centro,20,13800007051638,Corso di Francia,2,50,13.32,736.5999999999999,743.2599999999999,749.92,2,38.5,48.0,47.0,18.2,1.25,1.02,0.97,0.88,915,0.2566,19,31,36,47,60,66,71,79
Festivi,Centro,20,13800007051638,Corso di Francia,2,50,13.32,736.5999999999999,743.2599999999999,749.92,3,39.5,48.9,48.0,16.6,1.21,1.0,1.39,0.86,531,0.1489,24,33,39,48,59,65,69,77
Festivi,Centro,20,13800007051638,Corso di Francia,2,50,13.32,736.5999999999999,743.2599999999999,749.92,4,39.0,47.8,45.0,18.4,1.23,1.07,0.85,0.87,486,0.1363,21,31,36,45,58,66,73,81
Festivi,Centro,20,13800007051638,Corso di Francia,2,50,13.32,736.5999999999999,743.2599999999999,749.92,5,39.6,49.3,49.0,18.1,1.21,0.98,0.95,0.86,425,0.1192,21,31,37,49,63,70,75,81
Festivi,Centro,20,13800007051638,Corso di Francia,2,50,13.32,736.5999999999999,743.2599999999999,749.92,6,42.3,52.1,53.0,17.9,1.13,0.9,1.03,0.8,522,0.1464,23,32,40,53,65,71,74,80
Festivi,Centro,20,13800007051638,Corso di Francia,2,50,13.32,736.5999999999999,743.2599999999999,749.92,7,45.1,53.2,54.0,17.0,1.06,0.89,0.65,0.75,683,0.1915,23,35,43,54,66,70,74,78
Festivi,Centro,20,13800007051638,Corso di Francia,2,50,13.32,736.5999999999999,743.2599999999999,749.92,8,40.8,50.0,51.0,16.8,1.18,0.94,0.87,0.83,1208,0.3388,20,32,40,51,61,67,71,76
Festivi,Centro,20,13800007051638,Corso di Francia,2,50,13.32,736.5999999999999,743.2599999999999,749.92,9,38.4,46.8,48.0,15.3,1.25,1.0,1.21,0.89,1848,0.5182,19,30,36,48,57,62,65,70
Festivi,Centro,20,13800007051638,Corso di Francia,2,50,13.32,736.5999999999999,743.2599999999999,749.92,10,35.8,43.4,45.0,14.9,1.34,1.07,0.92,0.95,2354,0.6601,17,27,33,45,54,58,61,65
Festivi,Centro,20,13800007051638,Corso di Francia,2,50,13.32,736.5999999999999,743.2599999999999,749.92,11,32.1,42.2,43.0,15.3,1.49,1.12,2.11,1.06,2558,0.7173,15,26,32,43,53,57,60,65
Festivi,Centro,20,13800007051638,Corso di Francia,2,50,13.32,736.5999999999999,743.2599999999999,749.92,12,32.9,41.4,42.0,14.9,1.46,1.14,1.19,1.03,3084,0.8648,16,25,31,42,52,56,60,65
Festivi,Centro,20,13800007051638,Corso di Francia,2,50,13.32,736.5999999999999,743.2599999999999,749.92,13,33.4,45.1,46.0,15.6,1.44,1.04,6.66,1.02,2703,0.758,19,28,35,46,56,60,64,69
Festivi,Centro,20,13800007051638,Corso di Francia,2,50,13.32,736.5999999999999,743.2599999999999,749.92,14,39.8,47.2,48.0,14.9,1.21,1.0,0.98,0.85,2087,0.5852,21,31,38,48,58,62,65,70
Festivi,Centro,20,13800007051638,Corso di Francia,2,50,13.32,736.5999999999999,743.2599999999999,749.92,15,36.7,44.9,46.0,15.1,1.31,1.04,1.13,0.93,2494,0.6994,19,28,35,46,55,60,63,67
Festivi,Centro,20,13800007051638,Corso di Francia,2,50,13.32,736.5999999999999,743.2599999999999,749.92,16,36.3,42.7,43.0,13.8,1.32,1.12,0.86,0.94,2697,0.7563,19,29,34,43,52,56,59,64
Festivi,Centro,20,13800007051638,Corso di Francia,2,50,13.32,736.5999999999999,743.2599999999999,749.92,17,35.6,42.3,43.0,13.9,1.35,1.12,0.91,0.96,2588,0.7257,19,28,33,43,52,57,59,64
Festivi,Centro,20,13800007051638,Corso di Francia,2,50,13.32,736.5999999999999,743.2599999999999,749.92,18,34.5,42.8,43.0,14.7,1.39,1.12,1.87,0.99,2435,0.6828,18,28,33,43,53,57,61,66
Festivi,Centro,20,13800007051638,Corso di Francia,2,50,13.32,736.5999999999999,743.2599999999999,749.92,19,36.7,43.2,44.0,13.4,1.31,1.09,0.9,0.93,2388,0.6697,20,29,34,44,53,57,60,64
Festivi,Centro,20,13800007051638,Corso di Francia,2,50,13.32,736.5999999999999,743.2599999999999,749.92,20,33.9,41.4,42.0,13.9,1.41,1.14,1.19,1.0,2531,0.7098,17,27,32,42,51,55,58,63
Festivi,Centro,20,13800007051638,Corso di Francia,2,50,13.32,736.5999999999999,743.2599999999999,749.92,21,36.5,46.1,45.0,17.1,1.31,1.07,1.36,0.93,1606,0.4504,19,29,34,45,58,64,68,74
Festivi,Centro,20,13800007051638,Corso di Francia,2,50,13.32,736.5999999999999,743.2599999999999,749.92,22,34.8,46.9,47.0,17.5,1.38,1.02,3.25,0.98,1541,0.4321,17,29,35,47,59,65,69,73
Festivi,Centro,20,13800007051638,Corso di Francia,2,50,13.32,736.5999999999999,743.2599999999999,749.92,23,36.7,45.8,45.0,17.5,1.31,1.07,1.1,0.93,1536,0.4307,18,28,34,45,58,64,68,74
Festivi,Centro,21,13800006921530,Corso di Francia,2,50,20.05,749.92,759.9449999999999,769.9699999999999,0,25.5,41.8,43.0,19.9,2.83,1.68,3.7,1.0,2845,0.7978,9,19,26,43,56,62,66,74
Festivi,Centro,21,13800006921530,Corso di Francia,2,50,20.05,749.92,759.9449999999999,769.9699999999999,1,27.5,42.2,42.0,20.4,2.62,1.72,3.03,0.93,1779,0.4989,11,20,26,42,56,63,68,75
Festivi,Centro,21,13800006921530,Corso di Francia,2,50,20.05,749.92,759.9449999999999,769.9699999999999,2,30.5,43.5,43.0,20.4,2.37,1.68,2.44,0.84,1110,0.3113,14,22,27,43,56,64,70,78
Festivi,Centro,21,13800006921530,Corso di Francia,2,50,20.05,749.92,759.9449999999999,769.9699999999999,3,32.0,45.3,46.0,19.2,2.26,1.57,2.44,0.8,593,0.1663,12,24,31,46,58,64,67,77
Festivi,Centro,21,13800006921530,Corso di Francia,2,50,20.05,749.92,759.9449999999999,769.9699999999999,4,35.2,45.8,45.0,19.8,2.05,1.6,1.51,0.73,522,0.1464,16,25,32,45,56,65,73,81
Festivi,Centro,21,13800006921530,Corso di Francia,2,50,20.05,749.92,759.9449999999999,769.9699999999999,5,34.6,48.1,49.0,19.9,2.09,1.47,2.21,0.74,445,0.1248,14,25,34,49,64,70,75,81
Festivi,Centro,21,13800006921530,Corso di Francia,2,50,20.05,749.92,759.9449999999999,769.9699999999999,6,31.0,51.1,53.0,19.8,2.33,1.36,8.69,0.82,535,0.15,15,30,39,53,65,71,75,80
Festivi,Centro,21,13800006921530,Corso di Francia,2,50,20.05,749.92,759.9449999999999,769.9699999999999,7,37.7,51.7,54.0,18.8,1.91,1.34,2.57,0.68,720,0.2019,17,30,40,54,66,70,74,79
Festivi,Centro,21,13800006921530,Corso di Francia,2,50,20.05,749.92,759.9449999999999,769.9699999999999,8,32.5,48.7,51.0,18.9,2.22,1.42,3.9,0.78,1251,0.3508,13,25,38,51,62,67,71,76
Festivi,Centro,21,13800006921530,Corso di Francia,2,50,20.05,749.92,759.9449999999999,769.9699999999999,9,30.9,45.4,48.0,17.5,2.34,1.5,3.44,0.83,1933,0.5421,14,25,34,48,58,63,66,70
Festivi,Centro,21,13800006921530,Corso di Francia,2,50,20.05,749.92,759.9449999999999,769.9699999999999,10,26.9,41.9,45.0,17.2,2.68,1.6,3.89,0.95,2504,0.7022,10,22,30,45,54,59,62,66
Festivi,Centro,21,13800006921530,Corso di Francia,2,50,20.05,749.92,759.9449999999999,769.9699999999999,11,25.9,41.0,43.0,17.0,2.79,1.68,6.12,0.99,2711,0.7602,10,22,29,43,53,58,61,66
Festivi,Centro,21,13800006921530,Corso di Francia,2,50,20.05,749.92,759.9449999999999,769.9699999999999,12,25.8,40.3,42.0,16.7,2.8,1.72,4.02,0.99,3268,0.9164,10,22,29,42,52,57,61,66
Festivi,Centro,21,13800006921530,Corso di Francia,2,50,20.05,749.92,759.9449999999999,769.9699999999999,13,28.7,44.0,46.0,17.5,2.52,1.57,5.91,0.89,2833,0.7944,12,24,32,46,56,61,65,70
Festivi,Centro,21,13800006921530,Corso di Francia,2,50,20.05,749.92,759.9449999999999,769.9699999999999,14,31.0,45.6,48.0,17.3,2.33,1.5,3.42,0.82,2224,0.6237,13,25,35,48,58,63,65,70
Festivi,Centro,21,13800006921530,Corso di Francia,2,50,20.05,749.92,759.9449999999999,769.9699999999999,15,29.1,43.0,45.0,17.3,2.48,1.6,3.26,0.88,2675,0.7501,11,23,31,45,55,60,63,68
Festivi,Centro,21,13800006921530,Corso di Francia,2,50,20.05,749.92,759.9449999999999,769.9699999999999,16,31.3,41.8,43.0,15.5,2.31,1.68,2.39,0.82,2820,0.7908,14,25,32,43,53,57,60,65
Festivi,Centro,21,13800006921530,Corso di Francia,2,50,20.05,749.92,759.9449999999999,769.9699999999999,17,30.7,41.3,43.0,15.7,2.35,1.68,2.43,0.83,2728,0.765,14,24,31,43,52,57,60,65
Festivi,Centro,21,13800006921530,Corso di Francia,2,50,20.05,749.92,759.9449999999999,769.9699999999999,18,30.2,41.5,43.0,16.4,2.39,1.68,2.96,0.84,2575,0.7221,12,23,30,43,53,58,61,67
Festivi,Centro,21,13800006921530,Corso di Francia,2,50,20.05,749.92,759.9449999999999,769.9699999999999,19,31.8,42.2,44.0,15.2,2.27,1.64,2.47,0.8,2526,0.7084,14,25,33,44,53,57,61,65
Festivi,Centro,21,13800006921530,Corso di Francia,2,50,20.05,749.92,759.9449999999999,769.9699999999999,20,27.9,40.2,42.0,15.9,2.59,1.72,3.14,0.91,2709,0.7597,12,22,30,42,51,56,59,64
Festivi,Centro,21,13800006921530,Corso di Francia,2,50,20.05,749.92,759.9449999999999,769.9699999999999,21,29.3,43.9,44.0,19.3,2.46,1.64,3.08,0.87,1743,0.4888,12,22,30,44,58,64,68,74
Festivi,Centro,21,13800006921530,Corso di Francia,2,50,20.05,749.92,759.9449999999999,769.9699999999999,22,30.0,44.4,45.0,19.7,2.41,1.6,2.73,0.85,1672,0.4689,12,21,29,45,59,65,69,74
Festivi,Centro,21,13800006921530,Corso di Francia,2,50,20.05,749.92,759.9449999999999,769.9699999999999,23,26.1,42.9,44.0,20.2,2.77,1.64,3.78,0.98,1675,0.4697,9,20,27,44,57,64,68,73
Festivi,Centro,22,13800006887551,Corso di Francia,2,50,45.38,769.9699999999999,792.66,815.3499999999999,0,20.6,41.4,43.0,21.7,7.94,3.8,10.77,1.0,2831,0.7939,5,14,26,43,57,63,68,75
Festivi,Centro,22,13800006887551,Corso di Francia,2,50,45.38,769.9699999999999,792.66,815.3499999999999,1,20.2,41.5,42.0,22.8,8.11,3.89,10.42,1.02,1778,0.4986,5,11,26,42,57,65,70,77
Festivi,Centro,22,13800006887551,Corso di Francia,2,50,45.38,769.9699999999999,792.66,815.3499999999999,2,20.7,42.4,43.0,23.3,7.9,3.8,10.22,0.99,1103,0.3093,5,12,28,43,57,66,71,81
Festivi,Centro,22,13800006887551,Corso di Francia,2,50,45.38,769.9699999999999,792.66,815.3499999999999,3,21.4,43.7,45.0,21.7,7.64,3.63,10.46,0.96,590,0.1655,5,13,34,45,58,64,69,77
Festivi,Centro,22,13800006887551,Corso di Francia,2,50,45.38,769.9699999999999,792.66,815.3499999999999,4,20.4,43.4,44.0,23.1,8.0,3.71,10.95,1.01,518,0.1453,5,12,31,44,56,66,73,83
Festivi,Centro,22,13800006887551,Corso di Francia,2,50,45.38,769.9699999999999,792.66,815.3499999999999,5,23.6,47.3,50.0,22.9,6.93,3.27,9.64,0.87,444,0.1245,5,18,36,50,65,71,76,82
Festivi,Centro,22,13800006887551,Corso di Francia,2,50,45.38,769.9699999999999,792.66,815.3499999999999,6,26.4,51.3,53.0,22.0,6.19,3.08,9.63,0.78,529,0.1483,5,30,40,53,67,72,76,85
Festivi,Centro,22,13800006887551,Corso di Francia,2,50,45.38,769.9699999999999,792.66,815.3499999999999,7,28.6,51.6,55.0,21.1,5.71,2.97,8.86,0.72,718,0.2013,6,30,41,55,67,72,75,81
Festivi,Centro,22,13800006887551,Corso di Francia,2,50,45.38,769.9699999999999,792.66,815.3499999999999,8,27.6,48.9,52.0,20.9,5.92,3.14,8.17,0.75,1247,0.3497,6,26,37,52,64,69,73,78
Festivi,Centro,22,13800006887551,Corso di Francia,2,50,45.38,769.9699999999999,792.66,815.3499999999999,9,27.2,46.0,49.0,19.2,6.0,3.33,8.05,0.76,1924,0.5395,6,24,35,49,59,64,68,72
Festivi,Centro,22,13800006887551,Corso di Francia,2,50,45.38,769.9699999999999,792.66,815.3499999999999,10,24.4,42.7,45.0,18.7,6.69,3.63,9.06,0.84,2498,0.7005,6,22,32,45,56,61,64,68
Festivi,Centro,22,13800006887551,Corso di Francia,2,50,45.38,769.9699999999999,792.66,815.3499999999999,11,24.0,41.8,44.0,18.2,6.81,3.71,9.38,0.86,2706,0.7588,6,21,32,44,55,60,63,68
Festivi,Centro,22,13800006887551,Corso di Francia,2,50,45.38,769.9699999999999,792.66,815.3499999999999,12,24.9,41.9,43.0,17.6,6.56,3.8,9.24,0.83,3266,0.9159,6,23,32,43,54,60,63,68
Festivi,Centro,22,13800006887551,Corso di Francia,2,50,45.38,769.9699999999999,792.66,815.3499999999999,13,26.8,44.6,46.0,18.7,6.09,3.55,8.27,0.77,2826,0.7925,6,25,34,46,58,63,67,72
Festivi,Centro,22,13800006887551,Corso di Francia,2,50,45.38,769.9699999999999,792.66,815.3499999999999,14,27.6,46.1,49.0,18.8,5.92,3.33,8.06,0.75,2214,0.6209,6,26,36,49,59,64,67,71
Festivi,Centro,22,13800006887551,Corso di Francia,2,50,45.38,769.9699999999999,792.66,815.3499999999999,15,25.2,43.6,46.0,18.9,6.49,3.55,8.71,0.82,2677,0.7507,6,22,33,46,57,62,65,70
Festivi,Centro,22,13800006887551,Corso di Francia,2,50,45.38,769.9699999999999,792.66,815.3499999999999,16,27.7,42.5,45.0,16.9,5.9,3.63,7.13,0.74,2821,0.7911,7,25,33,45,54,59,62,66
Festivi,Centro,22,13800006887551,Corso di Francia,2,50,45.38,769.9699999999999,792.66,815.3499999999999,17,26.5,41.9,44.0,17.2,6.16,3.71,7.69,0.78,2726,0.7644,7,24,33,44,53,58,61,66
Festivi,Centro,22,13800006887551,Corso di Francia,2,50,45.38,769.9699999999999,792.66,815.3499999999999,18,26.2,42.0,44.0,17.9,6.23,3.71,7.47,0.78,2564,0.719,7,22,32,44,55,59,62,68
Festivi,Centro,22,13800006887551,Corso di Francia,2,50,45.38,769.9699999999999,792.66,815.3499999999999,19,27.6,42.8,45.0,16.8,5.91,3.63,7.42,0.74,2520,0.7067,7,25,34,45,55,60,63,66
Festivi,Centro,22,13800006887551,Corso di Francia,2,50,45.38,769.9699999999999,792.66,815.3499999999999,20,25.5,41.2,43.0,17.2,6.42,3.8,8.4,0.81,2696,0.756,6,22,32,43,53,58,62,66
Festivi,Centro,22,13800006887551,Corso di Francia,2,50,45.38,769.9699999999999,792.66,815.3499999999999,21,21.9,43.6,45.0,21.6,7.45,3.63,10.21,0.94,1738,0.4874,5,15,32,45,59,66,71,76
Festivi,Centro,22,13800006887551,Corso di Francia,2,50,45.38,769.9699999999999,792.66,815.3499999999999,22,21.8,44.3,46.0,22.3,7.5,3.55,10.68,0.94,1668,0.4678,5,15,30,46,60,67,71,76
Festivi,Centro,22,13800006887551,Corso di Francia,2,50,45.38,769.9699999999999,792.66,815.3499999999999,23,20.0,42.4,44.0,22.6,8.18,3.71,11.29,1.03,1670,0.4683,5,12,27,44,59,65,69,76
Festivi,Centro,23,13800007290271,Corso di Francia,3,50,25.49,815.3499999999999,828.0949999999999,840.8399999999999,0,42.2,51.8,52.0,18.2,2.17,1.76,1.66,1.0,2035,0.5707,22,34,39,52,63,70,74,81
Festivi,Centro,23,13800007290271,Corso di Francia,3,50,25.49,815.3499999999999,828.0949999999999,840.8399999999999,1,44.0,52.8,52.0,19.0,2.08,1.76,1.29,0.96,1200,0.3365,21,34,39,52,65,72,76,84
Festivi,Centro,23,13800007290271,Corso di Francia,3,50,25.49,815.3499999999999,828.0949999999999,840.8399999999999,2,42.7,54.5,53.0,20.4,2.15,1.73,2.34,0.99,673,0.1887,23,34,40,53,68,74,81,88
Festivi,Centro,23,13800007290271,Corso di Francia,3,50,25.49,815.3499999999999,828.0949999999999,840.8399999999999,3,46.4,54.5,54.0,18.7,1.98,1.7,1.12,0.91,339,0.0951,29,34,40,54,67,74,80,86
Festivi,Centro,23,13800007290271,Corso di Francia,3,50,25.49,815.3499999999999,828.0949999999999,840.8399999999999,4,42.4,55.2,55.0,21.0,2.17,1.67,2.38,1.0,304,0.0852,19,33,43,55,68,78,83,92
Festivi,Centro,23,13800007290271,Corso di Francia,3,50,25.49,815.3499999999999,828.0949999999999,840.8399999999999,5,48.2,56.8,58.0,18.6,1.91,1.58,1.07,0.88,335,0.0939,24,36,42,58,71,77,81,86
Festivi,Centro,23,13800007290271,Corso di Francia,3,50,25.49,815.3499999999999,828.0949999999999,840.8399999999999,6,51.6,59.3,60.0,17.7,1.78,1.53,1.0,0.82,424,0.1189,30,41,48,60,71,76,80,88
Festivi,Centro,23,13800007290271,Corso di Francia,3,50,25.49,815.3499999999999,828.0949999999999,840.8399999999999,7,51.9,59.4,62.0,16.9,1.77,1.48,1.07,0.81,594,0.1666,30,41,49,62,70,75,78,84
Festivi,Centro,23,13800007290271,Corso di Francia,3,50,25.49,815.3499999999999,828.0949999999999,840.8399999999999,8,48.6,57.1,58.0,16.7,1.89,1.58,1.24,0.87,987,0.2768,26,39,48,58,68,73,77,82
Festivi,Centro,23,13800007290271,Corso di Francia,3,50,25.49,815.3499999999999,828.0949999999999,840.8399999999999,9,45.6,53.2,55.0,15.4,2.01,1.67,1.55,0.93,1551,0.4349,26,36,43,55,64,68,72,76
Festivi,Centro,23,13800007290271,Corso di Francia,3,50,25.49,815.3499999999999,828.0949999999999,840.8399999999999,10,44.1,50.7,52.0,15.0,2.08,1.76,1.38,0.96,1963,0.5505,25,35,40,52,61,65,68,73
Festivi,Centro,23,13800007290271,Corso di Francia,3,50,25.49,815.3499999999999,828.0949999999999,840.8399999999999,11,42.4,49.2,50.0,14.7,2.17,1.84,1.35,1.0,2162,0.6063,23,34,40,50,59,64,67,71
Festivi,Centro,23,13800007290271,Corso di Francia,3,50,25.49,815.3499999999999,828.0949999999999,840.8399999999999,12,41.5,48.4,49.0,14.5,2.21,1.87,2.32,1.02,2719,0.7625,24,34,39,49,59,64,67,71
Festivi,Centro,23,13800007290271,Corso di Francia,3,50,25.49,815.3499999999999,828.0949999999999,840.8399999999999,13,44.4,51.7,53.0,15.6,2.07,1.73,1.32,0.95,2301,0.6453,25,35,41,53,63,67,70,75
Festivi,Centro,23,13800007290271,Corso di Francia,3,50,25.49,815.3499999999999,828.0949999999999,840.8399999999999,14,46.2,53.5,54.0,14.8,1.99,1.7,1.72,0.91,1747,0.4899,28,38,44,54,64,68,71,75
Festivi,Centro,23,13800007290271,Corso di Francia,3,50,25.49,815.3499999999999,828.0949999999999,840.8399999999999,15,45.1,51.4,52.0,15.0,2.03,1.76,1.08,0.94,2155,0.6043,26,35,41,52,61,66,69,74
Festivi,Centro,23,13800007290271,Corso di Francia,3,50,25.49,815.3499999999999,828.0949999999999,840.8399999999999,16,44.6,49.5,50.0,13.1,2.06,1.84,0.97,0.95,2249,0.6307,27,36,42,50,58,62,65,69
Festivi,Centro,23,13800007290271,Corso di Francia,3,50,25.49,815.3499999999999,828.0949999999999,840.8399999999999,17,41.8,48.0,49.0,14.1,2.2,1.87,1.39,1.01,2252,0.6315,24,34,39,49,57,61,64,69
Festivi,Centro,23,13800007290271,Corso di Francia,3,50,25.49,815.3499999999999,828.0949999999999,840.8399999999999,18,43.0,49.2,50.0,14.3,2.14,1.84,1.62,0.98,2101,0.5892,24,35,40,50,58,63,66,72
Festivi,Centro,23,13800007290271,Corso di Francia,3,50,25.49,815.3499999999999,828.0949999999999,840.8399999999999,19,43.1,49.6,51.0,13.5,2.13,1.8,1.84,0.98,2007,0.5628,26,36,42,51,59,63,65,70
Festivi,Centro,23,13800007290271,Corso di Francia,3,50,25.49,815.3499999999999,828.0949999999999,840.8399999999999,20,41.1,48.7,49.0,14.3,2.23,1.87,2.26,1.03,2142,0.6007,24,34,40,49,58,62,66,70
Festivi,Centro,23,13800007290271,Corso di Francia,3,50,25.49,815.3499999999999,828.0949999999999,840.8399999999999,21,45.0,53.0,53.0,17.3,2.04,1.73,1.38,0.94,1325,0.3716,25,35,41,53,65,71,74,81
Festivi,Centro,23,13800007290271,Corso di Francia,3,50,25.49,815.3499999999999,828.0949999999999,840.8399999999999,22,44.3,53.7,54.0,18.0,2.07,1.7,1.77,0.95,1307,0.3665,25,35,41,54,66,71,75,81
Festivi,Centro,23,13800007290271,Corso di Francia,3,50,25.49,815.3499999999999,828.0949999999999,840.8399999999999,23,40.6,51.7,52.0,18.1,2.26,1.76,4.23,1.04,1305,0.366,22,34,39,52,64,69,74,80
Festivi,Centro,24,13800014505240,Corso di Francia,3,50,13.1,840.8399999999999,847.3899999999999,853.9399999999999,0,44.5,53.5,53.0,17.5,1.06,0.89,0.91,1.0,2036,0.5709,24,37,42,53,65,71,76,82
Festivi,Centro,24,13800014505240,Corso di Francia,3,50,13.1,840.8399999999999,847.3899999999999,853.9399999999999,1,46.1,54.7,54.0,18.5,1.02,0.87,0.69,0.97,1207,0.3385,24,38,42,54,66,73,77,85
Festivi,Centro,24,13800014505240,Corso di Francia,3,50,13.1,840.8399999999999,847.3899999999999,853.9399999999999,2,47.2,56.8,55.0,19.6,1.0,0.86,0.93,0.94,676,0.1896,28,38,44,55,69,75,82,89
Festivi,Centro,24,13800014505240,Corso di Francia,3,50,13.1,840.8399999999999,847.3899999999999,853.9399999999999,3,48.8,56.5,55.0,18.5,0.97,0.86,0.55,0.91,340,0.0953,31,38,43,55,68,75,80,88
Festivi,Centro,24,13800014505240,Corso di Francia,3,50,13.1,840.8399999999999,847.3899999999999,853.9399999999999,4,47.6,57.7,57.0,20.1,0.99,0.83,0.73,0.94,304,0.0852,24,39,46,57,68,79,83,92
Festivi,Centro,24,13800014505240,Corso di Francia,3,50,13.1,840.8399999999999,847.3899999999999,853.9399999999999,5,38.5,58.2,60.0,18.3,1.23,0.79,5.03,1.16,337,0.0945,26,39,47,60,72,77,81,87
Festivi,Centro,24,13800014505240,Corso di Francia,3,50,13.1,840.8399999999999,847.3899999999999,853.9399999999999,6,51.9,60.3,61.0,17.5,0.91,0.77,0.66,0.86,424,0.1189,31,43,49,61,72,77,81,88
Festivi,Centro,24,13800014505240,Corso di Francia,3,50,13.1,840.8399999999999,847.3899999999999,853.9399999999999,7,52.4,60.6,63.0,16.2,0.9,0.75,0.93,0.85,596,0.1671,32,43,51,63,71,75,78,84
Festivi,Centro,24,13800014505240,Corso di Francia,3,50,13.1,840.8399999999999,847.3899999999999,853.9399999999999,8,51.1,58.5,59.0,16.1,0.92,0.8,0.55,0.87,988,0.2771,30,43,50,59,68,74,78,84
Festivi,Centro,24,13800014505240,Corso di Francia,3,50,13.1,840.8399999999999,847.3899999999999,853.9399999999999,9,47.5,54.5,56.0,15.0,0.99,0.84,0.74,0.94,1553,0.4355,28,39,45,56,64,69,72,77
Festivi,Centro,24,13800014505240,Corso di Francia,3,50,13.1,840.8399999999999,847.3899999999999,853.9399999999999,10,43.9,52.0,53.0,14.5,1.07,0.89,2.68,1.01,1973,0.5533,27,37,42,53,62,66,69,74
Festivi,Centro,24,13800014505240,Corso di Francia,3,50,13.1,840.8399999999999,847.3899999999999,853.9399999999999,11,44.5,50.5,51.0,14.4,1.06,0.92,0.59,1.0,2164,0.6068,25,36,41,51,60,65,68,72
Festivi,Centro,24,13800014505240,Corso di Francia,3,50,13.1,840.8399999999999,847.3899999999999,853.9399999999999,12,43.7,49.7,50.0,14.3,1.08,0.94,0.68,1.02,2727,0.7647,25,36,41,50,60,64,68,72
Festivi,Centro,24,13800014505240,Corso di Francia,3,50,13.1,840.8399999999999,847.3899999999999,853.9399999999999,13,46.4,53.1,54.0,15.2,1.02,0.87,0.62,0.96,2309,0.6475,27,38,43,54,63,68,71,76
Festivi,Centro,24,13800014505240,Corso di Francia,3,50,13.1,840.8399999999999,847.3899999999999,853.9399999999999,14,49.4,55.1,56.0,14.2,0.95,0.84,0.57,0.9,1751,0.491,31,40,46,56,65,69,72,76
Festivi,Centro,24,13800014505240,Corso di Francia,3,50,13.1,840.8399999999999,847.3899999999999,853.9399999999999,15,47.2,52.8,53.0,14.4,1.0,0.89,0.5,0.94,2156,0.6046,28,39,43,53,62,67,70,75
Festivi,Centro,24,13800014505240,Corso di Francia,3,50,13.1,840.8399999999999,847.3899999999999,853.9399999999999,16,46.3,50.8,51.0,12.8,1.02,0.92,0.44,0.96,2252,0.6315,29,39,43,51,59,64,66,71
Festivi,Centro,24,13800014505240,Corso di Francia,3,50,13.1,840.8399999999999,847.3899999999999,853.9399999999999,17,43.3,49.1,50.0,13.9,1.09,0.94,0.61,1.03,2257,0.6329,25,35,41,50,58,62,65,70
Festivi,Centro,24,13800014505240,Corso di Francia,3,50,13.1,840.8399999999999,847.3899999999999,853.9399999999999,18,44.5,50.4,51.0,13.9,1.06,0.92,0.81,1.0,2109,0.5914,26,37,42,51,59,63,67,73
Festivi,Centro,24,13800014505240,Corso di Francia,3,50,13.1,840.8399999999999,847.3899999999999,853.9399999999999,19,44.2,50.6,52.0,13.2,1.07,0.91,0.96,1.01,2011,0.5639,27,38,43,52,60,64,66,70
Festivi,Centro,24,13800014505240,Corso di Francia,3,50,13.1,840.8399999999999,847.3899999999999,853.9399999999999,20,42.7,50.0,50.0,14.0,1.1,0.94,1.14,1.04,2145,0.6015,26,37,42,50,59,63,67,72
Festivi,Centro,24,13800014505240,Corso di Francia,3,50,13.1,840.8399999999999,847.3899999999999,853.9399999999999,21,47.8,54.9,54.0,16.4,0.99,0.87,0.82,0.93,1329,0.3727,28,39,44,54,66,72,75,82
Festivi,Centro,24,13800014505240,Corso di Francia,3,50,13.1,840.8399999999999,847.3899999999999,853.9399999999999,22,47.4,55.3,56.0,17.4,1.0,0.84,0.61,0.94,1308,0.3668,26,38,44,56,67,72,76,82
Festivi,Centro,24,13800014505240,Corso di Francia,3,50,13.1,840.8399999999999,847.3899999999999,853.9399999999999,23,44.6,53.3,53.0,17.4,1.06,0.89,0.85,1.0,1307,0.3665,25,37,41,53,65,70,74,81
Festivi,Centro,25,13800014505241,Corso di Francia,3,50,88.05,853.9399999999999,897.9649999999999,941.9899999999999,0,46.0,54.6,55.0,17.4,6.9,5.76,5.12,1.0,2025,0.5679,25,38,43,55,66,72,77,82
Festivi,Centro,25,13800014505241,Corso di Francia,3,50,88.05,853.9399999999999,897.9649999999999,941.9899999999999,1,47.5,56.1,56.0,18.3,6.67,5.66,5.12,0.97,1207,0.3385,26,39,44,56,67,74,78,86
Festivi,Centro,25,13800014505241,Corso di Francia,3,50,88.05,853.9399999999999,897.9649999999999,941.9899999999999,2,50.6,58.8,58.0,19.4,6.27,5.47,4.08,0.91,672,0.1884,32,40,45,58,70,78,83,91
Festivi,Centro,25,13800014505241,Corso di Francia,3,50,88.05,853.9399999999999,897.9649999999999,941.9899999999999,3,44.6,58.2,58.0,18.6,7.1,5.47,17.22,1.03,338,0.0948,33,40,45,58,70,76,82,88
Festivi,Centro,25,13800014505241,Corso di Francia,3,50,88.05,853.9399999999999,897.9649999999999,941.9899999999999,4,52.5,60.3,59.0,19.9,6.04,5.37,2.93,0.88,301,0.0844,32,41,47,59,71,81,87,95
Festivi,Centro,25,13800014505241,Corso di Francia,3,50,88.05,853.9399999999999,897.9649999999999,941.9899999999999,5,50.1,59.8,60.0,18.8,6.33,5.28,4.5,0.92,338,0.0948,26,40,48,60,73,80,82,87
Festivi,Centro,25,13800014505241,Corso di Francia,3,50,88.05,853.9399999999999,897.9649999999999,941.9899999999999,6,54.4,61.9,63.0,17.8,5.82,5.03,3.06,0.84,422,0.1183,31,43,51,63,75,79,82,90
Festivi,Centro,25,13800014505241,Corso di Francia,3,50,88.05,853.9399999999999,897.9649999999999,941.9899999999999,7,55.9,61.7,64.0,15.9,5.67,4.95,2.44,0.82,593,0.1663,34,44,52,64,72,76,79,85
Festivi,Centro,25,13800014505241,Corso di Francia,3,50,88.05,853.9399999999999,897.9649999999999,941.9899999999999,8,50.4,59.7,61.0,16.4,6.29,5.2,5.72,0.91,985,0.2762,31,44,51,61,70,75,79,85
Festivi,Centro,25,13800014505241,Corso di Francia,3,50,88.05,853.9399999999999,897.9649999999999,941.9899999999999,9,48.3,55.4,57.0,15.3,6.56,5.56,5.03,0.95,1553,0.4355,28,39,45,57,66,71,74,78
Festivi,Centro,25,13800014505241,Corso di Francia,3,50,88.05,853.9399999999999,897.9649999999999,941.9899999999999,10,46.2,52.9,54.0,14.6,6.86,5.87,6.02,0.99,1965,0.551,28,38,43,54,63,67,70,75
Festivi,Centro,25,13800014505241,Corso di Francia,3,50,88.05,853.9399999999999,897.9649999999999,941.9899999999999,11,45.9,51.4,52.0,14.5,6.9,6.1,3.13,1.0,2147,0.6021,27,37,42,52,61,66,69,74
Festivi,Centro,25,13800014505241,Corso di Francia,3,50,88.05,853.9399999999999,897.9649999999999,941.9899999999999,12,44.6,50.4,51.0,14.7,7.11,6.22,4.0,1.03,2710,0.76,25,35,40,51,61,66,69,74
Festivi,Centro,25,13800014505241,Corso di Francia,3,50,88.05,853.9399999999999,897.9649999999999,941.9899999999999,13,47.0,54.0,55.0,15.5,6.74,5.76,5.45,0.98,2294,0.6433,28,38,43,55,65,69,73,78
Festivi,Centro,25,13800014505241,Corso di Francia,3,50,88.05,853.9399999999999,897.9649999999999,941.9899999999999,14,51.4,56.4,57.0,14.4,6.16,5.56,2.67,0.89,1747,0.4899,32,41,47,57,67,71,74,78
Festivi,Centro,25,13800014505241,Corso di Francia,3,50,88.05,853.9399999999999,897.9649999999999,941.9899999999999,15,48.0,53.8,55.0,14.7,6.6,5.76,3.65,0.96,2148,0.6024,29,39,43,55,64,68,71,76
Festivi,Centro,25,13800014505241,Corso di Francia,3,50,88.05,853.9399999999999,897.9649999999999,941.9899999999999,16,46.1,51.2,52.0,13.4,6.88,6.1,4.31,1.0,2245,0.6296,29,38,42,52,60,64,68,73
Festivi,Centro,25,13800014505241,Corso di Francia,3,50,88.05,853.9399999999999,897.9649999999999,941.9899999999999,17,44.1,49.4,50.0,13.9,7.19,6.34,3.54,1.04,2247,0.6301,26,35,40,50,59,63,65,71
Festivi,Centro,25,13800014505241,Corso di Francia,3,50,88.05,853.9399999999999,897.9649999999999,941.9899999999999,18,45.4,51.1,52.0,14.0,6.98,6.1,5.38,1.01,2097,0.5881,28,37,42,52,60,64,68,74
Festivi,Centro,25,13800014505241,Corso di Francia,3,50,88.05,853.9399999999999,897.9649999999999,941.9899999999999,19,45.0,51.0,52.0,13.5,7.05,6.1,5.87,1.02,1996,0.5597,28,37,42,52,61,64,67,71
Festivi,Centro,25,13800014505241,Corso di Francia,3,50,88.05,853.9399999999999,897.9649999999999,941.9899999999999,20,43.1,50.5,51.0,14.3,7.36,6.22,8.09,1.07,2131,0.5976,27,37,41,51,60,65,67,72
Festivi,Centro,25,13800014505241,Corso di Francia,3,50,88.05,853.9399999999999,897.9649999999999,941.9899999999999,21,49.2,56.5,56.0,16.8,6.44,5.66,6.6,0.93,1323,0.371,30,39,44,56,68,74,77,83
Festivi,Centro,25,13800014505241,Corso di Francia,3,50,88.05,853.9399999999999,897.9649999999999,941.9899999999999,22,48.8,56.7,57.0,17.7,6.5,5.56,4.67,0.94,1302,0.3651,29,39,45,57,68,74,78,84
Festivi,Centro,25,13800014505241,Corso di Francia,3,50,88.05,853.9399999999999,897.9649999999999,941.9899999999999,23,47.6,55.1,55.0,17.4,6.66,5.76,4.33,0.97,1299,0.3643,28,37,43,55,66,72,76,82
Festivi,Centro,26,13800007290273,Corso di Francia,3,50,17.31,941.9899999999999,950.6449999999999,959.2999999999998,0,49.5,57.5,57.0,17.1,1.26,1.09,0.87,1.0,2038,0.5715,27,42,48,57,69,75,79,86
Festivi,Centro,26,13800007290273,Corso di Francia,3,50,17.31,941.9899999999999,950.6449999999999,959.2999999999998,1,52.4,59.7,60.0,17.7,1.19,1.04,0.66,0.94,1221,0.3424,30,44,49,60,70,76,80,89
Festivi,Centro,26,13800007290273,Corso di Francia,3,50,17.31,941.9899999999999,950.6449999999999,959.2999999999998,2,52.3,62.4,62.0,19.0,1.19,1.01,2.01,0.95,676,0.1896,34,45,50,62,74,81,85,93
Festivi,Centro,26,13800007290273,Corso di Francia,3,50,17.31,941.9899999999999,950.6449999999999,959.2999999999998,3,55.5,62.3,61.0,18.1,1.12,1.02,0.6,0.89,346,0.097,37,44,50,61,73,79,84,93
Festivi,Centro,26,13800007290273,Corso di Francia,3,50,17.31,941.9899999999999,950.6449999999999,959.2999999999998,4,56.1,64.3,63.0,19.5,1.11,0.99,0.57,0.88,302,0.0847,32,47,52,63,75,82,89,96
Festivi,Centro,26,13800007290273,Corso di Francia,3,50,17.31,941.9899999999999,950.6449999999999,959.2999999999998,5,54.1,63.1,65.0,18.4,1.15,0.96,0.82,0.92,339,0.0951,28,45,52,65,75,81,85,89
Festivi,Centro,26,13800007290273,Corso di Francia,3,50,17.31,941.9899999999999,950.6449999999999,959.2999999999998,6,57.6,63.9,64.0,17.4,1.08,0.97,0.48,0.86,428,0.12,32,46,53,64,75,81,86,90
Festivi,Centro,26,13800007290273,Corso di Francia,3,50,17.31,941.9899999999999,950.6449999999999,959.2999999999998,7,58.2,63.7,66.0,15.8,1.07,0.94,0.42,0.85,593,0.1663,35,48,54,66,74,78,81,87
Festivi,Centro,26,13800007290273,Corso di Francia,3,50,17.31,941.9899999999999,950.6449999999999,959.2999999999998,8,51.8,62.2,63.0,16.1,1.2,0.99,2.64,0.96,991,0.2779,32,47,54,63,72,77,81,88
Festivi,Centro,26,13800007290273,Corso di Francia,3,50,17.31,941.9899999999999,950.6449999999999,959.2999999999998,9,51.5,58.3,60.0,15.6,1.21,1.04,0.76,0.96,1561,0.4377,30,42,49,60,69,73,76,81
Festivi,Centro,26,13800007290273,Corso di Francia,3,50,17.31,941.9899999999999,950.6449999999999,959.2999999999998,10,50.4,56.2,57.0,14.8,1.24,1.09,0.64,0.98,1985,0.5566,30,41,47,57,66,71,73,78
Festivi,Centro,26,13800007290273,Corso di Francia,3,50,17.31,941.9899999999999,950.6449999999999,959.2999999999998,11,49.0,54.9,56.0,15.1,1.27,1.11,0.7,1.01,2165,0.6071,28,39,45,56,65,70,73,78
Festivi,Centro,26,13800007290273,Corso di Francia,3,50,17.31,941.9899999999999,950.6449999999999,959.2999999999998,12,47.1,53.9,55.0,14.9,1.32,1.13,1.65,1.05,2738,0.7678,27,39,44,55,64,69,72,76
Festivi,Centro,26,13800007290273,Corso di Francia,3,50,17.31,941.9899999999999,950.6449999999999,959.2999999999998,13,49.5,57.1,59.0,15.9,1.26,1.06,1.85,1.0,2321,0.6509,29,40,47,59,68,72,76,81
Festivi,Centro,26,13800007290273,Corso di Francia,3,50,17.31,941.9899999999999,950.6449999999999,959.2999999999998,14,54.9,59.8,61.0,14.3,1.14,1.02,0.57,0.9,1754,0.4919,35,45,51,61,69,74,77,81
Festivi,Centro,26,13800007290273,Corso di Francia,3,50,17.31,941.9899999999999,950.6449999999999,959.2999999999998,15,51.5,57.2,58.0,14.8,1.21,1.07,0.65,0.96,2161,0.606,31,42,48,58,67,71,74,79
Festivi,Centro,26,13800007290273,Corso di Francia,3,50,17.31,941.9899999999999,950.6449999999999,959.2999999999998,16,48.7,55.0,56.0,14.1,1.28,1.11,1.83,1.02,2263,0.6346,31,42,47,56,64,68,72,77
Festivi,Centro,26,13800007290273,Corso di Francia,3,50,17.31,941.9899999999999,950.6449999999999,959.2999999999998,17,47.2,53.0,54.0,14.5,1.32,1.15,0.68,1.05,2261,0.634,28,39,44,54,62,67,70,76
Festivi,Centro,26,13800007290273,Corso di Francia,3,50,17.31,941.9899999999999,950.6449999999999,959.2999999999998,18,47.3,54.1,55.0,14.5,1.32,1.13,1.38,1.05,2110,0.5917,28,40,45,55,63,68,70,76
Festivi,Centro,26,13800007290273,Corso di Francia,3,50,17.31,941.9899999999999,950.6449999999999,959.2999999999998,19,49.2,54.8,56.0,14.0,1.27,1.11,0.72,1.01,2002,0.5614,30,41,47,56,64,68,71,75
Festivi,Centro,26,13800007290273,Corso di Francia,3,50,17.31,941.9899999999999,950.6449999999999,959.2999999999998,20,46.6,54.0,55.0,14.6,1.34,1.13,1.41,1.06,2150,0.6029,28,40,46,55,64,68,72,76
Festivi,Centro,26,13800007290273,Corso di Francia,3,50,17.31,941.9899999999999,950.6449999999999,959.2999999999998,21,55.0,60.5,61.0,16.4,1.13,1.02,0.44,0.9,1342,0.3763,34,44,49,61,71,77,81,87
Festivi,Centro,26,13800007290273,Corso di Francia,3,50,17.31,941.9899999999999,950.6449999999999,959.2999999999998,22,49.9,60.3,60.0,17.4,1.25,1.04,3.16,0.99,1308,0.3668,32,44,50,60,71,77,80,86
Festivi,Centro,26,13800007290273,Corso di Francia,3,50,17.31,941.9899999999999,950.6449999999999,959.2999999999998,23,51.3,58.3,58.0,17.4,1.21,1.07,0.62,0.96,1314,0.3685,29,42,48,58,69,76,79,84
Festivi,Centro,27,13800011255483,Corso di Francia,3,50,24.68,959.2999999999998,971.6399999999999,983.9799999999998,0,49.7,57.3,57.0,17.1,1.79,1.56,1.18,1.0,2042,0.5726,28,41,47,57,69,75,78,85
Festivi,Centro,27,13800011255483,Corso di Francia,3,50,24.68,959.2999999999998,971.6399999999999,983.9799999999998,1,53.1,60.1,60.0,17.6,1.67,1.48,0.9,0.94,1226,0.3438,33,44,49,60,71,77,80,90
Festivi,Centro,27,13800011255483,Corso di Francia,3,50,24.68,959.2999999999998,971.6399999999999,983.9799999999998,2,52.0,62.6,62.0,19.3,1.71,1.43,2.89,0.96,678,0.1901,34,45,50,62,74,81,86,95
Festivi,Centro,27,13800011255483,Corso di Francia,3,50,24.68,959.2999999999998,971.6399999999999,983.9799999999998,3,55.7,62.4,61.0,18.3,1.6,1.46,0.85,0.89,346,0.097,37,43,49,61,73,80,86,94
Festivi,Centro,27,13800011255483,Corso di Francia,3,50,24.68,959.2999999999998,971.6399999999999,983.9799999999998,4,56.9,64.5,63.0,19.4,1.56,1.41,0.74,0.87,303,0.085,32,48,52,63,77,82,88,97
Festivi,Centro,27,13800011255483,Corso di Francia,3,50,24.68,959.2999999999998,971.6399999999999,983.9799999999998,5,54.6,63.3,65.0,18.3,1.63,1.37,1.12,0.91,339,0.0951,29,45,53,65,75,81,85,89
Festivi,Centro,27,13800011255483,Corso di Francia,3,50,24.68,959.2999999999998,971.6399999999999,983.9799999999998,6,57.6,64.1,64.0,18.0,1.54,1.39,0.66,0.86,429,0.1203,32,46,53,64,76,82,86,92
Festivi,Centro,27,13800011255483,Corso di Francia,3,50,24.68,959.2999999999998,971.6399999999999,983.9799999999998,7,58.5,63.8,66.0,15.8,1.52,1.35,0.57,0.85,593,0.1663,35,47,54,66,74,78,82,87
Festivi,Centro,27,13800011255483,Corso di Francia,3,50,24.68,959.2999999999998,971.6399999999999,983.9799999999998,8,56.3,62.5,64.0,16.1,1.58,1.39,0.77,0.88,989,0.2773,33,47,53,64,72,78,82,88
Festivi,Centro,27,13800011255483,Corso di Francia,3,50,24.68,959.2999999999998,971.6399999999999,983.9799999999998,9,51.8,58.4,60.0,15.6,1.71,1.48,1.06,0.96,1564,0.4386,31,42,49,60,69,73,77,81
Festivi,Centro,27,13800011255483,Corso di Francia,3,50,24.68,959.2999999999998,971.6399999999999,983.9799999999998,10,50.9,56.3,57.0,14.9,1.75,1.56,0.82,0.98,1990,0.558,31,41,47,57,66,71,74,79
Festivi,Centro,27,13800011255483,Corso di Francia,3,50,24.68,959.2999999999998,971.6399999999999,983.9799999999998,11,49.1,55.1,56.0,15.2,1.81,1.59,1.04,1.01,2167,0.6077,29,39,45,56,65,70,74,79
Festivi,Centro,27,13800011255483,Corso di Francia,3,50,24.68,959.2999999999998,971.6399999999999,983.9799999999998,12,47.2,54.1,55.0,15.0,1.88,1.62,3.11,1.05,2740,0.7684,28,39,44,55,65,69,73,77
Festivi,Centro,27,13800011255483,Corso di Francia,3,50,24.68,959.2999999999998,971.6399999999999,983.9799999999998,13,50.4,57.3,59.0,16.0,1.76,1.51,1.61,0.99,2324,0.6517,29,40,47,59,68,72,76,81
Festivi,Centro,27,13800011255483,Corso di Francia,3,50,24.68,959.2999999999998,971.6399999999999,983.9799999999998,14,55.1,60.0,61.0,14.5,1.61,1.46,0.8,0.9,1759,0.4933,35,45,51,61,70,74,77,82
Festivi,Centro,27,13800011255483,Corso di Francia,3,50,24.68,959.2999999999998,971.6399999999999,983.9799999999998,15,52.0,57.5,59.0,14.9,1.71,1.51,0.89,0.96,2164,0.6068,32,42,48,59,68,72,75,80
Festivi,Centro,27,13800011255483,Corso di Francia,3,50,24.68,959.2999999999998,971.6399999999999,983.9799999999998,16,49.6,55.1,55.0,14.2,1.79,1.62,1.14,1.0,2266,0.6354,31,41,47,55,64,69,72,77
Festivi,Centro,27,13800011255483,Corso di Francia,3,50,24.68,959.2999999999998,971.6399999999999,983.9799999999998,17,46.4,53.1,54.0,14.6,1.92,1.65,2.25,1.07,2262,0.6343,28,39,44,54,62,67,70,76
Festivi,Centro,27,13800011255483,Corso di Francia,3,50,24.68,959.2999999999998,971.6399999999999,983.9799999999998,18,48.4,54.3,55.0,14.4,1.84,1.62,1.46,1.03,2113,0.5925,29,41,46,55,63,68,71,77
Festivi,Centro,27,13800011255483,Corso di Francia,3,50,24.68,959.2999999999998,971.6399999999999,983.9799999999998,19,49.4,54.8,56.0,14.0,1.8,1.59,1.0,1.01,2007,0.5628,31,41,46,56,64,69,72,75
Festivi,Centro,27,13800011255483,Corso di Francia,3,50,24.68,959.2999999999998,971.6399999999999,983.9799999999998,20,48.0,54.1,55.0,14.5,1.85,1.62,1.29,1.04,2156,0.6046,29,40,45,55,64,68,72,76
Festivi,Centro,27,13800011255483,Corso di Francia,3,50,24.68,959.2999999999998,971.6399999999999,983.9799999999998,21,55.2,60.7,61.0,16.6,1.61,1.46,0.62,0.9,1346,0.3775,34,44,49,61,72,78,81,87
Festivi,Centro,27,13800011255483,Corso di Francia,3,50,24.68,959.2999999999998,971.6399999999999,983.9799999999998,22,52.1,60.4,61.0,17.5,1.7,1.46,2.15,0.95,1311,0.3676,32,43,50,61,72,77,80,87
Festivi,Centro,27,13800011255483,Corso di Francia,3,50,24.68,959.2999999999998,971.6399999999999,983.9799999999998,23,51.3,58.4,58.0,17.7,1.73,1.53,0.91,0.97,1319,0.3699,30,41,47,58,70,76,80,86
Festivi,Centro,28,13800011255443,Corso di Francia,3,50,32.97,983.9799999999998,1000.4649999999998,1016.9499999999998,0,48.7,56.7,57.0,18.0,2.44,2.08,1.6,1.0,2054,0.576,28,38,44,57,69,75,79,86
Festivi,Centro,28,13800011255443,Corso di Francia,3,50,32.97,983.9799999999998,1000.4649999999998,1016.9499999999998,1,52.6,60.0,60.0,18.2,2.25,1.98,1.22,0.92,1225,0.3435,31,42,48,60,71,77,80,90
Festivi,Centro,28,13800011255443,Corso di Francia,3,50,32.97,983.9799999999998,1000.4649999999998,1016.9499999999998,2,50.9,62.2,62.0,20.1,2.33,1.91,3.92,0.96,693,0.1943,30,41,49,62,75,81,87,95
Festivi,Centro,28,13800011255443,Corso di Francia,3,50,32.97,983.9799999999998,1000.4649999999998,1016.9499999999998,3,54.3,61.8,61.0,19.3,2.19,1.95,1.19,0.9,348,0.0976,33,41,48,61,74,79,85,95
Festivi,Centro,28,13800011255443,Corso di Francia,3,50,32.97,983.9799999999998,1000.4649999999998,1016.9499999999998,4,56.8,64.5,64.0,20.0,2.09,1.85,0.95,0.86,303,0.085,32,45,51,64,78,83,88,99
Festivi,Centro,28,13800011255443,Corso di Francia,3,50,32.97,983.9799999999998,1000.4649999999998,1016.9499999999998,5,54.5,63.5,65.0,19.0,2.18,1.83,1.49,0.89,342,0.0959,29,42,53,65,76,81,85,92
Festivi,Centro,28,13800011255443,Corso di Francia,3,50,32.97,983.9799999999998,1000.4649999999998,1016.9499999999998,6,56.6,64.3,65.0,19.0,2.1,1.83,1.03,0.86,428,0.12,30,45,52,65,77,83,88,93
Festivi,Centro,28,13800011255443,Corso di Francia,3,50,32.97,983.9799999999998,1000.4649999999998,1016.9499999999998,7,58.2,63.9,66.0,16.4,2.04,1.8,0.81,0.84,592,0.166,34,46,54,66,75,80,83,88
Festivi,Centro,28,13800011255443,Corso di Francia,3,50,32.97,983.9799999999998,1000.4649999999998,1016.9499999999998,8,56.7,63.0,64.0,16.5,2.1,1.85,1.03,0.86,991,0.2779,33,47,54,64,73,79,83,89
Festivi,Centro,28,13800011255443,Corso di Francia,3,50,32.97,983.9799999999998,1000.4649999999998,1016.9499999999998,9,52.3,58.7,61.0,16.0,2.27,1.95,1.22,0.93,1568,0.4397,30,41,48,61,69,74,78,82
Festivi,Centro,28,13800011255443,Corso di Francia,3,50,32.97,983.9799999999998,1000.4649999999998,1016.9499999999998,10,50.9,56.6,58.0,15.3,2.33,2.05,1.05,0.96,1992,0.5586,30,40,47,58,66,71,75,80
Festivi,Centro,28,13800011255443,Corso di Francia,3,50,32.97,983.9799999999998,1000.4649999999998,1016.9499999999998,11,49.1,55.4,56.0,15.7,2.42,2.12,1.4,0.99,2171,0.6088,28,38,45,56,66,71,75,80
Festivi,Centro,28,13800011255443,Corso di Francia,3,50,32.97,983.9799999999998,1000.4649999999998,1016.9499999999998,12,48.8,54.4,55.0,15.5,2.43,2.16,1.03,1.0,2741,0.7686,28,37,44,55,66,70,73,78
Festivi,Centro,28,13800011255443,Corso di Francia,3,50,32.97,983.9799999999998,1000.4649999999998,1016.9499999999998,13,51.0,57.5,59.0,16.6,2.33,2.01,1.15,0.95,2332,0.654,29,39,46,59,69,73,77,82
Festivi,Centro,28,13800011255443,Corso di Francia,3,50,32.97,983.9799999999998,1000.4649999999998,1016.9499999999998,14,55.1,60.2,61.0,15.0,2.15,1.95,1.05,0.88,1764,0.4947,34,44,51,61,70,75,78,82
Festivi,Centro,28,13800011255443,Corso di Francia,3,50,32.97,983.9799999999998,1000.4649999999998,1016.9499999999998,15,52.1,57.8,59.0,15.4,2.28,2.01,1.15,0.93,2164,0.6068,31,40,48,59,68,73,75,81
Festivi,Centro,28,13800011255443,Corso di Francia,3,50,32.97,983.9799999999998,1000.4649999999998,1016.9499999999998,16,50.3,55.4,56.0,14.6,2.36,2.12,1.01,0.97,2269,0.6363,31,40,47,56,65,69,73,78
Festivi,Centro,28,13800011255443,Corso di Francia,3,50,32.97,983.9799999999998,1000.4649999999998,1016.9499999999998,17,46.8,53.3,54.0,14.8,2.53,2.2,2.52,1.04,2263,0.6346,28,38,44,54,63,68,71,77
Festivi,Centro,28,13800011255443,Corso di Francia,3,50,32.97,983.9799999999998,1000.4649999999998,1016.9499999999998,18,49.1,54.5,55.0,14.7,2.42,2.16,1.17,0.99,2115,0.5931,29,40,45,55,64,68,71,77
Festivi,Centro,28,13800011255443,Corso di Francia,3,50,32.97,983.9799999999998,1000.4649999999998,1016.9499999999998,19,49.8,55.0,56.0,14.5,2.39,2.12,1.06,0.98,2009,0.5634,30,40,45,56,65,69,72,76
Festivi,Centro,28,13800011255443,Corso di Francia,3,50,32.97,983.9799999999998,1000.4649999999998,1016.9499999999998,20,47.9,54.3,55.0,15.1,2.48,2.16,1.68,1.02,2158,0.6052,28,38,44,55,65,69,72,77
Festivi,Centro,28,13800011255443,Corso di Francia,3,50,32.97,983.9799999999998,1000.4649999999998,1016.9499999999998,21,54.6,60.6,61.0,17.5,2.18,1.95,0.84,0.89,1354,0.3797,31,41,48,61,72,79,82,88
Festivi,Centro,28,13800011255443,Corso di Francia,3,50,32.97,983.9799999999998,1000.4649999999998,1016.9499999999998,22,53.3,60.4,61.0,18.3,2.23,1.95,1.08,0.91,1312,0.3679,30,40,48,61,72,78,81,87
Festivi,Centro,28,13800011255443,Corso di Francia,3,50,32.97,983.9799999999998,1000.4649999999998,1016.9499999999998,23,51.0,58.5,59.0,18.5,2.33,2.01,1.18,0.95,1322,0.3707,30,38,45,59,71,77,81,86
Festivi,Centro,29,13800007335857,Corso di Francia,3,50,31.93,1016.9499999999998,1032.9149999999997,1048.8799999999999,0,55.3,61.5,61.0,16.8,2.08,1.88,1.21,1.0,1658,0.4649,34,45,51,61,73,78,82,88
Festivi,Centro,29,13800007335857,Corso di Francia,3,50,31.93,1016.9499999999998,1032.9149999999997,1048.8799999999999,1,57.4,63.2,63.0,17.1,2.0,1.82,0.92,0.96,1075,0.3015,37,47,52,63,73,79,84,92
Festivi,Centro,29,13800007335857,Corso di Francia,3,50,31.93,1016.9499999999998,1032.9149999999997,1048.8799999999999,2,56.3,67.0,66.0,18.6,2.04,1.74,3.96,0.98,595,0.1669,39,49,55,66,79,84,89,97
Festivi,Centro,29,13800007335857,Corso di Francia,3,50,31.93,1016.9499999999998,1032.9149999999997,1048.8799999999999,3,60.7,66.7,66.0,18.5,1.89,1.74,0.86,0.91,290,0.0813,40,47,54,66,78,83,90,98
Festivi,Centro,29,13800007335857,Corso di Francia,3,50,31.93,1016.9499999999998,1032.9149999999997,1048.8799999999999,4,62.3,68.4,68.0,18.8,1.85,1.69,0.72,0.89,263,0.0738,41,50,55,68,81,86,94,100
Festivi,Centro,29,13800007335857,Corso di Francia,3,50,31.93,1016.9499999999998,1032.9149999999997,1048.8799999999999,5,58.2,67.1,69.0,18.1,1.97,1.67,1.47,0.95,300,0.0841,34,49,57,69,79,83,87,93
Festivi,Centro,29,13800007335857,Corso di Francia,3,50,31.93,1016.9499999999998,1032.9149999999997,1048.8799999999999,6,59.1,65.9,66.0,19.0,1.94,1.74,0.79,0.94,411,0.1153,34,46,53,66,79,85,89,95
Festivi,Centro,29,13800007335857,Corso di Francia,3,50,31.93,1016.9499999999998,1032.9149999999997,1048.8799999999999,7,60.8,65.7,68.0,15.7,1.89,1.69,0.68,0.91,567,0.159,38,49,56,68,76,81,84,89
Festivi,Centro,29,13800007335857,Corso di Francia,3,50,31.93,1016.9499999999998,1032.9149999999997,1048.8799999999999,8,59.6,65.2,65.0,15.5,1.93,1.77,1.1,0.93,934,0.2619,38,50,56,65,75,80,85,90
Festivi,Centro,29,13800007335857,Corso di Francia,3,50,31.93,1016.9499999999998,1032.9149999999997,1048.8799999999999,9,55.9,60.9,63.0,15.2,2.06,1.82,0.77,0.99,1450,0.4066,34,45,51,63,71,76,79,84
Festivi,Centro,29,13800007335857,Corso di Francia,3,50,31.93,1016.9499999999998,1032.9149999999997,1048.8799999999999,10,54.1,58.7,60.0,14.6,2.13,1.92,0.8,1.02,1834,0.5143,33,44,50,60,68,73,76,81
Festivi,Centro,29,13800007335857,Corso di Francia,3,50,31.93,1016.9499999999998,1032.9149999999997,1048.8799999999999,11,52.2,57.5,58.0,14.8,2.2,1.98,1.24,1.06,1995,0.5595,32,43,48,58,67,72,76,81
Festivi,Centro,29,13800007335857,Corso di Francia,3,50,31.93,1016.9499999999998,1032.9149999999997,1048.8799999999999,12,52.2,56.9,57.0,14.7,2.2,2.02,0.82,1.06,2468,0.6921,32,42,48,57,67,72,75,80
Festivi,Centro,29,13800007335857,Corso di Francia,3,50,31.93,1016.9499999999998,1032.9149999999997,1048.8799999999999,13,55.7,60.4,62.0,15.5,2.07,1.85,0.71,0.99,2088,0.5855,33,44,51,62,70,75,79,84
Festivi,Centro,29,13800007335857,Corso di Francia,3,50,31.93,1016.9499999999998,1032.9149999999997,1048.8799999999999,14,57.8,62.2,63.0,14.3,1.99,1.82,0.95,0.96,1647,0.4619,38,47,53,63,72,77,80,84
Festivi,Centro,29,13800007335857,Corso di Francia,3,50,31.93,1016.9499999999998,1032.9149999999997,1048.8799999999999,15,55.2,60.0,61.0,14.8,2.08,1.88,0.98,1.0,2012,0.5642,35,44,51,61,70,74,77,83
Festivi,Centro,29,13800007335857,Corso di Francia,3,50,31.93,1016.9499999999998,1032.9149999999997,1048.8799999999999,16,52.7,56.9,57.0,14.1,2.18,2.02,0.77,1.05,2131,0.5976,33,43,48,57,66,70,74,79
Festivi,Centro,29,13800007335857,Corso di Francia,3,50,31.93,1016.9499999999998,1032.9149999999997,1048.8799999999999,17,50.1,54.8,55.0,14.1,2.29,2.09,0.95,1.1,2116,0.5934,31,41,46,55,64,68,72,77
Festivi,Centro,29,13800007335857,Corso di Francia,3,50,31.93,1016.9499999999998,1032.9149999999997,1048.8799999999999,18,51.3,56.1,57.0,14.1,2.24,2.02,1.04,1.08,1974,0.5536,32,43,47,57,65,69,72,79
Festivi,Centro,29,13800007335857,Corso di Francia,3,50,31.93,1016.9499999999998,1032.9149999999997,1048.8799999999999,19,52.0,56.7,58.0,13.8,2.21,1.98,0.96,1.06,1860,0.5216,33,43,48,58,66,70,73,76
Festivi,Centro,29,13800007335857,Corso di Francia,3,50,31.93,1016.9499999999998,1032.9149999999997,1048.8799999999999,20,51.0,56.7,58.0,14.4,2.25,1.98,1.58,1.08,1933,0.5421,32,42,48,58,66,71,73,79
Festivi,Centro,29,13800007335857,Corso di Francia,3,50,31.93,1016.9499999999998,1032.9149999999997,1048.8799999999999,21,60.1,64.7,65.0,16.0,1.91,1.77,0.61,0.92,1164,0.3264,39,48,54,65,76,81,84,91
Festivi,Centro,29,13800007335857,Corso di Francia,3,50,31.93,1016.9499999999998,1032.9149999999997,1048.8799999999999,22,59.4,64.5,65.0,16.6,1.94,1.77,0.69,0.93,1113,0.3121,37,47,55,65,75,80,83,90
Festivi,Centro,29,13800007335857,Corso di Francia,3,50,31.93,1016.9499999999998,1032.9149999999997,1048.8799999999999,23,57.9,63.4,63.0,17.0,1.99,1.82,0.76,0.95,1104,0.3096,36,46,52,63,75,80,83,90
Festivi,Centro,30,13800006791423,Corso di Francia,3,50,14.24,1048.8799999999999,1055.9999999999998,1063.12,0,52.4,59.1,59.0,17.9,0.98,0.87,0.45,1.0,1971,0.5527,29,40,47,59,71,77,82,88
Festivi,Centro,30,13800006791423,Corso di Francia,3,50,14.24,1048.8799999999999,1055.9999999999998,1063.12,1,53.0,59.6,59.0,18.6,0.97,0.87,0.4,0.99,1324,0.3713,29,41,47,59,71,78,82,90
Festivi,Centro,30,13800006791423,Corso di Francia,3,50,14.24,1048.8799999999999,1055.9999999999998,1063.12,2,52.9,60.3,60.0,20.4,0.97,0.85,0.4,0.99,840,0.2356,29,38,46,60,74,81,86,95
Festivi,Centro,30,13800006791423,Corso di Francia,3,50,14.24,1048.8799999999999,1055.9999999999998,1063.12,3,52.7,60.4,60.0,20.7,0.97,0.85,0.42,0.99,420,0.1178,29,38,46,60,74,81,86,95
Festivi,Centro,30,13800006791423,Corso di Francia,3,50,14.24,1048.8799999999999,1055.9999999999998,1063.12,4,50.8,59.8,59.0,21.6,1.01,0.87,0.49,1.03,398,0.1116,27,35,44,59,75,82,87,97
Festivi,Centro,30,13800006791423,Corso di Francia,3,50,14.24,1048.8799999999999,1055.9999999999998,1063.12,5,54.0,63.5,65.0,20.0,0.95,0.79,0.64,0.97,364,0.1021,28,41,51,65,77,82,87,93
Festivi,Centro,30,13800006791423,Corso di Francia,3,50,14.24,1048.8799999999999,1055.9999999999998,1063.12,6,58.4,65.1,66.0,19.2,0.88,0.78,0.35,0.9,438,0.1228,32,45,52,66,79,84,89,96
Festivi,Centro,30,13800006791423,Corso di Francia,3,50,14.24,1048.8799999999999,1055.9999999999998,1063.12,7,59.1,64.7,67.0,16.7,0.87,0.77,0.33,0.89,615,0.1725,33,46,55,67,76,81,84,89
Festivi,Centro,30,13800006791423,Corso di Francia,3,50,14.24,1048.8799999999999,1055.9999999999998,1063.12,8,57.0,62.9,64.0,16.9,0.9,0.8,0.37,0.92,1067,0.2992,33,45,52,64,74,79,84,90
Festivi,Centro,30,13800006791423,Corso di Francia,3,50,14.24,1048.8799999999999,1055.9999999999998,1063.12,9,51.4,57.5,59.0,16.7,1.0,0.87,0.41,1.02,1769,0.4961,28,38,46,59,69,74,78,83
Festivi,Centro,30,13800006791423,Corso di Francia,3,50,14.24,1048.8799999999999,1055.9999999999998,1063.12,10,50.0,55.8,57.0,15.9,1.03,0.9,0.44,1.05,2267,0.6357,28,38,45,57,66,71,74,80
Festivi,Centro,30,13800006791423,Corso di Francia,3,50,14.24,1048.8799999999999,1055.9999999999998,1063.12,11,48.9,54.8,55.0,15.8,1.05,0.93,0.53,1.07,2518,0.7061,28,37,44,55,66,71,74,80
Festivi,Centro,30,13800006791423,Corso di Francia,3,50,14.24,1048.8799999999999,1055.9999999999998,1063.12,12,49.0,54.6,55.0,15.6,1.05,0.93,0.49,1.07,3052,0.8559,28,38,44,55,66,70,74,79
Festivi,Centro,30,13800006791423,Corso di Francia,3,50,14.24,1048.8799999999999,1055.9999999999998,1063.12,13,51.2,57.1,58.0,17.1,1.0,0.88,0.39,1.02,2636,0.7392,28,38,45,58,68,74,77,83
Festivi,Centro,30,13800006791423,Corso di Francia,3,50,14.24,1048.8799999999999,1055.9999999999998,1063.12,14,53.1,59.1,60.0,16.4,0.97,0.85,0.49,0.99,2017,0.5656,31,41,48,60,71,75,79,84
Festivi,Centro,30,13800006791423,Corso di Francia,3,50,14.24,1048.8799999999999,1055.9999999999998,1063.12,15,51.1,57.2,58.0,16.3,1.0,0.88,0.5,1.02,2459,0.6896,29,39,46,58,68,73,76,83
Festivi,Centro,30,13800006791423,Corso di Francia,3,50,14.24,1048.8799999999999,1055.9999999999998,1063.12,16,48.9,54.2,55.0,15.3,1.05,0.93,0.43,1.07,2654,0.7443,28,37,44,55,64,69,72,78
Festivi,Centro,30,13800006791423,Corso di Francia,3,50,14.24,1048.8799999999999,1055.9999999999998,1063.12,17,45.9,51.5,52.0,15.1,1.12,0.99,0.49,1.14,2833,0.7944,27,35,41,52,62,66,70,75
Festivi,Centro,30,13800006791423,Corso di Francia,3,50,14.24,1048.8799999999999,1055.9999999999998,1063.12,18,47.2,52.8,54.0,15.4,1.09,0.95,0.48,1.11,2588,0.7257,27,36,42,54,63,68,71,77
Festivi,Centro,30,13800006791423,Corso di Francia,3,50,14.24,1048.8799999999999,1055.9999999999998,1063.12,19,47.8,53.5,54.0,15.0,1.07,0.95,0.52,1.1,2396,0.6719,28,37,44,54,64,69,71,75
Festivi,Centro,30,13800006791423,Corso di Francia,3,50,14.24,1048.8799999999999,1055.9999999999998,1063.12,20,47.7,54.1,55.0,15.4,1.08,0.93,0.76,1.1,2410,0.6758,28,37,44,55,65,70,72,78
Festivi,Centro,30,13800006791423,Corso di Francia,3,50,14.24,1048.8799999999999,1055.9999999999998,1063.12,21,54.4,60.8,61.0,18.2,0.94,0.84,0.39,0.96,1467,0.4114,31,41,48,61,74,80,84,89
Festivi,Centro,30,13800006791423,Corso di Francia,3,50,14.24,1048.8799999999999,1055.9999999999998,1063.12,22,54.4,61.0,62.0,18.3,0.94,0.83,0.4,0.96,1339,0.3755,31,41,48,62,73,79,82,89
Festivi,Centro,30,13800006791423,Corso di Francia,3,50,14.24,1048.8799999999999,1055.9999999999998,1063.12,23,53.1,60.2,60.0,18.6,0.97,0.85,0.45,0.99,1314,0.3685,29,41,48,60,73,79,82,90
Festivi,Centro,31,13800010858649,Corso di Francia,3,50,43.51,1063.12,1084.875,1106.6299999999999,0,54.7,60.7,60.0,17.2,2.87,2.61,1.23,1.0,1974,0.5536,33,44,49,60,72,78,82,89
Festivi,Centro,31,13800010858649,Corso di Francia,3,50,43.51,1063.12,1084.875,1106.6299999999999,1,55.6,61.2,60.0,17.9,2.82,2.61,1.0,0.98,1325,0.3716,34,44,49,60,72,79,84,91
Festivi,Centro,31,13800010858649,Corso di Francia,3,50,43.51,1063.12,1084.875,1106.6299999999999,2,56.3,62.2,60.0,19.1,2.78,2.61,0.95,0.97,842,0.2361,36,42,48,60,75,82,87,95
Festivi,Centro,31,13800010858649,Corso di Francia,3,50,43.51,1063.12,1084.875,1106.6299999999999,3,56.7,62.6,61.0,19.0,2.76,2.57,0.97,0.96,421,0.1181,37,45,49,61,74,81,86,96
Festivi,Centro,31,13800010858649,Corso di Francia,3,50,43.51,1063.12,1084.875,1106.6299999999999,4,54.4,61.7,60.0,20.1,2.88,2.61,1.25,1.0,399,0.1119,31,41,48,60,75,83,88,99
Festivi,Centro,31,13800010858649,Corso di Francia,3,50,43.51,1063.12,1084.875,1106.6299999999999,5,55.8,64.7,67.0,19.1,2.81,2.34,1.97,0.98,365,0.1024,34,45,52,67,77,83,87,94
Festivi,Centro,31,13800010858649,Corso di Francia,3,50,43.51,1063.12,1084.875,1106.6299999999999,6,56.2,65.8,66.0,19.2,2.79,2.37,2.1,0.97,437,0.1225,33,47,53,66,79,85,90,96
Festivi,Centro,31,13800010858649,Corso di Francia,3,50,43.51,1063.12,1084.875,1106.6299999999999,7,59.6,65.5,67.0,16.3,2.63,2.34,1.28,0.92,614,0.1722,38,48,55,67,77,81,85,90
Festivi,Centro,31,13800010858649,Corso di Francia,3,50,43.51,1063.12,1084.875,1106.6299999999999,8,58.3,64.0,64.0,16.3,2.69,2.45,1.24,0.94,1064,0.2984,36,48,53,64,75,79,84,90
Festivi,Centro,31,13800010858649,Corso di Francia,3,50,43.51,1063.12,1084.875,1106.6299999999999,9,51.4,58.7,60.0,16.2,3.05,2.61,3.38,1.06,1771,0.4966,31,41,48,60,70,75,78,83
Festivi,Centro,31,13800010858649,Corso di Francia,3,50,43.51,1063.12,1084.875,1106.6299999999999,10,51.6,57.1,58.0,15.2,3.03,2.7,1.43,1.06,2264,0.6349,31,41,47,58,67,72,75,81
Festivi,Centro,31,13800010858649,Corso di Francia,3,50,43.51,1063.12,1084.875,1106.6299999999999,11,50.8,56.0,56.0,15.0,3.09,2.8,1.53,1.08,2519,0.7064,31,40,46,56,66,71,74,80
Festivi,Centro,31,13800010858649,Corso di Francia,3,50,43.51,1063.12,1084.875,1106.6299999999999,12,50.5,55.9,56.0,14.9,3.1,2.8,1.69,1.08,3052,0.8559,30,41,46,56,66,71,74,80
Festivi,Centro,31,13800010858649,Corso di Francia,3,50,43.51,1063.12,1084.875,1106.6299999999999,13,52.4,58.7,59.0,16.6,2.99,2.65,1.59,1.04,2633,0.7384,31,41,48,59,69,75,78,85
Festivi,Centro,31,13800010858649,Corso di Francia,3,50,43.51,1063.12,1084.875,1106.6299999999999,14,54.7,60.4,61.0,15.7,2.87,2.57,1.59,1.0,2014,0.5648,34,44,50,61,71,76,80,84
Festivi,Centro,31,13800010858649,Corso di Francia,3,50,43.51,1063.12,1084.875,1106.6299999999999,15,51.3,58.3,59.0,15.7,3.05,2.65,2.13,1.06,2456,0.6887,32,42,48,59,69,74,77,83
Festivi,Centro,31,13800010858649,Corso di Francia,3,50,43.51,1063.12,1084.875,1106.6299999999999,16,50.6,55.6,56.0,14.7,3.1,2.8,1.35,1.08,2655,0.7445,31,41,46,56,65,70,73,78
Festivi,Centro,31,13800010858649,Corso di Francia,3,50,43.51,1063.12,1084.875,1106.6299999999999,17,47.9,53.1,53.0,14.5,3.27,2.96,1.49,1.14,2833,0.7944,29,39,44,53,62,67,70,76
Festivi,Centro,31,13800010858649,Corso di Francia,3,50,43.51,1063.12,1084.875,1106.6299999999999,18,48.8,54.4,55.0,14.8,3.21,2.85,1.71,1.12,2586,0.7252,29,40,45,55,64,68,72,77
Festivi,Centro,31,13800010858649,Corso di Francia,3,50,43.51,1063.12,1084.875,1106.6299999999999,19,49.8,54.9,55.0,14.2,3.15,2.85,1.5,1.1,2398,0.6725,31,40,46,55,65,69,72,76
Festivi,Centro,31,13800010858649,Corso di Francia,3,50,43.51,1063.12,1084.875,1106.6299999999999,20,49.7,55.5,56.0,14.9,3.15,2.8,2.07,1.1,2409,0.6755,30,40,46,56,66,70,73,79
Festivi,Centro,31,13800010858649,Corso di Francia,3,50,43.51,1063.12,1084.875,1106.6299999999999,21,55.6,62.0,62.0,17.6,2.82,2.53,1.41,0.98,1468,0.4117,34,44,49,62,74,80,84,90
Festivi,Centro,31,13800010858649,Corso di Francia,3,50,43.51,1063.12,1084.875,1106.6299999999999,22,55.5,61.9,62.0,17.6,2.82,2.53,1.55,0.98,1341,0.3761,34,43,49,62,73,79,83,90
Festivi,Centro,31,13800010858649,Corso di Francia,3,50,43.51,1063.12,1084.875,1106.6299999999999,23,54.2,61.4,61.0,18.0,2.89,2.57,1.75,1.01,1310,0.3674,33,43,49,61,74,79,83,90
Festivi,Centro,32,13800010858648,Corso di Francia,3,50,68.03,1106.6299999999999,1140.645,1174.6599999999999,0,57.2,62.8,62.0,17.1,4.28,3.95,1.65,1.0,1984,0.5564,35,46,52,62,74,80,84,91
Festivi,Centro,32,13800010858648,Corso di Francia,3,50,68.03,1106.6299999999999,1140.645,1174.6599999999999,1,58.3,63.3,62.0,17.4,4.2,3.95,1.38,0.98,1333,0.3738,37,46,52,62,73,80,85,92
Festivi,Centro,32,13800010858648,Corso di Francia,3,50,68.03,1106.6299999999999,1140.645,1174.6599999999999,2,58.9,64.5,62.0,18.7,4.16,3.95,1.42,0.97,846,0.2372,38,46,52,62,77,84,89,97
Festivi,Centro,32,13800010858648,Corso di Francia,3,50,68.03,1106.6299999999999,1140.645,1174.6599999999999,3,60.2,65.0,62.0,18.0,4.07,3.95,1.2,0.95,420,0.1178,38,48,53,62,76,82,87,96
Festivi,Centro,32,13800010858648,Corso di Francia,3,50,68.03,1106.6299999999999,1140.645,1174.6599999999999,4,58.9,65.1,64.0,19.3,4.16,3.83,1.54,0.97,400,0.1122,35,46,52,64,78,84,90,101
Festivi,Centro,32,13800010858648,Corso di Francia,3,50,68.03,1106.6299999999999,1140.645,1174.6599999999999,5,58.8,66.8,68.0,18.7,4.16,3.6,2.74,0.97,367,0.1029,35,49,54,68,79,85,89,97
Festivi,Centro,32,13800010858648,Corso di Francia,3,50,68.03,1106.6299999999999,1140.645,1174.6599999999999,6,61.3,67.7,67.0,18.6,4.0,3.66,1.58,0.93,442,0.1239,36,49,56,67,80,86,90,97
Festivi,Centro,32,13800010858648,Corso di Francia,3,50,68.03,1106.6299999999999,1140.645,1174.6599999999999,7,62.5,67.2,68.0,15.7,3.92,3.6,1.32,0.92,613,0.1719,40,52,58,68,78,81,86,91
Festivi,Centro,32,13800010858648,Corso di Francia,3,50,68.03,1106.6299999999999,1140.645,1174.6599999999999,8,60.9,65.7,65.0,15.7,4.02,3.77,1.53,0.94,1066,0.2989,39,50,56,65,76,81,86,92
Festivi,Centro,32,13800010858648,Corso di Francia,3,50,68.03,1106.6299999999999,1140.645,1174.6599999999999,9,55.6,60.6,61.0,15.7,4.41,4.01,1.58,1.03,1772,0.4969,33,44,51,61,71,76,79,85
Festivi,Centro,32,13800010858648,Corso di Francia,3,50,68.03,1106.6299999999999,1140.645,1174.6599999999999,10,54.3,58.8,59.0,14.8,4.51,4.15,1.6,1.05,2269,0.6363,33,44,50,59,68,73,77,82
Festivi,Centro,32,13800010858648,Corso di Francia,3,50,68.03,1106.6299999999999,1140.645,1174.6599999999999,11,53.4,58.0,58.0,14.7,4.59,4.22,1.75,1.07,2520,0.7067,33,43,49,58,68,73,76,81
Festivi,Centro,32,13800010858648,Corso di Francia,3,50,68.03,1106.6299999999999,1140.645,1174.6599999999999,12,52.9,57.7,58.0,14.9,4.63,4.22,1.82,1.08,3060,0.8581,32,43,48,58,68,73,76,81
Festivi,Centro,32,13800010858648,Corso di Francia,3,50,68.03,1106.6299999999999,1140.645,1174.6599999999999,13,56.0,60.8,61.0,16.0,4.37,4.01,1.48,1.02,2639,0.74,34,45,51,61,71,76,79,87
Festivi,Centro,32,13800010858648,Corso di Francia,3,50,68.03,1106.6299999999999,1140.645,1174.6599999999999,14,57.3,62.2,62.0,15.2,4.27,3.95,2.06,1.0,2020,0.5665,36,46,52,62,73,78,81,86
Festivi,Centro,32,13800010858648,Corso di Francia,3,50,68.03,1106.6299999999999,1140.645,1174.6599999999999,15,55.7,60.2,60.0,15.1,4.4,4.08,1.49,1.03,2468,0.6921,35,45,50,60,71,75,79,84
Festivi,Centro,32,13800010858648,Corso di Francia,3,50,68.03,1106.6299999999999,1140.645,1174.6599999999999,16,52.9,57.4,58.0,14.7,4.63,4.22,1.67,1.08,2658,0.7454,32,43,49,58,67,71,74,80
Festivi,Centro,32,13800010858648,Corso di Francia,3,50,68.03,1106.6299999999999,1140.645,1174.6599999999999,17,50.7,55.1,55.0,14.1,4.84,4.45,1.83,1.13,2842,0.797,31,41,47,55,64,69,72,78
Festivi,Centro,32,13800010858648,Corso di Francia,3,50,68.03,1106.6299999999999,1140.645,1174.6599999999999,18,52.0,56.4,57.0,14.3,4.71,4.3,1.71,1.1,2587,0.7255,32,43,48,57,65,70,74,79
Festivi,Centro,32,13800010858648,Corso di Francia,3,50,68.03,1106.6299999999999,1140.645,1174.6599999999999,19,52.7,57.1,58.0,14.0,4.65,4.22,1.86,1.09,2392,0.6708,33,43,48,58,66,71,74,79
Festivi,Centro,32,13800010858648,Corso di Francia,3,50,68.03,1106.6299999999999,1140.645,1174.6599999999999,20,53.0,57.5,58.0,14.5,4.62,4.22,1.66,1.08,2416,0.6775,33,43,48,58,67,72,75,81
Festivi,Centro,32,13800010858648,Corso di Francia,3,50,68.03,1106.6299999999999,1140.645,1174.6599999999999,21,58.3,64.1,64.0,17.1,4.2,3.83,2.64,0.98,1473,0.4131,37,47,52,64,76,82,86,92
Festivi,Centro,32,13800010858648,Corso di Francia,3,50,68.03,1106.6299999999999,1140.645,1174.6599999999999,22,58.6,63.7,64.0,17.0,4.18,3.83,1.38,0.98,1348,0.378,36,46,53,64,75,81,84,91
Festivi,Centro,32,13800010858648,Corso di Francia,3,50,68.03,1106.6299999999999,1140.645,1174.6599999999999,23,57.2,63.3,63.0,17.6,4.29,3.89,2.71,1.0,1312,0.3679,35,46,52,63,75,81,85,93
Festivi,Centro,33,13800006791425,Corso di Francia,3,50,21.75,1174.6599999999999,1185.5349999999999,1196.4099999999999,0,56.6,64.3,63.0,17.1,1.38,1.24,2.49,1.0,1998,0.5603,36,48,53,63,75,81,86,93
Festivi,Centro,33,13800006791425,Corso di Francia,3,50,21.75,1174.6599999999999,1185.5349999999999,1196.4099999999999,1,59.9,64.8,64.0,17.3,1.31,1.22,0.42,0.95,1345,0.3772,40,48,53,64,75,81,85,94
Festivi,Centro,33,13800006791425,Corso di Francia,3,50,21.75,1174.6599999999999,1185.5349999999999,1196.4099999999999,2,61.4,66.5,64.0,18.3,1.28,1.22,0.4,0.92,853,0.2392,41,49,55,64,78,86,90,97
Festivi,Centro,33,13800006791425,Corso di Francia,3,50,21.75,1174.6599999999999,1185.5349999999999,1196.4099999999999,3,62.8,67.2,66.0,17.8,1.25,1.19,0.34,0.9,424,0.1189,43,50,55,66,77,84,88,100
Festivi,Centro,33,13800006791425,Corso di Francia,3,50,21.75,1174.6599999999999,1185.5349999999999,1196.4099999999999,4,62.2,68.1,66.0,19.1,1.26,1.19,0.45,0.91,401,0.1125,41,51,56,66,79,86,94,103
Festivi,Centro,33,13800006791425,Corso di Francia,3,50,21.75,1174.6599999999999,1185.5349999999999,1196.4099999999999,5,61.7,68.8,69.0,18.1,1.27,1.13,0.82,0.92,370,0.1038,40,52,56,69,81,87,92,98
Festivi,Centro,33,13800006791425,Corso di Francia,3,50,21.75,1174.6599999999999,1185.5349999999999,1196.4099999999999,6,63.0,68.9,69.0,18.4,1.24,1.13,0.45,0.9,442,0.1239,38,50,57,69,81,87,91,98
Festivi,Centro,33,13800006791425,Corso di Francia,3,50,21.75,1174.6599999999999,1185.5349999999999,1196.4099999999999,7,63.9,68.4,69.0,15.7,1.23,1.13,0.4,0.89,614,0.1722,41,53,59,69,78,83,87,93
Festivi,Centro,33,13800006791425,Corso di Francia,3,50,21.75,1174.6599999999999,1185.5349999999999,1196.4099999999999,8,62.4,67.0,66.0,15.5,1.25,1.19,0.46,0.91,1072,0.3006,42,52,58,66,77,82,86,92
Festivi,Centro,33,13800006791425,Corso di Francia,3,50,21.75,1174.6599999999999,1185.5349999999999,1196.4099999999999,9,57.5,62.1,62.0,15.3,1.36,1.26,0.46,0.99,1779,0.4989,36,46,53,62,72,78,81,86
Festivi,Centro,33,13800006791425,Corso di Francia,3,50,21.75,1174.6599999999999,1185.5349999999999,1196.4099999999999,10,56.0,60.2,60.0,14.5,1.4,1.3,0.47,1.01,2277,0.6385,35,46,51,60,69,74,78,83
Festivi,Centro,33,13800006791425,Corso di Francia,3,50,21.75,1174.6599999999999,1185.5349999999999,1196.4099999999999,11,55.1,59.4,59.0,14.5,1.42,1.33,0.49,1.03,2528,0.7089,36,45,50,59,69,74,77,83
Festivi,Centro,33,13800006791425,Corso di Francia,3,50,21.75,1174.6599999999999,1185.5349999999999,1196.4099999999999,12,54.5,59.2,59.0,14.9,1.44,1.33,0.54,1.04,3076,0.8626,34,44,50,59,69,74,77,83
Festivi,Centro,33,13800006791425,Corso di Francia,3,50,21.75,1174.6599999999999,1185.5349999999999,1196.4099999999999,13,58.1,62.6,63.0,15.7,1.35,1.24,0.43,0.98,2639,0.74,36,47,53,63,72,77,81,88
Festivi,Centro,33,13800006791425,Corso di Francia,3,50,21.75,1174.6599999999999,1185.5349999999999,1196.4099999999999,14,59.2,63.6,64.0,14.9,1.32,1.22,0.59,0.96,2031,0.5695,39,48,54,64,74,79,82,87
Festivi,Centro,33,13800006791425,Corso di Francia,3,50,21.75,1174.6599999999999,1185.5349999999999,1196.4099999999999,15,57.3,61.6,62.0,15.0,1.37,1.26,0.44,0.99,2482,0.696,37,46,52,62,72,76,80,85
Festivi,Centro,33,13800006791425,Corso di Francia,3,50,21.75,1174.6599999999999,1185.5349999999999,1196.4099999999999,16,54.6,58.8,59.0,14.6,1.43,1.33,0.48,1.04,2672,0.7493,35,44,50,59,68,73,76,82
Festivi,Centro,33,13800006791425,Corso di Francia,3,50,21.75,1174.6599999999999,1185.5349999999999,1196.4099999999999,17,52.5,56.7,57.0,14.1,1.49,1.37,0.54,1.08,2851,0.7995,33,43,48,57,65,70,74,79
Festivi,Centro,33,13800006791425,Corso di Francia,3,50,21.75,1174.6599999999999,1185.5349999999999,1196.4099999999999,18,53.7,58.0,58.0,14.1,1.46,1.35,0.81,1.05,2595,0.7277,36,45,49,58,67,71,75,81
Festivi,Centro,33,13800006791425,Corso di Francia,3,50,21.75,1174.6599999999999,1185.5349999999999,1196.4099999999999,19,54.2,58.6,59.0,14.1,1.45,1.33,0.57,1.05,2408,0.6753,35,44,49,59,68,72,76,80
Festivi,Centro,33,13800006791425,Corso di Francia,3,50,21.75,1174.6599999999999,1185.5349999999999,1196.4099999999999,20,54.7,59.0,59.0,14.5,1.43,1.33,0.48,1.03,2426,0.6803,35,44,50,59,68,73,77,82
Festivi,Centro,33,13800006791425,Corso di Francia,3,50,21.75,1174.6599999999999,1185.5349999999999,1196.4099999999999,21,61.0,65.7,65.0,16.6,1.28,1.2,0.4,0.93,1479,0.4148,40,49,54,65,76,83,87,93
Festivi,Centro,33,13800006791425,Corso di Francia,3,50,21.75,1174.6599999999999,1185.5349999999999,1196.4099999999999,22,60.7,65.2,64.0,16.5,1.29,1.22,0.39,0.93,1350,0.3786,39,48,55,64,76,81,85,92
Festivi,Centro,33,13800006791425,Corso di Francia,3,50,21.75,1174.6599999999999,1185.5349999999999,1196.4099999999999,23,60.0,65.0,63.0,17.2,1.3,1.24,0.42,0.94,1312,0.3679,39,48,53,63,77,82,87,96
Festivi,Centro,34,13800012255659,Ponte Flaminio,3,50,57.36,1196.4099999999999,1225.09,1253.7699999999998,0,59.6,65.4,65.0,17.2,3.46,3.18,1.55,1.0,2003,0.5617,38,49,55,65,76,82,87,95
Festivi,Centro,34,13800012255659,Ponte Flaminio,3,50,57.36,1196.4099999999999,1225.09,1253.7699999999998,1,61.0,66.0,65.0,17.5,3.38,3.18,1.11,0.98,1346,0.3775,41,49,55,65,76,82,87,95
Festivi,Centro,34,13800012255659,Ponte Flaminio,3,50,57.36,1196.4099999999999,1225.09,1253.7699999999998,2,61.1,67.7,65.0,18.5,3.38,3.18,2.8,0.98,859,0.2409,41,51,56,65,79,86,92,99
Festivi,Centro,34,13800012255659,Ponte Flaminio,3,50,57.36,1196.4099999999999,1225.09,1253.7699999999998,3,64.2,68.7,67.0,17.9,3.21,3.08,0.87,0.93,425,0.1192,44,51,56,67,78,85,89,101
Festivi,Centro,34,13800012255659,Ponte Flaminio,3,50,57.36,1196.4099999999999,1225.09,1253.7699999999998,4,63.9,69.7,68.0,18.8,3.23,3.04,1.18,0.93,403,0.113,42,53,58,68,80,88,95,104
Festivi,Centro,34,13800012255659,Ponte Flaminio,3,50,57.36,1196.4099999999999,1225.09,1253.7699999999998,5,63.8,69.9,71.0,18.1,3.24,2.91,1.31,0.93,370,0.1038,40,52,58,71,83,88,93,98
Festivi,Centro,34,13800012255659,Ponte Flaminio,3,50,57.36,1196.4099999999999,1225.09,1253.7699999999998,6,63.9,69.9,71.0,18.6,3.23,2.91,1.17,0.93,442,0.1239,38,51,58,71,83,88,92,99
Festivi,Centro,34,13800012255659,Ponte Flaminio,3,50,57.36,1196.4099999999999,1225.09,1253.7699999999998,7,64.4,69.1,70.0,15.8,3.2,2.95,1.05,0.92,615,0.1725,41,54,60,70,79,84,87,93
Festivi,Centro,34,13800012255659,Ponte Flaminio,3,50,57.36,1196.4099999999999,1225.09,1253.7699999999998,8,63.8,68.1,68.0,15.3,3.24,3.04,1.06,0.93,1073,0.3009,44,54,59,68,78,83,87,94
Festivi,Centro,34,13800012255659,Ponte Flaminio,3,50,57.36,1196.4099999999999,1225.09,1253.7699999999998,9,58.5,63.1,63.0,15.3,3.53,3.28,1.19,1.02,1775,0.4978,36,48,54,63,73,78,82,87
Festivi,Centro,34,13800012255659,Ponte Flaminio,3,50,57.36,1196.4099999999999,1225.09,1253.7699999999998,10,56.8,61.1,61.0,14.5,3.63,3.39,1.22,1.05,2279,0.6391,37,47,52,61,70,75,79,85
Festivi,Centro,34,13800012255659,Ponte Flaminio,3,50,57.36,1196.4099999999999,1225.09,1253.7699999999998,11,56.0,60.3,60.0,14.6,3.69,3.44,1.28,1.06,2525,0.7081,36,46,51,60,70,75,78,84
Festivi,Centro,34,13800012255659,Ponte Flaminio,3,50,57.36,1196.4099999999999,1225.09,1253.7699999999998,12,55.3,60.0,60.0,14.9,3.73,3.44,1.4,1.08,3073,0.8617,34,46,51,60,70,75,78,84
Festivi,Centro,34,13800012255659,Ponte Flaminio,3,50,57.36,1196.4099999999999,1225.09,1253.7699999999998,13,59.1,63.7,64.0,15.9,3.5,3.23,1.14,1.01,2636,0.7392,36,48,54,64,73,79,82,89
Festivi,Centro,34,13800012255659,Ponte Flaminio,3,50,57.36,1196.4099999999999,1225.09,1253.7699999999998,14,60.5,64.5,64.0,15.0,3.41,3.23,1.02,0.99,2028,0.5687,39,50,55,64,75,80,83,89
Festivi,Centro,34,13800012255659,Ponte Flaminio,3,50,57.36,1196.4099999999999,1225.09,1253.7699999999998,15,58.1,62.4,62.0,15.1,3.56,3.33,1.13,1.03,2476,0.6943,37,47,53,62,73,77,81,86
Festivi,Centro,34,13800012255659,Ponte Flaminio,3,50,57.36,1196.4099999999999,1225.09,1253.7699999999998,16,55.4,59.6,60.0,14.8,3.73,3.44,1.22,1.08,2672,0.7493,35,45,51,60,68,74,77,83
Festivi,Centro,34,13800012255659,Ponte Flaminio,3,50,57.36,1196.4099999999999,1225.09,1253.7699999999998,17,53.2,57.4,57.0,14.3,3.88,3.62,1.39,1.12,2851,0.7995,33,43,49,57,66,71,75,80
Festivi,Centro,34,13800012255659,Ponte Flaminio,3,50,57.36,1196.4099999999999,1225.09,1253.7699999999998,18,54.8,58.7,58.0,14.1,3.77,3.56,1.19,1.09,2601,0.7294,36,45,50,58,67,72,76,81
Festivi,Centro,34,13800012255659,Ponte Flaminio,3,50,57.36,1196.4099999999999,1225.09,1253.7699999999998,19,54.9,59.3,60.0,14.3,3.76,3.44,1.44,1.09,2404,0.6741,35,45,50,60,68,73,77,81
Festivi,Centro,34,13800012255659,Ponte Flaminio,3,50,57.36,1196.4099999999999,1225.09,1253.7699999999998,20,55.4,59.8,60.0,14.7,3.73,3.44,1.27,1.08,2425,0.68,35,45,51,60,69,74,77,83
Festivi,Centro,34,13800012255659,Ponte Flaminio,3,50,57.36,1196.4099999999999,1225.09,1253.7699999999998,21,62.1,66.7,66.0,16.5,3.33,3.13,1.05,0.96,1483,0.4159,41,50,56,66,77,83,87,95
Festivi,Centro,34,13800012255659,Ponte Flaminio,3,50,57.36,1196.4099999999999,1225.09,1253.7699999999998,22,61.7,66.1,65.0,16.3,3.35,3.18,0.99,0.97,1350,0.3786,39,50,56,65,77,82,86,93
Festivi,Centro,34,13800012255659,Ponte Flaminio,3,50,57.36,1196.4099999999999,1225.09,1253.7699999999998,23,60.9,65.9,64.0,17.3,3.39,3.23,1.13,0.98,1315,0.3688,39,49,55,64,77,83,88,96
Festivi,Centro,35,13800012543275,Ponte Flaminio,3,50,37.23,1253.7699999999998,1272.3849999999998,1290.9999999999998,0,59.2,66.4,66.0,17.2,2.26,2.03,3.11,1.0,2021,0.5667,39,50,56,66,77,83,88,96
Festivi,Centro,35,13800012543275,Ponte Flaminio,3,50,37.23,1253.7699999999998,1272.3849999999998,1290.9999999999998,1,62.0,67.0,66.0,17.6,2.16,2.03,0.71,0.95,1359,0.3811,41,50,56,66,77,83,88,96
Festivi,Centro,35,13800012543275,Ponte Flaminio,3,50,37.23,1253.7699999999998,1272.3849999999998,1290.9999999999998,2,63.9,69.1,67.0,18.6,2.1,2.0,0.68,0.93,862,0.2417,41,52,57,67,81,87,92,100
Festivi,Centro,35,13800012543275,Ponte Flaminio,3,50,37.23,1253.7699999999998,1272.3849999999998,1290.9999999999998,3,65.7,70.2,70.0,18.3,2.04,1.91,0.55,0.9,435,0.122,44,52,58,70,80,87,92,100
Festivi,Centro,35,13800012543275,Ponte Flaminio,3,50,37.23,1253.7699999999998,1272.3849999999998,1290.9999999999998,4,65.7,71.5,70.0,18.7,2.04,1.91,0.74,0.9,408,0.1144,43,54,61,70,81,89,97,104
Festivi,Centro,35,13800012543275,Ponte Flaminio,3,50,37.23,1253.7699999999998,1272.3849999999998,1290.9999999999998,5,66.3,71.4,73.0,17.7,2.02,1.84,0.63,0.89,372,0.1043,42,52,59,73,84,89,93,100
Festivi,Centro,35,13800012543275,Ponte Flaminio,3,50,37.23,1253.7699999999998,1272.3849999999998,1290.9999999999998,6,64.7,70.9,71.0,19.0,2.07,1.89,0.76,0.92,446,0.1251,39,51,59,71,84,89,94,103
Festivi,Centro,35,13800012543275,Ponte Flaminio,3,50,37.23,1253.7699999999998,1272.3849999999998,1290.9999999999998,7,65.4,70.0,71.0,15.9,2.05,1.89,0.67,0.91,617,0.173,41,54,61,71,80,84,88,94
Festivi,Centro,35,13800012543275,Ponte Flaminio,3,50,37.23,1253.7699999999998,1272.3849999999998,1290.9999999999998,8,64.9,69.2,69.0,15.6,2.06,1.94,0.66,0.91,1072,0.3006,44,54,59,69,79,84,89,95
Festivi,Centro,35,13800012543275,Ponte Flaminio,3,50,37.23,1253.7699999999998,1272.3849999999998,1290.9999999999998,9,59.4,64.1,64.0,15.6,2.26,2.09,0.77,1.0,1786,0.5008,36,48,55,64,74,80,83,89
Festivi,Centro,35,13800012543275,Ponte Flaminio,3,50,37.23,1253.7699999999998,1272.3849999999998,1290.9999999999998,10,57.3,61.8,62.0,14.8,2.34,2.16,0.82,1.03,2287,0.6413,36,47,53,62,71,76,80,85
Festivi,Centro,35,13800012543275,Ponte Flaminio,3,50,37.23,1253.7699999999998,1272.3849999999998,1290.9999999999998,11,56.7,61.1,61.0,14.8,2.37,2.2,0.83,1.05,2539,0.712,36,46,52,61,71,76,79,85
Festivi,Centro,35,13800012543275,Ponte Flaminio,3,50,37.23,1253.7699999999998,1272.3849999999998,1290.9999999999998,12,56.1,60.9,61.0,15.1,2.39,2.2,0.92,1.06,3088,0.866,36,46,52,61,71,76,79,85
Festivi,Centro,35,13800012543275,Ponte Flaminio,3,50,37.23,1253.7699999999998,1272.3849999999998,1290.9999999999998,13,59.9,64.6,65.0,16.1,2.24,2.06,0.73,0.99,2645,0.7417,37,49,55,65,75,79,83,90
Festivi,Centro,35,13800012543275,Ponte Flaminio,3,50,37.23,1253.7699999999998,1272.3849999999998,1290.9999999999998,14,61.3,65.4,65.0,15.3,2.19,2.06,0.65,0.97,2036,0.5709,40,50,55,65,76,81,84,90
Festivi,Centro,35,13800012543275,Ponte Flaminio,3,50,37.23,1253.7699999999998,1272.3849999999998,1290.9999999999998,15,58.8,63.1,63.0,15.3,2.28,2.13,0.71,1.01,2490,0.6983,37,47,53,63,73,78,81,87
Festivi,Centro,35,13800012543275,Ponte Flaminio,3,50,37.23,1253.7699999999998,1272.3849999999998,1290.9999999999998,16,56.1,60.3,60.0,15.0,2.39,2.23,0.79,1.06,2689,0.7541,36,46,51,60,69,74,78,84
Festivi,Centro,35,13800012543275,Ponte Flaminio,3,50,37.23,1253.7699999999998,1272.3849999999998,1290.9999999999998,17,53.5,57.9,58.0,14.7,2.5,2.31,0.9,1.11,2867,0.804,34,43,49,58,67,72,76,82
Festivi,Centro,35,13800012543275,Ponte Flaminio,3,50,37.23,1253.7699999999998,1272.3849999999998,1290.9999999999998,18,55.3,59.1,59.0,14.2,2.42,2.27,0.75,1.07,2603,0.7299,36,45,50,59,68,72,76,83
Festivi,Centro,35,13800012543275,Ponte Flaminio,3,50,37.23,1253.7699999999998,1272.3849999999998,1290.9999999999998,19,55.6,60.0,61.0,14.5,2.41,2.2,0.89,1.06,2416,0.6775,35,45,51,61,69,74,78,82
Festivi,Centro,35,13800012543275,Ponte Flaminio,3,50,37.23,1253.7699999999998,1272.3849999999998,1290.9999999999998,20,56.1,60.4,60.0,14.8,2.39,2.23,0.78,1.06,2438,0.6837,35,45,51,60,70,75,78,84
Festivi,Centro,35,13800012543275,Ponte Flaminio,3,50,37.23,1253.7699999999998,1272.3849999999998,1290.9999999999998,21,61.5,67.6,67.0,16.9,2.18,2.0,2.09,0.96,1496,0.4195,41,51,57,67,78,85,89,96
Festivi,Centro,35,13800012543275,Ponte Flaminio,3,50,37.23,1253.7699999999998,1272.3849999999998,1290.9999999999998,22,62.4,66.9,66.0,16.5,2.15,2.03,0.64,0.95,1361,0.3817,40,50,56,66,78,83,87,93
Festivi,Centro,35,13800012543275,Ponte Flaminio,3,50,37.23,1253.7699999999998,1272.3849999999998,1290.9999999999998,23,61.7,66.8,66.0,17.7,2.17,2.03,0.69,0.96,1325,0.3716,39,50,55,66,78,84,88,96
Festivi,Centro,36,13800012543352,Ponte Flaminio,3,50,95.64,1290.9999999999998,1338.8199999999997,1386.6399999999999,0,59.1,64.9,65.0,17.8,5.83,5.3,2.45,1.0,2022,0.567,38,46,52,65,76,82,87,95
Festivi,Centro,36,13800012543352,Ponte Flaminio,3,50,95.64,1290.9999999999998,1338.8199999999997,1386.6399999999999,1,60.6,66.0,66.0,18.4,5.68,5.22,1.93,0.98,1363,0.3822,38,47,54,66,77,84,88,96
Festivi,Centro,36,13800012543352,Ponte Flaminio,3,50,95.64,1290.9999999999998,1338.8199999999997,1386.6399999999999,2,63.3,68.8,68.0,19.1,5.44,5.06,1.79,0.93,864,0.2423,40,48,55,68,81,88,93,100
Festivi,Centro,36,13800012543352,Ponte Flaminio,3,50,95.64,1290.9999999999998,1338.8199999999997,1386.6399999999999,3,64.6,69.5,68.0,18.8,5.33,5.06,1.51,0.91,435,0.122,42,50,56,68,80,88,92,100
Festivi,Centro,36,13800012543352,Ponte Flaminio,3,50,95.64,1290.9999999999998,1338.8199999999997,1386.6399999999999,4,65.5,71.2,70.0,18.6,5.26,4.92,1.88,0.9,409,0.1147,41,53,61,70,82,89,95,103
Festivi,Centro,36,13800012543352,Ponte Flaminio,3,50,95.64,1290.9999999999998,1338.8199999999997,1386.6399999999999,5,65.2,71.0,73.0,18.9,5.28,4.72,1.77,0.91,371,0.104,40,49,57,73,84,90,93,100
Festivi,Centro,36,13800012543352,Ponte Flaminio,3,50,95.64,1290.9999999999998,1338.8199999999997,1386.6399999999999,6,63.0,70.1,71.0,20.1,5.47,4.85,2.19,0.94,448,0.1256,35,48,57,71,83,88,95,104
Festivi,Centro,36,13800012543352,Ponte Flaminio,3,50,95.64,1290.9999999999998,1338.8199999999997,1386.6399999999999,7,64.6,69.4,70.0,16.4,5.33,4.92,1.75,0.92,619,0.1736,39,52,60,70,80,85,89,93
Festivi,Centro,36,13800012543352,Ponte Flaminio,3,50,95.64,1290.9999999999998,1338.8199999999997,1386.6399999999999,8,63.5,68.2,68.0,16.4,5.42,5.06,1.79,0.93,1067,0.2992,42,51,58,68,79,84,88,96
Festivi,Centro,36,13800012543352,Ponte Flaminio,3,50,95.64,1290.9999999999998,1338.8199999999997,1386.6399999999999,9,58.0,63.0,64.0,16.2,5.93,5.38,2.04,1.02,1785,0.5006,36,45,52,64,74,79,83,88
Festivi,Centro,36,13800012543352,Ponte Flaminio,3,50,95.64,1290.9999999999998,1338.8199999999997,1386.6399999999999,10,55.4,60.3,61.0,15.4,6.21,5.64,2.39,1.07,2287,0.6413,35,44,49,61,71,76,79,85
Festivi,Centro,36,13800012543352,Ponte Flaminio,3,50,95.64,1290.9999999999998,1338.8199999999997,1386.6399999999999,11,55.0,59.6,59.0,15.4,6.26,5.84,2.12,1.07,2540,0.7123,35,44,48,59,70,76,79,85
Festivi,Centro,36,13800012543352,Ponte Flaminio,3,50,95.64,1290.9999999999998,1338.8199999999997,1386.6399999999999,12,54.6,59.5,59.0,15.7,6.3,5.84,2.4,1.08,3091,0.8668,35,43,48,59,70,76,79,85
Festivi,Centro,36,13800012543352,Ponte Flaminio,3,50,95.64,1290.9999999999998,1338.8199999999997,1386.6399999999999,13,58.1,63.5,64.0,16.7,5.93,5.38,3.22,1.02,2639,0.74,37,46,52,64,74,79,83,90
Festivi,Centro,36,13800012543352,Ponte Flaminio,3,50,95.64,1290.9999999999998,1338.8199999999997,1386.6399999999999,14,59.6,64.3,65.0,16.2,5.78,5.3,1.85,0.99,2036,0.5709,38,46,52,65,76,81,84,89
Festivi,Centro,36,13800012543352,Ponte Flaminio,3,50,95.64,1290.9999999999998,1338.8199999999997,1386.6399999999999,15,57.3,61.8,62.0,15.9,6.01,5.55,1.92,1.03,2484,0.6966,36,45,50,62,73,78,82,87
Festivi,Centro,36,13800012543352,Ponte Flaminio,3,50,95.64,1290.9999999999998,1338.8199999999997,1386.6399999999999,16,54.0,58.6,59.0,15.8,6.38,5.84,2.15,1.09,2687,0.7535,35,42,47,59,69,74,78,83
Festivi,Centro,36,13800012543352,Ponte Flaminio,3,50,95.64,1290.9999999999998,1338.8199999999997,1386.6399999999999,17,51.4,55.9,55.0,15.4,6.71,6.26,2.23,1.15,2866,0.8037,33,40,45,55,66,72,75,81
Festivi,Centro,36,13800012543352,Ponte Flaminio,3,50,95.64,1290.9999999999998,1338.8199999999997,1386.6399999999999,18,53.0,57.1,57.0,14.8,6.49,6.04,1.99,1.11,2604,0.7302,35,42,46,57,67,72,75,82
Festivi,Centro,36,13800012543352,Ponte Flaminio,3,50,95.64,1290.9999999999998,1338.8199999999997,1386.6399999999999,19,53.6,58.3,59.0,15.2,6.43,5.84,2.39,1.1,2411,0.6761,34,42,47,59,68,74,77,83
Festivi,Centro,36,13800012543352,Ponte Flaminio,3,50,95.64,1290.9999999999998,1338.8199999999997,1386.6399999999999,20,54.2,58.6,59.0,15.5,6.36,5.84,2.04,1.09,2444,0.6854,35,42,47,59,69,75,78,84
Festivi,Centro,36,13800012543352,Ponte Flaminio,3,50,95.64,1290.9999999999998,1338.8199999999997,1386.6399999999999,21,61.9,66.8,67.0,17.4,5.56,5.14,1.73,0.95,1489,0.4176,40,48,55,67,78,84,88,96
Festivi,Centro,36,13800012543352,Ponte Flaminio,3,50,95.64,1290.9999999999998,1338.8199999999997,1386.6399999999999,22,60.9,65.6,65.0,17.1,5.66,5.3,1.7,0.97,1360,0.3814,39,47,53,65,77,83,87,94
Festivi,Centro,36,13800012543352,Ponte Flaminio,3,50,95.64,1290.9999999999998,1338.8199999999997,1386.6399999999999,23,59.9,65.4,64.0,18.6,5.75,5.38,1.9,0.99,1325,0.3716,38,46,52,64,77,84,89,96
Festivi,Centro,37,13800007305424,Corso di Francia,3,50,17.31,1386.6399999999999,1395.2949999999998,1403.9499999999998,0,59.0,64.6,63.0,17.9,1.06,0.99,0.4,1.0,2039,0.5718,38,47,53,63,76,82,87,95
Festivi,Centro,37,13800007305424,Corso di Francia,3,50,17.31,1386.6399999999999,1395.2949999999998,1403.9499999999998,1,61.4,66.6,65.0,17.9,1.01,0.96,0.34,0.96,1372,0.3847,40,49,55,65,77,84,89,96
Festivi,Centro,37,13800007305424,Corso di Francia,3,50,17.31,1386.6399999999999,1395.2949999999998,1403.9499999999998,2,63.8,69.3,68.0,18.9,0.98,0.92,0.32,0.92,873,0.2448,41,51,56,68,81,89,93,101
Festivi,Centro,37,13800007305424,Corso di Francia,3,50,17.31,1386.6399999999999,1395.2949999999998,1403.9499999999998,3,65.8,70.6,68.0,19.1,0.95,0.92,0.26,0.9,442,0.1239,44,52,57,68,83,90,95,101
Festivi,Centro,37,13800007305424,Corso di Francia,3,50,17.31,1386.6399999999999,1395.2949999999998,1403.9499999999998,4,65.2,70.7,69.0,18.9,0.96,0.9,0.32,0.9,417,0.1169,42,53,58,69,82,90,96,104
Festivi,Centro,37,13800007305424,Corso di Francia,3,50,17.31,1386.6399999999999,1395.2949999999998,1403.9499999999998,5,66.4,72.1,74.0,18.8,0.94,0.84,0.32,0.89,374,0.1049,41,52,58,74,85,90,95,100
Festivi,Centro,37,13800007305424,Corso di Francia,3,50,17.31,1386.6399999999999,1395.2949999999998,1403.9499999999998,6,61.0,70.0,70.0,20.6,1.02,0.89,0.67,0.97,449,0.1259,36,49,57,70,83,89,95,104
Festivi,Centro,37,13800007305424,Corso di Francia,3,50,17.31,1386.6399999999999,1395.2949999999998,1403.9499999999998,7,64.6,69.6,71.0,16.6,0.96,0.88,0.32,0.91,623,0.1747,40,52,59,71,81,86,90,93
Festivi,Centro,37,13800007305424,Corso di Francia,3,50,17.31,1386.6399999999999,1395.2949999999998,1403.9499999999998,8,63.4,68.1,68.0,16.4,0.98,0.92,0.33,0.93,1071,0.3003,42,51,57,68,78,85,88,95
Festivi,Centro,37,13800007305424,Corso di Francia,3,50,17.31,1386.6399999999999,1395.2949999999998,1403.9499999999998,9,58.5,63.7,64.0,16.4,1.07,0.97,0.38,1.01,1793,0.5028,35,47,53,64,75,80,84,90
Festivi,Centro,37,13800007305424,Corso di Francia,3,50,17.31,1386.6399999999999,1395.2949999999998,1403.9499999999998,10,56.0,61.2,61.0,15.6,1.11,1.02,0.49,1.05,2298,0.6444,35,46,51,61,72,77,80,86
Festivi,Centro,37,13800007305424,Corso di Francia,3,50,17.31,1386.6399999999999,1395.2949999999998,1403.9499999999998,11,56.2,60.8,61.0,15.3,1.11,1.02,0.37,1.05,2553,0.7159,36,45,50,61,71,77,80,85
Festivi,Centro,37,13800007305424,Corso di Francia,3,50,17.31,1386.6399999999999,1395.2949999999998,1403.9499999999998,12,55.9,60.8,60.0,15.7,1.11,1.04,0.41,1.05,3114,0.8732,35,45,50,60,72,77,80,86
Festivi,Centro,37,13800007305424,Corso di Francia,3,50,17.31,1386.6399999999999,1395.2949999999998,1403.9499999999998,13,59.3,64.3,65.0,16.7,1.05,0.96,0.35,0.99,2659,0.7457,37,47,53,65,75,80,84,91
Festivi,Centro,37,13800007305424,Corso di Francia,3,50,17.31,1386.6399999999999,1395.2949999999998,1403.9499999999998,14,60.1,65.1,65.0,16.1,1.04,0.96,0.41,0.98,2042,0.5726,39,49,54,65,76,81,85,90
Festivi,Centro,37,13800007305424,Corso di Francia,3,50,17.31,1386.6399999999999,1395.2949999999998,1403.9499999999998,15,57.7,62.9,63.0,15.9,1.08,0.99,0.5,1.02,2491,0.6985,36,47,52,63,73,79,83,88
Festivi,Centro,37,13800007305424,Corso di Francia,3,50,17.31,1386.6399999999999,1395.2949999999998,1403.9499999999998,16,54.4,60.0,60.0,15.7,1.14,1.04,1.06,1.08,2703,0.758,35,44,50,60,70,75,79,85
Festivi,Centro,37,13800007305424,Corso di Francia,3,50,17.31,1386.6399999999999,1395.2949999999998,1403.9499999999998,17,52.4,57.0,57.0,15.5,1.19,1.09,0.41,1.12,2891,0.8107,33,41,46,57,67,73,76,82
Festivi,Centro,37,13800007305424,Corso di Francia,3,50,17.31,1386.6399999999999,1395.2949999999998,1403.9499999999998,18,53.6,57.9,57.0,14.8,1.16,1.09,0.47,1.1,2625,0.7361,34,43,48,57,67,72,76,82
Festivi,Centro,37,13800007305424,Corso di Francia,3,50,17.31,1386.6399999999999,1395.2949999999998,1403.9499999999998,19,54.7,59.6,60.0,15.1,1.14,1.04,0.5,1.08,2428,0.6809,35,44,49,60,69,75,79,85
Festivi,Centro,37,13800007305424,Corso di Francia,3,50,17.31,1386.6399999999999,1395.2949999999998,1403.9499999999998,20,55.0,59.6,60.0,15.5,1.13,1.04,0.38,1.07,2468,0.6921,35,43,49,60,70,75,79,85
Festivi,Centro,37,13800007305424,Corso di Francia,3,50,17.31,1386.6399999999999,1395.2949999999998,1403.9499999999998,21,61.8,66.9,67.0,17.5,1.01,0.93,0.35,0.95,1500,0.4206,40,49,55,67,78,84,89,97
Festivi,Centro,37,13800007305424,Corso di Francia,3,50,17.31,1386.6399999999999,1395.2949999999998,1403.9499999999998,22,59.4,65.8,66.0,17.2,1.05,0.94,1.21,0.99,1363,0.3822,39,48,53,66,77,83,87,94
Festivi,Centro,37,13800007305424,Corso di Francia,3,50,17.31,1386.6399999999999,1395.2949999999998,1403.9499999999998,23,59.8,65.5,64.0,18.7,1.04,0.97,0.42,0.99,1327,0.3721,39,47,52,64,78,85,89,98
Festivi,Centro,38,13800007305429,Corso di Francia,3,50,7.91,1403.9499999999998,1407.9049999999997,1411.86,0,58.3,64.0,63.0,18.2,0.49,0.45,0.19,1.0,2041,0.5723,38,46,51,63,75,82,87,94
Festivi,Centro,38,13800007305429,Corso di Francia,3,50,7.91,1403.9499999999998,1407.9049999999997,1411.86,1,61.2,66.3,65.0,18.2,0.47,0.44,0.15,0.95,1372,0.3847,40,48,54,65,77,84,89,97
Festivi,Centro,38,13800007305429,Corso di Francia,3,50,7.91,1403.9499999999998,1407.9049999999997,1411.86,2,63.6,69.1,68.0,19.2,0.45,0.42,0.15,0.92,873,0.2448,41,50,56,68,81,88,93,101
Festivi,Centro,38,13800007305429,Corso di Francia,3,50,7.91,1403.9499999999998,1407.9049999999997,1411.86,3,65.3,70.4,68.0,19.4,0.44,0.42,0.12,0.89,442,0.1239,43,51,57,68,83,90,95,101
Festivi,Centro,38,13800007305429,Corso di Francia,3,50,7.91,1403.9499999999998,1407.9049999999997,1411.86,4,64.7,70.3,69.0,19.1,0.44,0.41,0.15,0.9,417,0.1169,42,50,57,69,82,89,96,104
Festivi,Centro,38,13800007305429,Corso di Francia,3,50,7.91,1403.9499999999998,1407.9049999999997,1411.86,5,66.2,71.9,74.0,19.0,0.43,0.38,0.15,0.88,375,0.1052,40,52,58,74,85,90,95,100
Festivi,Centro,38,13800007305429,Corso di Francia,3,50,7.91,1403.9499999999998,1407.9049999999997,1411.86,6,60.3,69.9,70.0,20.8,0.47,0.41,0.32,0.97,449,0.1259,36,49,56,70,83,89,95,104
Festivi,Centro,38,13800007305429,Corso di Francia,3,50,7.91,1403.9499999999998,1407.9049999999997,1411.86,7,64.6,69.5,71.0,16.7,0.44,0.4,0.14,0.9,623,0.1747,40,52,59,71,81,85,90,94
Festivi,Centro,38,13800007305429,Corso di Francia,3,50,7.91,1403.9499999999998,1407.9049999999997,1411.86,8,63.1,67.9,68.0,16.6,0.45,0.42,0.15,0.92,1071,0.3003,42,51,57,68,79,85,88,96
Festivi,Centro,38,13800007305429,Corso di Francia,3,50,7.91,1403.9499999999998,1407.9049999999997,1411.86,9,58.1,63.5,64.0,16.7,0.49,0.44,0.19,1.0,1797,0.5039,35,46,53,64,75,80,84,90
Festivi,Centro,38,13800007305429,Corso di Francia,3,50,7.91,1403.9499999999998,1407.9049999999997,1411.86,10,55.7,61.0,61.0,15.6,0.51,0.47,0.23,1.05,2296,0.6439,35,45,51,61,72,77,80,86
Festivi,Centro,38,13800007305429,Corso di Francia,3,50,7.91,1403.9499999999998,1407.9049999999997,1411.86,11,56.0,60.6,60.0,15.4,0.51,0.47,0.17,1.04,2554,0.7162,36,45,50,60,72,77,80,86
Festivi,Centro,38,13800007305429,Corso di Francia,3,50,7.91,1403.9499999999998,1407.9049999999997,1411.86,12,55.7,60.6,60.0,15.8,0.51,0.47,0.19,1.05,3116,0.8738,35,44,50,60,72,77,80,86
Festivi,Centro,38,13800007305429,Corso di Francia,3,50,7.91,1403.9499999999998,1407.9049999999997,1411.86,13,59.0,64.1,64.0,16.9,0.48,0.44,0.16,0.99,2663,0.7468,37,47,53,64,75,80,84,90
Festivi,Centro,38,13800007305429,Corso di Francia,3,50,7.91,1403.9499999999998,1407.9049999999997,1411.86,14,60.2,65.0,65.0,16.2,0.47,0.44,0.16,0.97,2044,0.5732,39,48,54,65,76,81,85,90
Festivi,Centro,38,13800007305429,Corso di Francia,3,50,7.91,1403.9499999999998,1407.9049999999997,1411.86,15,57.6,62.8,63.0,16.0,0.49,0.45,0.22,1.01,2495,0.6997,36,46,52,63,73,79,83,88
Festivi,Centro,38,13800007305429,Corso di Francia,3,50,7.91,1403.9499999999998,1407.9049999999997,1411.86,16,55.1,59.8,59.0,15.8,0.52,0.48,0.19,1.06,2703,0.758,35,43,49,59,70,75,79,84
Festivi,Centro,38,13800007305429,Corso di Francia,3,50,7.91,1403.9499999999998,1407.9049999999997,1411.86,17,52.2,56.8,56.0,15.5,0.55,0.51,0.19,1.12,2896,0.8121,33,41,46,56,66,73,76,82
Festivi,Centro,38,13800007305429,Corso di Francia,3,50,7.91,1403.9499999999998,1407.9049999999997,1411.86,18,53.1,57.7,57.0,14.8,0.54,0.5,0.29,1.1,2626,0.7364,34,43,48,57,67,72,76,82
Festivi,Centro,38,13800007305429,Corso di Francia,3,50,7.91,1403.9499999999998,1407.9049999999997,1411.86,19,54.6,59.4,59.0,15.2,0.52,0.48,0.23,1.07,2431,0.6817,35,44,49,59,69,75,78,85
Festivi,Centro,38,13800007305429,Corso di Francia,3,50,7.91,1403.9499999999998,1407.9049999999997,1411.86,20,54.3,59.4,60.0,15.6,0.52,0.47,0.3,1.07,2471,0.6929,34,43,48,60,69,75,79,84
Festivi,Centro,38,13800007305429,Corso di Francia,3,50,7.91,1403.9499999999998,1407.9049999999997,1411.86,21,61.6,66.7,67.0,17.6,0.46,0.43,0.16,0.95,1500,0.4206,39,48,54,67,78,84,88,97
Festivi,Centro,38,13800007305429,Corso di Francia,3,50,7.91,1403.9499999999998,1407.9049999999997,1411.86,22,60.7,65.5,65.0,17.4,0.47,0.44,0.14,0.96,1361,0.3817,39,47,53,65,77,82,87,95
Festivi,Centro,38,13800007305429,Corso di Francia,3,50,7.91,1403.9499999999998,1407.9049999999997,1411.86,23,59.6,65.5,64.0,19.0,0.48,0.44,0.19,0.98,1321,0.3704,39,46,51,64,78,84,90,98
Festivi,Centro,39,13800006917856,Corso di Francia,3,50,66.81,1411.86,1445.2649999999999,1478.6699999999998,0,54.4,61.4,61.0,20.3,4.42,3.94,1.7,1.0,2032,0.5698,31,40,45,61,75,81,87,95
Festivi,Centro,39,13800006917856,Corso di Francia,3,50,66.81,1411.86,1445.2649999999999,1478.6699999999998,1,56.7,64.2,63.0,20.2,4.24,3.82,2.94,0.96,1366,0.3831,34,43,49,63,77,84,90,97
Festivi,Centro,39,13800006917856,Corso di Francia,3,50,66.81,1411.86,1445.2649999999999,1478.6699999999998,2,61.1,67.8,67.0,20.7,3.93,3.59,1.42,0.89,872,0.2445,37,45,53,67,81,88,94,103
Festivi,Centro,39,13800006917856,Corso di Francia,3,50,66.81,1411.86,1445.2649999999999,1478.6699999999998,3,61.8,68.5,68.0,21.4,3.89,3.54,1.33,0.88,441,0.1237,37,45,52,68,83,91,96,101
Festivi,Centro,39,13800006917856,Corso di Francia,3,50,66.81,1411.86,1445.2649999999999,1478.6699999999998,4,60.7,68.1,69.0,21.1,3.96,3.49,1.54,0.9,416,0.1167,35,44,51,69,82,89,94,104
Festivi,Centro,39,13800006917856,Corso di Francia,3,50,66.81,1411.86,1445.2649999999999,1478.6699999999998,5,62.6,70.5,74.0,20.7,3.84,3.25,1.8,0.87,373,0.1046,35,47,56,74,84,90,95,100
Festivi,Centro,39,13800006917856,Corso di Francia,3,50,66.81,1411.86,1445.2649999999999,1478.6699999999998,6,59.7,69.2,70.0,21.8,4.03,3.44,2.21,0.91,450,0.1262,30,46,54,70,83,89,94,103
Festivi,Centro,39,13800006917856,Corso di Francia,3,50,66.81,1411.86,1445.2649999999999,1478.6699999999998,7,62.5,68.9,71.0,18.2,3.85,3.39,1.5,0.87,619,0.1736,34,48,58,71,81,86,90,95
Festivi,Centro,39,13800006917856,Corso di Francia,3,50,66.81,1411.86,1445.2649999999999,1478.6699999999998,8,61.0,67.0,68.0,17.9,3.94,3.54,1.54,0.89,1071,0.3003,38,47,55,68,79,85,88,96
Festivi,Centro,39,13800006917856,Corso di Francia,3,50,66.81,1411.86,1445.2649999999999,1478.6699999999998,9,55.5,62.6,64.0,17.9,4.34,3.76,2.18,0.98,1786,0.5008,33,42,50,64,75,80,84,90
Festivi,Centro,39,13800006917856,Corso di Francia,3,50,66.81,1411.86,1445.2649999999999,1478.6699999999998,10,54.3,60.3,61.0,16.7,4.43,3.94,2.01,1.0,2288,0.6416,33,41,49,61,72,77,81,86
Festivi,Centro,39,13800006917856,Corso di Francia,3,50,66.81,1411.86,1445.2649999999999,1478.6699999999998,11,53.1,59.6,61.0,16.7,4.53,3.94,3.35,1.02,2545,0.7137,33,41,48,61,72,77,80,86
Festivi,Centro,39,13800006917856,Corso di Francia,3,50,66.81,1411.86,1445.2649999999999,1478.6699999999998,12,53.8,59.7,60.0,17.1,4.47,4.01,1.85,1.01,3112,0.8727,31,40,47,60,72,77,81,87
Festivi,Centro,39,13800006917856,Corso di Francia,3,50,66.81,1411.86,1445.2649999999999,1478.6699999999998,13,56.3,63.1,64.0,18.4,4.27,3.76,2.72,0.97,2658,0.7454,33,42,50,64,76,80,85,91
Festivi,Centro,39,13800006917856,Corso di Francia,3,50,66.81,1411.86,1445.2649999999999,1478.6699999999998,14,58.2,64.1,65.0,17.7,4.14,3.7,1.7,0.94,2035,0.5707,35,44,51,65,77,82,86,91
Festivi,Centro,39,13800006917856,Corso di Francia,3,50,66.81,1411.86,1445.2649999999999,1478.6699999999998,15,55.3,61.8,63.0,17.4,4.35,3.82,2.1,0.98,2487,0.6974,33,42,49,63,74,80,83,88
Festivi,Centro,39,13800006917856,Corso di Francia,3,50,66.81,1411.86,1445.2649999999999,1478.6699999999998,16,53.0,58.8,59.0,16.9,4.54,4.08,2.55,1.03,2697,0.7563,32,40,47,59,70,76,79,85
Festivi,Centro,39,13800006917856,Corso di Francia,3,50,66.81,1411.86,1445.2649999999999,1478.6699999999998,17,50.4,55.9,56.0,16.5,4.77,4.29,1.83,1.08,2878,0.8071,30,38,44,56,67,73,76,82
Festivi,Centro,39,13800006917856,Corso di Francia,3,50,66.81,1411.86,1445.2649999999999,1478.6699999999998,18,51.3,56.5,57.0,15.9,4.69,4.22,1.82,1.06,2613,0.7328,30,40,45,57,67,72,76,82
Festivi,Centro,39,13800006917856,Corso di Francia,3,50,66.81,1411.86,1445.2649999999999,1478.6699999999998,19,53.5,58.7,59.0,16.1,4.5,4.08,1.72,1.02,2420,0.6786,32,41,47,59,70,75,79,85
Festivi,Centro,39,13800006917856,Corso di Francia,3,50,66.81,1411.86,1445.2649999999999,1478.6699999999998,20,53.0,58.4,59.0,16.7,4.54,4.08,1.63,1.03,2466,0.6915,32,39,46,59,69,75,79,85
Festivi,Centro,39,13800006917856,Corso di Francia,3,50,66.81,1411.86,1445.2649999999999,1478.6699999999998,21,58.4,65.4,66.0,19.2,4.12,3.64,2.13,0.93,1495,0.4192,34,44,52,66,78,85,89,97
Festivi,Centro,39,13800006917856,Corso di Francia,3,50,66.81,1411.86,1445.2649999999999,1478.6699999999998,22,57.4,63.9,65.0,19.4,4.19,3.7,1.61,0.95,1358,0.3808,34,42,48,65,78,84,88,95
Festivi,Centro,39,13800006917856,Corso di Francia,3,50,66.81,1411.86,1445.2649999999999,1478.6699999999998,23,55.9,63.4,63.0,21.0,4.3,3.82,1.89,0.97,1313,0.3682,32,39,46,63,78,85,90,98
Festivi,Centro,40,13800007335858,Corso di Francia,3,50,12.63,1478.6699999999998,1484.985,1491.3,0,57.9,67.1,67.0,20.3,0.78,0.68,0.56,1.0,1615,0.4529,34,46,54,67,79,86,92,99
Festivi,Centro,40,13800007335858,Corso di Francia,3,50,12.63,1478.6699999999998,1484.985,1491.3,1,60.5,68.2,68.0,20.5,0.75,0.67,0.38,0.96,1172,0.3287,36,47,55,68,81,88,93,100
Festivi,Centro,40,13800007335858,Corso di Francia,3,50,12.63,1478.6699999999998,1484.985,1491.3,2,61.9,70.7,70.0,21.1,0.73,0.65,0.43,0.94,785,0.2201,35,51,57,70,83,91,96,105
Festivi,Centro,40,13800007335858,Corso di Francia,3,50,12.63,1478.6699999999998,1484.985,1491.3,3,64.2,72.3,72.0,21.5,0.71,0.63,0.36,0.9,390,0.1094,38,51,58,72,87,94,98,103
Festivi,Centro,40,13800007335858,Corso di Francia,3,50,12.63,1478.6699999999998,1484.985,1491.3,4,57.7,68.8,72.0,22.9,0.79,0.63,0.47,1.0,391,0.1096,28,42,54,72,83,91,95,105
Festivi,Centro,40,13800007335858,Corso di Francia,3,50,12.63,1478.6699999999998,1484.985,1491.3,5,68.9,74.8,77.0,19.2,0.66,0.59,0.23,0.84,327,0.0917,42,53,63,77,87,92,97,103
Festivi,Centro,40,13800007335858,Corso di Francia,3,50,12.63,1478.6699999999998,1484.985,1491.3,6,68.0,74.1,75.0,20.1,0.67,0.61,0.23,0.85,408,0.1144,42,53,60,75,86,92,98,109
Festivi,Centro,40,13800007335858,Corso di Francia,3,50,12.63,1478.6699999999998,1484.985,1491.3,7,63.4,72.3,74.0,16.8,0.72,0.61,1.06,0.91,566,0.1587,41,56,63,74,83,88,92,97
Festivi,Centro,40,13800007335858,Corso di Francia,3,50,12.63,1478.6699999999998,1484.985,1491.3,8,64.5,70.6,71.0,17.0,0.71,0.64,0.45,0.9,953,0.2672,42,53,60,71,81,87,91,98
Festivi,Centro,40,13800007335858,Corso di Francia,3,50,12.63,1478.6699999999998,1484.985,1491.3,9,61.4,66.8,68.0,16.6,0.74,0.67,0.29,0.94,1560,0.4375,36,49,57,68,78,83,86,92
Festivi,Centro,40,13800007335858,Corso di Francia,3,50,12.63,1478.6699999999998,1484.985,1491.3,10,56.2,63.2,64.0,16.7,0.81,0.71,0.56,1.03,2071,0.5808,35,46,53,64,75,80,83,88
Festivi,Centro,40,13800007335858,Corso di Francia,3,50,12.63,1478.6699999999998,1484.985,1491.3,11,53.1,62.5,63.0,16.7,0.86,0.72,1.78,1.09,2297,0.6441,34,45,52,63,74,79,83,89
Festivi,Centro,40,13800007335858,Corso di Francia,3,50,12.63,1478.6699999999998,1484.985,1491.3,12,57.5,63.1,64.0,16.7,0.79,0.71,0.34,1.01,2804,0.7863,35,45,52,64,74,80,84,90
Festivi,Centro,40,13800007335858,Corso di Francia,3,50,12.63,1478.6699999999998,1484.985,1491.3,13,58.9,66.3,68.0,18.4,0.77,0.67,0.46,0.98,2393,0.6711,34,47,55,68,78,83,86,93
Festivi,Centro,40,13800007335858,Corso di Francia,3,50,12.63,1478.6699999999998,1484.985,1491.3,14,59.0,66.8,69.0,18.3,0.77,0.66,0.47,0.98,1855,0.5202,35,47,55,69,79,85,88,94
Festivi,Centro,40,13800007335858,Corso di Francia,3,50,12.63,1478.6699999999998,1484.985,1491.3,15,57.2,64.5,66.0,17.7,0.79,0.69,0.47,1.01,2268,0.636,34,46,54,66,77,82,85,90
Festivi,Centro,40,13800007335858,Corso di Francia,3,50,12.63,1478.6699999999998,1484.985,1491.3,16,54.9,61.5,62.0,17.1,0.83,0.73,0.59,1.06,2429,0.6812,34,44,50,62,72,79,81,87
Festivi,Centro,40,13800007335858,Corso di Francia,3,50,12.63,1478.6699999999998,1484.985,1491.3,17,50.8,58.0,58.0,16.9,0.89,0.78,0.58,1.14,2628,0.737,31,41,47,58,69,75,79,85
Festivi,Centro,40,13800007335858,Corso di Francia,3,50,12.63,1478.6699999999998,1484.985,1491.3,18,50.8,58.3,59.0,16.6,0.9,0.77,0.66,1.14,2406,0.6747,30,42,48,59,68,75,78,84
Festivi,Centro,40,13800007335858,Corso di Francia,3,50,12.63,1478.6699999999998,1484.985,1491.3,19,55.2,61.0,62.0,16.2,0.82,0.73,0.44,1.05,2226,0.6242,33,44,51,62,71,77,81,86
Festivi,Centro,40,13800007335858,Corso di Francia,3,50,12.63,1478.6699999999998,1484.985,1491.3,20,53.0,60.5,61.0,17.0,0.86,0.75,0.68,1.09,2272,0.6371,32,43,49,61,72,77,81,88
Festivi,Centro,40,13800007335858,Corso di Francia,3,50,12.63,1478.6699999999998,1484.985,1491.3,21,61.8,68.7,69.0,18.6,0.74,0.66,0.38,0.94,1349,0.3783,38,50,57,69,80,87,92,99
Festivi,Centro,40,13800007335858,Corso di Francia,3,50,12.63,1478.6699999999998,1484.985,1491.3,22,62.7,69.0,70.0,18.6,0.73,0.65,0.3,0.92,1146,0.3214,38,49,57,70,81,87,92,97
Festivi,Centro,40,13800007335858,Corso di Francia,3,50,12.63,1478.6699999999998,1484.985,1491.3,23,62.4,69.1,68.0,20.2,0.73,0.67,0.29,0.93,1086,0.3045,35,48,56,68,82,88,93,101
Festivi,Centro,41,13800007335859,Corso di Francia,3,50,19.4,1491.3,1501.0,1510.7,0,59.9,67.3,67.0,20.1,1.17,1.04,0.53,1.0,1618,0.4537,34,47,55,67,80,87,92,100
Festivi,Centro,41,13800007335859,Corso di Francia,3,50,19.4,1491.3,1501.0,1510.7,1,61.4,68.3,67.0,20.4,1.14,1.04,0.45,0.97,1174,0.3292,36,47,55,67,81,89,93,100
Festivi,Centro,41,13800007335859,Corso di Francia,3,50,19.4,1491.3,1501.0,1510.7,2,62.3,70.8,70.0,21.3,1.12,1.0,0.62,0.96,786,0.2204,35,51,58,70,84,91,97,104
Festivi,Centro,41,13800007335859,Corso di Francia,3,50,19.4,1491.3,1501.0,1510.7,3,63.5,72.2,71.0,21.9,1.1,0.98,0.59,0.94,392,0.1099,37,51,58,71,87,94,98,105
Festivi,Centro,41,13800007335859,Corso di Francia,3,50,19.4,1491.3,1501.0,1510.7,4,58.4,69.0,71.0,22.9,1.2,0.98,0.66,1.03,391,0.1096,28,43,54,71,83,91,95,104
Festivi,Centro,41,13800007335859,Corso di Francia,3,50,19.4,1491.3,1501.0,1510.7,5,69.0,74.9,77.0,19.3,1.01,0.91,0.34,0.87,326,0.0914,43,53,63,77,88,93,97,103
Festivi,Centro,41,13800007335859,Corso di Francia,3,50,19.4,1491.3,1501.0,1510.7,6,68.1,74.3,75.0,20.2,1.03,0.93,0.36,0.88,408,0.1144,42,53,60,75,86,93,100,110
Festivi,Centro,41,13800007335859,Corso di Francia,3,50,19.4,1491.3,1501.0,1510.7,7,67.5,72.6,74.0,16.8,1.04,0.94,0.35,0.89,566,0.1587,41,56,63,74,83,88,93,98
Festivi,Centro,41,13800007335859,Corso di Francia,3,50,19.4,1491.3,1501.0,1510.7,8,65.1,70.6,71.0,17.0,1.07,0.98,0.48,0.92,952,0.267,43,53,60,71,81,87,91,99
Festivi,Centro,41,13800007335859,Corso di Francia,3,50,19.4,1491.3,1501.0,1510.7,9,61.8,66.9,68.0,16.5,1.13,1.03,0.39,0.97,1558,0.4369,36,49,57,68,78,83,87,92
Festivi,Centro,41,13800007335859,Corso di Francia,3,50,19.4,1491.3,1501.0,1510.7,10,57.5,63.5,64.0,16.5,1.21,1.09,0.55,1.04,2071,0.5808,35,46,53,64,75,80,83,89
Festivi,Centro,41,13800007335859,Corso di Francia,3,50,19.4,1491.3,1501.0,1510.7,11,56.9,62.7,63.0,16.5,1.23,1.11,0.54,1.05,2298,0.6444,34,45,53,63,74,79,83,89
Festivi,Centro,41,13800007335859,Corso di Francia,3,50,19.4,1491.3,1501.0,1510.7,12,57.8,63.4,64.0,16.7,1.21,1.09,0.52,1.04,2802,0.7858,35,46,53,64,75,80,84,90
Festivi,Centro,41,13800007335859,Corso di Francia,3,50,19.4,1491.3,1501.0,1510.7,13,60.2,66.6,68.0,18.4,1.16,1.03,0.47,0.99,2397,0.6722,34,47,55,68,78,83,87,94
Festivi,Centro,41,13800007335859,Corso di Francia,3,50,19.4,1491.3,1501.0,1510.7,14,60.8,67.2,69.0,18.1,1.15,1.01,0.47,0.98,1855,0.5202,35,47,56,69,80,85,89,94
Festivi,Centro,41,13800007335859,Corso di Francia,3,50,19.4,1491.3,1501.0,1510.7,15,58.4,64.7,66.0,17.6,1.2,1.06,0.51,1.03,2267,0.6357,34,46,54,66,77,82,85,90
Festivi,Centro,41,13800007335859,Corso di Francia,3,50,19.4,1491.3,1501.0,1510.7,16,56.2,61.7,62.0,16.9,1.24,1.13,0.47,1.06,2429,0.6812,34,44,51,62,72,78,82,88
Festivi,Centro,41,13800007335859,Corso di Francia,3,50,19.4,1491.3,1501.0,1510.7,17,52.6,58.2,58.0,16.4,1.33,1.2,0.57,1.14,2625,0.7361,32,42,47,58,68,74,78,85
Festivi,Centro,41,13800007335859,Corso di Francia,3,50,19.4,1491.3,1501.0,1510.7,18,52.9,58.5,59.0,16.1,1.32,1.18,0.55,1.13,2408,0.6753,31,43,49,59,68,74,78,85
Festivi,Centro,41,13800007335859,Corso di Francia,3,50,19.4,1491.3,1501.0,1510.7,19,56.1,61.2,62.0,15.9,1.24,1.13,0.46,1.07,2228,0.6248,33,45,52,62,71,77,81,87
Festivi,Centro,41,13800007335859,Corso di Francia,3,50,19.4,1491.3,1501.0,1510.7,20,55.4,60.8,61.0,16.6,1.26,1.14,0.46,1.08,2272,0.6371,33,43,50,61,71,76,81,88
Festivi,Centro,41,13800007335859,Corso di Francia,3,50,19.4,1491.3,1501.0,1510.7,21,62.8,69.0,69.0,18.6,1.11,1.01,0.45,0.95,1350,0.3786,38,50,57,69,81,87,92,99
Festivi,Centro,41,13800007335859,Corso di Francia,3,50,19.4,1491.3,1501.0,1510.7,22,63.4,69.1,70.0,18.4,1.1,1.0,0.39,0.94,1145,0.3211,38,49,57,70,81,87,92,97
Festivi,Centro,41,13800007335859,Corso di Francia,3,50,19.4,1491.3,1501.0,1510.7,23,62.7,69.3,69.0,20.1,1.11,1.01,0.42,0.96,1084,0.304,35,49,56,69,82,89,94,102
Festivi,Centro,42,13800007335860,Corso di Francia,3,50,13.2,1510.7,1517.3,1523.9,0,62.0,68.5,68.0,19.9,0.77,0.7,0.29,1.0,1619,0.454,37,48,55,68,81,88,93,101
Festivi,Centro,42,13800007335860,Corso di Francia,3,50,13.2,1510.7,1517.3,1523.9,1,62.9,69.3,67.0,20.8,0.76,0.71,0.27,0.99,1177,0.3301,38,48,56,67,82,89,94,105
Festivi,Centro,42,13800007335860,Corso di Francia,3,50,13.2,1510.7,1517.3,1523.9,2,65.3,71.8,71.0,20.7,0.73,0.67,0.26,0.95,790,0.2215,39,51,59,71,85,92,98,106
Festivi,Centro,42,13800007335860,Corso di Francia,3,50,13.2,1510.7,1517.3,1523.9,3,65.6,73.0,72.0,21.4,0.72,0.66,0.33,0.94,394,0.1105,38,52,58,72,87,95,99,105
Festivi,Centro,42,13800007335860,Corso di Francia,3,50,13.2,1510.7,1517.3,1523.9,4,62.6,70.6,71.0,21.8,0.76,0.67,0.31,0.99,392,0.1099,34,45,55,71,84,92,99,105
Festivi,Centro,42,13800007335860,Corso di Francia,3,50,13.2,1510.7,1517.3,1523.9,5,69.8,75.7,78.0,19.7,0.68,0.61,0.23,0.89,327,0.0917,44,55,63,78,89,94,98,107
Festivi,Centro,42,13800007335860,Corso di Francia,3,50,13.2,1510.7,1517.3,1523.9,6,69.2,75.2,76.0,20.3,0.69,0.63,0.22,0.89,408,0.1144,43,54,61,76,87,93,100,111
Festivi,Centro,42,13800007335860,Corso di Francia,3,50,13.2,1510.7,1517.3,1523.9,7,68.6,73.3,75.0,16.6,0.69,0.63,0.21,0.9,565,0.1584,42,57,64,75,84,89,94,98
Festivi,Centro,42,13800007335860,Corso di Francia,3,50,13.2,1510.7,1517.3,1523.9,8,66.4,71.4,71.0,17.1,0.72,0.67,0.25,0.93,954,0.2675,43,54,61,71,83,88,93,100
Festivi,Centro,42,13800007335860,Corso di Francia,3,50,13.2,1510.7,1517.3,1523.9,9,63.0,67.8,68.0,16.5,0.75,0.7,0.24,0.98,1560,0.4375,38,50,58,68,79,84,88,94
Festivi,Centro,42,13800007335860,Corso di Francia,3,50,13.2,1510.7,1517.3,1523.9,10,59.3,64.9,65.0,16.5,0.8,0.73,0.34,1.04,2073,0.5813,37,48,55,65,76,81,85,91
Festivi,Centro,42,13800007335860,Corso di Francia,3,50,13.2,1510.7,1517.3,1523.9,11,58.6,63.9,64.0,16.5,0.81,0.74,0.33,1.06,2304,0.6461,35,46,54,64,75,81,84,91
Festivi,Centro,42,13800007335860,Corso di Francia,3,50,13.2,1510.7,1517.3,1523.9,12,59.1,64.5,64.0,16.8,0.8,0.74,0.33,1.05,2803,0.786,36,47,54,64,75,81,85,92
Festivi,Centro,42,13800007335860,Corso di Francia,3,50,13.2,1510.7,1517.3,1523.9,13,61.7,67.7,69.0,18.3,0.77,0.69,0.28,1.0,2399,0.6727,36,48,56,69,79,85,88,97
Festivi,Centro,42,13800007335860,Corso di Francia,3,50,13.2,1510.7,1517.3,1523.9,14,62.8,68.6,70.0,18.0,0.76,0.68,0.28,0.99,1856,0.5205,37,49,57,70,81,86,90,95
Festivi,Centro,42,13800007335860,Corso di Francia,3,50,13.2,1510.7,1517.3,1523.9,15,60.0,65.7,67.0,17.4,0.79,0.71,0.3,1.03,2267,0.6357,36,47,55,67,77,83,86,92
Festivi,Centro,42,13800007335860,Corso di Francia,3,50,13.2,1510.7,1517.3,1523.9,16,57.8,62.9,63.0,16.8,0.82,0.75,0.3,1.07,2436,0.6831,35,46,52,63,73,79,83,90
Festivi,Centro,42,13800007335860,Corso di Francia,3,50,13.2,1510.7,1517.3,1523.9,17,54.2,59.3,59.0,16.2,0.88,0.81,0.32,1.14,2629,0.7372,33,43,49,59,69,75,79,86
Festivi,Centro,42,13800007335860,Corso di Francia,3,50,13.2,1510.7,1517.3,1523.9,18,54.8,59.8,60.0,15.8,0.87,0.79,0.31,1.13,2411,0.6761,33,44,50,60,69,75,80,87
Festivi,Centro,42,13800007335860,Corso di Francia,3,50,13.2,1510.7,1517.3,1523.9,19,57.6,62.2,63.0,15.7,0.82,0.75,0.27,1.07,2234,0.6265,35,46,52,63,72,78,81,87
Festivi,Centro,42,13800007335860,Corso di Francia,3,50,13.2,1510.7,1517.3,1523.9,20,56.8,61.9,62.0,16.6,0.84,0.77,0.29,1.09,2270,0.6366,34,44,51,62,72,78,82,89
Festivi,Centro,42,13800007335860,Corso di Francia,3,50,13.2,1510.7,1517.3,1523.9,21,64.2,70.1,70.0,18.7,0.74,0.68,0.27,0.96,1356,0.3803,40,51,58,70,82,89,94,102
Festivi,Centro,42,13800007335860,Corso di Francia,3,50,13.2,1510.7,1517.3,1523.9,22,64.1,69.8,70.0,18.2,0.74,0.68,0.32,0.97,1144,0.3208,40,50,58,70,81,87,92,98
Festivi,Centro,42,13800007335860,Corso di Francia,3,50,13.2,1510.7,1517.3,1523.9,23,64.0,70.1,69.0,19.9,0.74,0.69,0.26,0.97,1087,0.3048,38,50,57,69,83,90,95,104
Festivi,Centro,43,13800013612830,Corso di Francia,3,50,13.99,1523.9,1530.895,1537.89,0,62.8,69.0,68.0,19.7,0.8,0.74,0.29,1.0,1621,0.4546,39,49,56,68,81,88,93,102
Festivi,Centro,43,13800013612830,Corso di Francia,3,50,13.99,1523.9,1530.895,1537.89,1,63.6,69.7,68.0,20.4,0.79,0.74,0.27,0.99,1177,0.3301,39,48,56,68,82,89,95,105
Festivi,Centro,43,13800013612830,Corso di Francia,3,50,13.99,1523.9,1530.895,1537.89,2,66.1,72.4,71.0,20.4,0.76,0.71,0.26,0.95,790,0.2215,40,52,59,71,85,93,98,106
Festivi,Centro,43,13800013612830,Corso di Francia,3,50,13.99,1523.9,1530.895,1537.89,3,66.2,73.4,73.0,21.3,0.76,0.69,0.35,0.95,394,0.1105,39,52,58,73,88,96,99,106
Festivi,Centro,43,13800013612830,Corso di Francia,3,50,13.99,1523.9,1530.895,1537.89,4,63.9,71.3,72.0,21.4,0.79,0.7,0.3,0.98,392,0.1099,36,47,55,72,84,92,99,106
Festivi,Centro,43,13800013612830,Corso di Francia,3,50,13.99,1523.9,1530.895,1537.89,5,70.1,76.0,79.0,19.5,0.72,0.64,0.24,0.9,327,0.0917,45,54,63,79,89,94,99,106
Festivi,Centro,43,13800013612830,Corso di Francia,3,50,13.99,1523.9,1530.895,1537.89,6,69.4,75.5,76.0,20.4,0.73,0.66,0.24,0.9,408,0.1144,43,55,62,76,87,93,100,111
Festivi,Centro,43,13800013612830,Corso di Francia,3,50,13.99,1523.9,1530.895,1537.89,7,69.1,73.7,75.0,16.6,0.73,0.67,0.22,0.91,564,0.1582,43,58,64,75,85,90,95,98
Festivi,Centro,43,13800013612830,Corso di Francia,3,50,13.99,1523.9,1530.895,1537.89,8,67.1,71.9,72.0,17.1,0.75,0.7,0.26,0.94,954,0.2675,44,54,61,72,83,89,93,100
Festivi,Centro,43,13800013612830,Corso di Francia,3,50,13.99,1523.9,1530.895,1537.89,9,63.4,68.2,69.0,16.5,0.79,0.73,0.25,0.99,1561,0.4377,39,51,58,69,79,85,88,94
Festivi,Centro,43,13800013612830,Corso di Francia,3,50,13.99,1523.9,1530.895,1537.89,10,60.1,65.5,66.0,16.4,0.84,0.76,0.36,1.05,2071,0.5808,37,49,55,66,76,81,86,91
Festivi,Centro,43,13800013612830,Corso di Francia,3,50,13.99,1523.9,1530.895,1537.89,11,59.4,64.5,65.0,16.4,0.85,0.77,0.31,1.06,2307,0.6469,36,47,54,65,75,81,85,91
Festivi,Centro,43,13800013612830,Corso di Francia,3,50,13.99,1523.9,1530.895,1537.89,12,59.7,65.0,65.0,16.7,0.84,0.77,0.35,1.05,2803,0.786,37,48,55,65,76,81,85,92
Festivi,Centro,43,13800013612830,Corso di Francia,3,50,13.99,1523.9,1530.895,1537.89,13,62.3,68.2,69.0,18.3,0.81,0.73,0.29,1.01,2403,0.6739,36,49,57,69,80,85,89,97
Festivi,Centro,43,13800013612830,Corso di Francia,3,50,13.99,1523.9,1530.895,1537.89,14,63.4,69.1,70.0,17.8,0.79,0.72,0.32,0.99,1855,0.5202,38,49,58,70,81,87,90,96
Festivi,Centro,43,13800013612830,Corso di Francia,3,50,13.99,1523.9,1530.895,1537.89,15,60.6,66.2,67.0,17.3,0.83,0.75,0.31,1.04,2272,0.6371,36,48,56,67,78,83,87,93
Festivi,Centro,43,13800013612830,Corso di Francia,3,50,13.99,1523.9,1530.895,1537.89,16,58.5,63.5,63.0,16.7,0.86,0.8,0.31,1.07,2436,0.6831,36,47,53,63,74,80,84,90
Festivi,Centro,43,13800013612830,Corso di Francia,3,50,13.99,1523.9,1530.895,1537.89,17,55.1,60.0,60.0,16.0,0.91,0.84,0.32,1.14,2631,0.7378,34,43,50,60,70,76,80,86
Festivi,Centro,43,13800013612830,Corso di Francia,3,50,13.99,1523.9,1530.895,1537.89,18,55.5,60.3,60.0,15.8,0.91,0.84,0.33,1.13,2411,0.6761,34,45,50,60,70,76,80,87
Festivi,Centro,43,13800013612830,Corso di Francia,3,50,13.99,1523.9,1530.895,1537.89,19,58.2,62.6,63.0,15.6,0.87,0.8,0.27,1.08,2236,0.627,36,47,53,63,73,78,81,87
Festivi,Centro,43,13800013612830,Corso di Francia,3,50,13.99,1523.9,1530.895,1537.89,20,57.5,62.4,63.0,16.4,0.88,0.8,0.29,1.09,2272,0.6371,35,45,52,63,72,78,83,89
Festivi,Centro,43,13800013612830,Corso di Francia,3,50,13.99,1523.9,1530.895,1537.89,21,65.0,70.6,70.0,18.6,0.78,0.72,0.28,0.97,1357,0.3805,41,51,58,70,82,90,94,103
Festivi,Centro,43,13800013612830,Corso di Francia,3,50,13.99,1523.9,1530.895,1537.89,22,64.3,70.1,70.0,18.2,0.78,0.72,0.41,0.98,1144,0.3208,41,51,58,70,81,88,92,98
Festivi,Centro,43,13800013612830,Corso di Francia,3,50,13.99,1523.9,1530.895,1537.89,23,64.6,70.6,69.0,19.8,0.78,0.73,0.26,0.97,1086,0.3045,39,50,57,69,83,90,95,103
Festivi,Centro,44,13800013612829,Corso di Francia,3,50,161.29,1537.89,1618.535,1699.18,0,65.1,70.8,69.0,19.7,8.93,8.42,2.97,1.0,1618,0.4537,42,51,57,69,83,89,95,106
Festivi,Centro,44,13800013612829,Corso di Francia,3,50,161.29,1537.89,1618.535,1699.18,1,65.9,71.5,70.0,20.0,8.81,8.29,2.72,0.99,1174,0.3292,43,52,58,70,84,91,97,107
Festivi,Centro,44,13800013612829,Corso di Francia,3,50,161.29,1537.89,1618.535,1699.18,2,67.7,73.8,72.0,20.8,8.57,8.06,2.81,0.96,787,0.2207,44,54,59,72,86,95,101,109
Festivi,Centro,44,13800013612829,Corso di Francia,3,50,161.29,1537.89,1618.535,1699.18,3,69.2,74.9,73.0,20.7,8.39,7.95,2.58,0.94,395,0.1108,45,54,60,73,88,97,101,109
Festivi,Centro,44,13800013612829,Corso di Francia,3,50,161.29,1537.89,1618.535,1699.18,4,68.3,74.4,74.0,19.9,8.5,7.85,2.98,0.95,391,0.1096,42,55,61,74,85,95,100,107
Festivi,Centro,44,13800013612829,Corso di Francia,3,50,161.29,1537.89,1618.535,1699.18,5,70.9,76.8,79.0,19.8,8.19,7.35,2.79,0.92,325,0.0911,47,56,62,79,89,97,101,108
Festivi,Centro,44,13800013612829,Corso di Francia,3,50,161.29,1537.89,1618.535,1699.18,6,70.1,75.8,76.0,20.1,8.29,7.64,2.63,0.93,408,0.1144,44,55,62,76,88,94,101,111
Festivi,Centro,44,13800013612829,Corso di Francia,3,50,161.29,1537.89,1618.535,1699.18,7,70.0,74.8,76.0,17.2,8.29,7.64,2.51,0.93,562,0.1576,43,58,64,76,86,91,96,101
Festivi,Centro,44,13800013612829,Corso di Francia,3,50,161.29,1537.89,1618.535,1699.18,8,68.2,73.0,73.0,17.2,8.52,7.95,3.02,0.95,952,0.267,45,56,62,73,83,90,95,102
Festivi,Centro,44,13800013612829,Corso di Francia,3,50,161.29,1537.89,1618.535,1699.18,9,64.7,69.3,70.0,16.6,8.98,8.29,2.72,1.01,1551,0.4349,40,52,59,70,80,86,90,95
Festivi,Centro,44,13800013612829,Corso di Francia,3,50,161.29,1537.89,1618.535,1699.18,10,61.8,67.0,68.0,16.6,9.39,8.54,3.57,1.05,2065,0.5791,38,50,57,68,78,83,88,92
Festivi,Centro,44,13800013612829,Corso di Francia,3,50,161.29,1537.89,1618.535,1699.18,11,61.4,66.2,67.0,16.4,9.46,8.67,3.15,1.06,2298,0.6444,37,49,57,67,76,83,87,93
Festivi,Centro,44,13800013612829,Corso di Francia,3,50,161.29,1537.89,1618.535,1699.18,12,61.8,66.5,67.0,16.6,9.39,8.67,2.92,1.05,2788,0.7818,38,49,56,67,77,83,87,93
Festivi,Centro,44,13800013612829,Corso di Francia,3,50,161.29,1537.89,1618.535,1699.18,13,64.2,69.9,71.0,18.4,9.04,8.18,3.05,1.01,2389,0.6699,38,50,58,71,82,87,91,99
Festivi,Centro,44,13800013612829,Corso di Francia,3,50,161.29,1537.89,1618.535,1699.18,14,65.4,70.8,72.0,17.8,8.87,8.06,2.99,0.99,1847,0.5179,41,52,59,72,83,89,92,98
Festivi,Centro,44,13800013612829,Corso di Francia,3,50,161.29,1537.89,1618.535,1699.18,15,62.5,67.7,68.0,17.3,9.29,8.54,3.13,1.04,2262,0.6343,38,49,57,68,79,85,89,95
Festivi,Centro,44,13800013612829,Corso di Francia,3,50,161.29,1537.89,1618.535,1699.18,16,60.0,64.8,65.0,16.5,9.67,8.93,3.35,1.08,2427,0.6806,37,48,54,65,75,81,85,91
Festivi,Centro,44,13800013612829,Corso di Francia,3,50,161.29,1537.89,1618.535,1699.18,17,57.7,62.1,62.0,15.8,10.07,9.37,3.11,1.13,2620,0.7347,35,46,52,62,72,78,82,89
Festivi,Centro,44,13800013612829,Corso di Francia,3,50,161.29,1537.89,1618.535,1699.18,18,58.1,62.2,62.0,15.3,9.99,9.37,2.88,1.12,2389,0.6699,38,46,52,62,71,77,81,88
Festivi,Centro,44,13800013612829,Corso di Francia,3,50,161.29,1537.89,1618.535,1699.18,19,60.0,64.2,64.0,15.6,9.68,9.07,2.86,1.08,2228,0.6248,38,48,54,64,74,80,84,89
Festivi,Centro,44,13800013612829,Corso di Francia,3,50,161.29,1537.89,1618.535,1699.18,20,59.3,63.9,64.0,16.3,9.79,9.07,3.06,1.1,2260,0.6338,37,47,54,64,74,80,83,91
Festivi,Centro,44,13800013612829,Corso di Francia,3,50,161.29,1537.89,1618.535,1699.18,21,66.6,72.0,72.0,18.7,8.71,8.06,2.95,0.98,1351,0.3789,43,53,59,72,83,92,96,104
Festivi,Centro,44,13800013612829,Corso di Francia,3,50,161.29,1537.89,1618.535,1699.18,22,66.2,71.2,71.0,18.2,8.77,8.18,2.65,0.98,1140,0.3197,42,53,59,71,82,89,93,101
Festivi,Centro,44,13800013612829,Corso di Francia,3,50,161.29,1537.89,1618.535,1699.18,23,66.2,72.0,71.0,19.8,8.77,8.18,2.84,0.98,1081,0.3031,42,51,58,71,85,92,97,106
Festivi,Centro,45,13800012635043,Corso di Francia,3,50,60.71,1699.18,1729.535,1759.89,0,69.4,76.3,76.0,21.4,3.15,2.88,1.15,1.0,1619,0.454,42,54,62,76,89,98,104,115
Festivi,Centro,45,13800012635043,Corso di Francia,3,50,60.71,1699.18,1729.535,1759.89,1,71.0,76.9,76.0,20.4,3.08,2.88,1.01,0.98,1184,0.332,45,56,63,76,89,97,103,113
Festivi,Centro,45,13800012635043,Corso di Francia,3,50,60.71,1699.18,1729.535,1759.89,2,72.8,79.5,80.0,21.7,3.0,2.73,1.04,0.95,804,0.2255,45,57,65,80,93,101,106,116
Festivi,Centro,45,13800012635043,Corso di Francia,3,50,60.71,1699.18,1729.535,1759.89,3,74.1,80.4,80.0,21.6,2.95,2.73,0.95,0.94,395,0.1108,46,60,66,80,96,103,106,117
Festivi,Centro,45,13800012635043,Corso di Francia,3,50,60.71,1699.18,1729.535,1759.89,4,74.6,81.3,81.0,21.2,2.93,2.7,1.11,0.93,396,0.111,46,61,68,81,94,103,109,118
Festivi,Centro,45,13800012635043,Corso di Francia,3,50,60.71,1699.18,1729.535,1759.89,5,75.5,82.4,85.0,21.1,2.9,2.57,1.09,0.92,319,0.0895,46,59,68,85,96,103,107,113
Festivi,Centro,45,13800012635043,Corso di Francia,3,50,60.71,1699.18,1729.535,1759.89,6,73.7,80.3,81.0,21.4,2.97,2.7,1.01,0.94,412,0.1155,45,58,66,81,93,102,107,119
Festivi,Centro,45,13800012635043,Corso di Francia,3,50,60.71,1699.18,1729.535,1759.89,7,73.5,79.2,81.0,18.9,2.97,2.7,0.97,0.94,564,0.1582,44,59,68,81,91,98,103,108
Festivi,Centro,45,13800012635043,Corso di Francia,3,50,60.71,1699.18,1729.535,1759.89,8,71.4,77.6,78.0,19.3,3.06,2.8,1.21,0.97,950,0.2664,44,57,66,78,90,97,102,109
Festivi,Centro,45,13800012635043,Corso di Francia,3,50,60.71,1699.18,1729.535,1759.89,9,68.1,73.9,75.0,18.8,3.21,2.91,1.09,1.02,1560,0.4375,40,54,62,75,87,93,97,104
Festivi,Centro,45,13800012635043,Corso di Francia,3,50,60.71,1699.18,1729.535,1759.89,10,65.0,71.4,73.0,18.6,3.36,2.99,1.39,1.07,2078,0.5827,38,52,60,73,84,90,94,100
Festivi,Centro,45,13800012635043,Corso di Francia,3,50,60.71,1699.18,1729.535,1759.89,11,64.7,70.9,72.0,18.5,3.38,3.04,1.28,1.07,2309,0.6475,37,51,60,72,83,89,93,99
Festivi,Centro,45,13800012635043,Corso di Francia,3,50,60.71,1699.18,1729.535,1759.89,12,65.4,71.4,72.0,18.7,3.34,3.04,1.18,1.06,2798,0.7846,37,51,60,72,84,90,94,100
Festivi,Centro,45,13800012635043,Corso di Francia,3,50,60.71,1699.18,1729.535,1759.89,13,67.6,74.5,77.0,20.3,3.23,2.84,1.23,1.03,2404,0.6741,38,53,62,77,88,94,98,105
Festivi,Centro,45,13800012635043,Corso di Francia,3,50,60.71,1699.18,1729.535,1759.89,14,69.7,76.0,78.0,19.6,3.14,2.8,1.13,1.0,1855,0.5202,41,54,64,78,89,95,100,106
Festivi,Centro,45,13800012635043,Corso di Francia,3,50,60.71,1699.18,1729.535,1759.89,15,66.1,72.5,74.0,19.0,3.3,2.95,1.24,1.05,2272,0.6371,38,52,61,74,85,91,95,102
Festivi,Centro,45,13800012635043,Corso di Francia,3,50,60.71,1699.18,1729.535,1759.89,16,64.1,70.0,71.0,18.8,3.41,3.08,1.18,1.08,2442,0.6848,36,51,59,71,82,88,93,99
Festivi,Centro,45,13800012635043,Corso di Francia,3,50,60.71,1699.18,1729.535,1759.89,17,61.9,67.4,68.0,17.7,3.53,3.21,1.24,1.12,2634,0.7386,36,49,56,68,79,85,89,97
Festivi,Centro,45,13800012635043,Corso di Francia,3,50,60.71,1699.18,1729.535,1759.89,18,62.9,67.9,68.0,17.2,3.47,3.21,1.11,1.1,2414,0.6769,39,51,57,68,79,85,89,96
Festivi,Centro,45,13800012635043,Corso di Francia,3,50,60.71,1699.18,1729.535,1759.89,19,64.5,69.8,70.0,17.6,3.39,3.12,1.12,1.08,2232,0.6259,38,52,59,70,81,87,92,97
Festivi,Centro,45,13800012635043,Corso di Francia,3,50,60.71,1699.18,1729.535,1759.89,20,63.0,68.8,69.0,18.3,3.47,3.17,1.21,1.1,2280,0.6394,36,49,57,69,80,87,91,97
Festivi,Centro,45,13800012635043,Corso di Francia,3,50,60.71,1699.18,1729.535,1759.89,21,70.9,76.8,77.0,19.8,3.08,2.84,1.0,0.98,1364,0.3825,44,56,63,77,90,97,102,109
Festivi,Centro,45,13800012635043,Corso di Francia,3,50,60.71,1699.18,1729.535,1759.89,22,69.9,75.8,76.0,20.1,3.13,2.88,1.03,0.99,1147,0.3216,43,55,63,76,88,96,102,111
Festivi,Centro,45,13800012635043,Corso di Francia,3,50,60.71,1699.18,1729.535,1759.89,23,70.2,76.8,77.0,20.7,3.11,2.84,1.1,0.99,1089,0.3054,41,55,65,77,89,97,102,111
Festivi,Centro,46,13800012194724,Corso di Francia,3,50,225.34,1759.89,1872.5600000000002,1985.23,0,67.1,73.4,73.0,20.2,12.1,11.11,4.35,1.0,1605,0.4501,42,53,60,73,85,93,98,108
Festivi,Centro,46,13800012194724,Corso di Francia,3,50,225.34,1759.89,1872.5600000000002,1985.23,1,68.7,74.3,74.0,19.7,11.8,10.96,3.72,0.98,1179,0.3306,44,54,61,74,86,93,99,108
Festivi,Centro,46,13800012194724,Corso di Francia,3,50,225.34,1759.89,1872.5600000000002,1985.23,2,70.5,76.6,76.0,20.6,11.51,10.67,3.81,0.95,810,0.2271,45,55,62,76,90,98,102,110
Festivi,Centro,46,13800012194724,Corso di Francia,3,50,225.34,1759.89,1872.5600000000002,1985.23,3,71.2,77.4,76.0,20.9,11.39,10.67,3.8,0.94,394,0.1105,44,59,64,76,92,98,103,111
Festivi,Centro,46,13800012194724,Corso di Francia,3,50,225.34,1759.89,1872.5600000000002,1985.23,4,71.0,78.1,78.0,20.3,11.43,10.4,4.91,0.94,395,0.1108,43,60,67,78,90,98,104,112
Festivi,Centro,46,13800012194724,Corso di Francia,3,50,225.34,1759.89,1872.5600000000002,1985.23,5,72.8,79.4,82.0,20.2,11.15,9.89,4.22,0.92,315,0.0883,45,57,67,82,92,98,102,110
Festivi,Centro,46,13800012194724,Corso di Francia,3,50,225.34,1759.89,1872.5600000000002,1985.23,6,70.6,76.7,78.0,20.2,11.48,10.4,3.81,0.95,412,0.1155,43,57,64,78,88,96,103,110
Festivi,Centro,46,13800012194724,Corso di Francia,3,50,225.34,1759.89,1872.5600000000002,1985.23,7,71.4,76.4,78.0,17.8,11.36,10.4,3.43,0.94,563,0.1579,43,58,66,78,88,95,98,105
Festivi,Centro,46,13800012194724,Corso di Francia,3,50,225.34,1759.89,1872.5600000000002,1985.23,8,69.3,74.6,75.0,18.1,11.71,10.82,3.91,0.97,943,0.2644,44,55,64,75,86,92,97,104
Festivi,Centro,46,13800012194724,Corso di Francia,3,50,225.34,1759.89,1872.5600000000002,1985.23,9,65.2,70.5,71.0,17.6,12.44,11.43,4.05,1.03,1552,0.4352,39,52,60,71,82,88,92,97
Festivi,Centro,46,13800012194724,Corso di Francia,3,50,225.34,1759.89,1872.5600000000002,1985.23,10,62.5,68.1,69.0,17.3,12.98,11.76,4.85,1.07,2075,0.5819,37,50,58,69,80,86,89,95
Festivi,Centro,46,13800012194724,Corso di Francia,3,50,225.34,1759.89,1872.5600000000002,1985.23,11,62.3,67.8,69.0,17.3,13.02,11.76,4.56,1.08,2281,0.6397,36,48,58,69,79,85,89,94
Festivi,Centro,46,13800012194724,Corso di Francia,3,50,225.34,1759.89,1872.5600000000002,1985.23,12,62.5,68.0,69.0,17.5,12.97,11.76,4.52,1.07,2782,0.7801,37,49,58,69,79,85,90,96
Festivi,Centro,46,13800012194724,Corso di Francia,3,50,225.34,1759.89,1872.5600000000002,1985.23,13,65.0,71.5,73.0,19.4,12.48,11.11,4.68,1.03,2391,0.6705,37,51,59,73,84,89,93,101
Festivi,Centro,46,13800012194724,Corso di Francia,3,50,225.34,1759.89,1872.5600000000002,1985.23,14,66.9,72.8,74.0,18.7,12.13,10.96,4.25,1.0,1844,0.5171,39,52,61,74,85,91,94,102
Festivi,Centro,46,13800012194724,Corso di Francia,3,50,225.34,1759.89,1872.5600000000002,1985.23,15,63.6,69.4,70.0,18.1,12.75,11.59,4.62,1.05,2253,0.6318,37,50,59,70,81,88,92,98
Festivi,Centro,46,13800012194724,Corso di Francia,3,50,225.34,1759.89,1872.5600000000002,1985.23,16,61.1,66.4,66.0,17.6,13.28,12.29,4.37,1.1,2425,0.68,36,48,55,66,78,84,88,94
Festivi,Centro,46,13800012194724,Corso di Francia,3,50,225.34,1759.89,1872.5600000000002,1985.23,17,59.1,64.1,64.0,16.6,13.72,12.68,4.61,1.13,2605,0.7305,35,47,54,64,74,80,85,92
Festivi,Centro,46,13800012194724,Corso di Francia,3,50,225.34,1759.89,1872.5600000000002,1985.23,18,59.7,64.2,64.0,16.1,13.58,12.68,4.17,1.12,2402,0.6736,37,48,54,64,74,80,85,91
Festivi,Centro,46,13800012194724,Corso di Francia,3,50,225.34,1759.89,1872.5600000000002,1985.23,19,61.4,66.2,66.0,16.5,13.21,12.29,4.2,1.09,2217,0.6217,37,49,56,66,77,83,87,93
Festivi,Centro,46,13800012194724,Corso di Francia,3,50,225.34,1759.89,1872.5600000000002,1985.23,20,59.8,65.4,66.0,17.6,13.57,12.29,5.1,1.12,2272,0.6371,35,47,55,66,77,82,86,94
Festivi,Centro,46,13800012194724,Corso di Francia,3,50,225.34,1759.89,1872.5600000000002,1985.23,21,68.8,74.1,74.0,18.7,11.8,10.96,3.65,0.98,1358,0.3808,43,55,62,74,86,93,98,105
Festivi,Centro,46,13800012194724,Corso di Francia,3,50,225.34,1759.89,1872.5600000000002,1985.23,22,67.4,72.7,72.0,18.7,12.03,11.27,3.74,0.99,1139,0.3194,42,53,61,72,84,91,96,105
Festivi,Centro,46,13800012194724,Corso di Francia,3,50,225.34,1759.89,1872.5600000000002,1985.23,23,67.9,73.8,74.0,19.5,11.95,10.96,4.03,0.99,1083,0.3037,41,55,62,74,85,93,98,107
Festivi,Centro,47,13800012635034,Corso di Francia,3,50,34.26,1985.23,2002.3600000000001,2019.49,0,65.3,70.7,71.0,18.5,1.89,1.74,0.63,1.0,1618,0.4537,41,52,59,71,82,88,93,102
Festivi,Centro,47,13800012635034,Corso di Francia,3,50,34.26,1985.23,2002.3600000000001,2019.49,1,67.2,72.3,72.0,18.4,1.83,1.71,0.56,0.97,1190,0.3337,44,53,60,72,82,89,95,103
Festivi,Centro,47,13800012635034,Corso di Francia,3,50,34.26,1985.23,2002.3600000000001,2019.49,2,68.5,74.0,73.0,19.0,1.8,1.69,0.58,0.95,820,0.2299,44,54,61,73,87,93,98,105
Festivi,Centro,47,13800012635034,Corso di Francia,3,50,34.26,1985.23,2002.3600000000001,2019.49,3,69.1,74.5,74.0,18.8,1.79,1.67,0.6,0.95,396,0.111,45,56,62,74,86,93,98,104
Festivi,Centro,47,13800012635034,Corso di Francia,3,50,34.26,1985.23,2002.3600000000001,2019.49,4,68.4,75.5,75.0,19.0,1.8,1.64,0.87,0.95,397,0.1113,43,58,66,75,88,94,98,105
Festivi,Centro,47,13800012635034,Corso di Francia,3,50,34.26,1985.23,2002.3600000000001,2019.49,5,70.6,76.4,79.0,18.7,1.75,1.56,0.62,0.93,319,0.0895,45,57,65,79,87,93,98,105
Festivi,Centro,47,13800012635034,Corso di Francia,3,50,34.26,1985.23,2002.3600000000001,2019.49,6,67.3,73.2,75.0,18.9,1.83,1.64,0.63,0.97,413,0.1158,40,53,62,75,84,91,96,101
Festivi,Centro,47,13800012635034,Corso di Francia,3,50,34.26,1985.23,2002.3600000000001,2019.49,7,69.4,74.2,75.0,17.0,1.78,1.64,0.54,0.94,565,0.1584,42,58,64,75,85,91,96,101
Festivi,Centro,47,13800012635034,Corso di Francia,3,50,34.26,1985.23,2002.3600000000001,2019.49,8,66.7,72.3,73.0,17.3,1.85,1.69,0.73,0.98,943,0.2644,42,54,63,73,84,89,92,100
Festivi,Centro,47,13800012635034,Corso di Francia,3,50,34.26,1985.23,2002.3600000000001,2019.49,9,63.1,68.3,69.0,16.9,1.96,1.79,0.68,1.04,1564,0.4386,37,51,59,69,79,85,88,95
Festivi,Centro,47,13800012635034,Corso di Francia,3,50,34.26,1985.23,2002.3600000000001,2019.49,10,60.8,66.1,67.0,16.6,2.03,1.84,0.75,1.08,2084,0.5844,36,49,57,67,78,83,86,92
Festivi,Centro,47,13800012635034,Corso di Francia,3,50,34.26,1985.23,2002.3600000000001,2019.49,11,60.3,65.7,66.0,16.6,2.05,1.87,0.73,1.08,2298,0.6444,35,48,56,66,77,82,86,91
Festivi,Centro,47,13800012635034,Corso di Francia,3,50,34.26,1985.23,2002.3600000000001,2019.49,12,60.3,65.9,67.0,16.9,2.05,1.84,0.95,1.08,2790,0.7824,35,48,56,67,76,82,87,93
Festivi,Centro,47,13800012635034,Corso di Francia,3,50,34.26,1985.23,2002.3600000000001,2019.49,13,62.6,69.2,71.0,18.6,1.97,1.74,0.86,1.04,2413,0.6767,36,49,58,71,81,87,91,98
Festivi,Centro,47,13800012635034,Corso di Francia,3,50,34.26,1985.23,2002.3600000000001,2019.49,14,64.9,70.7,72.0,18.2,1.9,1.71,0.69,1.01,1865,0.523,38,50,60,72,83,88,91,99
Festivi,Centro,47,13800012635034,Corso di Francia,3,50,34.26,1985.23,2002.3600000000001,2019.49,15,61.8,67.4,68.0,17.3,2.0,1.81,0.74,1.06,2267,0.6357,36,49,58,68,79,85,88,94
Festivi,Centro,47,13800012635034,Corso di Francia,3,50,34.26,1985.23,2002.3600000000001,2019.49,16,59.3,64.4,65.0,17.0,2.08,1.9,0.69,1.1,2439,0.684,35,47,54,65,75,81,85,92
Festivi,Centro,47,13800012635034,Corso di Francia,3,50,34.26,1985.23,2002.3600000000001,2019.49,17,57.5,62.5,63.0,16.1,2.14,1.96,0.73,1.14,2635,0.7389,35,45,52,63,73,78,82,88
Festivi,Centro,47,13800012635034,Corso di Francia,3,50,34.26,1985.23,2002.3600000000001,2019.49,18,57.9,62.5,62.0,15.6,2.13,1.99,0.71,1.13,2430,0.6814,36,47,53,62,72,78,82,88
Festivi,Centro,47,13800012635034,Corso di Francia,3,50,34.26,1985.23,2002.3600000000001,2019.49,19,59.4,64.1,65.0,15.9,2.08,1.9,0.69,1.1,2233,0.6262,35,47,55,65,74,80,84,90
Festivi,Centro,47,13800012635034,Corso di Francia,3,50,34.26,1985.23,2002.3600000000001,2019.49,20,57.9,63.3,64.0,16.9,2.13,1.93,0.77,1.13,2297,0.6441,34,46,54,64,74,80,83,90
Festivi,Centro,47,13800012635034,Corso di Francia,3,50,34.26,1985.23,2002.3600000000001,2019.49,21,66.2,71.4,72.0,17.8,1.86,1.71,0.59,0.99,1371,0.3845,41,53,60,72,83,89,94,100
Festivi,Centro,47,13800012635034,Corso di Francia,3,50,34.26,1985.23,2002.3600000000001,2019.49,22,65.7,70.4,70.0,17.3,1.88,1.76,0.57,0.99,1140,0.3197,42,52,60,70,81,87,91,99
Festivi,Centro,47,13800012635034,Corso di Francia,3,50,34.26,1985.23,2002.3600000000001,2019.49,23,65.2,71.1,71.0,18.5,1.89,1.74,0.77,1.0,1096,0.3073,41,53,59,71,82,89,93,102
Festivi,Centro,48,13800012635046,Corso di Francia,3,50,15.73,2019.49,2027.355,2035.22,0,64.6,69.8,70.0,18.0,0.88,0.81,0.29,1.0,1620,0.4543,41,51,58,70,80,86,91,100
Festivi,Centro,48,13800012635046,Corso di Francia,3,50,15.73,2019.49,2027.355,2035.22,1,66.7,71.5,71.0,18.0,0.85,0.8,0.26,0.97,1187,0.3329,44,53,60,71,81,88,93,102
Festivi,Centro,48,13800012635046,Corso di Francia,3,50,15.73,2019.49,2027.355,2035.22,2,68.1,73.4,73.0,18.7,0.83,0.78,0.27,0.95,824,0.2311,44,54,61,73,86,92,97,104
Festivi,Centro,48,13800012635046,Corso di Francia,3,50,15.73,2019.49,2027.355,2035.22,3,68.4,73.7,74.0,18.3,0.83,0.77,0.28,0.94,398,0.1116,45,56,62,74,84,91,97,104
Festivi,Centro,48,13800012635046,Corso di Francia,3,50,15.73,2019.49,2027.355,2035.22,4,68.0,74.8,75.0,18.6,0.83,0.76,0.4,0.95,397,0.1113,43,58,66,75,86,93,95,104
Festivi,Centro,48,13800012635046,Corso di Francia,3,50,15.73,2019.49,2027.355,2035.22,5,70.0,75.7,78.0,18.4,0.81,0.73,0.29,0.92,319,0.0895,45,56,64,78,86,93,97,104
Festivi,Centro,48,13800012635046,Corso di Francia,3,50,15.73,2019.49,2027.355,2035.22,6,67.4,72.8,75.0,18.1,0.84,0.76,0.28,0.96,413,0.1158,40,55,62,75,83,90,95,101
Festivi,Centro,48,13800012635046,Corso di Francia,3,50,15.73,2019.49,2027.355,2035.22,7,68.8,73.4,74.0,16.6,0.82,0.77,0.24,0.94,566,0.1587,42,57,64,74,84,90,94,99
Festivi,Centro,48,13800012635046,Corso di Francia,3,50,15.73,2019.49,2027.355,2035.22,8,66.4,71.6,73.0,17.1,0.85,0.78,0.29,0.97,946,0.2653,42,54,62,73,82,88,92,99
Festivi,Centro,48,13800012635046,Corso di Francia,3,50,15.73,2019.49,2027.355,2035.22,9,62.6,67.7,69.0,16.6,0.9,0.82,0.31,1.03,1563,0.4383,37,51,58,69,79,84,88,94
Festivi,Centro,48,13800012635046,Corso di Francia,3,50,15.73,2019.49,2027.355,2035.22,10,60.2,65.5,66.0,16.4,0.94,0.86,0.36,1.07,2085,0.5847,36,49,56,66,77,82,86,91
Festivi,Centro,48,13800012635046,Corso di Francia,3,50,15.73,2019.49,2027.355,2035.22,11,59.4,65.1,66.0,16.5,0.95,0.86,0.43,1.09,2298,0.6444,35,47,56,66,76,81,85,90
Festivi,Centro,48,13800012635046,Corso di Francia,3,50,15.73,2019.49,2027.355,2035.22,12,59.4,65.3,66.0,16.7,0.95,0.86,0.66,1.09,2795,0.7838,35,48,56,66,76,81,86,92
Festivi,Centro,48,13800012635046,Corso di Francia,3,50,15.73,2019.49,2027.355,2035.22,13,61.9,68.5,70.0,18.4,0.91,0.81,0.4,1.04,2416,0.6775,34,49,58,70,80,86,90,97
Festivi,Centro,48,13800012635046,Corso di Francia,3,50,15.73,2019.49,2027.355,2035.22,14,64.4,70.2,72.0,18.0,0.88,0.79,0.32,1.0,1869,0.5241,37,50,60,72,82,87,91,97
Festivi,Centro,48,13800012635046,Corso di Francia,3,50,15.73,2019.49,2027.355,2035.22,15,61.2,66.8,68.0,17.1,0.92,0.83,0.35,1.05,2266,0.6354,36,49,58,68,78,84,88,93
Festivi,Centro,48,13800012635046,Corso di Francia,3,50,15.73,2019.49,2027.355,2035.22,16,58.6,63.8,64.0,16.7,0.97,0.88,0.33,1.1,2443,0.6851,35,47,53,64,75,80,84,90
Festivi,Centro,48,13800012635046,Corso di Francia,3,50,15.73,2019.49,2027.355,2035.22,17,57.1,61.9,62.0,15.9,0.99,0.91,0.34,1.13,2636,0.7392,34,45,52,62,72,77,81,88
Festivi,Centro,48,13800012635046,Corso di Francia,3,50,15.73,2019.49,2027.355,2035.22,18,57.5,62.0,62.0,15.4,0.99,0.91,0.32,1.12,2430,0.6814,35,46,53,62,71,77,81,87
Festivi,Centro,48,13800012635046,Corso di Francia,3,50,15.73,2019.49,2027.355,2035.22,19,58.8,63.6,64.0,15.7,0.96,0.88,0.32,1.1,2238,0.6276,34,47,54,64,74,79,83,89
Festivi,Centro,48,13800012635046,Corso di Francia,3,50,15.73,2019.49,2027.355,2035.22,20,57.6,62.9,63.0,16.7,0.98,0.9,0.35,1.12,2298,0.6444,34,46,53,63,73,78,82,90
Festivi,Centro,48,13800012635046,Corso di Francia,3,50,15.73,2019.49,2027.355,2035.22,21,65.6,70.6,71.0,17.4,0.86,0.8,0.27,0.99,1373,0.385,41,53,60,71,82,87,92,98
Festivi,Centro,48,13800012635046,Corso di Francia,3,50,15.73,2019.49,2027.355,2035.22,22,65.2,69.8,70.0,17.0,0.87,0.81,0.26,0.99,1140,0.3197,41,52,60,70,80,86,91,98
Festivi,Centro,48,13800012635046,Corso di Francia,3,50,15.73,2019.49,2027.355,2035.22,23,64.2,70.5,71.0,18.3,0.88,0.8,0.42,1.01,1101,0.3087,40,53,59,71,82,88,92,101
Festivi,Centro,49,13800012635041,Corso di Francia,3,50,6.85,2035.22,2038.645,2042.07,0,61.9,69.4,69.0,17.9,0.4,0.36,0.62,1.0,1619,0.454,41,51,58,69,80,86,90,99
Festivi,Centro,49,13800012635041,Corso di Francia,3,50,6.85,2035.22,2038.645,2042.07,1,56.9,71.1,71.0,18.0,0.43,0.35,2.16,1.09,1190,0.3337,44,53,59,71,81,87,92,101
Festivi,Centro,49,13800012635041,Corso di Francia,3,50,6.85,2035.22,2038.645,2042.07,2,67.8,73.1,73.0,18.5,0.36,0.34,0.12,0.91,827,0.2319,44,55,61,73,86,91,96,103
Festivi,Centro,49,13800012635041,Corso di Francia,3,50,6.85,2035.22,2038.645,2042.07,3,68.2,73.4,74.0,18.1,0.36,0.33,0.12,0.91,398,0.1116,45,56,61,74,84,91,96,103
Festivi,Centro,49,13800012635041,Corso di Francia,3,50,6.85,2035.22,2038.645,2042.07,4,67.4,74.4,75.0,18.8,0.37,0.33,0.18,0.92,396,0.111,43,58,65,75,86,92,94,104
Festivi,Centro,49,13800012635041,Corso di Francia,3,50,6.85,2035.22,2038.645,2042.07,5,69.8,75.4,78.0,18.3,0.35,0.32,0.12,0.89,318,0.0892,45,56,64,78,86,92,97,103
Festivi,Centro,49,13800012635041,Corso di Francia,3,50,6.85,2035.22,2038.645,2042.07,6,67.2,72.5,75.0,17.9,0.37,0.33,0.12,0.92,413,0.1158,40,54,62,75,82,89,95,101
Festivi,Centro,49,13800012635041,Corso di Francia,3,50,6.85,2035.22,2038.645,2042.07,7,68.6,73.2,74.0,16.6,0.36,0.33,0.11,0.9,566,0.1587,41,57,64,74,84,89,93,99
Festivi,Centro,49,13800012635041,Corso di Francia,3,50,6.85,2035.22,2038.645,2042.07,8,66.2,71.2,72.0,16.8,0.37,0.34,0.13,0.94,945,0.265,42,54,62,72,82,88,90,98
Festivi,Centro,49,13800012635041,Corso di Francia,3,50,6.85,2035.22,2038.645,2042.07,9,62.4,67.5,68.0,16.6,0.4,0.36,0.14,0.99,1566,0.4391,36,50,58,68,79,84,87,93
Festivi,Centro,49,13800012635041,Corso di Francia,3,50,6.85,2035.22,2038.645,2042.07,10,59.8,65.3,66.0,16.3,0.41,0.37,0.17,1.04,2085,0.5847,36,49,56,66,76,81,85,91
Festivi,Centro,49,13800012635041,Corso di Francia,3,50,6.85,2035.22,2038.645,2042.07,11,59.2,64.9,66.0,16.4,0.42,0.37,0.19,1.05,2299,0.6447,35,47,56,66,76,81,84,90
Festivi,Centro,49,13800012635041,Corso di Francia,3,50,6.85,2035.22,2038.645,2042.07,12,59.8,65.0,66.0,16.5,0.41,0.37,0.14,1.04,2791,0.7827,34,48,56,66,75,81,85,92
Festivi,Centro,49,13800012635041,Corso di Francia,3,50,6.85,2035.22,2038.645,2042.07,13,61.6,68.1,70.0,18.3,0.4,0.35,0.17,1.01,2408,0.6753,34,49,57,70,80,85,89,96
Festivi,Centro,49,13800012635041,Corso di Francia,3,50,6.85,2035.22,2038.645,2042.07,14,64.0,69.8,71.0,17.9,0.39,0.35,0.14,0.97,1873,0.5252,37,50,59,71,82,87,90,97
Festivi,Centro,49,13800012635041,Corso di Francia,3,50,6.85,2035.22,2038.645,2042.07,15,60.9,66.5,67.0,17.0,0.4,0.37,0.15,1.02,2262,0.6343,36,49,57,67,78,83,87,92
Festivi,Centro,49,13800012635041,Corso di Francia,3,50,6.85,2035.22,2038.645,2042.07,16,58.4,63.6,64.0,16.7,0.42,0.39,0.15,1.06,2445,0.6856,34,46,53,64,74,80,84,90
Festivi,Centro,49,13800012635041,Corso di Francia,3,50,6.85,2035.22,2038.645,2042.07,17,56.9,61.7,62.0,15.8,0.43,0.4,0.15,1.09,2635,0.7389,34,45,52,62,71,77,81,87
Festivi,Centro,49,13800012635041,Corso di Francia,3,50,6.85,2035.22,2038.645,2042.07,18,57.3,61.7,62.0,15.3,0.43,0.4,0.14,1.08,2432,0.682,35,46,52,62,71,77,80,87
Festivi,Centro,49,13800012635041,Corso di Francia,3,50,6.85,2035.22,2038.645,2042.07,19,58.6,63.2,64.0,15.6,0.42,0.39,0.14,1.06,2238,0.6276,34,47,54,64,73,79,82,88
Festivi,Centro,49,13800012635041,Corso di Francia,3,50,6.85,2035.22,2038.645,2042.07,20,57.3,62.6,63.0,16.6,0.43,0.39,0.16,1.08,2296,0.6439,34,45,53,63,73,78,82,89
Festivi,Centro,49,13800012635041,Corso di Francia,3,50,6.85,2035.22,2038.645,2042.07,21,65.0,70.0,70.0,17.3,0.38,0.35,0.12,0.95,1373,0.385,40,52,59,70,81,86,91,98
Festivi,Centro,49,13800012635041,Corso di Francia,3,50,6.85,2035.22,2038.645,2042.07,22,64.9,69.5,69.0,16.8,0.38,0.36,0.11,0.95,1140,0.3197,41,52,59,69,79,86,90,97
Festivi,Centro,49,13800012635041,Corso di Francia,3,50,6.85,2035.22,2038.645,2042.07,23,64.3,70.1,70.0,18.0,0.38,0.35,0.16,0.96,1100,0.3085,40,53,59,70,81,87,92,100
Festivi,Centro,50,13800006899874,Corso di Francia,3,50,56.95,2042.07,2070.545,2099.02,0,59.9,67.8,68.0,17.0,3.42,3.02,7.17,1.0,1618,0.4537,41,50,57,68,78,84,87,95
Festivi,Centro,50,13800006899874,Corso di Francia,3,50,56.95,2042.07,2070.545,2099.02,1,64.8,69.1,69.0,16.6,3.16,2.97,0.91,0.92,1184,0.332,43,53,58,69,78,85,89,97
Festivi,Centro,50,13800006899874,Corso di Francia,3,50,56.95,2042.07,2070.545,2099.02,2,66.2,71.1,71.0,17.4,3.1,2.89,0.96,0.9,825,0.2314,43,53,60,71,83,88,93,99
Festivi,Centro,50,13800006899874,Corso di Francia,3,50,56.95,2042.07,2070.545,2099.02,3,66.7,71.6,71.0,17.6,3.07,2.89,1.01,0.9,398,0.1116,45,54,60,71,82,88,94,101
Festivi,Centro,50,13800006899874,Corso di Francia,3,50,56.95,2042.07,2070.545,2099.02,4,66.2,72.8,73.0,17.9,3.1,2.81,1.47,0.9,396,0.111,43,57,64,73,83,90,93,101
Festivi,Centro,50,13800006899874,Corso di Francia,3,50,56.95,2042.07,2070.545,2099.02,5,68.2,73.5,75.0,17.6,3.01,2.73,1.03,0.88,318,0.0892,43,55,63,75,84,90,93,102
Festivi,Centro,50,13800006899874,Corso di Francia,3,50,56.95,2042.07,2070.545,2099.02,6,65.8,70.8,72.0,17.2,3.12,2.85,0.99,0.91,413,0.1158,40,52,61,72,81,87,91,99
Festivi,Centro,50,13800006899874,Corso di Francia,3,50,56.95,2042.07,2070.545,2099.02,7,67.0,71.3,73.0,15.7,3.06,2.81,0.9,0.89,566,0.1587,41,57,62,73,82,87,90,95
Festivi,Centro,50,13800006899874,Corso di Francia,3,50,56.95,2042.07,2070.545,2099.02,8,65.0,69.6,70.0,16.0,3.16,2.93,1.03,0.92,944,0.2647,42,53,61,70,80,85,88,95
Festivi,Centro,50,13800006899874,Corso di Francia,3,50,56.95,2042.07,2070.545,2099.02,9,61.0,65.7,67.0,15.9,3.36,3.06,1.13,0.98,1561,0.4377,36,50,56,67,76,81,85,91
Festivi,Centro,50,13800006899874,Corso di Francia,3,50,56.95,2042.07,2070.545,2099.02,10,58.7,63.6,64.0,15.6,3.5,3.2,1.27,1.02,2082,0.5838,36,48,55,64,74,79,83,88
Festivi,Centro,50,13800006899874,Corso di Francia,3,50,56.95,2042.07,2070.545,2099.02,11,58.1,63.2,64.0,15.6,3.53,3.2,1.39,1.03,2299,0.6447,35,47,55,64,74,79,82,87
Festivi,Centro,50,13800006899874,Corso di Francia,3,50,56.95,2042.07,2070.545,2099.02,12,58.3,63.2,64.0,15.9,3.52,3.2,1.2,1.03,2788,0.7818,34,47,54,64,73,79,82,89
Festivi,Centro,50,13800006899874,Corso di Francia,3,50,56.95,2042.07,2070.545,2099.02,13,60.4,66.4,68.0,17.4,3.4,3.02,1.44,0.99,2403,0.6739,34,48,57,68,78,83,86,93
Festivi,Centro,50,13800006899874,Corso di Francia,3,50,56.95,2042.07,2070.545,2099.02,14,62.7,68.1,70.0,17.0,3.27,2.93,1.15,0.95,1871,0.5247,37,50,58,70,79,85,88,93
Festivi,Centro,50,13800006899874,Corso di Francia,3,50,56.95,2042.07,2070.545,2099.02,15,59.7,64.9,66.0,16.3,3.43,3.11,1.24,1.0,2255,0.6324,36,48,56,66,76,81,84,89
Festivi,Centro,50,13800006899874,Corso di Francia,3,50,56.95,2042.07,2070.545,2099.02,16,57.2,62.0,62.0,15.9,3.59,3.31,1.2,1.05,2441,0.6845,34,46,52,62,72,78,82,87
Festivi,Centro,50,13800006899874,Corso di Francia,3,50,56.95,2042.07,2070.545,2099.02,17,55.6,60.1,60.0,15.1,3.69,3.42,1.23,1.08,2636,0.7392,34,45,51,60,69,75,78,84
Festivi,Centro,50,13800006899874,Corso di Francia,3,50,56.95,2042.07,2070.545,2099.02,18,56.1,60.2,60.0,14.4,3.66,3.42,1.16,1.07,2431,0.6817,35,46,51,60,69,74,78,84
Festivi,Centro,50,13800006899874,Corso di Francia,3,50,56.95,2042.07,2070.545,2099.02,19,57.2,61.5,62.0,14.7,3.59,3.31,1.18,1.05,2228,0.6248,34,47,53,62,71,76,79,85
Festivi,Centro,50,13800006899874,Corso di Francia,3,50,56.95,2042.07,2070.545,2099.02,20,56.0,61.0,62.0,15.9,3.66,3.31,1.29,1.07,2289,0.6419,33,44,51,62,70,76,80,86
Festivi,Centro,50,13800006899874,Corso di Francia,3,50,56.95,2042.07,2070.545,2099.02,21,63.5,68.1,68.0,16.5,3.23,3.02,0.99,0.94,1368,0.3836,40,51,58,68,78,84,88,95
Festivi,Centro,50,13800006899874,Corso di Francia,3,50,56.95,2042.07,2070.545,2099.02,22,63.5,67.8,68.0,15.9,3.23,3.02,0.94,0.94,1135,0.3183,41,51,59,68,78,83,88,94
Festivi,Centro,50,13800006899874,Corso di Francia,3,50,56.95,2042.07,2070.545,2099.02,23,62.9,68.4,69.0,17.4,3.26,2.97,1.35,0.95,1098,0.3079,39,52,58,69,79,85,88,98
Festivi,Centro,51,13800007088896,Corso di Francia,3,50,59.42,2099.02,2128.73,2158.44,0,61.0,65.1,65.0,15.4,3.51,3.29,1.07,1.0,1617,0.4534,41,50,56,65,74,79,83,91
Festivi,Centro,51,13800007088896,Corso di Francia,3,50,59.42,2099.02,2128.73,2158.44,1,62.4,66.0,66.0,14.8,3.43,3.24,0.91,0.98,1181,0.3312,43,51,57,66,74,80,84,91
Festivi,Centro,51,13800007088896,Corso di Francia,3,50,59.42,2099.02,2128.73,2158.44,2,63.4,67.8,67.0,15.9,3.37,3.19,1.06,0.96,827,0.2319,42,52,58,67,79,83,87,94
Festivi,Centro,51,13800007088896,Corso di Francia,3,50,59.42,2099.02,2128.73,2158.44,3,63.6,67.9,68.0,16.1,3.36,3.15,1.04,0.96,399,0.1119,44,53,58,68,78,84,88,94
Festivi,Centro,51,13800007088896,Corso di Francia,3,50,59.42,2099.02,2128.73,2158.44,4,64.1,69.7,70.0,16.1,3.34,3.06,1.5,0.95,394,0.1105,43,55,62,70,79,85,89,93
Festivi,Centro,51,13800007088896,Corso di Francia,3,50,59.42,2099.02,2128.73,2158.44,5,65.5,70.2,72.0,16.3,3.27,2.97,1.07,0.93,319,0.0895,40,53,60,72,80,85,90,97
Festivi,Centro,51,13800007088896,Corso di Francia,3,50,59.42,2099.02,2128.73,2158.44,6,63.0,67.5,69.0,15.9,3.4,3.1,1.04,0.97,411,0.1153,39,51,59,69,77,81,85,92
Festivi,Centro,51,13800007088896,Corso di Francia,3,50,59.42,2099.02,2128.73,2158.44,7,64.2,68.1,69.0,14.6,3.33,3.1,0.95,0.95,563,0.1579,40,55,60,69,77,82,85,91
Festivi,Centro,51,13800007088896,Corso di Francia,3,50,59.42,2099.02,2128.73,2158.44,8,62.3,66.4,67.0,14.8,3.43,3.19,1.02,0.98,943,0.2644,41,51,58,67,75,81,84,88
Festivi,Centro,51,13800007088896,Corso di Francia,3,50,59.42,2099.02,2128.73,2158.44,9,58.1,62.4,63.0,14.8,3.68,3.4,1.2,1.05,1557,0.4366,35,48,54,63,72,77,80,86
Festivi,Centro,51,13800007088896,Corso di Francia,3,50,59.42,2099.02,2128.73,2158.44,10,54.9,60.2,61.0,14.3,3.9,3.51,2.68,1.11,2081,0.5836,35,46,52,61,69,74,77,83
Festivi,Centro,51,13800007088896,Corso di Francia,3,50,59.42,2099.02,2128.73,2158.44,11,55.6,60.0,61.0,14.5,3.85,3.51,1.31,1.1,2295,0.6436,34,45,52,61,69,74,77,82
Festivi,Centro,51,13800007088896,Corso di Francia,3,50,59.42,2099.02,2128.73,2158.44,12,55.2,59.8,60.0,14.8,3.87,3.57,1.32,1.1,2780,0.7796,32,44,52,60,69,74,78,82
Festivi,Centro,51,13800007088896,Corso di Francia,3,50,59.42,2099.02,2128.73,2158.44,13,57.9,63.2,64.0,15.8,3.7,3.34,1.5,1.05,2407,0.675,34,47,55,64,73,78,81,88
Festivi,Centro,51,13800007088896,Corso di Francia,3,50,59.42,2099.02,2128.73,2158.44,14,60.1,64.9,66.0,15.7,3.56,3.24,1.21,1.01,1867,0.5236,36,49,56,66,75,80,83,88
Festivi,Centro,51,13800007088896,Corso di Francia,3,50,59.42,2099.02,2128.73,2158.44,15,57.3,62.0,63.0,15.0,3.73,3.4,1.31,1.06,2254,0.6321,35,47,54,63,72,77,80,84
Festivi,Centro,51,13800007088896,Corso di Francia,3,50,59.42,2099.02,2128.73,2158.44,16,54.3,58.7,59.0,14.9,3.94,3.63,1.3,1.12,2437,0.6834,33,43,50,59,68,73,77,83
Festivi,Centro,51,13800007088896,Corso di Francia,3,50,59.42,2099.02,2128.73,2158.44,17,52.8,57.0,57.0,14.0,4.05,3.75,1.37,1.15,2636,0.7392,33,43,48,57,65,70,75,80
Festivi,Centro,51,13800007088896,Corso di Francia,3,50,59.42,2099.02,2128.73,2158.44,18,53.7,57.2,57.0,13.1,3.99,3.75,1.2,1.14,2423,0.6795,34,44,49,57,65,70,73,79
Festivi,Centro,51,13800007088896,Corso di Francia,3,50,59.42,2099.02,2128.73,2158.44,19,54.1,58.2,59.0,13.7,3.95,3.63,1.35,1.13,2230,0.6254,33,45,51,59,67,71,75,80
Festivi,Centro,51,13800007088896,Corso di Francia,3,50,59.42,2099.02,2128.73,2158.44,20,52.8,58.0,59.0,15.1,4.05,3.63,1.86,1.16,2291,0.6425,32,43,49,59,67,71,75,83
Festivi,Centro,51,13800007088896,Corso di Francia,3,50,59.42,2099.02,2128.73,2158.44,21,61.0,65.0,65.0,15.0,3.51,3.29,1.02,1.0,1366,0.3831,39,50,56,65,75,80,83,89
Festivi,Centro,51,13800007088896,Corso di Francia,3,50,59.42,2099.02,2128.73,2158.44,22,61.4,65.0,65.0,14.6,3.49,3.29,0.96,0.99,1136,0.3186,41,50,57,65,74,80,84,89
Festivi,Centro,51,13800007088896,Corso di Francia,3,50,59.42,2099.02,2128.73,2158.44,23,60.4,65.2,65.0,16.0,3.54,3.29,1.39,1.01,1098,0.3079,38,49,56,65,75,80,84,91
Festivi,Centro,52,13800007088897,Corso di Francia,3,50,22.61,2158.44,2169.745,2181.05,0,59.4,63.0,63.0,14.3,1.37,1.29,0.4,1.0,1616,0.4532,40,49,55,63,71,76,80,87
Festivi,Centro,52,13800007088897,Corso di Francia,3,50,22.61,2158.44,2169.745,2181.05,1,60.4,63.6,63.0,13.9,1.35,1.29,0.34,0.98,1183,0.3317,42,50,55,63,72,76,80,87
Festivi,Centro,52,13800007088897,Corso di Francia,3,50,22.61,2158.44,2169.745,2181.05,2,61.3,65.3,65.0,15.1,1.33,1.25,0.41,0.97,828,0.2322,42,51,56,65,75,80,84,90
Festivi,Centro,52,13800007088897,Corso di Francia,3,50,22.61,2158.44,2169.745,2181.05,3,61.8,65.5,65.0,14.5,1.32,1.25,0.38,0.96,401,0.1125,43,52,57,65,75,80,84,89
Festivi,Centro,52,13800007088897,Corso di Francia,3,50,22.61,2158.44,2169.745,2181.05,4,62.2,67.5,68.0,15.5,1.31,1.2,0.57,0.95,394,0.1105,41,53,59,68,76,82,86,90
Festivi,Centro,52,13800007088897,Corso di Francia,3,50,22.61,2158.44,2169.745,2181.05,5,63.4,67.9,69.0,15.4,1.28,1.18,0.42,0.94,320,0.0897,40,53,59,69,78,82,86,91
Festivi,Centro,52,13800007088897,Corso di Francia,3,50,22.61,2158.44,2169.745,2181.05,6,61.7,65.7,67.0,14.9,1.32,1.21,0.39,0.96,411,0.1153,40,50,57,67,75,79,82,91
Festivi,Centro,52,13800007088897,Corso di Francia,3,50,22.61,2158.44,2169.745,2181.05,7,62.4,66.0,67.0,13.9,1.3,1.21,0.36,0.95,563,0.1579,40,54,58,67,75,80,83,86
Festivi,Centro,52,13800007088897,Corso di Francia,3,50,22.61,2158.44,2169.745,2181.05,8,60.5,64.3,65.0,14.0,1.35,1.25,0.41,0.98,943,0.2644,40,51,57,65,73,77,81,85
Festivi,Centro,52,13800007088897,Corso di Francia,3,50,22.61,2158.44,2169.745,2181.05,9,56.2,60.2,61.0,14.1,1.45,1.33,0.46,1.06,1554,0.4358,35,46,52,61,69,74,77,83
Festivi,Centro,52,13800007088897,Corso di Francia,3,50,22.61,2158.44,2169.745,2181.05,10,53.9,58.1,59.0,13.6,1.51,1.38,0.54,1.1,2081,0.5836,34,44,51,59,67,71,74,79
Festivi,Centro,52,13800007088897,Corso di Francia,3,50,22.61,2158.44,2169.745,2181.05,11,53.1,57.7,59.0,13.8,1.53,1.38,0.67,1.12,2295,0.6436,32,44,50,59,66,71,74,78
Festivi,Centro,52,13800007088897,Corso di Francia,3,50,22.61,2158.44,2169.745,2181.05,12,52.9,57.2,58.0,14.1,1.54,1.4,0.53,1.12,2779,0.7793,31,43,49,58,66,71,74,79
Festivi,Centro,52,13800007088897,Corso di Francia,3,50,22.61,2158.44,2169.745,2181.05,13,55.8,60.8,62.0,15.0,1.46,1.31,0.59,1.06,2411,0.6761,34,46,53,62,70,75,78,84
Festivi,Centro,52,13800007088897,Corso di Francia,3,50,22.61,2158.44,2169.745,2181.05,14,58.4,62.9,64.0,14.9,1.39,1.27,0.47,1.02,1872,0.525,35,48,55,64,72,77,81,86
Festivi,Centro,52,13800007088897,Corso di Francia,3,50,22.61,2158.44,2169.745,2181.05,15,55.6,60.0,61.0,14.2,1.46,1.33,0.51,1.07,2248,0.6304,34,46,52,61,69,74,77,82
Festivi,Centro,52,13800007088897,Corso di Francia,3,50,22.61,2158.44,2169.745,2181.05,16,52.2,56.5,57.0,14.4,1.56,1.43,0.53,1.14,2436,0.6831,31,42,48,57,66,71,74,80
Festivi,Centro,52,13800007088897,Corso di Francia,3,50,22.61,2158.44,2169.745,2181.05,17,50.7,55.1,55.0,13.6,1.6,1.48,0.7,1.17,2630,0.7375,32,42,47,55,64,68,72,77
Festivi,Centro,52,13800007088897,Corso di Francia,3,50,22.61,2158.44,2169.745,2181.05,18,52.1,55.4,56.0,12.5,1.56,1.45,0.47,1.14,2427,0.6806,34,43,48,56,63,68,71,76
Festivi,Centro,52,13800007088897,Corso di Francia,3,50,22.61,2158.44,2169.745,2181.05,19,52.0,55.9,56.0,13.1,1.56,1.45,0.53,1.14,2228,0.6248,32,43,48,56,64,68,71,77
Festivi,Centro,52,13800007088897,Corso di Francia,3,50,22.61,2158.44,2169.745,2181.05,20,50.7,56.0,57.0,14.5,1.6,1.43,0.92,1.17,2293,0.643,30,42,47,57,64,69,73,79
Festivi,Centro,52,13800007088897,Corso di Francia,3,50,22.61,2158.44,2169.745,2181.05,21,58.7,62.5,62.0,14.0,1.39,1.31,0.42,1.01,1365,0.3828,38,48,54,62,71,77,79,85
Festivi,Centro,52,13800007088897,Corso di Francia,3,50,22.61,2158.44,2169.745,2181.05,22,59.6,62.9,63.0,13.5,1.37,1.29,0.36,1.0,1140,0.3197,40,49,55,63,71,76,81,86
Festivi,Centro,52,13800007088897,Corso di Francia,3,50,22.61,2158.44,2169.745,2181.05,23,58.8,63.2,63.0,15.1,1.38,1.29,0.52,1.01,1095,0.3071,38,48,54,63,72,77,81,87
Festivi,Centro,53,13800007370833,Corso di Francia,3,50,33.47,2181.05,2197.7850000000003,2214.52,0,58.6,62.5,63.0,14.4,2.06,1.91,0.66,1.0,765,0.2145,38,49,54,63,71,75,79,85
Festivi,Centro,53,13800007370833,Corso di Francia,3,50,33.47,2181.05,2197.7850000000003,2214.52,1,60.4,63.9,64.0,14.0,1.99,1.88,0.54,0.97,536,0.1503,40,50,55,64,72,77,82,87
Festivi,Centro,53,13800007370833,Corso di Francia,3,50,33.47,2181.05,2197.7850000000003,2214.52,2,61.7,65.9,65.0,15.5,1.95,1.85,0.59,0.95,436,0.1223,39,51,56,65,76,81,85,93
Festivi,Centro,53,13800007370833,Corso di Francia,3,50,33.47,2181.05,2197.7850000000003,2214.52,3,61.6,65.9,65.0,15.1,1.96,1.85,0.64,0.95,209,0.0586,41,52,56,65,77,82,85,89
Festivi,Centro,53,13800007370833,Corso di Francia,3,50,33.47,2181.05,2197.7850000000003,2214.52,4,59.6,66.4,67.0,16.6,2.02,1.8,1.05,0.98,203,0.0569,35,53,58,67,77,83,86,89
Festivi,Centro,53,13800007370833,Corso di Francia,3,50,33.47,2181.05,2197.7850000000003,2214.52,5,61.8,67.3,68.0,16.5,1.95,1.77,0.74,0.95,174,0.0488,37,52,59,68,78,82,88,90
Festivi,Centro,53,13800007370833,Corso di Francia,3,50,33.47,2181.05,2197.7850000000003,2214.52,6,62.1,66.6,68.0,15.5,1.94,1.77,0.61,0.94,240,0.0673,36,52,58,68,75,80,84,91
Festivi,Centro,53,13800007370833,Corso di Francia,3,50,33.47,2181.05,2197.7850000000003,2214.52,7,61.9,66.1,67.0,14.7,1.95,1.8,0.61,0.95,337,0.0945,39,51,58,67,76,80,83,89
Festivi,Centro,53,13800007370833,Corso di Francia,3,50,33.47,2181.05,2197.7850000000003,2214.52,8,60.6,64.2,65.0,13.9,1.99,1.85,0.55,0.97,548,0.1537,41,50,56,65,73,77,80,86
Festivi,Centro,53,13800007370833,Corso di Francia,3,50,33.47,2181.05,2197.7850000000003,2214.52,9,54.1,58.5,59.0,14.6,2.23,2.04,0.75,1.08,965,0.2706,33,44,50,59,68,73,76,81
Festivi,Centro,53,13800007370833,Corso di Francia,3,50,33.47,2181.05,2197.7850000000003,2214.52,10,50.6,56.0,57.0,14.0,2.38,2.11,1.35,1.16,1227,0.3441,31,42,49,57,65,69,72,77
Festivi,Centro,53,13800007370833,Corso di Francia,3,50,33.47,2181.05,2197.7850000000003,2214.52,11,51.2,56.4,58.0,14.1,2.36,2.08,1.12,1.14,1263,0.3542,29,43,49,58,65,69,72,78
Festivi,Centro,53,13800007370833,Corso di Francia,3,50,33.47,2181.05,2197.7850000000003,2214.52,12,50.8,55.9,57.0,14.9,2.37,2.11,0.95,1.15,1519,0.426,28,40,48,57,65,71,74,79
Festivi,Centro,53,13800007370833,Corso di Francia,3,50,33.47,2181.05,2197.7850000000003,2214.52,13,53.9,59.5,61.0,15.7,2.24,1.98,0.92,1.09,1389,0.3895,30,44,51,61,69,74,78,84
Festivi,Centro,53,13800007370833,Corso di Francia,3,50,33.47,2181.05,2197.7850000000003,2214.52,14,56.2,61.0,61.0,15.2,2.14,1.98,0.76,1.04,1089,0.3054,34,46,52,61,71,76,79,85
Festivi,Centro,53,13800007370833,Corso di Francia,3,50,33.47,2181.05,2197.7850000000003,2214.52,15,53.2,58.1,59.0,14.5,2.27,2.04,0.88,1.1,1320,0.3702,31,44,50,59,67,72,75,81
Festivi,Centro,53,13800007370833,Corso di Francia,3,50,33.47,2181.05,2197.7850000000003,2214.52,16,48.4,53.9,54.0,14.9,2.49,2.23,1.17,1.21,1409,0.3951,29,39,45,54,63,68,72,79
Festivi,Centro,53,13800007370833,Corso di Francia,3,50,33.47,2181.05,2197.7850000000003,2214.52,17,48.1,53.0,53.0,14.2,2.5,2.27,0.99,1.22,1518,0.4257,28,39,45,53,62,67,70,75
Festivi,Centro,53,13800007370833,Corso di Francia,3,50,33.47,2181.05,2197.7850000000003,2214.52,18,50.9,54.6,55.0,12.9,2.37,2.19,0.78,1.15,1264,0.3545,32,43,47,55,62,67,70,75
Festivi,Centro,53,13800007370833,Corso di Francia,3,50,33.47,2181.05,2197.7850000000003,2214.52,19,49.0,53.6,55.0,13.8,2.46,2.19,0.97,1.2,1254,0.3517,29,39,46,55,62,66,70,75
Festivi,Centro,53,13800007370833,Corso di Francia,3,50,33.47,2181.05,2197.7850000000003,2214.52,20,49.2,54.9,56.0,15.3,2.45,2.15,1.25,1.19,1301,0.3648,28,40,46,56,63,68,73,81
Festivi,Centro,53,13800007370833,Corso di Francia,3,50,33.47,2181.05,2197.7850000000003,2214.52,21,58.1,62.0,62.0,14.4,2.07,1.94,0.61,1.01,747,0.2095,37,48,53,62,71,77,79,86
Festivi,Centro,53,13800007370833,Corso di Francia,3,50,33.47,2181.05,2197.7850000000003,2214.52,22,60.2,63.4,63.0,13.2,2.0,1.91,0.54,0.97,627,0.1758,41,51,56,63,71,76,80,85
Festivi,Centro,53,13800007370833,Corso di Francia,3,50,33.47,2181.05,2197.7850000000003,2214.52,23,57.5,62.6,63.0,15.2,2.1,1.91,0.97,1.02,559,0.1568,35,48,53,63,72,77,81,87
Festivi,Centro,54,13800007370835,Corso di Francia,3,40,149.36,2214.52,2289.2,2363.88,0,53.1,56.1,56.0,12.0,10.13,9.6,2.98,1.0,761,0.2134,36,46,49,56,63,66,69,74
Festivi,Centro,54,13800007370835,Corso di Francia,3,40,149.36,2214.52,2289.2,2363.88,1,54.4,56.9,57.0,11.4,9.89,9.43,2.35,0.98,533,0.1495,37,46,50,57,63,68,71,76
Festivi,Centro,54,13800007370835,Corso di Francia,3,40,149.36,2214.52,2289.2,2363.88,2,55.3,58.1,58.0,12.2,9.73,9.27,2.44,0.96,435,0.122,37,46,50,58,66,70,73,79
Festivi,Centro,54,13800007370835,Corso di Francia,3,40,149.36,2214.52,2289.2,2363.88,3,55.0,58.4,57.0,12.9,9.78,9.43,3.03,0.97,207,0.058,39,47,50,57,67,72,74,78
Festivi,Centro,54,13800007370835,Corso di Francia,3,40,149.36,2214.52,2289.2,2363.88,4,53.3,58.3,59.0,13.6,10.09,9.11,4.58,1.0,202,0.0566,31,48,52,59,67,72,74,76
Festivi,Centro,54,13800007370835,Corso di Francia,3,40,149.36,2214.52,2289.2,2363.88,5,56.2,59.9,60.0,12.7,9.57,8.96,3.09,0.94,174,0.0488,34,50,53,60,67,72,75,78
Festivi,Centro,54,13800007370835,Corso di Francia,3,40,149.36,2214.52,2289.2,2363.88,6,55.6,59.0,60.0,12.8,9.67,8.96,2.82,0.95,240,0.0673,34,46,52,60,67,69,75,80
Festivi,Centro,54,13800007370835,Corso di Francia,3,40,149.36,2214.52,2289.2,2363.88,7,55.6,58.7,59.0,12.4,9.68,9.11,2.67,0.96,334,0.0937,36,46,52,59,66,71,74,79
Festivi,Centro,54,13800007370835,Corso di Francia,3,40,149.36,2214.52,2289.2,2363.88,8,54.6,57.4,58.0,11.6,9.85,9.27,2.61,0.97,549,0.154,35,46,51,58,65,69,71,76
Festivi,Centro,54,13800007370835,Corso di Francia,3,40,149.36,2214.52,2289.2,2363.88,9,42.9,49.5,50.0,14.2,12.53,10.75,7.46,1.24,959,0.2689,22,35,42,50,59,63,67,72
Festivi,Centro,54,13800007370835,Corso di Francia,3,40,149.36,2214.52,2289.2,2363.88,10,36.7,45.3,48.0,14.9,14.65,11.2,10.55,1.45,1222,0.3427,15,29,37,48,55,59,62,66
Festivi,Centro,54,13800007370835,Corso di Francia,3,40,149.36,2214.52,2289.2,2363.88,11,42.9,47.9,50.0,12.9,12.53,10.75,5.68,1.24,1255,0.3519,22,35,41,50,56,60,62,66
Festivi,Centro,54,13800007370835,Corso di Francia,3,40,149.36,2214.52,2289.2,2363.88,12,38.6,45.9,48.0,14.4,13.95,11.2,8.88,1.38,1501,0.4209,18,30,38,48,56,60,62,67
Festivi,Centro,54,13800007370835,Corso di Francia,3,40,149.36,2214.52,2289.2,2363.88,13,43.8,50.3,52.0,14.4,12.28,10.34,6.73,1.21,1376,0.3859,22,36,42,52,59,64,67,71
Festivi,Centro,54,13800007370835,Corso di Francia,3,40,149.36,2214.52,2289.2,2363.88,14,47.8,52.8,54.0,13.5,11.25,9.96,5.03,1.11,1083,0.3037,27,40,45,54,62,66,69,73
Festivi,Centro,54,13800007370835,Corso di Francia,3,40,149.36,2214.52,2289.2,2363.88,15,43.9,49.5,51.0,13.3,12.25,10.54,6.15,1.21,1310,0.3674,23,37,43,51,58,62,65,69
Festivi,Centro,54,13800007370835,Corso di Francia,3,40,149.36,2214.52,2289.2,2363.88,16,35.2,43.4,45.0,15.3,15.26,11.95,10.03,1.51,1398,0.392,15,27,34,45,54,59,62,67
Festivi,Centro,54,13800007370835,Corso di Francia,3,40,149.36,2214.52,2289.2,2363.88,17,37.3,43.9,45.0,13.7,14.41,11.95,8.56,1.42,1508,0.4229,17,30,36,45,53,57,60,64
Festivi,Centro,54,13800007370835,Corso di Francia,3,40,149.36,2214.52,2289.2,2363.88,18,42.0,46.7,48.0,12.2,12.8,11.2,5.94,1.26,1253,0.3514,24,35,40,48,54,58,61,65
Festivi,Centro,54,13800007370835,Corso di Francia,3,40,149.36,2214.52,2289.2,2363.88,19,38.2,44.5,46.0,13.5,14.08,11.69,7.96,1.39,1236,0.3466,18,30,37,46,54,57,60,65
Festivi,Centro,54,13800007370835,Corso di Francia,3,40,149.36,2214.52,2289.2,2363.88,20,40.1,46.8,48.0,14.1,13.41,11.2,8.41,1.32,1291,0.362,20,32,39,48,56,59,63,69
Festivi,Centro,54,13800007370835,Corso di Francia,3,40,149.36,2214.52,2289.2,2363.88,21,51.9,54.7,55.0,11.7,10.36,9.78,2.76,1.02,749,0.21,35,44,47,55,61,67,69,75
Festivi,Centro,54,13800007370835,Corso di Francia,3,40,149.36,2214.52,2289.2,2363.88,22,54.0,56.2,56.0,10.7,9.96,9.6,2.31,0.98,627,0.1758,39,46,50,56,63,67,69,74
Festivi,Centro,54,13800007370835,Corso di Francia,3,40,149.36,2214.52,2289.2,2363.88,23,51.8,55.6,56.0,12.5,10.38,9.6,4.29,1.02,552,0.1548,34,44,48,56,62,67,70,75
Festivi,Centro,55,-13800007370829,Corso di Francia,3,40,46.83,2363.88,2387.295,2410.71,0,47.6,50.7,51.0,11.7,3.54,3.31,1.17,1.0,766,0.2148,33,41,45,51,57,60,63,67
Festivi,Centro,55,-13800007370829,Corso di Francia,3,40,46.83,2363.88,2387.295,2410.71,1,49.5,51.8,52.0,10.8,3.41,3.24,0.82,0.96,536,0.1503,36,43,46,52,57,61,64,69
Festivi,Centro,55,-13800007370829,Corso di Francia,3,40,46.83,2363.88,2387.295,2410.71,2,49.7,52.2,52.0,10.9,3.39,3.24,0.87,0.96,439,0.1231,36,42,46,52,58,62,64,71
Festivi,Centro,55,-13800007370829,Corso di Francia,3,40,46.83,2363.88,2387.295,2410.71,3,49.8,52.8,52.0,11.4,3.39,3.24,1.01,0.96,209,0.0586,38,43,46,52,60,64,68,73
Festivi,Centro,55,-13800007370829,Corso di Francia,3,40,46.83,2363.88,2387.295,2410.71,4,48.8,53.0,54.0,11.8,3.45,3.12,1.47,0.98,203,0.0569,31,43,48,54,61,64,66,71
Festivi,Centro,55,-13800007370829,Corso di Francia,3,40,46.83,2363.88,2387.295,2410.71,5,50.1,53.4,54.0,11.4,3.37,3.12,1.08,0.95,177,0.0496,32,44,48,54,60,63,66,70
Festivi,Centro,55,-13800007370829,Corso di Francia,3,40,46.83,2363.88,2387.295,2410.71,6,47.9,51.9,53.0,12.2,3.52,3.18,1.32,0.99,238,0.0667,28,39,45,53,59,63,66,72
Festivi,Centro,55,-13800007370829,Corso di Francia,3,40,46.83,2363.88,2387.295,2410.71,7,46.5,51.3,52.0,12.7,3.63,3.24,1.71,1.02,334,0.0937,28,40,45,52,59,63,66,72
Festivi,Centro,55,-13800007370829,Corso di Francia,3,40,46.83,2363.88,2387.295,2410.71,8,45.3,49.9,51.0,11.8,3.73,3.31,2.44,1.05,546,0.1531,30,38,43,51,57,61,63,68
Festivi,Centro,55,-13800007370829,Corso di Francia,3,40,46.83,2363.88,2387.295,2410.71,9,25.6,39.6,42.0,15.8,6.58,4.01,8.46,1.86,966,0.2709,7,23,31,42,50,55,57,63
Festivi,Centro,55,-13800007370829,Corso di Francia,3,40,46.83,2363.88,2387.295,2410.71,10,22.6,36.4,39.0,15.1,7.45,4.32,9.84,2.1,1232,0.3455,7,19,27,39,47,51,54,58
Festivi,Centro,55,-13800007370829,Corso di Francia,3,40,46.83,2363.88,2387.295,2410.71,11,26.2,38.0,40.0,14.7,6.44,4.21,7.41,1.82,1244,0.3489,8,21,28,40,48,52,54,58
Festivi,Centro,55,-13800007370829,Corso di Francia,3,40,46.83,2363.88,2387.295,2410.71,12,20.7,35.8,38.0,15.8,8.14,4.44,11.41,2.3,1516,0.4251,5,17,26,38,47,51,54,58
Festivi,Centro,55,-13800007370829,Corso di Francia,3,40,46.83,2363.88,2387.295,2410.71,13,28.1,40.5,43.0,15.2,6.0,3.92,7.09,1.69,1382,0.3875,9,23,32,43,50,54,58,61
Festivi,Centro,55,-13800007370829,Corso di Francia,3,40,46.83,2363.88,2387.295,2410.71,14,32.2,43.1,45.0,14.8,5.24,3.75,5.41,1.48,1089,0.3054,12,28,35,45,53,57,60,64
Festivi,Centro,55,-13800007370829,Corso di Francia,3,40,46.83,2363.88,2387.295,2410.71,15,25.4,38.9,42.0,15.2,6.63,4.01,8.06,1.87,1314,0.3685,8,22,31,42,49,53,56,60
Festivi,Centro,55,-13800007370829,Corso di Francia,3,40,46.83,2363.88,2387.295,2410.71,16,20.0,34.3,36.0,15.4,8.44,4.68,11.15,2.39,1414,0.3965,5,17,24,36,45,49,53,57
Festivi,Centro,55,-13800007370829,Corso di Francia,3,40,46.83,2363.88,2387.295,2410.71,17,23.0,35.2,37.0,14.7,7.34,4.56,8.59,2.08,1516,0.4251,7,18,26,37,45,50,52,56
Festivi,Centro,55,-13800007370829,Corso di Francia,3,40,46.83,2363.88,2387.295,2410.71,18,26.5,38.1,40.0,13.7,6.37,4.21,8.27,1.8,1255,0.3519,9,24,31,40,47,51,54,57
Festivi,Centro,55,-13800007370829,Corso di Francia,3,40,46.83,2363.88,2387.295,2410.71,19,25.9,37.0,39.0,13.8,6.51,4.32,7.16,1.84,1245,0.3491,8,22,29,39,46,50,53,57
Festivi,Centro,55,-13800007370829,Corso di Francia,3,40,46.83,2363.88,2387.295,2410.71,20,26.3,39.1,41.0,14.7,6.41,4.11,8.33,1.81,1297,0.3637,9,24,32,41,49,53,56,60
Festivi,Centro,55,-13800007370829,Corso di Francia,3,40,46.83,2363.88,2387.295,2410.71,21,42.3,47.3,48.0,11.8,3.99,3.51,2.42,1.13,755,0.2117,26,37,42,48,54,58,61,66
Festivi,Centro,55,-13800007370829,Corso di Francia,3,40,46.83,2363.88,2387.295,2410.71,22,47.6,50.1,50.0,10.4,3.54,3.37,0.95,1.0,629,0.1764,34,41,44,50,56,59,62,66
Festivi,Centro,55,-13800007370829,Corso di Francia,3,40,46.83,2363.88,2387.295,2410.71,23,46.2,49.9,50.0,11.6,3.65,3.37,1.58,1.03,555,0.1556,32,39,44,50,56,60,63,67
Festivi,Centro,56,-13800007468539,Viale Maresciallo Pilsudski,3,40,84.15,2410.71,2452.785,2494.86,0,18.5,34.9,37.0,21.3,16.36,8.19,16.45,1.0,745,0.2089,7,9,13,37,52,57,60,65
Festivi,Centro,56,-13800007468539,Viale Maresciallo Pilsudski,3,40,84.15,2410.71,2452.785,2494.86,1,18.9,35.6,37.0,21.1,16.01,8.19,16.63,0.98,532,0.1492,7,9,14,37,53,58,62,65
Festivi,Centro,56,-13800007468539,Viale Maresciallo Pilsudski,3,40,84.15,2410.71,2452.785,2494.86,2,17.5,36.1,39.0,21.9,17.35,7.77,19.55,1.06,431,0.1209,5,9,13,39,54,59,62,68
Festivi,Centro,56,-13800007468539,Viale Maresciallo Pilsudski,3,40,84.15,2410.71,2452.785,2494.86,3,22.0,39.4,41.0,20.9,13.78,7.39,16.11,0.84,208,0.0583,7,13,20,41,55,62,67,73
Festivi,Centro,56,-13800007468539,Viale Maresciallo Pilsudski,3,40,84.15,2410.71,2452.785,2494.86,4,20.3,38.6,42.0,22.0,14.91,7.21,15.78,0.91,202,0.0566,7,10,16,42,55,62,65,71
Festivi,Centro,56,-13800007468539,Viale Maresciallo Pilsudski,3,40,84.15,2410.71,2452.785,2494.86,5,21.6,38.9,40.0,21.9,14.04,7.57,14.68,0.86,171,0.048,8,11,18,40,58,63,66,70
Festivi,Centro,56,-13800007468539,Viale Maresciallo Pilsudski,3,40,84.15,2410.71,2452.785,2494.86,6,20.3,36.9,38.0,21.1,14.9,7.97,16.21,0.91,230,0.0645,7,11,16,38,55,60,64,69
Festivi,Centro,56,-13800007468539,Viale Maresciallo Pilsudski,3,40,84.15,2410.71,2452.785,2494.86,7,18.0,35.4,38.0,21.3,16.85,7.97,18.43,1.03,331,0.0928,6,9,15,38,53,59,63,68
Festivi,Centro,56,-13800007468539,Viale Maresciallo Pilsudski,3,40,84.15,2410.71,2452.785,2494.86,8,16.8,34.2,37.0,21.0,18.04,8.19,19.76,1.1,533,0.1495,5,9,12,37,51,57,61,66
Festivi,Centro,56,-13800007468539,Viale Maresciallo Pilsudski,3,40,84.15,2410.71,2452.785,2494.86,9,13.1,26.6,26.0,18.3,23.14,11.65,21.92,1.41,948,0.2658,4,7,9,26,40,48,52,58
Festivi,Centro,56,-13800007468539,Viale Maresciallo Pilsudski,3,40,84.15,2410.71,2452.785,2494.86,10,11.9,24.4,24.0,16.8,25.49,12.62,24.43,1.56,1199,0.3362,4,6,8,24,38,44,48,54
Festivi,Centro,56,-13800007468539,Viale Maresciallo Pilsudski,3,40,84.15,2410.71,2452.785,2494.86,11,12.5,24.3,22.0,16.6,24.23,13.77,22.26,1.48,1215,0.3407,4,7,9,22,37,43,47,53
Festivi,Centro,56,-13800007468539,Viale Maresciallo Pilsudski,3,40,84.15,2410.71,2452.785,2494.86,12,13.0,25.2,25.0,16.4,23.27,12.12,22.3,1.42,1478,0.4145,4,7,9,25,37,43,48,53
Festivi,Centro,56,-13800007468539,Viale Maresciallo Pilsudski,3,40,84.15,2410.71,2452.785,2494.86,13,13.7,27.0,27.0,17.7,22.17,11.22,22.15,1.36,1347,0.3777,4,7,9,27,40,47,51,57
Festivi,Centro,56,-13800007468539,Viale Maresciallo Pilsudski,3,40,84.15,2410.71,2452.785,2494.86,14,14.0,27.7,27.0,18.5,21.65,11.22,21.2,1.32,1063,0.2981,5,7,9,27,41,49,53,60
Festivi,Centro,56,-13800007468539,Viale Maresciallo Pilsudski,3,40,84.15,2410.71,2452.785,2494.86,15,12.5,24.7,22.0,17.4,24.27,13.77,21.94,1.48,1280,0.3589,4,6,8,22,37,45,50,56
Festivi,Centro,56,-13800007468539,Viale Maresciallo Pilsudski,3,40,84.15,2410.71,2452.785,2494.86,16,12.4,23.2,22.0,15.4,24.49,13.77,21.93,1.5,1374,0.3853,4,6,8,22,34,39,44,51
Festivi,Centro,56,-13800007468539,Viale Maresciallo Pilsudski,3,40,84.15,2410.71,2452.785,2494.86,17,12.6,23.8,23.0,15.7,24.06,13.17,22.58,1.47,1487,0.417,4,7,9,23,35,41,45,51
Festivi,Centro,56,-13800007468539,Viale Maresciallo Pilsudski,3,40,84.15,2410.71,2452.785,2494.86,18,12.8,25.3,24.0,16.7,23.73,12.62,23.62,1.45,1214,0.3404,4,7,9,24,38,45,49,54
Festivi,Centro,56,-13800007468539,Viale Maresciallo Pilsudski,3,40,84.15,2410.71,2452.785,2494.86,19,13.5,25.2,25.0,16.3,22.46,12.12,20.81,1.37,1217,0.3413,5,7,9,25,37,44,48,53
Festivi,Centro,56,-13800007468539,Viale Maresciallo Pilsudski,3,40,84.15,2410.71,2452.785,2494.86,20,13.8,25.9,25.0,16.9,22.03,12.12,20.77,1.35,1267,0.3553,5,7,10,25,39,46,50,55
Festivi,Centro,56,-13800007468539,Viale Maresciallo Pilsudski,3,40,84.15,2410.71,2452.785,2494.86,21,17.1,31.6,33.0,19.2,17.7,9.18,17.3,1.08,741,0.2078,6,9,13,33,47,54,57,63
Festivi,Centro,56,-13800007468539,Viale Maresciallo Pilsudski,3,40,84.15,2410.71,2452.785,2494.86,22,17.5,33.0,34.0,20.7,17.33,8.91,16.62,1.06,619,0.1736,6,9,12,34,50,57,60,66
Festivi,Centro,56,-13800007468539,Viale Maresciallo Pilsudski,3,40,84.15,2410.71,2452.785,2494.86,23,17.8,34.5,37.0,20.3,16.99,8.19,18.34,1.04,550,0.1542,5,9,14,37,51,55,59,65
Festivi,GRA,0,-13800007209313,Corso di Francia,4,50,39.53,0.0,19.765,39.53,0,46.7,49.2,49.0,10.5,3.05,2.9,0.81,1.0,1120,0.3141,32,40,43,49,55,58,61,66
Festivi,GRA,0,-13800007209313,Corso di Francia,4,50,39.53,0.0,19.765,39.53,1,50.2,52.8,52.0,10.8,2.83,2.74,0.77,0.93,786,0.2204,37,43,46,52,59,62,65,70
Festivi,GRA,0,-13800007209313,Corso di Francia,4,50,39.53,0.0,19.765,39.53,2,52.4,55.5,54.0,13.4,2.71,2.64,0.69,0.89,375,0.1052,38,44,47,54,62,66,71,79
Festivi,GRA,0,-13800007209313,Corso di Francia,4,50,39.53,0.0,19.765,39.53,3,49.9,56.1,56.0,13.2,2.85,2.54,2.72,0.94,208,0.0583,35,43,49,56,64,68,71,76
Festivi,GRA,0,-13800007209313,Corso di Francia,4,50,39.53,0.0,19.765,39.53,4,55.2,57.8,56.0,12.4,2.58,2.54,0.59,0.85,200,0.0561,40,46,51,56,65,68,72,77
Festivi,GRA,0,-13800007209313,Corso di Francia,4,50,39.53,0.0,19.765,39.53,5,53.8,57.3,55.0,14.0,2.64,2.59,0.72,0.87,80,0.0224,32,45,50,55,65,74,77,83
Festivi,GRA,0,-13800007209313,Corso di Francia,4,50,39.53,0.0,19.765,39.53,6,54.5,57.6,59.0,12.9,2.61,2.41,0.68,0.86,57,0.016,35,46,49,59,64,72,75,79
Festivi,GRA,0,-13800007209313,Corso di Francia,4,50,39.53,0.0,19.765,39.53,7,53.8,56.1,56.0,10.9,2.64,2.54,0.58,0.87,137,0.0384,39,45,49,56,64,67,71,75
Festivi,GRA,0,-13800007209313,Corso di Francia,4,50,39.53,0.0,19.765,39.53,8,51.5,54.4,54.0,12.0,2.77,2.64,0.78,0.91,218,0.0611,33,44,47,54,60,65,68,73
Festivi,GRA,0,-13800007209313,Corso di Francia,4,50,39.53,0.0,19.765,39.53,9,50.4,53.2,53.0,11.0,2.82,2.69,0.79,0.93,299,0.0838,31,44,48,53,59,64,67,72
Festivi,GRA,0,-13800007209313,Corso di Francia,4,50,39.53,0.0,19.765,39.53,10,45.9,49.8,50.0,11.2,3.1,2.85,1.38,1.02,506,0.1419,31,40,44,50,56,60,62,66
Festivi,GRA,0,-13800007209313,Corso di Francia,4,50,39.53,0.0,19.765,39.53,11,45.5,49.3,50.0,10.9,3.13,2.85,1.76,1.03,594,0.1666,31,41,44,50,55,59,62,67
Festivi,GRA,0,-13800007209313,Corso di Francia,4,50,39.53,0.0,19.765,39.53,12,45.2,47.8,48.0,10.0,3.15,2.96,0.91,1.03,796,0.2232,31,39,42,48,53,57,59,64
Festivi,GRA,0,-13800007209313,Corso di Francia,4,50,39.53,0.0,19.765,39.53,13,47.3,50.4,50.0,10.6,3.01,2.85,1.25,0.99,688,0.1929,33,41,45,50,56,59,63,68
Festivi,GRA,0,-13800007209313,Corso di Francia,4,50,39.53,0.0,19.765,39.53,14,48.9,51.7,52.0,10.5,2.91,2.74,0.89,0.95,556,0.1559,35,42,46,52,58,62,64,68
Festivi,GRA,0,-13800007209313,Corso di Francia,4,50,39.53,0.0,19.765,39.53,15,47.9,50.2,50.0,10.0,2.97,2.85,0.79,0.98,701,0.1966,34,41,45,50,55,59,62,66
Festivi,GRA,0,-13800007209313,Corso di Francia,4,50,39.53,0.0,19.765,39.53,16,45.7,48.4,48.0,10.9,3.11,2.96,0.89,1.02,699,0.196,32,39,42,48,54,57,59,64
Festivi,GRA,0,-13800007209313,Corso di Francia,4,50,39.53,0.0,19.765,39.53,17,45.0,47.7,48.0,10.1,3.16,2.96,0.96,1.04,665,0.1865,29,39,42,48,54,58,60,63
Festivi,GRA,0,-13800007209313,Corso di Francia,4,50,39.53,0.0,19.765,39.53,18,43.9,46.6,47.0,9.9,3.24,3.03,0.97,1.06,702,0.1969,28,39,42,47,52,56,58,62
Festivi,GRA,0,-13800007209313,Corso di Francia,4,50,39.53,0.0,19.765,39.53,19,44.4,47.3,47.0,9.9,3.21,3.03,1.35,1.05,806,0.226,30,38,42,47,53,57,60,63
Festivi,GRA,0,-13800007209313,Corso di Francia,4,50,39.53,0.0,19.765,39.53,20,45.3,48.0,48.0,10.8,3.14,2.96,0.9,1.03,688,0.1929,31,38,42,48,54,57,60,65
Festivi,GRA,0,-13800007209313,Corso di Francia,4,50,39.53,0.0,19.765,39.53,21,47.6,50.4,50.0,10.8,2.99,2.85,0.87,0.98,461,0.1293,33,41,45,50,56,60,63,68
Festivi,GRA,0,-13800007209313,Corso di Francia,4,50,39.53,0.0,19.765,39.53,22,48.6,51.3,50.0,11.1,2.93,2.85,0.89,0.96,496,0.1391,35,42,45,50,57,61,64,71
Festivi,GRA,0,-13800007209313,Corso di Francia,4,50,39.53,0.0,19.765,39.53,23,47.4,50.0,49.0,11.5,3.0,2.9,0.76,0.99,693,0.1943,34,40,43,49,55,60,63,69
Festivi,GRA,1,-13800007268579,Corso di Francia,4,50,149.55,39.53,114.305,189.08,0,47.5,49.5,49.0,9.5,11.34,10.99,2.62,1.0,1120,0.3141,34,41,44,49,55,58,61,65
Festivi,GRA,1,-13800007268579,Corso di Francia,4,50,149.55,39.53,114.305,189.08,1,50.0,52.6,52.0,10.6,10.77,10.35,3.79,0.95,780,0.2187,38,43,46,52,58,62,65,70
Festivi,GRA,1,-13800007268579,Corso di Francia,4,50,149.55,39.53,114.305,189.08,2,52.4,54.9,53.0,12.4,10.28,10.16,2.21,0.91,377,0.1057,39,44,47,53,61,66,70,78
Festivi,GRA,1,-13800007268579,Corso di Francia,4,50,149.55,39.53,114.305,189.08,3,53.3,56.2,57.0,12.3,10.1,9.45,2.55,0.89,206,0.0578,37,44,48,57,64,68,70,79
Festivi,GRA,1,-13800007268579,Corso di Francia,4,50,149.55,39.53,114.305,189.08,4,55.3,57.5,56.0,12.0,9.73,9.61,1.93,0.86,198,0.0555,41,47,50,56,64,68,70,77
Festivi,GRA,1,-13800007268579,Corso di Francia,4,50,149.55,39.53,114.305,189.08,5,53.8,56.9,55.0,13.2,10.0,9.79,2.51,0.88,78,0.0219,38,44,49,55,65,70,77,80
Festivi,GRA,1,-13800007268579,Corso di Francia,4,50,149.55,39.53,114.305,189.08,6,53.3,56.1,56.0,12.3,10.11,9.61,2.57,0.89,57,0.016,35,44,50,56,62,68,72,78
Festivi,GRA,1,-13800007268579,Corso di Francia,4,50,149.55,39.53,114.305,189.08,7,53.8,56.0,57.0,10.9,10.01,9.45,2.15,0.88,137,0.0384,38,45,48,57,64,68,71,75
Festivi,GRA,1,-13800007268579,Corso di Francia,4,50,149.55,39.53,114.305,189.08,8,52.1,54.9,55.0,11.4,10.33,9.79,2.84,0.91,221,0.062,38,46,48,55,61,65,68,73
Festivi,GRA,1,-13800007268579,Corso di Francia,4,50,149.55,39.53,114.305,189.08,9,51.0,53.5,53.0,10.7,10.55,10.16,2.67,0.93,299,0.0838,34,44,48,53,59,64,67,72
Festivi,GRA,1,-13800007268579,Corso di Francia,4,50,149.55,39.53,114.305,189.08,10,47.8,50.5,51.0,10.1,11.26,10.56,3.56,0.99,504,0.1413,33,41,45,51,56,60,63,66
Festivi,GRA,1,-13800007268579,Corso di Francia,4,50,149.55,39.53,114.305,189.08,11,47.4,50.1,50.0,9.9,11.36,10.77,4.96,1.0,593,0.1663,34,42,45,50,56,60,62,65
Festivi,GRA,1,-13800007268579,Corso di Francia,4,50,149.55,39.53,114.305,189.08,12,47.0,49.2,49.0,9.9,11.46,10.99,2.85,1.01,796,0.2232,33,40,43,49,55,58,60,63
Festivi,GRA,1,-13800007268579,Corso di Francia,4,50,149.55,39.53,114.305,189.08,13,48.7,51.4,51.0,10.1,11.06,10.56,4.47,0.97,683,0.1915,35,42,46,51,57,60,63,67
Festivi,GRA,1,-13800007268579,Corso di Francia,4,50,149.55,39.53,114.305,189.08,14,49.6,52.0,52.0,10.0,10.85,10.35,2.97,0.96,554,0.1554,35,43,47,52,58,61,64,68
Festivi,GRA,1,-13800007268579,Corso di Francia,4,50,149.55,39.53,114.305,189.08,15,49.1,51.0,51.0,9.4,10.96,10.56,2.33,0.97,695,0.1949,36,42,45,51,57,59,62,67
Festivi,GRA,1,-13800007268579,Corso di Francia,4,50,149.55,39.53,114.305,189.08,16,47.7,49.6,50.0,9.3,11.29,10.77,2.54,1.0,699,0.196,35,40,44,50,55,58,60,65
Festivi,GRA,1,-13800007268579,Corso di Francia,4,50,149.55,39.53,114.305,189.08,17,47.4,49.5,50.0,9.3,11.36,10.77,2.75,1.0,672,0.1884,34,41,44,50,55,59,61,64
Festivi,GRA,1,-13800007268579,Corso di Francia,4,50,149.55,39.53,114.305,189.08,18,45.6,47.6,48.0,9.1,11.8,11.22,2.7,1.04,698,0.1957,32,40,42,48,53,57,59,62
Festivi,GRA,1,-13800007268579,Corso di Francia,4,50,149.55,39.53,114.305,189.08,19,45.5,48.0,48.0,9.4,11.83,11.22,4.79,1.04,805,0.2257,32,39,43,48,54,57,59,63
Festivi,GRA,1,-13800007268579,Corso di Francia,4,50,149.55,39.53,114.305,189.08,20,46.3,48.7,49.0,10.1,11.62,10.99,3.13,1.02,686,0.1924,34,40,43,49,54,57,60,65
Festivi,GRA,1,-13800007268579,Corso di Francia,4,50,149.55,39.53,114.305,189.08,21,48.2,50.6,51.0,10.2,11.17,10.56,2.94,0.98,459,0.1287,35,41,44,51,57,60,62,67
Festivi,GRA,1,-13800007268579,Corso di Francia,4,50,149.55,39.53,114.305,189.08,22,49.3,51.3,51.0,10.3,10.91,10.56,2.29,0.96,496,0.1391,36,42,45,51,56,60,64,70
Festivi,GRA,1,-13800007268579,Corso di Francia,4,50,149.55,39.53,114.305,189.08,23,48.0,50.2,49.0,10.7,11.22,10.99,2.49,0.99,684,0.1918,35,40,43,49,56,60,63,68
Festivi,GRA,2,-13800007268578,Corso di Francia,4,50,119.75,189.08,248.955,308.83000000000004,0,53.5,56.5,56.0,12.2,8.06,7.7,2.4,1.0,1131,0.3172,37,45,49,56,63,68,70,79
Festivi,GRA,2,-13800007268578,Corso di Francia,4,50,119.75,189.08,248.955,308.83000000000004,1,56.1,59.5,58.0,12.7,7.68,7.43,2.97,0.95,796,0.2232,41,48,51,58,67,73,76,82
Festivi,GRA,2,-13800007268578,Corso di Francia,4,50,119.75,189.08,248.955,308.83000000000004,2,59.4,62.4,61.0,13.9,7.25,7.07,1.64,0.9,382,0.1071,43,48,53,61,70,78,82,85
Festivi,GRA,2,-13800007268578,Corso di Francia,4,50,119.75,189.08,248.955,308.83000000000004,3,61.0,64.4,65.0,14.3,7.07,6.63,1.82,0.88,204,0.0572,43,49,55,65,72,78,82,90
Festivi,GRA,2,-13800007268578,Corso di Francia,4,50,119.75,189.08,248.955,308.83000000000004,4,63.8,66.6,65.0,14.1,6.75,6.63,1.47,0.84,201,0.0564,47,54,58,65,73,79,82,91
Festivi,GRA,2,-13800007268578,Corso di Francia,4,50,119.75,189.08,248.955,308.83000000000004,5,60.4,63.8,60.0,15.0,7.14,7.18,1.8,0.89,78,0.0219,43,50,54,60,71,81,84,94
Festivi,GRA,2,-13800007268578,Corso di Francia,4,50,119.75,189.08,248.955,308.83000000000004,6,60.3,64.5,67.0,14.7,7.15,6.43,2.23,0.89,55,0.0154,35,49,56,67,74,78,83,86
Festivi,GRA,2,-13800007268578,Corso di Francia,4,50,119.75,189.08,248.955,308.83000000000004,7,60.9,63.9,65.0,13.1,7.08,6.63,1.77,0.88,136,0.0381,40,50,57,65,72,76,79,85
Festivi,GRA,2,-13800007268578,Corso di Francia,4,50,119.75,189.08,248.955,308.83000000000004,8,57.9,61.1,61.0,12.9,7.44,7.07,2.07,0.92,223,0.0625,40,49,54,61,69,73,75,81
Festivi,GRA,2,-13800007268578,Corso di Francia,4,50,119.75,189.08,248.955,308.83000000000004,9,57.3,60.9,61.0,13.2,7.52,7.07,2.3,0.93,306,0.0858,38,49,54,61,69,73,76,80
Festivi,GRA,2,-13800007268578,Corso di Francia,4,50,119.75,189.08,248.955,308.83000000000004,10,54.0,57.8,58.0,12.8,7.98,7.43,2.87,0.99,509,0.1427,36,46,50,58,66,70,73,79
Festivi,GRA,2,-13800007268578,Corso di Francia,4,50,119.75,189.08,248.955,308.83000000000004,11,54.2,56.9,56.0,11.9,7.96,7.7,2.02,0.99,600,0.1683,37,46,49,56,64,68,71,76
Festivi,GRA,2,-13800007268578,Corso di Francia,4,50,119.75,189.08,248.955,308.83000000000004,12,53.2,56.0,56.0,11.7,8.1,7.7,2.21,1.0,809,0.2269,36,45,50,56,63,67,69,74
Festivi,GRA,2,-13800007268578,Corso di Francia,4,50,119.75,189.08,248.955,308.83000000000004,13,55.1,58.1,57.0,12.3,7.83,7.56,2.16,0.97,694,0.1946,38,47,52,57,64,69,73,79
Festivi,GRA,2,-13800007268578,Corso di Francia,4,50,119.75,189.08,248.955,308.83000000000004,14,57.1,59.9,59.0,12.2,7.55,7.31,1.98,0.94,556,0.1559,40,49,53,59,67,71,75,81
Festivi,GRA,2,-13800007268578,Corso di Francia,4,50,119.75,189.08,248.955,308.83000000000004,15,55.8,58.3,58.0,11.5,7.73,7.43,1.87,0.96,700,0.1963,39,48,51,58,66,70,73,77
Festivi,GRA,2,-13800007268578,Corso di Francia,4,50,119.75,189.08,248.955,308.83000000000004,16,54.1,56.8,56.0,11.6,7.97,7.7,1.93,0.99,710,0.1991,38,46,49,56,64,69,72,76
Festivi,GRA,2,-13800007268578,Corso di Francia,4,50,119.75,189.08,248.955,308.83000000000004,17,53.0,55.9,56.0,11.3,8.13,7.7,2.44,1.01,670,0.1879,36,45,50,56,63,67,70,74
Festivi,GRA,2,-13800007268578,Corso di Francia,4,50,119.75,189.08,248.955,308.83000000000004,18,51.8,54.5,54.0,11.5,8.32,7.98,2.08,1.03,703,0.1971,35,43,48,54,62,66,69,74
Festivi,GRA,2,-13800007268578,Corso di Francia,4,50,119.75,189.08,248.955,308.83000000000004,19,51.3,54.4,54.0,11.9,8.4,7.98,2.46,1.04,814,0.2283,34,43,47,54,62,66,69,72
Festivi,GRA,2,-13800007268578,Corso di Francia,4,50,119.75,189.08,248.955,308.83000000000004,20,52.8,56.1,55.0,12.6,8.17,7.84,2.67,1.01,694,0.1946,37,45,49,55,63,67,71,78
Festivi,GRA,2,-13800007268578,Corso di Francia,4,50,119.75,189.08,248.955,308.83000000000004,21,54.9,57.9,58.0,12.5,7.85,7.43,2.14,0.97,463,0.1298,38,46,50,58,65,68,72,79
Festivi,GRA,2,-13800007268578,Corso di Francia,4,50,119.75,189.08,248.955,308.83000000000004,22,56.9,59.2,58.0,11.6,7.57,7.43,1.61,0.94,503,0.1411,41,48,52,58,66,70,74,79
Festivi,GRA,2,-13800007268578,Corso di Francia,4,50,119.75,189.08,248.955,308.83000000000004,23,54.9,57.5,57.0,12.1,7.85,7.56,1.79,0.97,690,0.1935,38,47,50,57,64,69,72,78
Festivi,GRA,3,-13800012637788,Corso di Francia,3,50,56.41,308.83000000000004,337.035,365.24,0,55.7,58.5,59.0,11.8,3.64,3.44,0.91,1.0,2588,0.7257,38,47,52,59,65,69,72,77
Festivi,GRA,3,-13800012637788,Corso di Francia,3,50,56.41,308.83000000000004,337.035,365.24,1,57.2,60.6,61.0,12.8,3.55,3.33,1.18,0.97,2125,0.5959,39,48,53,61,68,72,75,81
Festivi,GRA,3,-13800012637788,Corso di Francia,3,50,56.41,308.83000000000004,337.035,365.24,2,60.7,63.6,63.0,13.3,3.35,3.22,0.8,0.92,1177,0.3301,43,52,56,63,70,76,79,86
Festivi,GRA,3,-13800012637788,Corso di Francia,3,50,56.41,308.83000000000004,337.035,365.24,3,62.9,66.6,66.0,14.4,3.23,3.08,1.01,0.89,631,0.1769,44,53,58,66,75,80,84,91
Festivi,GRA,3,-13800012637788,Corso di Francia,3,50,56.41,308.83000000000004,337.035,365.24,4,63.5,67.6,67.0,15.5,3.2,3.03,0.98,0.88,504,0.1413,42,54,60,67,75,81,85,92
Festivi,GRA,3,-13800012637788,Corso di Francia,3,50,56.41,308.83000000000004,337.035,365.24,5,64.1,67.4,66.0,14.7,3.17,3.08,0.77,0.87,278,0.078,43,52,58,66,77,83,88,92
Festivi,GRA,3,-13800012637788,Corso di Francia,3,50,56.41,308.83000000000004,337.035,365.24,6,66.4,69.5,69.0,13.8,3.06,2.94,0.75,0.84,163,0.0457,47,57,61,69,78,82,85,93
Festivi,GRA,3,-13800012637788,Corso di Francia,3,50,56.41,308.83000000000004,337.035,365.24,7,64.1,67.3,67.0,13.9,3.17,3.03,0.81,0.87,330,0.0925,43,54,59,67,74,80,85,92
Festivi,GRA,3,-13800012637788,Corso di Francia,3,50,56.41,308.83000000000004,337.035,365.24,8,62.5,65.4,66.0,12.7,3.25,3.08,0.83,0.89,610,0.1711,44,55,59,66,72,76,78,86
Festivi,GRA,3,-13800012637788,Corso di Francia,3,50,56.41,308.83000000000004,337.035,365.24,9,61.2,64.2,65.0,12.4,3.32,3.12,0.84,0.91,867,0.2431,42,53,58,65,71,75,78,83
Festivi,GRA,3,-13800012637788,Corso di Francia,3,50,56.41,308.83000000000004,337.035,365.24,10,57.4,60.9,62.0,12.7,3.54,3.28,1.14,0.97,1394,0.3909,37,49,54,62,68,72,75,80
Festivi,GRA,3,-13800012637788,Corso di Francia,3,50,56.41,308.83000000000004,337.035,365.24,11,57.4,60.5,61.0,12.6,3.54,3.33,0.98,0.97,1740,0.4879,37,49,54,61,68,72,75,80
Festivi,GRA,3,-13800012637788,Corso di Francia,3,50,56.41,308.83000000000004,337.035,365.24,12,56.0,59.0,60.0,12.1,3.63,3.38,1.0,1.0,2076,0.5822,37,47,52,60,67,70,73,77
Festivi,GRA,3,-13800012637788,Corso di Francia,3,50,56.41,308.83000000000004,337.035,365.24,13,57.9,60.9,62.0,12.4,3.51,3.28,0.95,0.96,1911,0.5359,38,49,55,62,68,72,75,80
Festivi,GRA,3,-13800012637788,Corso di Francia,3,50,56.41,308.83000000000004,337.035,365.24,14,58.8,61.7,62.0,12.2,3.45,3.28,0.9,0.95,1610,0.4515,39,50,55,62,69,73,75,80
Festivi,GRA,3,-13800012637788,Corso di Francia,3,50,56.41,308.83000000000004,337.035,365.24,15,57.4,60.7,61.0,12.8,3.54,3.33,1.07,0.97,1805,0.5062,38,49,54,61,68,72,75,80
Festivi,GRA,3,-13800012637788,Corso di Francia,3,50,56.41,308.83000000000004,337.035,365.24,16,56.1,59.2,60.0,12.5,3.62,3.38,1.02,0.99,1789,0.5017,38,46,52,60,67,70,73,78
Festivi,GRA,3,-13800012637788,Corso di Francia,3,50,56.41,308.83000000000004,337.035,365.24,17,54.8,58.0,59.0,12.2,3.7,3.44,1.08,1.02,1847,0.5179,36,47,51,59,65,69,72,76
Festivi,GRA,3,-13800012637788,Corso di Francia,3,50,56.41,308.83000000000004,337.035,365.24,18,53.3,56.3,57.0,11.8,3.81,3.56,1.06,1.05,1993,0.5589,35,45,50,57,63,67,70,75
Festivi,GRA,3,-13800012637788,Corso di Francia,3,50,56.41,308.83000000000004,337.035,365.24,19,53.6,56.4,57.0,11.5,3.79,3.56,0.99,1.04,2012,0.5642,35,45,50,57,64,67,69,74
Festivi,GRA,3,-13800012637788,Corso di Francia,3,50,56.41,308.83000000000004,337.035,365.24,20,54.6,58.2,59.0,12.4,3.72,3.44,1.57,1.02,1702,0.4773,37,46,51,59,65,70,72,78
Festivi,GRA,3,-13800012637788,Corso di Francia,3,50,56.41,308.83000000000004,337.035,365.24,21,57.6,60.5,61.0,12.2,3.53,3.33,0.95,0.97,1252,0.3511,40,49,54,61,67,71,75,79
Festivi,GRA,3,-13800012637788,Corso di Francia,3,50,56.41,308.83000000000004,337.035,365.24,22,58.3,61.0,61.0,12.2,3.49,3.33,0.87,0.96,1264,0.3545,41,50,54,61,68,72,76,81
Festivi,GRA,3,-13800012637788,Corso di Francia,3,50,56.41,308.83000000000004,337.035,365.24,23,56.6,59.8,59.0,13.2,3.59,3.44,0.97,0.98,1576,0.442,39,48,52,59,67,71,75,81
Festivi,GRA,4,-13800012637793,Corso di Francia,3,50,9.01,365.24,369.745,374.25,0,57.2,60.3,60.0,12.8,0.57,0.54,0.15,1.0,2597,0.7283,38,48,53,60,68,72,76,80
Festivi,GRA,4,-13800012637793,Corso di Francia,3,50,9.01,365.24,369.745,374.25,1,58.4,62.3,62.0,13.9,0.56,0.52,0.21,0.98,2133,0.5981,39,49,55,62,70,75,79,85
Festivi,GRA,4,-13800012637793,Corso di Francia,3,50,9.01,365.24,369.745,374.25,2,62.1,65.3,65.0,14.2,0.52,0.5,0.13,0.92,1178,0.3303,43,52,57,65,72,78,81,89
Festivi,GRA,4,-13800012637793,Corso di Francia,3,50,9.01,365.24,369.745,374.25,3,64.6,68.8,69.0,15.7,0.5,0.47,0.17,0.89,630,0.1767,43,54,60,69,78,84,87,94
Festivi,GRA,4,-13800012637793,Corso di Francia,3,50,9.01,365.24,369.745,374.25,4,65.0,69.4,69.0,16.3,0.5,0.47,0.16,0.88,511,0.1433,43,54,61,69,78,85,87,94
Festivi,GRA,4,-13800012637793,Corso di Francia,3,50,9.01,365.24,369.745,374.25,5,65.9,69.5,68.0,15.4,0.49,0.48,0.12,0.87,277,0.0777,44,54,60,68,81,85,89,93
Festivi,GRA,4,-13800012637793,Corso di Francia,3,50,9.01,365.24,369.745,374.25,6,67.8,71.1,71.0,14.3,0.48,0.46,0.12,0.84,165,0.0463,47,58,63,71,79,83,91,97
Festivi,GRA,4,-13800012637793,Corso di Francia,3,50,9.01,365.24,369.745,374.25,7,65.5,69.1,69.0,14.7,0.5,0.47,0.13,0.87,330,0.0925,43,55,60,69,78,83,88,94
Festivi,GRA,4,-13800012637793,Corso di Francia,3,50,9.01,365.24,369.745,374.25,8,64.1,67.3,68.0,13.4,0.51,0.48,0.14,0.89,609,0.1708,44,56,60,68,74,78,83,89
Festivi,GRA,4,-13800012637793,Corso di Francia,3,50,9.01,365.24,369.745,374.25,9,62.8,66.1,67.0,13.6,0.52,0.48,0.14,0.91,871,0.2443,41,53,59,67,74,78,81,88
Festivi,GRA,4,-13800012637793,Corso di Francia,3,50,9.01,365.24,369.745,374.25,10,59.0,62.8,64.0,13.4,0.55,0.51,0.18,0.97,1395,0.3912,38,50,56,64,70,75,78,83
Festivi,GRA,4,-13800012637793,Corso di Francia,3,50,9.01,365.24,369.745,374.25,11,58.8,62.3,63.0,13.4,0.55,0.51,0.16,0.97,1744,0.4891,38,49,55,63,70,75,78,84
Festivi,GRA,4,-13800012637793,Corso di Francia,3,50,9.01,365.24,369.745,374.25,12,56.2,60.4,61.0,13.3,0.58,0.53,0.4,1.02,2080,0.5833,37,47,53,61,69,73,75,80
Festivi,GRA,4,-13800012637793,Corso di Francia,3,50,9.01,365.24,369.745,374.25,13,59.1,62.6,63.0,13.5,0.55,0.51,0.16,0.97,1921,0.5387,38,50,55,63,71,75,78,83
Festivi,GRA,4,-13800012637793,Corso di Francia,3,50,9.01,365.24,369.745,374.25,14,60.4,63.6,64.0,13.0,0.54,0.51,0.14,0.95,1613,0.4523,40,51,57,64,71,76,79,83
Festivi,GRA,4,-13800012637793,Corso di Francia,3,50,9.01,365.24,369.745,374.25,15,58.6,62.4,63.0,13.7,0.55,0.51,0.17,0.98,1812,0.5081,38,49,55,63,71,75,77,83
Festivi,GRA,4,-13800012637793,Corso di Francia,3,50,9.01,365.24,369.745,374.25,16,57.4,60.8,62.0,13.3,0.56,0.52,0.16,1.0,1795,0.5034,38,47,53,62,69,73,76,82
Festivi,GRA,4,-13800012637793,Corso di Francia,3,50,9.01,365.24,369.745,374.25,17,56.1,59.5,60.0,13.1,0.58,0.54,0.17,1.02,1852,0.5193,36,47,52,60,67,71,74,79
Festivi,GRA,4,-13800012637793,Corso di Francia,3,50,9.01,365.24,369.745,374.25,18,54.7,58.0,59.0,12.7,0.59,0.55,0.17,1.05,1997,0.56,35,46,51,59,66,70,73,77
Festivi,GRA,4,-13800012637793,Corso di Francia,3,50,9.01,365.24,369.745,374.25,19,54.9,58.0,59.0,12.4,0.59,0.55,0.16,1.04,2016,0.5653,35,46,51,59,66,69,72,78
Festivi,GRA,4,-13800012637793,Corso di Francia,3,50,9.01,365.24,369.745,374.25,20,56.2,60.0,60.0,13.4,0.58,0.54,0.25,1.02,1707,0.4787,38,47,52,60,68,72,76,81
Festivi,GRA,4,-13800012637793,Corso di Francia,3,50,9.01,365.24,369.745,374.25,21,59.1,62.3,63.0,13.0,0.55,0.51,0.15,0.97,1257,0.3525,40,50,55,63,70,74,78,84
Festivi,GRA,4,-13800012637793,Corso di Francia,3,50,9.01,365.24,369.745,374.25,22,59.9,63.0,63.0,13.2,0.54,0.51,0.14,0.96,1265,0.3547,42,50,56,63,71,76,79,84
Festivi,GRA,4,-13800012637793,Corso di Francia,3,50,9.01,365.24,369.745,374.25,23,57.8,61.2,61.0,13.8,0.56,0.53,0.16,0.99,1577,0.4422,39,48,52,61,69,74,77,84
Festivi,GRA,5,-13800012637786,Corso di Francia,3,50,6.44,374.25,377.47,380.69,0,57.5,60.7,61.0,13.0,0.4,0.38,0.11,1.0,2596,0.728,38,48,53,61,68,73,76,82
Festivi,GRA,5,-13800012637786,Corso di Francia,3,50,6.44,374.25,377.47,380.69,1,58.6,62.8,63.0,14.2,0.4,0.37,0.15,0.98,2136,0.599,39,49,55,63,71,75,79,86
Festivi,GRA,5,-13800012637786,Corso di Francia,3,50,6.44,374.25,377.47,380.69,2,62.6,65.9,65.0,14.5,0.37,0.36,0.09,0.92,1178,0.3303,44,53,58,65,73,79,83,91
Festivi,GRA,5,-13800012637786,Corso di Francia,3,50,6.44,374.25,377.47,380.69,3,65.0,69.3,69.0,16.0,0.36,0.34,0.12,0.89,630,0.1767,43,54,60,69,79,84,88,95
Festivi,GRA,5,-13800012637786,Corso di Francia,3,50,6.44,374.25,377.47,380.69,4,65.5,70.0,69.0,16.6,0.35,0.34,0.11,0.88,511,0.1433,42,55,61,69,79,85,89,97
Festivi,GRA,5,-13800012637786,Corso di Francia,3,50,6.44,374.25,377.47,380.69,5,66.2,69.9,69.0,15.4,0.35,0.34,0.09,0.87,277,0.0777,44,54,60,69,81,86,89,93
Festivi,GRA,5,-13800012637786,Corso di Francia,3,50,6.44,374.25,377.47,380.69,6,68.1,71.5,72.0,14.6,0.34,0.32,0.09,0.84,165,0.0463,47,58,63,72,80,84,91,97
Festivi,GRA,5,-13800012637786,Corso di Francia,3,50,6.44,374.25,377.47,380.69,7,65.8,69.5,70.0,14.9,0.35,0.33,0.09,0.87,330,0.0925,43,55,61,70,79,83,88,94
Festivi,GRA,5,-13800012637786,Corso di Francia,3,50,6.44,374.25,377.47,380.69,8,64.5,67.8,68.0,13.7,0.36,0.34,0.1,0.89,610,0.1711,44,56,61,68,75,79,84,90
Festivi,GRA,5,-13800012637786,Corso di Francia,3,50,6.44,374.25,377.47,380.69,9,63.1,66.5,67.0,13.8,0.37,0.35,0.1,0.91,870,0.244,41,54,59,67,75,79,82,88
Festivi,GRA,5,-13800012637786,Corso di Francia,3,50,6.44,374.25,377.47,380.69,10,59.2,63.3,64.0,13.7,0.39,0.36,0.16,0.97,1396,0.3915,38,50,56,64,71,76,79,85
Festivi,GRA,5,-13800012637786,Corso di Francia,3,50,6.44,374.25,377.47,380.69,11,59.1,62.7,63.0,13.6,0.39,0.37,0.11,0.97,1744,0.4891,38,49,55,63,71,75,78,85
Festivi,GRA,5,-13800012637786,Corso di Francia,3,50,6.44,374.25,377.47,380.69,12,56.5,60.7,61.0,13.4,0.41,0.38,0.27,1.02,2079,0.583,37,47,53,61,69,73,76,81
Festivi,GRA,5,-13800012637786,Corso di Francia,3,50,6.44,374.25,377.47,380.69,13,59.4,63.0,64.0,13.7,0.39,0.36,0.11,0.97,1924,0.5395,38,50,56,64,71,76,79,83
Festivi,GRA,5,-13800012637786,Corso di Francia,3,50,6.44,374.25,377.47,380.69,14,60.7,64.0,65.0,13.2,0.38,0.36,0.1,0.95,1614,0.4526,40,51,57,65,72,76,79,84
Festivi,GRA,5,-13800012637786,Corso di Francia,3,50,6.44,374.25,377.47,380.69,15,58.9,62.8,64.0,14.0,0.39,0.36,0.13,0.98,1812,0.5081,38,49,55,64,71,76,78,83
Festivi,GRA,5,-13800012637786,Corso di Francia,3,50,6.44,374.25,377.47,380.69,16,57.7,61.2,62.0,13.5,0.4,0.37,0.12,1.0,1795,0.5034,38,47,54,62,69,74,77,83
Festivi,GRA,5,-13800012637786,Corso di Francia,3,50,6.44,374.25,377.47,380.69,17,56.4,59.9,61.0,13.3,0.41,0.38,0.12,1.02,1851,0.5191,36,47,52,61,67,72,75,80
Festivi,GRA,5,-13800012637786,Corso di Francia,3,50,6.44,374.25,377.47,380.69,18,54.9,58.3,59.0,12.9,0.42,0.39,0.12,1.05,1997,0.56,35,46,51,59,66,70,73,78
Festivi,GRA,5,-13800012637786,Corso di Francia,3,50,6.44,374.25,377.47,380.69,19,55.1,58.3,59.0,12.7,0.42,0.39,0.12,1.04,2011,0.5639,36,46,51,59,66,70,73,78
Festivi,GRA,5,-13800012637786,Corso di Francia,3,50,6.44,374.25,377.47,380.69,20,56.5,60.5,61.0,13.7,0.41,0.38,0.18,1.02,1710,0.4795,38,47,53,61,69,73,77,81
Festivi,GRA,5,-13800012637786,Corso di Francia,3,50,6.44,374.25,377.47,380.69,21,59.5,62.7,63.0,13.2,0.39,0.37,0.11,0.97,1258,0.3528,40,50,55,63,70,75,78,84
Festivi,GRA,5,-13800012637786,Corso di Francia,3,50,6.44,374.25,377.47,380.69,22,60.3,63.5,63.0,13.4,0.38,0.37,0.1,0.95,1265,0.3547,42,50,56,63,71,76,80,85
Festivi,GRA,5,-13800012637786,Corso di Francia,3,50,6.44,374.25,377.47,380.69,23,58.1,61.6,61.0,14.0,0.4,0.38,0.11,0.99,1576,0.442,39,48,53,61,70,75,78,85
Festivi,GRA,6,-13800012637796,Corso di Francia,3,50,30.58,380.69,395.98,411.27,0,58.0,61.3,61.0,13.3,1.9,1.8,0.51,1.0,2594,0.7274,38,48,54,61,69,74,77,83
Festivi,GRA,6,-13800012637796,Corso di Francia,3,50,30.58,380.69,395.98,411.27,1,58.9,63.4,64.0,14.6,1.87,1.72,0.76,0.98,2134,0.5984,39,49,56,64,72,76,80,87
Festivi,GRA,6,-13800012637796,Corso di Francia,3,50,30.58,380.69,395.98,411.27,2,63.2,66.7,66.0,14.8,1.74,1.67,0.45,0.92,1176,0.3298,44,53,58,66,74,80,83,91
Festivi,GRA,6,-13800012637796,Corso di Francia,3,50,30.58,380.69,395.98,411.27,3,65.6,70.0,70.0,16.1,1.68,1.57,0.57,0.88,629,0.1764,43,55,60,70,79,85,88,95
Festivi,GRA,6,-13800012637796,Corso di Francia,3,50,30.58,380.69,395.98,411.27,4,66.1,70.8,70.0,16.9,1.67,1.57,0.54,0.88,510,0.143,42,56,62,70,80,86,90,102
Festivi,GRA,6,-13800012637796,Corso di Francia,3,50,30.58,380.69,395.98,411.27,5,66.8,70.6,70.0,15.8,1.65,1.57,0.43,0.87,275,0.0771,45,54,61,70,81,88,90,97
Festivi,GRA,6,-13800012637796,Corso di Francia,3,50,30.58,380.69,395.98,411.27,6,68.4,72.0,72.0,14.9,1.61,1.53,0.42,0.85,165,0.0463,47,58,63,72,81,86,91,97
Festivi,GRA,6,-13800012637796,Corso di Francia,3,50,30.58,380.69,395.98,411.27,7,66.5,70.2,72.0,15.1,1.66,1.53,0.45,0.87,331,0.0928,44,56,61,72,79,84,89,95
Festivi,GRA,6,-13800012637796,Corso di Francia,3,50,30.58,380.69,395.98,411.27,8,64.9,68.4,69.0,14.0,1.7,1.6,0.47,0.89,608,0.1705,44,57,61,69,76,80,86,92
Festivi,GRA,6,-13800012637796,Corso di Francia,3,50,30.58,380.69,395.98,411.27,9,63.7,67.2,68.0,13.9,1.73,1.62,0.46,0.91,867,0.2431,42,54,59,68,76,80,84,89
Festivi,GRA,6,-13800012637796,Corso di Francia,3,50,30.58,380.69,395.98,411.27,10,60.2,64.0,65.0,13.9,1.83,1.69,0.57,0.96,1392,0.3904,39,51,56,65,72,77,80,86
Festivi,GRA,6,-13800012637796,Corso di Francia,3,50,30.58,380.69,395.98,411.27,11,59.7,63.4,64.0,14.1,1.85,1.72,0.55,0.97,1741,0.4882,38,50,55,64,72,76,80,86
Festivi,GRA,6,-13800012637796,Corso di Francia,3,50,30.58,380.69,395.98,411.27,12,57.6,61.4,62.0,13.8,1.91,1.78,0.58,1.01,2077,0.5824,37,47,53,62,71,74,77,82
Festivi,GRA,6,-13800012637796,Corso di Francia,3,50,30.58,380.69,395.98,411.27,13,59.9,63.6,65.0,14.0,1.84,1.69,0.53,0.97,1922,0.539,38,50,56,65,72,76,80,84
Festivi,GRA,6,-13800012637796,Corso di Francia,3,50,30.58,380.69,395.98,411.27,14,61.4,64.8,66.0,13.6,1.79,1.67,0.49,0.95,1613,0.4523,40,51,58,66,73,77,80,86
Festivi,GRA,6,-13800012637796,Corso di Francia,3,50,30.58,380.69,395.98,411.27,15,59.3,63.4,64.0,14.4,1.86,1.72,0.62,0.98,1811,0.5079,38,49,55,64,72,76,79,85
Festivi,GRA,6,-13800012637796,Corso di Francia,3,50,30.58,380.69,395.98,411.27,16,58.2,61.8,63.0,13.8,1.89,1.75,0.55,1.0,1794,0.5031,38,47,54,63,70,74,78,84
Festivi,GRA,6,-13800012637796,Corso di Francia,3,50,30.58,380.69,395.98,411.27,17,56.9,60.5,62.0,13.6,1.94,1.78,0.58,1.02,1850,0.5188,36,47,53,62,69,73,76,81
Festivi,GRA,6,-13800012637796,Corso di Francia,3,50,30.58,380.69,395.98,411.27,18,55.4,58.9,60.0,13.2,1.99,1.83,0.59,1.05,1994,0.5592,35,46,51,60,67,71,74,79
Festivi,GRA,6,-13800012637796,Corso di Francia,3,50,30.58,380.69,395.98,411.27,19,55.6,58.8,60.0,12.9,1.98,1.83,0.55,1.04,2009,0.5634,36,46,51,60,67,71,74,79
Festivi,GRA,6,-13800012637796,Corso di Francia,3,50,30.58,380.69,395.98,411.27,20,57.0,61.1,61.0,13.9,1.93,1.8,0.85,1.02,1709,0.4792,38,47,53,61,69,74,77,83
Festivi,GRA,6,-13800012637796,Corso di Francia,3,50,30.58,380.69,395.98,411.27,21,60.1,63.4,64.0,13.4,1.83,1.72,0.5,0.97,1258,0.3528,40,50,56,64,71,76,79,85
Festivi,GRA,6,-13800012637796,Corso di Francia,3,50,30.58,380.69,395.98,411.27,22,60.9,64.1,64.0,13.6,1.81,1.72,0.47,0.95,1264,0.3545,41,50,57,64,72,77,80,86
Festivi,GRA,6,-13800012637796,Corso di Francia,3,50,30.58,380.69,395.98,411.27,23,58.7,62.3,62.0,14.3,1.88,1.78,0.53,0.99,1576,0.442,39,48,53,62,71,76,79,86
Festivi,GRA,7,-13800007467709,Corso di Francia,3,50,225.59,411.27,524.0649999999999,636.86,0,60.2,64.0,64.0,15.0,13.49,12.69,3.77,1.0,2568,0.7201,39,49,55,64,73,79,82,88
Festivi,GRA,7,-13800007467709,Corso di Francia,3,50,225.59,411.27,524.0649999999999,636.86,1,62.5,66.7,67.0,15.9,13.01,12.12,3.89,0.96,2113,0.5925,41,50,57,67,76,82,86,93
Festivi,GRA,7,-13800007467709,Corso di Francia,3,50,225.59,411.27,524.0649999999999,636.86,2,65.7,69.6,69.0,16.0,12.37,11.77,3.33,0.92,1162,0.3259,44,54,60,69,79,84,87,96
Festivi,GRA,7,-13800007467709,Corso di Francia,3,50,225.59,411.27,524.0649999999999,636.86,3,67.7,73.5,73.0,18.5,11.99,11.12,4.67,0.89,622,0.1744,43,55,62,73,85,92,96,104
Festivi,GRA,7,-13800007467709,Corso di Francia,3,50,225.59,411.27,524.0649999999999,636.86,4,68.6,74.3,74.0,19.0,11.83,10.97,4.1,0.88,504,0.1413,42,57,64,74,85,91,95,105
Festivi,GRA,7,-13800007467709,Corso di Francia,3,50,225.59,411.27,524.0649999999999,636.86,5,69.9,74.0,73.0,17.1,11.62,11.12,3.01,0.86,275,0.0771,46,57,63,73,86,91,95,100
Festivi,GRA,7,-13800007467709,Corso di Francia,3,50,225.59,411.27,524.0649999999999,636.86,6,70.4,74.8,75.0,17.0,11.54,10.83,3.32,0.86,164,0.046,47,57,65,75,86,91,95,102
Festivi,GRA,7,-13800007467709,Corso di Francia,3,50,225.59,411.27,524.0649999999999,636.86,7,69.4,74.0,75.0,16.9,11.7,10.83,3.46,0.87,327,0.0917,45,57,63,75,85,90,96,101
Festivi,GRA,7,-13800007467709,Corso di Francia,3,50,225.59,411.27,524.0649999999999,636.86,8,67.9,71.7,72.0,15.2,11.97,11.28,3.4,0.89,608,0.1705,45,58,63,72,80,86,91,97
Festivi,GRA,7,-13800007467709,Corso di Francia,3,50,225.59,411.27,524.0649999999999,636.86,9,66.4,70.2,71.0,15.1,12.23,11.44,3.31,0.91,856,0.24,43,55,62,71,79,85,88,94
Festivi,GRA,7,-13800007467709,Corso di Francia,3,50,225.59,411.27,524.0649999999999,636.86,10,62.8,67.0,68.0,15.2,12.92,11.94,3.94,0.96,1385,0.3884,39,52,58,68,76,82,85,91
Festivi,GRA,7,-13800007467709,Corso di Francia,3,50,225.59,411.27,524.0649999999999,636.86,11,61.7,66.1,66.0,15.7,13.17,12.3,4.13,0.98,1724,0.4835,39,50,57,66,76,81,86,92
Festivi,GRA,7,-13800007467709,Corso di Francia,3,50,225.59,411.27,524.0649999999999,636.86,12,60.2,64.2,65.0,15.0,13.48,12.49,3.9,1.0,2057,0.5768,38,49,55,65,74,79,82,87
Festivi,GRA,7,-13800007467709,Corso di Francia,3,50,225.59,411.27,524.0649999999999,636.86,13,62.2,66.3,67.0,15.5,13.06,12.12,3.72,0.97,1909,0.5353,39,51,56,67,76,82,85,91
Festivi,GRA,7,-13800007467709,Corso di Francia,3,50,225.59,411.27,524.0649999999999,636.86,14,64.1,68.1,69.0,15.3,12.66,11.77,3.56,0.94,1596,0.4476,41,52,60,69,77,82,86,91
Festivi,GRA,7,-13800007467709,Corso di Francia,3,50,225.59,411.27,524.0649999999999,636.86,15,61.8,66.3,67.0,15.7,13.14,12.12,4.36,0.97,1800,0.5048,39,50,57,67,76,81,85,91
Festivi,GRA,7,-13800007467709,Corso di Francia,3,50,225.59,411.27,524.0649999999999,636.86,16,60.6,64.8,65.0,15.2,13.4,12.49,4.14,0.99,1777,0.4983,38,48,55,65,74,79,83,89
Festivi,GRA,7,-13800007467709,Corso di Francia,3,50,225.59,411.27,524.0649999999999,636.86,17,59.0,62.9,64.0,14.5,13.76,12.69,4.02,1.02,1840,0.516,37,48,54,64,72,76,79,86
Festivi,GRA,7,-13800007467709,Corso di Francia,3,50,225.59,411.27,524.0649999999999,636.86,18,57.5,61.4,62.0,14.4,14.12,13.1,4.27,1.05,1973,0.5533,36,47,52,62,70,75,78,85
Festivi,GRA,7,-13800007467709,Corso di Francia,3,50,225.59,411.27,524.0649999999999,636.86,19,57.4,60.9,61.0,13.9,14.16,13.31,3.96,1.05,1994,0.5592,37,47,52,61,70,74,78,84
Festivi,GRA,7,-13800007467709,Corso di Francia,3,50,225.59,411.27,524.0649999999999,636.86,20,59.8,63.9,64.0,15.2,13.58,12.69,4.5,1.01,1695,0.4753,39,48,54,64,73,79,83,90
Festivi,GRA,7,-13800007467709,Corso di Francia,3,50,225.59,411.27,524.0649999999999,636.86,21,62.4,66.4,66.0,15.0,13.01,12.3,4.05,0.96,1251,0.3508,41,52,58,66,76,81,85,91
Festivi,GRA,7,-13800007467709,Corso di Francia,3,50,225.59,411.27,524.0649999999999,636.86,22,63.8,67.4,68.0,15.1,12.73,11.94,3.31,0.94,1251,0.3508,43,51,58,68,76,82,86,91
Festivi,GRA,7,-13800007467709,Corso di Francia,3,50,225.59,411.27,524.0649999999999,636.86,23,60.7,64.8,64.0,15.8,13.39,12.69,3.87,0.99,1566,0.4391,40,49,55,64,75,80,84,91
Festivi,GRA,8,-13800012637773,Corso di Francia,3,50,60.99,636.86,667.355,697.85,0,61.0,65.6,65.0,16.4,3.6,3.38,1.43,1.0,2599,0.7288,39,49,55,65,75,82,86,92
Festivi,GRA,8,-13800012637773,Corso di Francia,3,50,60.99,636.86,667.355,697.85,1,63.7,68.6,68.0,17.3,3.45,3.23,1.1,0.96,2122,0.5951,42,51,57,68,79,85,90,99
Festivi,GRA,8,-13800012637773,Corso di Francia,3,50,60.99,636.86,667.355,697.85,2,66.6,71.4,71.0,17.8,3.3,3.09,1.03,0.91,1185,0.3323,43,55,60,71,82,87,91,102
Festivi,GRA,8,-13800012637773,Corso di Francia,3,50,60.99,636.86,667.355,697.85,3,68.9,75.8,75.0,20.3,3.18,2.93,1.39,0.88,623,0.1747,44,55,62,75,88,96,100,110
Festivi,GRA,8,-13800012637773,Corso di Francia,3,50,60.99,636.86,667.355,697.85,4,69.9,76.5,77.0,20.8,3.14,2.85,1.18,0.87,508,0.1425,42,57,64,77,89,96,100,111
Festivi,GRA,8,-13800012637773,Corso di Francia,3,50,60.99,636.86,667.355,697.85,5,71.8,76.6,76.0,18.9,3.06,2.89,0.83,0.85,276,0.0774,47,57,64,76,89,96,100,107
Festivi,GRA,8,-13800012637773,Corso di Francia,3,50,60.99,636.86,667.355,697.85,6,72.1,77.1,77.0,18.2,3.05,2.85,0.93,0.85,163,0.0457,47,58,66,77,89,95,100,108
Festivi,GRA,8,-13800012637773,Corso di Francia,3,50,60.99,636.86,667.355,697.85,7,71.7,77.0,77.0,18.6,3.06,2.85,0.96,0.85,327,0.0917,46,59,65,77,88,95,100,106
Festivi,GRA,8,-13800012637773,Corso di Francia,3,50,60.99,636.86,667.355,697.85,8,69.0,73.9,74.0,16.8,3.18,2.97,1.15,0.88,611,0.1713,45,57,64,74,83,90,95,101
Festivi,GRA,8,-13800012637773,Corso di Francia,3,50,60.99,636.86,667.355,697.85,9,68.0,72.3,73.0,16.3,3.23,3.01,0.93,0.9,870,0.244,43,56,62,73,82,89,93,98
Festivi,GRA,8,-13800012637773,Corso di Francia,3,50,60.99,636.86,667.355,697.85,10,64.2,69.0,70.0,16.5,3.42,3.14,1.09,0.95,1401,0.3929,39,52,59,70,80,85,90,95
Festivi,GRA,8,-13800012637773,Corso di Francia,3,50,60.99,636.86,667.355,697.85,11,62.6,67.6,67.0,17.0,3.51,3.28,1.14,0.97,1730,0.4851,39,51,57,67,78,84,89,96
Festivi,GRA,8,-13800012637773,Corso di Francia,3,50,60.99,636.86,667.355,697.85,12,61.2,66.0,66.0,16.6,3.59,3.33,1.15,1.0,2077,0.5824,38,49,55,66,77,83,87,92
Festivi,GRA,8,-13800012637773,Corso di Francia,3,50,60.99,636.86,667.355,697.85,13,63.3,67.9,68.0,16.6,3.47,3.23,1.05,0.96,1925,0.5398,39,51,57,68,79,85,88,94
Festivi,GRA,8,-13800012637773,Corso di Francia,3,50,60.99,636.86,667.355,697.85,14,65.5,70.0,70.0,16.8,3.35,3.14,1.0,0.93,1615,0.4529,42,53,60,70,81,86,90,96
Festivi,GRA,8,-13800012637773,Corso di Francia,3,50,60.99,636.86,667.355,697.85,15,63.1,68.0,68.0,16.7,3.48,3.23,1.13,0.97,1812,0.5081,39,51,58,68,79,84,88,95
Festivi,GRA,8,-13800012637773,Corso di Francia,3,50,60.99,636.86,667.355,697.85,16,62.0,66.6,67.0,16.4,3.54,3.28,1.14,0.98,1798,0.5042,38,49,56,67,77,83,87,93
Festivi,GRA,8,-13800012637773,Corso di Francia,3,50,60.99,636.86,667.355,697.85,17,60.0,64.4,65.0,15.6,3.66,3.38,1.11,1.02,1858,0.521,37,49,55,65,74,79,83,89
Festivi,GRA,8,-13800012637773,Corso di Francia,3,50,60.99,636.86,667.355,697.85,18,58.2,62.5,63.0,15.5,3.77,3.49,1.16,1.05,1996,0.5597,36,46,53,63,72,78,82,88
Festivi,GRA,8,-13800012637773,Corso di Francia,3,50,60.99,636.86,667.355,697.85,19,58.1,62.0,62.0,14.9,3.78,3.54,1.09,1.05,2009,0.5634,37,46,52,62,71,77,81,87
Festivi,GRA,8,-13800012637773,Corso di Francia,3,50,60.99,636.86,667.355,697.85,20,61.2,65.6,65.0,16.6,3.59,3.38,1.06,1.0,1706,0.4784,39,48,55,65,76,82,86,95
Festivi,GRA,8,-13800012637773,Corso di Francia,3,50,60.99,636.86,667.355,697.85,21,63.9,68.3,68.0,16.3,3.43,3.23,1.01,0.95,1262,0.3539,41,52,58,68,78,85,89,95
Festivi,GRA,8,-13800012637773,Corso di Francia,3,50,60.99,636.86,667.355,697.85,22,65.0,69.3,70.0,16.6,3.38,3.14,0.94,0.94,1259,0.3531,43,52,58,70,80,86,90,97
Festivi,GRA,8,-13800012637773,Corso di Francia,3,50,60.99,636.86,667.355,697.85,23,61.8,66.5,65.0,17.2,3.55,3.38,1.08,0.99,1576,0.442,40,49,55,65,77,83,88,96
Festivi,GRA,9,-13800013612781,Corso di Francia,3,50,136.45,697.85,766.075,834.3,0,58.6,62.8,61.0,16.2,8.38,8.05,2.41,1.0,2581,0.7238,39,47,52,61,72,79,84,91
Festivi,GRA,9,-13800013612781,Corso di Francia,3,50,136.45,697.85,766.075,834.3,1,61.9,66.7,66.0,17.6,7.94,7.44,2.47,0.95,2113,0.5925,41,48,55,66,77,84,89,98
Festivi,GRA,9,-13800013612781,Corso di Francia,3,50,136.45,697.85,766.075,834.3,2,64.5,69.5,68.0,18.2,7.62,7.22,2.39,0.91,1183,0.3317,43,51,57,68,81,87,92,101
Festivi,GRA,9,-13800013612781,Corso di Francia,3,50,136.45,697.85,766.075,834.3,3,67.3,74.3,73.0,21.1,7.3,6.73,3.09,0.87,618,0.1733,42,54,59,73,88,95,101,110
Festivi,GRA,9,-13800013612781,Corso di Francia,3,50,136.45,697.85,766.075,834.3,4,67.8,74.6,74.0,21.3,7.24,6.64,2.68,0.86,507,0.1422,42,54,61,74,88,95,101,111
Festivi,GRA,9,-13800013612781,Corso di Francia,3,50,136.45,697.85,766.075,834.3,5,70.5,75.5,73.0,19.8,6.97,6.73,1.91,0.83,271,0.076,47,57,61,73,89,95,100,108
Festivi,GRA,9,-13800013612781,Corso di Francia,3,50,136.45,697.85,766.075,834.3,6,71.0,76.0,75.0,18.4,6.92,6.55,2.06,0.83,162,0.0454,47,58,64,75,88,94,99,108
Festivi,GRA,9,-13800013612781,Corso di Francia,3,50,136.45,697.85,766.075,834.3,7,69.9,75.2,74.0,18.6,7.03,6.64,2.18,0.84,327,0.0917,43,55,63,74,88,95,100,105
Festivi,GRA,9,-13800013612781,Corso di Francia,3,50,136.45,697.85,766.075,834.3,8,67.7,72.6,72.0,17.0,7.26,6.82,2.59,0.87,610,0.1711,45,56,62,72,83,89,94,101
Festivi,GRA,9,-13800013612781,Corso di Francia,3,50,136.45,697.85,766.075,834.3,9,65.6,70.0,71.0,16.5,7.49,6.92,2.11,0.89,868,0.2434,42,52,59,71,80,87,92,97
Festivi,GRA,9,-13800013612781,Corso di Francia,3,50,136.45,697.85,766.075,834.3,10,62.0,66.7,66.0,16.5,7.92,7.44,2.57,0.95,1398,0.392,39,50,56,66,77,84,88,94
Festivi,GRA,9,-13800013612781,Corso di Francia,3,50,136.45,697.85,766.075,834.3,11,60.6,65.2,65.0,16.7,8.11,7.56,2.51,0.97,1721,0.4826,39,48,54,65,75,82,87,94
Festivi,GRA,9,-13800013612781,Corso di Francia,3,50,136.45,697.85,766.075,834.3,12,58.8,63.5,63.0,16.3,8.36,7.8,2.88,1.0,2076,0.5822,37,47,53,63,74,81,85,91
Festivi,GRA,9,-13800013612781,Corso di Francia,3,50,136.45,697.85,766.075,834.3,13,60.9,65.4,65.0,16.4,8.06,7.56,2.38,0.96,1917,0.5376,39,49,54,65,75,82,86,93
Festivi,GRA,9,-13800013612781,Corso di Francia,3,50,136.45,697.85,766.075,834.3,14,63.1,67.4,67.0,16.4,7.79,7.33,2.22,0.93,1610,0.4515,40,50,56,67,78,84,88,95
Festivi,GRA,9,-13800013612781,Corso di Francia,3,50,136.45,697.85,766.075,834.3,15,61.1,65.8,65.0,16.7,8.04,7.56,2.52,0.96,1809,0.5073,39,49,55,65,76,83,87,93
Festivi,GRA,9,-13800013612781,Corso di Francia,3,50,136.45,697.85,766.075,834.3,16,60.0,64.4,64.0,16.1,8.19,7.68,2.5,0.98,1796,0.5036,38,47,53,64,75,81,85,91
Festivi,GRA,9,-13800013612781,Corso di Francia,3,50,136.45,697.85,766.075,834.3,17,57.8,61.7,61.0,15.1,8.5,8.05,2.42,1.01,1851,0.5191,37,47,52,61,71,76,80,88
Festivi,GRA,9,-13800013612781,Corso di Francia,3,50,136.45,697.85,766.075,834.3,18,55.8,59.9,60.0,15.1,8.8,8.19,2.64,1.05,1983,0.5561,36,44,50,60,69,75,79,86
Festivi,GRA,9,-13800013612781,Corso di Francia,3,50,136.45,697.85,766.075,834.3,19,55.8,59.5,59.0,14.5,8.8,8.33,2.44,1.05,2002,0.5614,36,45,50,59,68,74,78,85
Festivi,GRA,9,-13800013612781,Corso di Francia,3,50,136.45,697.85,766.075,834.3,20,58.8,63.0,62.0,16.3,8.35,7.92,2.34,1.0,1698,0.4762,38,46,52,62,73,79,84,92
Festivi,GRA,9,-13800013612781,Corso di Francia,3,50,136.45,697.85,766.075,834.3,21,62.0,66.3,65.0,16.4,7.92,7.56,2.27,0.95,1260,0.3533,41,49,55,65,76,83,87,94
Festivi,GRA,9,-13800013612781,Corso di Francia,3,50,136.45,697.85,766.075,834.3,22,62.9,67.2,66.0,16.8,7.81,7.44,2.2,0.93,1257,0.3525,42,50,56,66,77,84,89,96
Festivi,GRA,9,-13800013612781,Corso di Francia,3,50,136.45,697.85,766.075,834.3,23,59.9,64.5,63.0,17.2,8.21,7.8,2.47,0.98,1571,0.4405,39,48,52,63,74,82,87,95
Festivi,GRA,10,-13800013612779,Corso di Francia,3,50,12.18,834.3,840.39,846.4799999999999,0,60.0,64.5,63.0,16.3,0.73,0.7,0.23,1.0,2597,0.7283,39,48,54,63,75,81,85,92
Festivi,GRA,10,-13800013612779,Corso di Francia,3,50,12.18,834.3,840.39,846.4799999999999,1,63.5,68.4,68.0,17.4,0.69,0.64,0.22,0.95,2116,0.5934,41,51,57,68,79,86,91,98
Festivi,GRA,10,-13800013612779,Corso di Francia,3,50,12.18,834.3,840.39,846.4799999999999,2,66.7,71.6,71.0,17.8,0.66,0.62,0.21,0.9,1186,0.3326,43,53,59,71,83,89,94,101
Festivi,GRA,10,-13800013612779,Corso di Francia,3,50,12.18,834.3,840.39,846.4799999999999,3,69.1,75.9,76.0,20.6,0.63,0.58,0.27,0.87,622,0.1744,44,55,62,76,89,97,101,110
Festivi,GRA,10,-13800013612779,Corso di Francia,3,50,12.18,834.3,840.39,846.4799999999999,4,69.7,76.5,76.0,21.0,0.63,0.58,0.24,0.86,505,0.1416,43,56,63,76,89,96,101,112
Festivi,GRA,10,-13800013612779,Corso di Francia,3,50,12.18,834.3,840.39,846.4799999999999,5,71.9,77.0,75.0,19.9,0.61,0.58,0.17,0.83,270,0.0757,47,57,62,75,90,97,101,110
Festivi,GRA,10,-13800013612779,Corso di Francia,3,50,12.18,834.3,840.39,846.4799999999999,6,71.1,76.3,75.0,18.9,0.62,0.58,0.19,0.84,162,0.0454,45,58,65,75,89,95,100,111
Festivi,GRA,10,-13800013612779,Corso di Francia,3,50,12.18,834.3,840.39,846.4799999999999,7,71.2,76.8,76.0,18.9,0.62,0.58,0.2,0.84,330,0.0925,44,56,64,76,90,96,101,106
Festivi,GRA,10,-13800013612779,Corso di Francia,3,50,12.18,834.3,840.39,846.4799999999999,8,68.7,73.8,74.0,17.3,0.64,0.59,0.23,0.87,615,0.1725,45,57,63,74,85,91,96,103
Festivi,GRA,10,-13800013612779,Corso di Francia,3,50,12.18,834.3,840.39,846.4799999999999,9,67.6,72.1,73.0,16.7,0.65,0.6,0.19,0.89,865,0.2426,43,54,60,73,83,89,93,99
Festivi,GRA,10,-13800013612779,Corso di Francia,3,50,12.18,834.3,840.39,846.4799999999999,10,62.6,67.7,68.0,16.7,0.7,0.64,0.27,0.96,1402,0.3932,39,51,57,68,79,85,88,95
Festivi,GRA,10,-13800013612779,Corso di Francia,3,50,12.18,834.3,840.39,846.4799999999999,11,60.1,66.1,66.0,17.0,0.73,0.66,0.59,1.0,1722,0.4829,38,48,55,66,77,83,88,95
Festivi,GRA,10,-13800013612779,Corso di Francia,3,50,12.18,834.3,840.39,846.4799999999999,12,58.9,64.2,64.0,16.7,0.74,0.69,0.29,1.02,2081,0.5836,37,47,53,64,75,82,85,92
Festivi,GRA,10,-13800013612779,Corso di Francia,3,50,12.18,834.3,840.39,846.4799999999999,13,61.9,66.4,66.0,16.6,0.71,0.66,0.22,0.97,1929,0.5409,39,49,55,66,78,84,88,94
Festivi,GRA,10,-13800013612779,Corso di Francia,3,50,12.18,834.3,840.39,846.4799999999999,14,63.9,68.2,68.0,16.3,0.69,0.64,0.2,0.94,1613,0.4523,41,51,57,68,79,85,89,96
Festivi,GRA,10,-13800013612779,Corso di Francia,3,50,12.18,834.3,840.39,846.4799999999999,15,61.9,66.9,67.0,17.0,0.71,0.65,0.24,0.97,1812,0.5081,38,49,55,67,78,84,88,94
Festivi,GRA,10,-13800013612779,Corso di Francia,3,50,12.18,834.3,840.39,846.4799999999999,16,61.3,65.7,66.0,16.1,0.72,0.66,0.21,0.98,1803,0.5056,38,49,55,66,77,82,86,92
Festivi,GRA,10,-13800013612779,Corso di Francia,3,50,12.18,834.3,840.39,846.4799999999999,17,58.8,63.2,63.0,15.9,0.75,0.7,0.22,1.02,1857,0.5208,37,47,52,63,73,79,83,90
Festivi,GRA,10,-13800013612779,Corso di Francia,3,50,12.18,834.3,840.39,846.4799999999999,18,56.8,61.2,61.0,15.5,0.77,0.72,0.25,1.06,1991,0.5583,36,45,51,61,71,76,81,87
Festivi,GRA,10,-13800013612779,Corso di Francia,3,50,12.18,834.3,840.39,846.4799999999999,19,57.3,61.4,61.0,15.1,0.76,0.72,0.22,1.05,2019,0.5662,37,46,51,61,71,77,81,86
Festivi,GRA,10,-13800013612779,Corso di Francia,3,50,12.18,834.3,840.39,846.4799999999999,20,60.1,64.5,64.0,16.5,0.73,0.69,0.21,1.0,1709,0.4792,39,47,53,64,75,81,86,93
Festivi,GRA,10,-13800013612779,Corso di Francia,3,50,12.18,834.3,840.39,846.4799999999999,21,62.9,67.8,67.0,16.6,0.7,0.65,0.28,0.95,1265,0.3547,41,51,56,67,79,85,89,96
Festivi,GRA,10,-13800013612779,Corso di Francia,3,50,12.18,834.3,840.39,846.4799999999999,22,64.2,68.7,68.0,17.0,0.68,0.64,0.19,0.93,1265,0.3547,42,51,57,68,79,86,90,98
Festivi,GRA,10,-13800013612779,Corso di Francia,3,50,12.18,834.3,840.39,846.4799999999999,23,61.2,65.9,64.0,17.2,0.72,0.69,0.22,0.98,1583,0.4439,41,49,54,64,77,84,88,97
Festivi,GRA,11,-13800013612780,Corso di Francia,3,50,28.34,846.4799999999999,860.6499999999999,874.8199999999999,0,59.8,64.2,63.0,16.1,1.71,1.62,0.52,1.0,2597,0.7283,39,48,54,63,74,81,85,91
Festivi,GRA,11,-13800013612780,Corso di Francia,3,50,28.34,846.4799999999999,860.6499999999999,874.8199999999999,1,63.3,68.2,67.0,17.3,1.61,1.52,0.51,0.94,2113,0.5925,41,51,56,67,79,86,90,97
Festivi,GRA,11,-13800013612780,Corso di Francia,3,50,28.34,846.4799999999999,860.6499999999999,874.8199999999999,2,66.5,71.3,71.0,17.6,1.53,1.44,0.48,0.9,1187,0.3329,44,53,59,71,82,89,93,100
Festivi,GRA,11,-13800013612780,Corso di Francia,3,50,28.34,846.4799999999999,860.6499999999999,874.8199999999999,3,68.9,75.5,76.0,20.3,1.48,1.34,0.62,0.87,622,0.1744,44,55,62,76,88,95,101,109
Festivi,GRA,11,-13800013612780,Corso di Francia,3,50,28.34,846.4799999999999,860.6499999999999,874.8199999999999,4,69.4,76.1,76.0,20.8,1.47,1.34,0.55,0.86,505,0.1416,43,55,63,76,88,96,101,111
Festivi,GRA,11,-13800013612780,Corso di Francia,3,50,28.34,846.4799999999999,860.6499999999999,874.8199999999999,5,71.9,76.8,75.0,19.6,1.42,1.36,0.38,0.83,269,0.0754,49,57,62,75,90,96,100,110
Festivi,GRA,11,-13800013612780,Corso di Francia,3,50,28.34,846.4799999999999,860.6499999999999,874.8199999999999,6,70.7,76.0,75.0,18.8,1.44,1.36,0.44,0.85,162,0.0454,45,58,65,75,89,95,100,111
Festivi,GRA,11,-13800013612780,Corso di Francia,3,50,28.34,846.4799999999999,860.6499999999999,874.8199999999999,7,71.1,76.5,76.0,18.6,1.43,1.34,0.46,0.84,331,0.0928,44,56,64,76,90,96,100,106
Festivi,GRA,11,-13800013612780,Corso di Francia,3,50,28.34,846.4799999999999,860.6499999999999,874.8199999999999,8,68.5,73.5,74.0,17.1,1.49,1.38,0.54,0.87,615,0.1725,45,57,63,74,84,90,96,103
Festivi,GRA,11,-13800013612780,Corso di Francia,3,50,28.34,846.4799999999999,860.6499999999999,874.8199999999999,9,67.4,71.8,73.0,16.6,1.51,1.4,0.44,0.89,866,0.2428,43,54,60,73,83,89,93,98
Festivi,GRA,11,-13800013612780,Corso di Francia,3,50,28.34,846.4799999999999,860.6499999999999,874.8199999999999,10,62.4,67.5,68.0,16.6,1.64,1.5,0.62,0.96,1402,0.3932,39,50,56,68,79,85,88,94
Festivi,GRA,11,-13800013612780,Corso di Francia,3,50,28.34,846.4799999999999,860.6499999999999,874.8199999999999,11,59.9,65.7,66.0,16.8,1.7,1.55,1.36,1.0,1722,0.4829,38,48,54,66,77,83,87,93
Festivi,GRA,11,-13800013612780,Corso di Francia,3,50,28.34,846.4799999999999,860.6499999999999,874.8199999999999,12,58.6,63.9,64.0,16.6,1.74,1.59,0.68,1.02,2080,0.5833,37,47,53,64,75,81,85,91
Festivi,GRA,11,-13800013612780,Corso di Francia,3,50,28.34,846.4799999999999,860.6499999999999,874.8199999999999,13,61.6,66.1,66.0,16.4,1.66,1.55,0.5,0.97,1928,0.5407,39,49,55,66,77,83,87,93
Festivi,GRA,11,-13800013612780,Corso di Francia,3,50,28.34,846.4799999999999,860.6499999999999,874.8199999999999,14,63.8,68.1,68.0,16.1,1.6,1.5,0.45,0.94,1613,0.4523,41,51,58,68,78,84,89,95
Festivi,GRA,11,-13800013612780,Corso di Francia,3,50,28.34,846.4799999999999,860.6499999999999,874.8199999999999,15,61.7,66.7,67.0,16.8,1.65,1.52,0.55,0.97,1810,0.5076,38,49,55,67,78,84,88,94
Festivi,GRA,11,-13800013612780,Corso di Francia,3,50,28.34,846.4799999999999,860.6499999999999,874.8199999999999,16,61.0,65.4,66.0,16.0,1.67,1.55,0.49,0.98,1803,0.5056,38,48,54,66,77,82,85,91
Festivi,GRA,11,-13800013612780,Corso di Francia,3,50,28.34,846.4799999999999,860.6499999999999,874.8199999999999,17,58.6,62.9,63.0,15.7,1.74,1.62,0.52,1.02,1855,0.5202,37,47,52,63,73,78,83,89
Festivi,GRA,11,-13800013612780,Corso di Francia,3,50,28.34,846.4799999999999,860.6499999999999,874.8199999999999,18,56.6,61.0,61.0,15.4,1.8,1.67,0.57,1.06,1989,0.5578,36,44,50,61,71,76,80,86
Festivi,GRA,11,-13800013612780,Corso di Francia,3,50,28.34,846.4799999999999,860.6499999999999,874.8199999999999,19,57.1,61.1,61.0,15.0,1.79,1.67,0.52,1.05,2020,0.5665,37,45,51,61,71,77,80,86
Festivi,GRA,11,-13800013612780,Corso di Francia,3,50,28.34,846.4799999999999,860.6499999999999,874.8199999999999,20,60.0,64.3,63.0,16.4,1.7,1.62,0.49,1.0,1713,0.4804,39,47,53,63,75,81,86,93
Festivi,GRA,11,-13800013612780,Corso di Francia,3,50,28.34,846.4799999999999,860.6499999999999,874.8199999999999,21,62.9,67.5,67.0,16.5,1.62,1.52,0.57,0.95,1263,0.3542,41,51,56,67,78,85,89,95
Festivi,GRA,11,-13800013612780,Corso di Francia,3,50,28.34,846.4799999999999,860.6499999999999,874.8199999999999,22,64.1,68.4,68.0,16.8,1.59,1.5,0.45,0.93,1264,0.3545,42,51,57,68,78,85,89,98
Festivi,GRA,11,-13800013612780,Corso di Francia,3,50,28.34,846.4799999999999,860.6499999999999,874.8199999999999,23,61.1,65.6,64.0,16.9,1.67,1.59,0.5,0.98,1583,0.4439,40,49,53,64,77,83,87,95
Festivi,GRA,12,-13800006897928,Corso di Francia,3,50,21.15,874.8199999999999,885.395,895.9699999999999,0,59.0,63.5,63.0,16.2,1.29,1.21,0.41,1.0,2595,0.7277,38,47,53,63,74,80,85,91
Festivi,GRA,12,-13800006897928,Corso di Francia,3,50,21.15,874.8199999999999,885.395,895.9699999999999,1,62.6,67.5,67.0,17.2,1.22,1.14,0.38,0.94,2118,0.5939,41,50,55,67,79,85,90,97
Festivi,GRA,12,-13800006897928,Corso di Francia,3,50,21.15,874.8199999999999,885.395,895.9699999999999,2,66.2,71.0,71.0,17.4,1.15,1.07,0.36,0.89,1187,0.3329,43,53,59,71,82,89,93,100
Festivi,GRA,12,-13800006897928,Corso di Francia,3,50,21.15,874.8199999999999,885.395,895.9699999999999,3,67.9,74.8,75.0,20.3,1.12,1.02,0.48,0.87,621,0.1741,44,54,61,75,87,94,100,108
Festivi,GRA,12,-13800006897928,Corso di Francia,3,50,21.15,874.8199999999999,885.395,895.9699999999999,4,68.2,75.1,75.0,21.0,1.12,1.02,0.43,0.87,505,0.1416,41,54,62,75,87,95,101,109
Festivi,GRA,12,-13800006897928,Corso di Francia,3,50,21.15,874.8199999999999,885.395,895.9699999999999,5,71.5,76.3,74.0,19.5,1.07,1.03,0.28,0.83,266,0.0746,48,57,62,74,90,96,99,108
Festivi,GRA,12,-13800006897928,Corso di Francia,3,50,21.15,874.8199999999999,885.395,895.9699999999999,6,70.5,75.6,75.0,18.5,1.08,1.02,0.33,0.84,162,0.0454,45,58,63,75,89,95,98,105
Festivi,GRA,12,-13800006897928,Corso di Francia,3,50,21.15,874.8199999999999,885.395,895.9699999999999,7,70.7,76.0,76.0,18.4,1.08,1.0,0.34,0.84,331,0.0928,43,56,64,76,89,95,100,106
Festivi,GRA,12,-13800006897928,Corso di Francia,3,50,21.15,874.8199999999999,885.395,895.9699999999999,8,66.5,73.0,73.0,17.3,1.15,1.04,0.8,0.89,616,0.1727,45,56,62,73,84,90,95,101
Festivi,GRA,12,-13800006897928,Corso di Francia,3,50,21.15,874.8199999999999,885.395,895.9699999999999,9,66.8,71.4,72.0,16.8,1.14,1.06,0.34,0.88,864,0.2423,42,54,60,72,82,88,93,98
Festivi,GRA,12,-13800006897928,Corso di Francia,3,50,21.15,874.8199999999999,885.395,895.9699999999999,10,61.7,66.8,67.0,16.7,1.23,1.14,0.47,0.96,1400,0.3926,38,49,56,67,78,84,88,94
Festivi,GRA,12,-13800006897928,Corso di Francia,3,50,21.15,874.8199999999999,885.395,895.9699999999999,11,59.2,65.1,65.0,16.8,1.29,1.17,1.02,1.0,1721,0.4826,37,48,54,65,77,82,87,92
Festivi,GRA,12,-13800006897928,Corso di Francia,3,50,21.15,874.8199999999999,885.395,895.9699999999999,12,57.7,63.2,63.0,16.7,1.32,1.21,0.54,1.02,2082,0.5838,36,46,52,63,75,80,85,91
Festivi,GRA,12,-13800006897928,Corso di Francia,3,50,21.15,874.8199999999999,885.395,895.9699999999999,13,60.8,65.5,65.0,16.5,1.25,1.17,0.4,0.97,1930,0.5412,38,49,54,65,77,83,87,92
Festivi,GRA,12,-13800006897928,Corso di Francia,3,50,21.15,874.8199999999999,885.395,895.9699999999999,14,63.3,67.5,67.0,16.1,1.2,1.14,0.34,0.93,1611,0.4518,41,51,57,67,78,84,88,94
Festivi,GRA,12,-13800006897928,Corso di Francia,3,50,21.15,874.8199999999999,885.395,895.9699999999999,15,61.1,66.1,66.0,16.9,1.25,1.15,0.42,0.97,1807,0.5067,38,49,55,66,77,83,87,93
Festivi,GRA,12,-13800006897928,Corso di Francia,3,50,21.15,874.8199999999999,885.395,895.9699999999999,16,60.5,64.9,65.0,16.0,1.26,1.17,0.37,0.98,1802,0.5053,38,48,54,65,76,82,85,91
Festivi,GRA,12,-13800006897928,Corso di Francia,3,50,21.15,874.8199999999999,885.395,895.9699999999999,17,57.5,62.1,62.0,16.0,1.32,1.23,0.42,1.03,1854,0.5199,35,46,51,62,72,78,82,89
Festivi,GRA,12,-13800006897928,Corso di Francia,3,50,21.15,874.8199999999999,885.395,895.9699999999999,18,55.5,60.1,61.0,15.7,1.37,1.25,0.46,1.06,1989,0.5578,35,43,49,61,70,76,80,86
Festivi,GRA,12,-13800006897928,Corso di Francia,3,50,21.15,874.8199999999999,885.395,895.9699999999999,19,55.9,60.3,60.0,15.3,1.36,1.27,0.51,1.06,2022,0.567,36,44,50,60,70,76,80,86
Festivi,GRA,12,-13800006897928,Corso di Francia,3,50,21.15,874.8199999999999,885.395,895.9699999999999,20,59.0,63.6,63.0,16.6,1.29,1.21,0.4,1.0,1713,0.4804,38,46,52,63,74,80,86,93
Festivi,GRA,12,-13800006897928,Corso di Francia,3,50,21.15,874.8199999999999,885.395,895.9699999999999,21,62.5,66.9,66.0,16.5,1.22,1.15,0.36,0.95,1256,0.3522,40,50,55,66,78,84,88,94
Festivi,GRA,12,-13800006897928,Corso di Francia,3,50,21.15,874.8199999999999,885.395,895.9699999999999,22,63.5,67.8,68.0,16.7,1.2,1.12,0.34,0.93,1266,0.355,41,50,56,68,78,85,89,97
Festivi,GRA,12,-13800006897928,Corso di Francia,3,50,21.15,874.8199999999999,885.395,895.9699999999999,23,60.4,65.1,64.0,17.0,1.26,1.19,0.39,0.98,1581,0.4434,40,48,53,64,76,83,86,95
Festivi,GRA,13,-13800007065599,Corso di Francia,3,50,4.71,895.9699999999999,898.3249999999999,900.68,0,58.7,63.4,62.0,16.4,0.29,0.27,0.09,1.0,2600,0.7291,38,47,52,62,74,80,85,91
Festivi,GRA,13,-13800007065599,Corso di Francia,3,50,4.71,895.9699999999999,898.3249999999999,900.68,1,62.2,67.3,67.0,17.4,0.27,0.25,0.09,0.94,2118,0.5939,40,50,55,67,78,85,90,96
Festivi,GRA,13,-13800007065599,Corso di Francia,3,50,4.71,895.9699999999999,898.3249999999999,900.68,2,66.1,71.1,71.0,17.7,0.26,0.24,0.08,0.89,1190,0.3337,43,53,59,71,82,89,93,100
Festivi,GRA,13,-13800007065599,Corso di Francia,3,50,4.71,895.9699999999999,898.3249999999999,900.68,3,67.5,74.7,75.0,20.4,0.25,0.23,0.11,0.87,621,0.1741,42,54,61,75,87,95,100,108
Festivi,GRA,13,-13800007065599,Corso di Francia,3,50,4.71,895.9699999999999,898.3249999999999,900.68,4,67.0,75.0,75.0,21.3,0.25,0.23,0.13,0.88,505,0.1416,40,54,62,75,87,96,100,109
Festivi,GRA,13,-13800007065599,Corso di Francia,3,50,4.71,895.9699999999999,898.3249999999999,900.68,5,71.2,76.1,73.0,19.5,0.24,0.23,0.06,0.83,266,0.0746,47,57,61,73,90,95,100,107
Festivi,GRA,13,-13800007065599,Corso di Francia,3,50,4.71,895.9699999999999,898.3249999999999,900.68,6,70.5,75.6,75.0,18.6,0.24,0.23,0.07,0.83,162,0.0454,45,59,63,75,88,95,97,104
Festivi,GRA,13,-13800007065599,Corso di Francia,3,50,4.71,895.9699999999999,898.3249999999999,900.68,7,70.5,76.0,76.0,18.6,0.24,0.22,0.08,0.83,331,0.0928,43,55,64,76,89,95,100,106
Festivi,GRA,13,-13800007065599,Corso di Francia,3,50,4.71,895.9699999999999,898.3249999999999,900.68,8,66.2,73.1,73.0,17.2,0.26,0.23,0.22,0.89,614,0.1722,45,56,62,73,84,91,95,102
Festivi,GRA,13,-13800007065599,Corso di Francia,3,50,4.71,895.9699999999999,898.3249999999999,900.68,9,66.3,71.2,72.0,17.0,0.26,0.24,0.09,0.89,866,0.2428,42,53,59,72,82,88,93,98
Festivi,GRA,13,-13800007065599,Corso di Francia,3,50,4.71,895.9699999999999,898.3249999999999,900.68,10,61.2,66.7,67.0,16.8,0.28,0.25,0.12,0.96,1399,0.3923,38,49,56,67,79,84,87,94
Festivi,GRA,13,-13800007065599,Corso di Francia,3,50,4.71,895.9699999999999,898.3249999999999,900.68,11,58.8,64.9,65.0,17.0,0.29,0.26,0.23,1.0,1725,0.4837,36,47,54,65,76,82,87,92
Festivi,GRA,13,-13800007065599,Corso di Francia,3,50,4.71,895.9699999999999,898.3249999999999,900.68,12,57.5,63.0,63.0,16.8,0.3,0.27,0.12,1.02,2083,0.5841,36,45,51,63,75,80,85,91
Festivi,GRA,13,-13800007065599,Corso di Francia,3,50,4.71,895.9699999999999,898.3249999999999,900.68,13,60.5,65.4,65.0,16.6,0.28,0.26,0.1,0.97,1931,0.5415,38,48,54,65,77,83,87,92
Festivi,GRA,13,-13800007065599,Corso di Francia,3,50,4.71,895.9699999999999,898.3249999999999,900.68,14,63.1,67.4,67.0,16.2,0.27,0.25,0.08,0.93,1613,0.4523,41,51,57,67,78,84,88,94
Festivi,GRA,13,-13800007065599,Corso di Francia,3,50,4.71,895.9699999999999,898.3249999999999,900.68,15,60.8,66.0,66.0,17.0,0.28,0.26,0.09,0.97,1806,0.5064,37,49,54,66,77,84,87,93
Festivi,GRA,13,-13800007065599,Corso di Francia,3,50,4.71,895.9699999999999,898.3249999999999,900.68,16,60.1,64.7,65.0,16.2,0.28,0.26,0.09,0.98,1803,0.5056,38,47,54,65,76,82,85,91
Festivi,GRA,13,-13800007065599,Corso di Francia,3,50,4.71,895.9699999999999,898.3249999999999,900.68,17,56.9,61.9,62.0,16.2,0.3,0.27,0.11,1.03,1858,0.521,35,46,51,62,72,78,82,89
Festivi,GRA,13,-13800007065599,Corso di Francia,3,50,4.71,895.9699999999999,898.3249999999999,900.68,18,54.5,59.8,60.0,15.9,0.31,0.28,0.16,1.08,1988,0.5575,34,43,49,60,70,76,80,86
Festivi,GRA,13,-13800007065599,Corso di Francia,3,50,4.71,895.9699999999999,898.3249999999999,900.68,19,55.6,60.2,60.0,15.4,0.3,0.28,0.11,1.06,2027,0.5684,36,43,49,60,70,76,80,85
Festivi,GRA,13,-13800007065599,Corso di Francia,3,50,4.71,895.9699999999999,898.3249999999999,900.68,20,58.5,63.4,63.0,16.9,0.29,0.27,0.1,1.0,1714,0.4807,37,45,52,63,74,80,86,93
Festivi,GRA,13,-13800007065599,Corso di Francia,3,50,4.71,895.9699999999999,898.3249999999999,900.68,21,62.3,66.8,66.0,16.6,0.27,0.26,0.08,0.94,1259,0.3531,40,49,55,66,78,84,89,94
Festivi,GRA,13,-13800007065599,Corso di Francia,3,50,4.71,895.9699999999999,898.3249999999999,900.68,22,63.2,67.6,67.0,16.8,0.27,0.25,0.08,0.93,1266,0.355,41,50,56,67,78,85,89,97
Festivi,GRA,13,-13800007065599,Corso di Francia,3,50,4.71,895.9699999999999,898.3249999999999,900.68,23,59.9,64.8,64.0,17.3,0.28,0.26,0.09,0.98,1582,0.4436,39,48,53,64,76,83,87,95
Festivi,GRA,14,-13800007467711,Corso di Francia,3,50,28.83,900.68,915.0949999999999,929.51,0,57.9,62.7,61.0,16.4,1.79,1.7,0.64,1.0,2594,0.7274,38,46,52,61,73,80,84,91
Festivi,GRA,14,-13800007467711,Corso di Francia,3,50,28.83,900.68,915.0949999999999,929.51,1,61.8,66.7,66.0,17.3,1.68,1.57,0.53,0.94,2113,0.5925,41,49,54,66,78,85,89,96
Festivi,GRA,14,-13800007467711,Corso di Francia,3,50,28.83,900.68,915.0949999999999,929.51,2,65.5,70.6,71.0,17.7,1.58,1.46,0.51,0.88,1186,0.3326,43,52,58,71,82,89,92,99
Festivi,GRA,14,-13800007467711,Corso di Francia,3,50,28.83,900.68,915.0949999999999,929.51,3,67.2,74.3,75.0,20.5,1.54,1.38,0.68,0.86,618,0.1733,41,53,61,75,87,95,100,108
Festivi,GRA,14,-13800007467711,Corso di Francia,3,50,28.83,900.68,915.0949999999999,929.51,4,56.0,74.5,74.0,21.7,1.85,1.4,4.9,1.03,503,0.1411,39,54,61,74,86,95,99,110
Festivi,GRA,14,-13800007467711,Corso di Francia,3,50,28.83,900.68,915.0949999999999,929.51,5,70.7,75.6,73.0,19.4,1.47,1.42,0.39,0.82,265,0.0743,47,57,61,73,90,94,99,106
Festivi,GRA,14,-13800007467711,Corso di Francia,3,50,28.83,900.68,915.0949999999999,929.51,6,70.3,75.5,75.0,18.6,1.48,1.38,0.45,0.82,161,0.0451,44,59,64,75,87,95,98,104
Festivi,GRA,14,-13800007467711,Corso di Francia,3,50,28.83,900.68,915.0949999999999,929.51,7,70.3,75.7,76.0,18.5,1.48,1.37,0.47,0.82,330,0.0925,43,55,63,76,89,95,100,105
Festivi,GRA,14,-13800007467711,Corso di Francia,3,50,28.83,900.68,915.0949999999999,929.51,8,66.1,72.7,73.0,17.1,1.57,1.42,1.37,0.88,614,0.1722,45,56,62,73,84,90,95,101
Festivi,GRA,14,-13800007467711,Corso di Francia,3,50,28.83,900.68,915.0949999999999,929.51,9,66.1,70.8,72.0,16.9,1.57,1.44,0.47,0.88,866,0.2428,42,53,58,72,82,88,92,98
Festivi,GRA,14,-13800007467711,Corso di Francia,3,50,28.83,900.68,915.0949999999999,929.51,10,61.1,66.3,66.0,16.8,1.7,1.57,0.65,0.95,1396,0.3915,38,48,55,66,78,84,87,93
Festivi,GRA,14,-13800007467711,Corso di Francia,3,50,28.83,900.68,915.0949999999999,929.51,11,58.6,64.5,65.0,16.8,1.77,1.6,1.4,0.99,1722,0.4829,37,47,53,65,76,82,86,92
Festivi,GRA,14,-13800007467711,Corso di Francia,3,50,28.83,900.68,915.0949999999999,929.51,12,57.1,62.5,62.0,16.8,1.82,1.67,0.72,1.01,2079,0.583,36,44,51,62,74,80,84,91
Festivi,GRA,14,-13800007467711,Corso di Francia,3,50,28.83,900.68,915.0949999999999,929.51,13,58.1,64.9,65.0,16.6,1.79,1.6,2.86,1.0,1925,0.5398,38,48,53,65,76,82,86,92
Festivi,GRA,14,-13800007467711,Corso di Francia,3,50,28.83,900.68,915.0949999999999,929.51,14,62.2,66.8,67.0,16.2,1.67,1.55,0.66,0.93,1610,0.4515,41,49,56,67,78,83,88,94
Festivi,GRA,14,-13800007467711,Corso di Francia,3,50,28.83,900.68,915.0949999999999,929.51,15,60.1,65.4,66.0,17.0,1.73,1.57,0.61,0.96,1801,0.505,37,48,54,66,77,83,87,92
Festivi,GRA,14,-13800007467711,Corso di Francia,3,50,28.83,900.68,915.0949999999999,929.51,16,59.7,64.3,64.0,16.2,1.74,1.62,0.52,0.97,1800,0.5048,38,46,53,64,76,81,85,91
Festivi,GRA,14,-13800007467711,Corso di Francia,3,50,28.83,900.68,915.0949999999999,929.51,17,56.8,61.4,61.0,16.1,1.83,1.7,0.57,1.02,1854,0.5199,35,44,50,61,72,78,82,89
Festivi,GRA,14,-13800007467711,Corso di Francia,3,50,28.83,900.68,915.0949999999999,929.51,18,53.6,59.1,59.0,15.9,1.94,1.76,1.35,1.08,1986,0.5569,34,42,47,59,70,75,79,85
Festivi,GRA,14,-13800007467711,Corso di Francia,3,50,28.83,900.68,915.0949999999999,929.51,19,54.9,59.5,59.0,15.5,1.89,1.76,0.72,1.05,2023,0.5673,36,43,48,59,70,75,79,85
Festivi,GRA,14,-13800007467711,Corso di Francia,3,50,28.83,900.68,915.0949999999999,929.51,20,57.9,62.7,62.0,16.9,1.79,1.67,0.58,1.0,1707,0.4787,38,45,50,62,74,80,85,93
Festivi,GRA,14,-13800007467711,Corso di Francia,3,50,28.83,900.68,915.0949999999999,929.51,21,61.6,66.2,66.0,16.8,1.68,1.57,0.5,0.94,1253,0.3514,40,48,54,66,78,84,88,94
Festivi,GRA,14,-13800007467711,Corso di Francia,3,50,28.83,900.68,915.0949999999999,929.51,22,62.5,67.1,67.0,17.0,1.66,1.55,0.5,0.93,1262,0.3539,41,49,55,67,77,84,89,97
Festivi,GRA,14,-13800007467711,Corso di Francia,3,50,28.83,900.68,915.0949999999999,929.51,23,59.4,64.3,63.0,17.4,1.75,1.65,0.55,0.98,1573,0.4411,39,46,52,63,76,82,86,95
Festivi,GRA,15,-13800007305421,Corso di Francia,3,50,40.13,929.51,949.575,969.64,0,48.5,56.2,56.0,18.8,2.98,2.58,1.44,1.0,3125,0.8763,25,34,43,56,68,75,80,87
Festivi,GRA,15,-13800007305421,Corso di Francia,3,50,40.13,929.51,949.575,969.64,1,51.8,60.2,60.0,20.3,2.79,2.41,1.34,0.94,2492,0.6988,27,37,46,60,73,82,86,94
Festivi,GRA,15,-13800007305421,Corso di Francia,3,50,40.13,929.51,949.575,969.64,2,54.0,62.9,63.0,21.6,2.68,2.29,1.24,0.9,1449,0.4063,28,37,47,63,78,85,90,97
Festivi,GRA,15,-13800007305421,Corso di Francia,3,50,40.13,929.51,949.575,969.64,3,53.4,64.6,66.0,24.8,2.7,2.19,1.41,0.91,806,0.226,27,35,44,66,81,89,97,105
Festivi,GRA,15,-13800007305421,Corso di Francia,3,50,40.13,929.51,949.575,969.64,4,46.4,57.6,54.0,25.6,3.11,2.68,1.69,1.05,870,0.244,26,31,35,54,76,85,93,101
Festivi,GRA,15,-13800007305421,Corso di Francia,3,50,40.13,929.51,949.575,969.64,5,56.9,66.1,66.0,23.7,2.54,2.19,1.1,0.85,343,0.0962,30,38,49,66,83,91,96,105
Festivi,GRA,15,-13800007305421,Corso di Francia,3,50,40.13,929.51,949.575,969.64,6,60.7,68.9,70.0,22.1,2.38,2.06,0.97,0.8,192,0.0538,32,41,51,70,83,93,96,104
Festivi,GRA,15,-13800007305421,Corso di Francia,3,50,40.13,929.51,949.575,969.64,7,60.1,70.1,73.0,22.7,2.4,1.98,1.21,0.81,371,0.104,29,43,55,73,86,93,99,104
Festivi,GRA,15,-13800007305421,Corso di Francia,3,50,40.13,929.51,949.575,969.64,8,58.9,67.1,69.0,20.7,2.45,2.09,1.08,0.82,705,0.1977,31,42,55,69,81,87,92,100
Festivi,GRA,15,-13800007305421,Corso di Francia,3,50,40.13,929.51,949.575,969.64,9,57.3,65.2,67.0,20.1,2.52,2.16,1.12,0.85,993,0.2785,30,41,52,67,79,86,90,97
Festivi,GRA,15,-13800007305421,Corso di Francia,3,50,40.13,929.51,949.575,969.64,10,52.6,60.8,62.0,19.6,2.75,2.33,1.46,0.92,1607,0.4506,28,37,47,62,75,81,85,91
Festivi,GRA,15,-13800007305421,Corso di Francia,3,50,40.13,929.51,949.575,969.64,11,52.0,59.4,60.0,19.0,2.78,2.41,1.28,0.93,1990,0.558,28,37,46,60,72,79,83,89
Festivi,GRA,15,-13800007305421,Corso di Francia,3,50,40.13,929.51,949.575,969.64,12,47.8,56.1,57.0,19.3,3.02,2.53,1.54,1.01,2510,0.7039,25,34,41,57,70,76,81,88
Festivi,GRA,15,-13800007305421,Corso di Francia,3,50,40.13,929.51,949.575,969.64,13,50.9,58.9,60.0,19.6,2.84,2.41,1.39,0.95,2270,0.6366,27,36,45,60,72,79,83,90
Festivi,GRA,15,-13800007305421,Corso di Francia,3,50,40.13,929.51,949.575,969.64,14,53.4,61.4,63.0,19.3,2.71,2.29,1.38,0.91,1838,0.5154,28,40,49,63,74,81,86,92
Festivi,GRA,15,-13800007305421,Corso di Francia,3,50,40.13,929.51,949.575,969.64,15,52.3,60.3,61.0,19.5,2.76,2.37,1.3,0.93,2065,0.5791,27,37,48,61,74,81,85,90
Festivi,GRA,15,-13800007305421,Corso di Francia,3,50,40.13,929.51,949.575,969.64,16,51.3,58.6,60.0,18.7,2.82,2.41,1.32,0.95,2089,0.5858,28,37,45,60,72,78,82,89
Festivi,GRA,15,-13800007305421,Corso di Francia,3,50,40.13,929.51,949.575,969.64,17,46.9,54.5,56.0,18.7,3.08,2.58,1.45,1.03,2273,0.6374,25,32,40,56,67,73,78,84
Festivi,GRA,15,-13800007305421,Corso di Francia,3,50,40.13,929.51,949.575,969.64,18,45.8,53.1,54.0,18.0,3.16,2.68,1.49,1.06,2378,0.6669,24,32,40,54,65,71,75,83
Festivi,GRA,15,-13800007305421,Corso di Francia,3,50,40.13,929.51,949.575,969.64,19,46.7,53.5,54.0,17.3,3.09,2.68,1.51,1.04,2413,0.6767,26,33,41,54,65,71,75,81
Festivi,GRA,15,-13800007305421,Corso di Francia,3,50,40.13,929.51,949.575,969.64,20,48.5,56.4,56.0,19.4,2.98,2.58,1.56,1.0,2028,0.5687,26,34,43,56,69,76,80,90
Festivi,GRA,15,-13800007305421,Corso di Francia,3,50,40.13,929.51,949.575,969.64,21,53.5,61.0,62.0,19.3,2.7,2.33,1.28,0.91,1426,0.3999,29,40,47,62,74,81,85,92
Festivi,GRA,15,-13800007305421,Corso di Francia,3,50,40.13,929.51,949.575,969.64,22,53.2,61.3,62.0,19.9,2.72,2.33,1.3,0.91,1456,0.4083,28,40,48,62,74,81,86,96
Festivi,GRA,15,-13800007305421,Corso di Francia,3,50,40.13,929.51,949.575,969.64,23,51.6,59.3,58.0,19.8,2.8,2.49,1.28,0.94,1805,0.5062,28,39,46,58,72,80,84,93
Festivi,GRA,16,-13800007305422,Corso di Francia,3,50,23.32,969.64,981.3,992.96,0,53.4,58.1,57.0,16.1,1.57,1.47,0.51,1.0,3135,0.8791,34,41,46,57,68,74,79,86
Festivi,GRA,16,-13800007305422,Corso di Francia,3,50,23.32,969.64,981.3,992.96,1,56.0,61.5,61.0,17.7,1.5,1.38,0.53,0.95,2496,0.6999,35,42,48,61,73,80,85,92
Festivi,GRA,16,-13800007305422,Corso di Francia,3,50,23.32,969.64,981.3,992.96,2,58.1,64.0,63.0,19.1,1.45,1.33,0.51,0.92,1456,0.4083,36,43,49,63,77,84,89,97
Festivi,GRA,16,-13800007305422,Corso di Francia,3,50,23.32,969.64,981.3,992.96,3,58.5,66.3,66.0,22.1,1.43,1.27,0.6,0.91,806,0.226,36,41,48,66,80,89,96,106
Festivi,GRA,16,-13800007305422,Corso di Francia,3,50,23.32,969.64,981.3,992.96,4,53.6,61.3,58.0,22.2,1.57,1.45,0.68,1.0,879,0.2465,35,39,44,58,75,83,92,100
Festivi,GRA,16,-13800007305422,Corso di Francia,3,50,23.32,969.64,981.3,992.96,5,60.6,67.2,65.0,21.2,1.39,1.29,0.48,0.88,346,0.097,38,43,50,65,81,90,96,103
Festivi,GRA,16,-13800007305422,Corso di Francia,3,50,23.32,969.64,981.3,992.96,6,64.7,70.4,69.0,19.4,1.3,1.22,0.41,0.83,192,0.0538,40,47,57,69,83,91,96,102
Festivi,GRA,16,-13800007305422,Corso di Francia,3,50,23.32,969.64,981.3,992.96,7,62.8,70.8,73.0,21.0,1.34,1.15,0.58,0.85,372,0.1043,33,47,57,73,85,92,98,104
Festivi,GRA,16,-13800007305422,Corso di Francia,3,50,23.32,969.64,981.3,992.96,8,62.3,68.0,69.0,18.4,1.35,1.22,0.46,0.86,709,0.1988,38,47,56,69,80,86,91,98
Festivi,GRA,16,-13800007305422,Corso di Francia,3,50,23.32,969.64,981.3,992.96,9,60.5,65.9,66.0,17.9,1.39,1.27,0.45,0.88,997,0.2796,36,45,53,66,78,83,88,96
Festivi,GRA,16,-13800007305422,Corso di Francia,3,50,23.32,969.64,981.3,992.96,10,56.3,61.8,62.0,17.2,1.49,1.35,0.59,0.95,1611,0.4518,35,42,49,62,74,80,84,89
Festivi,GRA,16,-13800007305422,Corso di Francia,3,50,23.32,969.64,981.3,992.96,11,55.0,60.5,61.0,17.0,1.53,1.38,0.63,0.97,1999,0.5606,34,41,48,61,72,78,82,88
Festivi,GRA,16,-13800007305422,Corso di Francia,3,50,23.32,969.64,981.3,992.96,12,51.8,57.8,58.0,16.9,1.62,1.45,0.82,1.03,2521,0.707,33,39,45,58,69,75,80,86
Festivi,GRA,16,-13800007305422,Corso di Francia,3,50,23.32,969.64,981.3,992.96,13,55.4,60.5,60.0,17.0,1.52,1.4,0.51,0.96,2276,0.6383,35,41,48,60,72,78,82,89
Festivi,GRA,16,-13800007305422,Corso di Francia,3,50,23.32,969.64,981.3,992.96,14,57.3,62.6,63.0,16.9,1.47,1.33,0.55,0.93,1840,0.516,36,44,50,63,74,80,84,90
Festivi,GRA,16,-13800007305422,Corso di Francia,3,50,23.32,969.64,981.3,992.96,15,55.8,61.6,62.0,17.3,1.51,1.35,0.65,0.96,2072,0.581,34,42,49,62,74,79,83,89
Festivi,GRA,16,-13800007305422,Corso di Francia,3,50,23.32,969.64,981.3,992.96,16,53.8,59.8,60.0,16.7,1.56,1.4,0.87,0.99,2103,0.5897,34,41,47,60,72,77,81,87
Festivi,GRA,16,-13800007305422,Corso di Francia,3,50,23.32,969.64,981.3,992.96,17,51.3,56.4,57.0,16.1,1.64,1.47,0.59,1.04,2280,0.6394,32,38,44,57,67,73,77,83
Festivi,GRA,16,-13800007305422,Corso di Francia,3,50,23.32,969.64,981.3,992.96,18,50.1,55.0,55.0,15.6,1.68,1.53,0.61,1.07,2392,0.6708,32,38,43,55,66,71,74,81
Festivi,GRA,16,-13800007305422,Corso di Francia,3,50,23.32,969.64,981.3,992.96,19,50.4,55.1,55.0,15.0,1.67,1.53,0.7,1.06,2420,0.6786,32,38,44,55,65,70,74,80
Festivi,GRA,16,-13800007305422,Corso di Francia,3,50,23.32,969.64,981.3,992.96,20,52.8,58.0,57.0,16.8,1.59,1.47,0.64,1.01,2033,0.5701,34,40,46,57,68,75,79,87
Festivi,GRA,16,-13800007305422,Corso di Francia,3,50,23.32,969.64,981.3,992.96,21,57.1,62.1,62.0,17.0,1.47,1.35,0.48,0.94,1427,0.4002,37,44,49,62,73,79,83,90
Festivi,GRA,16,-13800007305422,Corso di Francia,3,50,23.32,969.64,981.3,992.96,22,56.2,62.5,63.0,17.5,1.49,1.33,0.92,0.95,1459,0.4091,36,43,50,63,73,80,84,94
Festivi,GRA,16,-13800007305422,Corso di Francia,3,50,23.32,969.64,981.3,992.96,23,54.3,60.4,59.0,17.8,1.55,1.42,0.82,0.98,1810,0.5076,35,42,47,59,72,79,83,91
Festivi,GRA,17,-13800007305427,Corso di Francia,3,50,19.87,992.96,1002.895,1012.83,0,55.2,59.3,58.0,15.5,1.3,1.23,0.38,1.0,3136,0.8794,37,43,48,58,68,75,79,86
Festivi,GRA,17,-13800007305427,Corso di Francia,3,50,19.87,992.96,1002.895,1012.83,1,57.4,62.6,61.0,17.1,1.25,1.17,0.46,0.96,2496,0.6999,38,45,50,61,74,80,85,92
Festivi,GRA,17,-13800007305427,Corso di Francia,3,50,19.87,992.96,1002.895,1012.83,2,59.9,65.2,64.0,18.2,1.19,1.12,0.4,0.92,1454,0.4077,39,46,51,64,77,84,89,96
Festivi,GRA,17,-13800007305427,Corso di Francia,3,50,19.87,992.96,1002.895,1012.83,3,60.4,67.4,66.0,21.1,1.18,1.08,0.47,0.91,808,0.2266,38,45,51,66,80,88,97,106
Festivi,GRA,17,-13800007305427,Corso di Francia,3,50,19.87,992.96,1002.895,1012.83,4,56.2,63.2,59.0,20.8,1.27,1.21,0.56,0.98,876,0.2457,38,44,48,59,76,83,91,100
Festivi,GRA,17,-13800007305427,Corso di Francia,3,50,19.87,992.96,1002.895,1012.83,5,62.5,68.4,66.0,20.4,1.15,1.08,0.37,0.88,346,0.097,41,47,53,66,81,90,95,104
Festivi,GRA,17,-13800007305427,Corso di Francia,3,50,19.87,992.96,1002.895,1012.83,6,66.2,71.3,70.0,18.6,1.08,1.02,0.33,0.83,192,0.0538,43,50,59,70,83,91,97,102
Festivi,GRA,17,-13800007305427,Corso di Francia,3,50,19.87,992.96,1002.895,1012.83,7,63.8,71.4,73.0,20.6,1.12,0.98,0.48,0.87,372,0.1043,37,48,58,73,85,92,97,106
Festivi,GRA,17,-13800007305427,Corso di Francia,3,50,19.87,992.96,1002.895,1012.83,8,63.6,68.9,70.0,17.8,1.12,1.02,0.37,0.87,709,0.1988,40,48,57,70,80,86,91,100
Festivi,GRA,17,-13800007305427,Corso di Francia,3,50,19.87,992.96,1002.895,1012.83,9,62.1,66.9,67.0,17.2,1.15,1.07,0.35,0.89,998,0.2799,40,48,55,67,79,84,89,96
Festivi,GRA,17,-13800007305427,Corso di Francia,3,50,19.87,992.96,1002.895,1012.83,10,57.7,62.8,63.0,16.8,1.24,1.14,0.45,0.96,1614,0.4526,37,44,50,63,75,80,84,90
Festivi,GRA,17,-13800007305427,Corso di Francia,3,50,19.87,992.96,1002.895,1012.83,11,56.5,61.5,62.0,16.6,1.27,1.15,0.45,0.98,1998,0.5603,36,44,50,62,72,78,83,89
Festivi,GRA,17,-13800007305427,Corso di Francia,3,50,19.87,992.96,1002.895,1012.83,12,53.8,59.1,58.0,16.3,1.33,1.23,0.53,1.03,2518,0.7061,35,42,47,58,70,76,80,87
Festivi,GRA,17,-13800007305427,Corso di Francia,3,50,19.87,992.96,1002.895,1012.83,13,57.0,61.6,61.0,16.3,1.25,1.17,0.39,0.97,2275,0.638,37,44,50,61,73,78,82,89
Festivi,GRA,17,-13800007305427,Corso di Francia,3,50,19.87,992.96,1002.895,1012.83,14,58.8,63.6,63.0,16.3,1.22,1.14,0.42,0.94,1840,0.516,38,46,51,63,75,80,84,91
Festivi,GRA,17,-13800007305427,Corso di Francia,3,50,19.87,992.96,1002.895,1012.83,15,57.4,62.6,63.0,16.9,1.25,1.14,0.43,0.96,2073,0.5813,36,44,51,63,74,79,84,89
Festivi,GRA,17,-13800007305427,Corso di Francia,3,50,19.87,992.96,1002.895,1012.83,16,56.2,60.9,61.0,16.1,1.27,1.17,0.42,0.98,2105,0.5903,36,43,49,61,72,78,82,87
Festivi,GRA,17,-13800007305427,Corso di Francia,3,50,19.87,992.96,1002.895,1012.83,17,53.0,57.5,58.0,15.5,1.35,1.23,0.44,1.04,2285,0.6408,34,41,46,58,68,73,77,84
Festivi,GRA,17,-13800007305427,Corso di Francia,3,50,19.87,992.96,1002.895,1012.83,18,51.7,56.2,56.0,15.1,1.38,1.28,0.49,1.07,2393,0.6711,33,41,45,56,66,71,75,82
Festivi,GRA,17,-13800007305427,Corso di Francia,3,50,19.87,992.96,1002.895,1012.83,19,51.8,56.2,56.0,14.4,1.38,1.28,0.58,1.07,2423,0.6795,34,41,46,56,66,70,75,80
Festivi,GRA,17,-13800007305427,Corso di Francia,3,50,19.87,992.96,1002.895,1012.83,20,54.5,59.0,58.0,16.2,1.31,1.23,0.4,1.01,2034,0.5704,36,43,47,58,68,75,80,88
Festivi,GRA,17,-13800007305427,Corso di Francia,3,50,19.87,992.96,1002.895,1012.83,21,58.5,63.0,63.0,16.4,1.22,1.14,0.37,0.94,1428,0.4004,39,45,51,63,73,80,84,90
Festivi,GRA,17,-13800007305427,Corso di Francia,3,50,19.87,992.96,1002.895,1012.83,22,58.8,63.5,63.0,16.9,1.22,1.14,0.37,0.94,1461,0.4097,39,45,52,63,74,81,85,94
Festivi,GRA,17,-13800007305427,Corso di Francia,3,50,19.87,992.96,1002.895,1012.83,23,56.4,61.3,60.0,17.2,1.27,1.19,0.41,0.98,1807,0.5067,37,44,49,60,72,79,84,91
Festivi,GRA,18,-13800012637799,Ponte Flaminio,3,50,94.82,1012.83,1060.24,1107.65,0,57.0,60.9,60.0,15.1,5.99,5.69,1.76,1.0,3119,0.8746,38,47,51,60,69,75,80,86
Festivi,GRA,18,-13800012637799,Ponte Flaminio,3,50,94.82,1012.83,1060.24,1107.65,1,58.9,63.8,63.0,16.6,5.8,5.42,2.32,0.97,2486,0.6971,39,48,53,63,74,80,85,92
Festivi,GRA,18,-13800012637799,Ponte Flaminio,3,50,94.82,1012.83,1060.24,1107.65,2,61.8,66.6,65.0,17.3,5.52,5.25,1.77,0.92,1444,0.4049,41,50,55,65,77,84,89,96
Festivi,GRA,18,-13800012637799,Ponte Flaminio,3,50,94.82,1012.83,1060.24,1107.65,3,62.6,69.0,68.0,20.0,5.45,5.02,2.16,0.91,802,0.2249,40,50,55,68,80,88,97,106
Festivi,GRA,18,-13800012637799,Ponte Flaminio,3,50,94.82,1012.83,1060.24,1107.65,4,59.2,65.7,63.0,19.5,5.77,5.42,2.57,0.96,875,0.2454,39,48,53,63,77,84,90,100
Festivi,GRA,18,-13800012637799,Ponte Flaminio,3,50,94.82,1012.83,1060.24,1107.65,5,64.4,69.6,67.0,19.3,5.3,5.09,1.64,0.89,342,0.0959,43,51,56,67,81,91,95,103
Festivi,GRA,18,-13800012637799,Ponte Flaminio,3,50,94.82,1012.83,1060.24,1107.65,6,68.0,72.9,72.0,18.2,5.02,4.74,1.47,0.84,191,0.0536,43,54,61,72,84,91,97,103
Festivi,GRA,18,-13800012637799,Ponte Flaminio,3,50,94.82,1012.83,1060.24,1107.65,7,65.4,72.5,73.0,20.3,5.22,4.68,2.16,0.87,370,0.1038,38,50,60,73,85,92,98,107
Festivi,GRA,18,-13800012637799,Ponte Flaminio,3,50,94.82,1012.83,1060.24,1107.65,8,65.5,70.3,70.0,17.3,5.21,4.88,1.65,0.87,704,0.1974,43,52,59,70,81,87,91,100
Festivi,GRA,18,-13800012637799,Ponte Flaminio,3,50,94.82,1012.83,1060.24,1107.65,9,63.5,68.0,68.0,16.5,5.37,5.02,1.57,0.9,991,0.2779,41,51,57,68,79,85,90,95
Festivi,GRA,18,-13800012637799,Ponte Flaminio,3,50,94.82,1012.83,1060.24,1107.65,10,59.4,64.2,64.0,16.3,5.75,5.33,2.07,0.96,1606,0.4504,37,47,53,64,75,81,84,90
Festivi,GRA,18,-13800012637799,Ponte Flaminio,3,50,94.82,1012.83,1060.24,1107.65,11,57.8,62.8,63.0,16.3,5.9,5.42,2.22,0.99,1987,0.5572,36,46,52,63,73,79,83,89
Festivi,GRA,18,-13800012637799,Ponte Flaminio,3,50,94.82,1012.83,1060.24,1107.65,12,55.5,60.6,60.0,16.0,6.15,5.69,2.43,1.03,2511,0.7042,35,44,50,60,71,77,81,87
Festivi,GRA,18,-13800012637799,Ponte Flaminio,3,50,94.82,1012.83,1060.24,1107.65,13,58.7,63.1,63.0,15.7,5.82,5.42,1.83,0.97,2264,0.6349,37,47,53,63,73,79,83,90
Festivi,GRA,18,-13800012637799,Ponte Flaminio,3,50,94.82,1012.83,1060.24,1107.65,14,60.6,64.9,65.0,15.7,5.64,5.25,1.89,0.94,1834,0.5143,40,48,55,65,75,81,85,91
Festivi,GRA,18,-13800012637799,Ponte Flaminio,3,50,94.82,1012.83,1060.24,1107.65,15,58.9,63.9,64.0,16.4,5.8,5.33,2.01,0.97,2066,0.5794,36,47,53,64,75,80,84,89
Festivi,GRA,18,-13800012637799,Ponte Flaminio,3,50,94.82,1012.83,1060.24,1107.65,16,57.8,62.2,62.0,15.7,5.91,5.51,1.81,0.99,2093,0.5869,36,45,51,62,73,78,82,87
Festivi,GRA,18,-13800012637799,Ponte Flaminio,3,50,94.82,1012.83,1060.24,1107.65,17,55.2,59.3,60.0,14.8,6.19,5.69,1.88,1.03,2275,0.638,35,44,49,60,69,74,77,83
Festivi,GRA,18,-13800012637799,Ponte Flaminio,3,50,94.82,1012.83,1060.24,1107.65,18,53.3,57.7,58.0,14.5,6.4,5.89,2.27,1.07,2375,0.666,34,43,48,58,67,72,75,81
Festivi,GRA,18,-13800012637799,Ponte Flaminio,3,50,94.82,1012.83,1060.24,1107.65,19,53.4,57.4,57.0,13.9,6.39,5.99,2.22,1.07,2409,0.6755,35,43,48,57,66,71,74,81
Festivi,GRA,18,-13800012637799,Ponte Flaminio,3,50,94.82,1012.83,1060.24,1107.65,20,56.1,60.3,59.0,15.6,6.09,5.79,1.82,1.02,2022,0.567,36,45,50,59,69,76,80,87
Festivi,GRA,18,-13800012637799,Ponte Flaminio,3,50,94.82,1012.83,1060.24,1107.65,21,59.8,63.9,63.0,15.7,5.71,5.42,1.67,0.95,1423,0.399,40,48,53,63,74,80,84,90
Festivi,GRA,18,-13800012637799,Ponte Flaminio,3,50,94.82,1012.83,1060.24,1107.65,22,60.3,64.5,64.0,16.3,5.66,5.33,1.63,0.95,1458,0.4089,40,48,53,64,75,81,86,93
Festivi,GRA,18,-13800012637799,Ponte Flaminio,3,50,94.82,1012.83,1060.24,1107.65,23,57.7,62.5,61.0,16.8,5.91,5.6,1.91,0.99,1793,0.5028,39,46,51,61,72,80,84,91
Festivi,GRA,19,-13800012637774,Ponte Flaminio,3,50,36.94,1107.65,1126.1200000000001,1144.5900000000001,0,57.3,61.3,61.0,15.0,2.32,2.18,0.74,1.0,3136,0.8794,38,47,52,61,70,76,80,87
Festivi,GRA,19,-13800012637774,Ponte Flaminio,3,50,36.94,1107.65,1126.1200000000001,1144.5900000000001,1,59.2,64.2,64.0,16.6,2.25,2.08,0.92,0.97,2500,0.7011,39,48,53,64,74,80,85,92
Festivi,GRA,19,-13800012637774,Ponte Flaminio,3,50,36.94,1107.65,1126.1200000000001,1144.5900000000001,2,62.1,67.1,65.0,17.2,2.14,2.05,0.79,0.92,1451,0.4069,41,51,56,65,78,84,88,96
Festivi,GRA,19,-13800012637774,Ponte Flaminio,3,50,36.94,1107.65,1126.1200000000001,1144.5900000000001,3,63.7,69.9,68.0,19.3,2.09,1.96,0.83,0.9,810,0.2271,40,51,57,68,81,89,97,106
Festivi,GRA,19,-13800012637774,Ponte Flaminio,3,50,36.94,1107.65,1126.1200000000001,1144.5900000000001,4,60.3,67.1,65.0,19.4,2.21,2.05,1.01,0.95,887,0.2487,39,50,55,65,78,84,92,103
Festivi,GRA,19,-13800012637774,Ponte Flaminio,3,50,36.94,1107.65,1126.1200000000001,1144.5900000000001,5,63.9,69.5,67.0,19.0,2.08,1.98,0.72,0.9,342,0.0959,41,51,58,67,80,90,94,99
Festivi,GRA,19,-13800012637774,Ponte Flaminio,3,50,36.94,1107.65,1126.1200000000001,1144.5900000000001,6,68.8,73.6,72.0,18.1,1.93,1.85,0.56,0.83,191,0.0536,43,57,63,72,84,91,97,106
Festivi,GRA,19,-13800012637774,Ponte Flaminio,3,50,36.94,1107.65,1126.1200000000001,1144.5900000000001,7,64.6,72.8,73.0,20.3,2.06,1.82,1.16,0.89,374,0.1049,38,52,59,73,85,92,97,106
Festivi,GRA,19,-13800012637774,Ponte Flaminio,3,50,36.94,1107.65,1126.1200000000001,1144.5900000000001,8,65.4,71.0,71.0,17.3,2.03,1.87,0.88,0.88,705,0.1977,44,54,60,71,81,87,92,101
Festivi,GRA,19,-13800012637774,Ponte Flaminio,3,50,36.94,1107.65,1126.1200000000001,1144.5900000000001,9,64.2,68.9,69.0,16.6,2.07,1.93,0.65,0.89,993,0.2785,40,52,58,69,80,85,90,96
Festivi,GRA,19,-13800012637774,Ponte Flaminio,3,50,36.94,1107.65,1126.1200000000001,1144.5900000000001,10,60.1,65.0,65.0,16.3,2.21,2.05,0.81,0.95,1619,0.454,37,48,54,65,76,81,85,91
Festivi,GRA,19,-13800012637774,Ponte Flaminio,3,50,36.94,1107.65,1126.1200000000001,1144.5900000000001,11,58.2,63.5,64.0,16.6,2.29,2.08,0.93,0.98,1998,0.5603,36,46,53,64,74,80,84,91
Festivi,GRA,19,-13800012637774,Ponte Flaminio,3,50,36.94,1107.65,1126.1200000000001,1144.5900000000001,12,56.0,61.5,62.0,16.3,2.37,2.14,0.98,1.02,2528,0.7089,35,45,51,62,72,78,82,88
Festivi,GRA,19,-13800012637774,Ponte Flaminio,3,50,36.94,1107.65,1126.1200000000001,1144.5900000000001,13,58.9,63.6,64.0,15.9,2.26,2.08,0.81,0.97,2275,0.638,37,48,53,64,74,79,83,90
Festivi,GRA,19,-13800012637774,Ponte Flaminio,3,50,36.94,1107.65,1126.1200000000001,1144.5900000000001,14,61.1,65.6,66.0,15.7,2.18,2.01,0.74,0.94,1844,0.5171,40,49,55,66,76,81,85,92
Festivi,GRA,19,-13800012637774,Ponte Flaminio,3,50,36.94,1107.65,1126.1200000000001,1144.5900000000001,15,59.2,64.4,65.0,16.6,2.25,2.05,0.8,0.97,2083,0.5841,36,48,54,65,75,80,84,90
Festivi,GRA,19,-13800012637774,Ponte Flaminio,3,50,36.94,1107.65,1126.1200000000001,1144.5900000000001,16,58.3,62.9,63.0,15.9,2.28,2.11,0.81,0.98,2098,0.5883,36,46,52,63,73,79,82,89
Festivi,GRA,19,-13800012637774,Ponte Flaminio,3,50,36.94,1107.65,1126.1200000000001,1144.5900000000001,17,55.8,60.0,60.0,15.1,2.39,2.22,0.74,1.03,2296,0.6439,35,44,50,60,70,75,78,84
Festivi,GRA,19,-13800012637774,Ponte Flaminio,3,50,36.94,1107.65,1126.1200000000001,1144.5900000000001,18,53.6,58.1,59.0,14.6,2.48,2.25,0.9,1.07,2387,0.6694,33,43,49,59,68,72,76,82
Festivi,GRA,19,-13800012637774,Ponte Flaminio,3,50,36.94,1107.65,1126.1200000000001,1144.5900000000001,19,53.5,57.7,58.0,14.1,2.48,2.29,0.89,1.07,2429,0.6812,34,43,49,58,67,72,75,81
Festivi,GRA,19,-13800012637774,Ponte Flaminio,3,50,36.94,1107.65,1126.1200000000001,1144.5900000000001,20,56.4,60.7,60.0,15.6,2.36,2.22,0.72,1.02,2046,0.5738,36,45,50,60,69,76,80,88
Festivi,GRA,19,-13800012637774,Ponte Flaminio,3,50,36.94,1107.65,1126.1200000000001,1144.5900000000001,21,60.0,64.2,64.0,15.8,2.22,2.08,0.66,0.96,1428,0.4004,40,48,53,64,74,80,84,89
Festivi,GRA,19,-13800012637774,Ponte Flaminio,3,50,36.94,1107.65,1126.1200000000001,1144.5900000000001,22,60.5,64.8,64.0,16.3,2.2,2.08,0.64,0.95,1461,0.4097,40,48,54,64,74,81,86,93
Festivi,GRA,19,-13800012637774,Ponte Flaminio,3,50,36.94,1107.65,1126.1200000000001,1144.5900000000001,23,58.0,62.9,61.0,16.8,2.29,2.18,0.83,0.99,1795,0.5034,38,47,52,61,73,80,84,92
Festivi,GRA,20,-13800012257373,Ponte Flaminio,3,50,55.96,1144.5900000000001,1172.5700000000002,1200.5500000000002,0,56.7,60.8,60.0,14.8,3.55,3.36,1.21,1.0,3133,0.8786,38,47,51,60,69,75,79,86
Festivi,GRA,20,-13800012257373,Ponte Flaminio,3,50,55.96,1144.5900000000001,1172.5700000000002,1200.5500000000002,1,58.7,63.9,63.0,16.4,3.43,3.2,1.56,0.97,2497,0.7002,39,48,53,63,74,80,85,91
Festivi,GRA,20,-13800012257373,Ponte Flaminio,3,50,55.96,1144.5900000000001,1172.5700000000002,1200.5500000000002,2,61.9,66.8,65.0,16.8,3.26,3.1,1.19,0.92,1454,0.4077,41,51,56,65,78,83,88,94
Festivi,GRA,20,-13800012257373,Ponte Flaminio,3,50,55.96,1144.5900000000001,1172.5700000000002,1200.5500000000002,3,63.4,69.5,68.0,19.0,3.18,2.96,1.27,0.89,810,0.2271,40,51,57,68,81,87,95,104
Festivi,GRA,20,-13800012257373,Ponte Flaminio,3,50,55.96,1144.5900000000001,1172.5700000000002,1200.5500000000002,4,59.0,66.8,66.0,19.5,3.41,3.05,1.91,0.96,890,0.2496,37,50,55,66,77,85,90,103
Festivi,GRA,20,-13800012257373,Ponte Flaminio,3,50,55.96,1144.5900000000001,1172.5700000000002,1200.5500000000002,5,63.7,69.2,67.0,18.8,3.16,3.01,1.08,0.89,341,0.0956,41,51,57,67,81,89,95,99
Festivi,GRA,20,-13800012257373,Ponte Flaminio,3,50,55.96,1144.5900000000001,1172.5700000000002,1200.5500000000002,6,68.6,73.3,72.0,17.9,2.94,2.8,0.85,0.83,191,0.0536,43,57,62,72,84,90,95,106
Festivi,GRA,20,-13800012257373,Ponte Flaminio,3,50,55.96,1144.5900000000001,1172.5700000000002,1200.5500000000002,7,64.6,72.7,73.0,20.1,3.12,2.76,1.75,0.88,376,0.1054,38,53,60,73,85,92,97,105
Festivi,GRA,20,-13800012257373,Ponte Flaminio,3,50,55.96,1144.5900000000001,1172.5700000000002,1200.5500000000002,8,64.8,70.9,71.0,17.4,3.11,2.84,1.78,0.88,701,0.1966,44,54,60,71,81,87,92,100
Festivi,GRA,20,-13800012257373,Ponte Flaminio,3,50,55.96,1144.5900000000001,1172.5700000000002,1200.5500000000002,9,64.4,69.0,69.0,16.6,3.13,2.92,0.96,0.88,992,0.2782,41,52,58,69,80,85,90,95
Festivi,GRA,20,-13800012257373,Ponte Flaminio,3,50,55.96,1144.5900000000001,1172.5700000000002,1200.5500000000002,10,59.6,64.7,65.0,16.3,3.38,3.1,1.37,0.95,1615,0.4529,37,47,54,65,76,81,84,91
Festivi,GRA,20,-13800012257373,Ponte Flaminio,3,50,55.96,1144.5900000000001,1172.5700000000002,1200.5500000000002,11,58.0,63.4,64.0,16.5,3.47,3.15,1.47,0.98,1995,0.5595,36,46,53,64,74,79,84,90
Festivi,GRA,20,-13800012257373,Ponte Flaminio,3,50,55.96,1144.5900000000001,1172.5700000000002,1200.5500000000002,12,55.2,61.4,61.0,16.4,3.65,3.3,2.28,1.03,2525,0.7081,34,44,51,61,72,78,82,88
Festivi,GRA,20,-13800012257373,Ponte Flaminio,3,50,55.96,1144.5900000000001,1172.5700000000002,1200.5500000000002,13,58.7,63.5,63.0,15.9,3.43,3.2,1.25,0.97,2275,0.638,37,48,54,63,74,79,83,89
Festivi,GRA,20,-13800012257373,Ponte Flaminio,3,50,55.96,1144.5900000000001,1172.5700000000002,1200.5500000000002,14,60.9,65.4,65.0,15.9,3.31,3.1,1.13,0.93,1847,0.5179,39,49,55,65,76,81,85,92
Festivi,GRA,20,-13800012257373,Ponte Flaminio,3,50,55.96,1144.5900000000001,1172.5700000000002,1200.5500000000002,15,58.9,64.2,65.0,16.5,3.42,3.1,1.28,0.96,2084,0.5844,36,48,54,65,75,81,85,90
Festivi,GRA,20,-13800012257373,Ponte Flaminio,3,50,55.96,1144.5900000000001,1172.5700000000002,1200.5500000000002,16,58.0,62.9,63.0,15.9,3.47,3.2,1.36,0.98,2102,0.5895,36,46,53,63,73,79,83,88
Festivi,GRA,20,-13800012257373,Ponte Flaminio,3,50,55.96,1144.5900000000001,1172.5700000000002,1200.5500000000002,17,55.3,59.9,60.0,15.3,3.64,3.36,1.39,1.03,2305,0.6464,34,44,50,60,70,74,79,85
Festivi,GRA,20,-13800012257373,Ponte Flaminio,3,50,55.96,1144.5900000000001,1172.5700000000002,1200.5500000000002,18,53.0,57.7,58.0,14.5,3.8,3.47,1.48,1.07,2391,0.6705,33,43,48,58,67,72,76,81
Festivi,GRA,20,-13800012257373,Ponte Flaminio,3,50,55.96,1144.5900000000001,1172.5700000000002,1200.5500000000002,19,53.2,57.4,58.0,14.1,3.79,3.47,1.36,1.07,2429,0.6812,34,43,48,58,66,71,75,80
Festivi,GRA,20,-13800012257373,Ponte Flaminio,3,50,55.96,1144.5900000000001,1172.5700000000002,1200.5500000000002,20,55.6,60.2,60.0,15.6,3.62,3.36,1.4,1.02,2046,0.5738,36,45,50,60,69,76,80,87
Festivi,GRA,20,-13800012257373,Ponte Flaminio,3,50,55.96,1144.5900000000001,1172.5700000000002,1200.5500000000002,21,59.0,63.7,64.0,15.9,3.41,3.15,1.38,0.96,1422,0.3988,39,48,53,64,74,80,83,89
Festivi,GRA,20,-13800012257373,Ponte Flaminio,3,50,55.96,1144.5900000000001,1172.5700000000002,1200.5500000000002,22,60.2,64.5,64.0,16.0,3.35,3.15,0.98,0.94,1462,0.41,40,48,54,64,74,81,86,92
Festivi,GRA,20,-13800012257373,Ponte Flaminio,3,50,55.96,1144.5900000000001,1172.5700000000002,1200.5500000000002,23,57.2,62.6,61.0,16.6,3.52,3.3,1.69,0.99,1799,0.5045,38,47,52,61,73,79,84,91
Festivi,GRA,21,-13800006791426,Corso di Francia,3,50,21.62,1200.5500000000002,1211.3600000000001,1222.17,0,55.7,60.0,59.0,14.7,1.4,1.32,0.62,1.0,3132,0.8783,37,46,51,59,69,74,79,85
Festivi,GRA,21,-13800006791426,Corso di Francia,3,50,21.62,1200.5500000000002,1211.3600000000001,1222.17,1,58.1,63.1,62.0,16.3,1.34,1.26,0.58,0.96,2508,0.7033,38,47,53,62,73,80,84,91
Festivi,GRA,21,-13800006791426,Corso di Francia,3,50,21.62,1200.5500000000002,1211.3600000000001,1222.17,2,61.0,66.0,65.0,16.9,1.28,1.2,0.47,0.91,1465,0.4108,40,50,55,65,76,83,87,94
Festivi,GRA,21,-13800006791426,Corso di Francia,3,50,21.62,1200.5500000000002,1211.3600000000001,1222.17,3,62.4,68.5,67.0,18.9,1.25,1.16,0.51,0.89,812,0.2277,39,49,56,67,80,86,94,104
Festivi,GRA,21,-13800006791426,Corso di Francia,3,50,21.62,1200.5500000000002,1211.3600000000001,1222.17,4,59.0,66.3,65.0,19.5,1.32,1.2,0.65,0.94,893,0.2504,36,48,55,65,77,84,89,102
Festivi,GRA,21,-13800006791426,Corso di Francia,3,50,21.62,1200.5500000000002,1211.3600000000001,1222.17,5,62.7,68.5,66.0,19.0,1.24,1.18,0.44,0.89,341,0.0956,40,50,57,66,80,88,95,101
Festivi,GRA,21,-13800006791426,Corso di Francia,3,50,21.62,1200.5500000000002,1211.3600000000001,1222.17,6,68.0,72.7,71.0,18.0,1.15,1.1,0.33,0.82,191,0.0536,43,56,62,71,84,89,95,106
Festivi,GRA,21,-13800006791426,Corso di Francia,3,50,21.62,1200.5500000000002,1211.3600000000001,1222.17,7,63.5,72.2,72.0,20.1,1.23,1.08,0.88,0.88,376,0.1054,38,53,60,72,85,92,97,104
Festivi,GRA,21,-13800006791426,Corso di Francia,3,50,21.62,1200.5500000000002,1211.3600000000001,1222.17,8,63.8,70.4,70.0,17.4,1.22,1.11,0.84,0.87,703,0.1971,42,53,59,70,81,86,91,99
Festivi,GRA,21,-13800006791426,Corso di Francia,3,50,21.62,1200.5500000000002,1211.3600000000001,1222.17,9,64.1,68.7,69.0,16.5,1.21,1.13,0.38,0.87,994,0.2787,41,52,58,69,80,85,89,95
Festivi,GRA,21,-13800006791426,Corso di Francia,3,50,21.62,1200.5500000000002,1211.3600000000001,1222.17,10,57.5,64.2,65.0,16.5,1.35,1.2,1.38,0.97,1622,0.4549,36,47,53,65,75,81,84,91
Festivi,GRA,21,-13800006791426,Corso di Francia,3,50,21.62,1200.5500000000002,1211.3600000000001,1222.17,11,57.9,63.2,64.0,16.6,1.34,1.22,0.51,0.96,1992,0.5586,35,46,53,64,74,79,84,89
Festivi,GRA,21,-13800006791426,Corso di Francia,3,50,21.62,1200.5500000000002,1211.3600000000001,1222.17,12,54.9,61.1,61.0,16.5,1.42,1.28,0.91,1.01,2531,0.7098,34,44,50,61,72,78,82,88
Festivi,GRA,21,-13800006791426,Corso di Francia,3,50,21.62,1200.5500000000002,1211.3600000000001,1222.17,13,58.2,63.1,63.0,16.1,1.34,1.24,0.49,0.96,2279,0.6391,36,47,53,63,73,79,83,90
Festivi,GRA,21,-13800006791426,Corso di Francia,3,50,21.62,1200.5500000000002,1211.3600000000001,1222.17,14,60.3,64.9,64.0,16.0,1.29,1.22,0.44,0.92,1846,0.5177,39,48,54,64,75,81,85,92
Festivi,GRA,21,-13800006791426,Corso di Francia,3,50,21.62,1200.5500000000002,1211.3600000000001,1222.17,15,58.6,63.8,64.0,16.5,1.33,1.22,0.49,0.95,2085,0.5847,36,47,53,64,74,81,84,91
Festivi,GRA,21,-13800006791426,Corso di Francia,3,50,21.62,1200.5500000000002,1211.3600000000001,1222.17,16,57.5,62.6,63.0,16.0,1.35,1.24,0.56,0.97,2110,0.5917,36,46,52,63,73,78,82,88
Festivi,GRA,21,-13800006791426,Corso di Francia,3,50,21.62,1200.5500000000002,1211.3600000000001,1222.17,17,54.8,59.5,59.0,15.3,1.42,1.32,0.55,1.02,2306,0.6467,34,44,50,59,69,74,79,85
Festivi,GRA,21,-13800006791426,Corso di Francia,3,50,21.62,1200.5500000000002,1211.3600000000001,1222.17,18,51.6,57.2,58.0,14.8,1.51,1.34,1.16,1.08,2405,0.6744,32,42,48,58,67,72,75,81
Festivi,GRA,21,-13800006791426,Corso di Francia,3,50,21.62,1200.5500000000002,1211.3600000000001,1222.17,19,52.6,56.8,57.0,14.2,1.48,1.37,0.54,1.06,2441,0.6845,34,42,48,57,66,71,74,80
Festivi,GRA,21,-13800006791426,Corso di Francia,3,50,21.62,1200.5500000000002,1211.3600000000001,1222.17,20,54.9,59.6,59.0,15.6,1.42,1.32,0.56,1.01,2055,0.5763,35,44,49,59,69,74,79,86
Festivi,GRA,21,-13800006791426,Corso di Francia,3,50,21.62,1200.5500000000002,1211.3600000000001,1222.17,21,58.3,63.0,63.0,15.8,1.34,1.24,0.54,0.96,1423,0.399,39,47,52,63,73,78,83,89
Festivi,GRA,21,-13800006791426,Corso di Francia,3,50,21.62,1200.5500000000002,1211.3600000000001,1222.17,22,59.6,63.8,63.0,16.0,1.31,1.24,0.38,0.93,1463,0.4103,40,48,53,63,73,80,85,92
Festivi,GRA,21,-13800006791426,Corso di Francia,3,50,21.62,1200.5500000000002,1211.3600000000001,1222.17,23,55.3,62.0,60.0,16.6,1.41,1.3,1.4,1.01,1805,0.5062,37,46,51,60,72,79,84,91
Festivi,GRA,22,-13800011256680,Corso di Francia,3,50,35.8,1222.17,1240.0700000000002,1257.97,0,54.6,59.0,58.0,14.7,2.36,2.22,0.94,1.0,3125,0.8763,36,45,50,58,68,74,78,85
Festivi,GRA,22,-13800011256680,Corso di Francia,3,50,35.8,1222.17,1240.0700000000002,1257.97,1,57.3,62.1,61.0,16.0,2.25,2.11,0.89,0.95,2499,0.7008,38,46,52,61,72,78,83,90
Festivi,GRA,22,-13800011256680,Corso di Francia,3,50,35.8,1222.17,1240.0700000000002,1257.97,2,58.0,64.9,64.0,16.9,2.22,2.01,2.87,0.94,1459,0.4091,39,49,54,64,76,82,86,93
Festivi,GRA,22,-13800011256680,Corso di Francia,3,50,35.8,1222.17,1240.0700000000002,1257.97,3,61.4,67.5,66.0,18.8,2.1,1.95,0.84,0.89,808,0.2266,38,49,55,66,79,85,92,100
Festivi,GRA,22,-13800011256680,Corso di Francia,3,50,35.8,1222.17,1240.0700000000002,1257.97,4,57.8,65.2,64.0,19.4,2.23,2.01,1.1,0.94,888,0.249,36,47,53,64,75,84,89,100
Festivi,GRA,22,-13800011256680,Corso di Francia,3,50,35.8,1222.17,1240.0700000000002,1257.97,5,61.6,67.3,66.0,18.7,2.09,1.95,0.74,0.89,341,0.0956,40,50,55,66,79,87,94,100
Festivi,GRA,22,-13800011256680,Corso di Francia,3,50,35.8,1222.17,1240.0700000000002,1257.97,6,67.4,72.2,71.0,17.6,1.91,1.82,0.56,0.81,191,0.0536,43,56,62,71,83,89,95,106
Festivi,GRA,22,-13800011256680,Corso di Francia,3,50,35.8,1222.17,1240.0700000000002,1257.97,7,64.9,71.7,72.0,19.7,1.99,1.79,0.82,0.84,374,0.1049,38,52,59,72,85,92,97,104
Festivi,GRA,22,-13800011256680,Corso di Francia,3,50,35.8,1222.17,1240.0700000000002,1257.97,8,63.0,69.7,70.0,17.5,2.05,1.84,1.4,0.87,702,0.1969,42,52,59,70,80,86,91,99
Festivi,GRA,22,-13800011256680,Corso di Francia,3,50,35.8,1222.17,1240.0700000000002,1257.97,9,63.5,68.1,68.0,16.5,2.03,1.9,0.63,0.86,995,0.279,40,51,57,68,79,85,89,95
Festivi,GRA,22,-13800011256680,Corso di Francia,3,50,35.8,1222.17,1240.0700000000002,1257.97,10,58.2,63.7,64.0,16.4,2.21,2.01,0.91,0.94,1614,0.4526,36,46,53,64,75,80,84,90
Festivi,GRA,22,-13800011256680,Corso di Francia,3,50,35.8,1222.17,1240.0700000000002,1257.97,11,53.0,62.5,63.0,16.6,2.43,2.05,7.82,1.03,1989,0.5578,35,45,52,63,73,79,83,89
Festivi,GRA,22,-13800011256680,Corso di Francia,3,50,35.8,1222.17,1240.0700000000002,1257.97,12,55.1,60.7,60.0,16.3,2.34,2.15,1.17,0.99,2520,0.7067,34,44,50,60,71,77,82,88
Festivi,GRA,22,-13800011256680,Corso di Francia,3,50,35.8,1222.17,1240.0700000000002,1257.97,13,57.8,62.5,62.0,16.0,2.23,2.08,0.76,0.95,2271,0.6368,36,47,52,62,73,78,82,88
Festivi,GRA,22,-13800011256680,Corso di Francia,3,50,35.8,1222.17,1240.0700000000002,1257.97,14,59.5,64.1,63.0,16.0,2.16,2.05,0.74,0.92,1842,0.5165,39,47,53,63,74,80,84,91
Festivi,GRA,22,-13800011256680,Corso di Francia,3,50,35.8,1222.17,1240.0700000000002,1257.97,15,58.0,63.2,63.0,16.4,2.22,2.05,0.81,0.94,2074,0.5816,36,47,52,63,74,80,84,91
Festivi,GRA,22,-13800011256680,Corso di Francia,3,50,35.8,1222.17,1240.0700000000002,1257.97,16,56.9,61.8,62.0,16.0,2.27,2.08,0.87,0.96,2106,0.5906,35,45,51,62,72,78,82,87
Festivi,GRA,22,-13800011256680,Corso di Francia,3,50,35.8,1222.17,1240.0700000000002,1257.97,17,54.3,58.8,59.0,15.4,2.37,2.18,0.79,1.01,2304,0.6461,34,43,49,59,69,74,78,85
Festivi,GRA,22,-13800011256680,Corso di Francia,3,50,35.8,1222.17,1240.0700000000002,1257.97,18,51.7,56.6,57.0,14.6,2.49,2.26,1.02,1.06,2401,0.6733,32,42,47,57,66,71,74,79
Festivi,GRA,22,-13800011256680,Corso di Francia,3,50,35.8,1222.17,1240.0700000000002,1257.97,19,52.0,56.2,56.0,14.0,2.48,2.3,0.9,1.05,2434,0.6826,33,42,47,56,65,70,74,79
Festivi,GRA,22,-13800011256680,Corso di Francia,3,50,35.8,1222.17,1240.0700000000002,1257.97,20,54.3,58.9,58.0,15.5,2.37,2.22,0.93,1.01,2058,0.5771,34,44,49,58,68,74,79,85
Festivi,GRA,22,-13800011256680,Corso di Francia,3,50,35.8,1222.17,1240.0700000000002,1257.97,21,57.2,62.0,61.0,15.6,2.25,2.11,1.05,0.96,1419,0.3979,39,46,51,61,72,77,83,89
Festivi,GRA,22,-13800011256680,Corso di Francia,3,50,35.8,1222.17,1240.0700000000002,1257.97,22,58.5,62.8,62.0,16.1,2.2,2.08,0.64,0.93,1461,0.4097,39,47,52,62,72,79,84,91
Festivi,GRA,22,-13800011256680,Corso di Francia,3,50,35.8,1222.17,1240.0700000000002,1257.97,23,56.4,61.2,60.0,16.5,2.29,2.15,0.83,0.97,1799,0.5045,36,45,50,60,72,78,82,90
Festivi,GRA,23,-13800011256681,Corso di Francia,3,50,30.89,1257.97,1273.415,1288.8600000000001,0,52.1,57.5,57.0,15.0,2.13,1.95,1.93,1.0,3125,0.8763,35,43,47,57,67,72,78,83
Festivi,GRA,23,-13800011256681,Corso di Francia,3,50,30.89,1257.97,1273.415,1288.8600000000001,1,55.0,60.4,59.0,16.4,2.02,1.88,0.98,0.95,2504,0.7022,37,44,49,59,71,77,82,89
Festivi,GRA,23,-13800011256681,Corso di Francia,3,50,30.89,1257.97,1273.415,1288.8600000000001,2,54.5,63.6,63.0,17.1,2.04,1.77,4.57,0.96,1459,0.4091,38,46,52,63,75,81,85,92
Festivi,GRA,23,-13800011256681,Corso di Francia,3,50,30.89,1257.97,1273.415,1288.8600000000001,3,58.5,65.6,64.0,19.3,1.9,1.74,0.9,0.89,808,0.2266,37,47,53,64,78,83,90,98
Festivi,GRA,23,-13800011256681,Corso di Francia,3,50,30.89,1257.97,1273.415,1288.8600000000001,4,54.0,63.7,63.0,19.6,2.06,1.77,2.03,0.96,889,0.2493,33,46,51,63,75,82,89,98
Festivi,GRA,23,-13800011256681,Corso di Francia,3,50,30.89,1257.97,1273.415,1288.8600000000001,5,59.2,65.8,65.0,18.9,1.88,1.71,0.9,0.88,343,0.0962,39,47,53,65,78,85,93,98
Festivi,GRA,23,-13800011256681,Corso di Francia,3,50,30.89,1257.97,1273.415,1288.8600000000001,6,65.8,71.1,70.0,17.8,1.69,1.59,0.57,0.79,191,0.0536,40,54,61,70,83,88,95,102
Festivi,GRA,23,-13800011256681,Corso di Francia,3,50,30.89,1257.97,1273.415,1288.8600000000001,7,63.0,70.3,71.0,20.2,1.77,1.57,0.75,0.83,373,0.1046,36,49,56,71,84,91,96,103
Festivi,GRA,23,-13800011256681,Corso di Francia,3,50,30.89,1257.97,1273.415,1288.8600000000001,8,60.8,68.5,69.0,18.0,1.83,1.61,1.34,0.86,703,0.1971,41,49,57,69,80,85,90,99
Festivi,GRA,23,-13800011256681,Corso di Francia,3,50,30.89,1257.97,1273.415,1288.8600000000001,9,62.0,67.1,68.0,16.9,1.8,1.64,0.68,0.84,995,0.279,39,49,55,68,78,84,89,95
Festivi,GRA,23,-13800011256681,Corso di Francia,3,50,30.89,1257.97,1273.415,1288.8600000000001,10,56.9,62.7,63.0,16.6,1.95,1.77,0.97,0.92,1612,0.452,36,45,51,63,74,80,83,90
Festivi,GRA,23,-13800011256681,Corso di Francia,3,50,30.89,1257.97,1273.415,1288.8600000000001,11,54.7,61.5,62.0,16.8,2.03,1.79,2.01,0.95,1991,0.5583,34,44,50,62,72,79,82,88
Festivi,GRA,23,-13800011256681,Corso di Francia,3,50,30.89,1257.97,1273.415,1288.8600000000001,12,53.5,59.8,60.0,16.5,2.08,1.85,1.63,0.97,2521,0.707,34,43,48,60,71,77,81,87
Festivi,GRA,23,-13800011256681,Corso di Francia,3,50,30.89,1257.97,1273.415,1288.8600000000001,13,56.2,61.4,61.0,16.4,1.98,1.82,0.78,0.93,2270,0.6366,36,45,50,61,72,78,82,88
Festivi,GRA,23,-13800011256681,Corso di Francia,3,50,30.89,1257.97,1273.415,1288.8600000000001,14,57.2,62.8,62.0,16.5,1.94,1.79,1.04,0.91,1845,0.5174,38,46,50,62,74,80,83,90
Festivi,GRA,23,-13800011256681,Corso di Francia,3,50,30.89,1257.97,1273.415,1288.8600000000001,15,56.7,62.1,62.0,16.6,1.96,1.79,0.75,0.92,2074,0.5816,35,45,51,62,73,79,84,90
Festivi,GRA,23,-13800011256681,Corso di Francia,3,50,30.89,1257.97,1273.415,1288.8600000000001,16,55.4,60.7,61.0,16.2,2.01,1.82,0.81,0.94,2110,0.5917,34,44,49,61,72,77,81,87
Festivi,GRA,23,-13800011256681,Corso di Francia,3,50,30.89,1257.97,1273.415,1288.8600000000001,17,52.9,57.8,58.0,15.7,2.1,1.92,0.76,0.98,2308,0.6472,33,42,47,58,68,74,78,84
Festivi,GRA,23,-13800011256681,Corso di Francia,3,50,30.89,1257.97,1273.415,1288.8600000000001,18,50.3,55.7,55.0,14.7,2.21,2.02,1.34,1.03,2403,0.6739,31,41,46,55,65,71,74,80
Festivi,GRA,23,-13800011256681,Corso di Francia,3,50,30.89,1257.97,1273.415,1288.8600000000001,19,50.5,55.1,55.0,14.2,2.2,2.02,1.09,1.03,2436,0.6831,32,41,45,55,64,69,73,78
Festivi,GRA,23,-13800011256681,Corso di Francia,3,50,30.89,1257.97,1273.415,1288.8600000000001,20,52.5,57.9,57.0,15.7,2.12,1.95,1.36,0.99,2059,0.5774,34,43,47,57,67,73,78,85
Festivi,GRA,23,-13800011256681,Corso di Francia,3,50,30.89,1257.97,1273.415,1288.8600000000001,21,55.3,60.7,60.0,15.9,2.01,1.85,1.35,0.94,1419,0.3979,38,45,50,60,71,77,81,89
Festivi,GRA,23,-13800011256681,Corso di Francia,3,50,30.89,1257.97,1273.415,1288.8600000000001,22,55.4,61.6,60.0,16.4,2.01,1.85,2.45,0.94,1460,0.4094,38,45,50,60,71,79,83,90
Festivi,GRA,23,-13800011256681,Corso di Francia,3,50,30.89,1257.97,1273.415,1288.8600000000001,23,54.8,60.1,59.0,16.7,2.03,1.88,0.81,0.95,1797,0.5039,35,43,48,59,71,77,82,89
Festivi,GRA,24,-13800010858709,Corso di Francia,3,50,71.88,1288.8600000000001,1324.8000000000002,1360.7400000000002,0,46.8,54.0,55.0,17.5,5.54,4.7,2.76,1.0,3106,0.871,26,33,42,55,65,72,76,82
Festivi,GRA,24,-13800010858709,Corso di Francia,3,50,71.88,1288.8600000000001,1324.8000000000002,1360.7400000000002,1,49.0,57.1,58.0,18.7,5.28,4.46,3.5,0.95,2480,0.6955,27,36,44,58,69,75,80,87
Festivi,GRA,24,-13800010858709,Corso di Francia,3,50,71.88,1288.8600000000001,1324.8000000000002,1360.7400000000002,2,52.2,60.4,61.0,19.0,4.96,4.24,3.33,0.9,1447,0.4058,28,40,48,61,73,79,83,91
Festivi,GRA,24,-13800010858709,Corso di Francia,3,50,71.88,1288.8600000000001,1324.8000000000002,1360.7400000000002,3,53.3,62.3,63.0,20.6,4.85,4.11,2.83,0.88,805,0.2257,28,38,49,63,76,82,87,97
Festivi,GRA,24,-13800010858709,Corso di Francia,3,50,71.88,1288.8600000000001,1324.8000000000002,1360.7400000000002,4,47.0,60.1,60.0,20.5,5.5,4.31,8.14,0.99,883,0.2476,26,40,48,60,73,80,86,94
Festivi,GRA,24,-13800010858709,Corso di Francia,3,50,71.88,1288.8600000000001,1324.8000000000002,1360.7400000000002,5,55.9,63.2,63.0,19.9,4.63,4.11,1.98,0.84,344,0.0965,29,43,50,63,75,82,89,98
Festivi,GRA,24,-13800010858709,Corso di Francia,3,50,71.88,1288.8600000000001,1324.8000000000002,1360.7400000000002,6,61.5,69.3,69.0,19.5,4.21,3.75,2.11,0.76,190,0.0533,34,49,59,69,83,88,93,102
Festivi,GRA,24,-13800010858709,Corso di Francia,3,50,71.88,1288.8600000000001,1324.8000000000002,1360.7400000000002,7,58.8,68.1,70.0,21.4,4.4,3.7,2.34,0.8,370,0.1038,31,43,54,70,83,90,93,102
Festivi,GRA,24,-13800010858709,Corso di Francia,3,50,71.88,1288.8600000000001,1324.8000000000002,1360.7400000000002,8,55.9,66.1,68.0,19.7,4.63,3.81,3.85,0.84,700,0.1963,30,45,54,68,79,84,89,98
Festivi,GRA,24,-13800010858709,Corso di Francia,3,50,71.88,1288.8600000000001,1324.8000000000002,1360.7400000000002,9,57.9,65.1,66.0,18.2,4.47,3.92,2.71,0.81,990,0.2776,32,45,54,66,77,83,87,93
Festivi,GRA,24,-13800010858709,Corso di Francia,3,50,71.88,1288.8600000000001,1324.8000000000002,1360.7400000000002,10,52.8,60.8,62.0,18.0,4.91,4.17,3.46,0.89,1609,0.4512,29,40,49,62,74,79,83,88
Festivi,GRA,24,-13800010858709,Corso di Francia,3,50,71.88,1288.8600000000001,1324.8000000000002,1360.7400000000002,11,52.6,59.5,61.0,18.0,4.92,4.24,2.31,0.89,1987,0.5572,29,39,47,61,72,78,81,87
Festivi,GRA,24,-13800010858709,Corso di Francia,3,50,71.88,1288.8600000000001,1324.8000000000002,1360.7400000000002,12,50.4,57.5,58.0,17.9,5.14,4.46,2.61,0.93,2515,0.7053,28,37,44,58,70,76,80,86
Festivi,GRA,24,-13800010858709,Corso di Francia,3,50,71.88,1288.8600000000001,1324.8000000000002,1360.7400000000002,13,51.7,58.8,60.0,18.1,5.0,4.31,2.47,0.9,2260,0.6338,28,38,46,60,71,76,81,87
Festivi,GRA,24,-13800010858709,Corso di Francia,3,50,71.88,1288.8600000000001,1324.8000000000002,1360.7400000000002,14,52.4,59.8,61.0,18.5,4.94,4.24,2.57,0.89,1839,0.5157,29,39,46,61,72,78,82,89
Festivi,GRA,24,-13800010858709,Corso di Francia,3,50,71.88,1288.8600000000001,1324.8000000000002,1360.7400000000002,15,52.4,59.6,61.0,18.1,4.94,4.24,2.45,0.89,2066,0.5794,29,38,48,61,72,78,82,88
Festivi,GRA,24,-13800010858709,Corso di Francia,3,50,71.88,1288.8600000000001,1324.8000000000002,1360.7400000000002,16,51.2,58.1,60.0,17.7,5.05,4.31,2.39,0.91,2109,0.5914,29,38,45,60,70,76,80,86
Festivi,GRA,24,-13800010858709,Corso di Francia,3,50,71.88,1288.8600000000001,1324.8000000000002,1360.7400000000002,17,49.2,55.4,56.0,16.7,5.26,4.62,2.65,0.95,2300,0.645,28,36,44,56,67,73,77,82
Festivi,GRA,24,-13800010858709,Corso di Francia,3,50,71.88,1288.8600000000001,1324.8000000000002,1360.7400000000002,18,47.2,53.8,54.0,15.8,5.49,4.79,3.62,0.99,2395,0.6716,26,36,44,54,65,69,73,79
Festivi,GRA,24,-13800010858709,Corso di Francia,3,50,71.88,1288.8600000000001,1324.8000000000002,1360.7400000000002,19,47.4,53.2,55.0,15.6,5.46,4.7,2.43,0.99,2419,0.6784,27,35,42,55,64,69,72,77
Festivi,GRA,24,-13800010858709,Corso di Francia,3,50,71.88,1288.8600000000001,1324.8000000000002,1360.7400000000002,20,48.1,55.3,56.0,17.2,5.38,4.62,3.6,0.97,2052,0.5754,27,35,44,56,66,72,76,83
Festivi,GRA,24,-13800010858709,Corso di Francia,3,50,71.88,1288.8600000000001,1324.8000000000002,1360.7400000000002,21,50.4,58.1,58.0,17.7,5.13,4.46,4.05,0.93,1412,0.396,29,39,46,58,70,76,79,88
Festivi,GRA,24,-13800010858709,Corso di Francia,3,50,71.88,1288.8600000000001,1324.8000000000002,1360.7400000000002,22,52.4,58.7,59.0,18.0,4.94,4.39,2.04,0.89,1450,0.4066,28,39,46,59,70,77,82,88
Festivi,GRA,24,-13800010858709,Corso di Francia,3,50,71.88,1288.8600000000001,1324.8000000000002,1360.7400000000002,23,49.1,57.1,57.0,18.7,5.28,4.54,3.03,0.95,1789,0.5017,27,36,45,57,70,75,80,88
Festivi,GRA,25,-13800006530919,Corso di Francia,3,50,25.73,1360.7400000000002,1373.6050000000002,1386.4700000000003,0,44.7,53.0,55.0,18.0,2.07,1.68,1.23,1.0,3001,0.8416,23,32,40,55,65,71,75,81
Festivi,GRA,25,-13800006530919,Corso di Francia,3,50,25.73,1360.7400000000002,1373.6050000000002,1386.4700000000003,1,41.2,55.3,56.0,19.3,2.25,1.65,10.91,1.08,2529,0.7092,24,33,42,56,68,75,79,86
Festivi,GRA,25,-13800006530919,Corso di Francia,3,50,25.73,1360.7400000000002,1373.6050000000002,1386.4700000000003,2,46.1,56.7,58.0,20.0,2.01,1.6,2.41,0.97,1568,0.4397,25,33,41,58,70,76,82,89
Festivi,GRA,25,-13800006530919,Corso di Francia,3,50,25.73,1360.7400000000002,1373.6050000000002,1386.4700000000003,3,45.2,57.0,58.0,22.0,2.05,1.6,1.59,0.99,943,0.2644,24,31,39,58,73,80,84,93
Festivi,GRA,25,-13800006530919,Corso di Francia,3,50,25.73,1360.7400000000002,1373.6050000000002,1386.4700000000003,4,38.1,51.9,52.0,22.0,2.43,1.78,2.61,1.17,1139,0.3194,18,29,35,52,66,75,80,89
Festivi,GRA,25,-13800006530919,Corso di Francia,3,50,25.73,1360.7400000000002,1373.6050000000002,1386.4700000000003,5,47.5,57.2,57.0,20.3,1.95,1.63,1.31,0.94,396,0.111,26,36,43,57,70,77,83,95
Festivi,GRA,25,-13800006530919,Corso di Francia,3,50,25.73,1360.7400000000002,1373.6050000000002,1386.4700000000003,6,54.0,65.2,68.0,21.8,1.72,1.36,1.39,0.83,216,0.0606,28,38,50,68,80,88,91,100
Festivi,GRA,25,-13800006530919,Corso di Francia,3,50,25.73,1360.7400000000002,1373.6050000000002,1386.4700000000003,7,54.4,66.1,68.0,22.4,1.7,1.36,1.44,0.82,374,0.1049,28,39,50,68,82,88,93,101
Festivi,GRA,25,-13800006530919,Corso di Francia,3,50,25.73,1360.7400000000002,1373.6050000000002,1386.4700000000003,8,54.1,65.8,68.0,19.9,1.71,1.36,1.73,0.83,662,0.1856,31,44,54,68,79,84,90,98
Festivi,GRA,25,-13800006530919,Corso di Francia,3,50,25.73,1360.7400000000002,1373.6050000000002,1386.4700000000003,9,55.6,63.5,65.0,19.0,1.67,1.43,0.86,0.8,989,0.2773,30,41,52,65,76,82,86,92
Festivi,GRA,25,-13800006530919,Corso di Francia,3,50,25.73,1360.7400000000002,1373.6050000000002,1386.4700000000003,10,51.1,59.9,62.0,18.6,1.81,1.49,1.32,0.87,1566,0.4391,28,38,47,62,73,78,82,88
Festivi,GRA,25,-13800006530919,Corso di Francia,3,50,25.73,1360.7400000000002,1373.6050000000002,1386.4700000000003,11,51.2,58.5,60.0,18.0,1.81,1.54,0.91,0.87,1940,0.544,28,37,45,60,71,77,81,86
Festivi,GRA,25,-13800006530919,Corso di Francia,3,50,25.73,1360.7400000000002,1373.6050000000002,1386.4700000000003,12,50.2,57.7,59.0,17.8,1.84,1.57,1.03,0.89,2336,0.6551,28,37,45,59,70,76,80,85
Festivi,GRA,25,-13800006530919,Corso di Francia,3,50,25.73,1360.7400000000002,1373.6050000000002,1386.4700000000003,13,50.7,59.2,61.0,17.8,1.83,1.52,2.21,0.88,2084,0.5844,28,39,48,61,71,76,80,86
Festivi,GRA,25,-13800006530919,Corso di Francia,3,50,25.73,1360.7400000000002,1373.6050000000002,1386.4700000000003,14,54.3,61.2,63.0,17.6,1.71,1.47,1.05,0.82,1628,0.4565,31,42,49,63,73,78,81,88
Festivi,GRA,25,-13800006530919,Corso di Francia,3,50,25.73,1360.7400000000002,1373.6050000000002,1386.4700000000003,15,52.0,59.5,61.0,18.0,1.78,1.52,0.94,0.86,1942,0.5446,28,38,48,61,72,77,81,87
Festivi,GRA,25,-13800006530919,Corso di Francia,3,50,25.73,1360.7400000000002,1373.6050000000002,1386.4700000000003,16,50.4,57.7,59.0,17.7,1.84,1.57,1.12,0.89,2033,0.5701,28,37,45,59,69,76,79,86
Festivi,GRA,25,-13800006530919,Corso di Francia,3,50,25.73,1360.7400000000002,1373.6050000000002,1386.4700000000003,17,49.1,55.0,55.0,16.5,1.89,1.68,0.8,0.91,2216,0.6214,28,36,44,55,66,72,76,82
Festivi,GRA,25,-13800006530919,Corso di Francia,3,50,25.73,1360.7400000000002,1373.6050000000002,1386.4700000000003,18,47.2,54.0,55.0,16.0,1.96,1.68,1.25,0.95,2309,0.6475,26,36,44,55,65,70,74,79
Festivi,GRA,25,-13800006530919,Corso di Francia,3,50,25.73,1360.7400000000002,1373.6050000000002,1386.4700000000003,19,46.6,53.2,55.0,15.7,1.99,1.68,1.21,0.96,2307,0.6469,26,35,43,55,64,69,72,77
Festivi,GRA,25,-13800006530919,Corso di Francia,3,50,25.73,1360.7400000000002,1373.6050000000002,1386.4700000000003,20,47.1,54.2,55.0,17.5,1.97,1.68,1.04,0.95,2070,0.5805,26,34,42,55,65,72,75,82
Festivi,GRA,25,-13800006530919,Corso di Francia,3,50,25.73,1360.7400000000002,1373.6050000000002,1386.4700000000003,21,50.4,57.3,58.0,18.0,1.84,1.6,0.86,0.89,1396,0.3915,27,37,45,58,69,75,79,87
Festivi,GRA,25,-13800006530919,Corso di Francia,3,50,25.73,1360.7400000000002,1373.6050000000002,1386.4700000000003,22,50.9,58.2,59.0,18.3,1.82,1.57,1.01,0.88,1375,0.3856,27,38,45,59,70,76,81,88
Festivi,GRA,25,-13800006530919,Corso di Francia,3,50,25.73,1360.7400000000002,1373.6050000000002,1386.4700000000003,23,47.1,56.4,57.0,18.9,1.97,1.63,1.72,0.95,1716,0.4812,25,35,44,57,69,75,80,88
Festivi,GRA,26,-13800006809474,Corso di Francia,3,50,51.21,1386.4700000000003,1412.0750000000003,1437.6800000000003,0,45.5,52.6,53.0,16.7,4.05,3.48,2.26,1.0,2995,0.8399,25,35,41,53,64,69,74,80
Festivi,GRA,26,-13800006809474,Corso di Francia,3,50,51.21,1386.4700000000003,1412.0750000000003,1437.6800000000003,1,44.1,54.9,55.0,17.8,4.18,3.35,8.43,1.03,2521,0.707,27,37,42,55,66,73,77,84
Festivi,GRA,26,-13800006809474,Corso di Francia,3,50,51.21,1386.4700000000003,1412.0750000000003,1437.6800000000003,2,44.8,56.2,56.0,19.0,4.12,3.29,7.37,1.02,1562,0.438,27,37,42,56,69,75,80,87
Festivi,GRA,26,-13800006809474,Corso di Francia,3,50,51.21,1386.4700000000003,1412.0750000000003,1437.6800000000003,3,43.8,56.8,57.0,20.9,4.21,3.23,5.23,1.04,939,0.2633,25,36,41,57,71,78,83,92
Festivi,GRA,26,-13800006809474,Corso di Francia,3,50,51.21,1386.4700000000003,1412.0750000000003,1437.6800000000003,4,36.2,50.6,49.0,21.3,5.09,3.76,5.81,1.26,1116,0.313,15,30,36,49,64,73,79,87
Festivi,GRA,26,-13800006809474,Corso di Francia,3,50,51.21,1386.4700000000003,1412.0750000000003,1437.6800000000003,5,46.0,55.6,54.0,19.5,4.01,3.41,2.99,0.99,393,0.1102,26,37,43,54,67,74,80,93
Festivi,GRA,26,-13800006809474,Corso di Francia,3,50,51.21,1386.4700000000003,1412.0750000000003,1437.6800000000003,6,54.7,64.6,67.0,20.5,3.37,2.75,2.69,0.83,215,0.0603,31,40,50,67,79,86,90,98
Festivi,GRA,26,-13800006809474,Corso di Francia,3,50,51.21,1386.4700000000003,1412.0750000000003,1437.6800000000003,7,51.6,65.5,67.0,22.0,3.57,2.75,4.77,0.88,375,0.1052,29,40,49,67,81,88,93,101
Festivi,GRA,26,-13800006809474,Corso di Francia,3,50,51.21,1386.4700000000003,1412.0750000000003,1437.6800000000003,8,53.7,64.7,66.0,19.2,3.43,2.79,3.46,0.85,660,0.1851,32,45,52,66,77,83,88,94
Festivi,GRA,26,-13800006809474,Corso di Francia,3,50,51.21,1386.4700000000003,1412.0750000000003,1437.6800000000003,9,52.8,62.2,63.0,18.2,3.49,2.93,5.05,0.86,991,0.2779,32,42,51,63,75,81,84,91
Festivi,GRA,26,-13800006809474,Corso di Francia,3,50,51.21,1386.4700000000003,1412.0750000000003,1437.6800000000003,10,50.3,59.0,60.0,17.7,3.67,3.07,2.95,0.9,1565,0.4389,30,39,46,60,71,77,81,86
Festivi,GRA,26,-13800006809474,Corso di Francia,3,50,51.21,1386.4700000000003,1412.0750000000003,1437.6800000000003,11,50.4,57.5,58.0,17.2,3.66,3.18,2.25,0.9,1937,0.5432,29,39,45,58,69,75,80,85
Festivi,GRA,26,-13800006809474,Corso di Francia,3,50,51.21,1386.4700000000003,1412.0750000000003,1437.6800000000003,12,49.2,56.4,57.0,17.1,3.75,3.23,2.17,0.92,2334,0.6545,28,38,44,57,69,74,78,84
Festivi,GRA,26,-13800006809474,Corso di Francia,3,50,51.21,1386.4700000000003,1412.0750000000003,1437.6800000000003,13,49.5,58.1,59.0,17.0,3.72,3.12,4.81,0.92,2083,0.5841,30,40,47,59,69,75,79,84
Festivi,GRA,26,-13800006809474,Corso di Francia,3,50,51.21,1386.4700000000003,1412.0750000000003,1437.6800000000003,14,53.2,60.0,61.0,17.0,3.47,3.02,2.39,0.86,1624,0.4554,32,42,48,61,71,76,81,87
Festivi,GRA,26,-13800006809474,Corso di Francia,3,50,51.21,1386.4700000000003,1412.0750000000003,1437.6800000000003,15,51.1,58.4,59.0,17.1,3.61,3.12,2.63,0.89,1942,0.5446,29,40,47,59,70,76,80,86
Festivi,GRA,26,-13800006809474,Corso di Francia,3,50,51.21,1386.4700000000003,1412.0750000000003,1437.6800000000003,16,49.7,56.6,57.0,16.7,3.71,3.23,2.46,0.91,2024,0.5676,29,38,45,57,68,73,77,84
Festivi,GRA,26,-13800006809474,Corso di Francia,3,50,51.21,1386.4700000000003,1412.0750000000003,1437.6800000000003,17,47.2,53.5,53.0,16.2,3.91,3.48,2.37,0.96,2214,0.6209,28,37,42,53,64,70,75,81
Festivi,GRA,26,-13800006809474,Corso di Francia,3,50,51.21,1386.4700000000003,1412.0750000000003,1437.6800000000003,18,46.6,53.1,53.0,15.4,3.96,3.48,3.29,0.98,2300,0.645,27,37,43,53,63,69,72,78
Festivi,GRA,26,-13800006809474,Corso di Francia,3,50,51.21,1386.4700000000003,1412.0750000000003,1437.6800000000003,19,46.1,52.3,53.0,15.1,4.0,3.48,2.43,0.99,2307,0.6469,28,36,42,53,62,67,71,76
Festivi,GRA,26,-13800006809474,Corso di Francia,3,50,51.21,1386.4700000000003,1412.0750000000003,1437.6800000000003,20,46.1,53.4,53.0,16.8,4.0,3.48,3.11,0.99,2066,0.5794,28,36,42,53,64,70,74,81
Festivi,GRA,26,-13800006809474,Corso di Francia,3,50,51.21,1386.4700000000003,1412.0750000000003,1437.6800000000003,21,50.8,56.8,56.0,16.9,3.63,3.29,1.61,0.89,1391,0.3901,31,40,45,56,68,74,78,85
Festivi,GRA,26,-13800006809474,Corso di Francia,3,50,51.21,1386.4700000000003,1412.0750000000003,1437.6800000000003,22,51.4,57.4,57.0,17.0,3.59,3.23,1.88,0.89,1371,0.3845,31,39,45,57,68,74,79,86
Festivi,GRA,26,-13800006809474,Corso di Francia,3,50,51.21,1386.4700000000003,1412.0750000000003,1437.6800000000003,23,46.7,55.8,56.0,17.9,3.95,3.29,3.67,0.97,1716,0.4812,28,38,44,56,67,73,78,87
Festivi,GRA,27,-13800014505221,Corso di Francia,2,50,87.0,1437.6800000000003,1481.1800000000003,1524.6800000000003,0,33.8,45.4,44.0,18.4,9.28,7.12,8.85,1.0,3160,0.8861,14,27,33,44,58,65,69,76
Festivi,GRA,27,-13800014505221,Corso di Francia,2,50,87.0,1437.6800000000003,1481.1800000000003,1524.6800000000003,1,33.7,48.2,47.0,19.5,9.31,6.66,12.58,1.0,2622,0.7353,13,30,36,47,61,69,73,81
Festivi,GRA,27,-13800014505221,Corso di Francia,2,50,87.0,1437.6800000000003,1481.1800000000003,1524.6800000000003,2,30.6,49.8,50.0,21.8,10.24,6.26,14.89,1.1,1598,0.4481,9,29,36,50,65,72,77,85
Festivi,GRA,27,-13800014505221,Corso di Francia,2,50,87.0,1437.6800000000003,1481.1800000000003,1524.6800000000003,3,25.1,50.4,52.0,24.6,12.46,6.02,19.4,1.34,939,0.2633,6,21,36,52,67,75,81,88
Festivi,GRA,27,-13800014505221,Corso di Francia,2,50,87.0,1437.6800000000003,1481.1800000000003,1524.6800000000003,4,17.0,42.8,44.0,25.8,18.44,7.12,27.03,1.99,1001,0.2807,4,8,21,44,62,69,75,84
Festivi,GRA,27,-13800014505221,Corso di Francia,2,50,87.0,1437.6800000000003,1481.1800000000003,1524.6800000000003,5,20.7,45.8,47.0,24.7,15.13,6.66,24.54,1.63,392,0.1099,5,14,28,47,62,69,76,90
Festivi,GRA,27,-13800014505221,Corso di Francia,2,50,87.0,1437.6800000000003,1481.1800000000003,1524.6800000000003,6,39.7,58.9,60.0,23.1,7.89,5.22,10.86,0.85,231,0.0648,15,36,45,60,74,83,89,95
Festivi,GRA,27,-13800014505221,Corso di Francia,2,50,87.0,1437.6800000000003,1481.1800000000003,1524.6800000000003,7,44.2,59.9,59.0,22.4,7.09,5.31,9.92,0.76,408,0.1144,25,37,44,59,77,84,89,95
Festivi,GRA,27,-13800014505221,Corso di Francia,2,50,87.0,1437.6800000000003,1481.1800000000003,1524.6800000000003,8,39.6,57.8,58.0,20.7,7.92,5.4,19.25,0.85,732,0.2053,25,37,43,58,73,79,84,91
Festivi,GRA,27,-13800014505221,Corso di Francia,2,50,87.0,1437.6800000000003,1481.1800000000003,1524.6800000000003,9,39.4,54.6,54.0,20.0,7.94,5.8,12.39,0.86,1110,0.3113,21,35,41,54,69,76,81,87
Festivi,GRA,27,-13800014505221,Corso di Francia,2,50,87.0,1437.6800000000003,1481.1800000000003,1524.6800000000003,10,36.1,51.3,51.0,19.0,8.69,6.14,13.47,0.94,1715,0.4809,18,33,38,51,65,72,77,83
Festivi,GRA,27,-13800014505221,Corso di Francia,2,50,87.0,1437.6800000000003,1481.1800000000003,1524.6800000000003,11,36.5,49.2,48.0,19.0,8.57,6.53,11.46,0.92,2172,0.6091,18,31,36,48,63,70,74,81
Festivi,GRA,27,-13800014505221,Corso di Francia,2,50,87.0,1437.6800000000003,1481.1800000000003,1524.6800000000003,12,33.0,46.6,45.0,19.3,9.49,6.96,14.98,1.02,2656,0.7448,14,27,34,45,61,68,72,78
Festivi,GRA,27,-13800014505221,Corso di Francia,2,50,87.0,1437.6800000000003,1481.1800000000003,1524.6800000000003,13,35.8,48.6,48.0,19.4,8.75,6.53,9.38,0.94,2321,0.6509,15,30,36,48,62,69,73,79
Festivi,GRA,27,-13800014505221,Corso di Francia,2,50,87.0,1437.6800000000003,1481.1800000000003,1524.6800000000003,14,38.1,51.8,52.0,19.3,8.21,6.02,10.88,0.89,1781,0.4994,17,34,39,52,65,71,76,83
Festivi,GRA,27,-13800014505221,Corso di Francia,2,50,87.0,1437.6800000000003,1481.1800000000003,1524.6800000000003,15,38.7,50.8,50.0,18.7,8.08,6.26,10.19,0.87,2085,0.5847,20,32,38,50,64,71,76,81
Festivi,GRA,27,-13800014505221,Corso di Francia,2,50,87.0,1437.6800000000003,1481.1800000000003,1524.6800000000003,16,38.0,48.8,47.0,18.2,8.25,6.66,8.9,0.89,2162,0.6063,20,31,36,47,62,68,73,79
Festivi,GRA,27,-13800014505221,Corso di Francia,2,50,87.0,1437.6800000000003,1481.1800000000003,1524.6800000000003,17,33.0,45.0,44.0,18.2,9.48,7.12,12.73,1.02,2400,0.673,15,27,33,44,58,65,70,77
Festivi,GRA,27,-13800014505221,Corso di Francia,2,50,87.0,1437.6800000000003,1481.1800000000003,1524.6800000000003,18,33.6,44.9,43.0,17.9,9.32,7.28,10.37,1.0,2547,0.7142,16,27,33,43,58,65,69,75
Festivi,GRA,27,-13800014505221,Corso di Francia,2,50,87.0,1437.6800000000003,1481.1800000000003,1524.6800000000003,19,32.9,44.6,44.0,17.5,9.53,7.12,12.63,1.03,2480,0.6955,15,27,33,44,58,64,67,73
Festivi,GRA,27,-13800014505221,Corso di Francia,2,50,87.0,1437.6800000000003,1481.1800000000003,1524.6800000000003,20,31.3,45.2,43.0,19.0,10.01,7.28,14.99,1.08,2294,0.6433,14,27,33,43,58,65,70,78
Festivi,GRA,27,-13800014505221,Corso di Francia,2,50,87.0,1437.6800000000003,1481.1800000000003,1524.6800000000003,21,35.5,48.7,48.0,19.2,8.83,6.53,10.13,0.95,1558,0.4369,16,31,36,48,61,68,73,81
Festivi,GRA,27,-13800014505221,Corso di Francia,2,50,87.0,1437.6800000000003,1481.1800000000003,1524.6800000000003,22,40.6,50.5,49.0,18.1,7.71,6.39,6.69,0.83,1532,0.4296,22,34,38,49,62,69,73,82
Festivi,GRA,27,-13800014505221,Corso di Francia,2,50,87.0,1437.6800000000003,1481.1800000000003,1524.6800000000003,23,37.0,49.4,48.0,19.1,8.47,6.53,9.3,0.91,1825,0.5118,18,32,36,48,62,69,74,81
Festivi,GRA,28,-13800014505222,Corso di Francia,2,50,22.54,1524.6800000000003,1535.9500000000003,1547.2200000000003,0,27.6,42.5,41.0,19.4,2.94,1.98,5.62,1.0,3122,0.8755,11,23,28,41,57,64,68,74
Festivi,GRA,28,-13800014505222,Corso di Francia,2,50,22.54,1524.6800000000003,1535.9500000000003,1547.2200000000003,1,29.9,46.1,45.0,20.0,2.71,1.8,5.5,0.92,2557,0.717,13,26,32,45,60,67,72,79
Festivi,GRA,28,-13800014505222,Corso di Francia,2,50,22.54,1524.6800000000003,1535.9500000000003,1547.2200000000003,2,27.6,48.2,46.0,21.5,2.94,1.76,9.28,1.0,1554,0.4358,11,27,34,46,63,71,76,83
Festivi,GRA,28,-13800014505222,Corso di Francia,2,50,22.54,1524.6800000000003,1535.9500000000003,1547.2200000000003,3,27.0,50.0,49.0,23.2,3.01,1.66,5.77,1.02,931,0.2611,9,26,35,49,67,74,80,87
Festivi,GRA,28,-13800014505222,Corso di Francia,2,50,22.54,1524.6800000000003,1535.9500000000003,1547.2200000000003,4,15.6,43.0,42.0,23.9,5.21,1.93,13.99,1.77,1005,0.2818,5,16,26,42,60,68,73,83
Festivi,GRA,28,-13800014505222,Corso di Francia,2,50,22.54,1524.6800000000003,1535.9500000000003,1547.2200000000003,5,17.2,43.5,44.0,23.4,4.73,1.84,11.71,1.61,428,0.12,6,16,27,44,58,66,73,85
Festivi,GRA,28,-13800014505222,Corso di Francia,2,50,22.54,1524.6800000000003,1535.9500000000003,1547.2200000000003,6,18.5,54.4,54.0,23.7,4.4,1.5,21.28,1.5,245,0.0687,13,31,39,54,72,80,86,91
Festivi,GRA,28,-13800014505222,Corso di Francia,2,50,22.54,1524.6800000000003,1535.9500000000003,1547.2200000000003,7,34.5,56.1,57.0,23.1,2.35,1.42,4.94,0.8,417,0.1169,18,32,39,57,74,82,86,92
Festivi,GRA,28,-13800014505222,Corso di Francia,2,50,22.54,1524.6800000000003,1535.9500000000003,1547.2200000000003,8,30.0,54.7,56.0,21.7,2.71,1.45,12.8,0.92,728,0.2042,15,32,40,56,70,77,81,90
Festivi,GRA,28,-13800014505222,Corso di Francia,2,50,22.54,1524.6800000000003,1535.9500000000003,1547.2200000000003,9,32.5,51.0,51.0,21.5,2.49,1.59,4.55,0.85,1110,0.3113,13,29,37,51,66,74,79,84
Festivi,GRA,28,-13800014505222,Corso di Francia,2,50,22.54,1524.6800000000003,1535.9500000000003,1547.2200000000003,10,28.5,47.5,47.0,20.4,2.85,1.73,7.52,0.97,1731,0.4854,13,26,33,47,63,70,75,81
Festivi,GRA,28,-13800014505222,Corso di Francia,2,50,22.54,1524.6800000000003,1535.9500000000003,1547.2200000000003,11,27.6,46.0,44.0,20.2,2.94,1.84,7.1,1.0,2163,0.6066,12,25,32,44,61,68,73,79
Festivi,GRA,28,-13800014505222,Corso di Francia,2,50,22.54,1524.6800000000003,1535.9500000000003,1547.2200000000003,12,25.9,43.5,43.0,20.3,3.13,1.89,5.46,1.07,2639,0.74,9,22,29,43,59,66,70,77
Festivi,GRA,28,-13800014505222,Corso di Francia,2,50,22.54,1524.6800000000003,1535.9500000000003,1547.2200000000003,13,26.9,45.4,45.0,20.6,3.01,1.8,7.44,1.03,2320,0.6506,10,23,31,45,61,67,71,79
Festivi,GRA,28,-13800014505222,Corso di Francia,2,50,22.54,1524.6800000000003,1535.9500000000003,1547.2200000000003,14,26.4,48.0,47.0,20.6,3.08,1.73,18.26,1.05,1776,0.498,12,27,34,47,63,70,74,81
Festivi,GRA,28,-13800014505222,Corso di Francia,2,50,22.54,1524.6800000000003,1535.9500000000003,1547.2200000000003,15,31.0,47.3,47.0,19.9,2.61,1.73,4.91,0.89,2073,0.5813,14,27,32,47,62,69,73,78
Festivi,GRA,28,-13800014505222,Corso di Francia,2,50,22.54,1524.6800000000003,1535.9500000000003,1547.2200000000003,16,27.4,44.7,44.0,19.6,2.97,1.84,6.92,1.01,2160,0.6057,12,25,30,44,59,66,70,78
Festivi,GRA,28,-13800014505222,Corso di Francia,2,50,22.54,1524.6800000000003,1535.9500000000003,1547.2200000000003,17,26.6,42.6,41.0,19.0,3.05,1.98,5.74,1.04,2369,0.6643,11,23,29,41,56,63,68,75
Festivi,GRA,28,-13800014505222,Corso di Francia,2,50,22.54,1524.6800000000003,1535.9500000000003,1547.2200000000003,18,26.4,43.3,42.0,18.8,3.08,1.93,7.27,1.05,2510,0.7039,12,23,30,42,58,65,68,74
Festivi,GRA,28,-13800014505222,Corso di Francia,2,50,22.54,1524.6800000000003,1535.9500000000003,1547.2200000000003,19,25.6,42.2,41.0,18.6,3.16,1.98,6.87,1.08,2453,0.6879,11,23,29,41,57,63,67,72
Festivi,GRA,28,-13800014505222,Corso di Francia,2,50,22.54,1524.6800000000003,1535.9500000000003,1547.2200000000003,20,26.7,43.3,42.0,19.7,3.04,1.93,5.69,1.03,2244,0.6293,11,24,30,42,58,64,69,77
Festivi,GRA,28,-13800014505222,Corso di Francia,2,50,22.54,1524.6800000000003,1535.9500000000003,1547.2200000000003,21,28.0,46.4,45.0,19.7,2.9,1.8,7.18,0.99,1535,0.4305,13,27,33,45,60,67,72,79
Festivi,GRA,28,-13800014505222,Corso di Francia,2,50,22.54,1524.6800000000003,1535.9500000000003,1547.2200000000003,22,31.9,47.8,47.0,19.3,2.54,1.73,5.3,0.86,1514,0.4246,16,29,35,47,62,68,73,80
Festivi,GRA,28,-13800014505222,Corso di Francia,2,50,22.54,1524.6800000000003,1535.9500000000003,1547.2200000000003,23,28.8,46.0,44.0,20.1,2.82,1.84,13.12,0.96,1794,0.5031,13,26,32,44,60,68,73,80
Festivi,GRA,29,-13800007290272,Corso di Francia,2,50,22.27,1547.2200000000003,1558.3550000000002,1569.4900000000002,0,21.7,39.5,38.0,20.7,3.7,2.11,5.55,1.0,3132,0.8783,6,16,24,38,55,63,67,73
Festivi,GRA,29,-13800007290272,Corso di Francia,2,50,22.27,1547.2200000000003,1558.3550000000002,1569.4900000000002,1,24.1,42.8,42.0,21.6,3.33,1.91,5.96,0.9,2571,0.721,7,18,27,42,59,66,71,78
Festivi,GRA,29,-13800007290272,Corso di Francia,2,50,22.27,1547.2200000000003,1558.3550000000002,1569.4900000000002,2,25.7,45.1,43.0,22.8,3.12,1.86,5.44,0.84,1571,0.4405,8,19,28,43,62,70,75,82
Festivi,GRA,29,-13800007290272,Corso di Francia,2,50,22.27,1547.2200000000003,1558.3550000000002,1569.4900000000002,3,23.6,47.0,45.0,24.3,3.39,1.78,7.44,0.92,953,0.2672,8,20,29,45,65,74,79,86
Festivi,GRA,29,-13800007290272,Corso di Francia,2,50,22.27,1547.2200000000003,1558.3550000000002,1569.4900000000002,4,15.1,40.8,38.0,23.5,5.32,2.11,24.12,1.44,1039,0.2914,6,15,24,38,58,67,72,80
Festivi,GRA,29,-13800007290272,Corso di Francia,2,50,22.27,1547.2200000000003,1558.3550000000002,1569.4900000000002,5,22.1,41.6,40.0,22.5,3.63,2.0,6.65,0.98,450,0.1262,8,17,25,40,57,63,71,83
Festivi,GRA,29,-13800007290272,Corso di Francia,2,50,22.27,1547.2200000000003,1558.3550000000002,1569.4900000000002,6,23.9,51.6,49.0,23.8,3.36,1.64,18.79,0.91,249,0.0698,15,26,33,49,70,78,85,91
Festivi,GRA,29,-13800007290272,Corso di Francia,2,50,22.27,1547.2200000000003,1558.3550000000002,1569.4900000000002,7,31.1,53.1,53.0,24.2,2.58,1.51,5.74,0.7,421,0.1181,15,27,33,53,72,80,84,91
Festivi,GRA,29,-13800007290272,Corso di Francia,2,50,22.27,1547.2200000000003,1558.3550000000002,1569.4900000000002,8,29.8,52.2,55.0,23.0,2.69,1.46,7.47,0.73,731,0.205,13,26,34,55,69,76,80,89
Festivi,GRA,29,-13800007290272,Corso di Francia,2,50,22.27,1547.2200000000003,1558.3550000000002,1569.4900000000002,9,29.3,47.8,49.0,22.9,2.74,1.64,3.56,0.74,1115,0.3127,10,21,30,49,65,73,77,83
Festivi,GRA,29,-13800007290272,Corso di Francia,2,50,22.27,1547.2200000000003,1558.3550000000002,1569.4900000000002,10,25.0,44.8,45.0,21.8,3.2,1.78,6.5,0.87,1735,0.4865,9,20,29,45,62,69,74,80
Festivi,GRA,29,-13800007290272,Corso di Francia,2,50,22.27,1547.2200000000003,1558.3550000000002,1569.4900000000002,11,23.5,43.0,42.0,21.5,3.41,1.91,5.53,0.92,2169,0.6082,7,18,27,42,60,67,71,78
Festivi,GRA,29,-13800007290272,Corso di Francia,2,50,22.27,1547.2200000000003,1558.3550000000002,1569.4900000000002,12,21.7,40.6,40.0,21.3,3.69,2.0,5.59,1.0,2653,0.744,6,16,25,40,57,64,69,76
Festivi,GRA,29,-13800007290272,Corso di Francia,2,50,22.27,1547.2200000000003,1558.3550000000002,1569.4900000000002,13,22.4,42.7,43.0,21.9,3.58,1.86,5.34,0.97,2331,0.6537,6,17,27,43,59,66,70,78
Festivi,GRA,29,-13800007290272,Corso di Francia,2,50,22.27,1547.2200000000003,1558.3550000000002,1569.4900000000002,14,24.1,44.4,45.0,22.5,3.33,1.78,4.74,0.9,1780,0.4992,6,18,28,45,62,69,73,80
Festivi,GRA,29,-13800007290272,Corso di Francia,2,50,22.27,1547.2200000000003,1558.3550000000002,1569.4900000000002,15,25.0,44.3,45.0,21.3,3.2,1.78,4.63,0.86,2086,0.585,7,20,28,45,61,68,72,77
Festivi,GRA,29,-13800007290272,Corso di Francia,2,50,22.27,1547.2200000000003,1558.3550000000002,1569.4900000000002,16,22.4,41.9,42.0,21.2,3.59,1.91,6.49,0.97,2162,0.6063,7,18,26,42,58,65,69,76
Festivi,GRA,29,-13800007290272,Corso di Francia,2,50,22.27,1547.2200000000003,1558.3550000000002,1569.4900000000002,17,21.9,39.8,38.0,20.2,3.65,2.11,5.61,0.99,2381,0.6677,6,18,26,38,55,61,67,74
Festivi,GRA,29,-13800007290272,Corso di Francia,2,50,22.27,1547.2200000000003,1558.3550000000002,1569.4900000000002,18,21.8,40.7,41.0,20.1,3.68,1.96,5.68,0.99,2519,0.7064,6,18,25,41,56,64,68,73
Festivi,GRA,29,-13800007290272,Corso di Francia,2,50,22.27,1547.2200000000003,1558.3550000000002,1569.4900000000002,19,21.2,39.7,39.0,19.7,3.79,2.06,7.09,1.02,2473,0.6935,6,17,25,39,55,62,65,70
Festivi,GRA,29,-13800007290272,Corso di Francia,2,50,22.27,1547.2200000000003,1558.3550000000002,1569.4900000000002,20,21.0,40.5,40.0,21.1,3.82,2.0,6.24,1.03,2248,0.6304,5,16,25,40,56,63,68,75
Festivi,GRA,29,-13800007290272,Corso di Francia,2,50,22.27,1547.2200000000003,1558.3550000000002,1569.4900000000002,21,22.4,43.0,42.0,21.5,3.58,1.91,7.98,0.97,1551,0.4349,8,19,27,42,58,67,72,78
Festivi,GRA,29,-13800007290272,Corso di Francia,2,50,22.27,1547.2200000000003,1558.3550000000002,1569.4900000000002,22,26.8,44.7,44.0,20.8,2.99,1.82,4.87,0.81,1517,0.4254,10,22,30,44,60,67,71,79
Festivi,GRA,29,-13800007290272,Corso di Francia,2,50,22.27,1547.2200000000003,1558.3550000000002,1569.4900000000002,23,24.9,42.7,41.0,21.6,3.22,1.96,4.75,0.87,1808,0.507,8,19,27,41,58,67,71,79
Festivi,GRA,30,-13800006851951,Corso di Francia,2,50,30.98,1569.4900000000002,1584.9800000000002,1600.4700000000003,0,14.3,36.9,36.0,22.2,7.83,3.1,11.43,1.0,2994,0.8396,3,8,20,36,54,62,66,72
Festivi,GRA,30,-13800006851951,Corso di Francia,2,50,30.98,1569.4900000000002,1584.9800000000002,1600.4700000000003,1,13.8,38.3,39.0,24.2,8.1,2.86,15.2,1.03,2484,0.6966,3,6,18,39,58,64,69,76
Festivi,GRA,30,-13800006851951,Corso di Francia,2,50,30.98,1569.4900000000002,1584.9800000000002,1600.4700000000003,2,12.3,39.0,40.0,27.0,9.08,2.79,12.37,1.16,1540,0.4319,3,5,12,40,61,69,74,81
Festivi,GRA,30,-13800006851951,Corso di Francia,2,50,30.98,1569.4900000000002,1584.9800000000002,1600.4700000000003,3,13.1,41.9,43.0,28.7,8.54,2.59,12.4,1.09,916,0.2569,3,5,13,43,66,73,79,86
Festivi,GRA,30,-13800006851951,Corso di Francia,2,50,30.98,1569.4900000000002,1584.9800000000002,1600.4700000000003,4,12.4,37.2,36.0,26.0,9.03,3.1,13.64,1.15,1025,0.2874,3,6,12,36,56,65,72,80
Festivi,GRA,30,-13800006851951,Corso di Francia,2,50,30.98,1569.4900000000002,1584.9800000000002,1600.4700000000003,5,11.7,37.3,40.0,25.7,9.53,2.79,13.94,1.22,451,0.1265,3,5,12,40,56,63,71,81
Festivi,GRA,30,-13800006851951,Corso di Francia,2,50,30.98,1569.4900000000002,1584.9800000000002,1600.4700000000003,6,12.5,43.3,43.0,30.3,8.91,2.59,12.44,1.14,242,0.0679,3,5,11,43,69,77,83,90
Festivi,GRA,30,-13800006851951,Corso di Francia,2,50,30.98,1569.4900000000002,1584.9800000000002,1600.4700000000003,7,15.4,47.1,51.0,29.1,7.26,2.19,11.32,0.93,416,0.1167,3,7,21,51,71,79,83,90
Festivi,GRA,30,-13800006851951,Corso di Francia,2,50,30.98,1569.4900000000002,1584.9800000000002,1600.4700000000003,8,17.3,47.4,54.0,26.8,6.45,2.07,10.21,0.82,718,0.2013,3,9,23,54,67,74,79,87
Festivi,GRA,30,-13800006851951,Corso di Francia,2,50,30.98,1569.4900000000002,1584.9800000000002,1600.4700000000003,9,15.5,43.3,47.0,25.9,7.2,2.37,10.8,0.92,1087,0.3048,3,8,21,47,64,71,75,82
Festivi,GRA,30,-13800006851951,Corso di Francia,2,50,30.98,1569.4900000000002,1584.9800000000002,1600.4700000000003,10,14.9,41.0,43.0,24.3,7.49,2.59,11.49,0.96,1693,0.4748,3,8,22,43,61,68,72,78
Festivi,GRA,30,-13800006851951,Corso di Francia,2,50,30.98,1569.4900000000002,1584.9800000000002,1600.4700000000003,11,15.4,39.8,40.0,23.2,7.25,2.79,11.18,0.93,2109,0.5914,3,10,22,40,58,65,70,76
Festivi,GRA,30,-13800006851951,Corso di Francia,2,50,30.98,1569.4900000000002,1584.9800000000002,1600.4700000000003,12,14.1,37.5,37.0,22.9,7.93,3.01,11.74,1.01,2567,0.7199,3,8,20,37,56,63,68,74
Festivi,GRA,30,-13800006851951,Corso di Francia,2,50,30.98,1569.4900000000002,1584.9800000000002,1600.4700000000003,13,16.6,40.6,42.0,22.7,6.72,2.66,10.7,0.86,2268,0.636,3,14,23,42,58,65,69,76
Festivi,GRA,30,-13800006851951,Corso di Francia,2,50,30.98,1569.4900000000002,1584.9800000000002,1600.4700000000003,14,14.6,40.7,42.0,24.7,7.64,2.66,11.44,0.98,1751,0.491,3,7,20,42,61,68,72,78
Festivi,GRA,30,-13800006851951,Corso di Francia,2,50,30.98,1569.4900000000002,1584.9800000000002,1600.4700000000003,15,16.7,41.2,43.0,23.0,6.67,2.59,10.32,0.85,2020,0.5665,3,12,24,43,59,67,70,76
Festivi,GRA,30,-13800006851951,Corso di Francia,2,50,30.98,1569.4900000000002,1584.9800000000002,1600.4700000000003,16,15.2,38.8,39.0,22.6,7.34,2.86,11.07,0.94,2094,0.5872,3,10,21,39,57,64,68,73
Festivi,GRA,30,-13800006851951,Corso di Francia,2,50,30.98,1569.4900000000002,1584.9800000000002,1600.4700000000003,17,15.5,37.1,36.0,21.2,7.19,3.1,10.92,0.92,2315,0.6492,3,11,22,36,53,60,65,72
Festivi,GRA,30,-13800006851951,Corso di Francia,2,50,30.98,1569.4900000000002,1584.9800000000002,1600.4700000000003,18,15.8,37.9,38.0,21.2,7.07,2.93,10.87,0.9,2445,0.6856,3,12,22,38,55,62,66,71
Festivi,GRA,30,-13800006851951,Corso di Francia,2,50,30.98,1569.4900000000002,1584.9800000000002,1600.4700000000003,19,15.4,37.0,37.0,20.7,7.26,3.01,11.06,0.93,2416,0.6775,3,12,21,37,54,61,64,69
Festivi,GRA,30,-13800006851951,Corso di Francia,2,50,30.98,1569.4900000000002,1584.9800000000002,1600.4700000000003,20,15.0,37.9,38.0,22.3,7.43,2.93,11.35,0.95,2156,0.6046,3,10,21,38,55,62,66,74
Festivi,GRA,30,-13800006851951,Corso di Francia,2,50,30.98,1569.4900000000002,1584.9800000000002,1600.4700000000003,21,12.6,37.9,39.0,25.0,8.84,2.86,12.79,1.13,1476,0.4139,3,5,14,39,58,66,71,78
Festivi,GRA,30,-13800006851951,Corso di Francia,2,50,30.98,1569.4900000000002,1584.9800000000002,1600.4700000000003,22,12.6,38.7,41.0,25.0,8.85,2.72,16.72,1.13,1482,0.4156,3,6,15,41,59,65,70,77
Festivi,GRA,30,-13800006851951,Corso di Francia,2,50,30.98,1569.4900000000002,1584.9800000000002,1600.4700000000003,23,12.5,37.8,38.0,25.1,8.91,2.93,12.48,1.14,1726,0.484,3,5,14,38,58,66,70,78
Festivi,GRA,31,-13800006771004,Corso di Francia,2,50,65.7,1600.4700000000003,1633.3200000000002,1666.1700000000003,0,32.6,39.5,37.0,14.9,7.25,6.39,4.88,1.0,3009,0.8438,18,26,29,37,49,56,60,66
Festivi,GRA,31,-13800006771004,Corso di Francia,2,50,65.7,1600.4700000000003,1633.3200000000002,1666.1700000000003,1,30.3,41.0,39.0,17.4,7.81,6.06,11.1,1.08,2503,0.7019,13,24,29,39,52,60,64,72
Festivi,GRA,31,-13800006771004,Corso di Francia,2,50,65.7,1600.4700000000003,1633.3200000000002,1666.1700000000003,2,31.6,43.3,40.0,19.2,7.5,5.91,7.39,1.03,1564,0.4386,13,26,30,40,56,64,70,78
Festivi,GRA,31,-13800006771004,Corso di Francia,2,50,65.7,1600.4700000000003,1633.3200000000002,1666.1700000000003,3,29.8,45.2,43.0,20.9,7.93,5.5,10.83,1.09,939,0.2633,11,26,31,43,59,67,74,82
Festivi,GRA,31,-13800006771004,Corso di Francia,2,50,65.7,1600.4700000000003,1633.3200000000002,1666.1700000000003,4,25.3,40.5,38.0,19.7,9.35,6.22,18.53,1.29,1059,0.297,10,22,28,38,52,60,67,78
Festivi,GRA,31,-13800006771004,Corso di Francia,2,50,65.7,1600.4700000000003,1633.3200000000002,1666.1700000000003,5,28.6,41.2,40.0,19.4,8.26,5.91,9.59,1.14,473,0.1326,11,21,27,40,52,61,66,78
Festivi,GRA,31,-13800006771004,Corso di Francia,2,50,65.7,1600.4700000000003,1633.3200000000002,1666.1700000000003,6,28.7,45.3,43.0,23.1,8.25,5.5,9.28,1.14,248,0.0695,9,23,28,43,64,70,76,84
Festivi,GRA,31,-13800006771004,Corso di Francia,2,50,65.7,1600.4700000000003,1633.3200000000002,1666.1700000000003,7,34.3,48.9,50.0,21.7,6.9,4.73,7.53,0.95,416,0.1167,13,27,31,50,64,73,77,83
Festivi,GRA,31,-13800006771004,Corso di Francia,2,50,65.7,1600.4700000000003,1633.3200000000002,1666.1700000000003,8,35.4,48.6,48.0,19.7,6.69,4.93,7.64,0.92,719,0.2016,16,29,33,48,62,70,74,82
Festivi,GRA,31,-13800006771004,Corso di Francia,2,50,65.7,1600.4700000000003,1633.3200000000002,1666.1700000000003,9,33.8,45.4,43.0,18.8,7.01,5.5,6.91,0.97,1093,0.3065,14,28,32,43,59,66,71,76
Festivi,GRA,31,-13800006771004,Corso di Francia,2,50,65.7,1600.4700000000003,1633.3200000000002,1666.1700000000003,10,34.6,43.1,40.0,16.8,6.84,5.91,5.3,0.94,1692,0.4745,18,28,31,40,54,62,67,73
Festivi,GRA,31,-13800006771004,Corso di Francia,2,50,65.7,1600.4700000000003,1633.3200000000002,1666.1700000000003,11,33.7,41.6,39.0,16.0,7.01,6.06,4.88,0.97,2124,0.5956,18,27,30,39,52,60,64,70
Festivi,GRA,31,-13800006771004,Corso di Francia,2,50,65.7,1600.4700000000003,1633.3200000000002,1666.1700000000003,12,27.8,38.6,37.0,16.7,8.51,6.39,8.89,1.17,2556,0.7168,11,22,28,37,49,56,61,68
Festivi,GRA,31,-13800006771004,Corso di Francia,2,50,65.7,1600.4700000000003,1633.3200000000002,1666.1700000000003,13,32.9,41.8,40.0,16.2,7.18,5.91,6.74,0.99,2272,0.6371,17,27,31,40,53,59,64,70
Festivi,GRA,31,-13800006771004,Corso di Francia,2,50,65.7,1600.4700000000003,1633.3200000000002,1666.1700000000003,14,33.7,43.3,41.0,17.3,7.02,5.77,6.39,0.97,1750,0.4907,17,27,31,41,56,63,68,74
Festivi,GRA,31,-13800006771004,Corso di Francia,2,50,65.7,1600.4700000000003,1633.3200000000002,1666.1700000000003,15,33.0,42.3,40.0,16.4,7.18,5.91,6.19,0.99,2031,0.5695,17,27,31,40,53,61,65,71
Festivi,GRA,31,-13800006771004,Corso di Francia,2,50,65.7,1600.4700000000003,1633.3200000000002,1666.1700000000003,16,32.1,40.3,38.0,15.5,7.37,6.22,5.97,1.02,2095,0.5875,16,26,30,38,50,57,61,68
Festivi,GRA,31,-13800006771004,Corso di Francia,2,50,65.7,1600.4700000000003,1633.3200000000002,1666.1700000000003,17,29.4,37.9,36.0,15.2,8.04,6.57,6.82,1.11,2310,0.6478,14,24,28,36,47,54,59,66
Festivi,GRA,31,-13800006771004,Corso di Francia,2,50,65.7,1600.4700000000003,1633.3200000000002,1666.1700000000003,18,29.5,38.3,36.0,15.3,8.02,6.57,7.57,1.11,2437,0.6834,14,23,28,36,48,55,60,65
Festivi,GRA,31,-13800006771004,Corso di Francia,2,50,65.7,1600.4700000000003,1633.3200000000002,1666.1700000000003,19,30.6,38.2,36.0,14.5,7.74,6.57,6.3,1.07,2423,0.6795,16,24,28,36,48,54,59,64
Festivi,GRA,31,-13800006771004,Corso di Francia,2,50,65.7,1600.4700000000003,1633.3200000000002,1666.1700000000003,20,29.8,38.7,37.0,15.9,7.95,6.39,8.24,1.1,2169,0.6082,15,24,28,37,48,56,61,67
Festivi,GRA,31,-13800006771004,Corso di Francia,2,50,65.7,1600.4700000000003,1633.3200000000002,1666.1700000000003,21,31.4,41.1,39.0,17.2,7.53,6.06,6.95,1.04,1486,0.4167,15,26,30,39,52,60,65,73
Festivi,GRA,31,-13800006771004,Corso di Francia,2,50,65.7,1600.4700000000003,1633.3200000000002,1666.1700000000003,22,33.1,42.5,40.0,16.9,7.14,5.91,6.52,0.98,1498,0.4201,16,26,31,40,54,61,65,73
Festivi,GRA,31,-13800006771004,Corso di Francia,2,50,65.7,1600.4700000000003,1633.3200000000002,1666.1700000000003,23,32.5,41.5,38.0,17.3,7.29,6.22,5.94,1.0,1736,0.4868,15,26,30,38,52,61,66,73
Festivi,GRA,32,-13800007410845,Corso di Francia,2,50,7.17,1666.1700000000003,1669.7550000000003,1673.3400000000004,0,29.7,37.8,37.0,14.4,0.87,0.7,1.09,1.0,3566,1.0,16,24,28,37,46,52,56,63
Festivi,GRA,32,-13800007410845,Corso di Francia,2,50,7.17,1666.1700000000003,1669.7550000000003,1673.3400000000004,1,26.5,39.9,39.0,16.8,0.98,0.66,2.0,1.12,2880,0.8076,14,23,29,39,49,57,61,70
Festivi,GRA,32,-13800007410845,Corso di Francia,2,50,7.17,1666.1700000000003,1669.7550000000003,1673.3400000000004,2,34.6,44.3,43.0,17.2,0.75,0.6,0.71,0.86,1728,0.4846,18,28,33,43,55,62,68,75
Festivi,GRA,32,-13800007410845,Corso di Francia,2,50,7.17,1666.1700000000003,1669.7550000000003,1673.3400000000004,3,34.2,47.0,45.0,18.9,0.75,0.57,0.92,0.87,1017,0.2852,16,29,35,45,58,67,73,79
Festivi,GRA,32,-13800007410845,Corso di Francia,2,50,7.17,1666.1700000000003,1669.7550000000003,1673.3400000000004,4,29.8,42.5,41.0,18.4,0.87,0.63,1.64,1.0,1132,0.3174,13,26,30,41,53,60,66,76
Festivi,GRA,32,-13800007410845,Corso di Francia,2,50,7.17,1666.1700000000003,1669.7550000000003,1673.3400000000004,5,31.2,43.3,43.0,18.6,0.83,0.6,0.93,0.95,540,0.1514,14,24,31,43,53,61,68,77
Festivi,GRA,32,-13800007410845,Corso di Francia,2,50,7.17,1666.1700000000003,1669.7550000000003,1673.3400000000004,6,35.1,45.3,42.0,19.6,0.73,0.61,0.55,0.85,327,0.0917,18,26,31,42,58,67,73,81
Festivi,GRA,32,-13800007410845,Corso di Francia,2,50,7.17,1666.1700000000003,1669.7550000000003,1673.3400000000004,7,38.0,48.1,47.0,18.8,0.68,0.55,0.64,0.78,501,0.1405,20,29,34,47,60,69,74,79
Festivi,GRA,32,-13800007410845,Corso di Francia,2,50,7.17,1666.1700000000003,1669.7550000000003,1673.3400000000004,8,36.8,46.5,45.0,17.7,0.7,0.57,0.63,0.81,852,0.2389,20,29,33,45,58,65,69,78
Festivi,GRA,32,-13800007410845,Corso di Francia,2,50,7.17,1666.1700000000003,1669.7550000000003,1673.3400000000004,9,35.4,44.4,43.0,17.0,0.73,0.6,0.61,0.84,1284,0.3601,18,28,33,43,55,62,67,73
Festivi,GRA,32,-13800007410845,Corso di Francia,2,50,7.17,1666.1700000000003,1669.7550000000003,1673.3400000000004,10,32.4,41.5,40.0,15.6,0.8,0.65,1.22,0.92,1986,0.5569,18,26,31,40,51,58,64,70
Festivi,GRA,32,-13800007410845,Corso di Francia,2,50,7.17,1666.1700000000003,1669.7550000000003,1673.3400000000004,11,31.2,39.8,39.0,14.9,0.83,0.66,1.09,0.95,2472,0.6932,18,25,30,39,49,55,59,67
Festivi,GRA,32,-13800007410845,Corso di Francia,2,50,7.17,1666.1700000000003,1669.7550000000003,1673.3400000000004,12,24.8,36.7,36.0,15.7,1.04,0.72,2.05,1.2,2997,0.8404,12,21,26,36,46,52,57,64
Festivi,GRA,32,-13800007410845,Corso di Francia,2,50,7.17,1666.1700000000003,1669.7550000000003,1673.3400000000004,13,29.8,39.5,38.0,15.4,0.87,0.68,1.18,1.0,2721,0.763,16,24,29,38,48,56,60,65
Festivi,GRA,32,-13800007410845,Corso di Francia,2,50,7.17,1666.1700000000003,1669.7550000000003,1673.3400000000004,14,32.9,42.3,41.0,15.8,0.79,0.63,1.0,0.9,2052,0.5754,19,27,32,41,51,59,64,70
Festivi,GRA,32,-13800007410845,Corso di Francia,2,50,7.17,1666.1700000000003,1669.7550000000003,1673.3400000000004,15,33.1,40.8,40.0,14.9,0.78,0.65,0.73,0.9,2367,0.6638,18,26,31,40,50,57,61,68
Festivi,GRA,32,-13800007410845,Corso di Francia,2,50,7.17,1666.1700000000003,1669.7550000000003,1673.3400000000004,16,31.2,38.6,37.0,14.2,0.83,0.7,0.82,0.95,2483,0.6963,17,25,29,37,46,53,57,65
Festivi,GRA,32,-13800007410845,Corso di Francia,2,50,7.17,1666.1700000000003,1669.7550000000003,1673.3400000000004,17,25.1,36.0,35.0,14.7,1.03,0.74,2.13,1.19,2684,0.7527,14,21,26,35,45,51,55,61
Festivi,GRA,32,-13800007410845,Corso di Francia,2,50,7.17,1666.1700000000003,1669.7550000000003,1673.3400000000004,18,26.6,36.2,35.0,14.8,0.97,0.74,1.48,1.12,2873,0.8057,14,22,26,35,45,52,56,63
Festivi,GRA,32,-13800007410845,Corso di Francia,2,50,7.17,1666.1700000000003,1669.7550000000003,1673.3400000000004,19,26.6,36.0,35.0,13.9,0.97,0.74,1.53,1.12,2885,0.809,14,22,27,35,45,51,54,61
Festivi,GRA,32,-13800007410845,Corso di Francia,2,50,7.17,1666.1700000000003,1669.7550000000003,1673.3400000000004,20,27.7,36.3,35.0,15.1,0.93,0.74,1.01,1.07,2603,0.7299,14,21,26,35,45,52,57,64
Festivi,GRA,32,-13800007410845,Corso di Francia,2,50,7.17,1666.1700000000003,1669.7550000000003,1673.3400000000004,21,30.6,40.1,39.0,15.9,0.84,0.66,0.96,0.97,1801,0.505,17,25,30,39,49,56,61,70
Festivi,GRA,32,-13800007410845,Corso di Francia,2,50,7.17,1666.1700000000003,1669.7550000000003,1673.3400000000004,22,31.6,41.7,41.0,15.7,0.82,0.63,1.05,0.94,1810,0.5076,18,26,31,41,51,57,62,69
Festivi,GRA,32,-13800007410845,Corso di Francia,2,50,7.17,1666.1700000000003,1669.7550000000003,1673.3400000000004,23,31.6,41.5,40.0,16.1,0.82,0.65,1.37,0.94,2013,0.5645,18,26,31,40,49,58,63,72
Festivi,GRA,33,-13800007410844,Corso di Francia,2,50,21.91,1673.3400000000004,1684.2950000000003,1695.2500000000005,0,21.4,35.9,36.0,15.4,3.68,2.19,6.04,1.0,3562,0.9989,8,22,26,36,45,51,55,62
Festivi,GRA,33,-13800007410844,Corso di Francia,2,50,21.91,1673.3400000000004,1684.2950000000003,1695.2500000000005,1,22.2,38.3,38.0,17.5,3.56,2.08,6.2,0.97,2882,0.8082,8,21,27,38,49,56,61,68
Festivi,GRA,33,-13800007410844,Corso di Francia,2,50,21.91,1673.3400000000004,1684.2950000000003,1695.2500000000005,2,28.0,43.0,42.0,18.0,2.82,1.88,4.32,0.76,1730,0.4851,13,25,32,42,55,62,67,74
Festivi,GRA,33,-13800007410844,Corso di Francia,2,50,21.91,1673.3400000000004,1684.2950000000003,1695.2500000000005,3,30.1,45.6,45.0,19.6,2.62,1.75,3.58,0.71,1014,0.2844,13,25,34,45,58,66,72,79
Festivi,GRA,33,-13800007410844,Corso di Francia,2,50,21.91,1673.3400000000004,1684.2950000000003,1695.2500000000005,4,25.2,40.7,39.0,19.5,3.12,2.02,5.83,0.85,1131,0.3172,10,20,27,39,53,60,66,74
Festivi,GRA,33,-13800007410844,Corso di Francia,2,50,21.91,1673.3400000000004,1684.2950000000003,1695.2500000000005,5,28.5,41.9,42.0,19.7,2.77,1.88,2.95,0.75,540,0.1514,10,20,27,42,54,61,68,77
Festivi,GRA,33,-13800007410844,Corso di Francia,2,50,21.91,1673.3400000000004,1684.2950000000003,1695.2500000000005,6,25.5,43.0,41.0,20.7,3.09,1.92,4.82,0.84,326,0.0914,9,21,28,41,58,66,71,78
Festivi,GRA,33,-13800007410844,Corso di Francia,2,50,21.91,1673.3400000000004,1684.2950000000003,1695.2500000000005,7,30.2,46.7,47.0,19.4,2.61,1.68,4.38,0.71,501,0.1405,17,26,33,47,59,68,73,78
Festivi,GRA,33,-13800007410844,Corso di Francia,2,50,21.91,1673.3400000000004,1684.2950000000003,1695.2500000000005,8,31.7,45.6,45.0,18.4,2.49,1.75,3.43,0.68,849,0.2381,16,28,33,45,58,65,69,77
Festivi,GRA,33,-13800007410844,Corso di Francia,2,50,21.91,1673.3400000000004,1684.2950000000003,1695.2500000000005,9,27.2,42.8,42.0,17.8,2.9,1.88,4.67,0.79,1283,0.3598,12,26,31,42,54,60,65,72
Festivi,GRA,33,-13800007410844,Corso di Francia,2,50,21.91,1673.3400000000004,1684.2950000000003,1695.2500000000005,10,25.4,39.7,39.0,16.4,3.11,2.02,4.82,0.84,1989,0.5578,11,24,29,39,50,57,62,68
Festivi,GRA,33,-13800007410844,Corso di Francia,2,50,21.91,1673.3400000000004,1684.2950000000003,1695.2500000000005,11,23.8,38.0,38.0,15.7,3.32,2.08,5.48,0.9,2469,0.6924,11,23,28,38,47,54,58,64
Festivi,GRA,33,-13800007410844,Corso di Francia,2,50,21.91,1673.3400000000004,1684.2950000000003,1695.2500000000005,12,19.8,35.0,35.0,16.3,3.99,2.25,6.48,1.08,2993,0.8393,7,18,25,35,45,51,56,62
Festivi,GRA,33,-13800007410844,Corso di Francia,2,50,21.91,1673.3400000000004,1684.2950000000003,1695.2500000000005,13,22.2,37.8,38.0,16.3,3.55,2.08,5.95,0.96,2715,0.7614,8,22,28,38,48,54,58,64
Festivi,GRA,33,-13800007410844,Corso di Francia,2,50,21.91,1673.3400000000004,1684.2950000000003,1695.2500000000005,14,26.2,40.8,40.0,16.6,3.01,1.97,4.8,0.82,2052,0.5754,13,26,30,40,50,58,63,69
Festivi,GRA,33,-13800007410844,Corso di Francia,2,50,21.91,1673.3400000000004,1684.2950000000003,1695.2500000000005,15,24.1,38.9,38.0,15.9,3.27,2.08,5.49,0.89,2359,0.6615,11,23,29,38,49,55,60,66
Festivi,GRA,33,-13800007410844,Corso di Francia,2,50,21.91,1673.3400000000004,1684.2950000000003,1695.2500000000005,16,24.3,36.9,36.0,14.9,3.25,2.19,5.05,0.88,2475,0.6941,12,23,28,36,46,51,56,63
Festivi,GRA,33,-13800007410844,Corso di Francia,2,50,21.91,1673.3400000000004,1684.2950000000003,1695.2500000000005,17,19.4,34.0,34.0,15.4,4.07,2.32,7.48,1.11,2675,0.7501,6,19,24,34,43,49,54,60
Festivi,GRA,33,-13800007410844,Corso di Francia,2,50,21.91,1673.3400000000004,1684.2950000000003,1695.2500000000005,18,20.8,34.4,34.0,15.4,3.8,2.32,5.98,1.03,2868,0.8043,9,19,24,34,44,50,55,61
Festivi,GRA,33,-13800007410844,Corso di Francia,2,50,21.91,1673.3400000000004,1684.2950000000003,1695.2500000000005,19,21.1,34.4,34.0,14.5,3.74,2.32,5.98,1.02,2877,0.8068,9,20,25,34,44,49,53,59
Festivi,GRA,33,-13800007410844,Corso di Francia,2,50,21.91,1673.3400000000004,1684.2950000000003,1695.2500000000005,20,20.6,34.4,34.0,15.7,3.82,2.32,6.11,1.04,2598,0.7285,8,19,24,34,43,50,55,62
Festivi,GRA,33,-13800007410844,Corso di Francia,2,50,21.91,1673.3400000000004,1684.2950000000003,1695.2500000000005,21,22.3,38.2,38.0,16.9,3.54,2.08,5.86,0.96,1797,0.5039,7,22,28,38,48,55,61,67
Festivi,GRA,33,-13800007410844,Corso di Francia,2,50,21.91,1673.3400000000004,1684.2950000000003,1695.2500000000005,22,24.8,40.1,40.0,16.7,3.18,1.97,5.03,0.86,1811,0.5079,10,24,30,40,50,57,61,68
Festivi,GRA,33,-13800007410844,Corso di Francia,2,50,21.91,1673.3400000000004,1684.2950000000003,1695.2500000000005,23,24.6,39.9,39.0,17.1,3.2,2.02,5.31,0.87,2007,0.5628,12,24,29,39,49,57,62,71
Festivi,GRA,34,-13800007467712,Corso di Francia,2,50,25.01,1695.2500000000005,1707.7550000000006,1720.2600000000004,0,17.7,35.8,37.0,16.3,5.08,2.43,8.78,1.0,3055,0.8567,3,20,26,37,46,51,55,62
Festivi,GRA,34,-13800007467712,Corso di Francia,2,50,25.01,1695.2500000000005,1707.7550000000006,1720.2600000000004,1,18.7,39.0,40.0,18.1,4.8,2.25,8.61,0.95,2514,0.705,3,20,28,40,50,56,61,69
Festivi,GRA,34,-13800007467712,Corso di Francia,2,50,25.01,1695.2500000000005,1707.7550000000006,1720.2600000000004,2,17.3,43.4,45.0,20.0,5.2,2.0,9.93,1.02,1527,0.4282,3,23,33,45,56,63,68,74
Festivi,GRA,34,-13800007467712,Corso di Francia,2,50,25.01,1695.2500000000005,1707.7550000000006,1720.2600000000004,3,17.1,44.8,47.0,22.5,5.26,1.92,9.69,1.04,904,0.2535,3,16,33,47,60,67,73,79
Festivi,GRA,34,-13800007467712,Corso di Francia,2,50,25.01,1695.2500000000005,1707.7550000000006,1720.2600000000004,4,16.7,40.0,42.0,22.0,5.38,2.14,9.55,1.06,1009,0.283,3,14,23,42,55,62,67,76
Festivi,GRA,34,-13800007467712,Corso di Francia,2,50,25.01,1695.2500000000005,1707.7550000000006,1720.2600000000004,5,16.9,41.0,43.0,22.2,5.33,2.09,9.5,1.05,501,0.1405,3,16,25,43,55,62,71,77
Festivi,GRA,34,-13800007467712,Corso di Francia,2,50,25.01,1695.2500000000005,1707.7550000000006,1720.2600000000004,6,15.6,42.2,44.0,23.6,5.79,2.05,9.86,1.14,289,0.081,3,13,25,44,60,67,72,80
Festivi,GRA,34,-13800007467712,Corso di Francia,2,50,25.01,1695.2500000000005,1707.7550000000006,1720.2600000000004,7,19.1,46.4,48.0,21.0,4.71,1.88,9.24,0.93,441,0.1237,3,26,37,48,61,67,72,77
Festivi,GRA,34,-13800007467712,Corso di Francia,2,50,25.01,1695.2500000000005,1707.7550000000006,1720.2600000000004,8,22.1,46.0,46.0,19.2,4.07,1.96,8.1,0.8,745,0.2089,5,28,36,46,59,65,68,76
Festivi,GRA,34,-13800007467712,Corso di Francia,2,50,25.01,1695.2500000000005,1707.7550000000006,1720.2600000000004,9,21.5,43.8,45.0,18.4,4.2,2.0,7.98,0.83,1080,0.3029,4,27,35,45,55,60,65,71
Festivi,GRA,34,-13800007467712,Corso di Francia,2,50,25.01,1695.2500000000005,1707.7550000000006,1720.2600000000004,10,21.2,39.9,40.0,17.0,4.25,2.25,7.7,0.84,1686,0.4728,5,22,30,40,51,57,61,67
Festivi,GRA,34,-13800007467712,Corso di Francia,2,50,25.01,1695.2500000000005,1707.7550000000006,1720.2600000000004,11,21.0,37.8,38.0,16.1,4.29,2.37,7.54,0.84,2131,0.5976,7,22,28,38,48,54,58,64
Festivi,GRA,34,-13800007467712,Corso di Francia,2,50,25.01,1695.2500000000005,1707.7550000000006,1720.2600000000004,12,19.3,35.1,36.0,16.1,4.67,2.5,7.86,0.92,2498,0.7005,6,18,25,36,45,51,56,62
Festivi,GRA,34,-13800007467712,Corso di Francia,2,50,25.01,1695.2500000000005,1707.7550000000006,1720.2600000000004,13,20.2,37.7,38.0,16.6,4.46,2.37,7.99,0.88,2279,0.6391,6,21,28,38,48,53,58,64
Festivi,GRA,34,-13800007467712,Corso di Francia,2,50,25.01,1695.2500000000005,1707.7550000000006,1720.2600000000004,14,21.3,41.4,42.0,17.1,4.22,2.14,7.93,0.83,1737,0.4871,5,26,32,42,52,58,63,68
Festivi,GRA,34,-13800007467712,Corso di Francia,2,50,25.01,1695.2500000000005,1707.7550000000006,1720.2600000000004,15,21.2,39.1,40.0,16.2,4.25,2.25,7.62,0.84,2014,0.5648,5,24,30,40,49,55,60,66
Festivi,GRA,34,-13800007467712,Corso di Francia,2,50,25.01,1695.2500000000005,1707.7550000000006,1720.2600000000004,16,20.8,36.7,37.0,15.2,4.32,2.43,7.68,0.85,2070,0.5805,7,22,28,37,46,52,55,62
Festivi,GRA,34,-13800007467712,Corso di Francia,2,50,25.01,1695.2500000000005,1707.7550000000006,1720.2600000000004,17,18.6,33.5,34.0,15.5,4.84,2.65,8.23,0.95,2306,0.6467,5,18,23,34,43,49,53,59
Festivi,GRA,34,-13800007467712,Corso di Francia,2,50,25.01,1695.2500000000005,1707.7550000000006,1720.2600000000004,18,18.2,33.6,34.0,15.7,4.95,2.65,8.1,0.98,2451,0.6873,4,18,23,34,44,50,54,59
Festivi,GRA,34,-13800007467712,Corso di Francia,2,50,25.01,1695.2500000000005,1707.7550000000006,1720.2600000000004,19,19.3,34.2,35.0,14.5,4.67,2.57,7.8,0.92,2390,0.6702,5,20,25,35,43,49,52,57
Festivi,GRA,34,-13800007467712,Corso di Francia,2,50,25.01,1695.2500000000005,1707.7550000000006,1720.2600000000004,20,18.1,34.3,35.0,16.0,4.98,2.57,8.88,0.98,2106,0.5906,4,18,24,35,44,50,54,60
Festivi,GRA,34,-13800007467712,Corso di Francia,2,50,25.01,1695.2500000000005,1707.7550000000006,1720.2600000000004,21,17.9,39.0,40.0,17.9,5.03,2.25,8.99,0.99,1473,0.4131,3,20,28,40,50,56,61,67
Festivi,GRA,34,-13800007467712,Corso di Francia,2,50,25.01,1695.2500000000005,1707.7550000000006,1720.2600000000004,22,18.0,40.4,43.0,18.3,4.99,2.09,8.94,0.98,1548,0.4341,3,21,31,43,51,57,61,68
Festivi,GRA,34,-13800007467712,Corso di Francia,2,50,25.01,1695.2500000000005,1707.7550000000006,1720.2600000000004,23,18.7,40.2,41.0,18.3,4.81,2.2,8.88,0.95,1719,0.4821,3,22,30,41,51,58,63,71
Festivi,GRA,35,-13800006499932,Corso di Francia,2,50,15.2,1720.2600000000004,1727.8600000000004,1735.4600000000005,0,30.5,37.8,37.0,13.2,1.8,1.48,2.66,1.0,3065,0.8595,19,25,29,37,46,51,54,61
Festivi,GRA,35,-13800006499932,Corso di Francia,2,50,15.2,1720.2600000000004,1727.8600000000004,1735.4600000000005,1,33.8,41.4,41.0,15.1,1.62,1.33,1.21,0.9,2539,0.712,18,26,31,41,50,56,61,68
Festivi,GRA,35,-13800006499932,Corso di Francia,2,50,15.2,1720.2600000000004,1727.8600000000004,1735.4600000000005,2,37.0,46.2,46.0,16.8,1.48,1.19,1.37,0.82,1529,0.4288,20,28,35,46,57,63,68,75
Festivi,GRA,35,-13800006499932,Corso di Francia,2,50,15.2,1720.2600000000004,1727.8600000000004,1735.4600000000005,3,30.5,47.4,48.0,19.6,1.8,1.14,2.49,1.0,891,0.2499,10,27,36,48,61,67,71,78
Festivi,GRA,35,-13800006499932,Corso di Francia,2,50,15.2,1720.2600000000004,1727.8600000000004,1735.4600000000005,4,28.1,42.1,43.0,20.1,1.95,1.27,2.58,1.08,1000,0.2804,11,19,26,43,56,63,68,76
Festivi,GRA,35,-13800006499932,Corso di Francia,2,50,15.2,1720.2600000000004,1727.8600000000004,1735.4600000000005,5,30.0,43.6,45.0,20.4,1.82,1.22,1.99,1.02,497,0.1394,13,21,27,45,57,64,72,78
Festivi,GRA,35,-13800006499932,Corso di Francia,2,50,15.2,1720.2600000000004,1727.8600000000004,1735.4600000000005,6,32.9,44.3,44.0,19.4,1.66,1.24,1.42,0.93,302,0.0847,16,23,29,44,58,66,70,78
Festivi,GRA,35,-13800006499932,Corso di Francia,2,50,15.2,1720.2600000000004,1727.8600000000004,1735.4600000000005,7,37.5,47.6,47.0,17.6,1.46,1.16,1.38,0.81,451,0.1265,21,28,34,47,60,66,70,76
Festivi,GRA,35,-13800006499932,Corso di Francia,2,50,15.2,1720.2600000000004,1727.8600000000004,1735.4600000000005,8,38.1,47.0,47.0,16.6,1.44,1.16,1.25,0.8,752,0.2109,21,29,36,47,58,64,68,75
Festivi,GRA,35,-13800006499932,Corso di Francia,2,50,15.2,1720.2600000000004,1727.8600000000004,1735.4600000000005,9,37.6,44.8,45.0,14.9,1.46,1.22,1.06,0.81,1105,0.3099,21,29,35,45,55,60,63,70
Festivi,GRA,35,-13800006499932,Corso di Francia,2,50,15.2,1720.2600000000004,1727.8600000000004,1735.4600000000005,10,33.7,40.6,40.0,14.5,1.62,1.37,1.17,0.9,1724,0.4835,18,26,30,40,50,56,60,66
Festivi,GRA,35,-13800006499932,Corso di Francia,2,50,15.2,1720.2600000000004,1727.8600000000004,1735.4600000000005,11,31.0,38.4,37.0,14.4,1.77,1.48,1.5,0.98,2195,0.6155,17,24,28,37,47,53,57,63
Festivi,GRA,35,-13800006499932,Corso di Francia,2,50,15.2,1720.2600000000004,1727.8600000000004,1735.4600000000005,12,27.8,35.5,35.0,14.2,1.97,1.56,1.88,1.1,2568,0.7201,13,21,26,35,44,50,54,61
Festivi,GRA,35,-13800006499932,Corso di Francia,2,50,15.2,1720.2600000000004,1727.8600000000004,1735.4600000000005,13,29.9,38.2,38.0,14.3,1.83,1.44,2.97,1.02,2313,0.6486,16,24,28,38,47,53,56,63
Festivi,GRA,35,-13800006499932,Corso di Francia,2,50,15.2,1720.2600000000004,1727.8600000000004,1735.4600000000005,14,35.8,42.6,42.0,14.5,1.53,1.3,1.47,0.85,1768,0.4958,21,28,32,42,51,57,62,67
Festivi,GRA,35,-13800006499932,Corso di Francia,2,50,15.2,1720.2600000000004,1727.8600000000004,1735.4600000000005,15,33.3,39.8,39.0,14.0,1.64,1.4,1.13,0.92,2068,0.5799,18,25,30,39,49,55,59,64
Festivi,GRA,35,-13800006499932,Corso di Francia,2,50,15.2,1720.2600000000004,1727.8600000000004,1735.4600000000005,16,30.0,36.9,36.0,13.1,1.82,1.52,1.74,1.02,2104,0.59,17,24,28,36,45,50,54,59
Festivi,GRA,35,-13800006499932,Corso di Francia,2,50,15.2,1720.2600000000004,1727.8600000000004,1735.4600000000005,17,27.1,33.9,33.0,13.3,2.02,1.66,1.5,1.12,2344,0.6573,13,20,25,33,42,47,51,57
Festivi,GRA,35,-13800006499932,Corso di Francia,2,50,15.2,1720.2600000000004,1727.8600000000004,1735.4600000000005,18,27.3,34.1,33.0,13.5,2.01,1.66,1.7,1.12,2481,0.6957,14,20,24,33,43,48,52,57
Festivi,GRA,35,-13800006499932,Corso di Francia,2,50,15.2,1720.2600000000004,1727.8600000000004,1735.4600000000005,19,26.6,34.7,34.0,12.2,2.05,1.61,6.69,1.14,2445,0.6856,16,23,26,34,42,47,51,55
Festivi,GRA,35,-13800006499932,Corso di Francia,2,50,15.2,1720.2600000000004,1727.8600000000004,1735.4600000000005,20,28.4,35.3,34.0,13.7,1.93,1.61,1.42,1.07,2163,0.6066,14,22,26,34,44,49,53,59
Festivi,GRA,35,-13800006499932,Corso di Francia,2,50,15.2,1720.2600000000004,1727.8600000000004,1735.4600000000005,21,32.7,40.8,41.0,14.6,1.68,1.33,1.84,0.93,1510,0.4234,18,26,30,41,50,55,60,66
Festivi,GRA,35,-13800006499932,Corso di Francia,2,50,15.2,1720.2600000000004,1727.8600000000004,1735.4600000000005,22,32.7,42.3,43.0,14.9,1.68,1.27,3.08,0.93,1568,0.4397,20,27,32,43,51,57,60,67
Festivi,GRA,35,-13800006499932,Corso di Francia,2,50,15.2,1720.2600000000004,1727.8600000000004,1735.4600000000005,23,34.7,42.2,41.0,15.3,1.58,1.33,1.26,0.88,1736,0.4868,19,27,32,41,51,57,62,70
Festivi,GRA,36,-13800006496134,Corso di Francia,2,50,19.86,1735.4600000000005,1745.3900000000006,1755.3200000000004,0,34.0,39.0,38.0,12.4,2.1,1.88,1.3,1.0,3066,0.8598,21,28,31,38,46,51,54,60
Festivi,GRA,36,-13800006496134,Corso di Francia,2,50,19.86,1735.4600000000005,1745.3900000000006,1755.3200000000004,1,34.9,42.8,42.0,14.2,2.05,1.7,4.39,0.97,2538,0.7117,20,29,34,42,51,56,61,68
Festivi,GRA,36,-13800006496134,Corso di Francia,2,50,19.86,1735.4600000000005,1745.3900000000006,1755.3200000000004,2,39.5,47.7,47.0,15.9,1.81,1.52,1.62,0.86,1533,0.4299,21,33,38,47,57,63,68,74
Festivi,GRA,36,-13800006496134,Corso di Francia,2,50,19.86,1735.4600000000005,1745.3900000000006,1755.3200000000004,3,35.8,49.1,49.0,18.3,2.0,1.46,2.38,0.95,896,0.2513,15,32,39,49,61,67,71,78
Festivi,GRA,36,-13800006496134,Corso di Francia,2,50,19.86,1735.4600000000005,1745.3900000000006,1755.3200000000004,4,30.3,43.8,45.0,19.4,2.36,1.59,3.49,1.12,1007,0.2824,13,21,29,45,57,64,69,76
Festivi,GRA,36,-13800006496134,Corso di Francia,2,50,19.86,1735.4600000000005,1745.3900000000006,1755.3200000000004,5,32.9,45.1,46.0,19.6,2.17,1.55,2.44,1.03,499,0.1399,16,25,30,46,58,64,72,79
Festivi,GRA,36,-13800006496134,Corso di Francia,2,50,19.86,1735.4600000000005,1745.3900000000006,1755.3200000000004,6,33.8,46.1,46.0,18.6,2.12,1.55,2.83,1.01,303,0.085,20,26,32,46,58,66,71,76
Festivi,GRA,36,-13800006496134,Corso di Francia,2,50,19.86,1735.4600000000005,1745.3900000000006,1755.3200000000004,7,40.6,48.6,48.0,16.2,1.76,1.49,1.52,0.84,453,0.127,23,32,38,48,61,66,69,74
Festivi,GRA,36,-13800006496134,Corso di Francia,2,50,19.86,1735.4600000000005,1745.3900000000006,1755.3200000000004,8,40.6,48.0,48.0,15.6,1.76,1.49,1.21,0.84,752,0.2109,22,32,38,48,58,64,68,74
Festivi,GRA,36,-13800006496134,Corso di Francia,2,50,19.86,1735.4600000000005,1745.3900000000006,1755.3200000000004,9,38.3,45.8,46.0,13.9,1.87,1.55,2.5,0.89,1105,0.3099,24,32,37,46,55,60,63,69
Festivi,GRA,36,-13800006496134,Corso di Francia,2,50,19.86,1735.4600000000005,1745.3900000000006,1755.3200000000004,10,34.2,41.4,41.0,13.8,2.09,1.74,3.01,0.99,1724,0.4835,20,28,32,41,50,56,59,65
Festivi,GRA,36,-13800006496134,Corso di Francia,2,50,19.86,1735.4600000000005,1745.3900000000006,1755.3200000000004,11,31.4,38.8,38.0,13.7,2.28,1.88,2.91,1.08,2194,0.6153,17,25,29,38,47,52,56,62
Festivi,GRA,36,-13800006496134,Corso di Francia,2,50,19.86,1735.4600000000005,1745.3900000000006,1755.3200000000004,12,29.9,36.3,36.0,13.4,2.39,1.99,1.99,1.14,2562,0.7185,16,23,27,36,44,50,54,60
Festivi,GRA,36,-13800006496134,Corso di Francia,2,50,19.86,1735.4600000000005,1745.3900000000006,1755.3200000000004,13,31.0,38.5,38.0,14.0,2.31,1.88,2.58,1.1,2322,0.6511,17,24,29,38,47,53,56,62
Festivi,GRA,36,-13800006496134,Corso di Francia,2,50,19.86,1735.4600000000005,1745.3900000000006,1755.3200000000004,14,36.1,43.2,42.0,13.8,1.98,1.7,2.87,0.94,1767,0.4955,22,30,34,42,52,57,61,66
Festivi,GRA,36,-13800006496134,Corso di Francia,2,50,19.86,1735.4600000000005,1745.3900000000006,1755.3200000000004,15,32.7,40.3,40.0,13.5,2.19,1.79,2.95,1.04,2065,0.5791,19,27,31,40,49,54,58,63
Festivi,GRA,36,-13800006496134,Corso di Francia,2,50,19.86,1735.4600000000005,1745.3900000000006,1755.3200000000004,16,30.4,37.0,37.0,12.5,2.35,1.93,3.19,1.12,2108,0.5911,17,25,29,37,45,50,53,58
Festivi,GRA,36,-13800006496134,Corso di Francia,2,50,19.86,1735.4600000000005,1745.3900000000006,1755.3200000000004,17,27.4,34.4,34.0,12.8,2.61,2.1,2.72,1.24,2338,0.6556,14,21,26,34,42,47,51,56
Festivi,GRA,36,-13800006496134,Corso di Francia,2,50,19.86,1735.4600000000005,1745.3900000000006,1755.3200000000004,18,26.3,34.2,34.0,13.0,2.72,2.1,3.48,1.29,2480,0.6955,14,21,25,34,42,47,51,56
Festivi,GRA,36,-13800006496134,Corso di Francia,2,50,19.86,1735.4600000000005,1745.3900000000006,1755.3200000000004,19,28.0,34.7,34.0,11.7,2.55,2.1,3.25,1.21,2456,0.6887,16,23,27,34,42,46,50,54
Festivi,GRA,36,-13800006496134,Corso di Francia,2,50,19.86,1735.4600000000005,1745.3900000000006,1755.3200000000004,20,27.7,35.7,35.0,13.2,2.58,2.04,3.61,1.23,2164,0.6068,14,22,27,35,44,49,52,58
Festivi,GRA,36,-13800006496134,Corso di Francia,2,50,19.86,1735.4600000000005,1745.3900000000006,1755.3200000000004,21,33.2,41.6,41.0,14.0,2.15,1.74,2.55,1.02,1512,0.424,18,28,33,41,50,55,59,66
Festivi,GRA,36,-13800006496134,Corso di Francia,2,50,19.86,1735.4600000000005,1745.3900000000006,1755.3200000000004,22,35.1,43.5,44.0,13.9,2.04,1.62,4.01,0.97,1572,0.4408,21,30,35,44,52,57,60,67
Festivi,GRA,36,-13800006496134,Corso di Francia,2,50,19.86,1735.4600000000005,1745.3900000000006,1755.3200000000004,23,37.0,43.1,42.0,14.6,1.93,1.7,1.2,0.92,1737,0.4871,21,30,33,42,52,57,62,69
Festivi,GRA,37,-13800006562564,Corso di Francia,2,50,28.48,1755.3200000000004,1769.5600000000004,1783.8000000000004,0,35.8,41.5,41.0,12.0,2.87,2.5,3.9,1.0,3056,0.857,23,31,34,41,48,52,56,62
Festivi,GRA,37,-13800006562564,Corso di Francia,2,50,28.48,1755.3200000000004,1769.5600000000004,1783.8000000000004,1,38.7,45.3,45.0,13.4,2.65,2.28,3.58,0.92,2528,0.7089,24,33,37,45,53,58,63,69
Festivi,GRA,37,-13800006562564,Corso di Francia,2,50,28.48,1755.3200000000004,1769.5600000000004,1783.8000000000004,2,41.3,50.0,50.0,15.2,2.48,2.05,3.4,0.86,1527,0.4282,25,37,41,50,59,65,69,75
Festivi,GRA,37,-13800006562564,Corso di Francia,2,50,28.48,1755.3200000000004,1769.5600000000004,1783.8000000000004,3,39.6,50.9,51.0,17.5,2.59,2.01,2.86,0.9,895,0.251,19,35,42,51,62,68,72,80
Festivi,GRA,37,-13800006562564,Corso di Francia,2,50,28.48,1755.3200000000004,1769.5600000000004,1783.8000000000004,4,35.9,46.9,47.0,18.0,2.85,2.18,3.88,0.99,1005,0.2818,19,27,33,47,59,65,70,77
Festivi,GRA,37,-13800006562564,Corso di Francia,2,50,28.48,1755.3200000000004,1769.5600000000004,1783.8000000000004,5,38.7,48.0,47.0,18.3,2.65,2.18,2.26,0.92,499,0.1399,21,29,34,47,59,66,74,79
Festivi,GRA,37,-13800006562564,Corso di Francia,2,50,28.48,1755.3200000000004,1769.5600000000004,1783.8000000000004,6,41.6,50.2,49.0,17.1,2.46,2.09,1.94,0.86,303,0.085,26,32,38,49,62,69,71,78
Festivi,GRA,37,-13800006562564,Corso di Francia,2,50,28.48,1755.3200000000004,1769.5600000000004,1783.8000000000004,7,43.0,51.1,50.0,15.7,2.38,2.05,2.76,0.83,453,0.127,25,35,41,50,62,67,70,77
Festivi,GRA,37,-13800006562564,Corso di Francia,2,50,28.48,1755.3200000000004,1769.5600000000004,1783.8000000000004,8,42.2,49.6,49.0,15.0,2.43,2.09,1.85,0.85,751,0.2106,24,35,40,49,59,64,69,75
Festivi,GRA,37,-13800006562564,Corso di Francia,2,50,28.48,1755.3200000000004,1769.5600000000004,1783.8000000000004,9,41.9,47.7,47.0,13.5,2.45,2.18,1.8,0.85,1099,0.3082,26,35,39,47,56,61,65,71
Festivi,GRA,37,-13800006562564,Corso di Francia,2,50,28.48,1755.3200000000004,1769.5600000000004,1783.8000000000004,10,37.8,43.6,43.0,13.3,2.71,2.38,2.48,0.95,1708,0.479,23,31,35,43,52,57,61,66
Festivi,GRA,37,-13800006562564,Corso di Francia,2,50,28.48,1755.3200000000004,1769.5600000000004,1783.8000000000004,11,35.1,41.1,40.0,12.9,2.92,2.56,2.7,1.02,2173,0.6094,22,28,33,40,49,54,57,63
Festivi,GRA,37,-13800006562564,Corso di Francia,2,50,28.48,1755.3200000000004,1769.5600000000004,1783.8000000000004,12,32.8,38.8,38.0,12.4,3.13,2.7,3.75,1.09,2529,0.7092,20,27,31,38,46,51,55,61
Festivi,GRA,37,-13800006562564,Corso di Francia,2,50,28.48,1755.3200000000004,1769.5600000000004,1783.8000000000004,13,34.9,41.4,41.0,13.3,2.94,2.5,3.04,1.03,2294,0.6433,22,29,33,41,49,54,59,64
Festivi,GRA,37,-13800006562564,Corso di Francia,2,50,28.48,1755.3200000000004,1769.5600000000004,1783.8000000000004,14,39.4,45.0,44.0,13.1,2.6,2.33,2.58,0.91,1761,0.4938,26,32,36,44,53,59,62,67
Festivi,GRA,37,-13800006562564,Corso di Francia,2,50,28.48,1755.3200000000004,1769.5600000000004,1783.8000000000004,15,36.7,42.5,42.0,12.8,2.8,2.44,2.34,0.98,2045,0.5735,22,30,34,42,51,55,59,65
Festivi,GRA,37,-13800006562564,Corso di Francia,2,50,28.48,1755.3200000000004,1769.5600000000004,1783.8000000000004,16,33.0,38.4,38.0,11.6,3.11,2.7,3.14,1.08,2085,0.5847,20,27,31,38,46,50,53,58
Festivi,GRA,37,-13800006562564,Corso di Francia,2,50,28.48,1755.3200000000004,1769.5600000000004,1783.8000000000004,17,27.6,35.9,36.0,12.3,3.72,2.85,6.57,1.3,2319,0.6503,16,24,28,36,43,48,51,56
Festivi,GRA,37,-13800006562564,Corso di Francia,2,50,28.48,1755.3200000000004,1769.5600000000004,1783.8000000000004,18,28.2,35.9,36.0,12.8,3.64,2.85,3.58,1.27,2455,0.6884,15,24,28,36,44,48,51,57
Festivi,GRA,37,-13800006562564,Corso di Francia,2,50,28.48,1755.3200000000004,1769.5600000000004,1783.8000000000004,19,29.6,36.3,36.0,11.4,3.47,2.85,4.47,1.21,2427,0.6806,17,25,30,36,43,47,50,55
Festivi,GRA,37,-13800006562564,Corso di Francia,2,50,28.48,1755.3200000000004,1769.5600000000004,1783.8000000000004,20,30.6,37.4,37.0,12.5,3.35,2.77,3.23,1.17,2125,0.5959,17,25,30,37,45,50,53,58
Festivi,GRA,37,-13800006562564,Corso di Francia,2,50,28.48,1755.3200000000004,1769.5600000000004,1783.8000000000004,21,36.3,44.0,43.0,13.3,2.82,2.38,4.0,0.98,1488,0.4173,23,32,37,43,52,57,61,67
Festivi,GRA,37,-13800006562564,Corso di Francia,2,50,28.48,1755.3200000000004,1769.5600000000004,1783.8000000000004,22,40.0,46.3,46.0,13.2,2.56,2.23,2.86,0.89,1546,0.4335,25,34,38,46,54,59,63,69
Festivi,GRA,37,-13800006562564,Corso di Francia,2,50,28.48,1755.3200000000004,1769.5600000000004,1783.8000000000004,23,40.0,45.4,44.0,14.1,2.57,2.33,1.48,0.89,1728,0.4846,24,33,37,44,53,59,64,70
Festivi,GRA,38,-13800006751007,Corso di Francia,2,50,96.05,1783.8000000000004,1831.8250000000005,1879.8500000000004,0,37.6,43.0,42.0,12.1,9.19,8.23,7.58,1.0,3046,0.8542,24,33,36,42,50,54,58,63
Festivi,GRA,38,-13800006751007,Corso di Francia,2,50,96.05,1783.8000000000004,1831.8250000000005,1879.8500000000004,1,40.0,47.1,46.0,13.6,8.64,7.52,13.9,0.94,2517,0.7058,25,35,39,46,55,60,64,70
Festivi,GRA,38,-13800006751007,Corso di Francia,2,50,96.05,1783.8000000000004,1831.8250000000005,1879.8500000000004,2,46.1,52.1,52.0,14.9,7.49,6.65,3.97,0.82,1518,0.4257,28,38,43,52,61,67,70,77
Festivi,GRA,38,-13800006751007,Corso di Francia,2,50,96.05,1783.8000000000004,1831.8250000000005,1879.8500000000004,3,42.6,53.3,54.0,17.4,8.13,6.4,9.8,0.88,891,0.2499,21,37,43,54,64,70,74,81
Festivi,GRA,38,-13800006751007,Corso di Francia,2,50,96.05,1783.8000000000004,1831.8250000000005,1879.8500000000004,4,39.7,49.8,49.0,17.6,8.7,7.06,8.65,0.95,1015,0.2846,20,33,39,49,61,67,72,79
Festivi,GRA,38,-13800006751007,Corso di Francia,2,50,96.05,1783.8000000000004,1831.8250000000005,1879.8500000000004,5,37.9,51.0,50.0,18.2,9.13,6.92,12.73,0.99,498,0.1397,20,34,39,50,62,69,75,82
Festivi,GRA,38,-13800006751007,Corso di Francia,2,50,96.05,1783.8000000000004,1831.8250000000005,1879.8500000000004,6,38.3,51.6,51.0,17.3,9.02,6.78,14.15,0.98,304,0.0852,22,36,42,51,61,69,72,78
Festivi,GRA,38,-13800006751007,Corso di Francia,2,50,96.05,1783.8000000000004,1831.8250000000005,1879.8500000000004,7,40.3,51.2,52.0,17.2,8.59,6.65,8.56,0.93,449,0.1259,20,35,41,52,63,69,71,78
Festivi,GRA,38,-13800006751007,Corso di Francia,2,50,96.05,1783.8000000000004,1831.8250000000005,1879.8500000000004,8,39.7,49.8,50.0,15.9,8.72,6.92,8.57,0.95,752,0.2109,20,35,41,50,61,65,69,75
Festivi,GRA,38,-13800006751007,Corso di Francia,2,50,96.05,1783.8000000000004,1831.8250000000005,1879.8500000000004,9,35.1,47.2,48.0,15.1,9.84,7.2,15.65,1.07,1087,0.3048,18,34,39,48,57,61,65,71
Festivi,GRA,38,-13800006751007,Corso di Francia,2,50,96.05,1783.8000000000004,1831.8250000000005,1879.8500000000004,10,36.5,44.3,44.0,13.8,9.48,7.86,10.87,1.03,1684,0.4722,20,32,36,44,53,58,62,68
Festivi,GRA,38,-13800006751007,Corso di Francia,2,50,96.05,1783.8000000000004,1831.8250000000005,1879.8500000000004,11,35.3,42.5,42.0,12.8,9.79,8.23,11.05,1.07,2150,0.6029,22,31,35,42,50,55,58,64
Festivi,GRA,38,-13800006751007,Corso di Francia,2,50,96.05,1783.8000000000004,1831.8250000000005,1879.8500000000004,12,33.2,40.5,40.0,12.5,10.43,8.64,12.27,1.13,2500,0.7011,20,29,33,40,48,53,57,62
Festivi,GRA,38,-13800006751007,Corso di Francia,2,50,96.05,1783.8000000000004,1831.8250000000005,1879.8500000000004,13,35.5,42.5,42.0,13.0,9.73,8.23,9.24,1.06,2285,0.6408,21,31,35,42,50,55,59,64
Festivi,GRA,38,-13800006751007,Corso di Francia,2,50,96.05,1783.8000000000004,1831.8250000000005,1879.8500000000004,14,38.6,46.1,45.0,13.3,8.95,7.68,10.23,0.97,1741,0.4882,26,34,38,45,55,60,63,68
Festivi,GRA,38,-13800006751007,Corso di Francia,2,50,96.05,1783.8000000000004,1831.8250000000005,1879.8500000000004,15,37.6,43.6,43.0,12.7,9.19,8.04,7.35,1.0,2020,0.5665,22,32,36,43,51,57,60,65
Festivi,GRA,38,-13800006751007,Corso di Francia,2,50,96.05,1783.8000000000004,1831.8250000000005,1879.8500000000004,16,20.4,32.4,35.0,16.0,16.93,9.88,17.53,1.84,2062,0.5782,7,11,18,35,44,48,52,56
Festivi,GRA,38,-13800006751007,Corso di Francia,2,50,96.05,1783.8000000000004,1831.8250000000005,1879.8500000000004,17,18.6,30.0,32.0,16.1,18.56,10.81,16.85,2.02,2289,0.6419,7,9,14,32,42,47,50,56
Festivi,GRA,38,-13800006751007,Corso di Francia,2,50,96.05,1783.8000000000004,1831.8250000000005,1879.8500000000004,18,18.8,29.9,32.0,16.2,18.36,10.81,15.26,2.0,2429,0.6812,7,9,14,32,42,47,50,55
Festivi,GRA,38,-13800006751007,Corso di Francia,2,50,96.05,1783.8000000000004,1831.8250000000005,1879.8500000000004,19,18.7,29.9,32.0,16.0,18.48,10.81,17.47,2.01,2394,0.6713,7,9,14,32,42,47,50,55
Festivi,GRA,38,-13800006751007,Corso di Francia,2,50,96.05,1783.8000000000004,1831.8250000000005,1879.8500000000004,20,19.8,31.1,34.0,16.3,17.48,10.17,14.44,1.9,2096,0.5878,7,10,16,34,43,48,51,56
Festivi,GRA,38,-13800006751007,Corso di Francia,2,50,96.05,1783.8000000000004,1831.8250000000005,1879.8500000000004,21,36.1,44.0,44.0,14.2,9.58,7.86,8.47,1.04,1475,0.4136,19,32,36,44,53,58,61,67
Festivi,GRA,38,-13800006751007,Corso di Francia,2,50,96.05,1783.8000000000004,1831.8250000000005,1879.8500000000004,22,41.5,47.4,47.0,13.6,8.33,7.36,5.43,0.91,1539,0.4316,24,35,39,47,56,61,64,69
Festivi,GRA,38,-13800006751007,Corso di Francia,2,50,96.05,1783.8000000000004,1831.8250000000005,1879.8500000000004,23,40.0,46.8,46.0,14.1,8.64,7.52,9.45,0.94,1721,0.4826,25,35,38,46,55,61,65,71
Festivi,GRA,39,-13800006777387,Corso di Francia,2,50,30.79,1879.8500000000004,1895.2450000000003,1910.6400000000003,0,37.8,47.2,48.0,14.5,2.93,2.31,3.57,1.0,3073,0.8617,22,33,39,48,56,62,65,70
Festivi,GRA,39,-13800006777387,Corso di Francia,2,50,30.79,1879.8500000000004,1895.2450000000003,1910.6400000000003,1,41.4,51.7,52.0,15.6,2.68,2.13,3.0,0.91,2534,0.7106,23,38,43,52,62,67,71,76
Festivi,GRA,39,-13800006777387,Corso di Francia,2,50,30.79,1879.8500000000004,1895.2450000000003,1910.6400000000003,2,46.6,55.8,57.0,16.0,2.38,1.94,2.22,0.81,1538,0.4313,28,41,47,57,66,71,74,80
Festivi,GRA,39,-13800006777387,Corso di Francia,2,50,30.79,1879.8500000000004,1895.2450000000003,1910.6400000000003,3,38.4,56.9,59.0,18.3,2.88,1.88,11.44,0.98,906,0.2541,22,40,47,59,68,73,78,83
Festivi,GRA,39,-13800006777387,Corso di Francia,2,50,30.79,1879.8500000000004,1895.2450000000003,1910.6400000000003,4,36.5,53.4,55.0,19.5,3.04,2.02,4.22,1.03,1044,0.2928,16,33,44,55,66,72,75,82
Festivi,GRA,39,-13800006777387,Corso di Francia,2,50,30.79,1879.8500000000004,1895.2450000000003,1910.6400000000003,5,39.4,54.8,56.0,19.3,2.81,1.98,3.73,0.96,502,0.1408,19,35,45,56,67,72,78,85
Festivi,GRA,39,-13800006777387,Corso di Francia,2,50,30.79,1879.8500000000004,1895.2450000000003,1910.6400000000003,6,31.1,52.4,56.0,21.4,3.56,1.98,5.32,1.21,309,0.0867,8,27,42,56,67,72,76,83
Festivi,GRA,39,-13800006777387,Corso di Francia,2,50,30.79,1879.8500000000004,1895.2450000000003,1910.6400000000003,7,35.1,52.9,56.0,20.4,3.16,1.98,4.29,1.08,447,0.1254,15,28,40,56,67,72,76,83
Festivi,GRA,39,-13800006777387,Corso di Francia,2,50,30.79,1879.8500000000004,1895.2450000000003,1910.6400000000003,8,29.4,51.6,54.0,19.4,3.76,2.05,6.68,1.28,763,0.214,9,30,42,54,66,70,73,78
Festivi,GRA,39,-13800006777387,Corso di Francia,2,50,30.79,1879.8500000000004,1895.2450000000003,1910.6400000000003,9,29.0,49.8,54.0,19.2,3.83,2.05,6.14,1.3,1097,0.3076,7,29,41,54,63,67,71,75
Festivi,GRA,39,-13800006777387,Corso di Francia,2,50,30.79,1879.8500000000004,1895.2450000000003,1910.6400000000003,10,34.8,48.4,50.0,16.5,3.19,2.22,4.34,1.09,1686,0.4728,18,32,39,50,60,65,68,73
Festivi,GRA,39,-13800006777387,Corso di Francia,2,50,30.79,1879.8500000000004,1895.2450000000003,1910.6400000000003,11,38.3,47.2,48.0,14.8,2.9,2.31,3.25,0.99,2166,0.6074,22,32,38,48,57,62,65,71
Festivi,GRA,39,-13800006777387,Corso di Francia,2,50,30.79,1879.8500000000004,1895.2450000000003,1910.6400000000003,12,35.1,45.5,46.0,15.2,3.16,2.41,3.88,1.08,2503,0.7019,19,30,37,46,56,61,65,70
Festivi,GRA,39,-13800006777387,Corso di Francia,2,50,30.79,1879.8500000000004,1895.2450000000003,1910.6400000000003,13,38.1,47.3,48.0,14.8,2.91,2.31,3.01,0.99,2302,0.6455,21,32,39,48,57,62,66,70
Festivi,GRA,39,-13800006777387,Corso di Francia,2,50,30.79,1879.8500000000004,1895.2450000000003,1910.6400000000003,14,41.2,50.7,51.0,14.9,2.69,2.17,3.09,0.92,1741,0.4882,25,36,42,51,60,65,69,74
Festivi,GRA,39,-13800006777387,Corso di Francia,2,50,30.79,1879.8500000000004,1895.2450000000003,1910.6400000000003,15,36.7,47.6,49.0,15.4,3.02,2.26,3.73,1.03,2035,0.5707,21,32,38,49,58,63,67,71
Festivi,GRA,39,-13800006777387,Corso di Francia,2,50,30.79,1879.8500000000004,1895.2450000000003,1910.6400000000003,16,20.3,37.5,38.0,17.9,5.47,2.92,8.27,1.86,2065,0.5791,4,19,24,38,50,56,60,66
Festivi,GRA,39,-13800006777387,Corso di Francia,2,50,30.79,1879.8500000000004,1895.2450000000003,1910.6400000000003,17,21.1,36.1,36.0,17.0,5.25,3.08,7.43,1.79,2291,0.6425,6,19,23,36,48,54,58,64
Festivi,GRA,39,-13800006777387,Corso di Francia,2,50,30.79,1879.8500000000004,1895.2450000000003,1910.6400000000003,18,21.6,36.1,36.0,16.9,5.13,3.08,6.87,1.75,2444,0.6854,7,19,23,36,48,54,58,64
Festivi,GRA,39,-13800006777387,Corso di Francia,2,50,30.79,1879.8500000000004,1895.2450000000003,1910.6400000000003,19,20.9,36.1,36.0,17.1,5.29,3.08,7.29,1.8,2399,0.6727,5,18,23,36,49,54,58,64
Festivi,GRA,39,-13800006777387,Corso di Francia,2,50,30.79,1879.8500000000004,1895.2450000000003,1910.6400000000003,20,22.2,37.1,37.0,17.1,5.0,3.0,6.92,1.7,2109,0.5914,6,20,25,37,49,55,59,66
Festivi,GRA,39,-13800006777387,Corso di Francia,2,50,30.79,1879.8500000000004,1895.2450000000003,1910.6400000000003,21,36.5,48.0,49.0,15.9,3.04,2.26,3.73,1.04,1491,0.4181,21,32,38,49,58,64,67,73
Festivi,GRA,39,-13800006777387,Corso di Francia,2,50,30.79,1879.8500000000004,1895.2450000000003,1910.6400000000003,22,41.1,50.7,51.0,15.4,2.7,2.17,2.71,0.92,1540,0.4319,22,36,42,51,61,65,68,74
Festivi,GRA,39,-13800006777387,Corso di Francia,2,50,30.79,1879.8500000000004,1895.2450000000003,1910.6400000000003,23,41.3,51.1,51.0,15.3,2.68,2.17,2.88,0.91,1727,0.4843,23,37,43,51,61,66,70,74
Festivi,GRA,40,-13800006629975,Corso di Francia,2,50,13.72,1910.6400000000003,1917.5000000000002,1924.3600000000004,0,36.8,47.5,48.0,14.3,1.34,1.03,2.47,1.0,3081,0.864,22,34,39,48,57,62,65,70
Festivi,GRA,40,-13800006629975,Corso di Francia,2,50,13.72,1910.6400000000003,1917.5000000000002,1924.3600000000004,1,41.7,52.0,53.0,15.3,1.18,0.93,1.68,0.88,2543,0.7131,24,38,43,53,62,67,71,76
Festivi,GRA,40,-13800006629975,Corso di Francia,2,50,13.72,1910.6400000000003,1917.5000000000002,1924.3600000000004,2,44.8,55.9,57.0,15.6,1.1,0.87,1.71,0.82,1548,0.4341,29,42,47,57,66,71,74,80
Festivi,GRA,40,-13800006629975,Corso di Francia,2,50,13.72,1910.6400000000003,1917.5000000000002,1924.3600000000004,3,42.8,57.1,59.0,17.8,1.15,0.84,2.02,0.86,907,0.2543,25,40,47,59,68,73,77,83
Festivi,GRA,40,-13800006629975,Corso di Francia,2,50,13.72,1910.6400000000003,1917.5000000000002,1924.3600000000004,4,33.9,53.7,55.0,19.1,1.46,0.9,3.02,1.08,1056,0.2961,17,35,44,55,66,71,75,83
Festivi,GRA,40,-13800006629975,Corso di Francia,2,50,13.72,1910.6400000000003,1917.5000000000002,1924.3600000000004,5,37.3,54.5,56.0,19.4,1.32,0.88,2.32,0.99,510,0.143,19,34,44,56,67,73,78,85
Festivi,GRA,40,-13800006629975,Corso di Francia,2,50,13.72,1910.6400000000003,1917.5000000000002,1924.3600000000004,6,23.3,52.3,55.0,21.4,2.12,0.9,4.74,1.58,316,0.0886,7,28,42,55,67,72,76,83
Festivi,GRA,40,-13800006629975,Corso di Francia,2,50,13.72,1910.6400000000003,1917.5000000000002,1924.3600000000004,7,22.4,53.2,56.0,20.8,2.21,0.88,5.65,1.65,447,0.1254,9,31,43,56,67,72,77,83
Festivi,GRA,40,-13800006629975,Corso di Francia,2,50,13.72,1910.6400000000003,1917.5000000000002,1924.3600000000004,8,28.6,51.9,54.0,19.0,1.73,0.91,3.84,1.29,762,0.2137,13,31,43,54,65,70,73,78
Festivi,GRA,40,-13800006629975,Corso di Francia,2,50,13.72,1910.6400000000003,1917.5000000000002,1924.3600000000004,9,27.0,50.7,54.0,18.4,1.83,0.91,4.16,1.36,1099,0.3082,12,32,42,54,63,67,71,76
Festivi,GRA,40,-13800006629975,Corso di Francia,2,50,13.72,1910.6400000000003,1917.5000000000002,1924.3600000000004,10,35.4,49.2,50.0,16.0,1.4,0.99,3.86,1.04,1689,0.4736,20,33,39,50,60,65,69,73
Festivi,GRA,40,-13800006629975,Corso di Francia,2,50,13.72,1910.6400000000003,1917.5000000000002,1924.3600000000004,11,35.2,47.4,48.0,15.1,1.4,1.03,2.57,1.05,2166,0.6074,21,32,39,48,57,62,65,71
Festivi,GRA,40,-13800006629975,Corso di Francia,2,50,13.72,1910.6400000000003,1917.5000000000002,1924.3600000000004,12,35.5,45.9,47.0,14.9,1.39,1.05,2.03,1.04,2507,0.703,19,30,37,47,56,61,64,69
Festivi,GRA,40,-13800006629975,Corso di Francia,2,50,13.72,1910.6400000000003,1917.5000000000002,1924.3600000000004,13,37.9,47.6,48.0,14.7,1.3,1.03,1.79,0.97,2307,0.6469,21,33,40,48,57,62,66,70
Festivi,GRA,40,-13800006629975,Corso di Francia,2,50,13.72,1910.6400000000003,1917.5000000000002,1924.3600000000004,14,40.6,50.9,51.0,15.1,1.22,0.97,1.78,0.91,1744,0.4891,25,36,42,51,61,66,69,74
Festivi,GRA,40,-13800006629975,Corso di Francia,2,50,13.72,1910.6400000000003,1917.5000000000002,1924.3600000000004,15,36.0,47.9,49.0,15.2,1.37,1.01,2.33,1.02,2038,0.5715,21,32,39,49,58,63,67,71
Festivi,GRA,40,-13800006629975,Corso di Francia,2,50,13.72,1910.6400000000003,1917.5000000000002,1924.3600000000004,16,23.6,39.5,40.0,16.5,2.09,1.23,3.98,1.56,2073,0.5813,12,22,28,40,51,57,60,66
Festivi,GRA,40,-13800006629975,Corso di Francia,2,50,13.72,1910.6400000000003,1917.5000000000002,1924.3600000000004,17,23.0,37.9,38.0,16.0,2.15,1.3,4.22,1.6,2305,0.6464,13,21,27,38,49,54,58,64
Festivi,GRA,40,-13800006629975,Corso di Francia,2,50,13.72,1910.6400000000003,1917.5000000000002,1924.3600000000004,18,23.8,37.9,38.0,15.7,2.08,1.3,3.85,1.55,2445,0.6856,12,21,27,38,49,55,59,64
Festivi,GRA,40,-13800006629975,Corso di Francia,2,50,13.72,1910.6400000000003,1917.5000000000002,1924.3600000000004,19,23.6,38.1,38.0,15.8,2.1,1.3,3.9,1.56,2410,0.6758,12,22,27,38,49,54,58,64
Festivi,GRA,40,-13800006629975,Corso di Francia,2,50,13.72,1910.6400000000003,1917.5000000000002,1924.3600000000004,20,24.1,39.1,39.0,16.1,2.05,1.27,3.9,1.52,2125,0.5959,11,23,29,39,50,55,60,67
Festivi,GRA,40,-13800006629975,Corso di Francia,2,50,13.72,1910.6400000000003,1917.5000000000002,1924.3600000000004,21,35.6,48.4,50.0,15.6,1.39,0.99,2.32,1.03,1494,0.419,21,32,39,50,58,64,68,73
Festivi,GRA,40,-13800006629975,Corso di Francia,2,50,13.72,1910.6400000000003,1917.5000000000002,1924.3600000000004,22,37.5,50.8,51.0,15.4,1.32,0.97,2.61,0.98,1550,0.4347,23,36,43,51,61,66,69,75
Festivi,GRA,40,-13800006629975,Corso di Francia,2,50,13.72,1910.6400000000003,1917.5000000000002,1924.3600000000004,23,40.8,51.2,52.0,15.0,1.21,0.95,1.69,0.9,1735,0.4865,25,38,43,52,61,66,70,74
Festivi,GRA,41,-13800006438168,Corso di Francia,2,50,13.32,1924.3600000000004,1931.0200000000004,1937.6800000000003,0,40.8,47.8,48.0,14.0,1.18,1.0,2.23,1.0,3070,0.8609,23,34,39,48,57,61,65,70
Festivi,GRA,41,-13800006438168,Corso di Francia,2,50,13.32,1924.3600000000004,1931.0200000000004,1937.6800000000003,1,45.1,52.1,53.0,15.1,1.06,0.9,0.98,0.9,2541,0.7126,24,38,43,53,62,67,71,76
Festivi,GRA,41,-13800006438168,Corso di Francia,2,50,13.32,1924.3600000000004,1931.0200000000004,1937.6800000000003,2,48.9,55.9,56.0,15.5,0.98,0.86,0.63,0.83,1558,0.4369,29,40,47,56,66,71,74,80
Festivi,GRA,41,-13800006438168,Corso di Francia,2,50,13.32,1924.3600000000004,1931.0200000000004,1937.6800000000003,3,47.2,56.9,59.0,17.7,1.02,0.81,0.87,0.86,916,0.2569,24,40,47,59,68,73,77,83
Festivi,GRA,41,-13800006438168,Corso di Francia,2,50,13.32,1924.3600000000004,1931.0200000000004,1937.6800000000003,4,41.3,53.8,55.0,18.4,1.16,0.87,1.74,0.99,1058,0.2967,20,35,44,55,66,71,75,82
Festivi,GRA,41,-13800006438168,Corso di Francia,2,50,13.32,1924.3600000000004,1931.0200000000004,1937.6800000000003,5,43.0,55.1,56.0,18.6,1.12,0.86,1.99,0.95,507,0.1422,23,35,45,56,67,73,78,85
Festivi,GRA,41,-13800006438168,Corso di Francia,2,50,13.32,1924.3600000000004,1931.0200000000004,1937.6800000000003,6,41.3,53.6,56.0,19.3,1.16,0.86,1.06,0.99,320,0.0897,18,30,42,56,67,72,76,83
Festivi,GRA,41,-13800006438168,Corso di Francia,2,50,13.32,1924.3600000000004,1931.0200000000004,1937.6800000000003,7,44.9,54.5,56.0,18.6,1.07,0.86,0.68,0.91,444,0.1245,20,33,44,56,67,72,76,85
Festivi,GRA,41,-13800006438168,Corso di Francia,2,50,13.32,1924.3600000000004,1931.0200000000004,1937.6800000000003,8,38.2,52.3,54.0,17.9,1.25,0.89,2.08,1.07,763,0.214,20,30,42,54,65,70,73,77
Festivi,GRA,41,-13800006438168,Corso di Francia,2,50,13.32,1924.3600000000004,1931.0200000000004,1937.6800000000003,9,39.7,51.5,54.0,17.0,1.21,0.89,1.52,1.03,1104,0.3096,21,33,42,54,62,67,71,76
Festivi,GRA,41,-13800006438168,Corso di Francia,2,50,13.32,1924.3600000000004,1931.0200000000004,1937.6800000000003,10,39.9,49.5,51.0,15.9,1.2,0.94,1.88,1.02,1682,0.4717,21,32,40,51,60,65,69,73
Festivi,GRA,41,-13800006438168,Corso di Francia,2,50,13.32,1924.3600000000004,1931.0200000000004,1937.6800000000003,11,36.8,47.6,49.0,15.0,1.3,0.98,2.54,1.11,2178,0.6108,21,32,39,49,58,63,65,71
Festivi,GRA,41,-13800006438168,Corso di Francia,2,50,13.32,1924.3600000000004,1931.0200000000004,1937.6800000000003,12,37.1,46.0,47.0,15.0,1.29,1.02,1.47,1.1,2509,0.7036,19,30,37,47,56,61,64,69
Festivi,GRA,41,-13800006438168,Corso di Francia,2,50,13.32,1924.3600000000004,1931.0200000000004,1937.6800000000003,13,40.3,47.9,49.0,14.7,1.19,0.98,0.87,1.01,2294,0.6433,21,32,40,49,57,62,66,71
Festivi,GRA,41,-13800006438168,Corso di Francia,2,50,13.32,1924.3600000000004,1931.0200000000004,1937.6800000000003,14,42.3,51.1,52.0,15.0,1.13,0.92,1.51,0.97,1739,0.4877,25,36,43,52,61,66,69,75
Festivi,GRA,41,-13800006438168,Corso di Francia,2,50,13.32,1924.3600000000004,1931.0200000000004,1937.6800000000003,15,33.1,48.2,49.0,15.5,1.45,0.98,4.56,1.23,2042,0.5726,21,32,39,49,58,63,67,71
Festivi,GRA,41,-13800006438168,Corso di Francia,2,50,13.32,1924.3600000000004,1931.0200000000004,1937.6800000000003,16,31.2,40.3,40.0,15.7,1.54,1.2,1.49,1.31,2062,0.5782,15,24,29,40,51,57,60,66
Festivi,GRA,41,-13800006438168,Corso di Francia,2,50,13.32,1924.3600000000004,1931.0200000000004,1937.6800000000003,17,28.8,38.7,38.0,15.3,1.66,1.26,2.93,1.42,2281,0.6397,15,23,27,38,49,55,58,65
Festivi,GRA,41,-13800006438168,Corso di Francia,2,50,13.32,1924.3600000000004,1931.0200000000004,1937.6800000000003,18,29.6,38.6,38.0,15.2,1.62,1.26,1.92,1.38,2451,0.6873,15,23,28,38,49,55,59,64
Festivi,GRA,41,-13800006438168,Corso di Francia,2,50,13.32,1924.3600000000004,1931.0200000000004,1937.6800000000003,19,30.6,39.0,39.0,15.1,1.57,1.23,1.41,1.33,2399,0.6727,15,23,28,39,50,55,59,65
Festivi,GRA,41,-13800006438168,Corso di Francia,2,50,13.32,1924.3600000000004,1931.0200000000004,1937.6800000000003,20,30.2,40.1,40.0,15.4,1.59,1.2,2.43,1.35,2112,0.5923,16,24,29,40,50,56,60,67
Festivi,GRA,41,-13800006438168,Corso di Francia,2,50,13.32,1924.3600000000004,1931.0200000000004,1937.6800000000003,21,34.7,48.2,50.0,15.8,1.38,0.96,3.51,1.18,1512,0.424,21,31,39,50,58,64,68,73
Festivi,GRA,41,-13800006438168,Corso di Francia,2,50,13.32,1924.3600000000004,1931.0200000000004,1937.6800000000003,22,40.8,51.1,52.0,14.9,1.17,0.92,2.74,1.0,1543,0.4327,24,36,43,52,61,66,69,75
Festivi,GRA,41,-13800006438168,Corso di Francia,2,50,13.32,1924.3600000000004,1931.0200000000004,1937.6800000000003,23,44.8,51.4,52.0,14.7,1.07,0.92,0.74,0.91,1730,0.4851,26,38,43,52,61,66,70,74
Festivi,GRA,42,-13800006712220,Corso di Francia,2,50,143.93,1937.6800000000003,2009.6450000000002,2081.61,0,26.3,39.9,44.0,18.1,19.72,11.78,17.06,1.0,2675,0.7501,9,11,27,44,53,56,59,64
Festivi,GRA,42,-13800006712220,Corso di Francia,2,50,143.93,1937.6800000000003,2009.6450000000002,2081.61,1,30.9,45.2,49.0,18.8,16.76,10.57,14.69,0.85,2265,0.6352,10,19,36,49,58,63,66,72
Festivi,GRA,42,-13800006712220,Corso di Francia,2,50,143.93,1937.6800000000003,2009.6450000000002,2081.61,2,36.6,50.7,54.0,18.8,14.14,9.6,12.75,0.72,1410,0.3954,10,31,42,54,63,67,71,76
Festivi,GRA,42,-13800006712220,Corso di Francia,2,50,143.93,1937.6800000000003,2009.6450000000002,2081.61,3,34.9,51.8,56.0,21.4,14.84,9.25,14.49,0.75,800,0.2243,10,24,41,56,66,71,75,82
Festivi,GRA,42,-13800006712220,Corso di Francia,2,50,143.93,1937.6800000000003,2009.6450000000002,2081.61,4,35.0,50.4,53.0,20.8,14.83,9.78,13.3,0.75,885,0.2482,11,25,39,53,64,70,74,80
Festivi,GRA,42,-13800006712220,Corso di Francia,2,50,143.93,1937.6800000000003,2009.6450000000002,2081.61,5,36.9,53.0,56.0,21.4,14.05,9.25,12.86,0.71,404,0.1133,10,29,42,56,66,73,78,84
Festivi,GRA,42,-13800006712220,Corso di Francia,2,50,143.93,1937.6800000000003,2009.6450000000002,2081.61,6,37.3,51.8,56.0,20.5,13.88,9.25,11.67,0.7,277,0.0777,12,26,41,56,66,70,74,79
Festivi,GRA,42,-13800006712220,Corso di Francia,2,50,143.93,1937.6800000000003,2009.6450000000002,2081.61,7,37.3,50.8,54.0,19.9,13.9,9.6,11.3,0.7,428,0.12,11,28,40,54,64,67,72,80
Festivi,GRA,42,-13800006712220,Corso di Francia,2,50,143.93,1937.6800000000003,2009.6450000000002,2081.61,8,31.9,47.2,51.0,19.9,16.26,10.16,16.9,0.82,718,0.2013,11,19,34,51,61,66,69,74
Festivi,GRA,42,-13800006712220,Corso di Francia,2,50,143.93,1937.6800000000003,2009.6450000000002,2081.61,9,31.4,45.9,50.0,18.7,16.51,10.36,16.51,0.84,1044,0.2928,10,20,37,50,58,63,66,71
Festivi,GRA,42,-13800006712220,Corso di Francia,2,50,143.93,1937.6800000000003,2009.6450000000002,2081.61,10,31.2,44.3,47.0,17.6,16.6,11.02,16.22,0.84,1583,0.4439,10,22,35,47,56,62,64,68
Festivi,GRA,42,-13800006712220,Corso di Francia,2,50,143.93,1937.6800000000003,2009.6450000000002,2081.61,11,31.7,43.3,46.0,16.4,16.37,11.26,14.31,0.83,2038,0.5715,10,24,35,46,54,58,61,66
Festivi,GRA,42,-13800006712220,Corso di Francia,2,50,143.93,1937.6800000000003,2009.6450000000002,2081.61,12,29.1,41.0,44.0,16.4,17.82,11.78,17.06,0.9,2324,0.6517,10,20,31,44,52,57,59,63
Festivi,GRA,42,-13800006712220,Corso di Francia,2,50,143.93,1937.6800000000003,2009.6450000000002,2081.61,13,30.3,42.7,46.0,17.0,17.08,11.26,15.27,0.87,2135,0.5987,10,21,33,46,54,59,62,65
Festivi,GRA,42,-13800006712220,Corso di Francia,2,50,143.93,1937.6800000000003,2009.6450000000002,2081.61,14,35.4,47.3,50.0,16.6,14.64,10.36,14.89,0.74,1631,0.4574,11,30,40,50,58,62,66,70
Festivi,GRA,42,-13800006712220,Corso di Francia,2,50,143.93,1937.6800000000003,2009.6450000000002,2081.61,15,30.8,43.8,47.0,16.7,16.8,11.02,18.76,0.85,1935,0.5426,10,24,36,47,55,59,62,67
Festivi,GRA,42,-13800006712220,Corso di Francia,2,50,143.93,1937.6800000000003,2009.6450000000002,2081.61,16,23.2,34.2,35.0,16.6,22.37,14.8,20.7,1.13,1947,0.546,9,11,22,35,46,53,56,61
Festivi,GRA,42,-13800006712220,Corso di Francia,2,50,143.93,1937.6800000000003,2009.6450000000002,2081.61,17,23.0,32.7,33.0,15.7,22.56,15.7,17.34,1.14,2109,0.5914,9,11,21,33,43,49,54,59
Festivi,GRA,42,-13800006712220,Corso di Francia,2,50,143.93,1937.6800000000003,2009.6450000000002,2081.61,18,22.5,32.6,33.0,15.7,23.04,15.7,19.38,1.17,2298,0.6444,9,11,20,33,44,50,53,59
Festivi,GRA,42,-13800006712220,Corso di Francia,2,50,143.93,1937.6800000000003,2009.6450000000002,2081.61,19,23.2,33.3,34.0,15.8,22.3,15.24,17.58,1.13,2247,0.6301,9,12,22,34,44,50,54,60
Festivi,GRA,42,-13800006712220,Corso di Francia,2,50,143.93,1937.6800000000003,2009.6450000000002,2081.61,20,23.5,34.6,36.0,16.6,22.03,14.39,18.43,1.12,1932,0.5418,9,11,22,36,46,52,56,62
Festivi,GRA,42,-13800006712220,Corso di Francia,2,50,143.93,1937.6800000000003,2009.6450000000002,2081.61,21,29.5,43.4,47.0,17.8,17.59,11.02,17.92,0.89,1373,0.385,10,19,33,47,55,60,63,68
Festivi,GRA,42,-13800006712220,Corso di Francia,2,50,143.93,1937.6800000000003,2009.6450000000002,2081.61,22,33.2,46.2,49.0,17.5,15.6,10.57,14.93,0.79,1404,0.3937,10,27,39,49,57,62,65,70
Festivi,GRA,42,-13800006712220,Corso di Francia,2,50,143.93,1937.6800000000003,2009.6450000000002,2081.61,23,30.5,44.7,48.0,18.6,17.01,10.79,15.4,0.86,1585,0.4445,9,19,35,48,57,62,65,70
Festivi,GRA,43,13800006562927,Corso di Francia,2,50,23.47,2081.61,2093.3450000000003,2105.08,0,36.4,42.4,43.0,13.5,2.32,1.96,1.34,1.0,2704,0.7583,20,28,33,43,51,56,59,64
Festivi,GRA,43,13800006562927,Corso di Francia,2,50,23.47,2081.61,2093.3450000000003,2105.08,1,38.2,46.4,48.0,15.0,2.21,1.76,2.23,0.95,2316,0.6495,22,30,36,48,56,61,65,70
Festivi,GRA,43,13800006562927,Corso di Francia,2,50,23.47,2081.61,2093.3450000000003,2105.08,2,43.0,51.2,52.0,16.1,1.97,1.62,1.45,0.85,1438,0.4033,24,33,42,52,61,66,70,75
Festivi,GRA,43,13800006562927,Corso di Francia,2,50,23.47,2081.61,2093.3450000000003,2105.08,3,41.4,53.0,55.0,18.6,2.04,1.54,1.97,0.88,829,0.2325,20,31,42,55,65,70,74,82
Festivi,GRA,43,13800006562927,Corso di Francia,2,50,23.47,2081.61,2093.3450000000003,2105.08,4,42.1,52.1,54.0,18.0,2.01,1.56,1.62,0.86,902,0.2529,23,31,41,54,63,70,74,80
Festivi,GRA,43,13800006562927,Corso di Francia,2,50,23.47,2081.61,2093.3450000000003,2105.08,5,43.6,54.4,55.0,19.0,1.94,1.54,1.72,0.83,421,0.1181,23,33,43,55,66,73,78,85
Festivi,GRA,43,13800006562927,Corso di Francia,2,50,23.47,2081.61,2093.3450000000003,2105.08,6,43.8,53.3,55.0,18.0,1.93,1.54,1.36,0.83,286,0.0802,22,30,43,55,66,70,74,78
Festivi,GRA,43,13800006562927,Corso di Francia,2,50,23.47,2081.61,2093.3450000000003,2105.08,7,42.5,52.1,53.0,17.9,1.99,1.59,1.48,0.86,433,0.1214,20,33,43,53,63,67,71,81
Festivi,GRA,43,13800006562927,Corso di Francia,2,50,23.47,2081.61,2093.3450000000003,2105.08,8,37.1,49.4,52.0,16.2,2.28,1.62,7.29,0.98,729,0.2044,21,30,38,52,60,65,69,74
Festivi,GRA,43,13800006562927,Corso di Francia,2,50,23.47,2081.61,2093.3450000000003,2105.08,9,39.0,47.5,49.0,15.2,2.17,1.72,1.7,0.93,1057,0.2964,19,30,39,49,58,62,65,70
Festivi,GRA,43,13800006562927,Corso di Francia,2,50,23.47,2081.61,2093.3450000000003,2105.08,10,37.7,45.0,46.0,14.5,2.24,1.84,1.64,0.96,1593,0.4467,20,29,36,46,55,59,63,67
Festivi,GRA,43,13800006562927,Corso di Francia,2,50,23.47,2081.61,2093.3450000000003,2105.08,11,36.6,43.8,45.0,13.7,2.31,1.88,2.12,1.0,2073,0.5813,19,29,35,45,53,57,60,64
Festivi,GRA,43,13800006562927,Corso di Francia,2,50,23.47,2081.61,2093.3450000000003,2105.08,12,34.6,41.5,43.0,13.7,2.44,1.96,1.59,1.05,2343,0.657,17,26,33,43,51,55,58,62
Festivi,GRA,43,13800006562927,Corso di Francia,2,50,23.47,2081.61,2093.3450000000003,2105.08,13,34.7,42.7,44.0,14.4,2.43,1.92,1.89,1.05,2171,0.6088,17,27,32,44,53,57,60,64
Festivi,GRA,43,13800006562927,Corso di Francia,2,50,23.47,2081.61,2093.3450000000003,2105.08,14,38.6,47.3,48.0,14.7,2.19,1.76,2.53,0.94,1655,0.4641,21,32,39,48,57,61,64,69
Festivi,GRA,43,13800006562927,Corso di Francia,2,50,23.47,2081.61,2093.3450000000003,2105.08,15,33.0,44.5,46.0,14.5,2.56,1.84,8.69,1.1,1961,0.5499,19,29,36,46,54,58,62,66
Festivi,GRA,43,13800006562927,Corso di Francia,2,50,23.47,2081.61,2093.3450000000003,2105.08,16,31.3,38.0,37.0,13.4,2.7,2.28,2.16,1.16,1984,0.5564,17,25,29,37,46,52,56,60
Festivi,GRA,43,13800006562927,Corso di Francia,2,50,23.47,2081.61,2093.3450000000003,2105.08,17,28.0,35.7,35.0,12.7,3.02,2.41,8.82,1.3,2154,0.604,15,23,27,35,44,49,52,59
Festivi,GRA,43,13800006562927,Corso di Francia,2,50,23.47,2081.61,2093.3450000000003,2105.08,18,30.0,35.9,35.0,12.5,2.81,2.41,1.8,1.21,2345,0.6576,15,24,28,35,44,49,52,57
Festivi,GRA,43,13800006562927,Corso di Francia,2,50,23.47,2081.61,2093.3450000000003,2105.08,19,30.9,36.9,36.0,12.7,2.73,2.35,2.13,1.18,2273,0.6374,17,25,29,36,44,50,53,59
Festivi,GRA,43,13800006562927,Corso di Francia,2,50,23.47,2081.61,2093.3450000000003,2105.08,20,31.3,37.8,37.0,13.2,2.7,2.28,2.07,1.16,1969,0.5522,17,25,29,37,46,52,55,61
Festivi,GRA,43,13800006562927,Corso di Francia,2,50,23.47,2081.61,2093.3450000000003,2105.08,21,32.8,44.9,46.0,14.8,2.58,1.84,11.37,1.11,1401,0.3929,20,28,35,46,55,59,62,67
Festivi,GRA,43,13800006562927,Corso di Francia,2,50,23.47,2081.61,2093.3450000000003,2105.08,22,39.5,47.4,48.0,14.5,2.14,1.76,2.48,0.92,1422,0.3988,23,31,39,48,57,61,64,70
Festivi,GRA,43,13800006562927,Corso di Francia,2,50,23.47,2081.61,2093.3450000000003,2105.08,23,38.2,46.2,47.0,15.1,2.21,1.8,1.93,0.95,1589,0.4456,20,29,36,47,56,61,64,70
Festivi,GRA,44,13800006578242,Corso di Francia,2,50,94.15,2105.08,2152.1549999999997,2199.23,0,37.7,42.7,43.0,12.0,8.99,7.88,5.13,1.0,2884,0.8087,21,32,36,43,50,54,56,61
Festivi,GRA,44,13800006578242,Corso di Francia,2,50,94.15,2105.08,2152.1549999999997,2199.23,1,41.3,46.5,47.0,13.1,8.21,7.21,4.15,0.91,2507,0.703,23,34,39,47,54,59,62,68
Festivi,GRA,44,13800006578242,Corso di Francia,2,50,94.15,2105.08,2152.1549999999997,2199.23,2,44.3,50.4,51.0,14.7,7.65,6.65,4.1,0.85,1601,0.449,26,36,41,51,59,65,67,74
Festivi,GRA,44,13800006578242,Corso di Francia,2,50,94.15,2105.08,2152.1549999999997,2199.23,3,44.9,53.0,54.0,16.6,7.55,6.28,5.37,0.84,885,0.2482,23,37,43,54,64,69,73,79
Festivi,GRA,44,13800006578242,Corso di Francia,2,50,94.15,2105.08,2152.1549999999997,2199.23,4,46.0,53.2,54.0,16.1,7.37,6.28,4.41,0.82,929,0.2605,25,38,43,54,63,69,73,79
Festivi,GRA,44,13800006578242,Corso di Francia,2,50,94.15,2105.08,2152.1549999999997,2199.23,5,49.3,55.4,56.0,16.9,6.88,6.05,3.01,0.77,435,0.122,28,38,44,56,65,73,78,82
Festivi,GRA,44,13800006578242,Corso di Francia,2,50,94.15,2105.08,2152.1549999999997,2199.23,6,47.1,54.5,55.0,16.2,7.19,6.16,4.22,0.8,300,0.0841,23,39,46,55,64,69,73,79
Festivi,GRA,44,13800006578242,Corso di Francia,2,50,94.15,2105.08,2152.1549999999997,2199.23,7,42.8,50.9,52.0,17.0,7.92,6.52,5.13,0.88,489,0.1371,21,34,40,52,61,65,68,75
Festivi,GRA,44,13800006578242,Corso di Francia,2,50,94.15,2105.08,2152.1549999999997,2199.23,8,40.6,48.6,50.0,15.2,8.34,6.78,6.3,0.93,832,0.2333,21,32,39,50,59,63,66,72
Festivi,GRA,44,13800006578242,Corso di Francia,2,50,94.15,2105.08,2152.1549999999997,2199.23,9,38.6,46.1,47.0,14.1,8.78,7.21,6.6,0.98,1216,0.341,18,32,38,47,55,60,63,68
Festivi,GRA,44,13800006578242,Corso di Francia,2,50,94.15,2105.08,2152.1549999999997,2199.23,10,36.4,43.0,43.0,13.6,9.31,7.88,6.04,1.04,1839,0.5157,18,29,35,43,52,56,60,65
Festivi,GRA,44,13800006578242,Corso di Francia,2,50,94.15,2105.08,2152.1549999999997,2199.23,11,34.1,40.9,42.0,13.1,9.95,8.07,7.4,1.11,2368,0.664,17,28,33,42,50,54,57,60
Festivi,GRA,44,13800006578242,Corso di Francia,2,50,94.15,2105.08,2152.1549999999997,2199.23,12,31.5,39.1,40.0,13.3,10.77,8.47,8.62,1.2,2612,0.7325,15,24,31,40,48,52,55,59
Festivi,GRA,44,13800006578242,Corso di Francia,2,50,94.15,2105.08,2152.1549999999997,2199.23,13,31.7,40.0,41.0,14.0,10.69,8.27,8.69,1.19,2428,0.6809,14,24,31,41,50,54,57,60
Festivi,GRA,44,13800006578242,Corso di Francia,2,50,94.15,2105.08,2152.1549999999997,2199.23,14,38.0,45.7,46.0,13.9,8.93,7.37,7.8,0.99,1823,0.5112,20,32,38,46,55,59,62,67
Festivi,GRA,44,13800006578242,Corso di Francia,2,50,94.15,2105.08,2152.1549999999997,2199.23,15,36.1,43.0,44.0,13.5,9.4,7.7,6.63,1.05,2159,0.6054,18,30,35,44,52,56,59,63
Festivi,GRA,44,13800006578242,Corso di Francia,2,50,94.15,2105.08,2152.1549999999997,2199.23,16,32.0,37.9,38.0,12.4,10.6,8.92,7.88,1.18,2223,0.6234,16,26,31,38,45,50,53,58
Festivi,GRA,44,13800006578242,Corso di Francia,2,50,94.15,2105.08,2152.1549999999997,2199.23,17,29.4,35.4,36.0,12.3,11.52,9.41,7.53,1.28,2407,0.675,14,23,27,36,43,48,51,56
Festivi,GRA,44,13800006578242,Corso di Francia,2,50,94.15,2105.08,2152.1549999999997,2199.23,18,29.9,35.5,36.0,12.1,11.36,9.41,6.85,1.26,2557,0.717,15,23,28,36,43,47,50,56
Festivi,GRA,44,13800006578242,Corso di Francia,2,50,94.15,2105.08,2152.1549999999997,2199.23,19,31.6,36.7,37.0,11.9,10.73,9.16,5.95,1.19,2472,0.6932,17,25,29,37,44,48,51,56
Festivi,GRA,44,13800006578242,Corso di Francia,2,50,94.15,2105.08,2152.1549999999997,2199.23,20,32.7,38.1,38.0,12.4,10.38,8.92,6.08,1.15,2185,0.6127,17,25,31,38,46,51,54,59
Festivi,GRA,44,13800006578242,Corso di Francia,2,50,94.15,2105.08,2152.1549999999997,2199.23,21,38.4,44.8,46.0,13.4,8.83,7.37,6.42,0.98,1525,0.4277,21,31,37,46,54,58,61,65
Festivi,GRA,44,13800006578242,Corso di Francia,2,50,94.15,2105.08,2152.1549999999997,2199.23,22,41.9,47.0,47.0,13.0,8.09,7.21,4.19,0.9,1526,0.4279,25,34,39,47,55,59,62,67
Festivi,GRA,44,13800006578242,Corso di Francia,2,50,94.15,2105.08,2152.1549999999997,2199.23,23,40.6,46.4,46.0,13.4,8.34,7.37,5.65,0.93,1715,0.4809,23,34,38,46,55,59,63,69
Festivi,GRA,45,13800006907411,Corso di Francia,2,50,15.4,2199.23,2206.93,2214.63,0,37.9,42.7,43.0,11.9,1.46,1.29,0.86,1.0,2790,0.7824,22,32,36,43,49,53,56,61
Festivi,GRA,45,13800006907411,Corso di Francia,2,50,15.4,2199.23,2206.93,2214.63,1,40.3,46.7,47.0,12.8,1.38,1.18,1.95,0.94,2485,0.6969,23,35,40,47,55,59,62,67
Festivi,GRA,45,13800006907411,Corso di Francia,2,50,15.4,2199.23,2206.93,2214.63,2,45.5,51.4,52.0,13.9,1.22,1.07,0.7,0.83,1591,0.4462,27,39,44,52,59,64,68,74
Festivi,GRA,45,13800006907411,Corso di Francia,2,50,15.4,2199.23,2206.93,2214.63,3,48.3,54.3,54.0,15.5,1.15,1.03,0.54,0.78,879,0.2465,25,41,46,54,64,68,72,81
Festivi,GRA,45,13800006907411,Corso di Francia,2,50,15.4,2199.23,2206.93,2214.63,4,43.4,53.6,54.0,15.5,1.28,1.03,2.31,0.87,936,0.2625,25,40,46,54,63,68,72,80
Festivi,GRA,45,13800006907411,Corso di Francia,2,50,15.4,2199.23,2206.93,2214.63,5,49.5,55.9,55.0,16.1,1.12,1.01,0.61,0.77,442,0.1239,29,41,46,55,65,72,75,82
Festivi,GRA,45,13800006907411,Corso di Francia,2,50,15.4,2199.23,2206.93,2214.63,6,30.7,54.8,56.0,15.5,1.8,0.99,11.38,1.23,300,0.0841,23,42,47,56,63,68,70,78
Festivi,GRA,45,13800006907411,Corso di Francia,2,50,15.4,2199.23,2206.93,2214.63,7,45.3,52.2,53.0,15.9,1.22,1.05,0.69,0.84,489,0.1371,22,38,44,53,61,65,68,75
Festivi,GRA,45,13800006907411,Corso di Francia,2,50,15.4,2199.23,2206.93,2214.63,8,42.2,49.6,51.0,14.6,1.31,1.09,0.9,0.9,823,0.2308,22,36,42,51,59,63,66,71
Festivi,GRA,45,13800006907411,Corso di Francia,2,50,15.4,2199.23,2206.93,2214.63,9,39.6,46.8,48.0,13.5,1.4,1.15,1.07,0.96,1194,0.3348,20,34,40,48,55,60,62,67
Festivi,GRA,45,13800006907411,Corso di Francia,2,50,15.4,2199.23,2206.93,2214.63,10,36.3,42.7,43.0,13.2,1.53,1.29,0.98,1.04,1801,0.505,18,30,35,43,51,55,58,63
Festivi,GRA,45,13800006907411,Corso di Francia,2,50,15.4,2199.23,2206.93,2214.63,11,32.3,39.3,41.0,12.9,1.72,1.35,1.33,1.17,2319,0.6503,15,26,31,41,48,52,55,58
Festivi,GRA,45,13800006907411,Corso di Francia,2,50,15.4,2199.23,2206.93,2214.63,12,27.0,37.4,39.0,13.7,2.05,1.42,3.17,1.4,2565,0.7193,12,22,28,39,47,51,53,58
Festivi,GRA,45,13800006907411,Corso di Francia,2,50,15.4,2199.23,2206.93,2214.63,13,29.0,38.6,40.0,14.2,1.91,1.39,2.27,1.31,2388,0.6697,13,23,30,40,48,53,55,59
Festivi,GRA,45,13800006907411,Corso di Francia,2,50,15.4,2199.23,2206.93,2214.63,14,37.4,45.1,46.0,13.7,1.48,1.21,1.29,1.01,1787,0.5011,20,32,38,46,53,58,61,67
Festivi,GRA,45,13800006907411,Corso di Francia,2,50,15.4,2199.23,2206.93,2214.63,15,34.6,42.1,43.0,13.5,1.6,1.29,1.29,1.1,2110,0.5917,17,29,35,43,51,55,58,63
Festivi,GRA,45,13800006907411,Corso di Francia,2,50,15.4,2199.23,2206.93,2214.63,16,30.8,38.1,39.0,12.7,1.8,1.42,2.61,1.23,2196,0.6158,16,25,30,39,46,50,53,59
Festivi,GRA,45,13800006907411,Corso di Francia,2,50,15.4,2199.23,2206.93,2214.63,17,29.2,35.3,36.0,12.5,1.9,1.54,1.33,1.3,2365,0.6632,14,22,27,36,43,48,50,55
Festivi,GRA,45,13800006907411,Corso di Francia,2,50,15.4,2199.23,2206.93,2214.63,18,27.4,35.0,35.0,12.8,2.02,1.58,2.23,1.38,2505,0.7025,14,21,26,35,43,48,51,56
Festivi,GRA,45,13800006907411,Corso di Francia,2,50,15.4,2199.23,2206.93,2214.63,19,30.1,36.3,36.0,12.4,1.84,1.54,1.53,1.26,2417,0.6778,16,24,29,36,44,48,51,56
Festivi,GRA,45,13800006907411,Corso di Francia,2,50,15.4,2199.23,2206.93,2214.63,20,31.7,38.3,39.0,12.9,1.75,1.42,1.56,1.2,2106,0.5906,16,25,30,39,47,51,54,59
Festivi,GRA,45,13800006907411,Corso di Francia,2,50,15.4,2199.23,2206.93,2214.63,21,39.2,45.6,46.0,13.3,1.41,1.21,1.06,0.97,1474,0.4133,21,33,38,46,54,58,61,66
Festivi,GRA,45,13800006907411,Corso di Francia,2,50,15.4,2199.23,2206.93,2214.63,22,42.8,47.4,48.0,12.5,1.3,1.15,0.61,0.89,1494,0.419,26,36,41,48,55,59,62,66
Festivi,GRA,45,13800006907411,Corso di Francia,2,50,15.4,2199.23,2206.93,2214.63,23,41.4,46.6,47.0,13.1,1.34,1.18,0.68,0.92,1697,0.4759,24,35,39,47,54,59,63,68
Festivi,GRA,46,13800007410723,Corso di Francia,2,50,12.61,2214.63,2220.935,2227.2400000000002,0,37.5,42.3,43.0,11.9,1.21,1.06,0.71,1.0,2790,0.7824,21,31,36,43,49,53,56,60
Festivi,GRA,46,13800007410723,Corso di Francia,2,50,12.61,2214.63,2220.935,2227.2400000000002,1,40.9,46.3,46.0,12.7,1.11,0.99,0.78,0.92,2487,0.6974,23,35,39,46,54,59,61,67
Festivi,GRA,46,13800007410723,Corso di Francia,2,50,12.61,2214.63,2220.935,2227.2400000000002,2,45.2,51.0,51.0,13.8,1.0,0.89,0.57,0.83,1596,0.4476,26,39,44,51,58,63,67,73
Festivi,GRA,46,13800007410723,Corso di Francia,2,50,12.61,2214.63,2220.935,2227.2400000000002,3,48.1,53.9,54.0,15.4,0.94,0.84,0.44,0.78,878,0.2462,25,41,45,54,63,68,72,79
Festivi,GRA,46,13800007410723,Corso di Francia,2,50,12.61,2214.63,2220.935,2227.2400000000002,4,44.6,53.2,53.0,15.6,1.02,0.86,1.01,0.84,935,0.2622,25,40,45,53,62,67,71,80
Festivi,GRA,46,13800007410723,Corso di Francia,2,50,12.61,2214.63,2220.935,2227.2400000000002,5,49.3,55.6,55.0,15.9,0.92,0.83,0.5,0.76,444,0.1245,28,41,47,55,64,71,75,81
Festivi,GRA,46,13800007410723,Corso di Francia,2,50,12.61,2214.63,2220.935,2227.2400000000002,6,25.4,54.1,55.0,15.0,1.79,0.83,14.52,1.48,300,0.0841,23,42,47,55,63,67,70,77
Festivi,GRA,46,13800007410723,Corso di Francia,2,50,12.61,2214.63,2220.935,2227.2400000000002,7,44.9,52.0,53.0,16.3,1.01,0.86,0.58,0.84,490,0.1374,22,38,44,53,60,65,68,75
Festivi,GRA,46,13800007410723,Corso di Francia,2,50,12.61,2214.63,2220.935,2227.2400000000002,8,42.1,49.2,50.0,14.4,1.08,0.91,0.72,0.89,822,0.2305,21,35,42,50,58,62,66,71
Festivi,GRA,46,13800007410723,Corso di Francia,2,50,12.61,2214.63,2220.935,2227.2400000000002,9,39.7,46.4,47.0,13.4,1.14,0.97,0.79,0.95,1196,0.3354,20,33,40,47,55,59,62,67
Festivi,GRA,46,13800007410723,Corso di Francia,2,50,12.61,2214.63,2220.935,2227.2400000000002,10,35.4,42.0,43.0,13.3,1.28,1.06,0.85,1.06,1796,0.5036,18,29,34,43,50,55,58,63
Festivi,GRA,46,13800007410723,Corso di Francia,2,50,12.61,2214.63,2220.935,2227.2400000000002,11,30.8,38.3,40.0,13.0,1.48,1.13,1.72,1.22,2323,0.6514,14,24,30,40,47,51,54,58
Festivi,GRA,46,13800007410723,Corso di Francia,2,50,12.61,2214.63,2220.935,2227.2400000000002,12,26.4,36.6,38.0,13.7,1.72,1.19,2.45,1.42,2556,0.7168,12,21,27,38,46,50,53,58
Festivi,GRA,46,13800007410723,Corso di Francia,2,50,12.61,2214.63,2220.935,2227.2400000000002,13,27.9,37.7,39.0,14.1,1.63,1.16,2.33,1.35,2383,0.6683,13,22,28,39,47,52,54,58
Festivi,GRA,46,13800007410723,Corso di Francia,2,50,12.61,2214.63,2220.935,2227.2400000000002,14,35.5,44.3,45.0,13.8,1.28,1.01,1.53,1.06,1787,0.5011,19,31,37,45,53,57,60,66
Festivi,GRA,46,13800007410723,Corso di Francia,2,50,12.61,2214.63,2220.935,2227.2400000000002,15,32.3,41.3,42.0,13.5,1.41,1.08,2.61,1.16,2107,0.5909,16,27,34,42,50,54,57,62
Festivi,GRA,46,13800007410723,Corso di Francia,2,50,12.61,2214.63,2220.935,2227.2400000000002,16,32.1,37.7,38.0,12.6,1.42,1.19,0.83,1.17,2199,0.6167,16,25,30,38,45,50,53,58
Festivi,GRA,46,13800007410723,Corso di Francia,2,50,12.61,2214.63,2220.935,2227.2400000000002,17,28.0,34.9,35.0,12.4,1.62,1.3,1.68,1.34,2360,0.6618,14,22,27,35,43,47,50,55
Festivi,GRA,46,13800007410723,Corso di Francia,2,50,12.61,2214.63,2220.935,2227.2400000000002,18,26.9,34.4,35.0,12.9,1.69,1.3,1.61,1.39,2502,0.7016,13,20,25,35,43,47,50,55
Festivi,GRA,46,13800007410723,Corso di Francia,2,50,12.61,2214.63,2220.935,2227.2400000000002,19,30.1,35.8,36.0,12.2,1.51,1.26,1.02,1.25,2413,0.6767,15,23,28,36,44,48,51,55
Festivi,GRA,46,13800007410723,Corso di Francia,2,50,12.61,2214.63,2220.935,2227.2400000000002,20,31.8,38.0,38.0,12.9,1.43,1.19,1.07,1.18,2106,0.5906,16,25,30,38,46,51,54,59
Festivi,GRA,46,13800007410723,Corso di Francia,2,50,12.61,2214.63,2220.935,2227.2400000000002,21,38.5,45.2,46.0,13.2,1.18,0.99,1.11,0.97,1478,0.4145,21,33,38,46,53,57,60,65
Festivi,GRA,46,13800007410723,Corso di Francia,2,50,12.61,2214.63,2220.935,2227.2400000000002,22,42.6,47.1,47.0,12.3,1.06,0.97,0.49,0.88,1496,0.4195,26,36,40,47,54,59,62,66
Festivi,GRA,46,13800007410723,Corso di Francia,2,50,12.61,2214.63,2220.935,2227.2400000000002,23,41.2,46.2,46.0,13.0,1.1,0.99,0.54,0.91,1697,0.4759,24,34,39,46,54,58,62,68
Festivi,GRA,47,13800007271120,Corso di Francia,2,50,31.9,2227.2400000000002,2243.19,2259.1400000000003,0,37.5,42.9,43.0,11.9,3.07,2.67,2.29,1.0,2051,0.5752,21,32,37,43,50,54,57,62
Festivi,GRA,47,13800007271120,Corso di Francia,2,50,31.9,2227.2400000000002,2243.19,2259.1400000000003,1,42.2,47.2,48.0,12.7,2.72,2.39,1.5,0.89,1862,0.5222,25,35,40,48,55,59,62,67
Festivi,GRA,47,13800007271120,Corso di Francia,2,50,31.9,2227.2400000000002,2243.19,2259.1400000000003,2,47.0,51.9,52.0,13.1,2.44,2.21,1.21,0.8,1255,0.3519,30,41,45,52,59,64,67,73
Festivi,GRA,47,13800007271120,Corso di Francia,2,50,31.9,2227.2400000000002,2243.19,2259.1400000000003,3,50.1,55.3,55.0,15.0,2.29,2.09,0.97,0.75,707,0.1983,30,43,47,55,64,68,72,80
Festivi,GRA,47,13800007271120,Corso di Francia,2,50,31.9,2227.2400000000002,2243.19,2259.1400000000003,4,44.3,53.9,54.0,15.2,2.59,2.13,3.25,0.85,789,0.2213,26,41,47,54,63,68,71,78
Festivi,GRA,47,13800007271120,Corso di Francia,2,50,31.9,2227.2400000000002,2243.19,2259.1400000000003,5,49.4,55.8,56.0,16.1,2.32,2.05,1.24,0.76,381,0.1068,29,41,47,56,65,72,75,81
Festivi,GRA,47,13800007271120,Corso di Francia,2,50,31.9,2227.2400000000002,2243.19,2259.1400000000003,6,46.7,54.8,56.0,15.0,2.46,2.05,2.0,0.8,246,0.069,27,42,47,56,63,68,71,78
Festivi,GRA,47,13800007271120,Corso di Francia,2,50,31.9,2227.2400000000002,2243.19,2259.1400000000003,7,46.2,52.5,53.0,15.0,2.49,2.17,1.41,0.81,412,0.1155,25,40,45,53,60,65,67,74
Festivi,GRA,47,13800007271120,Corso di Francia,2,50,31.9,2227.2400000000002,2243.19,2259.1400000000003,8,39.8,49.3,50.0,14.8,2.89,2.3,3.42,0.94,701,0.1966,22,34,42,50,59,63,66,70
Festivi,GRA,47,13800007271120,Corso di Francia,2,50,31.9,2227.2400000000002,2243.19,2259.1400000000003,9,39.3,46.2,47.0,13.7,2.92,2.44,2.09,0.95,992,0.2782,20,32,39,47,55,59,62,67
Festivi,GRA,47,13800007271120,Corso di Francia,2,50,31.9,2227.2400000000002,2243.19,2259.1400000000003,10,30.9,40.3,42.0,14.1,3.71,2.73,3.9,1.21,1473,0.4131,15,25,31,42,50,54,57,62
Festivi,GRA,47,13800007271120,Corso di Francia,2,50,31.9,2227.2400000000002,2243.19,2259.1400000000003,11,26.4,36.1,38.0,13.7,4.35,3.02,4.76,1.42,1804,0.5059,11,21,27,38,45,49,52,57
Festivi,GRA,47,13800007271120,Corso di Francia,2,50,31.9,2227.2400000000002,2243.19,2259.1400000000003,12,21.1,34.4,36.0,14.7,5.44,3.19,7.88,1.78,2002,0.5614,7,19,24,36,44,49,52,57
Festivi,GRA,47,13800007271120,Corso di Francia,2,50,31.9,2227.2400000000002,2243.19,2259.1400000000003,13,21.1,35.5,37.0,15.2,5.45,3.1,8.43,1.78,1809,0.5073,7,18,26,37,46,51,53,57
Festivi,GRA,47,13800007271120,Corso di Francia,2,50,31.9,2227.2400000000002,2243.19,2259.1400000000003,14,33.0,43.1,45.0,14.6,3.49,2.55,3.95,1.14,1363,0.3822,15,28,35,45,53,57,60,66
Festivi,GRA,47,13800007271120,Corso di Francia,2,50,31.9,2227.2400000000002,2243.19,2259.1400000000003,15,27.9,40.0,41.0,14.6,4.11,2.8,5.46,1.34,1564,0.4386,12,24,32,41,49,54,57,62
Festivi,GRA,47,13800007271120,Corso di Francia,2,50,31.9,2227.2400000000002,2243.19,2259.1400000000003,16,33.3,38.3,38.0,12.3,3.45,3.02,1.81,1.12,1678,0.4706,18,26,31,38,45,50,53,59
Festivi,GRA,47,13800007271120,Corso di Francia,2,50,31.9,2227.2400000000002,2243.19,2259.1400000000003,17,29.5,35.0,35.0,11.8,3.9,3.28,2.59,1.27,1788,0.5014,16,23,27,35,42,47,50,55
Festivi,GRA,47,13800007271120,Corso di Francia,2,50,31.9,2227.2400000000002,2243.19,2259.1400000000003,18,27.4,34.2,34.0,12.5,4.2,3.38,3.89,1.37,1905,0.5342,14,21,26,34,42,47,50,55
Festivi,GRA,47,13800007271120,Corso di Francia,2,50,31.9,2227.2400000000002,2243.19,2259.1400000000003,19,31.2,35.9,36.0,11.5,3.69,3.19,1.95,1.2,1804,0.5059,17,24,28,36,43,47,50,56
Festivi,GRA,47,13800007271120,Corso di Francia,2,50,31.9,2227.2400000000002,2243.19,2259.1400000000003,20,32.3,38.2,38.0,13.0,3.56,3.02,2.11,1.16,1569,0.44,17,25,30,38,46,51,55,60
Festivi,GRA,47,13800007271120,Corso di Francia,2,50,31.9,2227.2400000000002,2243.19,2259.1400000000003,21,38.6,46.0,46.0,13.3,2.97,2.5,2.86,0.97,1071,0.3003,21,34,39,46,54,58,60,65
Festivi,GRA,47,13800007271120,Corso di Francia,2,50,31.9,2227.2400000000002,2243.19,2259.1400000000003,22,43.9,48.0,48.0,12.3,2.61,2.39,1.03,0.85,1097,0.3076,26,36,41,48,55,60,62,68
Festivi,GRA,47,13800007271120,Corso di Francia,2,50,31.9,2227.2400000000002,2243.19,2259.1400000000003,23,42.1,46.8,47.0,12.9,2.73,2.44,1.19,0.89,1303,0.3654,25,34,39,47,54,59,62,68
Festivi,GRA,48,13800006542408,Via di Villa Severini,2,50,77.02,2259.1400000000003,2297.6500000000005,2336.1600000000003,0,27.7,40.2,43.0,14.5,10.02,6.45,11.86,1.0,2065,0.5791,7,26,35,43,49,52,55,60
Festivi,GRA,48,13800006542408,Via di Villa Severini,2,50,77.02,2259.1400000000003,2297.6500000000005,2336.1600000000003,1,29.5,43.6,46.0,15.6,9.4,6.03,12.27,0.94,1863,0.5224,8,28,37,46,54,57,61,64
Festivi,GRA,48,13800006542408,Via di Villa Severini,2,50,77.02,2259.1400000000003,2297.6500000000005,2336.1600000000003,2,34.5,48.9,51.0,15.5,8.04,5.44,15.4,0.8,1257,0.3525,14,36,43,51,58,62,65,71
Festivi,GRA,48,13800006542408,Via di Villa Severini,2,50,77.02,2259.1400000000003,2297.6500000000005,2336.1600000000003,3,37.4,51.7,53.0,17.8,7.41,5.23,8.76,0.74,711,0.1994,12,37,45,53,62,66,70,79
Festivi,GRA,48,13800006542408,Via di Villa Severini,2,50,77.02,2259.1400000000003,2297.6500000000005,2336.1600000000003,4,39.5,50.7,52.0,16.5,7.03,5.33,6.56,0.7,788,0.221,14,36,44,52,60,66,69,75
Festivi,GRA,48,13800006542408,Via di Villa Severini,2,50,77.02,2259.1400000000003,2297.6500000000005,2336.1600000000003,5,47.0,54.5,55.0,16.0,5.9,5.04,4.15,0.59,382,0.1071,27,39,46,55,63,69,73,81
Festivi,GRA,48,13800006542408,Via di Villa Severini,2,50,77.02,2259.1400000000003,2297.6500000000005,2336.1600000000003,6,36.5,52.5,56.0,17.2,7.6,4.95,10.46,0.76,244,0.0684,9,38,46,56,62,66,70,76
Festivi,GRA,48,13800006542408,Via di Villa Severini,2,50,77.02,2259.1400000000003,2297.6500000000005,2336.1600000000003,7,34.6,49.8,52.0,17.4,8.01,5.33,9.93,0.8,413,0.1158,11,34,43,52,59,63,67,71
Festivi,GRA,48,13800006542408,Via di Villa Severini,2,50,77.02,2259.1400000000003,2297.6500000000005,2336.1600000000003,8,21.6,42.0,48.0,20.6,12.81,5.78,16.07,1.28,699,0.196,5,12,26,48,57,61,63,70
Festivi,GRA,48,13800006542408,Via di Villa Severini,2,50,77.02,2259.1400000000003,2297.6500000000005,2336.1600000000003,9,18.8,38.8,44.0,19.5,14.75,6.3,19.15,1.47,990,0.2776,5,10,24,44,53,58,60,65
Festivi,GRA,48,13800006542408,Via di Villa Severini,2,50,77.02,2259.1400000000003,2297.6500000000005,2336.1600000000003,10,14.3,30.4,32.0,18.6,19.44,8.66,21.04,1.94,1466,0.4111,4,6,11,32,46,51,53,58
Festivi,GRA,48,13800006542408,Via di Villa Severini,2,50,77.02,2259.1400000000003,2297.6500000000005,2336.1600000000003,11,13.4,27.0,27.0,16.8,20.67,10.27,21.8,2.06,1810,0.5076,4,6,11,27,41,46,49,53
Festivi,GRA,48,13800006542408,Via di Villa Severini,2,50,77.02,2259.1400000000003,2297.6500000000005,2336.1600000000003,12,13.4,26.6,26.0,16.5,20.66,10.66,20.74,2.06,2000,0.5609,4,6,12,26,40,45,48,54
Festivi,GRA,48,13800006542408,Via di Villa Severini,2,50,77.02,2259.1400000000003,2297.6500000000005,2336.1600000000003,13,13.6,27.8,28.0,17.2,20.4,9.9,22.0,2.04,1821,0.5107,4,6,12,28,42,47,50,54
Festivi,GRA,48,13800006542408,Via di Villa Severini,2,50,77.02,2259.1400000000003,2297.6500000000005,2336.1600000000003,14,16.3,35.0,40.0,19.6,16.99,6.93,20.21,1.7,1360,0.3814,5,6,16,40,50,55,57,61
Festivi,GRA,48,13800006542408,Via di Villa Severini,2,50,77.02,2259.1400000000003,2297.6500000000005,2336.1600000000003,15,15.8,31.9,35.0,18.3,17.53,7.92,18.9,1.75,1563,0.4383,5,6,15,35,46,51,54,59
Festivi,GRA,48,13800006542408,Via di Villa Severini,2,50,77.02,2259.1400000000003,2297.6500000000005,2336.1600000000003,16,21.1,33.6,36.0,14.9,13.17,7.7,14.36,1.31,1677,0.4703,5,16,24,36,43,48,51,55
Festivi,GRA,48,13800006542408,Via di Villa Severini,2,50,77.02,2259.1400000000003,2297.6500000000005,2336.1600000000003,17,18.2,29.3,30.0,14.3,15.23,9.24,16.11,1.52,1792,0.5025,5,11,19,30,39,44,47,51
Festivi,GRA,48,13800006542408,Via di Villa Severini,2,50,77.02,2259.1400000000003,2297.6500000000005,2336.1600000000003,18,17.1,28.6,29.0,14.3,16.19,9.56,18.24,1.62,1915,0.537,5,12,18,29,39,43,47,52
Festivi,GRA,48,13800006542408,Via di Villa Severini,2,50,77.02,2259.1400000000003,2297.6500000000005,2336.1600000000003,19,21.5,31.7,33.0,13.4,12.93,8.4,13.28,1.29,1801,0.505,6,17,23,33,41,45,47,52
Festivi,GRA,48,13800006542408,Via di Villa Severini,2,50,77.02,2259.1400000000003,2297.6500000000005,2336.1600000000003,20,21.1,33.1,35.0,14.8,13.14,7.92,15.42,1.31,1559,0.4372,6,17,23,35,43,48,51,56
Festivi,GRA,48,13800006542408,Via di Villa Severini,2,50,77.02,2259.1400000000003,2297.6500000000005,2336.1600000000003,21,27.3,42.6,45.0,15.9,10.16,6.16,14.57,1.01,1069,0.2998,6,27,37,45,52,56,59,63
Festivi,GRA,48,13800006542408,Via di Villa Severini,2,50,77.02,2259.1400000000003,2297.6500000000005,2336.1600000000003,22,29.4,44.0,47.0,15.7,9.43,5.9,11.88,0.94,1097,0.3076,7,29,38,47,53,57,60,66
Festivi,GRA,48,13800006542408,Via di Villa Severini,2,50,77.02,2259.1400000000003,2297.6500000000005,2336.1600000000003,23,32.3,44.5,46.0,14.9,8.6,6.03,11.18,0.86,1306,0.3662,11,31,39,46,53,57,60,67
Festivi,GRA,49,13800006549378,Via di Villa Severini,2,50,15.91,2336.1600000000003,2344.1150000000002,2352.07,0,28.9,39.9,41.0,13.0,1.98,1.4,3.56,1.0,2081,0.5836,16,26,33,41,48,52,54,59
Festivi,GRA,49,13800006549378,Via di Villa Severini,2,50,15.91,2336.1600000000003,2344.1150000000002,2352.07,1,30.1,43.3,45.0,14.0,1.91,1.27,3.75,0.96,1880,0.5272,17,29,36,45,52,56,59,63
Festivi,GRA,49,13800006549378,Via di Villa Severini,2,50,15.91,2336.1600000000003,2344.1150000000002,2352.07,2,33.0,47.7,49.0,14.5,1.74,1.17,3.71,0.88,1281,0.3592,20,35,41,49,56,60,64,69
Festivi,GRA,49,13800006549378,Via di Villa Severini,2,50,15.91,2336.1600000000003,2344.1150000000002,2352.07,3,34.3,50.5,51.0,16.7,1.67,1.12,3.22,0.84,714,0.2002,18,36,43,51,59,64,70,76
Festivi,GRA,49,13800006549378,Via di Villa Severini,2,50,15.91,2336.1600000000003,2344.1150000000002,2352.07,4,34.9,49.1,50.0,15.8,1.64,1.15,3.22,0.83,803,0.2252,18,35,42,50,58,63,67,71
Festivi,GRA,49,13800006549378,Via di Villa Severini,2,50,15.91,2336.1600000000003,2344.1150000000002,2352.07,5,45.0,52.8,53.0,15.4,1.27,1.08,1.07,0.64,388,0.1088,26,38,44,53,62,67,70,79
Festivi,GRA,49,13800006549378,Via di Villa Severini,2,50,15.91,2336.1600000000003,2344.1150000000002,2352.07,6,41.2,51.6,53.0,15.7,1.39,1.08,1.61,0.7,246,0.069,22,36,44,53,61,65,69,74
Festivi,GRA,49,13800006549378,Via di Villa Severini,2,50,15.91,2336.1600000000003,2344.1150000000002,2352.07,7,30.3,48.8,51.0,16.3,1.89,1.12,4.26,0.95,417,0.1169,18,34,42,51,58,61,65,72
Festivi,GRA,49,13800006549378,Via di Villa Severini,2,50,15.91,2336.1600000000003,2344.1150000000002,2352.07,8,22.4,42.4,46.0,18.3,2.56,1.25,5.38,1.29,699,0.196,9,21,28,46,55,59,62,69
Festivi,GRA,49,13800006549378,Via di Villa Severini,2,50,15.91,2336.1600000000003,2344.1150000000002,2352.07,9,18.9,38.9,41.0,16.7,3.04,1.4,7.62,1.53,1001,0.2807,7,20,26,41,51,55,58,63
Festivi,GRA,49,13800006549378,Via di Villa Severini,2,50,15.91,2336.1600000000003,2344.1150000000002,2352.07,10,16.9,31.6,31.0,15.3,3.4,1.85,7.28,1.72,1482,0.4156,7,15,20,31,43,49,52,56
Festivi,GRA,49,13800006549378,Via di Villa Severini,2,50,15.91,2336.1600000000003,2344.1150000000002,2352.07,11,15.7,28.1,26.0,14.0,3.64,2.2,7.54,1.84,1842,0.5165,7,14,17,26,39,44,47,52
Festivi,GRA,49,13800006549378,Via di Villa Severini,2,50,15.91,2336.1600000000003,2344.1150000000002,2352.07,12,15.4,27.6,25.0,13.7,3.72,2.29,8.45,1.88,2033,0.5701,7,14,18,25,38,43,46,51
Festivi,GRA,49,13800006549378,Via di Villa Severini,2,50,15.91,2336.1600000000003,2344.1150000000002,2352.07,13,15.3,28.9,27.0,14.5,3.75,2.12,6.81,1.9,1844,0.5171,5,14,19,27,39,45,49,53
Festivi,GRA,49,13800006549378,Via di Villa Severini,2,50,15.91,2336.1600000000003,2344.1150000000002,2352.07,14,21.9,35.8,37.0,16.3,2.61,1.55,4.24,1.32,1377,0.3861,9,17,23,37,48,53,56,61
Festivi,GRA,49,13800006549378,Via di Villa Severini,2,50,15.91,2336.1600000000003,2344.1150000000002,2352.07,15,17.2,32.6,33.0,15.4,3.33,1.74,6.24,1.68,1580,0.4431,6,16,21,33,45,49,52,57
Festivi,GRA,49,13800006549378,Via di Villa Severini,2,50,15.91,2336.1600000000003,2344.1150000000002,2352.07,16,22.3,34.2,35.0,12.9,2.57,1.64,4.77,1.3,1692,0.4745,12,21,25,35,43,47,50,54
Festivi,GRA,49,13800006549378,Via di Villa Severini,2,50,15.91,2336.1600000000003,2344.1150000000002,2352.07,17,18.7,30.3,31.0,12.7,3.06,1.85,5.46,1.54,1797,0.5039,9,17,21,31,39,43,46,51
Festivi,GRA,49,13800006549378,Via di Villa Severini,2,50,15.91,2336.1600000000003,2344.1150000000002,2352.07,18,17.3,29.4,29.0,12.5,3.31,1.98,7.58,1.67,1934,0.5423,10,17,21,29,38,43,46,49
Festivi,GRA,49,13800006549378,Via di Villa Severini,2,50,15.91,2336.1600000000003,2344.1150000000002,2352.07,19,19.4,32.0,33.0,12.1,2.95,1.74,6.94,1.49,1822,0.5109,11,19,24,33,40,44,46,51
Festivi,GRA,49,13800006549378,Via di Villa Severini,2,50,15.91,2336.1600000000003,2344.1150000000002,2352.07,20,19.4,32.4,33.0,13.5,2.95,1.74,5.86,1.49,1579,0.4428,10,18,23,33,42,46,49,53
Festivi,GRA,49,13800006549378,Via di Villa Severini,2,50,15.91,2336.1600000000003,2344.1150000000002,2352.07,21,26.5,41.8,44.0,14.6,2.17,1.3,4.46,1.09,1076,0.3017,13,26,36,44,51,55,58,62
Festivi,GRA,49,13800006549378,Via di Villa Severini,2,50,15.91,2336.1600000000003,2344.1150000000002,2352.07,22,28.8,43.2,45.0,14.3,1.99,1.27,4.07,1.01,1104,0.3096,16,28,36,45,52,56,59,63
Festivi,GRA,49,13800006549378,Via di Villa Severini,2,50,15.91,2336.1600000000003,2344.1150000000002,2352.07,23,35.8,43.9,45.0,13.3,1.6,1.27,1.98,0.81,1316,0.369,19,31,37,45,52,56,59,65
Festivi,GRA,50,13800007053592,Via di Villa Severini,2,50,11.08,2352.07,2357.61,2363.15,0,34.0,40.0,41.0,12.3,1.17,0.97,0.82,1.0,2084,0.5844,19,27,32,41,48,52,54,59
Festivi,GRA,50,13800007053592,Via di Villa Severini,2,50,11.08,2352.07,2357.61,2363.15,1,36.1,43.4,45.0,13.2,1.11,0.89,1.04,0.94,1883,0.528,20,30,35,45,52,56,59,63
Festivi,GRA,50,13800007053592,Via di Villa Severini,2,50,11.08,2352.07,2357.61,2363.15,2,40.3,47.7,49.0,13.4,0.99,0.81,1.04,0.84,1282,0.3595,23,35,41,49,56,60,63,69
Festivi,GRA,50,13800007053592,Via di Villa Severini,2,50,11.08,2352.07,2357.61,2363.15,3,42.9,50.6,51.0,15.5,0.93,0.78,0.69,0.79,715,0.2005,23,36,43,51,59,64,69,75
Festivi,GRA,50,13800007053592,Via di Villa Severini,2,50,11.08,2352.07,2357.61,2363.15,4,41.6,49.2,50.0,14.9,0.96,0.8,0.72,0.82,804,0.2255,23,35,41,50,58,63,66,71
Festivi,GRA,50,13800007053592,Via di Villa Severini,2,50,11.08,2352.07,2357.61,2363.15,5,43.7,52.2,52.0,15.2,0.91,0.77,1.14,0.78,390,0.1094,26,37,44,52,61,66,70,76
Festivi,GRA,50,13800007053592,Via di Villa Severini,2,50,11.08,2352.07,2357.61,2363.15,6,45.6,51.7,52.0,15.0,0.87,0.77,0.46,0.75,244,0.0684,24,35,44,52,61,65,69,74
Festivi,GRA,50,13800007053592,Via di Villa Severini,2,50,11.08,2352.07,2357.61,2363.15,7,38.4,48.8,50.0,14.7,1.04,0.8,1.72,0.89,419,0.1175,22,33,41,50,57,61,64,71
Festivi,GRA,50,13800007053592,Via di Villa Severini,2,50,11.08,2352.07,2357.61,2363.15,8,31.2,43.3,46.0,16.5,1.28,0.87,1.65,1.09,699,0.196,14,25,30,46,54,59,62,70
Festivi,GRA,50,13800007053592,Via di Villa Severini,2,50,11.08,2352.07,2357.61,2363.15,9,29.9,40.2,41.0,14.5,1.33,0.97,2.1,1.14,1005,0.2818,16,25,30,41,51,55,58,63
Festivi,GRA,50,13800007053592,Via di Villa Severini,2,50,11.08,2352.07,2357.61,2363.15,10,19.6,32.9,32.0,14.0,2.03,1.25,10.64,1.74,1487,0.417,11,19,22,32,43,49,51,55
Festivi,GRA,50,13800007053592,Via di Villa Severini,2,50,11.08,2352.07,2357.61,2363.15,11,18.8,29.2,28.0,13.0,2.12,1.42,4.88,1.81,1851,0.5191,10,16,20,28,39,44,46,52
Festivi,GRA,50,13800007053592,Via di Villa Severini,2,50,11.08,2352.07,2357.61,2363.15,12,18.1,28.5,27.0,12.9,2.21,1.48,5.75,1.88,2037,0.5712,9,16,20,27,37,42,46,51
Festivi,GRA,50,13800007053592,Via di Villa Severini,2,50,11.08,2352.07,2357.61,2363.15,13,19.6,30.1,28.0,13.9,2.03,1.42,2.77,1.73,1849,0.5185,9,16,20,28,40,45,49,53
Festivi,GRA,50,13800007053592,Via di Villa Severini,2,50,11.08,2352.07,2357.61,2363.15,14,23.9,36.4,37.0,15.4,1.67,1.08,3.65,1.42,1383,0.3878,11,20,25,37,48,53,56,61
Festivi,GRA,50,13800007053592,Via di Villa Severini,2,50,11.08,2352.07,2357.61,2363.15,15,22.2,33.6,33.0,14.3,1.8,1.21,2.9,1.53,1582,0.4436,10,18,24,33,44,49,52,57
Festivi,GRA,50,13800007053592,Via di Villa Severini,2,50,11.08,2352.07,2357.61,2363.15,16,25.3,35.0,36.0,12.1,1.58,1.11,3.16,1.34,1698,0.4762,14,22,27,36,43,47,50,55
Festivi,GRA,50,13800007053592,Via di Villa Severini,2,50,11.08,2352.07,2357.61,2363.15,17,24.5,31.6,32.0,11.7,1.63,1.25,1.62,1.39,1794,0.5031,12,20,23,32,39,44,47,51
Festivi,GRA,50,13800007053592,Via di Villa Severini,2,50,11.08,2352.07,2357.61,2363.15,18,21.7,30.5,30.0,11.6,1.84,1.33,4.93,1.57,1941,0.5443,12,19,23,30,38,43,46,49
Festivi,GRA,50,13800007053592,Via di Villa Severini,2,50,11.08,2352.07,2357.61,2363.15,19,23.9,32.7,33.0,11.4,1.67,1.21,3.5,1.42,1824,0.5115,13,21,25,33,40,44,46,51
Festivi,GRA,50,13800007053592,Via di Villa Severini,2,50,11.08,2352.07,2357.61,2363.15,20,23.0,33.1,33.0,12.5,1.73,1.21,3.53,1.48,1582,0.4436,13,20,24,33,42,46,48,53
Festivi,GRA,50,13800007053592,Via di Villa Severini,2,50,11.08,2352.07,2357.61,2363.15,21,32.9,42.2,44.0,13.4,1.21,0.91,1.76,1.04,1078,0.3023,16,29,36,44,51,54,58,62
Festivi,GRA,50,13800007053592,Via di Villa Severini,2,50,11.08,2352.07,2357.61,2363.15,22,36.9,43.4,45.0,13.1,1.08,0.89,0.85,0.92,1105,0.3099,20,29,35,45,52,56,59,63
Festivi,GRA,50,13800007053592,Via di Villa Severini,2,50,11.08,2352.07,2357.61,2363.15,23,35.2,43.5,44.0,13.2,1.13,0.91,1.46,0.97,1318,0.3696,20,30,36,44,51,56,59,65
Festivi,GRA,51,13800007274498,Via di Villa Severini,2,50,9.95,2363.15,2368.125,2373.1,0,33.4,39.8,41.0,12.3,1.07,0.87,0.9,1.0,2080,0.5833,18,27,32,41,48,51,54,59
Festivi,GRA,51,13800007274498,Via di Villa Severini,2,50,9.95,2363.15,2368.125,2373.1,1,35.6,43.2,44.0,13.1,1.01,0.81,1.14,0.94,1882,0.5278,20,30,35,44,52,56,59,63
Festivi,GRA,51,13800007274498,Via di Villa Severini,2,50,9.95,2363.15,2368.125,2373.1,2,39.5,47.4,49.0,13.3,0.91,0.73,1.05,0.85,1283,0.3598,24,34,40,49,56,59,62,68
Festivi,GRA,51,13800007274498,Via di Villa Severini,2,50,9.95,2363.15,2368.125,2373.1,3,41.6,49.7,50.0,15.5,0.86,0.72,0.7,0.8,718,0.2013,22,35,41,50,58,64,67,74
Festivi,GRA,51,13800007274498,Via di Villa Severini,2,50,9.95,2363.15,2368.125,2373.1,4,40.2,48.8,50.0,14.8,0.89,0.72,0.89,0.83,805,0.2257,24,35,41,50,58,62,65,70
Festivi,GRA,51,13800007274498,Via di Villa Severini,2,50,9.95,2363.15,2368.125,2373.1,5,44.5,51.7,51.0,15.2,0.81,0.7,0.66,0.75,390,0.1094,26,36,43,51,61,65,70,79
Festivi,GRA,51,13800007274498,Via di Villa Severini,2,50,9.95,2363.15,2368.125,2373.1,6,45.3,51.2,52.0,14.9,0.79,0.69,0.4,0.74,243,0.0681,27,35,43,52,60,64,68,73
Festivi,GRA,51,13800007274498,Via di Villa Severini,2,50,9.95,2363.15,2368.125,2373.1,7,38.6,48.5,50.0,14.6,0.93,0.72,1.37,0.86,420,0.1178,22,33,41,50,57,61,64,70
Festivi,GRA,51,13800007274498,Via di Villa Severini,2,50,9.95,2363.15,2368.125,2373.1,8,28.5,43.3,45.0,16.1,1.26,0.8,4.15,1.17,699,0.196,15,26,31,45,54,59,62,69
Festivi,GRA,51,13800007274498,Via di Villa Severini,2,50,9.95,2363.15,2368.125,2373.1,9,33.0,40.4,40.0,14.1,1.08,0.9,0.87,1.01,1005,0.2818,18,26,31,40,50,55,58,63
Festivi,GRA,51,13800007274498,Via di Villa Severini,2,50,9.95,2363.15,2368.125,2373.1,10,24.0,33.3,32.0,13.4,1.49,1.12,2.34,1.39,1487,0.417,12,20,24,32,43,48,51,55
Festivi,GRA,51,13800007274498,Via di Villa Severini,2,50,9.95,2363.15,2368.125,2373.1,11,18.6,29.7,29.0,12.5,1.93,1.24,5.85,1.8,1846,0.5177,11,17,21,29,38,44,46,52
Festivi,GRA,51,13800007274498,Via di Villa Severini,2,50,9.95,2363.15,2368.125,2373.1,12,19.0,28.9,28.0,12.6,1.89,1.28,3.31,1.76,2035,0.5707,8,17,21,28,37,42,46,51
Festivi,GRA,51,13800007274498,Via di Villa Severini,2,50,9.95,2363.15,2368.125,2373.1,13,17.0,30.6,29.0,13.7,2.11,1.24,6.63,1.96,1847,0.5179,9,17,22,29,40,45,49,53
Festivi,GRA,51,13800007274498,Via di Villa Severini,2,50,9.95,2363.15,2368.125,2373.1,14,24.6,36.4,36.0,15.2,1.46,1.0,2.32,1.36,1385,0.3884,11,20,26,36,48,53,56,61
Festivi,GRA,51,13800007274498,Via di Villa Severini,2,50,9.95,2363.15,2368.125,2373.1,15,22.6,33.7,33.0,14.1,1.59,1.09,2.45,1.48,1583,0.4439,10,19,24,33,44,49,52,56
Festivi,GRA,51,13800007274498,Via di Villa Severini,2,50,9.95,2363.15,2368.125,2373.1,16,26.3,35.3,36.0,11.8,1.36,1.0,2.92,1.27,1699,0.4764,15,23,28,36,43,47,49,55
Festivi,GRA,51,13800007274498,Via di Villa Severini,2,50,9.95,2363.15,2368.125,2373.1,17,22.7,31.9,32.0,11.7,1.58,1.12,2.93,1.47,1794,0.5031,12,20,24,32,39,44,46,51
Festivi,GRA,51,13800007274498,Via di Villa Severini,2,50,9.95,2363.15,2368.125,2373.1,18,23.1,30.9,30.0,11.4,1.55,1.19,2.12,1.45,1935,0.5426,13,20,23,30,39,43,46,49
Festivi,GRA,51,13800007274498,Via di Villa Severini,2,50,9.95,2363.15,2368.125,2373.1,19,24.2,32.9,34.0,11.1,1.48,1.05,2.67,1.38,1823,0.5112,13,22,26,34,40,44,46,51
Festivi,GRA,51,13800007274498,Via di Villa Severini,2,50,9.95,2363.15,2368.125,2373.1,20,22.1,33.3,34.0,12.3,1.62,1.05,3.57,1.51,1574,0.4414,13,21,25,34,42,46,48,52
Festivi,GRA,51,13800007274498,Via di Villa Severini,2,50,9.95,2363.15,2368.125,2373.1,21,29.7,41.8,43.0,13.3,1.21,0.83,2.55,1.12,1078,0.3023,17,29,35,43,50,54,57,61
Festivi,GRA,51,13800007274498,Via di Villa Severini,2,50,9.95,2363.15,2368.125,2373.1,22,35.8,42.9,44.0,13.3,1.0,0.81,0.82,0.93,1105,0.3099,20,29,34,44,52,55,58,62
Festivi,GRA,51,13800007274498,Via di Villa Severini,2,50,9.95,2363.15,2368.125,2373.1,23,34.7,43.0,43.0,13.4,1.03,0.83,1.21,0.96,1316,0.369,20,30,35,43,51,55,59,65
Festivi,GRA,52,13800006656677,Via di Villa Severini,2,50,8.48,2373.1,2377.3399999999997,2381.58,0,31.5,39.3,40.0,12.7,0.97,0.76,1.02,1.0,2082,0.5838,17,26,31,40,47,51,54,58
Festivi,GRA,52,13800006656677,Via di Villa Severini,2,50,8.48,2373.1,2377.3399999999997,2381.58,1,33.7,42.8,44.0,13.3,0.91,0.69,1.29,0.93,1881,0.5275,19,29,35,44,51,56,58,62
Festivi,GRA,52,13800006656677,Via di Villa Severini,2,50,8.48,2373.1,2377.3399999999997,2381.58,2,37.9,47.1,48.0,13.5,0.81,0.64,1.06,0.83,1284,0.3601,24,34,39,48,55,59,62,68
Festivi,GRA,52,13800006656677,Via di Villa Severini,2,50,8.48,2373.1,2377.3399999999997,2381.58,3,39.0,49.2,49.0,15.6,0.78,0.62,0.9,0.81,718,0.2013,23,34,41,49,58,63,67,74
Festivi,GRA,52,13800006656677,Via di Villa Severini,2,50,8.48,2373.1,2377.3399999999997,2381.58,4,36.9,48.1,49.0,14.8,0.83,0.62,1.84,0.85,806,0.226,23,34,39,49,57,62,64,70
Festivi,GRA,52,13800006656677,Via di Villa Severini,2,50,8.48,2373.1,2377.3399999999997,2381.58,5,43.5,51.3,51.0,15.1,0.7,0.6,0.72,0.72,390,0.1094,26,36,43,51,61,65,69,76
Festivi,GRA,52,13800006656677,Via di Villa Severini,2,50,8.48,2373.1,2377.3399999999997,2381.58,6,44.2,50.7,52.0,15.2,0.69,0.59,0.39,0.71,244,0.0684,25,34,42,52,60,64,68,73
Festivi,GRA,52,13800006656677,Via di Villa Severini,2,50,8.48,2373.1,2377.3399999999997,2381.58,7,38.1,48.0,50.0,14.8,0.8,0.61,1.17,0.83,422,0.1183,22,33,40,50,57,60,63,70
Festivi,GRA,52,13800006656677,Via di Villa Severini,2,50,8.48,2373.1,2377.3399999999997,2381.58,8,27.7,43.1,45.0,16.3,1.1,0.68,2.83,1.14,699,0.196,13,26,31,45,53,58,62,70
Festivi,GRA,52,13800006656677,Via di Villa Severini,2,50,8.48,2373.1,2377.3399999999997,2381.58,9,31.3,40.1,40.0,14.4,0.98,0.76,0.94,1.01,1003,0.2813,17,26,30,40,50,55,58,63
Festivi,GRA,52,13800006656677,Via di Villa Severini,2,50,8.48,2373.1,2377.3399999999997,2381.58,10,22.5,33.2,32.0,13.3,1.35,0.95,2.64,1.4,1490,0.4178,12,20,24,32,43,48,51,54
Festivi,GRA,52,13800006656677,Via di Villa Severini,2,50,8.48,2373.1,2377.3399999999997,2381.58,11,18.3,30.0,29.0,12.3,1.67,1.05,4.44,1.72,1846,0.5177,10,17,22,29,38,43,46,51
Festivi,GRA,52,13800006656677,Via di Villa Severini,2,50,8.48,2373.1,2377.3399999999997,2381.58,12,17.0,28.9,28.0,12.7,1.8,1.09,4.02,1.86,2040,0.5721,7,16,21,28,37,42,45,51
Festivi,GRA,52,13800006656677,Via di Villa Severini,2,50,8.48,2373.1,2377.3399999999997,2381.58,13,18.9,31.1,31.0,13.6,1.62,0.98,3.43,1.67,1850,0.5188,9,17,22,31,40,45,49,53
Festivi,GRA,52,13800006656677,Via di Villa Severini,2,50,8.48,2373.1,2377.3399999999997,2381.58,14,21.4,36.4,36.0,15.2,1.43,0.85,3.46,1.47,1386,0.3887,10,20,26,36,47,52,56,60
Festivi,GRA,52,13800006656677,Via di Villa Severini,2,50,8.48,2373.1,2377.3399999999997,2381.58,15,21.2,33.6,33.0,14.1,1.44,0.93,2.6,1.48,1586,0.4448,10,19,24,33,44,49,52,56
Festivi,GRA,52,13800006656677,Via di Villa Severini,2,50,8.48,2373.1,2377.3399999999997,2381.58,16,24.7,35.5,36.0,11.9,1.24,0.85,3.23,1.28,1700,0.4767,15,23,28,36,43,47,49,54
Festivi,GRA,52,13800006656677,Via di Villa Severini,2,50,8.48,2373.1,2377.3399999999997,2381.58,17,22.2,32.2,32.0,11.7,1.37,0.95,3.0,1.42,1795,0.5034,12,21,25,32,40,44,46,51
Festivi,GRA,52,13800006656677,Via di Villa Severini,2,50,8.48,2373.1,2377.3399999999997,2381.58,18,19.3,31.0,31.0,11.7,1.58,0.98,4.03,1.63,1937,0.5432,12,20,24,31,39,43,46,49
Festivi,GRA,52,13800006656677,Via di Villa Severini,2,50,8.48,2373.1,2377.3399999999997,2381.58,19,22.4,32.7,34.0,11.4,1.36,0.9,2.65,1.41,1826,0.5121,13,21,26,34,40,44,46,51
Festivi,GRA,52,13800006656677,Via di Villa Severini,2,50,8.48,2373.1,2377.3399999999997,2381.58,20,21.0,33.4,34.0,12.5,1.46,0.9,3.37,1.5,1575,0.4417,11,21,25,34,42,46,48,52
Festivi,GRA,52,13800006656677,Via di Villa Severini,2,50,8.48,2373.1,2377.3399999999997,2381.58,21,24.9,41.4,42.0,13.2,1.22,0.73,7.92,1.26,1077,0.302,17,28,34,42,50,54,56,61
Festivi,GRA,52,13800006656677,Via di Villa Severini,2,50,8.48,2373.1,2377.3399999999997,2381.58,22,31.7,42.5,44.0,13.6,0.96,0.69,2.49,0.99,1101,0.3087,19,28,34,44,51,55,58,62
Festivi,GRA,52,13800006656677,Via di Villa Severini,2,50,8.48,2373.1,2377.3399999999997,2381.58,23,31.7,42.4,43.0,13.8,0.96,0.71,1.92,0.99,1317,0.3693,17,29,34,43,51,55,58,64
