{"type":"FeatureCollection","features":[{"type":"Feature","geometry":null,"properties":{"jobName":"Via Cristoforo Colombo_MC","creationTime":"2026-02-19T16:40:05.276152379Z","userPreference":{"distanceUnit":"KILOMETERS","includedSpeedLimits":"ALL"},"dateRanges":[{"@id":1,"name":"Cristoforo Colombo_Invernale_Feriale","from":"2026-02-01","to":"2026-02-15","exclusions":[],"excludedDaysOfWeek":["SATURDAY","SUNDAY"]},{"@id":2,"name":"Cristoforo Colombo_Estiva_Feriale","from":"2025-07-15","to":"2025-07-31","exclusions":[],"excludedDaysOfWeek":["SATURDAY","SUNDAY"]},{"@id":3,"name":"Cristoforo Colombo_Estiva_Festivo","from":"2025-07-15","to":"2025-07-31","exclusions":[],"excludedDaysOfWeek":["MONDAY","FRIDAY","THURSDAY","WEDNESDAY","TUESDAY"]},{"@id":4,"name":"Cristoforo Colombo_Invernale_Festiva","from":"2026-02-01","to":"2026-02-15","exclusions":[],"excludedDaysOfWeek":["MONDAY","FRIDAY","THURSDAY","WEDNESDAY","TUESDAY"]}],"timeSets":[{"@id":5,"name":"0:00-1:00","dayToTimeRanges":[{"dayOfWeek":"MONDAY","timeRanges":["00:00-01:00"]},{"dayOfWeek":"TUESDAY","timeRanges":["00:00-01:00"]},{"dayOfWeek":"WEDNESDAY","timeRanges":["00:00-01:00"]},{"dayOfWeek":"THURSDAY","timeRanges":["00:00-01:00"]},{"dayOfWeek":"FRIDAY","timeRanges":["00:00-01:00"]},{"dayOfWeek":"SATURDAY","timeRanges":["00:00-01:00"]},{"dayOfWeek":"SUNDAY","timeRanges":["00:00-01:00"]}]},{"@id":6,"name":"1:00-2:00","dayToTimeRanges":[{"dayOfWeek":"MONDAY","timeRanges":["01:00-02:00"]},{"dayOfWeek":"TUESDAY","timeRanges":["01:00-02:00"]},{"dayOfWeek":"WEDNESDAY","timeRanges":["01:00-02:00"]},{"dayOfWeek":"THURSDAY","timeRanges":["01:00-02:00"]},{"dayOfWeek":"FRIDAY","timeRanges":["01:00-02:00"]},{"dayOfWeek":"SATURDAY","timeRanges":["01:00-02:00"]},{"dayOfWeek":"SUNDAY","timeRanges":["01:00-02:00"]}]},{"@id":7,"name":"2:00-3:00","dayToTimeRanges":[{"dayOfWeek":"MONDAY","timeRanges":["02:00-03:00"]},{"dayOfWeek":"TUESDAY","timeRanges":["02:00-03:00"]},{"dayOfWeek":"WEDNESDAY","timeRanges":["02:00-03:00"]},{"dayOfWeek":"THURSDAY","timeRanges":["02:00-03:00"]},{"dayOfWeek":"FRIDAY","timeRanges":["02:00-03:00"]},{"dayOfWeek":"SATURDAY","timeRanges":["02:00-03:00"]},{"dayOfWeek":"SUNDAY","timeRanges":["02:00-03:00"]}]},{"@id":8,"name":"3:00-4:00","dayToTimeRanges":[{"dayOfWeek":"MONDAY","timeRanges":["03:00-04:00"]},{"dayOfWeek":"TUESDAY","timeRanges":["03:00-04:00"]},{"dayOfWeek":"WEDNESDAY","timeRanges":["03:00-04:00"]},{"dayOfWeek":"THURSDAY","timeRanges":["03:00-04:00"]},{"dayOfWeek":"FRIDAY","timeRanges":["03:00-04:00"]},{"dayOfWeek":"SATURDAY","timeRanges":["03:00-04:00"]},{"dayOfWeek":"SUNDAY","timeRanges":["03:00-04:00"]}]},{"@id":9,"name":"4:00-5:00","dayToTimeRanges":[{"dayOfWeek":"MONDAY","timeRanges":["04:00-05:00"]},{"dayOfWeek":"TUESDAY","timeRanges":["04:00-05:00"]},{"dayOfWeek":"WEDNESDAY","timeRanges":["04:00-05:00"]},{"dayOfWeek":"THURSDAY","timeRanges":["04:00-05:00"]},{"dayOfWeek":"FRIDAY","timeRanges":["04:00-05:00"]},{"dayOfWeek":"SATURDAY","timeRanges":["04:00-05:00"]},{"dayOfWeek":"SUNDAY","timeRanges":["04:00-05:00"]}]},{"@id":10,"name":"5:00-6:00","dayToTimeRanges":[{"dayOfWeek":"MONDAY","timeRanges":["05:00-06:00"]},{"dayOfWeek":"TUESDAY","timeRanges":["05:00-06:00"]},{"dayOfWeek":"WEDNESDAY","timeRanges":["05:00-06:00"]},{"dayOfWeek":"THURSDAY","timeRanges":["05:00-06:00"]},{"dayOfWeek":"FRIDAY","timeRanges":["05:00-06:00"]},{"dayOfWeek":"SATURDAY","timeRanges":["05:00-06:00"]},{"dayOfWeek":"SUNDAY","timeRanges":["05:00-06:00"]}]},{"@id":11,"name":"6:00-7:00","dayToTimeRanges":[{"dayOfWeek":"MONDAY","timeRanges":["06:00-07:00"]},{"dayOfWeek":"TUESDAY","timeRanges":["06:00-07:00"]},{"dayOfWeek":"WEDNESDAY","timeRanges":["06:00-07:00"]},{"dayOfWeek":"THURSDAY","timeRanges":["06:00-07:00"]},{"dayOfWeek":"FRIDAY","timeRanges":["06:00-07:00"]},{"dayOfWeek":"SATURDAY","timeRanges":["06:00-07:00"]},{"dayOfWeek":"SUNDAY","timeRanges":["06:00-07:00"]}]},{"@id":12,"name":"7:00-8:00","dayToTimeRanges":[{"dayOfWeek":"MONDAY","timeRanges":["07:00-08:00"]},{"dayOfWeek":"TUESDAY","timeRanges":["07:00-08:00"]},{"dayOfWeek":"WEDNESDAY","timeRanges":["07:00-08:00"]},{"dayOfWeek":"THURSDAY","timeRanges":["07:00-08:00"]},{"dayOfWeek":"FRIDAY","timeRanges":["07:00-08:00"]},{"dayOfWeek":"SATURDAY","timeRanges":["07:00-08:00"]},{"dayOfWeek":"SUNDAY","timeRanges":["07:00-08:00"]}]},{"@id":13,"name":"8:00-9:00","dayToTimeRanges":[{"dayOfWeek":"MONDAY","timeRanges":["08:00-09:00"]},{"dayOfWeek":"TUESDAY","timeRanges":["08:00-09:00"]},{"dayOfWeek":"WEDNESDAY","timeRanges":["08:00-09:00"]},{"dayOfWeek":"THURSDAY","timeRanges":["08:00-09:00"]},{"dayOfWeek":"FRIDAY","timeRanges":["08:00-09:00"]},{"dayOfWeek":"SATURDAY","timeRanges":["08:00-09:00"]},{"dayOfWeek":"SUNDAY","timeRanges":["08:00-09:00"]}]},{"@id":14,"name":"9:00-10:00","dayToTimeRanges":[{"dayOfWeek":"MONDAY","timeRanges":["09:00-10:00"]},{"dayOfWeek":"TUESDAY","timeRanges":["09:00-10:00"]},{"dayOfWeek":"WEDNESDAY","timeRanges":["09:00-10:00"]},{"dayOfWeek":"THURSDAY","timeRanges":["09:00-10:00"]},{"dayOfWeek":"FRIDAY","timeRanges":["09:00-10:00"]},{"dayOfWeek":"SATURDAY","timeRanges":["09:00-10:00"]},{"dayOfWeek":"SUNDAY","timeRanges":["09:00-10:00"]}]},{"@id":15,"name":"10:00-11:00","dayToTimeRanges":[{"dayOfWeek":"MONDAY","timeRanges":["10:00-11:00"]},{"dayOfWeek":"TUESDAY","timeRanges":["10:00-11:00"]},{"dayOfWeek":"WEDNESDAY","timeRanges":["10:00-11:00"]},{"dayOfWeek":"THURSDAY","timeRanges":["10:00-11:00"]},{"dayOfWeek":"FRIDAY","timeRanges":["10:00-11:00"]},{"dayOfWeek":"SATURDAY","timeRanges":["10:00-11:00"]},{"dayOfWeek":"SUNDAY","timeRanges":["10:00-11:00"]}]},{"@id":16,"name":"11:00-12:00","dayToTimeRanges":[{"dayOfWeek":"MONDAY","timeRanges":["11:00-12:00"]},{"dayOfWeek":"TUESDAY","timeRanges":["11:00-12:00"]},{"dayOfWeek":"WEDNESDAY","timeRanges":["11:00-12:00"]},{"dayOfWeek":"THURSDAY","timeRanges":["11:00-12:00"]},{"dayOfWeek":"FRIDAY","timeRanges":["11:00-12:00"]},{"dayOfWeek":"SATURDAY","timeRanges":["11:00-12:00"]},{"dayOfWeek":"SUNDAY","timeRanges":["11:00-12:00"]}]},{"@id":17,"name":"12:00-13:00","dayToTimeRanges":[{"dayOfWeek":"MONDAY","timeRanges":["12:00-13:00"]},{"dayOfWeek":"TUESDAY","timeRanges":["12:00-13:00"]},{"dayOfWeek":"WEDNESDAY","timeRanges":["12:00-13:00"]},{"dayOfWeek":"THURSDAY","timeRanges":["12:00-13:00"]},{"dayOfWeek":"FRIDAY","timeRanges":["12:00-13:00"]},{"dayOfWeek":"SATURDAY","timeRanges":["12:00-13:00"]},{"dayOfWeek":"SUNDAY","timeRanges":["12:00-13:00"]}]},{"@id":18,"name":"13:00-14:00","dayToTimeRanges":[{"dayOfWeek":"MONDAY","timeRanges":["13:00-14:00"]},{"dayOfWeek":"TUESDAY","timeRanges":["13:00-14:00"]},{"dayOfWeek":"WEDNESDAY","timeRanges":["13:00-14:00"]},{"dayOfWeek":"THURSDAY","timeRanges":["13:00-14:00"]},{"dayOfWeek":"FRIDAY","timeRanges":["13:00-14:00"]},{"dayOfWeek":"SATURDAY","timeRanges":["13:00-14:00"]},{"dayOfWeek":"SUNDAY","timeRanges":["13:00-14:00"]}]},{"@id":19,"name":"14:00-15:00","dayToTimeRanges":[{"dayOfWeek":"MONDAY","timeRanges":["14:00-15:00"]},{"dayOfWeek":"TUESDAY","timeRanges":["14:00-15:00"]},{"dayOfWeek":"WEDNESDAY","timeRanges":["14:00-15:00"]},{"dayOfWeek":"THURSDAY","timeRanges":["14:00-15:00"]},{"dayOfWeek":"FRIDAY","timeRanges":["14:00-15:00"]},{"dayOfWeek":"SATURDAY","timeRanges":["14:00-15:00"]},{"dayOfWeek":"SUNDAY","timeRanges":["14:00-15:00"]}]},{"@id":20,"name":"15:00-16:00","dayToTimeRanges":[{"dayOfWeek":"MONDAY","timeRanges":["15:00-16:00"]},{"dayOfWeek":"TUESDAY","timeRanges":["15:00-16:00"]},{"dayOfWeek":"WEDNESDAY","timeRanges":["15:00-16:00"]},{"dayOfWeek":"THURSDAY","timeRanges":["15:00-16:00"]},{"dayOfWeek":"FRIDAY","timeRanges":["15:00-16:00"]},{"dayOfWeek":"SATURDAY","timeRanges":["15:00-16:00"]},{"dayOfWeek":"SUNDAY","timeRanges":["15:00-16:00"]}]},{"@id":21,"name":"16:00-17:00","dayToTimeRanges":[{"dayOfWeek":"MONDAY","timeRanges":["16:00-17:00"]},{"dayOfWeek":"TUESDAY","timeRanges":["16:00-17:00"]},{"dayOfWeek":"WEDNESDAY","timeRanges":["16:00-17:00"]},{"dayOfWeek":"THURSDAY","timeRanges":["16:00-17:00"]},{"dayOfWeek":"FRIDAY","timeRanges":["16:00-17:00"]},{"dayOfWeek":"SATURDAY","timeRanges":["16:00-17:00"]},{"dayOfWeek":"SUNDAY","timeRanges":["16:00-17:00"]}]},{"@id":22,"name":"17:00-18:00","dayToTimeRanges":[{"dayOfWeek":"MONDAY","timeRanges":["17:00-18:00"]},{"dayOfWeek":"TUESDAY","timeRanges":["17:00-18:00"]},{"dayOfWeek":"WEDNESDAY","timeRanges":["17:00-18:00"]},{"dayOfWeek":"THURSDAY","timeRanges":["17:00-18:00"]},{"dayOfWeek":"FRIDAY","timeRanges":["17:00-18:00"]},{"dayOfWeek":"SATURDAY","timeRanges":["17:00-18:00"]},{"dayOfWeek":"SUNDAY","timeRanges":["17:00-18:00"]}]},{"@id":23,"name":"18:00-19:00","dayToTimeRanges":[{"dayOfWeek":"MONDAY","timeRanges":["18:00-19:00"]},{"dayOfWeek":"TUESDAY","timeRanges":["18:00-19:00"]},{"dayOfWeek":"WEDNESDAY","timeRanges":["18:00-19:00"]},{"dayOfWeek":"THURSDAY","timeRanges":["18:00-19:00"]},{"dayOfWeek":"FRIDAY","timeRanges":["18:00-19:00"]},{"dayOfWeek":"SATURDAY","timeRanges":["18:00-19:00"]},{"dayOfWeek":"SUNDAY","timeRanges":["18:00-19:00"]}]},{"@id":24,"name":"19:00-20:00","dayToTimeRanges":[{"dayOfWeek":"MONDAY","timeRanges":["19:00-20:00"]},{"dayOfWeek":"TUESDAY","timeRanges":["19:00-20:00"]},{"dayOfWeek":"WEDNESDAY","timeRanges":["19:00-20:00"]},{"dayOfWeek":"THURSDAY","timeRanges":["19:00-20:00"]},{"dayOfWeek":"FRIDAY","timeRanges":["19:00-20:00"]},{"dayOfWeek":"SATURDAY","timeRanges":["19:00-20:00"]},{"dayOfWeek":"SUNDAY","timeRanges":["19:00-20:00"]}]},{"@id":25,"name":"20:00-21:00","dayToTimeRanges":[{"dayOfWeek":"MONDAY","timeRanges":["20:00-21:00"]},{"dayOfWeek":"TUESDAY","timeRanges":["20:00-21:00"]},{"dayOfWeek":"WEDNESDAY","timeRanges":["20:00-21:00"]},{"dayOfWeek":"THURSDAY","timeRanges":["20:00-21:00"]},{"dayOfWeek":"FRIDAY","timeRanges":["20:00-21:00"]},{"dayOfWeek":"SATURDAY","timeRanges":["20:00-21:00"]},{"dayOfWeek":"SUNDAY","timeRanges":["20:00-21:00"]}]},{"@id":26,"name":"21:00-22:00","dayToTimeRanges":[{"dayOfWeek":"MONDAY","timeRanges":["21:00-22:00"]},{"dayOfWeek":"TUESDAY","timeRanges":["21:00-22:00"]},{"dayOfWeek":"WEDNESDAY","timeRanges":["21:00-22:00"]},{"dayOfWeek":"THURSDAY","timeRanges":["21:00-22:00"]},{"dayOfWeek":"FRIDAY","timeRanges":["21:00-22:00"]},{"dayOfWeek":"SATURDAY","timeRanges":["21:00-22:00"]},{"dayOfWeek":"SUNDAY","timeRanges":["21:00-22:00"]}]},{"@id":27,"name":"22:00-23:00","dayToTimeRanges":[{"dayOfWeek":"MONDAY","timeRanges":["22:00-23:00"]},{"dayOfWeek":"TUESDAY","timeRanges":["22:00-23:00"]},{"dayOfWeek":"WEDNESDAY","timeRanges":["22:00-23:00"]},{"dayOfWeek":"THURSDAY","timeRanges":["22:00-23:00"]},{"dayOfWeek":"FRIDAY","timeRanges":["22:00-23:00"]},{"dayOfWeek":"SATURDAY","timeRanges":["22:00-23:00"]},{"dayOfWeek":"SUNDAY","timeRanges":["22:00-23:00"]}]},{"@id":28,"name":"23:00-24:00","dayToTimeRanges":[{"dayOfWeek":"MONDAY","timeRanges":["23:00-24:00"]},{"dayOfWeek":"TUESDAY","timeRanges":["23:00-24:00"]},{"dayOfWeek":"WEDNESDAY","timeRanges":["23:00-24:00"]},{"dayOfWeek":"THURSDAY","timeRanges":["23:00-24:00"]},{"dayOfWeek":"FRIDAY","timeRanges":["23:00-24:00"]},{"dayOfWeek":"SATURDAY","timeRanges":["23:00-24:00"]},{"dayOfWeek":"SUNDAY","timeRanges":["23:00-24:00"]}]}],"routeName":"Laterale_Dir. Centro_Svincolo Via di Malafede","zoneId":"Europe/Rome","probeSource":"ALL","fullTraversal":false,"mapsVersions":["SouthWestEurope_eur2024.12.000-22.343-0 DSEG_NOSPLIT"],"summaries":[{"dateRange":1,"timeSet":5,"distance":231.84,"coveredDistance":231.84,"averageSampleSize":27.5,"harmonicAverageSpeed":13.86,"averageTravelTime":60.23,"medianTravelTime":22.54,"averageTravelTimeRatio":1.0,"planningTimeIndex":3.22,"travelTimePercentiles":[12.54,14.55,14.79,15.64,16.91,17.91,18.08,19.21,21.03,22.54,29.23,50.3,65.41,70.3,75.8,108.36,112.33,159.68,193.79],"speedPercentiles":[4.31,5.23,7.43,7.7,11.01,11.87,12.76,16.59,28.56,37.02,39.68,43.46,46.17,46.6,49.36,53.38,56.42,57.35,66.56]},{"dateRange":1,"timeSet":6,"distance":231.84,"coveredDistance":231.84,"averageSampleSize":16.25,"harmonicAverageSpeed":9.81,"averageTravelTime":85.07,"medianTravelTime":91.16,"averageTravelTimeRatio":1.41,"planningTimeIndex":2.95,"travelTimePercentiles":[16.56,17.04,17.09,22.68,29.29,29.3,30.02,70.71,70.83,91.16,110.21,110.36,113.85,125.86,126.04,133.9,164.71,165.2,177.43],"speedPercentiles":[4.7,5.05,5.07,6.23,6.62,6.63,7.33,7.56,7.57,9.16,11.78,11.8,27.8,28.49,28.5,36.8,48.83,48.98,50.4]},{"dateRange":1,"timeSet":7,"distance":231.84,"coveredDistance":231.84,"averageSampleSize":3.0,"harmonicAverageSpeed":11.97,"averageTravelTime":69.72,"medianTravelTime":113.52,"averageTravelTimeRatio":1.16,"planningTimeIndex":1.89,"travelTimePercentiles":[25.75,25.75,25.75,25.87,25.87,25.87,25.9,25.9,25.9,113.52,113.52,113.52,113.52,113.59,113.59,113.59,113.66,113.66,113.66],"speedPercentiles":[7.34,7.34,7.34,7.35,7.35,7.35,7.35,7.35,7.35,7.35,32.22,32.22,32.22,32.26,32.26,32.26,32.42,32.42,32.42]},{"dateRange":1,"timeSet":8,"distance":231.84,"coveredDistance":5.76,"averageSampleSize":1.0,"harmonicAverageSpeed":46.87,"averageTravelTime":0.44,"medianTravelTime":0.51,"averageTravelTimeRatio":0.01,"planningTimeIndex":0.01,"travelTimePercentiles":[0.33,0.33,0.33,0.33,0.38,0.38,0.38,0.38,0.38,0.51,0.51,0.51,0.51,0.51,0.55,0.55,0.55,0.55,0.55],"speedPercentiles":[38.0,38.0,38.0,38.0,38.0,40.3,40.3,40.3,40.3,40.3,54.7,54.7,54.7,54.7,54.7,62.8,62.8,62.8,62.8]},{"dateRange":1,"timeSet":9,"distance":231.84,"coveredDistance":231.84,"averageSampleSize":1.5,"harmonicAverageSpeed":37.55,"averageTravelTime":22.23,"medianTravelTime":22.76,"averageTravelTimeRatio":0.37,"planningTimeIndex":0.38,"travelTimePercentiles":[21.69,21.69,21.69,21.69,21.69,21.69,21.69,21.69,21.69,22.76,22.76,22.76,22.76,22.76,22.76,22.76,22.76,22.76,22.76],"speedPercentiles":[36.66,36.66,36.66,36.66,36.66,36.66,36.66,36.66,36.66,36.66,38.48,38.48,38.48,38.48,38.48,38.48,38.48,38.48,38.48]},{"dateRange":1,"timeSet":10,"distance":231.84,"coveredDistance":231.84,"averageSampleSize":26.25,"harmonicAverageSpeed":12.58,"averageTravelTime":66.34,"medianTravelTime":63.75,"averageTravelTimeRatio":1.1,"planningTimeIndex":3.08,"travelTimePercentiles":[17.26,18.3,19.98,20.61,25.03,32.08,32.16,35.74,59.78,63.75,64.32,66.98,68.15,70.98,75.54,106.74,108.07,161.82,185.22],"speedPercentiles":[4.51,5.16,7.72,7.82,11.05,11.76,12.25,12.46,12.98,13.09,13.96,23.35,25.95,26.02,33.34,40.5,41.77,45.62,48.34]},{"dateRange":1,"timeSet":11,"distance":231.84,"coveredDistance":231.84,"averageSampleSize":118.5,"harmonicAverageSpeed":13.55,"averageTravelTime":61.6,"medianTravelTime":41.66,"averageTravelTimeRatio":1.02,"planningTimeIndex":3.44,"travelTimePercentiles":[14.84,15.53,16.76,17.55,19.32,20.1,21.62,26.19,36.14,41.66,43.43,45.86,69.83,75.31,80.05,95.43,97.43,119.55,207.46],"speedPercentiles":[4.02,6.98,8.57,8.75,10.43,11.08,11.95,18.2,19.22,20.03,23.09,31.87,38.6,41.52,43.19,47.56,49.8,53.76,56.24]},{"dateRange":1,"timeSet":12,"distance":231.84,"coveredDistance":231.84,"averageSampleSize":278.0,"harmonicAverageSpeed":10.43,"averageTravelTime":79.99,"medianTravelTime":55.93,"averageTravelTimeRatio":1.33,"planningTimeIndex":3.97,"travelTimePercentiles":[13.48,16.01,16.94,21.4,23.58,33.58,39.51,48.61,54.15,55.93,59.73,68.68,83.8,86.29,92.91,100.54,124.69,215.21,239.14],"speedPercentiles":[3.49,3.88,6.69,8.3,8.98,9.67,9.96,12.15,13.97,14.92,15.41,17.17,21.12,24.86,35.4,38.99,49.27,52.13,61.92]},{"dateRange":1,"timeSet":13,"distance":231.84,"coveredDistance":231.84,"averageSampleSize":294.0,"harmonicAverageSpeed":7.12,"averageTravelTime":117.16,"medianTravelTime":93.74,"averageTravelTimeRatio":1.95,"planningTimeIndex":6.23,"travelTimePercentiles":[11.36,13.92,16.18,18.1,19.99,26.88,37.73,63.83,75.81,93.74,105.72,110.63,130.28,143.21,166.48,179.27,206.18,242.96,375.47],"speedPercentiles":[2.22,3.44,4.05,4.66,5.01,5.83,6.41,7.54,7.89,8.9,11.01,13.08,22.12,31.05,41.76,46.1,51.57,59.97,73.44]},{"dateRange":1,"timeSet":14,"distance":231.84,"coveredDistance":231.84,"averageSampleSize":234.0,"harmonicAverageSpeed":13.47,"averageTravelTime":61.98,"medianTravelTime":34.48,"averageTravelTimeRatio":1.03,"planningTimeIndex":2.83,"travelTimePercentiles":[12.58,14.21,16.18,17.84,18.78,19.6,21.48,22.45,24.88,34.48,42.03,46.74,52.65,59.26,65.91,99.83,126.53,141.1,170.17],"speedPercentiles":[4.9,5.92,6.6,8.36,12.66,14.08,15.85,17.86,19.86,24.2,33.55,37.18,38.86,42.59,44.44,46.78,51.57,58.72,66.37]},{"dateRange":1,"timeSet":15,"distance":231.84,"coveredDistance":231.84,"averageSampleSize":182.75,"harmonicAverageSpeed":13.07,"averageTravelTime":63.86,"medianTravelTime":52.0,"averageTravelTimeRatio":1.06,"planningTimeIndex":2.73,"travelTimePercentiles":[14.13,16.76,17.66,18.45,21.6,25.35,31.41,38.37,42.85,52.0,57.38,62.43,70.47,76.34,82.49,100.0,118.3,139.38,164.16],"speedPercentiles":[5.08,5.99,7.06,8.35,10.12,10.93,11.84,13.37,14.55,16.05,19.48,21.75,26.57,32.92,38.65,45.22,47.27,49.79,59.06]},{"dateRange":1,"timeSet":16,"distance":231.84,"coveredDistance":231.84,"averageSampleSize":151.5,"harmonicAverageSpeed":12.33,"averageTravelTime":67.7,"medianTravelTime":51.88,"averageTravelTimeRatio":1.12,"planningTimeIndex":2.73,"travelTimePercentiles":[13.94,15.25,16.63,18.57,19.48,26.54,30.29,35.36,42.81,51.88,62.66,70.8,81.51,91.66,107.73,118.29,131.12,139.86,164.15],"speedPercentiles":[5.08,5.97,6.37,7.06,7.75,9.11,10.24,11.79,13.32,16.09,19.5,23.6,27.56,31.44,42.84,44.95,50.18,54.74,59.88]},{"dateRange":1,"timeSet":17,"distance":231.84,"coveredDistance":231.84,"averageSampleSize":155.0,"harmonicAverageSpeed":11.86,"averageTravelTime":70.39,"medianTravelTime":53.14,"averageTravelTimeRatio":1.17,"planningTimeIndex":2.93,"travelTimePercentiles":[14.11,16.19,18.24,19.78,20.85,26.29,30.29,38.87,49.73,53.14,64.44,69.71,83.42,92.78,114.23,122.03,133.77,152.27,176.52],"speedPercentiles":[4.73,5.48,6.24,6.84,7.31,9.0,10.01,11.97,12.95,15.7,16.78,21.47,27.56,31.74,40.04,42.19,45.77,51.55,59.17]},{"dateRange":1,"timeSet":18,"distance":231.84,"coveredDistance":231.84,"averageSampleSize":168.0,"harmonicAverageSpeed":11.97,"averageTravelTime":69.75,"medianTravelTime":48.07,"averageTravelTimeRatio":1.16,"planningTimeIndex":2.97,"travelTimePercentiles":[13.25,16.04,19.98,22.18,23.84,25.69,30.22,33.43,40.68,48.07,60.38,69.6,78.98,93.86,106.01,112.65,138.31,153.7,178.89],"speedPercentiles":[4.67,5.43,6.03,7.41,7.87,8.89,10.57,11.99,13.82,17.36,20.52,24.96,27.62,32.49,35.01,37.63,41.78,52.04,63.0]},{"dateRange":1,"timeSet":19,"distance":231.84,"coveredDistance":231.84,"averageSampleSize":168.5,"harmonicAverageSpeed":12.47,"averageTravelTime":66.91,"medianTravelTime":55.68,"averageTravelTimeRatio":1.11,"planningTimeIndex":2.96,"travelTimePercentiles":[12.88,15.86,18.45,21.37,22.51,25.37,35.07,45.52,51.67,55.68,62.41,66.85,76.83,91.76,103.49,108.28,113.73,125.97,178.5],"speedPercentiles":[4.68,6.63,7.34,7.71,8.06,9.1,10.86,12.49,13.37,14.99,16.15,18.33,23.8,32.9,37.09,39.05,45.24,52.62,64.8]},{"dateRange":1,"timeSet":20,"distance":231.84,"coveredDistance":231.84,"averageSampleSize":150.25,"harmonicAverageSpeed":10.24,"averageTravelTime":81.5,"medianTravelTime":82.5,"averageTravelTimeRatio":1.35,"planningTimeIndex":3.16,"travelTimePercentiles":[14.53,17.47,19.48,26.64,33.33,37.77,49.51,55.39,74.37,82.5,86.34,89.68,94.43,99.81,109.11,122.14,139.06,148.49,190.52],"speedPercentiles":[4.38,5.62,6.0,6.83,7.65,8.36,8.84,9.31,9.67,10.12,11.22,15.07,16.86,22.1,25.04,31.33,42.84,47.78,57.43]},{"dateRange":1,"timeSet":21,"distance":231.84,"coveredDistance":231.84,"averageSampleSize":197.25,"harmonicAverageSpeed":8.79,"averageTravelTime":94.93,"medianTravelTime":78.43,"averageTravelTimeRatio":1.58,"planningTimeIndex":4.15,"travelTimePercentiles":[15.96,20.18,23.77,27.48,33.79,38.46,51.87,61.02,71.73,78.43,88.69,99.25,106.41,113.28,123.1,140.22,154.53,205.37,249.7],"speedPercentiles":[3.34,4.06,5.4,5.95,6.78,7.37,7.84,8.41,9.41,10.64,11.64,13.68,16.09,21.7,24.7,30.38,35.11,41.36,52.31]},{"dateRange":1,"timeSet":22,"distance":231.84,"coveredDistance":231.84,"averageSampleSize":192.25,"harmonicAverageSpeed":9.01,"averageTravelTime":92.68,"medianTravelTime":81.9,"averageTravelTimeRatio":1.54,"planningTimeIndex":3.31,"travelTimePercentiles":[15.96,21.79,26.74,29.96,40.37,45.64,56.58,62.11,72.49,81.9,89.69,104.87,113.08,126.72,136.61,151.31,159.04,176.91,199.23],"speedPercentiles":[4.19,4.72,5.25,5.52,6.11,6.59,7.38,7.96,9.31,10.19,11.51,13.44,14.75,18.29,20.68,27.86,31.21,38.3,52.3]},{"dateRange":1,"timeSet":23,"distance":231.84,"coveredDistance":231.84,"averageSampleSize":216.25,"harmonicAverageSpeed":8.81,"averageTravelTime":94.7,"medianTravelTime":63.14,"averageTravelTimeRatio":1.57,"planningTimeIndex":4.63,"travelTimePercentiles":[19.76,24.82,27.42,30.34,37.44,42.31,49.95,54.03,57.22,63.14,72.42,86.13,101.24,107.21,125.37,137.75,153.69,177.06,279.13],"speedPercentiles":[2.99,4.71,5.43,6.06,6.66,7.78,8.24,9.69,11.52,13.22,14.59,15.45,16.71,19.73,22.29,27.51,30.44,33.62,42.24]},{"dateRange":1,"timeSet":24,"distance":231.84,"coveredDistance":231.84,"averageSampleSize":248.25,"harmonicAverageSpeed":8.94,"averageTravelTime":93.32,"medianTravelTime":74.73,"averageTravelTimeRatio":1.55,"planningTimeIndex":3.72,"travelTimePercentiles":[17.31,21.84,25.44,28.58,33.76,43.37,45.87,55.61,64.74,74.73,86.7,98.01,114.67,131.04,139.01,142.23,155.65,170.44,224.24],"speedPercentiles":[3.72,4.9,5.36,5.87,6.0,6.37,7.28,8.52,9.63,11.17,12.89,15.01,18.2,19.24,24.73,29.2,32.81,38.22,48.22]},{"dateRange":1,"timeSet":25,"distance":231.84,"coveredDistance":231.84,"averageSampleSize":158.75,"harmonicAverageSpeed":11.9,"averageTravelTime":70.12,"medianTravelTime":59.45,"averageTravelTimeRatio":1.16,"planningTimeIndex":2.93,"travelTimePercentiles":[14.14,16.66,20.01,20.97,23.17,25.18,29.13,36.93,49.42,59.45,64.46,71.66,80.01,95.16,109.28,120.15,133.77,145.5,176.35],"speedPercentiles":[4.73,5.74,6.24,6.95,7.64,8.77,10.43,11.65,12.95,14.04,16.89,22.6,28.65,33.15,36.02,39.8,41.71,50.1,59.02]},{"dateRange":1,"timeSet":26,"distance":231.84,"coveredDistance":231.84,"averageSampleSize":100.0,"harmonicAverageSpeed":13.4,"averageTravelTime":62.27,"medianTravelTime":40.58,"averageTravelTimeRatio":1.03,"planningTimeIndex":2.64,"travelTimePercentiles":[12.76,14.95,15.67,17.7,19.2,21.85,30.15,33.58,37.31,40.58,48.12,55.12,61.09,87.35,107.53,114.75,127.71,133.93,158.9],"speedPercentiles":[5.25,6.23,6.54,7.27,7.76,9.55,13.66,15.14,17.34,20.57,22.37,24.85,27.68,38.19,43.47,47.16,53.25,55.84,65.42]},{"dateRange":1,"timeSet":27,"distance":231.84,"coveredDistance":231.84,"averageSampleSize":103.75,"harmonicAverageSpeed":11.88,"averageTravelTime":70.26,"medianTravelTime":50.85,"averageTravelTimeRatio":1.17,"planningTimeIndex":2.86,"travelTimePercentiles":[15.65,16.99,19.03,22.22,23.78,31.78,33.96,39.42,47.19,50.85,59.16,71.64,79.21,107.47,117.93,124.15,134.13,138.84,172.55],"speedPercentiles":[4.84,6.01,6.22,6.72,7.08,7.77,10.54,11.65,14.11,16.41,17.69,21.17,24.58,26.26,35.1,37.57,43.85,49.12,53.33]},{"dateRange":1,"timeSet":28,"distance":231.84,"coveredDistance":231.84,"averageSampleSize":50.0,"harmonicAverageSpeed":11.72,"averageTravelTime":71.19,"medianTravelTime":82.92,"averageTravelTimeRatio":1.18,"planningTimeIndex":2.43,"travelTimePercentiles":[15.06,16.73,20.91,27.91,30.07,32.94,42.28,58.24,61.55,82.92,88.88,93.45,94.78,94.86,96.29,107.65,110.51,130.44,146.55],"speedPercentiles":[5.7,6.4,7.55,7.75,8.67,8.8,8.81,8.93,9.39,10.07,13.56,14.33,19.74,25.34,27.76,29.9,39.92,49.88,55.43]},{"dateRange":2,"timeSet":5,"distance":231.84,"coveredDistance":231.84,"averageSampleSize":82.75,"harmonicAverageSpeed":15.04,"averageTravelTime":55.5,"medianTravelTime":52.6,"averageTravelTimeRatio":1.0,"planningTimeIndex":2.29,"travelTimePercentiles":[13.4,16.0,16.61,17.03,18.15,19.6,22.36,28.23,33.59,52.6,56.36,60.81,72.07,76.53,87.37,95.26,100.89,110.85,127.17],"speedPercentiles":[6.56,7.53,8.27,8.76,9.55,10.91,11.58,13.73,14.81,15.87,24.84,29.56,37.33,42.59,45.99,49.01,50.26,52.16,62.3]},{"dateRange":2,"timeSet":6,"distance":231.84,"coveredDistance":231.84,"averageSampleSize":49.5,"harmonicAverageSpeed":15.48,"averageTravelTime":53.91,"medianTravelTime":29.16,"averageTravelTimeRatio":0.97,"planningTimeIndex":2.42,"travelTimePercentiles":[12.79,13.53,14.7,16.92,17.56,17.66,18.09,20.38,23.32,29.16,43.99,56.36,66.0,76.66,93.83,100.4,106.23,116.92,134.52],"speedPercentiles":[6.2,7.14,7.86,8.31,8.89,10.89,12.65,14.81,18.97,28.62,35.79,40.95,46.13,47.25,47.53,49.34,56.77,61.7,65.26]},{"dateRange":2,"timeSet":7,"distance":231.84,"coveredDistance":231.84,"averageSampleSize":27.5,"harmonicAverageSpeed":15.94,"averageTravelTime":52.37,"medianTravelTime":46.51,"averageTravelTimeRatio":0.94,"planningTimeIndex":2.07,"travelTimePercentiles":[16.94,17.5,17.74,17.85,19.52,20.84,28.14,39.72,39.78,46.51,60.69,60.75,60.82,66.33,77.12,78.08,86.54,104.45,114.98],"speedPercentiles":[7.26,7.99,9.64,10.69,10.82,12.58,13.72,13.74,13.75,17.94,20.98,21.01,29.66,40.05,42.75,46.75,47.04,47.69,49.27]},{"dateRange":2,"timeSet":8,"distance":231.84,"coveredDistance":231.84,"averageSampleSize":7.0,"harmonicAverageSpeed":25.82,"averageTravelTime":32.32,"medianTravelTime":27.11,"averageTravelTimeRatio":0.58,"planningTimeIndex":1.36,"travelTimePercentiles":[10.65,10.67,10.68,14.53,15.38,15.43,15.45,26.91,26.91,27.11,27.13,34.56,34.56,34.6,36.18,72.98,72.98,72.98,75.23],"speedPercentiles":[11.09,11.44,11.44,11.44,23.07,24.12,24.15,24.15,30.77,30.78,31.02,31.02,54.03,54.1,54.26,57.46,78.11,78.21,78.34]},{"dateRange":2,"timeSet":9,"distance":231.84,"coveredDistance":231.84,"averageSampleSize":7.0,"harmonicAverageSpeed":22.77,"averageTravelTime":36.66,"medianTravelTime":48.37,"averageTravelTimeRatio":0.66,"planningTimeIndex":0.88,"travelTimePercentiles":[24.14,24.21,24.23,24.24,24.29,24.33,24.33,24.35,24.36,48.37,48.37,48.4,48.42,48.42,48.55,48.55,48.58,48.64,48.67],"speedPercentiles":[17.15,17.16,17.18,17.19,17.19,17.24,17.24,17.24,17.26,17.26,34.26,34.27,34.3,34.3,34.36,34.43,34.45,34.47,34.57]},{"dateRange":2,"timeSet":10,"distance":231.84,"coveredDistance":231.84,"averageSampleSize":34.5,"harmonicAverageSpeed":13.97,"averageTravelTime":59.73,"medianTravelTime":35.11,"averageTravelTimeRatio":1.08,"planningTimeIndex":2.92,"travelTimePercentiles":[12.46,15.22,16.44,17.49,19.46,19.92,21.19,27.34,32.21,35.11,38.41,46.92,61.1,90.41,114.26,119.81,130.74,153.03,161.88],"speedPercentiles":[5.16,5.45,6.38,6.97,7.3,9.23,13.66,17.79,21.73,23.77,25.91,30.53,39.39,41.91,42.9,47.72,50.77,54.85,66.96]},{"dateRange":2,"timeSet":11,"distance":231.84,"coveredDistance":231.84,"averageSampleSize":83.5,"harmonicAverageSpeed":14.29,"averageTravelTime":58.39,"medianTravelTime":46.72,"averageTravelTimeRatio":1.05,"planningTimeIndex":2.74,"travelTimePercentiles":[14.7,17.28,24.0,27.79,27.98,29.02,34.87,38.09,38.12,46.72,49.76,56.91,61.37,73.07,75.48,78.8,98.87,133.11,151.86],"speedPercentiles":[5.5,6.27,8.44,10.59,11.06,11.42,13.6,14.67,16.77,17.86,21.9,21.91,23.93,28.76,29.83,30.03,34.78,48.3,56.78]},{"dateRange":2,"timeSet":12,"distance":231.84,"coveredDistance":231.84,"averageSampleSize":175.75,"harmonicAverageSpeed":10.81,"averageTravelTime":77.21,"medianTravelTime":56.73,"averageTravelTimeRatio":1.39,"planningTimeIndex":3.7,"travelTimePercentiles":[19.28,24.22,30.96,33.42,34.78,36.35,39.89,41.95,42.1,56.73,74.46,76.94,88.63,100.68,109.79,122.58,129.26,150.97,205.22],"speedPercentiles":[4.07,5.53,6.46,6.81,7.6,8.29,9.42,10.85,11.21,14.71,19.83,19.89,20.92,22.96,24.0,24.97,26.96,34.46,43.29]},{"dateRange":2,"timeSet":13,"distance":231.84,"coveredDistance":231.84,"averageSampleSize":251.75,"harmonicAverageSpeed":10.24,"averageTravelTime":81.48,"medianTravelTime":73.76,"averageTravelTimeRatio":1.47,"planningTimeIndex":3.85,"travelTimePercentiles":[15.48,17.85,21.69,24.49,26.07,29.43,46.68,56.51,66.13,73.76,81.93,92.95,107.76,116.34,120.37,126.53,130.0,148.77,213.41],"speedPercentiles":[3.91,5.61,6.42,6.6,6.93,7.17,7.75,8.98,10.19,11.32,12.62,14.77,17.88,28.36,32.02,34.07,38.49,46.76,53.92]},{"dateRange":2,"timeSet":14,"distance":231.84,"coveredDistance":231.84,"averageSampleSize":220.75,"harmonicAverageSpeed":11.39,"averageTravelTime":73.29,"medianTravelTime":52.74,"averageTravelTimeRatio":1.32,"planningTimeIndex":3.19,"travelTimePercentiles":[14.78,16.54,17.3,18.32,21.1,28.04,30.07,37.96,46.49,52.74,65.99,77.39,82.63,90.76,100.7,122.15,144.71,158.78,176.95],"speedPercentiles":[4.72,5.26,5.77,6.83,8.29,9.2,10.1,10.78,12.65,15.82,17.95,21.99,27.76,29.77,39.55,45.56,48.24,50.48,56.48]},{"dateRange":2,"timeSet":15,"distance":231.84,"coveredDistance":231.84,"averageSampleSize":185.5,"harmonicAverageSpeed":10.73,"averageTravelTime":77.82,"medianTravelTime":61.01,"averageTravelTimeRatio":1.4,"planningTimeIndex":3.24,"travelTimePercentiles":[16.69,19.9,25.45,28.86,33.35,37.9,46.53,49.46,56.55,61.01,66.35,78.52,83.81,91.08,102.47,118.26,130.83,151.8,179.67],"speedPercentiles":[4.65,5.5,6.38,7.06,8.15,9.16,9.96,10.63,12.58,13.68,14.76,16.87,17.94,22.02,25.02,28.92,32.8,41.94,50.01]},{"dateRange":2,"timeSet":16,"distance":231.84,"coveredDistance":231.84,"averageSampleSize":166.0,"harmonicAverageSpeed":12.4,"averageTravelTime":67.28,"medianTravelTime":56.66,"averageTravelTimeRatio":1.21,"planningTimeIndex":2.59,"travelTimePercentiles":[16.15,17.87,20.54,24.85,27.17,30.02,34.86,39.83,46.67,56.66,66.2,82.59,84.55,96.55,100.83,103.95,115.41,127.45,143.82],"speedPercentiles":[5.8,6.55,7.23,8.03,8.28,8.64,9.87,10.11,12.61,14.73,17.89,20.95,23.94,27.8,30.72,33.59,40.64,46.7,51.69]},{"dateRange":2,"timeSet":17,"distance":231.84,"coveredDistance":231.84,"averageSampleSize":168.5,"harmonicAverageSpeed":10.81,"averageTravelTime":77.19,"medianTravelTime":65.99,"averageTravelTimeRatio":1.39,"planningTimeIndex":3.04,"travelTimePercentiles":[15.93,18.02,21.82,25.55,28.99,33.45,38.01,49.37,56.43,65.99,81.39,91.31,97.48,104.44,117.87,130.64,135.75,154.94,168.81],"speedPercentiles":[4.94,5.39,6.15,6.39,7.08,7.99,8.56,9.14,10.25,12.65,14.79,16.91,21.96,24.95,28.79,32.67,38.24,46.31,52.38]},{"dateRange":2,"timeSet":18,"distance":231.84,"coveredDistance":231.84,"averageSampleSize":155.75,"harmonicAverageSpeed":11.96,"averageTravelTime":69.8,"medianTravelTime":56.39,"averageTravelTimeRatio":1.26,"planningTimeIndex":2.98,"travelTimePercentiles":[15.98,18.25,19.84,21.73,28.11,34.86,38.04,44.04,46.66,56.39,65.97,72.24,75.18,81.7,94.17,122.0,133.52,145.06,165.65],"speedPercentiles":[5.04,5.75,6.25,6.84,8.86,10.22,11.1,11.55,12.65,14.8,17.89,18.95,21.94,23.94,29.69,38.4,42.07,45.72,52.23]},{"dateRange":2,"timeSet":19,"distance":231.84,"coveredDistance":231.84,"averageSampleSize":150.75,"harmonicAverageSpeed":12.19,"averageTravelTime":68.49,"medianTravelTime":60.68,"averageTravelTimeRatio":1.23,"planningTimeIndex":3.01,"travelTimePercentiles":[13.78,15.19,16.95,18.61,20.27,26.49,34.72,46.34,52.51,60.68,65.81,73.51,80.71,86.46,96.63,111.18,123.25,147.12,166.79],"speedPercentiles":[5.0,5.67,6.77,7.51,8.64,9.65,10.34,11.35,12.68,13.75,15.89,18.01,24.04,31.51,41.18,44.85,49.23,54.96,60.57]},{"dateRange":2,"timeSet":20,"distance":231.84,"coveredDistance":231.84,"averageSampleSize":172.5,"harmonicAverageSpeed":10.62,"averageTravelTime":78.61,"medianTravelTime":72.19,"averageTravelTimeRatio":1.42,"planningTimeIndex":3.11,"travelTimePercentiles":[14.01,17.07,20.86,31.85,37.64,46.32,49.26,60.7,60.79,72.19,77.41,85.34,92.7,99.08,111.1,120.4,129.43,155.0,172.48],"speedPercentiles":[4.84,5.38,6.45,6.93,7.51,8.42,9.0,9.78,10.78,11.56,13.73,13.75,16.94,18.02,22.18,26.2,40.0,48.9,59.57]},{"dateRange":2,"timeSet":21,"distance":231.84,"coveredDistance":231.84,"averageSampleSize":160.5,"harmonicAverageSpeed":9.09,"averageTravelTime":91.84,"medianTravelTime":87.37,"averageTravelTimeRatio":1.65,"planningTimeIndex":3.33,"travelTimePercentiles":[19.45,21.65,24.55,28.35,44.09,52.7,60.86,66.11,77.48,87.37,89.55,100.41,104.79,114.54,122.26,136.43,148.21,165.9,185.01],"speedPercentiles":[4.51,5.03,5.63,6.12,6.83,7.29,7.96,8.31,9.32,9.55,10.77,12.63,13.71,15.84,18.93,29.44,34.0,38.55,42.91]},{"dateRange":2,"timeSet":22,"distance":231.84,"coveredDistance":231.84,"averageSampleSize":198.25,"harmonicAverageSpeed":9.81,"averageTravelTime":85.05,"medianTravelTime":72.54,"averageTravelTimeRatio":1.53,"planningTimeIndex":3.31,"travelTimePercentiles":[18.7,20.6,25.08,28.21,38.0,41.95,46.81,52.98,61.16,72.54,86.52,90.79,93.22,108.03,118.68,141.88,151.54,162.96,183.93],"speedPercentiles":[4.54,5.12,5.51,5.88,7.03,7.73,8.95,9.19,9.65,11.51,13.65,15.75,17.83,19.89,21.96,29.59,33.27,40.52,44.64]},{"dateRange":2,"timeSet":23,"distance":231.84,"coveredDistance":231.84,"averageSampleSize":193.5,"harmonicAverageSpeed":9.05,"averageTravelTime":92.26,"medianTravelTime":82.04,"averageTravelTimeRatio":1.66,"planningTimeIndex":3.99,"travelTimePercentiles":[16.94,20.87,26.03,30.36,36.75,42.26,53.03,61.3,66.53,82.04,87.84,99.46,109.92,115.12,129.59,148.29,162.31,174.54,221.55],"speedPercentiles":[3.77,4.78,5.14,5.63,6.44,7.25,7.59,8.39,9.5,10.17,12.54,13.61,15.74,19.75,22.71,27.49,32.06,39.99,49.28]},{"dateRange":2,"timeSet":24,"distance":231.84,"coveredDistance":231.84,"averageSampleSize":205.0,"harmonicAverageSpeed":8.76,"averageTravelTime":95.24,"medianTravelTime":100.35,"averageTravelTimeRatio":1.72,"planningTimeIndex":3.12,"travelTimePercentiles":[18.58,26.27,31.06,44.03,52.65,60.86,72.24,82.54,87.43,100.35,106.2,111.12,114.73,120.65,129.32,134.39,145.85,155.61,173.34],"speedPercentiles":[4.81,5.36,5.72,6.21,6.45,6.92,7.27,7.51,7.86,8.32,9.55,10.11,11.55,13.71,15.85,18.95,26.87,31.77,44.92]},{"dateRange":2,"timeSet":25,"distance":231.84,"coveredDistance":231.84,"averageSampleSize":183.25,"harmonicAverageSpeed":9.66,"averageTravelTime":86.39,"medianTravelTime":72.83,"averageTravelTimeRatio":1.56,"planningTimeIndex":3.21,"travelTimePercentiles":[17.14,20.16,23.1,32.06,36.23,43.9,49.25,56.29,65.81,72.83,79.79,92.59,97.7,103.08,120.03,128.55,153.43,162.0,178.07],"speedPercentiles":[4.69,5.15,5.44,6.49,6.95,8.1,8.54,9.01,10.46,11.46,12.68,14.83,16.95,19.01,23.04,26.03,36.13,41.4,48.68]},{"dateRange":2,"timeSet":26,"distance":231.84,"coveredDistance":231.84,"averageSampleSize":109.5,"harmonicAverageSpeed":11.8,"averageTravelTime":70.71,"medianTravelTime":56.3,"averageTravelTimeRatio":1.27,"planningTimeIndex":2.75,"travelTimePercentiles":[13.93,16.54,17.88,19.31,22.41,26.28,37.76,41.67,46.47,56.3,65.9,77.27,102.72,105.85,117.77,121.88,131.15,142.83,152.56],"speedPercentiles":[5.47,5.84,6.36,6.85,7.09,7.89,8.12,10.8,12.66,14.82,17.96,20.03,22.1,31.76,37.24,43.21,46.68,50.45,59.92]},{"dateRange":2,"timeSet":27,"distance":231.84,"coveredDistance":231.84,"averageSampleSize":129.75,"harmonicAverageSpeed":13.54,"averageTravelTime":61.64,"medianTravelTime":49.72,"averageTravelTimeRatio":1.11,"planningTimeIndex":2.8,"travelTimePercentiles":[16.99,18.23,19.47,23.24,28.22,30.16,34.97,39.9,46.68,49.72,53.04,56.89,66.49,77.18,88.24,102.8,116.08,121.02,155.38],"speedPercentiles":[5.37,6.9,7.19,8.12,9.46,10.81,12.55,14.67,15.74,16.79,17.88,20.92,23.86,27.67,29.57,35.92,42.88,45.78,49.13]},{"dateRange":2,"timeSet":28,"distance":231.84,"coveredDistance":231.84,"averageSampleSize":104.25,"harmonicAverageSpeed":14.8,"averageTravelTime":56.38,"medianTravelTime":35.04,"averageTravelTimeRatio":1.02,"planningTimeIndex":2.81,"travelTimePercentiles":[14.52,15.41,17.36,18.68,19.51,20.32,23.22,27.43,32.37,35.04,44.22,53.04,56.94,61.63,73.23,99.66,118.92,134.74,156.17],"speedPercentiles":[5.34,6.19,7.02,8.37,11.4,13.54,14.66,15.74,18.88,23.82,25.79,30.43,35.95,41.08,42.77,44.69,48.08,54.17,57.48]},{"dateRange":3,"timeSet":5,"distance":231.84,"coveredDistance":231.84,"averageSampleSize":22.25,"harmonicAverageSpeed":13.21,"averageTravelTime":63.17,"medianTravelTime":46.73,"averageTravelTimeRatio":1.0,"planningTimeIndex":2.8,"travelTimePercentiles":[17.6,19.79,21.67,26.51,26.67,30.21,36.4,46.54,46.71,46.73,56.56,66.14,66.14,74.36,77.47,117.64,118.21,129.11,176.71],"speedPercentiles":[4.72,6.46,7.06,7.09,10.77,11.22,12.62,12.62,14.76,17.86,17.87,17.93,22.93,27.63,31.3,31.49,38.51,42.17,47.42]},{"dateRange":3,"timeSet":6,"distance":231.84,"coveredDistance":231.84,"averageSampleSize":17.5,"harmonicAverageSpeed":14.43,"averageTravelTime":57.84,"medianTravelTime":37.1,"averageTravelTimeRatio":0.92,"planningTimeIndex":2.48,"travelTimePercentiles":[16.57,17.19,18.64,26.66,26.74,29.07,29.32,32.71,32.71,37.1,39.03,48.26,48.56,76.95,95.62,102.36,102.43,140.58,156.54],"speedPercentiles":[5.33,5.94,8.15,8.15,8.73,10.85,17.19,17.29,21.38,22.5,25.52,25.52,28.46,28.71,31.21,31.31,44.78,48.55,50.37]},{"dateRange":3,"timeSet":7,"distance":231.84,"coveredDistance":231.84,"averageSampleSize":7.75,"harmonicAverageSpeed":11.31,"averageTravelTime":73.82,"medianTravelTime":79.1,"averageTravelTimeRatio":1.17,"planningTimeIndex":2.18,"travelTimePercentiles":[7.13,7.13,18.22,19.03,43.45,43.45,43.45,75.87,75.87,79.1,79.1,79.19,94.2,94.24,134.03,134.9,135.09,137.63,137.72],"speedPercentiles":[6.06,6.06,6.18,6.19,6.23,8.86,8.86,10.54,10.55,10.55,11.0,11.0,19.21,19.21,19.21,43.86,45.81,117.06,117.06]},{"dateRange":3,"timeSet":8,"distance":231.84,"coveredDistance":231.84,"averageSampleSize":8.75,"harmonicAverageSpeed":10.86,"averageTravelTime":76.87,"medianTravelTime":52.17,"averageTravelTimeRatio":1.22,"planningTimeIndex":2.26,"travelTimePercentiles":[35.7,35.78,37.52,37.52,37.52,37.61,37.61,37.62,52.14,52.17,52.17,95.51,95.53,95.53,136.97,137.01,137.01,142.56,142.56],"speedPercentiles":[5.85,5.85,6.09,6.09,6.09,8.74,8.74,8.74,16.0,16.0,16.01,22.19,22.19,22.19,22.25,22.25,22.25,23.33,23.38]},{"dateRange":3,"timeSet":9,"distance":231.84,"coveredDistance":231.84,"averageSampleSize":7.75,"harmonicAverageSpeed":32.08,"averageTravelTime":26.02,"medianTravelTime":26.28,"averageTravelTimeRatio":0.41,"planningTimeIndex":0.7,"travelTimePercentiles":[12.42,12.46,12.46,14.64,14.7,14.7,24.89,24.93,24.93,26.28,26.4,26.4,26.42,33.54,33.54,33.54,44.11,44.11,44.15],"speedPercentiles":[18.91,18.92,18.92,24.88,24.88,24.88,31.59,31.62,31.62,31.76,33.48,33.48,33.53,56.77,56.77,57.0,67.0,67.0,67.18]},{"dateRange":3,"timeSet":10,"distance":231.84,"coveredDistance":231.84,"averageSampleSize":7.0,"harmonicAverageSpeed":18.62,"averageTravelTime":44.82,"medianTravelTime":23.49,"averageTravelTimeRatio":0.71,"planningTimeIndex":1.66,"travelTimePercentiles":[13.44,13.46,13.58,16.51,17.11,17.11,18.37,22.88,22.95,23.49,23.49,66.64,66.64,68.09,68.43,100.8,100.86,101.49,104.95],"speedPercentiles":[7.95,8.22,8.28,8.28,12.2,12.26,12.52,12.52,35.53,35.53,36.37,36.47,45.44,48.78,48.78,50.56,61.47,62.0,62.09]},{"dateRange":3,"timeSet":11,"distance":231.84,"coveredDistance":231.84,"averageSampleSize":15.0,"harmonicAverageSpeed":19.92,"averageTravelTime":41.89,"medianTravelTime":44.25,"averageTravelTimeRatio":0.66,"planningTimeIndex":1.33,"travelTimePercentiles":[11.05,11.72,15.95,16.1,29.26,29.29,30.28,30.34,44.19,44.25,44.25,46.89,46.89,54.2,54.2,61.43,61.61,83.43,83.91],"speedPercentiles":[9.95,10.0,13.55,13.59,15.4,15.4,17.8,17.8,18.86,18.86,18.89,27.51,27.56,28.49,28.53,51.83,52.33,71.18,75.53]},{"dateRange":3,"timeSet":12,"distance":231.84,"coveredDistance":231.84,"averageSampleSize":20.75,"harmonicAverageSpeed":12.12,"averageTravelTime":68.86,"medianTravelTime":39.62,"averageTravelTimeRatio":1.09,"planningTimeIndex":2.76,"travelTimePercentiles":[14.38,15.8,15.86,16.83,17.49,22.48,22.66,37.67,37.74,39.62,39.65,90.03,90.07,127.82,130.29,142.68,149.96,172.13,174.61],"speedPercentiles":[4.78,4.85,5.57,5.85,6.41,6.53,9.27,9.27,21.05,21.06,22.11,22.15,36.84,37.13,47.73,49.6,52.63,52.82,58.05]},{"dateRange":3,"timeSet":13,"distance":231.84,"coveredDistance":231.84,"averageSampleSize":32.0,"harmonicAverageSpeed":13.13,"averageTravelTime":63.58,"medianTravelTime":40.25,"averageTravelTimeRatio":1.01,"planningTimeIndex":2.8,"travelTimePercentiles":[7.81,12.97,14.33,15.71,16.0,17.22,22.6,24.91,38.28,40.25,46.91,53.43,77.81,79.15,118.59,130.38,152.39,162.09,177.05],"speedPercentiles":[4.71,5.15,5.48,6.4,7.04,10.54,10.73,15.62,17.79,20.74,21.81,33.5,36.94,48.48,52.16,53.14,58.26,64.37,106.88]},{"dateRange":3,"timeSet":14,"distance":231.84,"coveredDistance":231.84,"averageSampleSize":46.25,"harmonicAverageSpeed":13.31,"averageTravelTime":62.72,"medianTravelTime":65.96,"averageTravelTimeRatio":0.99,"planningTimeIndex":1.78,"travelTimePercentiles":[15.61,16.87,17.46,18.29,21.34,21.86,23.47,27.61,60.75,65.96,66.07,73.12,90.66,94.12,99.14,103.24,107.15,108.81,112.26],"speedPercentiles":[7.43,7.67,7.79,8.08,8.42,8.87,9.21,11.41,12.63,12.65,13.74,30.23,35.56,38.18,39.11,45.63,47.8,49.47,53.48]},{"dateRange":3,"timeSet":15,"distance":231.84,"coveredDistance":231.84,"averageSampleSize":57.0,"harmonicAverageSpeed":10.28,"averageTravelTime":81.23,"medianTravelTime":86.98,"averageTravelTimeRatio":1.29,"planningTimeIndex":2.29,"travelTimePercentiles":[14.1,24.49,28.61,29.72,32.07,43.66,60.47,65.84,78.77,86.98,89.11,90.51,93.95,110.67,116.0,124.31,132.17,139.67,144.72],"speedPercentiles":[5.77,5.98,6.31,6.71,7.2,7.54,8.88,9.22,9.37,9.6,10.6,12.68,13.8,19.12,26.02,28.08,29.18,34.08,59.19]},{"dateRange":3,"timeSet":16,"distance":231.84,"coveredDistance":231.84,"averageSampleSize":49.75,"harmonicAverageSpeed":11.8,"averageTravelTime":70.75,"medianTravelTime":52.72,"averageTravelTimeRatio":1.12,"planningTimeIndex":2.6,"travelTimePercentiles":[15.12,15.74,16.84,17.92,23.73,33.32,34.93,38.07,41.94,52.72,60.77,72.15,87.07,104.34,112.66,128.5,152.61,156.0,164.33],"speedPercentiles":[5.08,5.35,5.47,6.5,7.41,8.0,9.59,11.57,13.73,15.83,19.9,21.92,23.9,25.05,35.17,46.57,49.55,53.01,55.19]},{"dateRange":3,"timeSet":17,"distance":231.84,"coveredDistance":231.84,"averageSampleSize":42.5,"harmonicAverageSpeed":12.96,"averageTravelTime":64.42,"medianTravelTime":49.45,"averageTravelTimeRatio":1.02,"planningTimeIndex":2.39,"travelTimePercentiles":[12.17,13.71,17.23,18.44,18.97,22.27,33.43,34.93,41.84,49.45,66.05,75.84,81.97,99.03,100.35,100.56,122.09,127.34,150.96],"speedPercentiles":[5.53,6.55,6.84,8.3,8.32,8.43,10.18,11.01,12.64,16.88,19.95,23.9,24.96,37.48,43.99,45.26,48.44,60.89,68.57]},{"dateRange":3,"timeSet":18,"distance":231.84,"coveredDistance":231.84,"averageSampleSize":33.25,"harmonicAverageSpeed":11.24,"averageTravelTime":74.27,"medianTravelTime":65.9,"averageTravelTimeRatio":1.18,"planningTimeIndex":2.65,"travelTimePercentiles":[13.73,14.57,17.09,22.95,23.63,25.65,27.29,30.11,49.33,65.9,83.98,88.98,102.58,108.74,125.55,137.51,137.84,145.01,167.65],"speedPercentiles":[4.98,5.76,6.05,6.07,6.65,7.68,8.14,9.38,9.94,12.66,16.92,27.72,30.58,32.53,35.32,36.37,48.84,57.28,60.79]},{"dateRange":3,"timeSet":19,"distance":231.84,"coveredDistance":231.84,"averageSampleSize":37.25,"harmonicAverageSpeed":17.28,"averageTravelTime":48.3,"medianTravelTime":34.27,"averageTravelTimeRatio":0.76,"planningTimeIndex":1.89,"travelTimePercentiles":[14.55,14.99,17.13,17.65,18.17,19.24,20.21,26.06,27.68,34.27,42.53,42.64,61.56,73.27,78.5,85.52,87.01,104.86,119.6],"speedPercentiles":[6.98,7.96,9.59,9.76,10.63,11.39,13.56,19.57,19.62,24.36,30.16,32.02,41.3,43.38,45.94,47.29,48.72,55.67,57.38]},{"dateRange":3,"timeSet":20,"distance":231.84,"coveredDistance":231.84,"averageSampleSize":42.75,"harmonicAverageSpeed":13.32,"averageTravelTime":62.64,"medianTravelTime":49.58,"averageTravelTimeRatio":0.99,"planningTimeIndex":2.31,"travelTimePercentiles":[15.94,16.41,18.75,21.19,23.3,31.08,32.34,33.69,49.49,49.58,56.64,60.99,66.27,72.61,101.64,117.78,122.25,126.79,145.73],"speedPercentiles":[5.73,6.58,6.83,7.09,8.21,11.49,12.59,13.69,14.74,16.83,16.86,24.77,25.81,26.86,35.83,39.39,44.51,50.87,52.35]},{"dateRange":3,"timeSet":21,"distance":231.84,"coveredDistance":231.84,"averageSampleSize":61.5,"harmonicAverageSpeed":13.9,"averageTravelTime":60.05,"medianTravelTime":39.91,"averageTravelTimeRatio":0.95,"planningTimeIndex":2.73,"travelTimePercentiles":[15.17,17.01,17.77,18.61,23.63,25.03,29.08,32.37,38.09,39.91,41.97,49.6,52.87,56.72,66.37,125.65,140.44,147.67,172.74],"speedPercentiles":[4.83,5.65,5.94,6.64,12.58,14.71,15.79,16.83,19.88,20.91,21.91,25.79,28.7,33.35,35.32,44.85,46.96,49.08,55.02]},{"dateRange":3,"timeSet":22,"distance":231.84,"coveredDistance":231.84,"averageSampleSize":58.5,"harmonicAverageSpeed":14.3,"averageTravelTime":58.38,"medianTravelTime":49.4,"averageTravelTimeRatio":0.92,"planningTimeIndex":2.66,"travelTimePercentiles":[15.41,17.39,19.92,22.36,29.86,34.75,39.64,39.8,46.47,49.4,52.74,52.76,56.6,56.74,61.2,74.73,95.57,132.53,168.1],"speedPercentiles":[4.96,6.3,8.73,11.17,13.64,14.71,14.75,15.82,15.83,16.9,17.96,20.97,21.06,24.02,27.95,37.32,41.89,48.0,54.18]},{"dateRange":3,"timeSet":23,"distance":231.84,"coveredDistance":231.84,"averageSampleSize":69.75,"harmonicAverageSpeed":14.93,"averageTravelTime":55.9,"medianTravelTime":41.8,"averageTravelTimeRatio":0.88,"planningTimeIndex":2.4,"travelTimePercentiles":[15.83,19.21,20.11,22.44,25.59,28.95,34.72,37.9,37.94,41.8,44.09,49.6,53.04,56.85,72.77,89.96,103.74,118.91,151.67],"speedPercentiles":[5.5,7.02,8.05,9.28,11.47,14.68,15.74,16.83,18.93,19.97,22.0,22.02,24.04,28.83,32.62,37.2,41.5,43.45,52.73]},{"dateRange":3,"timeSet":24,"distance":231.84,"coveredDistance":231.84,"averageSampleSize":59.0,"harmonicAverageSpeed":15.3,"averageTravelTime":54.56,"medianTravelTime":33.94,"averageTravelTimeRatio":0.86,"planningTimeIndex":2.5,"travelTimePercentiles":[13.18,15.41,16.06,16.93,18.54,22.23,25.12,26.76,28.63,33.94,35.41,40.42,56.89,61.33,75.55,100.64,120.3,153.15,158.06],"speedPercentiles":[5.28,5.45,6.94,8.29,11.05,13.61,14.67,20.65,23.57,24.59,29.15,31.19,33.22,37.54,45.01,49.31,51.97,54.14,63.32]},{"dateRange":3,"timeSet":25,"distance":231.84,"coveredDistance":231.84,"averageSampleSize":54.75,"harmonicAverageSpeed":13.5,"averageTravelTime":61.8,"medianTravelTime":49.35,"averageTravelTimeRatio":0.98,"planningTimeIndex":2.14,"travelTimePercentiles":[15.42,16.47,16.85,18.06,24.24,27.98,31.12,41.63,43.93,49.35,56.44,60.94,66.15,79.09,84.45,97.77,114.43,124.89,135.28],"speedPercentiles":[6.17,6.68,7.29,8.54,9.88,10.55,12.62,13.69,14.79,16.91,19.0,20.05,26.82,29.83,34.43,46.2,49.52,50.68,54.13]},{"dateRange":3,"timeSet":26,"distance":231.84,"coveredDistance":231.84,"averageSampleSize":39.25,"harmonicAverageSpeed":13.16,"averageTravelTime":63.43,"medianTravelTime":49.63,"averageTravelTimeRatio":1.0,"planningTimeIndex":2.44,"travelTimePercentiles":[11.79,14.34,14.85,17.78,22.02,28.97,39.61,41.71,41.96,49.63,77.28,79.96,88.35,92.94,96.61,98.25,103.92,121.26,153.97],"speedPercentiles":[5.42,6.88,8.03,8.49,8.64,8.98,9.45,10.44,10.8,16.82,19.89,20.01,21.07,28.81,37.91,46.94,56.22,58.22,70.78]},{"dateRange":3,"timeSet":27,"distance":231.84,"coveredDistance":231.84,"averageSampleSize":46.75,"harmonicAverageSpeed":12.74,"averageTravelTime":65.5,"medianTravelTime":60.77,"averageTravelTimeRatio":1.04,"planningTimeIndex":2.2,"travelTimePercentiles":[15.79,17.4,18.13,19.3,26.56,30.09,36.4,41.78,44.15,60.77,60.77,75.6,76.47,84.39,110.52,115.85,127.99,130.53,139.07],"speedPercentiles":[6.0,6.39,6.52,7.2,7.55,9.89,10.91,11.04,13.73,13.73,18.91,19.97,22.93,27.73,31.42,43.24,46.03,47.96,52.86]},{"dateRange":3,"timeSet":28,"distance":231.84,"coveredDistance":231.84,"averageSampleSize":23.25,"harmonicAverageSpeed":14.92,"averageTravelTime":55.96,"medianTravelTime":29.62,"averageTravelTimeRatio":0.89,"planningTimeIndex":2.59,"travelTimePercentiles":[13.48,15.55,19.68,20.97,24.61,25.33,25.52,27.72,27.76,29.62,40.23,57.05,66.57,66.64,73.19,103.7,111.71,126.57,163.78],"speedPercentiles":[5.1,6.59,7.47,8.05,11.4,12.52,12.54,14.63,20.74,28.18,30.06,30.11,32.71,32.95,33.92,39.79,42.4,53.67,61.92]},{"dateRange":4,"timeSet":5,"distance":231.84,"coveredDistance":231.84,"averageSampleSize":39.25,"harmonicAverageSpeed":12.21,"averageTravelTime":68.36,"medianTravelTime":66.94,"averageTravelTimeRatio":1.0,"planningTimeIndex":2.43,"travelTimePercentiles":[14.97,15.63,16.05,16.32,19.1,32.31,51.82,55.63,59.96,66.94,67.69,72.93,76.75,77.61,88.92,92.35,115.4,162.61,166.26],"speedPercentiles":[5.02,5.13,7.23,9.04,9.39,10.75,10.87,11.44,12.33,12.47,13.92,15.0,16.11,25.83,43.7,51.14,52.01,53.41,55.74]},{"dateRange":4,"timeSet":6,"distance":231.84,"coveredDistance":231.84,"averageSampleSize":20.0,"harmonicAverageSpeed":14.12,"averageTravelTime":59.09,"medianTravelTime":65.15,"averageTravelTimeRatio":0.86,"planningTimeIndex":2.03,"travelTimePercentiles":[18.52,19.48,21.33,21.72,21.77,23.38,33.29,51.83,51.86,65.15,66.43,68.75,68.82,70.76,80.95,83.6,83.67,121.57,138.99],"speedPercentiles":[6.01,6.87,9.98,9.98,10.31,11.8,12.13,12.14,12.56,12.81,16.09,16.1,25.07,35.7,38.34,38.43,39.12,42.85,45.07]},{"dateRange":4,"timeSet":7,"distance":231.84,"coveredDistance":231.84,"averageSampleSize":14.25,"harmonicAverageSpeed":15.24,"averageTravelTime":54.76,"medianTravelTime":47.68,"averageTravelTimeRatio":0.8,"planningTimeIndex":2.06,"travelTimePercentiles":[19.79,21.28,21.33,21.78,25.04,25.07,29.53,32.36,32.66,47.68,50.29,50.49,52.77,56.26,60.47,82.18,131.37,131.44,140.48],"speedPercentiles":[5.94,6.35,6.35,10.16,13.8,14.83,15.82,16.53,16.6,17.51,25.56,25.79,28.27,33.29,33.33,38.32,39.12,39.22,42.18]},{"dateRange":4,"timeSet":8,"distance":231.84,"coveredDistance":231.84,"averageSampleSize":5.0,"harmonicAverageSpeed":9.92,"averageTravelTime":84.15,"medianTravelTime":78.08,"averageTravelTimeRatio":1.23,"planningTimeIndex":1.88,"travelTimePercentiles":[47.57,47.82,47.82,47.82,48.34,48.35,77.86,77.91,77.91,78.08,78.08,78.08,78.08,124.96,125.34,126.71,126.71,128.46,128.46],"speedPercentiles":[6.5,6.5,6.59,6.59,6.66,6.68,10.69,10.69,10.69,10.69,10.71,10.71,10.72,17.26,17.26,17.45,17.45,17.45,17.54]},{"dateRange":4,"timeSet":9,"distance":231.84,"coveredDistance":231.84,"averageSampleSize":7.0,"harmonicAverageSpeed":23.03,"averageTravelTime":36.24,"medianTravelTime":22.61,"averageTravelTimeRatio":0.53,"planningTimeIndex":1.64,"travelTimePercentiles":[10.82,10.95,11.06,12.01,12.44,12.51,12.51,13.15,13.18,22.61,22.61,23.72,23.77,23.77,58.07,105.22,105.22,105.24,111.97],"speedPercentiles":[7.45,7.93,7.93,7.93,14.37,35.11,35.11,35.19,36.91,36.91,63.32,63.49,66.71,66.71,67.11,69.47,75.46,76.22,77.14]},{"dateRange":4,"timeSet":10,"distance":231.84,"coveredDistance":231.84,"averageSampleSize":11.0,"harmonicAverageSpeed":10.65,"averageTravelTime":78.37,"medianTravelTime":100.3,"averageTravelTimeRatio":1.15,"planningTimeIndex":2.04,"travelTimePercentiles":[14.84,14.97,15.28,15.34,67.24,67.38,67.64,67.69,68.3,100.3,100.34,100.76,100.8,108.21,114.76,115.09,115.11,135.57,139.52],"speedPercentiles":[5.98,6.16,7.25,7.25,7.27,7.71,8.28,8.28,8.32,8.32,12.22,12.33,12.34,12.39,12.41,54.39,54.61,55.74,56.22]},{"dateRange":4,"timeSet":11,"distance":231.84,"coveredDistance":231.84,"averageSampleSize":11.5,"harmonicAverageSpeed":17.52,"averageTravelTime":47.62,"medianTravelTime":20.23,"averageTravelTimeRatio":0.7,"planningTimeIndex":2.01,"travelTimePercentiles":[14.71,14.85,14.86,14.91,17.94,17.94,17.96,17.96,18.0,20.23,20.24,20.31,20.33,21.88,135.69,135.7,137.22,137.24,137.58],"speedPercentiles":[6.07,6.08,6.08,6.15,6.15,38.14,41.05,41.1,41.23,41.27,46.38,46.46,46.48,46.52,46.53,56.0,56.15,56.22,56.74]},{"dateRange":4,"timeSet":12,"distance":231.84,"coveredDistance":231.84,"averageSampleSize":26.25,"harmonicAverageSpeed":13.12,"averageTravelTime":63.6,"medianTravelTime":69.04,"averageTravelTimeRatio":0.93,"planningTimeIndex":1.8,"travelTimePercentiles":[13.59,18.74,20.21,21.99,24.77,27.57,36.8,39.85,66.51,69.04,79.99,80.91,81.97,82.9,91.04,93.69,117.54,117.74,122.77],"speedPercentiles":[6.8,7.09,7.1,8.91,9.17,10.07,10.18,10.32,10.43,12.09,12.55,20.95,22.68,30.27,33.7,37.96,41.3,44.53,61.42]},{"dateRange":4,"timeSet":13,"distance":231.84,"coveredDistance":231.84,"averageSampleSize":43.5,"harmonicAverageSpeed":15.54,"averageTravelTime":53.7,"medianTravelTime":36.01,"averageTravelTimeRatio":0.79,"planningTimeIndex":2.21,"travelTimePercentiles":[11.35,13.1,13.19,14.83,16.46,16.54,18.2,19.58,27.13,36.01,36.16,48.91,50.56,61.47,74.15,95.98,108.93,142.05,151.24],"speedPercentiles":[5.52,5.88,7.66,8.7,11.26,13.58,16.51,17.06,23.08,23.18,30.77,42.64,45.87,50.48,50.7,56.26,63.29,63.7,73.54]},{"dateRange":4,"timeSet":14,"distance":231.84,"coveredDistance":231.84,"averageSampleSize":80.75,"harmonicAverageSpeed":12.58,"averageTravelTime":66.36,"medianTravelTime":37.38,"averageTravelTimeRatio":0.97,"planningTimeIndex":2.51,"travelTimePercentiles":[13.76,16.02,18.44,19.0,19.5,21.86,28.25,31.24,35.98,37.38,49.28,69.21,71.27,89.66,114.4,124.14,134.46,154.96,171.48],"speedPercentiles":[4.87,5.39,6.21,6.72,7.3,9.31,11.71,12.06,16.94,22.33,23.2,26.72,29.55,38.17,42.81,43.92,45.25,52.08,60.65]},{"dateRange":4,"timeSet":15,"distance":231.84,"coveredDistance":231.84,"averageSampleSize":92.0,"harmonicAverageSpeed":12.81,"averageTravelTime":65.15,"medianTravelTime":53.65,"averageTravelTimeRatio":0.95,"planningTimeIndex":2.74,"travelTimePercentiles":[13.67,16.8,18.17,19.84,21.36,22.86,28.87,33.9,43.5,53.65,56.84,72.81,74.31,82.53,93.91,104.94,110.58,139.63,187.59],"speedPercentiles":[4.45,5.98,7.55,7.95,8.89,10.11,11.23,11.46,14.68,15.56,19.19,24.62,28.91,36.52,39.08,42.06,45.94,49.69,61.07]},{"dateRange":4,"timeSet":16,"distance":231.84,"coveredDistance":231.84,"averageSampleSize":113.5,"harmonicAverageSpeed":13.88,"averageTravelTime":60.14,"medianTravelTime":42.49,"averageTravelTimeRatio":0.88,"planningTimeIndex":2.0,"travelTimePercentiles":[14.58,15.32,17.1,19.3,22.56,26.65,28.49,32.45,38.84,42.49,53.77,58.21,63.61,81.9,91.96,112.81,120.43,125.26,136.83],"speedPercentiles":[6.1,6.66,6.93,7.4,9.08,10.19,13.12,14.34,15.52,19.64,21.49,25.72,29.3,31.32,37.0,43.24,48.8,54.47,57.25]},{"dateRange":4,"timeSet":17,"distance":231.84,"coveredDistance":231.84,"averageSampleSize":104.5,"harmonicAverageSpeed":12.12,"averageTravelTime":68.89,"medianTravelTime":57.06,"averageTravelTimeRatio":1.01,"planningTimeIndex":2.5,"travelTimePercentiles":[15.36,16.74,19.83,22.4,26.71,30.74,32.73,39.6,45.4,57.06,63.16,66.65,75.14,80.91,87.57,96.78,120.67,146.08,170.67],"speedPercentiles":[4.89,5.71,6.92,8.62,9.53,10.32,11.11,12.52,13.21,14.63,18.38,21.08,25.5,27.15,31.25,37.26,42.08,49.86,54.34]},{"dateRange":4,"timeSet":18,"distance":231.84,"coveredDistance":231.84,"averageSampleSize":85.5,"harmonicAverageSpeed":11.75,"averageTravelTime":71.01,"medianTravelTime":68.52,"averageTravelTimeRatio":1.04,"planningTimeIndex":2.08,"travelTimePercentiles":[13.23,14.61,16.87,18.54,22.6,29.18,35.08,48.8,59.99,68.52,80.14,84.77,93.32,99.85,107.26,114.19,122.29,127.44,142.43],"speedPercentiles":[5.86,6.55,6.82,7.31,7.78,8.36,8.94,9.85,10.41,12.18,13.91,17.1,23.79,28.6,36.93,45.01,49.47,57.14,63.07]},{"dateRange":4,"timeSet":19,"distance":231.84,"coveredDistance":231.84,"averageSampleSize":78.75,"harmonicAverageSpeed":14.61,"averageTravelTime":57.13,"medianTravelTime":40.73,"averageTravelTimeRatio":0.84,"planningTimeIndex":2.33,"travelTimePercentiles":[15.19,17.58,18.34,19.67,21.5,22.64,25.54,32.99,36.29,40.73,42.72,46.02,52.92,58.89,76.55,93.09,109.24,139.55,159.04],"speedPercentiles":[5.25,5.98,7.64,8.97,10.9,14.17,15.77,18.14,19.54,20.49,23.0,25.3,32.68,36.87,38.83,42.43,45.51,47.47,54.96]},{"dateRange":4,"timeSet":20,"distance":231.84,"coveredDistance":231.84,"averageSampleSize":95.0,"harmonicAverageSpeed":12.74,"averageTravelTime":65.49,"medianTravelTime":58.37,"averageTravelTimeRatio":0.96,"planningTimeIndex":2.47,"travelTimePercentiles":[13.07,14.95,19.9,25.2,26.9,36.79,42.82,44.57,53.85,58.37,64.24,67.27,73.94,78.64,88.74,92.19,106.91,140.15,168.59],"speedPercentiles":[4.95,5.96,7.81,9.05,9.41,10.61,11.29,12.41,12.99,14.3,15.5,18.73,19.49,22.68,31.03,33.11,41.95,55.82,63.87]},{"dateRange":4,"timeSet":21,"distance":231.84,"coveredDistance":231.84,"averageSampleSize":110.0,"harmonicAverageSpeed":10.46,"averageTravelTime":79.76,"medianTravelTime":64.21,"averageTravelTimeRatio":1.17,"planningTimeIndex":3.05,"travelTimePercentiles":[13.78,16.82,21.36,25.67,28.59,35.29,39.67,44.41,54.03,64.21,68.82,82.9,91.25,105.48,112.45,125.33,147.52,165.11,208.47],"speedPercentiles":[4.0,5.06,5.66,6.66,7.42,7.91,9.15,10.07,12.13,13.0,15.45,18.79,21.04,23.65,29.2,32.51,39.08,49.63,60.57]},{"dateRange":4,"timeSet":22,"distance":231.84,"coveredDistance":231.84,"averageSampleSize":84.5,"harmonicAverageSpeed":9.88,"averageTravelTime":84.51,"medianTravelTime":74.96,"averageTravelTimeRatio":1.24,"planningTimeIndex":2.7,"travelTimePercentiles":[18.1,20.35,25.63,31.46,43.08,47.99,52.48,54.76,66.44,74.96,79.78,82.53,107.44,123.74,130.66,135.77,141.13,154.46,184.69],"speedPercentiles":[4.52,5.4,5.91,6.15,6.39,6.74,7.77,10.11,10.46,11.13,12.56,15.24,15.9,17.39,19.37,26.53,32.57,41.01,46.12]},{"dateRange":4,"timeSet":23,"distance":231.84,"coveredDistance":231.84,"averageSampleSize":75.25,"harmonicAverageSpeed":13.43,"averageTravelTime":62.17,"medianTravelTime":49.3,"averageTravelTimeRatio":0.91,"planningTimeIndex":2.24,"travelTimePercentiles":[11.42,15.2,17.72,22.46,23.03,29.59,31.33,39.94,46.9,49.3,52.23,66.08,72.33,85.34,88.42,97.51,106.11,118.97,153.02],"speedPercentiles":[5.45,7.02,7.87,8.56,9.44,9.78,11.54,12.63,15.98,16.93,17.79,20.9,26.64,28.2,36.25,37.15,47.09,54.91,73.08]},{"dateRange":4,"timeSet":24,"distance":231.84,"coveredDistance":231.84,"averageSampleSize":97.75,"harmonicAverageSpeed":9.96,"averageTravelTime":83.81,"medianTravelTime":80.02,"averageTravelTimeRatio":1.23,"planningTimeIndex":2.44,"travelTimePercentiles":[16.97,19.99,23.14,27.52,34.46,50.07,55.74,66.08,69.13,80.02,88.54,96.7,99.32,108.03,111.41,133.62,144.2,158.61,166.81],"speedPercentiles":[5.0,5.26,5.79,6.25,7.49,7.73,8.4,8.63,9.43,10.43,12.07,12.63,14.97,16.67,24.22,30.32,36.07,41.74,49.19]},{"dateRange":4,"timeSet":25,"distance":231.84,"coveredDistance":231.84,"averageSampleSize":67.5,"harmonicAverageSpeed":11.14,"averageTravelTime":74.91,"medianTravelTime":65.3,"averageTravelTimeRatio":1.1,"planningTimeIndex":2.53,"travelTimePercentiles":[14.71,17.43,21.47,22.44,28.27,32.96,40.25,44.75,62.08,65.3,76.42,83.23,92.53,96.5,109.56,114.31,130.43,144.83,172.98],"speedPercentiles":[4.82,5.76,6.4,7.3,7.62,8.65,9.02,10.03,10.92,12.78,13.45,18.65,20.74,25.32,29.53,37.2,38.88,47.87,56.74]},{"dateRange":4,"timeSet":26,"distance":231.84,"coveredDistance":231.84,"averageSampleSize":42.25,"harmonicAverageSpeed":14.46,"averageTravelTime":57.72,"medianTravelTime":38.95,"averageTravelTimeRatio":0.84,"planningTimeIndex":2.4,"travelTimePercentiles":[15.85,16.97,17.48,23.45,25.07,27.22,28.22,36.67,38.22,38.95,41.11,48.6,65.05,71.62,86.16,90.36,99.04,124.09,164.33],"speedPercentiles":[5.08,6.73,8.43,9.24,9.69,11.65,12.83,17.17,20.3,21.43,21.84,22.76,29.58,30.66,33.29,35.59,47.74,49.17,52.66]},{"dateRange":4,"timeSet":27,"distance":231.84,"coveredDistance":231.84,"averageSampleSize":43.75,"harmonicAverageSpeed":11.72,"averageTravelTime":71.19,"medianTravelTime":64.04,"averageTravelTimeRatio":1.04,"planningTimeIndex":2.57,"travelTimePercentiles":[14.63,17.22,18.87,23.31,29.56,30.05,33.19,36.14,57.22,64.04,69.35,73.43,74.99,92.37,119.42,124.05,140.73,142.43,175.74],"speedPercentiles":[4.75,5.86,5.93,6.73,6.99,9.04,11.13,11.37,12.04,13.03,14.59,23.1,25.15,27.77,28.24,35.81,44.23,48.48,57.05]},{"dateRange":4,"timeSet":28,"distance":231.84,"coveredDistance":231.84,"averageSampleSize":36.5,"harmonicAverageSpeed":13.43,"averageTravelTime":62.12,"medianTravelTime":41.36,"averageTravelTimeRatio":0.91,"planningTimeIndex":2.32,"travelTimePercentiles":[14.05,15.33,16.44,18.17,28.96,31.38,35.76,37.53,38.33,41.36,42.12,44.09,48.17,75.62,86.21,105.41,121.65,149.28,158.68],"speedPercentiles":[5.26,5.59,6.86,7.92,9.68,11.04,17.33,18.93,19.82,20.18,21.77,22.24,23.34,26.59,28.82,45.94,50.77,54.46,59.39]}]}},{"type":"Feature","geometry":{"type":"LineString","coordinates":[[12.3954,41.77443],[12.39563,41.77445],[12.39584,41.77464],[12.39616,41.77491],[12.39652,41.77519],[12.39699,41.77557]]},"properties":{"segmentId":13800007379895,"newSegmentId":"00004931-3600-0400-0000-0000013fee27","speedLimit":50,"frc":4,"distance":187.39,"segmentTimeResults":[{"timeSet":5,"dateRange":1,"harmonicAverageSpeed":14.2,"medianSpeed":36.6,"averageSpeed":31.8,"standardDeviationSpeed":22.3,"travelTimeStandardDeviation":47.1,"sampleSize":19,"normalizedSampleSize":0.0022,"averageTravelTime":47.67,"medianTravelTime":18.43,"travelTimeRatio":1.0,"speedPercentiles":[4,5,7,7,10,10,11,15,27,37,40,44,47,48,51,55,59,60,69]},{"timeSet":6,"dateRange":1,"harmonicAverageSpeed":8.6,"medianSpeed":7.8,"averageSpeed":18.0,"standardDeviationSpeed":16.8,"travelTimeStandardDeviation":53.25,"sampleSize":13,"normalizedSampleSize":0.0015,"averageTravelTime":78.29,"medianTravelTime":86.49,"travelTimeRatio":1.64,"speedPercentiles":[4,5,5,5,6,6,6,6,6,8,10,10,26,26,26,35,48,48,48]},{"timeSet":7,"dateRange":1,"harmonicAverageSpeed":10.3,"medianSpeed":6.2,"averageSpeed":18.4,"standardDeviationSpeed":17.3,"travelTimeStandardDeviation":61.35,"sampleSize":2,"normalizedSampleSize":2.0E-4,"averageTravelTime":65.43,"medianTravelTime":108.81,"travelTimeRatio":1.37,"speedPercentiles":[6,6,6,6,6,6,6,6,6,6,31,31,31,31,31,31,31,31,31]},{"timeSet":8,"dateRange":1,"harmonicAverageSpeed":0.0,"medianSpeed":0.0,"averageSpeed":0.0,"sampleSize":0,"normalizedSampleSize":0.0,"averageTravelTime":0.0,"medianTravelTime":0.0,"travelTimeRatio":0.0,"speedPercentiles":[0,0,0,0,0,0,0,0,0,0,0,0,0,0,0,0,0,0,0]},{"timeSet":9,"dateRange":1,"harmonicAverageSpeed":37.8,"medianSpeed":37.8,"averageSpeed":37.8,"standardDeviationSpeed":0.0,"travelTimeStandardDeviation":0.0,"sampleSize":1,"normalizedSampleSize":1.0E-4,"averageTravelTime":17.85,"medianTravelTime":17.85,"travelTimeRatio":0.37,"speedPercentiles":[38,38,38,38,38,38,38,38,38,38,38,38,38,38,38,38,38,38,38]},{"timeSet":10,"dateRange":1,"harmonicAverageSpeed":11.7,"medianSpeed":11.4,"averageSpeed":20.2,"standardDeviationSpeed":15.3,"travelTimeStandardDeviation":41.85,"sampleSize":17,"normalizedSampleSize":0.002,"averageTravelTime":57.6,"medianTravelTime":59.18,"travelTimeRatio":1.21,"speedPercentiles":[4,5,8,8,10,11,11,11,11,11,12,22,24,24,32,40,41,45,48]},{"timeSet":11,"dateRange":1,"harmonicAverageSpeed":12.8,"medianSpeed":18.4,"averageSpeed":28.6,"standardDeviationSpeed":23.5,"travelTimeStandardDeviation":53.18,"sampleSize":22,"normalizedSampleSize":0.0026,"averageTravelTime":52.63,"medianTravelTime":36.66,"travelTimeRatio":1.1,"speedPercentiles":[4,7,8,8,10,10,11,17,18,18,22,32,40,43,45,51,54,57,60]},{"timeSet":12,"dateRange":1,"harmonicAverageSpeed":9.5,"medianSpeed":13.3,"averageSpeed":22.0,"standardDeviationSpeed":20.1,"travelTimeStandardDeviation":73.52,"sampleSize":37,"normalizedSampleSize":0.0044,"averageTravelTime":71.1,"medianTravelTime":50.72,"travelTimeRatio":1.49,"speedPercentiles":[3,3,6,7,8,9,9,11,12,13,14,15,19,23,35,39,52,54,65]},{"timeSet":13,"dateRange":1,"harmonicAverageSpeed":6.4,"medianSpeed":7.6,"averageSpeed":23.0,"standardDeviationSpeed":26.9,"travelTimeStandardDeviation":100.25,"sampleSize":54,"normalizedSampleSize":0.0064,"averageTravelTime":105.57,"medianTravelTime":88.76,"travelTimeRatio":2.21,"speedPercentiles":[2,3,3,4,4,5,5,6,7,8,10,11,20,30,42,47,54,65,82]},{"timeSet":14,"dateRange":1,"harmonicAverageSpeed":12.6,"medianSpeed":22.6,"averageSpeed":30.2,"standardDeviationSpeed":23.8,"travelTimeStandardDeviation":62.33,"sampleSize":66,"normalizedSampleSize":0.0078,"averageTravelTime":53.63,"medianTravelTime":29.85,"travelTimeRatio":1.12,"speedPercentiles":[5,5,6,7,11,13,14,16,18,23,33,37,39,44,46,48,54,63,71]},{"timeSet":15,"dateRange":1,"harmonicAverageSpeed":11.8,"medianSpeed":14.2,"averageSpeed":24.6,"standardDeviationSpeed":22.6,"travelTimeStandardDeviation":48.04,"sampleSize":100,"normalizedSampleSize":0.0118,"averageTravelTime":56.96,"medianTravelTime":47.51,"travelTimeRatio":1.19,"speedPercentiles":[5,5,6,7,9,10,10,12,13,14,18,20,25,31,38,46,48,50,60]},{"timeSet":16,"dateRange":1,"harmonicAverageSpeed":11.0,"medianSpeed":14.2,"averageSpeed":23.8,"standardDeviationSpeed":21.6,"travelTimeStandardDeviation":47.49,"sampleSize":99,"normalizedSampleSize":0.0117,"averageTravelTime":61.56,"medianTravelTime":47.51,"travelTimeRatio":1.29,"speedPercentiles":[4,5,5,6,7,8,9,10,12,14,18,22,26,30,43,45,51,55,60]},{"timeSet":17,"dateRange":1,"harmonicAverageSpeed":10.6,"medianSpeed":13.9,"averageSpeed":21.9,"standardDeviationSpeed":18.3,"travelTimeStandardDeviation":48.8,"sampleSize":99,"normalizedSampleSize":0.0117,"averageTravelTime":63.64,"medianTravelTime":48.53,"travelTimeRatio":1.33,"speedPercentiles":[4,5,5,6,6,8,9,10,11,14,15,20,26,30,40,42,46,52,59]},{"timeSet":18,"dateRange":1,"harmonicAverageSpeed":10.6,"medianSpeed":15.5,"averageSpeed":23.3,"standardDeviationSpeed":22.1,"travelTimeStandardDeviation":53.33,"sampleSize":103,"normalizedSampleSize":0.0122,"averageTravelTime":63.88,"medianTravelTime":43.52,"travelTimeRatio":1.34,"speedPercentiles":[4,5,5,6,7,8,9,10,12,16,19,23,26,31,34,36,40,52,64]},{"timeSet":19,"dateRange":1,"harmonicAverageSpeed":11.3,"medianSpeed":13.2,"averageSpeed":24.5,"standardDeviationSpeed":25.9,"travelTimeStandardDeviation":45.37,"sampleSize":100,"normalizedSampleSize":0.0118,"averageTravelTime":59.97,"medianTravelTime":51.11,"travelTimeRatio":1.26,"speedPercentiles":[4,6,6,7,7,8,9,11,12,13,14,16,22,32,36,38,46,54,67]},{"timeSet":20,"dateRange":1,"harmonicAverageSpeed":9.5,"medianSpeed":8.7,"averageSpeed":18.5,"standardDeviationSpeed":18.5,"travelTimeStandardDeviation":45.24,"sampleSize":78,"normalizedSampleSize":0.0092,"averageTravelTime":71.12,"medianTravelTime":77.54,"travelTimeRatio":1.49,"speedPercentiles":[5,5,5,6,7,7,8,8,8,9,10,13,15,20,23,30,43,48,59]},{"timeSet":21,"dateRange":1,"harmonicAverageSpeed":7.9,"medianSpeed":9.2,"averageSpeed":17.5,"standardDeviationSpeed":19.9,"travelTimeStandardDeviation":64.97,"sampleSize":102,"normalizedSampleSize":0.012,"averageTravelTime":85.06,"medianTravelTime":73.33,"travelTimeRatio":1.78,"speedPercentiles":[3,4,5,5,6,6,7,7,8,9,10,12,14,20,23,29,34,41,54]},{"timeSet":22,"dateRange":1,"harmonicAverageSpeed":8.0,"medianSpeed":8.8,"averageSpeed":16.7,"standardDeviationSpeed":21.5,"travelTimeStandardDeviation":55.58,"sampleSize":85,"normalizedSampleSize":0.01,"averageTravelTime":84.63,"medianTravelTime":76.66,"travelTimeRatio":1.78,"speedPercentiles":[4,4,5,5,5,6,6,7,8,9,10,12,13,16,19,26,30,37,54]},{"timeSet":23,"dateRange":1,"harmonicAverageSpeed":8.0,"medianSpeed":11.7,"averageSpeed":16.0,"standardDeviationSpeed":14.8,"travelTimeStandardDeviation":73.74,"sampleSize":92,"normalizedSampleSize":0.0109,"averageTravelTime":84.81,"medianTravelTime":57.66,"travelTimeRatio":1.78,"speedPercentiles":[3,4,5,5,6,7,7,8,10,12,13,14,15,18,21,26,29,32,42]},{"timeSet":24,"dateRange":1,"harmonicAverageSpeed":8.0,"medianSpeed":9.7,"averageSpeed":16.1,"standardDeviationSpeed":15.4,"travelTimeStandardDeviation":62.91,"sampleSize":127,"normalizedSampleSize":0.015,"averageTravelTime":84.55,"medianTravelTime":69.55,"travelTimeRatio":1.77,"speedPercentiles":[4,4,5,5,5,5,6,7,8,10,11,13,16,17,23,28,32,37,49]},{"timeSet":25,"dateRange":1,"harmonicAverageSpeed":10.6,"medianSpeed":12.3,"averageSpeed":22.4,"standardDeviationSpeed":20.2,"travelTimeStandardDeviation":49.16,"sampleSize":116,"normalizedSampleSize":0.0137,"averageTravelTime":63.83,"medianTravelTime":54.85,"travelTimeRatio":1.34,"speedPercentiles":[4,5,5,6,7,8,9,10,11,12,15,21,27,32,35,40,42,51,60]},{"timeSet":26,"dateRange":1,"harmonicAverageSpeed":12.1,"medianSpeed":18.7,"averageSpeed":26.0,"standardDeviationSpeed":22.3,"travelTimeStandardDeviation":45.67,"sampleSize":72,"normalizedSampleSize":0.0085,"averageTravelTime":55.95,"medianTravelTime":36.08,"travelTimeRatio":1.17,"speedPercentiles":[5,5,6,6,7,8,12,13,16,19,21,23,26,37,43,47,55,57,64]},{"timeSet":27,"dateRange":1,"harmonicAverageSpeed":10.6,"medianSpeed":14.6,"averageSpeed":20.9,"standardDeviationSpeed":17.2,"travelTimeStandardDeviation":48.41,"sampleSize":80,"normalizedSampleSize":0.0094,"averageTravelTime":63.88,"medianTravelTime":46.21,"travelTimeRatio":1.34,"speedPercentiles":[4,5,5,6,6,7,9,10,12,15,16,19,23,24,34,37,43,49,53]},{"timeSet":28,"dateRange":1,"harmonicAverageSpeed":10.4,"medianSpeed":8.6,"averageSpeed":19.0,"standardDeviationSpeed":17.0,"travelTimeStandardDeviation":40.76,"sampleSize":30,"normalizedSampleSize":0.0035,"averageTravelTime":65.09,"medianTravelTime":78.44,"travelTimeRatio":1.37,"speedPercentiles":[5,6,7,7,7,8,8,8,8,9,12,13,18,23,26,28,39,52,55]},{"timeSet":5,"dateRange":2,"harmonicAverageSpeed":13.5,"medianSpeed":14.0,"averageSpeed":27.2,"standardDeviationSpeed":23.0,"travelTimeStandardDeviation":37.05,"sampleSize":68,"normalizedSampleSize":0.008,"averageTravelTime":50.09,"medianTravelTime":48.19,"travelTimeRatio":1.0,"speedPercentiles":[6,7,7,8,8,9,10,12,13,14,23,28,37,43,47,50,51,53,65]},{"timeSet":6,"dateRange":2,"harmonicAverageSpeed":13.9,"medianSpeed":27.0,"averageSpeed":30.2,"standardDeviationSpeed":22.4,"travelTimeStandardDeviation":41.6,"sampleSize":36,"normalizedSampleSize":0.0043,"averageTravelTime":48.52,"medianTravelTime":24.99,"travelTimeRatio":0.97,"speedPercentiles":[5,6,7,7,8,9,11,13,17,27,35,41,47,48,48,50,59,65,68]},{"timeSet":7,"dateRange":2,"harmonicAverageSpeed":14.5,"medianSpeed":16.0,"averageSpeed":23.7,"standardDeviationSpeed":16.8,"travelTimeStandardDeviation":29.84,"sampleSize":22,"normalizedSampleSize":0.0026,"averageTravelTime":46.51,"medianTravelTime":42.16,"travelTimeRatio":0.93,"speedPercentiles":[7,7,8,9,9,11,12,12,12,16,19,19,28,40,43,48,48,48,48]},{"timeSet":8,"dateRange":2,"harmonicAverageSpeed":23.9,"medianSpeed":29.0,"averageSpeed":40.4,"standardDeviationSpeed":29.9,"travelTimeStandardDeviation":23.7,"sampleSize":5,"normalizedSampleSize":6.0E-4,"averageTravelTime":28.25,"medianTravelTime":23.26,"travelTimeRatio":0.56,"speedPercentiles":[10,10,10,10,22,22,22,22,29,29,29,29,57,57,57,57,84,84,84]},{"timeSet":9,"dateRange":2,"harmonicAverageSpeed":21.8,"medianSpeed":16.0,"averageSpeed":25.0,"standardDeviationSpeed":12.7,"travelTimeStandardDeviation":15.78,"sampleSize":2,"normalizedSampleSize":2.0E-4,"averageTravelTime":31.0,"medianTravelTime":42.16,"travelTimeRatio":0.62,"speedPercentiles":[16,16,16,16,16,16,16,16,16,16,34,34,34,34,34,34,34,34,34]},{"timeSet":10,"dateRange":2,"harmonicAverageSpeed":12.3,"medianSpeed":22.0,"averageSpeed":26.7,"standardDeviationSpeed":20.5,"travelTimeStandardDeviation":50.04,"sampleSize":19,"normalizedSampleSize":0.0022,"averageTravelTime":55.02,"medianTravelTime":30.66,"travelTimeRatio":1.1,"speedPercentiles":[4,5,5,6,6,8,12,16,20,22,24,29,39,42,43,49,51,56,70]},{"timeSet":11,"dateRange":2,"harmonicAverageSpeed":13.0,"medianSpeed":16.0,"averageSpeed":20.9,"standardDeviationSpeed":15.3,"travelTimeStandardDeviation":37.0,"sampleSize":26,"normalizedSampleSize":0.0031,"averageTravelTime":51.96,"medianTravelTime":42.16,"travelTimeRatio":1.04,"speedPercentiles":[5,6,7,9,10,10,12,13,15,16,20,20,22,27,28,28,33,49,57]},{"timeSet":12,"dateRange":2,"harmonicAverageSpeed":9.6,"medianSpeed":13.0,"averageSpeed":16.3,"standardDeviationSpeed":12.4,"travelTimeStandardDeviation":49.43,"sampleSize":53,"normalizedSampleSize":0.0063,"averageTravelTime":70.09,"medianTravelTime":51.89,"travelTimeRatio":1.4,"speedPercentiles":[4,5,6,6,7,7,8,9,10,13,18,18,19,21,22,23,25,33,42]},{"timeSet":13,"dateRange":2,"harmonicAverageSpeed":9.1,"medianSpeed":9.8,"averageSpeed":18.6,"standardDeviationSpeed":18.3,"travelTimeStandardDeviation":51.01,"sampleSize":39,"normalizedSampleSize":0.0046,"averageTravelTime":74.06,"medianTravelTime":68.84,"travelTimeRatio":1.48,"speedPercentiles":[4,5,6,6,6,6,7,8,9,10,11,13,16,27,31,33,38,48,56]},{"timeSet":14,"dateRange":2,"harmonicAverageSpeed":10.1,"medianSpeed":14.0,"averageSpeed":22.7,"standardDeviationSpeed":20.0,"travelTimeStandardDeviation":56.23,"sampleSize":101,"normalizedSampleSize":0.0119,"averageTravelTime":66.71,"medianTravelTime":48.19,"travelTimeRatio":1.33,"speedPercentiles":[4,5,5,6,7,8,9,9,11,14,16,20,26,28,39,46,49,51,57]},{"timeSet":15,"dateRange":2,"harmonicAverageSpeed":9.6,"medianSpeed":12.0,"averageSpeed":17.0,"standardDeviationSpeed":13.8,"travelTimeStandardDeviation":53.36,"sampleSize":109,"normalizedSampleSize":0.0129,"averageTravelTime":70.31,"medianTravelTime":56.22,"travelTimeRatio":1.4,"speedPercentiles":[4,5,6,6,7,8,9,9,11,12,13,15,16,20,23,27,31,41,50]},{"timeSet":16,"dateRange":2,"harmonicAverageSpeed":11.1,"medianSpeed":13.0,"averageSpeed":21.0,"standardDeviationSpeed":20.0,"travelTimeStandardDeviation":42.11,"sampleSize":102,"normalizedSampleSize":0.012,"averageTravelTime":60.91,"medianTravelTime":51.89,"travelTimeRatio":1.22,"speedPercentiles":[5,6,6,7,7,7,9,9,11,13,16,19,22,26,29,32,40,47,51]},{"timeSet":17,"dateRange":2,"harmonicAverageSpeed":9.5,"medianSpeed":11.0,"averageSpeed":18.8,"standardDeviationSpeed":17.3,"travelTimeStandardDeviation":49.4,"sampleSize":115,"normalizedSampleSize":0.0136,"averageTravelTime":71.39,"medianTravelTime":61.33,"travelTimeRatio":1.43,"speedPercentiles":[4,5,5,5,6,7,7,8,9,11,13,15,20,23,27,31,37,46,53]},{"timeSet":18,"dateRange":2,"harmonicAverageSpeed":10.5,"medianSpeed":13.0,"averageSpeed":20.8,"standardDeviationSpeed":21.1,"travelTimeStandardDeviation":47.72,"sampleSize":101,"normalizedSampleSize":0.0119,"averageTravelTime":64.07,"medianTravelTime":51.89,"travelTimeRatio":1.28,"speedPercentiles":[4,5,5,6,8,9,10,10,11,13,16,17,20,22,28,38,42,46,53]},{"timeSet":19,"dateRange":2,"harmonicAverageSpeed":10.9,"medianSpeed":12.0,"averageSpeed":22.3,"standardDeviationSpeed":19.5,"travelTimeStandardDeviation":44.79,"sampleSize":97,"normalizedSampleSize":0.0115,"averageTravelTime":61.79,"medianTravelTime":56.22,"travelTimeRatio":1.23,"speedPercentiles":[5,5,6,6,7,8,9,10,11,12,14,16,22,30,41,45,50,57,63]},{"timeSet":20,"dateRange":2,"harmonicAverageSpeed":9.3,"medianSpeed":10.0,"averageSpeed":18.5,"standardDeviationSpeed":20.1,"travelTimeStandardDeviation":48.04,"sampleSize":110,"normalizedSampleSize":0.013,"averageTravelTime":72.67,"medianTravelTime":67.46,"travelTimeRatio":1.45,"speedPercentiles":[4,5,6,6,6,7,8,8,9,10,12,12,15,16,20,24,39,49,61]},{"timeSet":21,"dateRange":2,"harmonicAverageSpeed":8.0,"medianSpeed":8.2,"averageSpeed":14.8,"standardDeviationSpeed":13.8,"travelTimeStandardDeviation":59.75,"sampleSize":86,"normalizedSampleSize":0.0102,"averageTravelTime":84.66,"medianTravelTime":82.27,"travelTimeRatio":1.69,"speedPercentiles":[4,4,5,5,6,6,7,7,8,8,9,11,12,14,17,28,33,38,43]},{"timeSet":22,"dateRange":2,"harmonicAverageSpeed":8.8,"medianSpeed":10.0,"averageSpeed":16.1,"standardDeviationSpeed":13.7,"travelTimeStandardDeviation":54.25,"sampleSize":113,"normalizedSampleSize":0.0133,"averageTravelTime":77.04,"medianTravelTime":67.46,"travelTimeRatio":1.54,"speedPercentiles":[4,5,5,5,6,7,8,8,8,10,12,14,16,18,20,28,32,40,44]},{"timeSet":23,"dateRange":2,"harmonicAverageSpeed":8.1,"medianSpeed":8.8,"averageSpeed":15.9,"standardDeviationSpeed":15.3,"travelTimeStandardDeviation":58.99,"sampleSize":104,"normalizedSampleSize":0.0123,"averageTravelTime":83.78,"medianTravelTime":76.66,"travelTimeRatio":1.67,"speedPercentiles":[3,4,4,5,6,6,7,7,8,9,11,12,14,18,21,26,31,40,51]},{"timeSet":24,"dateRange":2,"harmonicAverageSpeed":7.7,"medianSpeed":7.1,"averageSpeed":13.2,"standardDeviationSpeed":13.8,"travelTimeStandardDeviation":45.58,"sampleSize":124,"normalizedSampleSize":0.0146,"averageTravelTime":87.18,"medianTravelTime":95.01,"travelTimeRatio":1.74,"speedPercentiles":[5,5,5,5,6,6,6,6,7,7,8,9,10,12,14,17,25,30,44]},{"timeSet":25,"dateRange":2,"harmonicAverageSpeed":8.6,"medianSpeed":9.9,"averageSpeed":16.3,"standardDeviationSpeed":15.1,"travelTimeStandardDeviation":56.91,"sampleSize":122,"normalizedSampleSize":0.0144,"averageTravelTime":78.13,"medianTravelTime":68.14,"travelTimeRatio":1.56,"speedPercentiles":[4,4,5,6,6,7,7,8,9,10,11,13,15,17,21,24,35,41,49]},{"timeSet":26,"dateRange":2,"harmonicAverageSpeed":10.3,"medianSpeed":13.0,"averageSpeed":21.5,"standardDeviationSpeed":18.7,"travelTimeStandardDeviation":47.05,"sampleSize":76,"normalizedSampleSize":0.009,"averageTravelTime":65.27,"medianTravelTime":51.89,"travelTimeRatio":1.3,"speedPercentiles":[5,5,5,6,6,7,7,9,11,13,16,18,20,30,36,43,47,51,62]},{"timeSet":27,"dateRange":2,"harmonicAverageSpeed":12.1,"medianSpeed":15.0,"averageSpeed":20.8,"standardDeviationSpeed":15.3,"travelTimeStandardDeviation":39.37,"sampleSize":100,"normalizedSampleSize":0.0118,"averageTravelTime":55.56,"medianTravelTime":44.97,"travelTimeRatio":1.11,"speedPercentiles":[5,6,6,7,8,9,11,13,14,15,16,19,22,26,28,35,43,46,49]},{"timeSet":28,"dateRange":2,"harmonicAverageSpeed":13.4,"medianSpeed":22.0,"averageSpeed":26.7,"standardDeviationSpeed":20.4,"travelTimeStandardDeviation":42.48,"sampleSize":87,"normalizedSampleSize":0.0103,"averageTravelTime":50.28,"medianTravelTime":30.66,"travelTimeRatio":1.0,"speedPercentiles":[5,5,6,7,10,12,13,14,17,22,24,29,35,41,43,45,49,56,58]},{"timeSet":5,"dateRange":3,"harmonicAverageSpeed":12.0,"medianSpeed":16.0,"averageSpeed":19.7,"standardDeviationSpeed":13.9,"travelTimeStandardDeviation":41.02,"sampleSize":15,"normalizedSampleSize":0.0018,"averageTravelTime":56.47,"medianTravelTime":42.16,"travelTimeRatio":1.0,"speedPercentiles":[5,6,6,6,9,10,11,11,13,16,16,16,21,26,30,30,38,42,47]},{"timeSet":6,"dateRange":3,"harmonicAverageSpeed":13.1,"medianSpeed":21.0,"averageSpeed":22.7,"standardDeviationSpeed":15.2,"travelTimeStandardDeviation":41.85,"sampleSize":15,"normalizedSampleSize":0.0018,"averageTravelTime":51.36,"medianTravelTime":32.12,"travelTimeRatio":0.91,"speedPercentiles":[5,5,7,7,8,10,16,16,20,21,24,24,27,27,29,29,44,48,50]},{"timeSet":7,"dateRange":3,"harmonicAverageSpeed":9.7,"medianSpeed":9.0,"averageSpeed":32.0,"standardDeviationSpeed":52.9,"travelTimeStandardDeviation":47.96,"sampleSize":8,"normalizedSampleSize":9.0E-4,"averageTravelTime":69.74,"medianTravelTime":74.96,"travelTimeRatio":1.24,"speedPercentiles":[5,5,5,5,5,8,8,9,9,9,9,9,17,17,17,44,44,159,159]},{"timeSet":8,"dateRange":3,"harmonicAverageSpeed":9.3,"medianSpeed":14.0,"averageSpeed":13.2,"standardDeviationSpeed":7.3,"travelTimeStandardDeviation":47.25,"sampleSize":7,"normalizedSampleSize":8.0E-4,"averageTravelTime":72.7,"medianTravelTime":48.19,"travelTimeRatio":1.29,"speedPercentiles":[5,5,5,5,5,7,7,7,14,14,14,20,20,20,20,20,20,21,21]},{"timeSet":9,"dateRange":3,"harmonicAverageSpeed":31.1,"medianSpeed":31.0,"averageSpeed":38.2,"standardDeviationSpeed":19.4,"travelTimeStandardDeviation":10.23,"sampleSize":6,"normalizedSampleSize":7.0E-4,"averageTravelTime":21.72,"medianTravelTime":21.76,"travelTimeRatio":0.38,"speedPercentiles":[18,18,18,24,24,24,31,31,31,31,32,32,32,57,57,57,67,67,67]},{"timeSet":10,"dateRange":3,"harmonicAverageSpeed":17.0,"medianSpeed":37.0,"averageSpeed":33.2,"standardDeviationSpeed":23.8,"travelTimeStandardDeviation":36.56,"sampleSize":5,"normalizedSampleSize":6.0E-4,"averageTravelTime":39.58,"medianTravelTime":18.23,"travelTimeRatio":0.7,"speedPercentiles":[7,7,7,7,11,11,11,11,37,37,37,37,49,49,49,49,62,62,62]},{"timeSet":11,"dateRange":3,"harmonicAverageSpeed":18.9,"medianSpeed":17.0,"averageSpeed":28.2,"standardDeviationSpeed":22.7,"travelTimeStandardDeviation":19.22,"sampleSize":9,"normalizedSampleSize":0.0011,"averageTravelTime":35.74,"medianTravelTime":39.68,"travelTimeRatio":0.63,"speedPercentiles":[10,10,13,13,14,14,16,16,17,17,17,26,26,27,27,53,53,78,78]},{"timeSet":12,"dateRange":3,"harmonicAverageSpeed":10.8,"medianSpeed":19.0,"averageSpeed":25.5,"standardDeviationSpeed":20.9,"travelTimeStandardDeviation":56.9,"sampleSize":10,"normalizedSampleSize":0.0012,"averageTravelTime":62.66,"medianTravelTime":35.51,"travelTimeRatio":1.11,"speedPercentiles":[4,4,5,5,6,6,8,8,19,19,20,20,36,36,49,49,52,52,56]},{"timeSet":13,"dateRange":3,"harmonicAverageSpeed":11.9,"medianSpeed":19.0,"averageSpeed":34.1,"standardDeviationSpeed":38.1,"travelTimeStandardDeviation":52.11,"sampleSize":19,"normalizedSampleSize":0.0022,"averageTravelTime":56.64,"medianTravelTime":35.51,"travelTimeRatio":1.0,"speedPercentiles":[5,5,5,6,6,9,9,14,16,19,20,33,37,52,57,58,65,74,159]},{"timeSet":14,"dateRange":3,"harmonicAverageSpeed":11.8,"medianSpeed":11.0,"averageSpeed":23.3,"standardDeviationSpeed":19.0,"travelTimeStandardDeviation":40.64,"sampleSize":24,"normalizedSampleSize":0.0028,"averageTravelTime":57.39,"medianTravelTime":61.33,"travelTimeRatio":1.02,"speedPercentiles":[7,7,7,7,7,8,8,10,11,11,12,29,35,38,39,46,48,50,54]},{"timeSet":15,"dateRange":3,"harmonicAverageSpeed":9.0,"medianSpeed":8.2,"averageSpeed":15.9,"standardDeviationSpeed":16.6,"travelTimeStandardDeviation":42.78,"sampleSize":29,"normalizedSampleSize":0.0034,"averageTravelTime":75.19,"medianTravelTime":82.27,"travelTimeRatio":1.33,"speedPercentiles":[5,5,5,6,6,6,8,8,8,8,9,11,12,17,24,26,27,32,61]},{"timeSet":16,"dateRange":3,"harmonicAverageSpeed":10.4,"medianSpeed":14.0,"averageSpeed":24.2,"standardDeviationSpeed":25.2,"travelTimeStandardDeviation":51.72,"sampleSize":25,"normalizedSampleSize":0.003,"averageTravelTime":64.96,"medianTravelTime":48.19,"travelTimeRatio":1.15,"speedPercentiles":[4,5,5,6,6,7,8,10,12,14,18,20,22,23,34,48,51,55,57]},{"timeSet":17,"dateRange":3,"harmonicAverageSpeed":11.6,"medianSpeed":15.0,"averageSpeed":25.1,"standardDeviationSpeed":23.5,"travelTimeStandardDeviation":43.05,"sampleSize":26,"normalizedSampleSize":0.0031,"averageTravelTime":57.98,"medianTravelTime":44.97,"travelTimeRatio":1.03,"speedPercentiles":[5,6,6,7,7,7,9,10,11,15,18,22,23,37,45,46,50,65,71]},{"timeSet":18,"dateRange":3,"harmonicAverageSpeed":9.8,"medianSpeed":11.0,"averageSpeed":22.3,"standardDeviationSpeed":20.8,"travelTimeStandardDeviation":53.05,"sampleSize":22,"normalizedSampleSize":0.0026,"averageTravelTime":69.07,"medianTravelTime":61.33,"travelTimeRatio":1.22,"speedPercentiles":[4,5,5,5,6,7,7,8,9,11,15,26,29,31,34,35,50,59,61]},{"timeSet":19,"dateRange":3,"harmonicAverageSpeed":16.0,"medianSpeed":23.0,"averageSpeed":28.1,"standardDeviationSpeed":19.0,"travelTimeStandardDeviation":31.79,"sampleSize":28,"normalizedSampleSize":0.0033,"averageTravelTime":42.22,"medianTravelTime":29.33,"travelTimeRatio":0.75,"speedPercentiles":[7,8,8,9,9,10,12,18,18,23,29,31,42,44,47,48,49,57,58]},{"timeSet":20,"dateRange":3,"harmonicAverageSpeed":11.8,"medianSpeed":15.0,"averageSpeed":21.7,"standardDeviationSpeed":17.0,"travelTimeStandardDeviation":42.71,"sampleSize":24,"normalizedSampleSize":0.0028,"averageTravelTime":57.43,"medianTravelTime":44.97,"travelTimeRatio":1.02,"speedPercentiles":[5,6,6,6,7,10,11,12,13,15,15,23,24,25,35,39,45,53,53]},{"timeSet":21,"dateRange":3,"harmonicAverageSpeed":12.6,"medianSpeed":19.0,"averageSpeed":23.5,"standardDeviationSpeed":16.5,"travelTimeStandardDeviation":47.22,"sampleSize":44,"normalizedSampleSize":0.0052,"averageTravelTime":53.72,"medianTravelTime":35.51,"travelTimeRatio":0.95,"speedPercentiles":[5,5,5,6,11,13,14,15,18,19,20,24,27,32,34,45,47,49,55]},{"timeSet":22,"dateRange":3,"harmonicAverageSpeed":12.7,"medianSpeed":15.0,"averageSpeed":20.8,"standardDeviationSpeed":15.1,"travelTimeStandardDeviation":39.43,"sampleSize":37,"normalizedSampleSize":0.0044,"averageTravelTime":53.05,"medianTravelTime":44.97,"travelTimeRatio":0.94,"speedPercentiles":[4,5,8,10,12,13,13,14,14,15,16,19,19,22,26,36,41,48,55]},{"timeSet":23,"dateRange":3,"harmonicAverageSpeed":13.3,"medianSpeed":18.0,"averageSpeed":22.4,"standardDeviationSpeed":15.7,"travelTimeStandardDeviation":40.16,"sampleSize":51,"normalizedSampleSize":0.006,"averageTravelTime":50.89,"medianTravelTime":37.48,"travelTimeRatio":0.9,"speedPercentiles":[5,6,7,8,10,13,14,15,17,18,20,20,22,27,31,36,41,43,53]},{"timeSet":24,"dateRange":3,"harmonicAverageSpeed":13.6,"medianSpeed":23.0,"averageSpeed":28.1,"standardDeviationSpeed":20.7,"travelTimeStandardDeviation":46.1,"sampleSize":39,"normalizedSampleSize":0.0046,"averageTravelTime":49.45,"medianTravelTime":29.33,"travelTimeRatio":0.88,"speedPercentiles":[5,5,6,7,10,12,13,19,22,23,28,30,32,37,46,51,54,56,66]},{"timeSet":25,"dateRange":3,"harmonicAverageSpeed":12.0,"medianSpeed":15.0,"averageSpeed":24.6,"standardDeviationSpeed":25.6,"travelTimeStandardDeviation":43.72,"sampleSize":42,"normalizedSampleSize":0.005,"averageTravelTime":56.17,"medianTravelTime":44.97,"travelTimeRatio":0.99,"speedPercentiles":[5,6,6,7,9,9,11,12,13,15,17,18,25,28,33,47,51,52,55]},{"timeSet":26,"dateRange":3,"harmonicAverageSpeed":11.5,"medianSpeed":15.0,"averageSpeed":27.0,"standardDeviationSpeed":32.0,"travelTimeStandardDeviation":42.17,"sampleSize":31,"normalizedSampleSize":0.0037,"averageTravelTime":58.48,"medianTravelTime":44.97,"travelTimeRatio":1.04,"speedPercentiles":[5,6,7,7,7,8,8,9,9,15,18,18,19,27,37,48,59,60,74]},{"timeSet":27,"dateRange":3,"harmonicAverageSpeed":11.1,"medianSpeed":12.0,"averageSpeed":20.9,"standardDeviationSpeed":17.0,"travelTimeStandardDeviation":43.12,"sampleSize":32,"normalizedSampleSize":0.0038,"averageTravelTime":60.67,"medianTravelTime":56.22,"travelTimeRatio":1.07,"speedPercentiles":[5,5,6,6,6,9,9,10,12,12,17,18,21,26,30,44,47,48,51]},{"timeSet":28,"dateRange":3,"harmonicAverageSpeed":13.4,"medianSpeed":27.0,"averageSpeed":25.1,"standardDeviationSpeed":17.8,"travelTimeStandardDeviation":42.57,"sampleSize":17,"normalizedSampleSize":0.002,"averageTravelTime":50.19,"medianTravelTime":24.99,"travelTimeRatio":0.89,"speedPercentiles":[5,6,6,7,10,11,11,13,19,27,29,29,32,32,33,40,42,55,63]},{"timeSet":5,"dateRange":4,"harmonicAverageSpeed":10.6,"medianSpeed":10.7,"averageSpeed":21.8,"standardDeviationSpeed":20.0,"travelTimeStandardDeviation":46.52,"sampleSize":28,"normalizedSampleSize":0.0033,"averageTravelTime":63.84,"medianTravelTime":63.05,"travelTimeRatio":1.0,"speedPercentiles":[4,4,6,8,8,9,9,10,11,11,12,13,14,24,43,52,52,54,56]},{"timeSet":6,"dateRange":4,"harmonicAverageSpeed":12.6,"medianSpeed":11.1,"averageSpeed":20.0,"standardDeviationSpeed":14.0,"travelTimeStandardDeviation":34.18,"sampleSize":15,"normalizedSampleSize":0.0018,"averageTravelTime":53.46,"medianTravelTime":60.78,"travelTimeRatio":0.84,"speedPercentiles":[6,6,9,9,9,10,11,11,11,11,14,14,23,34,37,37,37,41,42]},{"timeSet":7,"dateRange":4,"harmonicAverageSpeed":14.4,"medianSpeed":15.8,"averageSpeed":21.6,"standardDeviationSpeed":12.7,"travelTimeStandardDeviation":33.74,"sampleSize":13,"normalizedSampleSize":0.0015,"averageTravelTime":46.85,"medianTravelTime":42.7,"travelTimeRatio":0.73,"speedPercentiles":[6,6,6,10,13,13,14,15,15,16,24,24,27,32,32,38,39,39,42]},{"timeSet":8,"dateRange":4,"harmonicAverageSpeed":8.5,"medianSpeed":9.1,"averageSpeed":9.9,"standardDeviationSpeed":4.8,"travelTimeStandardDeviation":38.21,"sampleSize":3,"normalizedSampleSize":4.0E-4,"averageTravelTime":79.76,"medianTravelTime":74.13,"travelTimeRatio":1.25,"speedPercentiles":[6,6,6,6,6,6,9,9,9,9,9,9,9,15,15,15,15,15,15]},{"timeSet":9,"dateRange":4,"harmonicAverageSpeed":30.2,"medianSpeed":36.3,"averageSpeed":49.8,"standardDeviationSpeed":30.8,"travelTimeStandardDeviation":20.76,"sampleSize":4,"normalizedSampleSize":5.0E-4,"averageTravelTime":22.31,"medianTravelTime":18.58,"travelTimeRatio":0.35,"speedPercentiles":[13,13,13,13,13,36,36,36,36,36,74,74,74,74,74,77,77,77,77]},{"timeSet":10,"dateRange":4,"harmonicAverageSpeed":10.0,"medianSpeed":7.1,"averageSpeed":21.3,"standardDeviationSpeed":26.2,"travelTimeStandardDeviation":41.04,"sampleSize":4,"normalizedSampleSize":5.0E-4,"averageTravelTime":67.47,"medianTravelTime":95.01,"travelTimeRatio":1.06,"speedPercentiles":[7,7,7,7,7,7,7,7,7,7,11,11,11,11,11,61,61,61,61]},{"timeSet":11,"dateRange":4,"harmonicAverageSpeed":15.7,"medianSpeed":41.8,"averageSpeed":37.9,"standardDeviationSpeed":22.9,"travelTimeStandardDeviation":57.86,"sampleSize":4,"normalizedSampleSize":5.0E-4,"averageTravelTime":42.99,"medianTravelTime":16.14,"travelTimeRatio":0.67,"speedPercentiles":[5,5,5,5,5,42,42,42,42,42,46,46,46,46,46,58,58,58,58]},{"timeSet":12,"dateRange":4,"harmonicAverageSpeed":11.4,"medianSpeed":10.4,"averageSpeed":19.6,"standardDeviationSpeed":16.5,"travelTimeStandardDeviation":35.99,"sampleSize":19,"normalizedSampleSize":0.0022,"averageTravelTime":59.23,"medianTravelTime":64.87,"travelTimeRatio":0.93,"speedPercentiles":[6,6,6,8,8,9,9,9,9,10,11,19,21,28,32,37,40,43,63]},{"timeSet":13,"dateRange":4,"harmonicAverageSpeed":14.9,"medianSpeed":21.2,"averageSpeed":33.5,"standardDeviationSpeed":25.9,"travelTimeStandardDeviation":42.56,"sampleSize":25,"normalizedSampleSize":0.003,"averageTravelTime":45.32,"medianTravelTime":31.82,"travelTimeRatio":0.71,"speedPercentiles":[6,6,7,8,10,12,15,15,21,21,29,43,46,52,52,58,67,67,80]},{"timeSet":14,"dateRange":4,"harmonicAverageSpeed":11.4,"medianSpeed":20.5,"averageSpeed":24.2,"standardDeviationSpeed":19.1,"travelTimeStandardDeviation":48.88,"sampleSize":49,"normalizedSampleSize":0.0058,"averageTravelTime":59.22,"medianTravelTime":32.91,"travelTimeRatio":0.93,"speedPercentiles":[5,5,5,6,6,8,10,11,15,21,21,25,28,38,43,44,46,54,63]},{"timeSet":15,"dateRange":4,"harmonicAverageSpeed":11.9,"medianSpeed":13.7,"averageSpeed":23.5,"standardDeviationSpeed":19.3,"travelTimeStandardDeviation":43.06,"sampleSize":55,"normalizedSampleSize":0.0065,"averageTravelTime":56.82,"medianTravelTime":49.24,"travelTimeRatio":0.89,"speedPercentiles":[5,5,7,7,8,9,10,10,13,14,17,23,27,36,38,42,46,50,62]},{"timeSet":16,"dateRange":4,"harmonicAverageSpeed":12.3,"medianSpeed":17.7,"averageSpeed":23.6,"standardDeviationSpeed":18.0,"travelTimeStandardDeviation":42.83,"sampleSize":78,"normalizedSampleSize":0.0092,"averageTravelTime":55.03,"medianTravelTime":38.11,"travelTimeRatio":0.86,"speedPercentiles":[5,6,6,6,8,9,12,13,14,18,20,24,28,30,36,43,49,55,58]},{"timeSet":17,"dateRange":4,"harmonicAverageSpeed":11.2,"medianSpeed":12.8,"averageSpeed":22.3,"standardDeviationSpeed":22.1,"travelTimeStandardDeviation":44.94,"sampleSize":68,"normalizedSampleSize":0.008,"averageTravelTime":60.06,"medianTravelTime":52.7,"travelTimeRatio":0.94,"speedPercentiles":[4,5,6,7,8,9,10,11,12,13,16,19,24,25,29,36,41,50,54]},{"timeSet":18,"dateRange":4,"harmonicAverageSpeed":10.5,"medianSpeed":10.5,"averageSpeed":21.7,"standardDeviationSpeed":20.2,"travelTimeStandardDeviation":43.26,"sampleSize":58,"normalizedSampleSize":0.0068,"averageTravelTime":64.36,"medianTravelTime":64.25,"travelTimeRatio":1.01,"speedPercentiles":[5,6,6,6,7,7,8,8,9,11,12,15,22,27,36,45,50,60,65]},{"timeSet":19,"dateRange":4,"harmonicAverageSpeed":13.4,"medianSpeed":18.5,"averageSpeed":24.8,"standardDeviationSpeed":18.2,"travelTimeStandardDeviation":42.22,"sampleSize":47,"normalizedSampleSize":0.0056,"averageTravelTime":50.48,"medianTravelTime":36.47,"travelTimeRatio":0.79,"speedPercentiles":[5,5,7,8,10,13,14,16,18,19,21,23,31,36,38,42,45,46,54]},{"timeSet":20,"dateRange":4,"harmonicAverageSpeed":11.3,"medianSpeed":12.5,"averageSpeed":21.7,"standardDeviationSpeed":20.8,"travelTimeStandardDeviation":41.89,"sampleSize":68,"normalizedSampleSize":0.008,"averageTravelTime":59.76,"medianTravelTime":53.97,"travelTimeRatio":0.94,"speedPercentiles":[4,5,7,8,8,9,10,11,11,13,14,17,17,21,29,31,41,58,67]},{"timeSet":21,"dateRange":4,"harmonicAverageSpeed":9.7,"medianSpeed":11.4,"averageSpeed":19.8,"standardDeviationSpeed":18.6,"travelTimeStandardDeviation":49.95,"sampleSize":74,"normalizedSampleSize":0.0087,"averageTravelTime":69.31,"medianTravelTime":59.18,"travelTimeRatio":1.09,"speedPercentiles":[4,5,5,6,6,7,8,9,11,11,14,17,19,22,28,31,38,50,62]},{"timeSet":22,"dateRange":4,"harmonicAverageSpeed":8.8,"medianSpeed":9.6,"averageSpeed":15.6,"standardDeviationSpeed":14.1,"travelTimeStandardDeviation":48.39,"sampleSize":54,"normalizedSampleSize":0.0064,"averageTravelTime":77.05,"medianTravelTime":70.27,"travelTimeRatio":1.21,"speedPercentiles":[4,5,5,5,5,6,7,9,9,10,11,13,14,15,17,25,31,41,46]},{"timeSet":23,"dateRange":4,"harmonicAverageSpeed":12.2,"medianSpeed":15.2,"averageSpeed":24.8,"standardDeviationSpeed":23.7,"travelTimeStandardDeviation":41.81,"sampleSize":50,"normalizedSampleSize":0.0059,"averageTravelTime":55.42,"medianTravelTime":44.38,"travelTimeRatio":0.87,"speedPercentiles":[5,6,7,7,8,9,10,11,14,15,16,19,25,27,36,36,48,57,80]},{"timeSet":24,"dateRange":4,"harmonicAverageSpeed":8.7,"medianSpeed":9.0,"averageSpeed":16.6,"standardDeviationSpeed":17.2,"travelTimeStandardDeviation":49.34,"sampleSize":73,"normalizedSampleSize":0.0086,"averageTravelTime":77.61,"medianTravelTime":74.96,"travelTimeRatio":1.22,"speedPercentiles":[4,5,5,5,6,7,7,7,8,9,11,11,13,15,22,29,35,41,49]},{"timeSet":25,"dateRange":4,"harmonicAverageSpeed":10.3,"medianSpeed":11.1,"averageSpeed":19.3,"standardDeviationSpeed":17.0,"travelTimeStandardDeviation":43.06,"sampleSize":47,"normalizedSampleSize":0.0056,"averageTravelTime":65.74,"medianTravelTime":60.78,"travelTimeRatio":1.03,"speedPercentiles":[5,5,6,6,7,7,8,9,9,11,12,17,19,23,28,36,38,47,56]},{"timeSet":26,"dateRange":4,"harmonicAverageSpeed":13.2,"medianSpeed":19.7,"averageSpeed":23.0,"standardDeviationSpeed":16.2,"travelTimeStandardDeviation":39.58,"sampleSize":31,"normalizedSampleSize":0.0037,"averageTravelTime":50.95,"medianTravelTime":34.24,"travelTimeRatio":0.8,"speedPercentiles":[5,6,7,8,8,10,11,16,19,20,20,21,28,29,32,34,49,50,53]},{"timeSet":27,"dateRange":4,"harmonicAverageSpeed":10.3,"medianSpeed":11.3,"averageSpeed":20.1,"standardDeviationSpeed":17.3,"travelTimeStandardDeviation":47.35,"sampleSize":32,"normalizedSampleSize":0.0038,"averageTravelTime":65.22,"medianTravelTime":59.7,"travelTimeRatio":1.02,"speedPercentiles":[4,5,5,6,6,8,10,10,10,11,13,21,23,26,26,34,43,48,57]},{"timeSet":28,"dateRange":4,"harmonicAverageSpeed":12.3,"medianSpeed":18.5,"averageSpeed":24.0,"standardDeviationSpeed":19.0,"travelTimeStandardDeviation":45.76,"sampleSize":21,"normalizedSampleSize":0.0025,"averageTravelTime":54.66,"medianTravelTime":36.47,"travelTimeRatio":0.86,"speedPercentiles":[5,5,6,7,9,10,16,17,18,19,20,21,22,25,27,48,51,55,60]}]}},{"type":"Feature","geometry":{"type":"LineString","coordinates":[[12.39699,41.77557],[12.39694,41.77561]]},"properties":{"segmentId":-13800007358889,"newSegmentId":"-00004931-3600-0400-0000-0000013fee24","speedLimit":90,"frc":4,"distance":5.76,"segmentTimeResults":[{"timeSet":5,"dateRange":1,"harmonicAverageSpeed":15.5,"medianSpeed":35.7,"averageSpeed":32.3,"standardDeviationSpeed":17.1,"travelTimeStandardDeviation":1.92,"sampleSize":46,"normalizedSampleSize":0.0054,"averageTravelTime":1.33,"medianTravelTime":0.58,"travelTimeRatio":1.0,"speedPercentiles":[3,6,12,18,20,24,27,28,32,36,36,37,40,41,42,44,48,52,60]},{"timeSet":6,"dateRange":1,"harmonicAverageSpeed":18.8,"medianSpeed":35.1,"averageSpeed":36.2,"standardDeviationSpeed":15.5,"travelTimeStandardDeviation":1.96,"sampleSize":27,"normalizedSampleSize":0.0032,"averageTravelTime":1.1,"medianTravelTime":0.59,"travelTimeRatio":0.83,"speedPercentiles":[4,16,26,27,27,29,29,30,33,35,40,44,44,44,45,46,47,53,61]},{"timeSet":7,"dateRange":1,"harmonicAverageSpeed":34.3,"medianSpeed":30.8,"averageSpeed":36.9,"standardDeviationSpeed":11.5,"travelTimeStandardDeviation":0.17,"sampleSize":6,"normalizedSampleSize":7.0E-4,"averageTravelTime":0.6,"medianTravelTime":0.67,"travelTimeRatio":0.45,"speedPercentiles":[25,25,25,28,28,28,31,31,31,31,40,40,40,42,42,42,56,56,56]},{"timeSet":8,"dateRange":1,"harmonicAverageSpeed":46.9,"medianSpeed":40.3,"averageSpeed":49.0,"standardDeviationSpeed":11.8,"travelTimeStandardDeviation":0.1,"sampleSize":4,"normalizedSampleSize":5.0E-4,"averageTravelTime":0.44,"medianTravelTime":0.51,"travelTimeRatio":0.33,"speedPercentiles":[38,38,38,38,38,40,40,40,40,40,55,55,55,55,55,63,63,63,63]},{"timeSet":9,"dateRange":1,"harmonicAverageSpeed":44.5,"medianSpeed":32.6,"averageSpeed":51.4,"standardDeviationSpeed":26.5,"travelTimeStandardDeviation":0.24,"sampleSize":2,"normalizedSampleSize":2.0E-4,"averageTravelTime":0.47,"medianTravelTime":0.64,"travelTimeRatio":0.35,"speedPercentiles":[33,33,33,33,33,33,33,33,33,33,70,70,70,70,70,70,70,70,70]},{"timeSet":10,"dateRange":1,"harmonicAverageSpeed":18.4,"medianSpeed":33.6,"averageSpeed":33.1,"standardDeviationSpeed":16.9,"travelTimeStandardDeviation":1.59,"sampleSize":69,"normalizedSampleSize":0.0081,"averageTravelTime":1.13,"medianTravelTime":0.62,"travelTimeRatio":0.85,"speedPercentiles":[5,8,16,17,22,26,30,30,31,34,35,38,39,40,42,44,44,50,69]},{"timeSet":11,"dateRange":1,"harmonicAverageSpeed":22.3,"medianSpeed":36.4,"averageSpeed":36.6,"standardDeviationSpeed":15.0,"travelTimeStandardDeviation":1.72,"sampleSize":406,"normalizedSampleSize":0.0479,"averageTravelTime":0.93,"medianTravelTime":0.57,"travelTimeRatio":0.7,"speedPercentiles":[9,22,26,27,29,30,31,33,34,36,37,39,40,42,44,46,48,52,62]},{"timeSet":12,"dateRange":1,"harmonicAverageSpeed":23.6,"medianSpeed":34.5,"averageSpeed":35.3,"standardDeviationSpeed":13.7,"travelTimeStandardDeviation":1.27,"sampleSize":1016,"normalizedSampleSize":0.12,"averageTravelTime":0.88,"medianTravelTime":0.6,"travelTimeRatio":0.66,"speedPercentiles":[8,20,25,27,29,30,31,32,33,35,36,38,39,41,43,45,48,50,57]},{"timeSet":13,"dateRange":1,"harmonicAverageSpeed":21.2,"medianSpeed":33.7,"averageSpeed":35.0,"standardDeviationSpeed":14.5,"travelTimeStandardDeviation":1.96,"sampleSize":1015,"normalizedSampleSize":0.1199,"averageTravelTime":0.98,"medianTravelTime":0.62,"travelTimeRatio":0.73,"speedPercentiles":[7,19,24,26,27,29,30,31,33,34,35,37,39,42,44,45,48,51,59]},{"timeSet":14,"dateRange":1,"harmonicAverageSpeed":22.6,"medianSpeed":34.2,"averageSpeed":36.0,"standardDeviationSpeed":15.9,"travelTimeStandardDeviation":1.59,"sampleSize":722,"normalizedSampleSize":0.0853,"averageTravelTime":0.92,"medianTravelTime":0.61,"travelTimeRatio":0.69,"speedPercentiles":[8,19,24,26,28,29,30,32,33,34,36,38,39,42,44,46,49,53,63]},{"timeSet":15,"dateRange":1,"harmonicAverageSpeed":22.7,"medianSpeed":37.0,"averageSpeed":38.2,"standardDeviationSpeed":17.3,"travelTimeStandardDeviation":1.6,"sampleSize":430,"normalizedSampleSize":0.0508,"averageTravelTime":0.91,"medianTravelTime":0.56,"travelTimeRatio":0.69,"speedPercentiles":[7,20,25,27,29,30,32,33,35,37,39,40,42,43,45,47,52,58,74]},{"timeSet":16,"dateRange":1,"harmonicAverageSpeed":20.0,"medianSpeed":35.5,"averageSpeed":37.4,"standardDeviationSpeed":17.4,"travelTimeStandardDeviation":2.25,"sampleSize":317,"normalizedSampleSize":0.0374,"averageTravelTime":1.03,"medianTravelTime":0.58,"travelTimeRatio":0.77,"speedPercentiles":[8,18,25,27,28,30,32,33,34,36,37,39,41,43,45,47,52,59,68]},{"timeSet":17,"dateRange":1,"harmonicAverageSpeed":18.6,"medianSpeed":35.3,"averageSpeed":36.1,"standardDeviationSpeed":16.7,"travelTimeStandardDeviation":2.12,"sampleSize":315,"normalizedSampleSize":0.0372,"averageTravelTime":1.12,"medianTravelTime":0.59,"travelTimeRatio":0.84,"speedPercentiles":[4,14,23,27,28,29,31,32,33,35,37,39,41,42,44,47,49,54,67]},{"timeSet":18,"dateRange":1,"harmonicAverageSpeed":19.9,"medianSpeed":34.5,"averageSpeed":36.3,"standardDeviationSpeed":17.5,"travelTimeStandardDeviation":1.92,"sampleSize":345,"normalizedSampleSize":0.0407,"averageTravelTime":1.04,"medianTravelTime":0.6,"travelTimeRatio":0.78,"speedPercentiles":[6,17,24,26,27,29,30,31,33,35,36,38,40,42,44,46,51,56,62]},{"timeSet":19,"dateRange":1,"harmonicAverageSpeed":16.7,"medianSpeed":35.1,"averageSpeed":37.6,"standardDeviationSpeed":19.7,"travelTimeStandardDeviation":3.74,"sampleSize":356,"normalizedSampleSize":0.042,"averageTravelTime":1.24,"medianTravelTime":0.59,"travelTimeRatio":0.93,"speedPercentiles":[8,15,23,25,27,29,31,32,34,35,37,40,41,43,45,47,52,61,74]},{"timeSet":20,"dateRange":1,"harmonicAverageSpeed":14.7,"medianSpeed":33.9,"averageSpeed":34.5,"standardDeviationSpeed":18.8,"travelTimeStandardDeviation":2.9,"sampleSize":314,"normalizedSampleSize":0.0371,"averageTravelTime":1.41,"medianTravelTime":0.61,"travelTimeRatio":1.06,"speedPercentiles":[4,9,13,24,27,29,30,31,33,34,35,36,38,41,43,44,47,52,71]},{"timeSet":21,"dateRange":1,"harmonicAverageSpeed":14.1,"medianSpeed":33.3,"averageSpeed":34.7,"standardDeviationSpeed":18.8,"travelTimeStandardDeviation":3.42,"sampleSize":406,"normalizedSampleSize":0.0479,"averageTravelTime":1.47,"medianTravelTime":0.62,"travelTimeRatio":1.1,"speedPercentiles":[4,8,18,24,27,28,30,31,33,33,34,36,37,39,42,45,49,55,71]},{"timeSet":22,"dateRange":1,"harmonicAverageSpeed":18.3,"medianSpeed":32.9,"averageSpeed":33.7,"standardDeviationSpeed":16.6,"travelTimeStandardDeviation":1.94,"sampleSize":433,"normalizedSampleSize":0.0511,"averageTravelTime":1.13,"medianTravelTime":0.63,"travelTimeRatio":0.85,"speedPercentiles":[4,9,19,25,27,29,30,31,32,33,34,35,37,39,41,43,46,51,61]},{"timeSet":23,"dateRange":1,"harmonicAverageSpeed":14.5,"medianSpeed":33.0,"averageSpeed":34.0,"standardDeviationSpeed":16.5,"travelTimeStandardDeviation":5.38,"sampleSize":478,"normalizedSampleSize":0.0564,"averageTravelTime":1.43,"medianTravelTime":0.63,"travelTimeRatio":1.07,"speedPercentiles":[5,10,20,25,27,29,30,31,32,33,34,36,37,40,42,45,47,50,61]},{"timeSet":24,"dateRange":1,"harmonicAverageSpeed":18.1,"medianSpeed":32.8,"averageSpeed":32.9,"standardDeviationSpeed":13.8,"travelTimeStandardDeviation":2.47,"sampleSize":463,"normalizedSampleSize":0.0547,"averageTravelTime":1.14,"medianTravelTime":0.63,"travelTimeRatio":0.86,"speedPercentiles":[6,12,23,26,28,29,30,31,32,33,34,35,36,38,40,42,45,48,55]},{"timeSet":25,"dateRange":1,"harmonicAverageSpeed":23.3,"medianSpeed":34.9,"averageSpeed":36.6,"standardDeviationSpeed":16.8,"travelTimeStandardDeviation":1.43,"sampleSize":275,"normalizedSampleSize":0.0325,"averageTravelTime":0.89,"medianTravelTime":0.59,"travelTimeRatio":0.67,"speedPercentiles":[7,21,25,28,28,30,31,32,33,35,37,38,39,40,42,46,48,52,67]},{"timeSet":26,"dateRange":1,"harmonicAverageSpeed":22.6,"medianSpeed":34.4,"averageSpeed":36.8,"standardDeviationSpeed":17.7,"travelTimeStandardDeviation":1.27,"sampleSize":175,"normalizedSampleSize":0.0207,"averageTravelTime":0.92,"medianTravelTime":0.6,"travelTimeRatio":0.69,"speedPercentiles":[6,17,23,26,28,30,31,32,33,34,36,38,40,43,44,47,48,55,77]},{"timeSet":27,"dateRange":1,"harmonicAverageSpeed":21.0,"medianSpeed":33.4,"averageSpeed":35.2,"standardDeviationSpeed":16.5,"travelTimeStandardDeviation":1.51,"sampleSize":185,"normalizedSampleSize":0.0218,"averageTravelTime":0.99,"medianTravelTime":0.62,"travelTimeRatio":0.74,"speedPercentiles":[7,14,23,25,27,29,30,31,32,33,36,38,40,41,43,45,49,53,64]},{"timeSet":28,"dateRange":1,"harmonicAverageSpeed":18.5,"medianSpeed":34.9,"averageSpeed":35.0,"standardDeviationSpeed":17.0,"travelTimeStandardDeviation":2.13,"sampleSize":101,"normalizedSampleSize":0.0119,"averageTravelTime":1.12,"medianTravelTime":0.59,"travelTimeRatio":0.84,"speedPercentiles":[5,17,24,26,28,29,31,32,33,35,36,37,39,40,41,42,47,49,56]},{"timeSet":5,"dateRange":2,"harmonicAverageSpeed":24.4,"medianSpeed":36.0,"averageSpeed":37.3,"standardDeviationSpeed":16.2,"travelTimeStandardDeviation":1.2,"sampleSize":136,"normalizedSampleSize":0.0161,"averageTravelTime":0.85,"medianTravelTime":0.58,"travelTimeRatio":1.0,"speedPercentiles":[8,19,25,27,28,31,33,34,35,36,37,39,40,43,46,47,50,53,64]},{"timeSet":6,"dateRange":2,"harmonicAverageSpeed":33.3,"medianSpeed":35.0,"averageSpeed":37.2,"standardDeviationSpeed":11.2,"travelTimeStandardDeviation":0.27,"sampleSize":80,"normalizedSampleSize":0.0094,"averageTravelTime":0.62,"medianTravelTime":0.59,"travelTimeRatio":0.73,"speedPercentiles":[22,25,26,28,29,31,32,33,33,35,37,39,40,41,44,45,47,52,59]},{"timeSet":7,"dateRange":2,"harmonicAverageSpeed":23.9,"medianSpeed":34.0,"averageSpeed":35.0,"standardDeviationSpeed":13.6,"travelTimeStandardDeviation":1.1,"sampleSize":44,"normalizedSampleSize":0.0052,"averageTravelTime":0.87,"medianTravelTime":0.61,"travelTimeRatio":1.02,"speedPercentiles":[9,22,24,28,29,30,32,32,33,34,35,36,37,38,40,43,46,47,56]},{"timeSet":8,"dateRange":2,"harmonicAverageSpeed":30.6,"medianSpeed":41.0,"averageSpeed":40.3,"standardDeviationSpeed":13.8,"travelTimeStandardDeviation":0.64,"sampleSize":15,"normalizedSampleSize":0.0018,"averageTravelTime":0.68,"medianTravelTime":0.51,"travelTimeRatio":0.8,"speedPercentiles":[7,29,29,29,29,35,38,38,40,41,41,41,44,46,51,51,56,58,61]},{"timeSet":9,"dateRange":2,"harmonicAverageSpeed":25.2,"medianSpeed":37.0,"averageSpeed":40.3,"standardDeviationSpeed":16.3,"travelTimeStandardDeviation":1.32,"sampleSize":22,"normalizedSampleSize":0.0026,"averageTravelTime":0.82,"medianTravelTime":0.56,"travelTimeRatio":0.97,"speedPercentiles":[24,25,27,28,28,34,34,35,37,37,41,42,44,44,48,54,56,59,73]},{"timeSet":10,"dateRange":2,"harmonicAverageSpeed":34.4,"medianSpeed":39.0,"averageSpeed":40.2,"standardDeviationSpeed":13.5,"travelTimeStandardDeviation":0.38,"sampleSize":92,"normalizedSampleSize":0.0109,"averageTravelTime":0.6,"medianTravelTime":0.53,"travelTimeRatio":0.71,"speedPercentiles":[24,27,29,31,32,34,36,36,38,39,39,41,42,43,46,48,51,57,68]},{"timeSet":11,"dateRange":2,"harmonicAverageSpeed":27.1,"medianSpeed":37.0,"averageSpeed":39.0,"standardDeviationSpeed":17.8,"travelTimeStandardDeviation":1.02,"sampleSize":245,"normalizedSampleSize":0.0289,"averageTravelTime":0.76,"medianTravelTime":0.56,"travelTimeRatio":0.9,"speedPercentiles":[13,23,27,28,30,31,33,34,35,37,38,40,41,42,45,48,53,60,73]},{"timeSet":12,"dateRange":2,"harmonicAverageSpeed":26.1,"medianSpeed":36.0,"averageSpeed":36.9,"standardDeviationSpeed":14.3,"travelTimeStandardDeviation":1.29,"sampleSize":534,"normalizedSampleSize":0.0631,"averageTravelTime":0.79,"medianTravelTime":0.58,"travelTimeRatio":0.94,"speedPercentiles":[16,23,26,27,29,30,32,33,34,36,37,39,40,42,43,45,48,51,62]},{"timeSet":13,"dateRange":2,"harmonicAverageSpeed":24.8,"medianSpeed":34.0,"averageSpeed":36.4,"standardDeviationSpeed":13.8,"travelTimeStandardDeviation":2.03,"sampleSize":859,"normalizedSampleSize":0.1014,"averageTravelTime":0.83,"medianTravelTime":0.61,"travelTimeRatio":0.98,"speedPercentiles":[18,23,25,27,28,29,30,32,33,34,36,37,39,41,44,46,49,52,61]},{"timeSet":14,"dateRange":2,"harmonicAverageSpeed":25.6,"medianSpeed":36.0,"averageSpeed":37.4,"standardDeviationSpeed":15.0,"travelTimeStandardDeviation":1.27,"sampleSize":567,"normalizedSampleSize":0.067,"averageTravelTime":0.81,"medianTravelTime":0.58,"travelTimeRatio":0.96,"speedPercentiles":[13,22,26,28,29,31,32,33,34,36,37,39,40,42,45,47,50,54,66]},{"timeSet":15,"dateRange":2,"harmonicAverageSpeed":21.5,"medianSpeed":34.0,"averageSpeed":35.6,"standardDeviationSpeed":15.4,"travelTimeStandardDeviation":1.71,"sampleSize":405,"normalizedSampleSize":0.0478,"averageTravelTime":0.96,"medianTravelTime":0.61,"travelTimeRatio":1.14,"speedPercentiles":[7,15,24,27,28,29,31,32,33,34,37,38,39,41,43,46,49,52,62]},{"timeSet":16,"dateRange":2,"harmonicAverageSpeed":26.9,"medianSpeed":35.0,"averageSpeed":37.0,"standardDeviationSpeed":15.8,"travelTimeStandardDeviation":0.92,"sampleSize":340,"normalizedSampleSize":0.0402,"averageTravelTime":0.77,"medianTravelTime":0.59,"travelTimeRatio":0.91,"speedPercentiles":[13,23,26,28,29,30,32,32,34,35,37,37,39,41,43,46,48,52,64]},{"timeSet":17,"dateRange":2,"harmonicAverageSpeed":23.8,"medianSpeed":34.0,"averageSpeed":35.3,"standardDeviationSpeed":13.6,"travelTimeStandardDeviation":1.48,"sampleSize":321,"normalizedSampleSize":0.0379,"averageTravelTime":0.87,"medianTravelTime":0.61,"travelTimeRatio":1.03,"speedPercentiles":[12,21,26,28,28,30,31,32,33,34,35,37,38,40,42,44,46,50,57]},{"timeSet":18,"dateRange":2,"harmonicAverageSpeed":26.2,"medianSpeed":35.0,"averageSpeed":35.3,"standardDeviationSpeed":14.1,"travelTimeStandardDeviation":0.88,"sampleSize":299,"normalizedSampleSize":0.0353,"averageTravelTime":0.79,"medianTravelTime":0.59,"travelTimeRatio":0.93,"speedPercentiles":[10,22,26,27,29,30,32,32,33,35,35,37,38,39,41,44,45,49,57]},{"timeSet":19,"dateRange":2,"harmonicAverageSpeed":25.6,"medianSpeed":35.0,"averageSpeed":36.4,"standardDeviationSpeed":14.3,"travelTimeStandardDeviation":1.1,"sampleSize":312,"normalizedSampleSize":0.0368,"averageTravelTime":0.81,"medianTravelTime":0.59,"travelTimeRatio":0.95,"speedPercentiles":[9,23,26,28,29,30,32,32,34,35,37,38,40,42,44,46,48,51,61]},{"timeSet":20,"dateRange":2,"harmonicAverageSpeed":29.2,"medianSpeed":35.0,"averageSpeed":37.0,"standardDeviationSpeed":14.3,"travelTimeStandardDeviation":0.65,"sampleSize":361,"normalizedSampleSize":0.0426,"averageTravelTime":0.71,"medianTravelTime":0.59,"travelTimeRatio":0.84,"speedPercentiles":[15,24,26,27,29,30,32,33,34,35,37,38,40,42,43,46,49,52,61]},{"timeSet":21,"dateRange":2,"harmonicAverageSpeed":22.6,"medianSpeed":34.0,"averageSpeed":34.8,"standardDeviationSpeed":13.9,"travelTimeStandardDeviation":1.46,"sampleSize":347,"normalizedSampleSize":0.041,"averageTravelTime":0.92,"medianTravelTime":0.61,"travelTimeRatio":1.08,"speedPercentiles":[10,17,25,28,29,30,31,32,33,34,35,37,38,39,41,45,47,50,57]},{"timeSet":22,"dateRange":2,"harmonicAverageSpeed":20.3,"medianSpeed":33.0,"averageSpeed":34.1,"standardDeviationSpeed":15.2,"travelTimeStandardDeviation":1.76,"sampleSize":407,"normalizedSampleSize":0.0481,"averageTravelTime":1.02,"medianTravelTime":0.63,"travelTimeRatio":1.2,"speedPercentiles":[6,12,23,26,28,29,30,32,32,33,35,36,38,39,41,43,45,50,58]},{"timeSet":23,"dateRange":2,"harmonicAverageSpeed":19.5,"medianSpeed":33.0,"averageSpeed":32.8,"standardDeviationSpeed":13.9,"travelTimeStandardDeviation":1.96,"sampleSize":380,"normalizedSampleSize":0.0449,"averageTravelTime":1.06,"medianTravelTime":0.63,"travelTimeRatio":1.25,"speedPercentiles":[6,13,22,25,27,29,30,31,32,33,34,35,36,37,39,41,44,48,53]},{"timeSet":24,"dateRange":2,"harmonicAverageSpeed":18.1,"medianSpeed":33.0,"averageSpeed":33.6,"standardDeviationSpeed":15.7,"travelTimeStandardDeviation":2.79,"sampleSize":366,"normalizedSampleSize":0.0432,"averageTravelTime":1.14,"medianTravelTime":0.63,"travelTimeRatio":1.35,"speedPercentiles":[6,13,19,24,27,29,30,31,32,33,34,35,37,38,40,43,47,50,61]},{"timeSet":25,"dateRange":2,"harmonicAverageSpeed":21.1,"medianSpeed":35.0,"averageSpeed":36.6,"standardDeviationSpeed":14.9,"travelTimeStandardDeviation":3.95,"sampleSize":332,"normalizedSampleSize":0.0392,"averageTravelTime":0.98,"medianTravelTime":0.59,"travelTimeRatio":1.16,"speedPercentiles":[13,22,26,28,29,31,32,33,34,35,36,37,38,40,41,44,48,53,64]},{"timeSet":26,"dateRange":2,"harmonicAverageSpeed":31.9,"medianSpeed":36.0,"averageSpeed":37.1,"standardDeviationSpeed":13.7,"travelTimeStandardDeviation":0.35,"sampleSize":205,"normalizedSampleSize":0.0242,"averageTravelTime":0.65,"medianTravelTime":0.58,"travelTimeRatio":0.77,"speedPercentiles":[18,22,24,27,30,31,32,33,35,36,36,37,40,41,43,45,48,53,62]},{"timeSet":27,"dateRange":2,"harmonicAverageSpeed":25.3,"medianSpeed":34.0,"averageSpeed":35.0,"standardDeviationSpeed":13.4,"travelTimeStandardDeviation":1.1,"sampleSize":220,"normalizedSampleSize":0.026,"averageTravelTime":0.82,"medianTravelTime":0.61,"travelTimeRatio":0.97,"speedPercentiles":[9,19,25,27,28,29,31,32,33,34,36,37,38,40,42,43,45,49,55]},{"timeSet":28,"dateRange":2,"harmonicAverageSpeed":20.3,"medianSpeed":36.0,"averageSpeed":35.8,"standardDeviationSpeed":15.3,"travelTimeStandardDeviation":1.93,"sampleSize":172,"normalizedSampleSize":0.0203,"averageTravelTime":1.02,"medianTravelTime":0.58,"travelTimeRatio":1.21,"speedPercentiles":[7,20,23,26,28,29,32,33,35,36,37,39,40,42,43,44,46,52,58]},{"timeSet":5,"dateRange":3,"harmonicAverageSpeed":19.3,"medianSpeed":33.0,"averageSpeed":34.9,"standardDeviationSpeed":13.2,"travelTimeStandardDeviation":2.89,"sampleSize":40,"normalizedSampleSize":0.0047,"averageTravelTime":1.08,"medianTravelTime":0.63,"travelTimeRatio":1.0,"speedPercentiles":[21,26,26,28,30,31,31,31,32,33,34,34,34,35,36,37,38,46,52]},{"timeSet":6,"dateRange":3,"harmonicAverageSpeed":26.9,"medianSpeed":31.0,"averageSpeed":34.2,"standardDeviationSpeed":15.5,"travelTimeStandardDeviation":0.47,"sampleSize":26,"normalizedSampleSize":0.0031,"averageTravelTime":0.77,"medianTravelTime":0.67,"travelTimeRatio":0.72,"speedPercentiles":[10,12,23,25,26,26,28,28,29,31,32,32,36,43,46,46,51,51,52]},{"timeSet":7,"dateRange":3,"harmonicAverageSpeed":32.2,"medianSpeed":33.0,"averageSpeed":33.8,"standardDeviationSpeed":7.3,"travelTimeStandardDeviation":0.16,"sampleSize":13,"normalizedSampleSize":0.0015,"averageTravelTime":0.64,"medianTravelTime":0.63,"travelTimeRatio":0.6,"speedPercentiles":[21,23,23,29,30,30,32,33,33,33,35,35,36,36,36,41,45,45,45]},{"timeSet":8,"dateRange":3,"harmonicAverageSpeed":37.0,"medianSpeed":39.0,"averageSpeed":39.0,"standardDeviationSpeed":9.7,"travelTimeStandardDeviation":0.13,"sampleSize":14,"normalizedSampleSize":0.0017,"averageTravelTime":0.56,"medianTravelTime":0.53,"travelTimeRatio":0.52,"speedPercentiles":[28,28,29,29,31,32,32,33,39,39,41,42,43,43,44,44,44,50,62]},{"timeSet":9,"dateRange":3,"harmonicAverageSpeed":35.9,"medianSpeed":36.0,"averageSpeed":41.0,"standardDeviationSpeed":16.7,"travelTimeStandardDeviation":0.2,"sampleSize":13,"normalizedSampleSize":0.0015,"averageTravelTime":0.58,"medianTravelTime":0.58,"travelTimeRatio":0.54,"speedPercentiles":[24,25,25,28,28,28,29,30,30,36,41,41,44,49,49,57,67,67,75]},{"timeSet":10,"dateRange":3,"harmonicAverageSpeed":20.3,"medianSpeed":30.0,"averageSpeed":32.0,"standardDeviationSpeed":16.5,"travelTimeStandardDeviation":1.16,"sampleSize":16,"normalizedSampleSize":0.0019,"averageTravelTime":1.02,"medianTravelTime":0.69,"travelTimeRatio":0.95,"speedPercentiles":[4,12,19,20,20,20,28,28,30,30,30,33,36,36,36,42,46,62,66]},{"timeSet":11,"dateRange":3,"harmonicAverageSpeed":29.1,"medianSpeed":34.0,"averageSpeed":36.9,"standardDeviationSpeed":13.4,"travelTimeStandardDeviation":0.66,"sampleSize":32,"normalizedSampleSize":0.0038,"averageTravelTime":0.71,"medianTravelTime":0.61,"travelTimeRatio":0.66,"speedPercentiles":[15,23,25,32,32,32,33,33,34,34,35,38,39,41,41,42,47,52,62]},{"timeSet":12,"dateRange":3,"harmonicAverageSpeed":31.0,"medianSpeed":38.0,"averageSpeed":39.8,"standardDeviationSpeed":17.3,"travelTimeStandardDeviation":0.45,"sampleSize":49,"normalizedSampleSize":0.0058,"averageTravelTime":0.67,"medianTravelTime":0.55,"travelTimeRatio":0.62,"speedPercentiles":[10,20,25,26,31,31,32,34,36,38,39,40,42,44,46,54,57,68,73]},{"timeSet":13,"dateRange":3,"harmonicAverageSpeed":22.4,"medianSpeed":33.0,"averageSpeed":36.7,"standardDeviationSpeed":18.7,"travelTimeStandardDeviation":1.49,"sampleSize":69,"normalizedSampleSize":0.0081,"averageTravelTime":0.92,"medianTravelTime":0.63,"travelTimeRatio":0.86,"speedPercentiles":[11,19,23,24,27,28,29,30,33,33,35,37,37,38,39,47,51,61,78]},{"timeSet":14,"dateRange":3,"harmonicAverageSpeed":25.6,"medianSpeed":34.0,"averageSpeed":36.4,"standardDeviationSpeed":15.5,"travelTimeStandardDeviation":1.16,"sampleSize":120,"normalizedSampleSize":0.0142,"averageTravelTime":0.81,"medianTravelTime":0.61,"travelTimeRatio":0.75,"speedPercentiles":[11,24,26,27,28,28,29,31,32,34,35,38,39,41,44,46,49,50,63]},{"timeSet":15,"dateRange":3,"harmonicAverageSpeed":29.6,"medianSpeed":36.0,"averageSpeed":37.9,"standardDeviationSpeed":14.8,"travelTimeStandardDeviation":0.64,"sampleSize":140,"normalizedSampleSize":0.0165,"averageTravelTime":0.7,"medianTravelTime":0.58,"travelTimeRatio":0.65,"speedPercentiles":[17,25,26,28,29,31,32,33,34,36,38,39,40,42,43,45,48,52,67]},{"timeSet":16,"dateRange":3,"harmonicAverageSpeed":22.9,"medianSpeed":35.0,"averageSpeed":36.4,"standardDeviationSpeed":15.1,"travelTimeStandardDeviation":1.92,"sampleSize":128,"normalizedSampleSize":0.0151,"averageTravelTime":0.91,"medianTravelTime":0.59,"travelTimeRatio":0.84,"speedPercentiles":[12,24,26,28,29,30,31,33,34,35,37,38,39,41,42,44,46,54,64]},{"timeSet":17,"dateRange":3,"harmonicAverageSpeed":20.4,"medianSpeed":34.0,"averageSpeed":36.3,"standardDeviationSpeed":15.6,"travelTimeStandardDeviation":1.88,"sampleSize":88,"normalizedSampleSize":0.0104,"averageTravelTime":1.02,"medianTravelTime":0.61,"travelTimeRatio":0.95,"speedPercentiles":[6,21,24,28,30,30,31,32,33,34,35,37,39,42,44,45,49,54,71]},{"timeSet":18,"dateRange":3,"harmonicAverageSpeed":29.9,"medianSpeed":35.0,"averageSpeed":38.0,"standardDeviationSpeed":16.4,"travelTimeStandardDeviation":0.56,"sampleSize":68,"normalizedSampleSize":0.008,"averageTravelTime":0.69,"medianTravelTime":0.59,"travelTimeRatio":0.64,"speedPercentiles":[14,23,26,28,30,32,33,33,35,35,36,37,40,42,44,48,48,59,67]},{"timeSet":19,"dateRange":3,"harmonicAverageSpeed":29.1,"medianSpeed":33.0,"averageSpeed":35.3,"standardDeviationSpeed":13.6,"travelTimeStandardDeviation":0.45,"sampleSize":67,"normalizedSampleSize":0.0079,"averageTravelTime":0.71,"medianTravelTime":0.63,"travelTimeRatio":0.66,"speedPercentiles":[11,21,26,26,28,29,30,31,32,33,35,37,38,39,40,42,47,56,64]},{"timeSet":20,"dateRange":3,"harmonicAverageSpeed":19.3,"medianSpeed":33.0,"averageSpeed":33.8,"standardDeviationSpeed":13.4,"travelTimeStandardDeviation":2.03,"sampleSize":93,"normalizedSampleSize":0.011,"averageTravelTime":1.08,"medianTravelTime":0.63,"travelTimeRatio":1.0,"speedPercentiles":[12,20,23,26,27,28,29,31,32,33,34,37,37,40,41,42,44,50,53]},{"timeSet":21,"dateRange":3,"harmonicAverageSpeed":27.4,"medianSpeed":36.0,"averageSpeed":37.5,"standardDeviationSpeed":15.2,"travelTimeStandardDeviation":0.91,"sampleSize":125,"normalizedSampleSize":0.0148,"averageTravelTime":0.76,"medianTravelTime":0.58,"travelTimeRatio":0.7,"speedPercentiles":[17,23,25,28,30,32,33,34,35,36,37,37,40,42,44,46,48,53,62]},{"timeSet":22,"dateRange":3,"harmonicAverageSpeed":29.1,"medianSpeed":35.0,"averageSpeed":35.0,"standardDeviationSpeed":11.4,"travelTimeStandardDeviation":0.47,"sampleSize":117,"normalizedSampleSize":0.0138,"averageTravelTime":0.71,"medianTravelTime":0.59,"travelTimeRatio":0.66,"speedPercentiles":[13,21,27,28,29,31,32,33,34,35,36,37,39,40,42,43,47,48,53]},{"timeSet":23,"dateRange":3,"harmonicAverageSpeed":25.6,"medianSpeed":37.0,"averageSpeed":37.8,"standardDeviationSpeed":13.8,"travelTimeStandardDeviation":1.69,"sampleSize":119,"normalizedSampleSize":0.0141,"averageTravelTime":0.81,"medianTravelTime":0.56,"travelTimeRatio":0.75,"speedPercentiles":[18,25,28,29,31,32,33,34,36,37,38,39,40,41,43,45,47,51,57]},{"timeSet":24,"dateRange":3,"harmonicAverageSpeed":25.1,"medianSpeed":33.0,"averageSpeed":35.6,"standardDeviationSpeed":13.8,"travelTimeStandardDeviation":1.29,"sampleSize":111,"normalizedSampleSize":0.0131,"averageTravelTime":0.83,"medianTravelTime":0.63,"travelTimeRatio":0.77,"speedPercentiles":[15,23,24,27,28,29,30,32,32,33,35,36,39,40,43,45,49,51,58]},{"timeSet":25,"dateRange":3,"harmonicAverageSpeed":27.2,"medianSpeed":36.0,"averageSpeed":36.7,"standardDeviationSpeed":14.7,"travelTimeStandardDeviation":0.93,"sampleSize":94,"normalizedSampleSize":0.0111,"averageTravelTime":0.76,"medianTravelTime":0.58,"travelTimeRatio":0.71,"speedPercentiles":[13,20,27,29,30,32,32,33,34,36,38,38,39,42,43,44,45,49,60]},{"timeSet":26,"dateRange":3,"harmonicAverageSpeed":33.3,"medianSpeed":35.0,"averageSpeed":38.6,"standardDeviationSpeed":19.2,"travelTimeStandardDeviation":0.24,"sampleSize":66,"normalizedSampleSize":0.0078,"averageTravelTime":0.62,"medianTravelTime":0.59,"travelTimeRatio":0.58,"speedPercentiles":[18,24,26,28,30,30,31,32,34,35,36,37,39,41,42,45,51,58,66]},{"timeSet":27,"dateRange":3,"harmonicAverageSpeed":27.3,"medianSpeed":34.0,"averageSpeed":35.4,"standardDeviationSpeed":10.6,"travelTimeStandardDeviation":1.22,"sampleSize":82,"normalizedSampleSize":0.0097,"averageTravelTime":0.76,"medianTravelTime":0.61,"travelTimeRatio":0.71,"speedPercentiles":[22,26,28,29,29,31,32,32,34,34,35,36,38,38,39,40,45,50,54]},{"timeSet":28,"dateRange":3,"harmonicAverageSpeed":21.8,"medianSpeed":36.0,"averageSpeed":40.2,"standardDeviationSpeed":21.7,"travelTimeStandardDeviation":1.66,"sampleSize":45,"normalizedSampleSize":0.0053,"averageTravelTime":0.95,"medianTravelTime":0.58,"travelTimeRatio":0.88,"speedPercentiles":[5,22,27,27,30,31,32,34,35,36,37,40,42,43,45,47,55,64,82]},{"timeSet":5,"dateRange":4,"harmonicAverageSpeed":35.5,"medianSpeed":41.7,"averageSpeed":40.6,"standardDeviationSpeed":11.9,"travelTimeStandardDeviation":0.31,"sampleSize":73,"normalizedSampleSize":0.0086,"averageTravelTime":0.58,"medianTravelTime":0.5,"travelTimeRatio":1.0,"speedPercentiles":[18,28,30,31,33,34,36,39,40,42,43,43,44,45,46,48,51,53,62]},{"timeSet":6,"dateRange":4,"harmonicAverageSpeed":25.0,"medianSpeed":36.2,"averageSpeed":39.1,"standardDeviationSpeed":21.6,"travelTimeStandardDeviation":0.99,"sampleSize":33,"normalizedSampleSize":0.0039,"averageTravelTime":0.83,"medianTravelTime":0.57,"travelTimeRatio":1.42,"speedPercentiles":[8,22,23,25,26,27,28,29,34,36,37,38,39,42,49,52,59,72,89]},{"timeSet":7,"dateRange":4,"harmonicAverageSpeed":17.3,"medianSpeed":32.2,"averageSpeed":29.5,"standardDeviationSpeed":14.9,"travelTimeStandardDeviation":1.31,"sampleSize":20,"normalizedSampleSize":0.0024,"averageTravelTime":1.2,"medianTravelTime":0.64,"travelTimeRatio":2.06,"speedPercentiles":[4,8,8,9,16,18,27,29,31,32,32,33,35,37,39,41,41,46,51]},{"timeSet":8,"dateRange":4,"harmonicAverageSpeed":20.2,"medianSpeed":30.0,"averageSpeed":36.0,"standardDeviationSpeed":22.5,"travelTimeStandardDeviation":1.11,"sampleSize":10,"normalizedSampleSize":0.0012,"averageTravelTime":1.03,"medianTravelTime":0.69,"travelTimeRatio":1.75,"speedPercentiles":[5,5,10,10,29,29,30,30,30,30,39,39,43,43,43,43,43,43,88]},{"timeSet":9,"dateRange":4,"harmonicAverageSpeed":19.2,"medianSpeed":36.1,"averageSpeed":42.9,"standardDeviationSpeed":31.6,"travelTimeStandardDeviation":1.91,"sampleSize":14,"normalizedSampleSize":0.0017,"averageTravelTime":1.08,"medianTravelTime":0.57,"travelTimeRatio":1.85,"speedPercentiles":[3,22,22,22,24,30,30,33,36,36,38,40,42,42,49,53,53,74,136]},{"timeSet":10,"dateRange":4,"harmonicAverageSpeed":13.8,"medianSpeed":28.3,"averageSpeed":30.2,"standardDeviationSpeed":17.3,"travelTimeStandardDeviation":2.46,"sampleSize":30,"normalizedSampleSize":0.0035,"averageTravelTime":1.5,"medianTravelTime":0.73,"travelTimeRatio":2.57,"speedPercentiles":[2,4,16,16,21,22,24,25,27,28,30,31,33,34,38,38,43,50,72]},{"timeSet":11,"dateRange":4,"harmonicAverageSpeed":30.7,"medianSpeed":34.5,"averageSpeed":36.3,"standardDeviationSpeed":16.9,"travelTimeStandardDeviation":0.31,"sampleSize":32,"normalizedSampleSize":0.0038,"averageTravelTime":0.68,"medianTravelTime":0.6,"travelTimeRatio":1.16,"speedPercentiles":[17,23,23,25,25,28,29,30,33,35,38,40,40,41,41,42,43,45,64]},{"timeSet":12,"dateRange":4,"harmonicAverageSpeed":33.9,"medianSpeed":36.2,"averageSpeed":38.0,"standardDeviationSpeed":12.6,"travelTimeStandardDeviation":0.24,"sampleSize":51,"normalizedSampleSize":0.006,"averageTravelTime":0.61,"medianTravelTime":0.57,"travelTimeRatio":1.05,"speedPercentiles":[20,23,28,30,32,32,33,34,35,36,37,38,40,41,45,45,51,54,62]},{"timeSet":13,"dateRange":4,"harmonicAverageSpeed":17.8,"medianSpeed":35.1,"averageSpeed":36.0,"standardDeviationSpeed":16.9,"travelTimeStandardDeviation":2.32,"sampleSize":104,"normalizedSampleSize":0.0123,"averageTravelTime":1.16,"medianTravelTime":0.59,"travelTimeRatio":1.99,"speedPercentiles":[5,16,23,27,28,29,29,31,34,35,37,38,40,44,45,48,52,55,63]},{"timeSet":14,"dateRange":4,"harmonicAverageSpeed":24.6,"medianSpeed":37.0,"averageSpeed":37.4,"standardDeviationSpeed":15.3,"travelTimeStandardDeviation":1.15,"sampleSize":175,"normalizedSampleSize":0.0207,"averageTravelTime":0.84,"medianTravelTime":0.56,"travelTimeRatio":1.44,"speedPercentiles":[6,22,25,28,30,31,33,34,35,37,39,39,41,43,44,46,49,54,66]},{"timeSet":15,"dateRange":4,"harmonicAverageSpeed":20.8,"medianSpeed":34.5,"averageSpeed":36.0,"standardDeviationSpeed":17.3,"travelTimeStandardDeviation":1.68,"sampleSize":188,"normalizedSampleSize":0.0222,"averageTravelTime":1.0,"medianTravelTime":0.6,"travelTimeRatio":1.71,"speedPercentiles":[6,16,23,25,28,29,30,32,33,35,37,38,40,42,44,45,48,52,70]},{"timeSet":16,"dateRange":4,"harmonicAverageSpeed":25.1,"medianSpeed":34.4,"averageSpeed":35.8,"standardDeviationSpeed":14.8,"travelTimeStandardDeviation":1.03,"sampleSize":216,"normalizedSampleSize":0.0255,"averageTravelTime":0.82,"medianTravelTime":0.6,"travelTimeRatio":1.41,"speedPercentiles":[10,19,25,27,28,29,31,33,34,34,36,38,39,42,43,45,48,52,60]},{"timeSet":17,"dateRange":4,"harmonicAverageSpeed":18.5,"medianSpeed":37.0,"averageSpeed":38.0,"standardDeviationSpeed":18.2,"travelTimeStandardDeviation":2.82,"sampleSize":215,"normalizedSampleSize":0.0254,"averageTravelTime":1.12,"medianTravelTime":0.56,"travelTimeRatio":1.92,"speedPercentiles":[5,13,24,28,29,30,33,34,36,37,38,40,42,44,45,48,51,58,76]},{"timeSet":18,"dateRange":4,"harmonicAverageSpeed":17.2,"medianSpeed":35.1,"averageSpeed":36.0,"standardDeviationSpeed":17.0,"travelTimeStandardDeviation":2.61,"sampleSize":147,"normalizedSampleSize":0.0174,"averageTravelTime":1.21,"medianTravelTime":0.59,"travelTimeRatio":2.07,"speedPercentiles":[6,13,22,26,28,29,30,32,34,35,36,38,39,42,43,45,48,55,66]},{"timeSet":19,"dateRange":4,"harmonicAverageSpeed":26.9,"medianSpeed":38.8,"averageSpeed":39.9,"standardDeviationSpeed":17.6,"travelTimeStandardDeviation":0.95,"sampleSize":167,"normalizedSampleSize":0.0197,"averageTravelTime":0.77,"medianTravelTime":0.53,"travelTimeRatio":1.32,"speedPercentiles":[9,19,26,29,31,33,33,35,37,39,40,42,44,45,46,48,54,63,75]},{"timeSet":20,"dateRange":4,"harmonicAverageSpeed":24.0,"medianSpeed":35.6,"averageSpeed":38.4,"standardDeviationSpeed":18.3,"travelTimeStandardDeviation":1.39,"sampleSize":188,"normalizedSampleSize":0.0222,"averageTravelTime":0.86,"medianTravelTime":0.58,"travelTimeRatio":1.48,"speedPercentiles":[9,19,26,28,29,30,32,34,35,36,38,39,41,43,45,47,49,58,80]},{"timeSet":21,"dateRange":4,"harmonicAverageSpeed":24.1,"medianSpeed":35.6,"averageSpeed":36.6,"standardDeviationSpeed":16.0,"travelTimeStandardDeviation":1.2,"sampleSize":212,"normalizedSampleSize":0.025,"averageTravelTime":0.86,"medianTravelTime":0.58,"travelTimeRatio":1.47,"speedPercentiles":[8,18,24,26,28,29,30,31,33,36,37,39,40,42,44,47,50,59,65]},{"timeSet":22,"dateRange":4,"harmonicAverageSpeed":18.3,"medianSpeed":34.2,"averageSpeed":34.3,"standardDeviationSpeed":14.5,"travelTimeStandardDeviation":2.5,"sampleSize":175,"normalizedSampleSize":0.0207,"averageTravelTime":1.14,"medianTravelTime":0.61,"travelTimeRatio":1.94,"speedPercentiles":[6,13,24,26,27,29,30,32,33,34,35,36,38,40,42,43,46,50,60]},{"timeSet":23,"dateRange":4,"harmonicAverageSpeed":17.4,"medianSpeed":34.9,"averageSpeed":36.6,"standardDeviationSpeed":17.6,"travelTimeStandardDeviation":3.62,"sampleSize":154,"normalizedSampleSize":0.0182,"averageTravelTime":1.19,"medianTravelTime":0.59,"travelTimeRatio":2.04,"speedPercentiles":[6,19,25,26,28,30,31,33,34,35,37,37,40,41,43,46,48,54,69]},{"timeSet":24,"dateRange":4,"harmonicAverageSpeed":23.4,"medianSpeed":31.8,"averageSpeed":34.3,"standardDeviationSpeed":15.6,"travelTimeStandardDeviation":1.21,"sampleSize":164,"normalizedSampleSize":0.0194,"averageTravelTime":0.89,"medianTravelTime":0.65,"travelTimeRatio":1.52,"speedPercentiles":[10,19,24,26,27,28,29,30,31,32,33,34,35,37,40,42,45,51,64]},{"timeSet":25,"dateRange":4,"harmonicAverageSpeed":16.6,"medianSpeed":34.5,"averageSpeed":33.7,"standardDeviationSpeed":15.4,"travelTimeStandardDeviation":2.48,"sampleSize":121,"normalizedSampleSize":0.0143,"averageTravelTime":1.25,"medianTravelTime":0.6,"travelTimeRatio":2.14,"speedPercentiles":[5,9,17,23,28,28,30,32,34,35,36,37,40,41,43,45,48,52,58]},{"timeSet":26,"dateRange":4,"harmonicAverageSpeed":21.4,"medianSpeed":33.4,"averageSpeed":33.9,"standardDeviationSpeed":16.8,"travelTimeStandardDeviation":1.06,"sampleSize":79,"normalizedSampleSize":0.0093,"averageTravelTime":0.97,"medianTravelTime":0.62,"travelTimeRatio":1.66,"speedPercentiles":[5,11,16,23,24,27,28,30,31,33,36,38,40,41,41,45,48,53,65]},{"timeSet":27,"dateRange":4,"harmonicAverageSpeed":26.9,"medianSpeed":34.4,"averageSpeed":37.2,"standardDeviationSpeed":16.4,"travelTimeStandardDeviation":0.84,"sampleSize":72,"normalizedSampleSize":0.0085,"averageTravelTime":0.77,"medianTravelTime":0.6,"travelTimeRatio":1.32,"speedPercentiles":[8,24,25,26,28,29,31,32,33,34,37,39,40,42,43,47,51,55,63]},{"timeSet":28,"dateRange":4,"harmonicAverageSpeed":20.3,"medianSpeed":31.9,"averageSpeed":32.8,"standardDeviationSpeed":16.4,"travelTimeStandardDeviation":1.52,"sampleSize":77,"normalizedSampleSize":0.0091,"averageTravelTime":1.02,"medianTravelTime":0.65,"travelTimeRatio":1.75,"speedPercentiles":[9,11,14,23,25,28,29,29,31,32,32,34,35,36,39,41,47,53,73]}]}},{"type":"Feature","geometry":{"type":"LineString","coordinates":[[12.39694,41.77561],[12.39683,41.77568]]},"properties":{"segmentId":-13800006876584,"newSegmentId":"-00004931-3600-0400-0000-0000015b757d","speedLimit":90,"frc":4,"streetName":"Via di Malafede","distance":12.41,"segmentTimeResults":[{"timeSet":5,"dateRange":1,"harmonicAverageSpeed":5.4,"medianSpeed":37.0,"averageSpeed":33.9,"standardDeviationSpeed":16.7,"travelTimeStandardDeviation":29.59,"sampleSize":25,"normalizedSampleSize":0.003,"averageTravelTime":8.27,"medianTravelTime":1.21,"travelTimeRatio":1.0,"speedPercentiles":[2,7,12,15,26,27,27,31,37,37,39,41,42,44,44,48,48,52,60]},{"timeSet":6,"dateRange":1,"harmonicAverageSpeed":15.0,"medianSpeed":32.5,"averageSpeed":32.7,"standardDeviationSpeed":17.6,"travelTimeStandardDeviation":4.07,"sampleSize":13,"normalizedSampleSize":0.0015,"averageTravelTime":2.98,"medianTravelTime":1.37,"travelTimeRatio":0.36,"speedPercentiles":[3,4,4,16,26,26,29,30,30,33,35,35,44,44,44,47,53,53,61]},{"timeSet":7,"dateRange":1,"harmonicAverageSpeed":35.9,"medianSpeed":31.5,"averageSpeed":36.7,"standardDeviationSpeed":7.3,"travelTimeStandardDeviation":0.25,"sampleSize":2,"normalizedSampleSize":2.0E-4,"averageTravelTime":1.24,"medianTravelTime":1.42,"travelTimeRatio":0.15,"speedPercentiles":[32,32,32,32,32,32,32,32,32,32,42,42,42,42,42,42,42,42,42]},{"timeSet":8,"dateRange":1,"harmonicAverageSpeed":0.0,"medianSpeed":0.0,"averageSpeed":0.0,"sampleSize":0,"normalizedSampleSize":0.0,"averageTravelTime":0.0,"medianTravelTime":0.0,"travelTimeRatio":0.0,"speedPercentiles":[0,0,0,0,0,0,0,0,0,0,0,0,0,0,0,0,0,0,0]},{"timeSet":9,"dateRange":1,"harmonicAverageSpeed":44.5,"medianSpeed":32.6,"averageSpeed":51.4,"standardDeviationSpeed":26.5,"travelTimeStandardDeviation":0.52,"sampleSize":2,"normalizedSampleSize":2.0E-4,"averageTravelTime":1.0,"medianTravelTime":1.37,"travelTimeRatio":0.12,"speedPercentiles":[33,33,33,33,33,33,33,33,33,33,70,70,70,70,70,70,70,70,70]},{"timeSet":10,"dateRange":1,"harmonicAverageSpeed":15.4,"medianSpeed":32.4,"averageSpeed":28.1,"standardDeviationSpeed":15.3,"travelTimeStandardDeviation":2.89,"sampleSize":10,"normalizedSampleSize":0.0012,"averageTravelTime":2.89,"medianTravelTime":1.38,"travelTimeRatio":0.35,"speedPercentiles":[5,5,6,6,11,11,30,30,32,32,34,34,35,35,37,37,44,44,47]},{"timeSet":11,"dateRange":1,"harmonicAverageSpeed":18.5,"medianSpeed":31.3,"averageSpeed":32.6,"standardDeviationSpeed":19.3,"travelTimeStandardDeviation":2.96,"sampleSize":25,"normalizedSampleSize":0.003,"averageTravelTime":2.42,"medianTravelTime":1.43,"travelTimeRatio":0.29,"speedPercentiles":[8,9,10,10,28,28,28,29,30,31,32,34,36,36,37,39,40,63,66]},{"timeSet":12,"dateRange":1,"harmonicAverageSpeed":15.7,"medianSpeed":29.3,"averageSpeed":28.9,"standardDeviationSpeed":14.8,"travelTimeStandardDeviation":4.62,"sampleSize":31,"normalizedSampleSize":0.0037,"averageTravelTime":2.84,"medianTravelTime":1.52,"travelTimeRatio":0.34,"speedPercentiles":[5,11,12,19,20,21,24,25,29,29,30,32,33,35,37,38,43,44,63]},{"timeSet":13,"dateRange":1,"harmonicAverageSpeed":10.5,"medianSpeed":31.6,"averageSpeed":32.4,"standardDeviationSpeed":14.3,"travelTimeStandardDeviation":12.61,"sampleSize":57,"normalizedSampleSize":0.0067,"averageTravelTime":4.27,"medianTravelTime":1.41,"travelTimeRatio":0.52,"speedPercentiles":[2,8,22,25,27,29,29,30,31,32,33,33,36,39,41,42,44,46,59]},{"timeSet":14,"dateRange":1,"harmonicAverageSpeed":18.6,"medianSpeed":33.7,"averageSpeed":34.0,"standardDeviationSpeed":15.5,"travelTimeStandardDeviation":5.24,"sampleSize":88,"normalizedSampleSize":0.0104,"averageTravelTime":2.4,"medianTravelTime":1.33,"travelTimeRatio":0.29,"speedPercentiles":[12,14,19,25,27,30,31,32,33,34,35,36,37,38,40,44,45,48,55]},{"timeSet":15,"dateRange":1,"harmonicAverageSpeed":21.4,"medianSpeed":35.6,"averageSpeed":36.1,"standardDeviationSpeed":17.5,"travelTimeStandardDeviation":3.13,"sampleSize":105,"normalizedSampleSize":0.0124,"averageTravelTime":2.09,"medianTravelTime":1.25,"travelTimeRatio":0.25,"speedPercentiles":[7,14,20,25,28,30,32,33,34,36,37,38,40,42,43,43,46,52,72]},{"timeSet":16,"dateRange":1,"harmonicAverageSpeed":22.7,"medianSpeed":34.6,"averageSpeed":37.1,"standardDeviationSpeed":16.7,"travelTimeStandardDeviation":3.99,"sampleSize":102,"normalizedSampleSize":0.012,"averageTravelTime":1.97,"medianTravelTime":1.29,"travelTimeRatio":0.24,"speedPercentiles":[17,22,26,28,29,31,32,33,33,35,36,38,39,41,43,45,48,56,62]},{"timeSet":17,"dateRange":1,"harmonicAverageSpeed":19.8,"medianSpeed":33.8,"averageSpeed":33.9,"standardDeviationSpeed":13.0,"travelTimeStandardDeviation":3.81,"sampleSize":108,"normalizedSampleSize":0.0128,"averageTravelTime":2.26,"medianTravelTime":1.32,"travelTimeRatio":0.27,"speedPercentiles":[5,16,22,26,29,30,31,32,33,34,35,36,37,39,41,43,46,51,57]},{"timeSet":18,"dateRange":1,"harmonicAverageSpeed":24.1,"medianSpeed":34.6,"averageSpeed":36.7,"standardDeviationSpeed":17.1,"travelTimeStandardDeviation":2.59,"sampleSize":120,"normalizedSampleSize":0.0142,"averageTravelTime":1.86,"medianTravelTime":1.29,"travelTimeRatio":0.22,"speedPercentiles":[8,20,26,27,29,31,32,33,34,35,35,37,38,40,43,45,49,55,58]},{"timeSet":19,"dateRange":1,"harmonicAverageSpeed":20.3,"medianSpeed":33.8,"averageSpeed":35.3,"standardDeviationSpeed":18.8,"travelTimeStandardDeviation":3.66,"sampleSize":117,"normalizedSampleSize":0.0138,"averageTravelTime":2.2,"medianTravelTime":1.32,"travelTimeRatio":0.27,"speedPercentiles":[5,19,23,25,27,30,31,32,32,34,34,35,38,38,41,43,44,52,62]},{"timeSet":20,"dateRange":1,"harmonicAverageSpeed":13.1,"medianSpeed":32.0,"averageSpeed":31.2,"standardDeviationSpeed":17.7,"travelTimeStandardDeviation":6.5,"sampleSize":112,"normalizedSampleSize":0.0132,"averageTravelTime":3.41,"medianTravelTime":1.4,"travelTimeRatio":0.41,"speedPercentiles":[4,8,9,15,24,27,30,30,32,32,33,34,35,36,37,40,46,48,52]},{"timeSet":21,"dateRange":1,"harmonicAverageSpeed":13.9,"medianSpeed":30.9,"averageSpeed":29.1,"standardDeviationSpeed":15.4,"travelTimeStandardDeviation":6.59,"sampleSize":146,"normalizedSampleSize":0.0172,"averageTravelTime":3.22,"medianTravelTime":1.45,"travelTimeRatio":0.39,"speedPercentiles":[4,7,11,19,23,25,28,30,30,31,32,33,34,35,36,37,38,41,44]},{"timeSet":22,"dateRange":1,"harmonicAverageSpeed":20.5,"medianSpeed":30.9,"averageSpeed":29.8,"standardDeviationSpeed":12.7,"travelTimeStandardDeviation":2.15,"sampleSize":128,"normalizedSampleSize":0.0151,"averageTravelTime":2.18,"medianTravelTime":1.45,"travelTimeRatio":0.26,"speedPercentiles":[7,9,17,22,25,27,28,29,30,31,32,33,34,35,36,38,40,42,46]},{"timeSet":23,"dateRange":1,"harmonicAverageSpeed":13.9,"medianSpeed":29.3,"averageSpeed":27.2,"standardDeviationSpeed":11.4,"travelTimeStandardDeviation":6.34,"sampleSize":153,"normalizedSampleSize":0.0181,"averageTravelTime":3.21,"medianTravelTime":1.52,"travelTimeRatio":0.39,"speedPercentiles":[4,7,13,18,23,25,26,28,29,29,30,31,32,33,34,35,37,40,42]},{"timeSet":24,"dateRange":1,"harmonicAverageSpeed":14.7,"medianSpeed":30.4,"averageSpeed":28.7,"standardDeviationSpeed":12.3,"travelTimeStandardDeviation":6.08,"sampleSize":204,"normalizedSampleSize":0.0241,"averageTravelTime":3.03,"medianTravelTime":1.47,"travelTimeRatio":0.37,"speedPercentiles":[3,10,16,21,23,26,28,29,29,30,32,32,33,34,35,36,38,42,45]},{"timeSet":25,"dateRange":1,"harmonicAverageSpeed":20.9,"medianSpeed":33.9,"averageSpeed":33.8,"standardDeviationSpeed":13.7,"travelTimeStandardDeviation":3.14,"sampleSize":127,"normalizedSampleSize":0.015,"averageTravelTime":2.14,"medianTravelTime":1.32,"travelTimeRatio":0.26,"speedPercentiles":[5,19,25,28,29,31,32,32,33,34,35,36,38,38,39,40,41,46,57]},{"timeSet":26,"dateRange":1,"harmonicAverageSpeed":21.0,"medianSpeed":34.0,"averageSpeed":36.6,"standardDeviationSpeed":19.2,"travelTimeStandardDeviation":3.05,"sampleSize":81,"normalizedSampleSize":0.0096,"averageTravelTime":2.12,"medianTravelTime":1.31,"travelTimeRatio":0.26,"speedPercentiles":[6,15,20,26,29,30,31,32,33,34,35,37,38,42,44,47,48,57,80]},{"timeSet":27,"dateRange":1,"harmonicAverageSpeed":19.7,"medianSpeed":33.3,"averageSpeed":34.0,"standardDeviationSpeed":16.2,"travelTimeStandardDeviation":3.55,"sampleSize":78,"normalizedSampleSize":0.0092,"averageTravelTime":2.27,"medianTravelTime":1.34,"travelTimeRatio":0.27,"speedPercentiles":[5,14,21,25,27,30,31,32,32,33,34,36,37,38,40,42,45,50,61]},{"timeSet":28,"dateRange":1,"harmonicAverageSpeed":19.8,"medianSpeed":34.6,"averageSpeed":35.4,"standardDeviationSpeed":22.0,"travelTimeStandardDeviation":2.95,"sampleSize":37,"normalizedSampleSize":0.0044,"averageTravelTime":2.25,"medianTravelTime":1.29,"travelTimeRatio":0.27,"speedPercentiles":[4,8,16,26,29,31,32,32,33,35,36,36,37,39,40,41,41,42,86]},{"timeSet":5,"dateRange":2,"harmonicAverageSpeed":28.7,"medianSpeed":35.0,"averageSpeed":36.0,"standardDeviationSpeed":15.0,"travelTimeStandardDeviation":1.27,"sampleSize":66,"normalizedSampleSize":0.0078,"averageTravelTime":1.56,"medianTravelTime":1.28,"travelTimeRatio":1.0,"speedPercentiles":[13,22,25,30,30,32,33,33,34,35,35,36,36,38,41,45,47,49,51]},{"timeSet":6,"dateRange":2,"harmonicAverageSpeed":33.1,"medianSpeed":35.0,"averageSpeed":36.5,"standardDeviationSpeed":10.0,"travelTimeStandardDeviation":0.55,"sampleSize":42,"normalizedSampleSize":0.005,"averageTravelTime":1.35,"medianTravelTime":1.28,"travelTimeRatio":0.87,"speedPercentiles":[25,26,28,28,30,31,32,33,34,35,38,39,40,41,42,45,46,48,54]},{"timeSet":7,"dateRange":2,"harmonicAverageSpeed":22.5,"medianSpeed":34.0,"averageSpeed":33.5,"standardDeviationSpeed":11.8,"travelTimeStandardDeviation":2.7,"sampleSize":25,"normalizedSampleSize":0.003,"averageTravelTime":1.99,"medianTravelTime":1.31,"travelTimeRatio":1.27,"speedPercentiles":[9,17,24,29,30,31,32,32,33,34,34,35,38,38,40,40,43,47,54]},{"timeSet":8,"dateRange":2,"harmonicAverageSpeed":40.1,"medianSpeed":39.0,"averageSpeed":43.0,"standardDeviationSpeed":13.4,"travelTimeStandardDeviation":0.33,"sampleSize":4,"normalizedSampleSize":5.0E-4,"averageTravelTime":1.11,"medianTravelTime":1.15,"travelTimeRatio":0.71,"speedPercentiles":[29,29,29,29,29,39,39,39,39,39,43,43,43,43,43,61,61,61,61]},{"timeSet":9,"dateRange":2,"harmonicAverageSpeed":28.1,"medianSpeed":24.0,"averageSpeed":29.0,"standardDeviationSpeed":7.1,"travelTimeStandardDeviation":0.39,"sampleSize":2,"normalizedSampleSize":2.0E-4,"averageTravelTime":1.59,"medianTravelTime":1.86,"travelTimeRatio":1.02,"speedPercentiles":[24,24,24,24,24,24,24,24,24,24,34,34,34,34,34,34,34,34,34]},{"timeSet":10,"dateRange":2,"harmonicAverageSpeed":30.8,"medianSpeed":33.0,"averageSpeed":36.5,"standardDeviationSpeed":13.3,"travelTimeStandardDeviation":0.79,"sampleSize":16,"normalizedSampleSize":0.0019,"averageTravelTime":1.45,"medianTravelTime":1.35,"travelTimeRatio":0.93,"speedPercentiles":[11,20,26,29,29,29,31,32,33,33,39,39,41,42,42,43,51,51,67]},{"timeSet":11,"dateRange":2,"harmonicAverageSpeed":19.0,"medianSpeed":31.0,"averageSpeed":30.0,"standardDeviationSpeed":13.3,"travelTimeStandardDeviation":3.04,"sampleSize":33,"normalizedSampleSize":0.0039,"averageTravelTime":2.35,"medianTravelTime":1.44,"travelTimeRatio":1.51,"speedPercentiles":[8,10,13,16,24,25,27,29,30,31,33,33,35,38,40,42,44,44,54]},{"timeSet":12,"dateRange":2,"harmonicAverageSpeed":22.2,"medianSpeed":32.0,"averageSpeed":31.4,"standardDeviationSpeed":9.4,"travelTimeStandardDeviation":2.77,"sampleSize":60,"normalizedSampleSize":0.0071,"averageTravelTime":2.02,"medianTravelTime":1.4,"travelTimeRatio":1.29,"speedPercentiles":[5,22,24,26,27,28,29,30,31,32,33,34,34,36,37,37,38,40,42]},{"timeSet":13,"dateRange":2,"harmonicAverageSpeed":21.4,"medianSpeed":31.0,"averageSpeed":31.1,"standardDeviationSpeed":12.2,"travelTimeStandardDeviation":2.81,"sampleSize":56,"normalizedSampleSize":0.0066,"averageTravelTime":2.09,"medianTravelTime":1.44,"travelTimeRatio":1.34,"speedPercentiles":[6,19,25,27,27,27,28,29,30,31,31,33,33,34,35,38,39,41,50]},{"timeSet":14,"dateRange":2,"harmonicAverageSpeed":20.8,"medianSpeed":33.0,"averageSpeed":33.0,"standardDeviationSpeed":12.4,"travelTimeStandardDeviation":3.22,"sampleSize":109,"normalizedSampleSize":0.0129,"averageTravelTime":2.15,"medianTravelTime":1.35,"travelTimeRatio":1.38,"speedPercentiles":[6,14,21,26,28,29,30,31,33,33,35,37,38,39,41,42,44,45,53]},{"timeSet":15,"dateRange":2,"harmonicAverageSpeed":19.9,"medianSpeed":32.0,"averageSpeed":30.1,"standardDeviationSpeed":12.2,"travelTimeStandardDeviation":2.46,"sampleSize":117,"normalizedSampleSize":0.0138,"averageTravelTime":2.24,"medianTravelTime":1.4,"travelTimeRatio":1.44,"speedPercentiles":[7,9,14,16,26,28,29,30,31,32,32,34,35,36,38,40,42,45,48]},{"timeSet":16,"dateRange":2,"harmonicAverageSpeed":20.5,"medianSpeed":32.0,"averageSpeed":34.0,"standardDeviationSpeed":15.7,"travelTimeStandardDeviation":4.69,"sampleSize":114,"normalizedSampleSize":0.0135,"averageTravelTime":2.18,"medianTravelTime":1.4,"travelTimeRatio":1.4,"speedPercentiles":[14,17,24,27,28,29,30,31,32,32,34,35,36,37,40,42,43,46,51]},{"timeSet":17,"dateRange":2,"harmonicAverageSpeed":25.1,"medianSpeed":33.0,"averageSpeed":33.8,"standardDeviationSpeed":13.0,"travelTimeStandardDeviation":1.89,"sampleSize":121,"normalizedSampleSize":0.0143,"averageTravelTime":1.78,"medianTravelTime":1.35,"travelTimeRatio":1.14,"speedPercentiles":[13,16,26,28,29,30,31,32,32,33,34,35,36,38,39,42,43,46,49]},{"timeSet":18,"dateRange":2,"harmonicAverageSpeed":28.1,"medianSpeed":35.0,"averageSpeed":34.3,"standardDeviationSpeed":10.1,"travelTimeStandardDeviation":1.6,"sampleSize":116,"normalizedSampleSize":0.0137,"averageTravelTime":1.59,"medianTravelTime":1.28,"travelTimeRatio":1.02,"speedPercentiles":[15,23,27,29,29,32,32,33,34,35,35,36,37,38,39,39,42,44,51]},{"timeSet":19,"dateRange":2,"harmonicAverageSpeed":23.4,"medianSpeed":34.0,"averageSpeed":34.3,"standardDeviationSpeed":13.2,"travelTimeStandardDeviation":3.05,"sampleSize":100,"normalizedSampleSize":0.0118,"averageTravelTime":1.91,"medianTravelTime":1.31,"travelTimeRatio":1.23,"speedPercentiles":[8,15,22,27,30,31,32,32,34,34,35,37,38,39,41,42,46,48,51]},{"timeSet":20,"dateRange":2,"harmonicAverageSpeed":24.0,"medianSpeed":33.0,"averageSpeed":34.0,"standardDeviationSpeed":14.1,"travelTimeStandardDeviation":2.92,"sampleSize":114,"normalizedSampleSize":0.0135,"averageTravelTime":1.86,"medianTravelTime":1.35,"travelTimeRatio":1.2,"speedPercentiles":[12,15,24,27,28,29,30,31,32,33,34,34,35,36,40,43,45,48,59]},{"timeSet":21,"dateRange":2,"harmonicAverageSpeed":21.4,"medianSpeed":31.0,"averageSpeed":30.4,"standardDeviationSpeed":9.1,"travelTimeStandardDeviation":3.33,"sampleSize":107,"normalizedSampleSize":0.0126,"averageTravelTime":2.09,"medianTravelTime":1.44,"travelTimeRatio":1.34,"speedPercentiles":[10,20,24,27,28,29,29,30,31,31,32,33,34,35,35,36,38,40,41]},{"timeSet":22,"dateRange":2,"harmonicAverageSpeed":15.5,"medianSpeed":32.0,"averageSpeed":30.6,"standardDeviationSpeed":12.1,"travelTimeStandardDeviation":8.43,"sampleSize":138,"normalizedSampleSize":0.0163,"averageTravelTime":2.88,"medianTravelTime":1.4,"travelTimeRatio":1.85,"speedPercentiles":[6,10,21,24,26,28,29,30,31,32,32,33,34,36,37,39,40,42,45]},{"timeSet":23,"dateRange":2,"harmonicAverageSpeed":19.4,"medianSpeed":30.0,"averageSpeed":28.4,"standardDeviationSpeed":10.2,"travelTimeStandardDeviation":3.18,"sampleSize":147,"normalizedSampleSize":0.0174,"averageTravelTime":2.3,"medianTravelTime":1.49,"travelTimeRatio":1.48,"speedPercentiles":[7,12,18,23,24,27,27,28,29,30,31,31,32,33,34,35,36,39,42]},{"timeSet":24,"dateRange":2,"harmonicAverageSpeed":20.2,"medianSpeed":31.0,"averageSpeed":30.7,"standardDeviationSpeed":13.5,"travelTimeStandardDeviation":2.83,"sampleSize":170,"normalizedSampleSize":0.0201,"averageTravelTime":2.21,"medianTravelTime":1.44,"travelTimeRatio":1.42,"speedPercentiles":[7,12,19,23,25,27,28,29,30,31,32,33,33,34,36,36,39,42,50]},{"timeSet":25,"dateRange":2,"harmonicAverageSpeed":15.1,"medianSpeed":34.0,"averageSpeed":32.2,"standardDeviationSpeed":10.3,"travelTimeStandardDeviation":12.79,"sampleSize":143,"normalizedSampleSize":0.0169,"averageTravelTime":2.97,"medianTravelTime":1.31,"travelTimeRatio":1.9,"speedPercentiles":[9,18,24,27,28,30,30,32,33,34,35,35,36,37,38,40,41,42,47]},{"timeSet":26,"dateRange":2,"harmonicAverageSpeed":28.9,"medianSpeed":35.0,"averageSpeed":35.8,"standardDeviationSpeed":13.9,"travelTimeStandardDeviation":1.13,"sampleSize":82,"normalizedSampleSize":0.0097,"averageTravelTime":1.55,"medianTravelTime":1.28,"travelTimeRatio":0.99,"speedPercentiles":[15,20,26,29,30,31,31,32,33,35,36,37,39,41,43,44,45,49,52]},{"timeSet":27,"dateRange":2,"harmonicAverageSpeed":26.9,"medianSpeed":33.0,"averageSpeed":33.2,"standardDeviationSpeed":12.0,"travelTimeStandardDeviation":1.2,"sampleSize":102,"normalizedSampleSize":0.012,"averageTravelTime":1.66,"medianTravelTime":1.35,"travelTimeRatio":1.07,"speedPercentiles":[9,20,23,26,28,29,31,32,33,33,34,35,37,37,39,40,42,45,49]},{"timeSet":28,"dateRange":2,"harmonicAverageSpeed":22.8,"medianSpeed":36.0,"averageSpeed":34.9,"standardDeviationSpeed":15.1,"travelTimeStandardDeviation":3.14,"sampleSize":81,"normalizedSampleSize":0.0096,"averageTravelTime":1.96,"medianTravelTime":1.24,"travelTimeRatio":1.26,"speedPercentiles":[11,18,23,25,27,29,31,33,34,36,37,37,40,40,41,42,43,47,55]},{"timeSet":5,"dateRange":3,"harmonicAverageSpeed":15.8,"medianSpeed":34.0,"averageSpeed":31.6,"standardDeviationSpeed":8.9,"travelTimeStandardDeviation":6.05,"sampleSize":17,"normalizedSampleSize":0.002,"averageTravelTime":2.83,"medianTravelTime":1.31,"travelTimeRatio":1.0,"speedPercentiles":[2,26,26,28,29,31,31,31,34,34,34,35,36,36,36,37,38,38,42]},{"timeSet":6,"dateRange":3,"harmonicAverageSpeed":23.0,"medianSpeed":31.0,"averageSpeed":30.5,"standardDeviationSpeed":14.1,"travelTimeStandardDeviation":1.24,"sampleSize":15,"normalizedSampleSize":0.0018,"averageTravelTime":1.94,"medianTravelTime":1.44,"travelTimeRatio":0.69,"speedPercentiles":[10,10,12,12,23,23,26,26,26,31,32,32,32,36,46,46,48,51,52]},{"timeSet":7,"dateRange":3,"harmonicAverageSpeed":32.9,"medianSpeed":34.0,"averageSpeed":35.0,"standardDeviationSpeed":8.8,"travelTimeStandardDeviation":0.41,"sampleSize":5,"normalizedSampleSize":6.0E-4,"averageTravelTime":1.36,"medianTravelTime":1.31,"travelTimeRatio":0.48,"speedPercentiles":[22,22,22,22,33,33,33,33,34,34,34,34,41,41,41,41,45,45,45]},{"timeSet":8,"dateRange":3,"harmonicAverageSpeed":36.7,"medianSpeed":39.0,"averageSpeed":37.3,"standardDeviationSpeed":5.1,"travelTimeStandardDeviation":0.17,"sampleSize":7,"normalizedSampleSize":8.0E-4,"averageTravelTime":1.22,"medianTravelTime":1.15,"travelTimeRatio":0.43,"speedPercentiles":[31,31,32,32,32,33,33,33,39,39,39,41,41,41,42,42,42,43,43]},{"timeSet":9,"dateRange":3,"harmonicAverageSpeed":37.3,"medianSpeed":36.0,"averageSpeed":42.3,"standardDeviationSpeed":16.6,"travelTimeStandardDeviation":0.45,"sampleSize":6,"normalizedSampleSize":7.0E-4,"averageTravelTime":1.2,"medianTravelTime":1.24,"travelTimeRatio":0.42,"speedPercentiles":[24,24,24,29,29,29,36,36,36,36,41,41,41,57,57,57,67,67,67]},{"timeSet":10,"dateRange":3,"harmonicAverageSpeed":30.4,"medianSpeed":25.0,"averageSpeed":36.0,"standardDeviationSpeed":18.5,"travelTimeStandardDeviation":0.62,"sampleSize":4,"normalizedSampleSize":5.0E-4,"averageTravelTime":1.47,"medianTravelTime":1.79,"travelTimeRatio":0.52,"speedPercentiles":[21,21,21,21,21,25,25,25,25,25,36,36,36,36,36,62,62,62,62]},{"timeSet":11,"dateRange":3,"harmonicAverageSpeed":20.1,"medianSpeed":32.0,"averageSpeed":32.4,"standardDeviationSpeed":19.3,"travelTimeStandardDeviation":2.38,"sampleSize":10,"normalizedSampleSize":0.0012,"averageTravelTime":2.22,"medianTravelTime":1.4,"travelTimeRatio":0.79,"speedPercentiles":[5,5,15,15,24,24,29,29,32,32,33,33,34,34,35,35,38,38,79]},{"timeSet":12,"dateRange":3,"harmonicAverageSpeed":24.5,"medianSpeed":37.0,"averageSpeed":34.7,"standardDeviationSpeed":16.3,"travelTimeStandardDeviation":1.44,"sampleSize":12,"normalizedSampleSize":0.0014,"averageTravelTime":1.82,"medianTravelTime":1.21,"travelTimeRatio":0.64,"speedPercentiles":[9,10,10,20,20,31,32,32,37,37,40,40,40,40,40,44,46,46,68]},{"timeSet":13,"dateRange":3,"harmonicAverageSpeed":24.6,"medianSpeed":30.0,"averageSpeed":31.0,"standardDeviationSpeed":14.3,"travelTimeStandardDeviation":1.06,"sampleSize":20,"normalizedSampleSize":0.0024,"averageTravelTime":1.81,"medianTravelTime":1.49,"travelTimeRatio":0.64,"speedPercentiles":[9,11,15,19,20,22,28,28,30,30,32,33,34,37,37,37,38,39,45]},{"timeSet":14,"dateRange":3,"harmonicAverageSpeed":26.0,"medianSpeed":32.0,"averageSpeed":34.9,"standardDeviationSpeed":15.0,"travelTimeStandardDeviation":1.82,"sampleSize":22,"normalizedSampleSize":0.0026,"averageTravelTime":1.72,"medianTravelTime":1.4,"travelTimeRatio":0.61,"speedPercentiles":[24,25,26,27,27,27,28,31,32,32,34,34,36,38,39,40,46,47,50]},{"timeSet":15,"dateRange":3,"harmonicAverageSpeed":27.1,"medianSpeed":33.0,"averageSpeed":33.6,"standardDeviationSpeed":10.8,"travelTimeStandardDeviation":1.44,"sampleSize":30,"normalizedSampleSize":0.0035,"averageTravelTime":1.65,"medianTravelTime":1.35,"travelTimeRatio":0.58,"speedPercentiles":[17,19,26,26,29,29,30,31,32,33,34,35,36,40,40,40,43,43,51]},{"timeSet":16,"dateRange":3,"harmonicAverageSpeed":28.2,"medianSpeed":34.0,"averageSpeed":33.8,"standardDeviationSpeed":9.6,"travelTimeStandardDeviation":1.16,"sampleSize":23,"normalizedSampleSize":0.0027,"averageTravelTime":1.58,"medianTravelTime":1.31,"travelTimeRatio":0.56,"speedPercentiles":[15,26,27,28,30,30,33,33,34,34,35,36,36,40,41,41,44,45,47]},{"timeSet":17,"dateRange":3,"harmonicAverageSpeed":17.4,"medianSpeed":34.0,"averageSpeed":34.4,"standardDeviationSpeed":13.3,"travelTimeStandardDeviation":4.95,"sampleSize":28,"normalizedSampleSize":0.0033,"averageTravelTime":2.56,"medianTravelTime":1.31,"travelTimeRatio":0.91,"speedPercentiles":[3,23,29,29,30,30,30,32,34,34,35,35,37,38,39,42,42,53,54]},{"timeSet":18,"dateRange":3,"harmonicAverageSpeed":29.4,"medianSpeed":33.0,"averageSpeed":36.1,"standardDeviationSpeed":16.0,"travelTimeStandardDeviation":0.87,"sampleSize":22,"normalizedSampleSize":0.0026,"averageTravelTime":1.52,"medianTravelTime":1.35,"travelTimeRatio":0.54,"speedPercentiles":[15,16,26,31,31,31,32,32,32,33,33,36,39,39,42,43,44,50,59]},{"timeSet":19,"dateRange":3,"harmonicAverageSpeed":25.4,"medianSpeed":31.0,"averageSpeed":33.2,"standardDeviationSpeed":14.3,"travelTimeStandardDeviation":1.3,"sampleSize":28,"normalizedSampleSize":0.0033,"averageTravelTime":1.76,"medianTravelTime":1.44,"travelTimeRatio":0.62,"speedPercentiles":[10,10,25,26,26,26,28,29,29,31,32,34,38,38,39,41,47,50,64]},{"timeSet":20,"dateRange":3,"harmonicAverageSpeed":32.0,"medianSpeed":33.0,"averageSpeed":33.4,"standardDeviationSpeed":7.0,"travelTimeStandardDeviation":0.3,"sampleSize":28,"normalizedSampleSize":0.0033,"averageTravelTime":1.4,"medianTravelTime":1.35,"travelTimeRatio":0.49,"speedPercentiles":[22,25,27,28,29,29,31,32,32,33,33,34,36,37,37,39,41,42,43]},{"timeSet":21,"dateRange":3,"harmonicAverageSpeed":24.6,"medianSpeed":35.0,"averageSpeed":36.7,"standardDeviationSpeed":12.0,"travelTimeStandardDeviation":2.83,"sampleSize":40,"normalizedSampleSize":0.0047,"averageTravelTime":1.81,"medianTravelTime":1.28,"travelTimeRatio":0.64,"speedPercentiles":[6,26,29,30,32,32,33,34,35,35,36,37,37,41,42,44,48,51,57]},{"timeSet":22,"dateRange":3,"harmonicAverageSpeed":28.7,"medianSpeed":35.0,"averageSpeed":34.5,"standardDeviationSpeed":10.7,"travelTimeStandardDeviation":1.0,"sampleSize":41,"normalizedSampleSize":0.0048,"averageTravelTime":1.56,"medianTravelTime":1.28,"travelTimeRatio":0.55,"speedPercentiles":[13,15,28,30,32,32,33,34,34,35,36,36,38,39,40,43,46,48,50]},{"timeSet":23,"dateRange":3,"harmonicAverageSpeed":33.3,"medianSpeed":37.0,"averageSpeed":36.5,"standardDeviationSpeed":10.2,"travelTimeStandardDeviation":0.48,"sampleSize":58,"normalizedSampleSize":0.0068,"averageTravelTime":1.34,"medianTravelTime":1.21,"travelTimeRatio":0.47,"speedPercentiles":[18,24,28,29,30,31,33,34,35,37,38,39,40,41,43,43,44,49,53]},{"timeSet":24,"dateRange":3,"harmonicAverageSpeed":32.0,"medianSpeed":35.0,"averageSpeed":37.0,"standardDeviationSpeed":13.5,"travelTimeStandardDeviation":0.82,"sampleSize":45,"normalizedSampleSize":0.0053,"averageTravelTime":1.4,"medianTravelTime":1.28,"travelTimeRatio":0.49,"speedPercentiles":[22,27,28,28,30,31,31,32,34,35,36,37,39,40,41,43,45,52,57]},{"timeSet":25,"dateRange":3,"harmonicAverageSpeed":25.0,"medianSpeed":36.0,"averageSpeed":35.5,"standardDeviationSpeed":12.2,"travelTimeStandardDeviation":2.63,"sampleSize":42,"normalizedSampleSize":0.005,"averageTravelTime":1.79,"medianTravelTime":1.24,"travelTimeRatio":0.63,"speedPercentiles":[14,26,28,30,31,31,32,32,34,36,37,38,38,41,42,43,44,46,51]},{"timeSet":26,"dateRange":3,"harmonicAverageSpeed":31.9,"medianSpeed":35.0,"averageSpeed":35.4,"standardDeviationSpeed":10.7,"travelTimeStandardDeviation":0.54,"sampleSize":30,"normalizedSampleSize":0.0035,"averageTravelTime":1.4,"medianTravelTime":1.28,"travelTimeRatio":0.5,"speedPercentiles":[15,23,26,28,30,30,31,32,33,35,35,36,37,40,41,42,45,47,59]},{"timeSet":27,"dateRange":3,"harmonicAverageSpeed":33.0,"medianSpeed":34.0,"averageSpeed":35.8,"standardDeviationSpeed":10.6,"travelTimeStandardDeviation":0.45,"sampleSize":38,"normalizedSampleSize":0.0045,"averageTravelTime":1.35,"medianTravelTime":1.31,"travelTimeRatio":0.48,"speedPercentiles":[19,27,29,30,31,32,33,34,34,34,34,36,36,38,38,39,40,51,64]},{"timeSet":28,"dateRange":3,"harmonicAverageSpeed":25.2,"medianSpeed":33.0,"averageSpeed":32.8,"standardDeviationSpeed":12.6,"travelTimeStandardDeviation":1.48,"sampleSize":16,"normalizedSampleSize":0.0019,"averageTravelTime":1.77,"medianTravelTime":1.35,"travelTimeRatio":0.63,"speedPercentiles":[6,15,22,27,27,30,31,32,33,33,34,34,34,35,35,36,45,55,56]},{"timeSet":5,"dateRange":4,"harmonicAverageSpeed":34.9,"medianSpeed":39.6,"averageSpeed":39.3,"standardDeviationSpeed":10.0,"travelTimeStandardDeviation":0.68,"sampleSize":28,"normalizedSampleSize":0.0033,"averageTravelTime":1.28,"medianTravelTime":1.13,"travelTimeRatio":1.0,"speedPercentiles":[18,28,31,32,33,36,36,38,39,40,43,43,44,45,45,48,50,52,52]},{"timeSet":6,"dateRange":4,"harmonicAverageSpeed":23.8,"medianSpeed":36.6,"averageSpeed":35.5,"standardDeviationSpeed":16.1,"travelTimeStandardDeviation":2.03,"sampleSize":17,"normalizedSampleSize":0.002,"averageTravelTime":1.88,"medianTravelTime":1.22,"travelTimeRatio":1.47,"speedPercentiles":[5,11,27,27,27,28,28,29,34,37,39,39,39,39,41,41,52,59,72]},{"timeSet":7,"dateRange":4,"harmonicAverageSpeed":20.2,"medianSpeed":31.5,"averageSpeed":28.2,"standardDeviationSpeed":11.5,"travelTimeStandardDeviation":1.77,"sampleSize":12,"normalizedSampleSize":0.0014,"averageTravelTime":2.21,"medianTravelTime":1.42,"travelTimeRatio":1.72,"speedPercentiles":[8,8,8,16,16,28,31,31,32,32,32,34,34,35,35,35,40,40,41]},{"timeSet":8,"dateRange":4,"harmonicAverageSpeed":44.6,"medianSpeed":42.8,"averageSpeed":51.2,"standardDeviationSpeed":24.7,"travelTimeStandardDeviation":0.37,"sampleSize":4,"normalizedSampleSize":5.0E-4,"averageTravelTime":1.0,"medianTravelTime":1.04,"travelTimeRatio":0.78,"speedPercentiles":[32,32,32,32,32,43,43,43,43,43,43,43,43,43,43,87,87,87,87]},{"timeSet":9,"dateRange":4,"harmonicAverageSpeed":10.8,"medianSpeed":40.4,"averageSpeed":39.1,"standardDeviationSpeed":26.0,"travelTimeStandardDeviation":6.95,"sampleSize":5,"normalizedSampleSize":6.0E-4,"averageTravelTime":4.13,"medianTravelTime":1.11,"travelTimeRatio":3.23,"speedPercentiles":[3,3,3,3,30,30,30,30,40,40,40,40,49,49,49,49,74,74,74]},{"timeSet":10,"dateRange":4,"harmonicAverageSpeed":11.3,"medianSpeed":29.9,"averageSpeed":36.2,"standardDeviationSpeed":25.4,"travelTimeStandardDeviation":6.85,"sampleSize":7,"normalizedSampleSize":8.0E-4,"averageTravelTime":3.97,"medianTravelTime":1.49,"travelTimeRatio":3.1,"speedPercentiles":[2,2,17,17,17,24,24,24,30,30,30,49,49,49,54,54,54,77,77]},{"timeSet":11,"dateRange":4,"harmonicAverageSpeed":23.7,"medianSpeed":37.4,"averageSpeed":31.5,"standardDeviationSpeed":14.0,"travelTimeStandardDeviation":1.29,"sampleSize":6,"normalizedSampleSize":7.0E-4,"averageTravelTime":1.89,"medianTravelTime":1.19,"travelTimeRatio":1.47,"speedPercentiles":[11,11,11,17,17,17,37,37,37,37,41,41,41,41,41,41,42,42,42]},{"timeSet":12,"dateRange":4,"harmonicAverageSpeed":36.6,"medianSpeed":38.3,"averageSpeed":38.7,"standardDeviationSpeed":8.6,"travelTimeStandardDeviation":0.35,"sampleSize":18,"normalizedSampleSize":0.0021,"averageTravelTime":1.22,"medianTravelTime":1.17,"travelTimeRatio":0.95,"speedPercentiles":[19,32,32,32,32,33,33,38,38,38,39,39,41,43,45,47,48,52,54]},{"timeSet":13,"dateRange":4,"harmonicAverageSpeed":19.8,"medianSpeed":35.2,"averageSpeed":36.1,"standardDeviationSpeed":16.1,"travelTimeStandardDeviation":3.01,"sampleSize":24,"normalizedSampleSize":0.0028,"averageTravelTime":2.26,"medianTravelTime":1.27,"travelTimeRatio":1.76,"speedPercentiles":[5,6,23,27,27,31,32,34,35,35,39,39,44,45,46,52,52,52,58]},{"timeSet":14,"dateRange":4,"harmonicAverageSpeed":21.8,"medianSpeed":35.4,"averageSpeed":34.3,"standardDeviationSpeed":13.4,"travelTimeStandardDeviation":2.69,"sampleSize":52,"normalizedSampleSize":0.0061,"averageTravelTime":2.05,"medianTravelTime":1.26,"travelTimeRatio":1.6,"speedPercentiles":[6,18,24,26,28,30,31,32,34,35,37,39,39,40,41,43,44,48,62]},{"timeSet":15,"dateRange":4,"harmonicAverageSpeed":16.7,"medianSpeed":35.2,"averageSpeed":35.8,"standardDeviationSpeed":15.9,"travelTimeStandardDeviation":5.56,"sampleSize":65,"normalizedSampleSize":0.0077,"averageTravelTime":2.67,"medianTravelTime":1.27,"travelTimeRatio":2.08,"speedPercentiles":[4,17,24,28,30,31,33,33,35,35,37,37,38,40,42,44,46,52,62]},{"timeSet":16,"dateRange":4,"harmonicAverageSpeed":30.5,"medianSpeed":35.6,"averageSpeed":36.7,"standardDeviationSpeed":13.3,"travelTimeStandardDeviation":1.14,"sampleSize":82,"normalizedSampleSize":0.0097,"averageTravelTime":1.47,"medianTravelTime":1.25,"travelTimeRatio":1.14,"speedPercentiles":[19,25,26,28,29,30,33,34,35,36,36,38,40,41,43,45,48,51,54]},{"timeSet":17,"dateRange":4,"harmonicAverageSpeed":15.0,"medianSpeed":36.2,"averageSpeed":34.7,"standardDeviationSpeed":13.2,"travelTimeStandardDeviation":9.15,"sampleSize":71,"normalizedSampleSize":0.0084,"averageTravelTime":2.99,"medianTravelTime":1.23,"travelTimeRatio":2.33,"speedPercentiles":[5,17,22,28,29,31,33,34,35,36,37,38,38,41,42,44,46,50,54]},{"timeSet":18,"dateRange":4,"harmonicAverageSpeed":19.8,"medianSpeed":36.9,"averageSpeed":37.5,"standardDeviationSpeed":13.1,"travelTimeStandardDeviation":5.99,"sampleSize":73,"normalizedSampleSize":0.0086,"averageTravelTime":2.26,"medianTravelTime":1.21,"travelTimeRatio":1.77,"speedPercentiles":[17,24,27,30,31,31,34,35,36,37,37,38,40,42,43,45,47,49,65]},{"timeSet":19,"dateRange":4,"harmonicAverageSpeed":22.6,"medianSpeed":36.2,"averageSpeed":35.7,"standardDeviationSpeed":15.8,"travelTimeStandardDeviation":2.38,"sampleSize":51,"normalizedSampleSize":0.006,"averageTravelTime":1.98,"medianTravelTime":1.23,"travelTimeRatio":1.54,"speedPercentiles":[6,13,22,26,28,33,33,34,35,36,38,40,41,42,43,45,48,51,58]},{"timeSet":20,"dateRange":4,"harmonicAverageSpeed":28.7,"medianSpeed":35.5,"averageSpeed":36.8,"standardDeviationSpeed":15.2,"travelTimeStandardDeviation":1.19,"sampleSize":66,"normalizedSampleSize":0.0078,"averageTravelTime":1.56,"medianTravelTime":1.26,"travelTimeRatio":1.22,"speedPercentiles":[11,21,26,28,30,30,31,33,34,36,37,38,40,42,43,45,47,49,58]},{"timeSet":21,"dateRange":4,"harmonicAverageSpeed":19.3,"medianSpeed":31.0,"averageSpeed":30.8,"standardDeviationSpeed":14.2,"travelTimeStandardDeviation":2.92,"sampleSize":80,"normalizedSampleSize":0.0094,"averageTravelTime":2.31,"medianTravelTime":1.44,"travelTimeRatio":1.81,"speedPercentiles":[6,8,16,18,23,25,28,30,30,31,32,34,36,37,38,40,43,44,53]},{"timeSet":22,"dateRange":4,"harmonicAverageSpeed":20.3,"medianSpeed":32.8,"averageSpeed":31.7,"standardDeviationSpeed":11.2,"travelTimeStandardDeviation":3.76,"sampleSize":56,"normalizedSampleSize":0.0066,"averageTravelTime":2.2,"medianTravelTime":1.36,"travelTimeRatio":1.72,"speedPercentiles":[8,12,24,27,28,28,30,31,32,33,33,36,37,37,38,39,41,42,50]},{"timeSet":23,"dateRange":4,"harmonicAverageSpeed":21.9,"medianSpeed":32.2,"averageSpeed":35.1,"standardDeviationSpeed":18.4,"travelTimeStandardDeviation":2.88,"sampleSize":52,"normalizedSampleSize":0.0061,"averageTravelTime":2.04,"medianTravelTime":1.39,"travelTimeRatio":1.59,"speedPercentiles":[5,19,23,26,26,27,30,31,32,32,33,34,35,37,39,41,48,51,80]},{"timeSet":24,"dateRange":4,"harmonicAverageSpeed":23.8,"medianSpeed":31.2,"averageSpeed":30.6,"standardDeviationSpeed":10.6,"travelTimeStandardDeviation":2.09,"sampleSize":79,"normalizedSampleSize":0.0093,"averageTravelTime":1.88,"medianTravelTime":1.43,"travelTimeRatio":1.47,"speedPercentiles":[12,17,25,26,26,27,28,29,31,31,32,33,33,34,35,37,39,42,46]},{"timeSet":25,"dateRange":4,"harmonicAverageSpeed":13.1,"medianSpeed":34.2,"averageSpeed":31.6,"standardDeviationSpeed":16.2,"travelTimeStandardDeviation":5.9,"sampleSize":53,"normalizedSampleSize":0.0063,"averageTravelTime":3.4,"medianTravelTime":1.31,"travelTimeRatio":2.65,"speedPercentiles":[2,7,9,17,22,26,30,32,33,34,35,36,38,40,42,43,43,52,61]},{"timeSet":26,"dateRange":4,"harmonicAverageSpeed":22.6,"medianSpeed":33.4,"averageSpeed":32.1,"standardDeviationSpeed":12.9,"travelTimeStandardDeviation":1.86,"sampleSize":31,"normalizedSampleSize":0.0037,"averageTravelTime":1.98,"medianTravelTime":1.34,"travelTimeRatio":1.55,"speedPercentiles":[6,11,18,27,27,29,30,31,31,33,35,36,37,37,40,40,41,46,52]},{"timeSet":27,"dateRange":4,"harmonicAverageSpeed":23.9,"medianSpeed":35.2,"averageSpeed":35.4,"standardDeviationSpeed":13.2,"travelTimeStandardDeviation":2.3,"sampleSize":37,"normalizedSampleSize":0.0044,"averageTravelTime":1.87,"medianTravelTime":1.27,"travelTimeRatio":1.46,"speedPercentiles":[6,21,26,27,29,32,32,32,33,35,37,38,40,41,42,46,49,51,59]},{"timeSet":28,"dateRange":4,"harmonicAverageSpeed":16.5,"medianSpeed":29.5,"averageSpeed":29.6,"standardDeviationSpeed":14.3,"travelTimeStandardDeviation":4.46,"sampleSize":25,"normalizedSampleSize":0.003,"averageTravelTime":2.7,"medianTravelTime":1.51,"travelTimeRatio":2.11,"speedPercentiles":[11,11,11,13,23,24,28,29,29,30,32,32,34,34,35,36,47,50,56]}]}},{"type":"Feature","geometry":{"type":"LineString","coordinates":[[12.39683,41.77568],[12.39667,41.77588]]},"properties":{"segmentId":13800007013497,"newSegmentId":"00004931-3600-0400-0000-00000336d7a7","speedLimit":90,"frc":4,"streetName":"Via di Malafede","distance":26.28,"segmentTimeResults":[{"timeSet":5,"dateRange":1,"harmonicAverageSpeed":32.1,"medianSpeed":40.7,"averageSpeed":38.1,"standardDeviationSpeed":12.8,"travelTimeStandardDeviation":1.62,"sampleSize":20,"normalizedSampleSize":0.0024,"averageTravelTime":2.95,"medianTravelTime":2.32,"travelTimeRatio":1.0,"speedPercentiles":[12,15,21,27,27,33,34,37,40,41,41,41,43,44,44,46,48,48,58]},{"timeSet":6,"dateRange":1,"harmonicAverageSpeed":35.0,"medianSpeed":35.0,"averageSpeed":39.1,"standardDeviationSpeed":11.9,"travelTimeStandardDeviation":1.13,"sampleSize":12,"normalizedSampleSize":0.0014,"averageTravelTime":2.7,"medianTravelTime":2.7,"travelTimeRatio":0.92,"speedPercentiles":[16,31,31,31,31,32,34,34,35,35,42,44,44,44,44,47,53,53,61]},{"timeSet":7,"dateRange":1,"harmonicAverageSpeed":38.7,"medianSpeed":36.1,"averageSpeed":39.0,"standardDeviationSpeed":4.0,"travelTimeStandardDeviation":0.25,"sampleSize":2,"normalizedSampleSize":2.0E-4,"averageTravelTime":2.44,"medianTravelTime":2.62,"travelTimeRatio":0.83,"speedPercentiles":[36,36,36,36,36,36,36,36,36,36,42,42,42,42,42,42,42,42,42]},{"timeSet":8,"dateRange":1,"harmonicAverageSpeed":0.0,"medianSpeed":0.0,"averageSpeed":0.0,"sampleSize":0,"normalizedSampleSize":0.0,"averageTravelTime":0.0,"medianTravelTime":0.0,"travelTimeRatio":0.0,"speedPercentiles":[0,0,0,0,0,0,0,0,0,0,0,0,0,0,0,0,0,0,0]},{"timeSet":9,"dateRange":1,"harmonicAverageSpeed":32.5,"medianSpeed":32.5,"averageSpeed":32.5,"standardDeviationSpeed":0.0,"travelTimeStandardDeviation":0.0,"sampleSize":1,"normalizedSampleSize":1.0E-4,"averageTravelTime":2.91,"medianTravelTime":2.91,"travelTimeRatio":0.99,"speedPercentiles":[33,33,33,33,33,33,33,33,33,33,33,33,33,33,33,33,33,33,33]},{"timeSet":10,"dateRange":1,"harmonicAverageSpeed":20.1,"medianSpeed":36.7,"averageSpeed":31.8,"standardDeviationSpeed":14.3,"travelTimeStandardDeviation":4.67,"sampleSize":9,"normalizedSampleSize":0.0011,"averageTravelTime":4.72,"medianTravelTime":2.58,"travelTimeRatio":1.6,"speedPercentiles":[6,6,10,10,32,32,33,33,37,37,37,38,38,39,39,44,44,47,47]},{"timeSet":11,"dateRange":1,"harmonicAverageSpeed":16.8,"medianSpeed":31.5,"averageSpeed":25.6,"standardDeviationSpeed":11.6,"travelTimeStandardDeviation":5.17,"sampleSize":21,"normalizedSampleSize":0.0025,"averageTravelTime":5.62,"medianTravelTime":3.0,"travelTimeRatio":1.9,"speedPercentiles":[8,9,10,10,13,23,24,29,29,32,32,32,34,34,34,34,34,36,37]},{"timeSet":12,"dateRange":1,"harmonicAverageSpeed":18.3,"medianSpeed":30.7,"averageSpeed":29.5,"standardDeviationSpeed":13.7,"travelTimeStandardDeviation":6.01,"sampleSize":28,"normalizedSampleSize":0.0033,"averageTravelTime":5.16,"medianTravelTime":3.08,"travelTimeRatio":1.75,"speedPercentiles":[5,8,13,19,21,23,25,29,30,31,33,33,36,37,38,39,40,44,48]},{"timeSet":13,"dateRange":1,"harmonicAverageSpeed":14.9,"medianSpeed":32.1,"averageSpeed":31.5,"standardDeviationSpeed":13.0,"travelTimeStandardDeviation":11.8,"sampleSize":50,"normalizedSampleSize":0.0059,"averageTravelTime":6.35,"medianTravelTime":2.95,"travelTimeRatio":2.15,"speedPercentiles":[2,8,20,26,27,29,30,31,32,32,33,34,37,39,41,41,42,44,46]},{"timeSet":14,"dateRange":1,"harmonicAverageSpeed":18.8,"medianSpeed":35.0,"averageSpeed":33.5,"standardDeviationSpeed":12.5,"travelTimeStandardDeviation":12.1,"sampleSize":60,"normalizedSampleSize":0.0071,"averageTravelTime":5.03,"medianTravelTime":2.7,"travelTimeRatio":1.7,"speedPercentiles":[7,13,19,27,29,31,32,34,34,35,36,36,38,39,40,43,43,44,48]},{"timeSet":15,"dateRange":1,"harmonicAverageSpeed":24.3,"medianSpeed":35.3,"averageSpeed":33.9,"standardDeviationSpeed":12.6,"travelTimeStandardDeviation":4.23,"sampleSize":96,"normalizedSampleSize":0.0113,"averageTravelTime":3.89,"medianTravelTime":2.68,"travelTimeRatio":1.32,"speedPercentiles":[7,17,20,25,27,30,32,34,34,35,37,39,40,41,42,43,44,45,48]},{"timeSet":16,"dateRange":1,"harmonicAverageSpeed":30.2,"medianSpeed":37.9,"averageSpeed":36.7,"standardDeviationSpeed":11.8,"travelTimeStandardDeviation":2.5,"sampleSize":88,"normalizedSampleSize":0.0104,"averageTravelTime":3.14,"medianTravelTime":2.5,"travelTimeRatio":1.06,"speedPercentiles":[17,22,26,27,29,31,34,36,37,38,39,39,41,42,43,45,46,53,57]},{"timeSet":17,"dateRange":1,"harmonicAverageSpeed":28.0,"medianSpeed":35.0,"averageSpeed":36.1,"standardDeviationSpeed":12.1,"travelTimeStandardDeviation":3.85,"sampleSize":98,"normalizedSampleSize":0.0116,"averageTravelTime":3.39,"medianTravelTime":2.7,"travelTimeRatio":1.15,"speedPercentiles":[16,21,27,29,30,32,33,34,35,35,36,38,39,41,42,44,47,52,60]},{"timeSet":18,"dateRange":1,"harmonicAverageSpeed":31.9,"medianSpeed":35.6,"averageSpeed":37.5,"standardDeviationSpeed":11.4,"travelTimeStandardDeviation":2.45,"sampleSize":104,"normalizedSampleSize":0.0123,"averageTravelTime":2.96,"medianTravelTime":2.66,"travelTimeRatio":1.0,"speedPercentiles":[20,26,28,30,31,32,35,35,35,36,37,38,40,41,43,45,48,53,57]},{"timeSet":19,"dateRange":1,"harmonicAverageSpeed":27.1,"medianSpeed":35.5,"averageSpeed":34.0,"standardDeviationSpeed":10.4,"travelTimeStandardDeviation":3.15,"sampleSize":101,"normalizedSampleSize":0.0119,"averageTravelTime":3.5,"medianTravelTime":2.67,"travelTimeRatio":1.19,"speedPercentiles":[15,24,25,27,29,31,32,33,34,36,36,37,37,38,39,41,42,44,51]},{"timeSet":20,"dateRange":1,"harmonicAverageSpeed":17.0,"medianSpeed":32.1,"averageSpeed":29.8,"standardDeviationSpeed":13.7,"travelTimeStandardDeviation":7.74,"sampleSize":97,"normalizedSampleSize":0.0115,"averageTravelTime":5.57,"medianTravelTime":2.95,"travelTimeRatio":1.89,"speedPercentiles":[4,9,13,16,22,25,27,29,32,32,33,34,35,36,39,40,43,47,50]},{"timeSet":21,"dateRange":1,"harmonicAverageSpeed":18.2,"medianSpeed":31.2,"averageSpeed":28.4,"standardDeviationSpeed":10.6,"travelTimeStandardDeviation":7.7,"sampleSize":135,"normalizedSampleSize":0.0159,"averageTravelTime":5.19,"medianTravelTime":3.03,"travelTimeRatio":1.76,"speedPercentiles":[7,11,17,20,24,26,28,28,29,31,32,33,34,35,35,36,37,39,42]},{"timeSet":22,"dateRange":1,"harmonicAverageSpeed":20.0,"medianSpeed":29.9,"averageSpeed":29.0,"standardDeviationSpeed":12.1,"travelTimeStandardDeviation":4.69,"sampleSize":123,"normalizedSampleSize":0.0145,"averageTravelTime":4.73,"medianTravelTime":3.16,"travelTimeRatio":1.6,"speedPercentiles":[7,11,17,19,22,25,26,27,29,30,31,32,34,35,37,38,41,42,45]},{"timeSet":23,"dateRange":1,"harmonicAverageSpeed":18.0,"medianSpeed":28.4,"averageSpeed":27.1,"standardDeviationSpeed":9.8,"travelTimeStandardDeviation":7.86,"sampleSize":142,"normalizedSampleSize":0.0168,"averageTravelTime":5.24,"medianTravelTime":3.33,"travelTimeRatio":1.78,"speedPercentiles":[7,12,17,20,22,24,25,27,28,28,29,30,31,32,33,34,35,40,40]},{"timeSet":24,"dateRange":1,"harmonicAverageSpeed":20.6,"medianSpeed":30.7,"averageSpeed":29.5,"standardDeviationSpeed":11.5,"travelTimeStandardDeviation":5.06,"sampleSize":199,"normalizedSampleSize":0.0235,"averageTravelTime":4.59,"medianTravelTime":3.08,"travelTimeRatio":1.56,"speedPercentiles":[6,13,18,22,23,26,27,28,29,31,32,33,34,35,36,38,39,43,47]},{"timeSet":25,"dateRange":1,"harmonicAverageSpeed":29.0,"medianSpeed":35.1,"averageSpeed":34.7,"standardDeviationSpeed":11.5,"travelTimeStandardDeviation":2.16,"sampleSize":117,"normalizedSampleSize":0.0138,"averageTravelTime":3.26,"medianTravelTime":2.7,"travelTimeRatio":1.11,"speedPercentiles":[13,21,25,27,30,31,32,33,34,35,37,37,38,38,39,40,42,48,53]},{"timeSet":26,"dateRange":1,"harmonicAverageSpeed":28.9,"medianSpeed":36.6,"averageSpeed":37.7,"standardDeviationSpeed":15.5,"travelTimeStandardDeviation":2.78,"sampleSize":72,"normalizedSampleSize":0.0085,"averageTravelTime":3.28,"medianTravelTime":2.58,"travelTimeRatio":1.11,"speedPercentiles":[12,20,23,28,31,32,34,34,36,37,37,40,41,42,44,47,48,52,68]},{"timeSet":27,"dateRange":1,"harmonicAverageSpeed":30.3,"medianSpeed":35.3,"averageSpeed":35.8,"standardDeviationSpeed":11.7,"travelTimeStandardDeviation":1.87,"sampleSize":72,"normalizedSampleSize":0.0085,"averageTravelTime":3.12,"medianTravelTime":2.68,"travelTimeRatio":1.06,"speedPercentiles":[14,22,25,29,31,31,32,34,35,35,36,38,40,41,42,43,46,50,53]},{"timeSet":28,"dateRange":1,"harmonicAverageSpeed":34.7,"medianSpeed":36.5,"averageSpeed":36.9,"standardDeviationSpeed":7.8,"travelTimeStandardDeviation":0.84,"sampleSize":32,"normalizedSampleSize":0.0038,"averageTravelTime":2.73,"medianTravelTime":2.59,"travelTimeRatio":0.92,"speedPercentiles":[19,31,31,33,33,34,35,36,37,37,37,38,39,41,41,43,44,44,49]},{"timeSet":5,"dateRange":2,"harmonicAverageSpeed":31.5,"medianSpeed":37.0,"averageSpeed":37.0,"standardDeviationSpeed":10.0,"travelTimeStandardDeviation":2.13,"sampleSize":61,"normalizedSampleSize":0.0072,"averageTravelTime":3.0,"medianTravelTime":2.56,"travelTimeRatio":1.0,"speedPercentiles":[20,24,29,31,33,35,36,36,37,37,39,40,40,42,42,45,47,48,52]},{"timeSet":6,"dateRange":2,"harmonicAverageSpeed":27.7,"medianSpeed":41.0,"averageSpeed":40.0,"standardDeviationSpeed":11.3,"travelTimeStandardDeviation":6.15,"sampleSize":40,"normalizedSampleSize":0.0047,"averageTravelTime":3.42,"medianTravelTime":2.31,"travelTimeRatio":1.14,"speedPercentiles":[21,25,30,31,33,34,36,38,40,41,41,42,45,47,48,48,51,52,56]},{"timeSet":7,"dateRange":2,"harmonicAverageSpeed":31.5,"medianSpeed":39.0,"averageSpeed":36.6,"standardDeviationSpeed":10.2,"travelTimeStandardDeviation":1.85,"sampleSize":19,"normalizedSampleSize":0.0022,"averageTravelTime":3.0,"medianTravelTime":2.43,"travelTimeRatio":1.0,"speedPercentiles":[9,21,27,29,30,33,37,38,38,39,40,40,41,42,43,43,43,46,56]},{"timeSet":8,"dateRange":2,"harmonicAverageSpeed":41.5,"medianSpeed":43.0,"averageSpeed":44.5,"standardDeviationSpeed":13.1,"travelTimeStandardDeviation":0.72,"sampleSize":4,"normalizedSampleSize":5.0E-4,"averageTravelTime":2.28,"medianTravelTime":2.2,"travelTimeRatio":0.76,"speedPercentiles":[29,29,29,29,29,43,43,43,43,43,45,45,45,45,45,61,61,61,61]},{"timeSet":9,"dateRange":2,"harmonicAverageSpeed":29.2,"medianSpeed":25.0,"averageSpeed":30.0,"standardDeviationSpeed":7.1,"travelTimeStandardDeviation":0.76,"sampleSize":2,"normalizedSampleSize":2.0E-4,"averageTravelTime":3.24,"medianTravelTime":3.78,"travelTimeRatio":1.08,"speedPercentiles":[25,25,25,25,25,25,25,25,25,25,35,35,35,35,35,35,35,35,35]},{"timeSet":10,"dateRange":2,"harmonicAverageSpeed":35.6,"medianSpeed":37.0,"averageSpeed":37.2,"standardDeviationSpeed":8.2,"travelTimeStandardDeviation":0.59,"sampleSize":11,"normalizedSampleSize":0.0013,"averageTravelTime":2.66,"medianTravelTime":2.56,"travelTimeRatio":0.89,"speedPercentiles":[26,28,28,29,29,33,33,34,34,37,39,39,41,41,42,42,49,49,51]},{"timeSet":11,"dateRange":2,"harmonicAverageSpeed":28.5,"medianSpeed":37.0,"averageSpeed":34.5,"standardDeviationSpeed":11.2,"travelTimeStandardDeviation":2.07,"sampleSize":30,"normalizedSampleSize":0.0035,"averageTravelTime":3.32,"medianTravelTime":2.56,"travelTimeRatio":1.11,"speedPercentiles":[10,13,27,27,28,30,33,33,35,37,38,38,39,40,41,43,44,44,54]},{"timeSet":12,"dateRange":2,"harmonicAverageSpeed":22.0,"medianSpeed":33.0,"averageSpeed":32.5,"standardDeviationSpeed":11.1,"travelTimeStandardDeviation":6.09,"sampleSize":56,"normalizedSampleSize":0.0066,"averageTravelTime":4.31,"medianTravelTime":2.87,"travelTimeRatio":1.44,"speedPercentiles":[5,21,24,25,26,28,30,31,33,33,35,36,37,38,39,39,40,42,52]},{"timeSet":13,"dateRange":2,"harmonicAverageSpeed":21.0,"medianSpeed":33.0,"averageSpeed":30.7,"standardDeviationSpeed":10.1,"travelTimeStandardDeviation":6.12,"sampleSize":53,"normalizedSampleSize":0.0063,"averageTravelTime":4.5,"medianTravelTime":2.87,"travelTimeRatio":1.5,"speedPercentiles":[6,19,20,26,26,28,29,30,30,33,34,35,36,36,37,39,40,41,43]},{"timeSet":14,"dateRange":2,"harmonicAverageSpeed":26.2,"medianSpeed":36.0,"averageSpeed":35.0,"standardDeviationSpeed":12.0,"travelTimeStandardDeviation":3.83,"sampleSize":106,"normalizedSampleSize":0.0125,"averageTravelTime":3.62,"medianTravelTime":2.63,"travelTimeRatio":1.21,"speedPercentiles":[14,20,23,28,28,30,32,34,35,36,38,38,39,41,42,44,45,49,53]},{"timeSet":15,"dateRange":2,"harmonicAverageSpeed":22.0,"medianSpeed":34.0,"averageSpeed":31.9,"standardDeviationSpeed":13.4,"travelTimeStandardDeviation":4.27,"sampleSize":111,"normalizedSampleSize":0.0131,"averageTravelTime":4.3,"medianTravelTime":2.78,"travelTimeRatio":1.43,"speedPercentiles":[7,12,15,23,26,28,30,31,32,34,35,36,37,39,40,41,43,46,49]},{"timeSet":16,"dateRange":2,"harmonicAverageSpeed":27.6,"medianSpeed":34.0,"averageSpeed":34.3,"standardDeviationSpeed":12.6,"travelTimeStandardDeviation":2.81,"sampleSize":108,"normalizedSampleSize":0.0128,"averageTravelTime":3.42,"medianTravelTime":2.78,"travelTimeRatio":1.14,"speedPercentiles":[14,17,24,25,27,30,31,32,33,34,36,38,39,40,41,42,43,44,55]},{"timeSet":17,"dateRange":2,"harmonicAverageSpeed":30.1,"medianSpeed":35.0,"averageSpeed":35.0,"standardDeviationSpeed":10.7,"travelTimeStandardDeviation":1.94,"sampleSize":117,"normalizedSampleSize":0.0138,"averageTravelTime":3.14,"medianTravelTime":2.7,"travelTimeRatio":1.05,"speedPercentiles":[14,21,27,28,30,31,32,34,35,35,36,37,38,39,40,42,45,48,49]},{"timeSet":18,"dateRange":2,"harmonicAverageSpeed":28.2,"medianSpeed":36.0,"averageSpeed":34.1,"standardDeviationSpeed":9.9,"travelTimeStandardDeviation":2.68,"sampleSize":107,"normalizedSampleSize":0.0126,"averageTravelTime":3.35,"medianTravelTime":2.63,"travelTimeRatio":1.12,"speedPercentiles":[13,21,25,28,30,32,33,34,35,36,36,37,37,38,40,40,42,44,47]},{"timeSet":19,"dateRange":2,"harmonicAverageSpeed":23.8,"medianSpeed":37.0,"averageSpeed":35.2,"standardDeviationSpeed":12.8,"travelTimeStandardDeviation":6.63,"sampleSize":94,"normalizedSampleSize":0.0111,"averageTravelTime":3.98,"medianTravelTime":2.56,"travelTimeRatio":1.33,"speedPercentiles":[8,17,23,28,29,31,33,36,37,37,38,39,40,40,42,45,46,47,51]},{"timeSet":20,"dateRange":2,"harmonicAverageSpeed":28.2,"medianSpeed":34.0,"averageSpeed":34.1,"standardDeviationSpeed":11.1,"travelTimeStandardDeviation":2.67,"sampleSize":105,"normalizedSampleSize":0.0124,"averageTravelTime":3.36,"medianTravelTime":2.78,"travelTimeRatio":1.12,"speedPercentiles":[14,21,23,26,28,30,32,32,33,34,35,36,38,39,41,42,44,48,51]},{"timeSet":21,"dateRange":2,"harmonicAverageSpeed":22.7,"medianSpeed":31.0,"averageSpeed":29.4,"standardDeviationSpeed":9.6,"travelTimeStandardDeviation":3.79,"sampleSize":102,"normalizedSampleSize":0.012,"averageTravelTime":4.17,"medianTravelTime":3.05,"travelTimeRatio":1.39,"speedPercentiles":[10,17,19,22,26,27,28,29,30,31,32,33,34,35,36,37,38,40,41]},{"timeSet":22,"dateRange":2,"harmonicAverageSpeed":23.0,"medianSpeed":31.0,"averageSpeed":30.0,"standardDeviationSpeed":10.4,"travelTimeStandardDeviation":3.7,"sampleSize":135,"normalizedSampleSize":0.0159,"averageTravelTime":4.11,"medianTravelTime":3.05,"travelTimeRatio":1.37,"speedPercentiles":[8,14,19,22,25,27,28,29,30,31,32,33,34,35,37,38,39,42,47]},{"timeSet":23,"dateRange":2,"harmonicAverageSpeed":18.5,"medianSpeed":29.0,"averageSpeed":27.7,"standardDeviationSpeed":10.8,"travelTimeStandardDeviation":6.8,"sampleSize":143,"normalizedSampleSize":0.0169,"averageTravelTime":5.11,"medianTravelTime":3.26,"travelTimeRatio":1.7,"speedPercentiles":[7,11,17,19,22,24,25,27,28,29,30,31,33,33,34,36,37,39,42]},{"timeSet":24,"dateRange":2,"harmonicAverageSpeed":20.1,"medianSpeed":29.0,"averageSpeed":29.1,"standardDeviationSpeed":11.3,"travelTimeStandardDeviation":5.91,"sampleSize":160,"normalizedSampleSize":0.0189,"averageTravelTime":4.7,"medianTravelTime":3.26,"travelTimeRatio":1.57,"speedPercentiles":[7,14,20,22,23,24,26,27,28,29,30,31,33,34,35,36,38,41,47]},{"timeSet":25,"dateRange":2,"harmonicAverageSpeed":22.0,"medianSpeed":34.0,"averageSpeed":32.5,"standardDeviationSpeed":10.5,"travelTimeStandardDeviation":6.97,"sampleSize":136,"normalizedSampleSize":0.0161,"averageTravelTime":4.31,"medianTravelTime":2.78,"travelTimeRatio":1.43,"speedPercentiles":[9,18,23,27,28,30,30,32,33,34,36,37,38,38,39,40,41,42,45]},{"timeSet":26,"dateRange":2,"harmonicAverageSpeed":29.2,"medianSpeed":37.0,"averageSpeed":35.6,"standardDeviationSpeed":10.8,"travelTimeStandardDeviation":2.45,"sampleSize":75,"normalizedSampleSize":0.0089,"averageTravelTime":3.25,"medianTravelTime":2.56,"travelTimeRatio":1.08,"speedPercentiles":[12,20,26,29,30,31,33,35,36,37,38,39,40,43,44,44,45,47,51]},{"timeSet":27,"dateRange":2,"harmonicAverageSpeed":26.2,"medianSpeed":34.0,"averageSpeed":32.6,"standardDeviationSpeed":10.8,"travelTimeStandardDeviation":2.64,"sampleSize":97,"normalizedSampleSize":0.0115,"averageTravelTime":3.61,"medianTravelTime":2.78,"travelTimeRatio":1.2,"speedPercentiles":[9,18,21,24,26,30,31,32,33,34,36,37,37,38,38,40,42,44,49]},{"timeSet":28,"dateRange":2,"harmonicAverageSpeed":30.4,"medianSpeed":37.0,"averageSpeed":35.9,"standardDeviationSpeed":11.2,"travelTimeStandardDeviation":1.97,"sampleSize":77,"normalizedSampleSize":0.0091,"averageTravelTime":3.11,"medianTravelTime":2.56,"travelTimeRatio":1.04,"speedPercentiles":[11,24,26,28,28,30,32,33,36,37,38,39,41,42,42,44,45,47,55]},{"timeSet":5,"dateRange":3,"harmonicAverageSpeed":33.7,"medianSpeed":36.0,"averageSpeed":36.1,"standardDeviationSpeed":8.3,"travelTimeStandardDeviation":0.93,"sampleSize":17,"normalizedSampleSize":0.002,"averageTravelTime":2.8,"medianTravelTime":2.63,"travelTimeRatio":1.0,"speedPercentiles":[16,24,29,33,35,35,35,35,35,36,36,38,39,39,40,42,43,45,53]},{"timeSet":6,"dateRange":3,"harmonicAverageSpeed":25.1,"medianSpeed":33.0,"averageSpeed":32.9,"standardDeviationSpeed":14.0,"travelTimeStandardDeviation":2.55,"sampleSize":14,"normalizedSampleSize":0.0017,"averageTravelTime":3.77,"medianTravelTime":2.87,"travelTimeRatio":1.34,"speedPercentiles":[10,10,23,23,23,24,24,26,33,33,37,37,40,40,46,48,48,51,52]},{"timeSet":7,"dateRange":3,"harmonicAverageSpeed":45.4,"medianSpeed":43.0,"averageSpeed":47.0,"standardDeviationSpeed":10.8,"travelTimeStandardDeviation":0.38,"sampleSize":5,"normalizedSampleSize":6.0E-4,"averageTravelTime":2.08,"medianTravelTime":2.2,"travelTimeRatio":0.74,"speedPercentiles":[39,39,39,39,42,42,42,42,43,43,43,43,45,45,45,45,66,66,66]},{"timeSet":8,"dateRange":3,"harmonicAverageSpeed":39.5,"medianSpeed":41.0,"averageSpeed":39.7,"standardDeviationSpeed":3.0,"travelTimeStandardDeviation":0.19,"sampleSize":7,"normalizedSampleSize":8.0E-4,"averageTravelTime":2.39,"medianTravelTime":2.31,"travelTimeRatio":0.85,"speedPercentiles":[35,35,36,36,36,40,40,40,41,41,41,41,41,41,42,42,42,43,43]},{"timeSet":9,"dateRange":3,"harmonicAverageSpeed":37.5,"medianSpeed":35.0,"averageSpeed":42.5,"standardDeviationSpeed":16.5,"travelTimeStandardDeviation":0.95,"sampleSize":6,"normalizedSampleSize":7.0E-4,"averageTravelTime":2.52,"medianTravelTime":2.7,"travelTimeRatio":0.9,"speedPercentiles":[24,24,24,30,30,30,35,35,35,35,42,42,42,57,57,57,67,67,67]},{"timeSet":10,"dateRange":3,"harmonicAverageSpeed":34.4,"medianSpeed":34.0,"averageSpeed":40.0,"standardDeviationSpeed":19.7,"travelTimeStandardDeviation":1.21,"sampleSize":3,"normalizedSampleSize":4.0E-4,"averageTravelTime":2.75,"medianTravelTime":2.78,"travelTimeRatio":0.98,"speedPercentiles":[24,24,24,24,24,24,34,34,34,34,34,34,34,62,62,62,62,62,62]},{"timeSet":11,"dateRange":3,"harmonicAverageSpeed":29.4,"medianSpeed":37.0,"averageSpeed":36.7,"standardDeviationSpeed":16.5,"travelTimeStandardDeviation":1.75,"sampleSize":9,"normalizedSampleSize":0.0011,"averageTravelTime":3.21,"medianTravelTime":2.56,"travelTimeRatio":1.15,"speedPercentiles":[15,15,16,16,27,27,37,37,37,37,37,38,38,38,38,59,59,63,63]},{"timeSet":12,"dateRange":3,"harmonicAverageSpeed":25.5,"medianSpeed":40.0,"averageSpeed":38.1,"standardDeviationSpeed":18.7,"travelTimeStandardDeviation":3.14,"sampleSize":12,"normalizedSampleSize":0.0014,"averageTravelTime":3.71,"medianTravelTime":2.37,"travelTimeRatio":1.32,"speedPercentiles":[9,10,10,20,20,31,36,36,40,40,40,41,41,44,44,57,61,61,68]},{"timeSet":13,"dateRange":3,"harmonicAverageSpeed":22.5,"medianSpeed":36.0,"averageSpeed":33.7,"standardDeviationSpeed":14.2,"travelTimeStandardDeviation":4.94,"sampleSize":20,"normalizedSampleSize":0.0024,"averageTravelTime":4.2,"medianTravelTime":2.63,"travelTimeRatio":1.5,"speedPercentiles":[4,9,19,21,30,31,32,32,36,36,37,37,38,38,39,39,40,40,41]},{"timeSet":14,"dateRange":3,"harmonicAverageSpeed":33.8,"medianSpeed":36.0,"averageSpeed":35.7,"standardDeviationSpeed":8.2,"travelTimeStandardDeviation":0.73,"sampleSize":19,"normalizedSampleSize":0.0022,"averageTravelTime":2.8,"medianTravelTime":2.63,"travelTimeRatio":1.0,"speedPercentiles":[20,24,24,31,31,32,32,33,35,36,36,38,39,39,39,46,47,47,50]},{"timeSet":15,"dateRange":3,"harmonicAverageSpeed":25.7,"medianSpeed":34.0,"averageSpeed":33.6,"standardDeviationSpeed":12.1,"travelTimeStandardDeviation":3.3,"sampleSize":29,"normalizedSampleSize":0.0034,"averageTravelTime":3.69,"medianTravelTime":2.78,"travelTimeRatio":1.32,"speedPercentiles":[11,14,20,27,30,31,31,31,34,34,34,35,38,40,40,43,44,48,51]},{"timeSet":16,"dateRange":3,"harmonicAverageSpeed":28.7,"medianSpeed":36.0,"averageSpeed":34.5,"standardDeviationSpeed":9.7,"travelTimeStandardDeviation":2.48,"sampleSize":23,"normalizedSampleSize":0.0027,"averageTravelTime":3.3,"medianTravelTime":2.63,"travelTimeRatio":1.18,"speedPercentiles":[15,27,27,27,28,32,34,35,36,36,36,37,38,40,41,41,44,45,47]},{"timeSet":17,"dateRange":3,"harmonicAverageSpeed":33.1,"medianSpeed":37.0,"averageSpeed":36.5,"standardDeviationSpeed":11.1,"travelTimeStandardDeviation":1.07,"sampleSize":28,"normalizedSampleSize":0.0033,"averageTravelTime":2.86,"medianTravelTime":2.56,"travelTimeRatio":1.02,"speedPercentiles":[23,24,28,29,30,30,30,34,34,37,38,39,40,40,40,42,42,45,61]},{"timeSet":18,"dateRange":3,"harmonicAverageSpeed":31.7,"medianSpeed":36.0,"averageSpeed":38.4,"standardDeviationSpeed":15.5,"travelTimeStandardDeviation":1.81,"sampleSize":21,"normalizedSampleSize":0.0025,"averageTravelTime":2.98,"medianTravelTime":2.63,"travelTimeRatio":1.06,"speedPercentiles":[15,26,31,31,32,33,34,36,36,36,39,40,40,42,42,43,44,50,59]},{"timeSet":19,"dateRange":3,"harmonicAverageSpeed":26.2,"medianSpeed":33.0,"averageSpeed":35.0,"standardDeviationSpeed":14.1,"travelTimeStandardDeviation":2.88,"sampleSize":26,"normalizedSampleSize":0.0031,"averageTravelTime":3.61,"medianTravelTime":2.87,"travelTimeRatio":1.29,"speedPercentiles":[10,10,23,26,27,28,31,32,33,33,39,39,39,43,44,47,48,50,50]},{"timeSet":20,"dateRange":3,"harmonicAverageSpeed":34.6,"medianSpeed":36.0,"averageSpeed":36.4,"standardDeviationSpeed":8.2,"travelTimeStandardDeviation":0.68,"sampleSize":26,"normalizedSampleSize":0.0031,"averageTravelTime":2.74,"medianTravelTime":2.63,"travelTimeRatio":0.98,"speedPercentiles":[22,27,28,32,32,33,34,35,35,36,37,38,39,40,41,42,43,43,53]},{"timeSet":21,"dateRange":3,"harmonicAverageSpeed":25.2,"medianSpeed":37.0,"averageSpeed":35.8,"standardDeviationSpeed":11.1,"travelTimeStandardDeviation":4.88,"sampleSize":37,"normalizedSampleSize":0.0044,"averageTravelTime":3.76,"medianTravelTime":2.56,"travelTimeRatio":1.34,"speedPercentiles":[6,21,30,32,32,34,35,35,36,37,37,38,40,40,42,44,46,48,53]},{"timeSet":22,"dateRange":3,"harmonicAverageSpeed":30.9,"medianSpeed":37.0,"averageSpeed":36.2,"standardDeviationSpeed":9.8,"travelTimeStandardDeviation":2.0,"sampleSize":39,"normalizedSampleSize":0.0046,"averageTravelTime":3.06,"medianTravelTime":2.56,"travelTimeRatio":1.09,"speedPercentiles":[10,26,29,32,33,34,35,36,36,37,38,38,39,39,41,45,46,48,51]},{"timeSet":23,"dateRange":3,"harmonicAverageSpeed":33.0,"medianSpeed":37.0,"averageSpeed":35.7,"standardDeviationSpeed":8.8,"travelTimeStandardDeviation":1.0,"sampleSize":51,"normalizedSampleSize":0.006,"averageTravelTime":2.87,"medianTravelTime":2.56,"travelTimeRatio":1.02,"speedPercentiles":[21,25,26,28,30,33,33,35,37,37,38,38,39,40,41,43,43,43,50]},{"timeSet":24,"dateRange":3,"harmonicAverageSpeed":32.7,"medianSpeed":35.0,"averageSpeed":36.3,"standardDeviationSpeed":11.5,"travelTimeStandardDeviation":1.11,"sampleSize":41,"normalizedSampleSize":0.0048,"averageTravelTime":2.89,"medianTravelTime":2.7,"travelTimeRatio":1.03,"speedPercentiles":[20,24,27,29,31,32,33,33,34,35,35,38,40,40,41,43,44,45,52]},{"timeSet":25,"dateRange":3,"harmonicAverageSpeed":30.7,"medianSpeed":37.0,"averageSpeed":35.8,"standardDeviationSpeed":9.8,"travelTimeStandardDeviation":1.97,"sampleSize":41,"normalizedSampleSize":0.0048,"averageTravelTime":3.09,"medianTravelTime":2.56,"travelTimeRatio":1.1,"speedPercentiles":[17,25,29,30,32,33,34,35,36,37,38,39,39,41,42,43,44,45,49]},{"timeSet":26,"dateRange":3,"harmonicAverageSpeed":32.3,"medianSpeed":34.0,"averageSpeed":36.3,"standardDeviationSpeed":11.6,"travelTimeStandardDeviation":1.18,"sampleSize":30,"normalizedSampleSize":0.0035,"averageTravelTime":2.93,"medianTravelTime":2.78,"travelTimeRatio":1.04,"speedPercentiles":[15,23,26,27,29,30,32,32,34,34,36,39,40,40,43,43,47,53,59]},{"timeSet":27,"dateRange":3,"harmonicAverageSpeed":34.9,"medianSpeed":36.0,"averageSpeed":37.6,"standardDeviationSpeed":10.2,"travelTimeStandardDeviation":0.92,"sampleSize":35,"normalizedSampleSize":0.0041,"averageTravelTime":2.71,"medianTravelTime":2.63,"travelTimeRatio":0.97,"speedPercentiles":[27,30,31,31,32,32,35,36,36,36,37,38,38,39,40,41,43,46,64]},{"timeSet":28,"dateRange":3,"harmonicAverageSpeed":31.1,"medianSpeed":35.0,"averageSpeed":34.1,"standardDeviationSpeed":9.6,"travelTimeStandardDeviation":1.1,"sampleSize":15,"normalizedSampleSize":0.0018,"averageTravelTime":3.04,"medianTravelTime":2.7,"travelTimeRatio":1.08,"speedPercentiles":[15,22,27,27,28,30,30,30,34,35,36,36,36,38,39,39,42,44,55]},{"timeSet":5,"dateRange":4,"harmonicAverageSpeed":35.7,"medianSpeed":41.7,"averageSpeed":40.5,"standardDeviationSpeed":9.9,"travelTimeStandardDeviation":1.49,"sampleSize":28,"normalizedSampleSize":0.0033,"averageTravelTime":2.65,"medianTravelTime":2.27,"travelTimeRatio":1.0,"speedPercentiles":[16,28,35,35,37,39,39,40,40,42,43,43,44,44,45,50,51,52,52]},{"timeSet":6,"dateRange":4,"harmonicAverageSpeed":32.3,"medianSpeed":36.6,"averageSpeed":37.0,"standardDeviationSpeed":12.4,"travelTimeStandardDeviation":1.29,"sampleSize":15,"normalizedSampleSize":0.0018,"averageTravelTime":2.93,"medianTravelTime":2.58,"travelTimeRatio":1.1,"speedPercentiles":[14,24,27,27,27,27,28,28,36,37,41,41,41,46,47,47,49,52,59]},{"timeSet":7,"dateRange":4,"harmonicAverageSpeed":21.0,"medianSpeed":32.4,"averageSpeed":30.5,"standardDeviationSpeed":13.2,"travelTimeStandardDeviation":3.81,"sampleSize":12,"normalizedSampleSize":0.0014,"averageTravelTime":4.51,"medianTravelTime":2.92,"travelTimeRatio":1.7,"speedPercentiles":[8,8,8,16,16,30,31,31,32,32,34,37,37,42,42,42,43,43,44]},{"timeSet":8,"dateRange":4,"harmonicAverageSpeed":40.0,"medianSpeed":42.8,"averageSpeed":40.5,"standardDeviationSpeed":5.1,"travelTimeStandardDeviation":0.32,"sampleSize":3,"normalizedSampleSize":4.0E-4,"averageTravelTime":2.36,"medianTravelTime":2.21,"travelTimeRatio":0.89,"speedPercentiles":[35,35,35,35,35,35,43,43,43,43,43,43,43,44,44,44,44,44,44]},{"timeSet":9,"dateRange":4,"harmonicAverageSpeed":10.9,"medianSpeed":40.3,"averageSpeed":39.6,"standardDeviationSpeed":26.0,"travelTimeStandardDeviation":14.73,"sampleSize":5,"normalizedSampleSize":6.0E-4,"averageTravelTime":8.72,"medianTravelTime":2.35,"travelTimeRatio":3.29,"speedPercentiles":[3,3,3,3,32,32,32,32,40,40,40,40,49,49,49,49,74,74,74]},{"timeSet":10,"dateRange":4,"harmonicAverageSpeed":17.4,"medianSpeed":30.9,"averageSpeed":24.5,"standardDeviationSpeed":13.4,"travelTimeStandardDeviation":4.3,"sampleSize":3,"normalizedSampleSize":4.0E-4,"averageTravelTime":5.43,"medianTravelTime":3.06,"travelTimeRatio":2.05,"speedPercentiles":[9,9,9,9,9,9,31,31,31,31,31,31,31,34,34,34,34,34,34]},{"timeSet":11,"dateRange":4,"harmonicAverageSpeed":45.7,"medianSpeed":41.3,"averageSpeed":46.5,"standardDeviationSpeed":7.3,"travelTimeStandardDeviation":0.33,"sampleSize":4,"normalizedSampleSize":5.0E-4,"averageTravelTime":2.07,"medianTravelTime":2.29,"travelTimeRatio":0.78,"speedPercentiles":[39,39,39,39,39,41,41,41,41,41,52,52,52,52,52,53,53,53,53]},{"timeSet":12,"dateRange":4,"harmonicAverageSpeed":37.3,"medianSpeed":38.9,"averageSpeed":39.2,"standardDeviationSpeed":7.8,"travelTimeStandardDeviation":0.72,"sampleSize":17,"normalizedSampleSize":0.002,"averageTravelTime":2.54,"medianTravelTime":2.43,"travelTimeRatio":0.96,"speedPercentiles":[19,32,32,33,38,38,38,39,39,39,41,41,42,42,42,43,47,48,54]},{"timeSet":13,"dateRange":4,"harmonicAverageSpeed":19.0,"medianSpeed":40.7,"averageSpeed":36.8,"standardDeviationSpeed":15.8,"travelTimeStandardDeviation":6.8,"sampleSize":21,"normalizedSampleSize":0.0025,"averageTravelTime":4.97,"medianTravelTime":2.32,"travelTimeRatio":1.88,"speedPercentiles":[5,6,24,26,33,36,37,37,39,41,42,45,46,46,47,48,51,52,52]},{"timeSet":14,"dateRange":4,"harmonicAverageSpeed":22.3,"medianSpeed":35.7,"averageSpeed":33.4,"standardDeviationSpeed":12.6,"travelTimeStandardDeviation":4.61,"sampleSize":47,"normalizedSampleSize":0.0056,"averageTravelTime":4.25,"medianTravelTime":2.65,"travelTimeRatio":1.6,"speedPercentiles":[6,9,21,28,29,30,31,32,35,36,37,38,39,40,43,43,43,45,48]},{"timeSet":15,"dateRange":4,"harmonicAverageSpeed":20.3,"medianSpeed":37.3,"averageSpeed":35.7,"standardDeviationSpeed":13.7,"travelTimeStandardDeviation":6.91,"sampleSize":60,"normalizedSampleSize":0.0071,"averageTravelTime":4.67,"medianTravelTime":2.54,"travelTimeRatio":1.76,"speedPercentiles":[4,9,24,29,32,33,35,35,36,37,38,39,40,41,43,44,46,48,54]},{"timeSet":16,"dateRange":4,"harmonicAverageSpeed":33.5,"medianSpeed":37.5,"averageSpeed":37.7,"standardDeviationSpeed":12.7,"travelTimeStandardDeviation":1.09,"sampleSize":78,"normalizedSampleSize":0.0092,"averageTravelTime":2.82,"medianTravelTime":2.52,"travelTimeRatio":1.07,"speedPercentiles":[19,23,27,28,30,31,33,35,36,38,39,40,41,42,43,46,50,53,55]},{"timeSet":17,"dateRange":4,"harmonicAverageSpeed":20.0,"medianSpeed":36.9,"averageSpeed":36.0,"standardDeviationSpeed":10.7,"travelTimeStandardDeviation":14.51,"sampleSize":64,"normalizedSampleSize":0.0076,"averageTravelTime":4.72,"medianTravelTime":2.56,"travelTimeRatio":1.78,"speedPercentiles":[19,22,27,29,31,32,33,34,36,37,38,40,40,41,42,44,45,50,51]},{"timeSet":18,"dateRange":4,"harmonicAverageSpeed":29.7,"medianSpeed":38.3,"averageSpeed":37.7,"standardDeviationSpeed":9.4,"travelTimeStandardDeviation":4.65,"sampleSize":64,"normalizedSampleSize":0.0076,"averageTravelTime":3.18,"medianTravelTime":2.47,"travelTimeRatio":1.2,"speedPercentiles":[23,27,28,30,33,35,37,37,38,38,38,39,40,42,42,45,46,47,52]},{"timeSet":19,"dateRange":4,"harmonicAverageSpeed":24.3,"medianSpeed":37.9,"averageSpeed":35.7,"standardDeviationSpeed":13.5,"travelTimeStandardDeviation":4.54,"sampleSize":50,"normalizedSampleSize":0.0059,"averageTravelTime":3.9,"medianTravelTime":2.5,"travelTimeRatio":1.47,"speedPercentiles":[8,13,22,23,29,33,34,35,37,38,38,39,41,42,44,46,48,51,58]},{"timeSet":20,"dateRange":4,"harmonicAverageSpeed":28.6,"medianSpeed":36.9,"averageSpeed":34.8,"standardDeviationSpeed":10.8,"travelTimeStandardDeviation":2.38,"sampleSize":58,"normalizedSampleSize":0.0068,"averageTravelTime":3.31,"medianTravelTime":2.56,"travelTimeRatio":1.25,"speedPercentiles":[11,21,26,28,29,30,31,34,36,37,38,39,39,40,43,43,45,47,49]},{"timeSet":21,"dateRange":4,"harmonicAverageSpeed":13.0,"medianSpeed":31.4,"averageSpeed":30.5,"standardDeviationSpeed":14.9,"travelTimeStandardDeviation":15.01,"sampleSize":74,"normalizedSampleSize":0.0087,"averageTravelTime":7.27,"medianTravelTime":3.01,"travelTimeRatio":2.75,"speedPercentiles":[2,8,16,17,22,25,27,30,31,31,34,36,36,38,39,41,43,46,53]},{"timeSet":22,"dateRange":4,"harmonicAverageSpeed":23.0,"medianSpeed":34.8,"averageSpeed":32.4,"standardDeviationSpeed":12.0,"travelTimeStandardDeviation":3.87,"sampleSize":53,"normalizedSampleSize":0.0063,"averageTravelTime":4.12,"medianTravelTime":2.72,"travelTimeRatio":1.56,"speedPercentiles":[6,11,15,27,28,31,31,33,34,35,36,37,38,38,40,41,42,43,47]},{"timeSet":23,"dateRange":4,"harmonicAverageSpeed":26.9,"medianSpeed":32.2,"averageSpeed":31.8,"standardDeviationSpeed":9.5,"travelTimeStandardDeviation":2.51,"sampleSize":45,"normalizedSampleSize":0.0053,"averageTravelTime":3.52,"medianTravelTime":2.94,"travelTimeRatio":1.33,"speedPercentiles":[16,19,23,25,26,26,28,29,31,32,34,34,37,38,39,40,42,44,45]},{"timeSet":24,"dateRange":4,"harmonicAverageSpeed":27.5,"medianSpeed":31.8,"averageSpeed":31.4,"standardDeviationSpeed":9.0,"travelTimeStandardDeviation":1.77,"sampleSize":75,"normalizedSampleSize":0.0089,"averageTravelTime":3.44,"medianTravelTime":2.98,"travelTimeRatio":1.3,"speedPercentiles":[12,19,25,25,27,28,28,29,30,32,33,34,35,36,37,38,40,43,47]},{"timeSet":25,"dateRange":4,"harmonicAverageSpeed":20.9,"medianSpeed":36.2,"averageSpeed":34.7,"standardDeviationSpeed":14.2,"travelTimeStandardDeviation":6.72,"sampleSize":49,"normalizedSampleSize":0.0058,"averageTravelTime":4.52,"medianTravelTime":2.61,"travelTimeRatio":1.71,"speedPercentiles":[7,9,17,26,32,33,34,35,35,36,37,37,38,42,42,43,44,55,57]},{"timeSet":26,"dateRange":4,"harmonicAverageSpeed":24.8,"medianSpeed":34.4,"averageSpeed":32.7,"standardDeviationSpeed":11.1,"travelTimeStandardDeviation":3.44,"sampleSize":28,"normalizedSampleSize":0.0033,"averageTravelTime":3.81,"medianTravelTime":2.75,"travelTimeRatio":1.44,"speedPercentiles":[7,16,23,28,28,30,30,32,32,34,36,36,37,37,38,43,43,46,47]},{"timeSet":27,"dateRange":4,"harmonicAverageSpeed":28.4,"medianSpeed":38.4,"averageSpeed":37.5,"standardDeviationSpeed":12.5,"travelTimeStandardDeviation":3.0,"sampleSize":34,"normalizedSampleSize":0.004,"averageTravelTime":3.33,"medianTravelTime":2.46,"travelTimeRatio":1.26,"speedPercentiles":[8,21,29,29,34,36,36,37,38,38,41,41,43,43,46,47,47,50,55]},{"timeSet":28,"dateRange":4,"harmonicAverageSpeed":25.3,"medianSpeed":34.7,"averageSpeed":33.0,"standardDeviationSpeed":14.4,"travelTimeStandardDeviation":2.34,"sampleSize":23,"normalizedSampleSize":0.0027,"averageTravelTime":3.74,"medianTravelTime":2.73,"travelTimeRatio":1.41,"speedPercentiles":[11,11,13,16,24,28,30,31,31,35,35,36,38,39,42,42,50,54,56]}]}}]}