{"type":"FeatureCollection","features":[{"type":"Feature","geometry":null,"properties":{"jobName":"Corso Francia_Festivi_MC","creationTime":"2026-02-19T14:32:04.700612629Z","userPreference":{"distanceUnit":"KILOMETERS","includedSpeedLimits":"ALL"},"dateRanges":[{"@id":1,"name":"Corso Francia","from":"2026-02-01","to":"2026-02-15","exclusions":[],"excludedDaysOfWeek":["MONDAY","TUESDAY","WEDNESDAY","THURSDAY","FRIDAY"]}],"timeSets":[{"@id":2,"name":"0:00-1:00","dayToTimeRanges":[{"dayOfWeek":"MONDAY","timeRanges":["00:00-01:00"]},{"dayOfWeek":"TUESDAY","timeRanges":["00:00-01:00"]},{"dayOfWeek":"WEDNESDAY","timeRanges":["00:00-01:00"]},{"dayOfWeek":"THURSDAY","timeRanges":["00:00-01:00"]},{"dayOfWeek":"FRIDAY","timeRanges":["00:00-01:00"]},{"dayOfWeek":"SATURDAY","timeRanges":["00:00-01:00"]},{"dayOfWeek":"SUNDAY","timeRanges":["00:00-01:00"]}]},{"@id":3,"name":"1:00-2:00","dayToTimeRanges":[{"dayOfWeek":"MONDAY","timeRanges":["01:00-02:00"]},{"dayOfWeek":"TUESDAY","timeRanges":["01:00-02:00"]},{"dayOfWeek":"WEDNESDAY","timeRanges":["01:00-02:00"]},{"dayOfWeek":"THURSDAY","timeRanges":["01:00-02:00"]},{"dayOfWeek":"FRIDAY","timeRanges":["01:00-02:00"]},{"dayOfWeek":"SATURDAY","timeRanges":["01:00-02:00"]},{"dayOfWeek":"SUNDAY","timeRanges":["01:00-02:00"]}]},{"@id":4,"name":"2:00-3:00","dayToTimeRanges":[{"dayOfWeek":"MONDAY","timeRanges":["02:00-03:00"]},{"dayOfWeek":"TUESDAY","timeRanges":["02:00-03:00"]},{"dayOfWeek":"WEDNESDAY","timeRanges":["02:00-03:00"]},{"dayOfWeek":"THURSDAY","timeRanges":["02:00-03:00"]},{"dayOfWeek":"FRIDAY","timeRanges":["02:00-03:00"]},{"dayOfWeek":"SATURDAY","timeRanges":["02:00-03:00"]},{"dayOfWeek":"SUNDAY","timeRanges":["02:00-03:00"]}]},{"@id":5,"name":"3:00-4:00","dayToTimeRanges":[{"dayOfWeek":"MONDAY","timeRanges":["03:00-04:00"]},{"dayOfWeek":"TUESDAY","timeRanges":["03:00-04:00"]},{"dayOfWeek":"WEDNESDAY","timeRanges":["03:00-04:00"]},{"dayOfWeek":"THURSDAY","timeRanges":["03:00-04:00"]},{"dayOfWeek":"FRIDAY","timeRanges":["03:00-04:00"]},{"dayOfWeek":"SATURDAY","timeRanges":["03:00-04:00"]},{"dayOfWeek":"SUNDAY","timeRanges":["03:00-04:00"]}]},{"@id":6,"name":"4:00-5:00","dayToTimeRanges":[{"dayOfWeek":"MONDAY","timeRanges":["04:00-05:00"]},{"dayOfWeek":"TUESDAY","timeRanges":["04:00-05:00"]},{"dayOfWeek":"WEDNESDAY","timeRanges":["04:00-05:00"]},{"dayOfWeek":"THURSDAY","timeRanges":["04:00-05:00"]},{"dayOfWeek":"FRIDAY","timeRanges":["04:00-05:00"]},{"dayOfWeek":"SATURDAY","timeRanges":["04:00-05:00"]},{"dayOfWeek":"SUNDAY","timeRanges":["04:00-05:00"]}]},{"@id":7,"name":"5:00-6:00","dayToTimeRanges":[{"dayOfWeek":"MONDAY","timeRanges":["05:00-06:00"]},{"dayOfWeek":"TUESDAY","timeRanges":["05:00-06:00"]},{"dayOfWeek":"WEDNESDAY","timeRanges":["05:00-06:00"]},{"dayOfWeek":"THURSDAY","timeRanges":["05:00-06:00"]},{"dayOfWeek":"FRIDAY","timeRanges":["05:00-06:00"]},{"dayOfWeek":"SATURDAY","timeRanges":["05:00-06:00"]},{"dayOfWeek":"SUNDAY","timeRanges":["05:00-06:00"]}]},{"@id":8,"name":"6:00-7:00","dayToTimeRanges":[{"dayOfWeek":"MONDAY","timeRanges":["06:00-07:00"]},{"dayOfWeek":"TUESDAY","timeRanges":["06:00-07:00"]},{"dayOfWeek":"WEDNESDAY","timeRanges":["06:00-07:00"]},{"dayOfWeek":"THURSDAY","timeRanges":["06:00-07:00"]},{"dayOfWeek":"FRIDAY","timeRanges":["06:00-07:00"]},{"dayOfWeek":"SATURDAY","timeRanges":["06:00-07:00"]},{"dayOfWeek":"SUNDAY","timeRanges":["06:00-07:00"]}]},{"@id":9,"name":"7:00-8:00","dayToTimeRanges":[{"dayOfWeek":"MONDAY","timeRanges":["07:00-08:00"]},{"dayOfWeek":"TUESDAY","timeRanges":["07:00-08:00"]},{"dayOfWeek":"WEDNESDAY","timeRanges":["07:00-08:00"]},{"dayOfWeek":"THURSDAY","timeRanges":["07:00-08:00"]},{"dayOfWeek":"FRIDAY","timeRanges":["07:00-08:00"]},{"dayOfWeek":"SATURDAY","timeRanges":["07:00-08:00"]},{"dayOfWeek":"SUNDAY","timeRanges":["07:00-08:00"]}]},{"@id":10,"name":"8:00-9:00","dayToTimeRanges":[{"dayOfWeek":"MONDAY","timeRanges":["08:00-09:00"]},{"dayOfWeek":"TUESDAY","timeRanges":["08:00-09:00"]},{"dayOfWeek":"WEDNESDAY","timeRanges":["08:00-09:00"]},{"dayOfWeek":"THURSDAY","timeRanges":["08:00-09:00"]},{"dayOfWeek":"FRIDAY","timeRanges":["08:00-09:00"]},{"dayOfWeek":"SATURDAY","timeRanges":["08:00-09:00"]},{"dayOfWeek":"SUNDAY","timeRanges":["08:00-09:00"]}]},{"@id":11,"name":"9:00-10:00","dayToTimeRanges":[{"dayOfWeek":"MONDAY","timeRanges":["09:00-10:00"]},{"dayOfWeek":"TUESDAY","timeRanges":["09:00-10:00"]},{"dayOfWeek":"WEDNESDAY","timeRanges":["09:00-10:00"]},{"dayOfWeek":"THURSDAY","timeRanges":["09:00-10:00"]},{"dayOfWeek":"FRIDAY","timeRanges":["09:00-10:00"]},{"dayOfWeek":"SATURDAY","timeRanges":["09:00-10:00"]},{"dayOfWeek":"SUNDAY","timeRanges":["09:00-10:00"]}]},{"@id":12,"name":"10:00-11:00","dayToTimeRanges":[{"dayOfWeek":"MONDAY","timeRanges":["10:00-11:00"]},{"dayOfWeek":"TUESDAY","timeRanges":["10:00-11:00"]},{"dayOfWeek":"WEDNESDAY","timeRanges":["10:00-11:00"]},{"dayOfWeek":"THURSDAY","timeRanges":["10:00-11:00"]},{"dayOfWeek":"FRIDAY","timeRanges":["10:00-11:00"]},{"dayOfWeek":"SATURDAY","timeRanges":["10:00-11:00"]},{"dayOfWeek":"SUNDAY","timeRanges":["10:00-11:00"]}]},{"@id":13,"name":"11:00-12:00","dayToTimeRanges":[{"dayOfWeek":"MONDAY","timeRanges":["11:00-12:00"]},{"dayOfWeek":"TUESDAY","timeRanges":["11:00-12:00"]},{"dayOfWeek":"WEDNESDAY","timeRanges":["11:00-12:00"]},{"dayOfWeek":"THURSDAY","timeRanges":["11:00-12:00"]},{"dayOfWeek":"FRIDAY","timeRanges":["11:00-12:00"]},{"dayOfWeek":"SATURDAY","timeRanges":["11:00-12:00"]},{"dayOfWeek":"SUNDAY","timeRanges":["11:00-12:00"]}]},{"@id":14,"name":"12:00-13:00","dayToTimeRanges":[{"dayOfWeek":"MONDAY","timeRanges":["12:00-13:00"]},{"dayOfWeek":"TUESDAY","timeRanges":["12:00-13:00"]},{"dayOfWeek":"WEDNESDAY","timeRanges":["12:00-13:00"]},{"dayOfWeek":"THURSDAY","timeRanges":["12:00-13:00"]},{"dayOfWeek":"FRIDAY","timeRanges":["12:00-13:00"]},{"dayOfWeek":"SATURDAY","timeRanges":["12:00-13:00"]},{"dayOfWeek":"SUNDAY","timeRanges":["12:00-13:00"]}]},{"@id":15,"name":"13:00-14:00","dayToTimeRanges":[{"dayOfWeek":"MONDAY","timeRanges":["13:00-14:00"]},{"dayOfWeek":"TUESDAY","timeRanges":["13:00-14:00"]},{"dayOfWeek":"WEDNESDAY","timeRanges":["13:00-14:00"]},{"dayOfWeek":"THURSDAY","timeRanges":["13:00-14:00"]},{"dayOfWeek":"FRIDAY","timeRanges":["13:00-14:00"]},{"dayOfWeek":"SATURDAY","timeRanges":["13:00-14:00"]},{"dayOfWeek":"SUNDAY","timeRanges":["13:00-14:00"]}]},{"@id":16,"name":"14:00-15:00","dayToTimeRanges":[{"dayOfWeek":"MONDAY","timeRanges":["14:00-15:00"]},{"dayOfWeek":"TUESDAY","timeRanges":["14:00-15:00"]},{"dayOfWeek":"WEDNESDAY","timeRanges":["14:00-15:00"]},{"dayOfWeek":"THURSDAY","timeRanges":["14:00-15:00"]},{"dayOfWeek":"FRIDAY","timeRanges":["14:00-15:00"]},{"dayOfWeek":"SATURDAY","timeRanges":["14:00-15:00"]},{"dayOfWeek":"SUNDAY","timeRanges":["14:00-15:00"]}]},{"@id":17,"name":"15:00-16:00","dayToTimeRanges":[{"dayOfWeek":"MONDAY","timeRanges":["15:00-16:00"]},{"dayOfWeek":"TUESDAY","timeRanges":["15:00-16:00"]},{"dayOfWeek":"WEDNESDAY","timeRanges":["15:00-16:00"]},{"dayOfWeek":"THURSDAY","timeRanges":["15:00-16:00"]},{"dayOfWeek":"FRIDAY","timeRanges":["15:00-16:00"]},{"dayOfWeek":"SATURDAY","timeRanges":["15:00-16:00"]},{"dayOfWeek":"SUNDAY","timeRanges":["15:00-16:00"]}]},{"@id":18,"name":"16:00-17:00","dayToTimeRanges":[{"dayOfWeek":"MONDAY","timeRanges":["16:00-17:00"]},{"dayOfWeek":"TUESDAY","timeRanges":["16:00-17:00"]},{"dayOfWeek":"WEDNESDAY","timeRanges":["16:00-17:00"]},{"dayOfWeek":"THURSDAY","timeRanges":["16:00-17:00"]},{"dayOfWeek":"FRIDAY","timeRanges":["16:00-17:00"]},{"dayOfWeek":"SATURDAY","timeRanges":["16:00-17:00"]},{"dayOfWeek":"SUNDAY","timeRanges":["16:00-17:00"]}]},{"@id":19,"name":"17:00-18:00","dayToTimeRanges":[{"dayOfWeek":"MONDAY","timeRanges":["17:00-18:00"]},{"dayOfWeek":"TUESDAY","timeRanges":["17:00-18:00"]},{"dayOfWeek":"WEDNESDAY","timeRanges":["17:00-18:00"]},{"dayOfWeek":"THURSDAY","timeRanges":["17:00-18:00"]},{"dayOfWeek":"FRIDAY","timeRanges":["17:00-18:00"]},{"dayOfWeek":"SATURDAY","timeRanges":["17:00-18:00"]},{"dayOfWeek":"SUNDAY","timeRanges":["17:00-18:00"]}]},{"@id":20,"name":"18:00-19:00","dayToTimeRanges":[{"dayOfWeek":"MONDAY","timeRanges":["18:00-19:00"]},{"dayOfWeek":"TUESDAY","timeRanges":["18:00-19:00"]},{"dayOfWeek":"WEDNESDAY","timeRanges":["18:00-19:00"]},{"dayOfWeek":"THURSDAY","timeRanges":["18:00-19:00"]},{"dayOfWeek":"FRIDAY","timeRanges":["18:00-19:00"]},{"dayOfWeek":"SATURDAY","timeRanges":["18:00-19:00"]},{"dayOfWeek":"SUNDAY","timeRanges":["18:00-19:00"]}]},{"@id":21,"name":"19:00-20:00","dayToTimeRanges":[{"dayOfWeek":"MONDAY","timeRanges":["19:00-20:00"]},{"dayOfWeek":"TUESDAY","timeRanges":["19:00-20:00"]},{"dayOfWeek":"WEDNESDAY","timeRanges":["19:00-20:00"]},{"dayOfWeek":"THURSDAY","timeRanges":["19:00-20:00"]},{"dayOfWeek":"FRIDAY","timeRanges":["19:00-20:00"]},{"dayOfWeek":"SATURDAY","timeRanges":["19:00-20:00"]},{"dayOfWeek":"SUNDAY","timeRanges":["19:00-20:00"]}]},{"@id":22,"name":"20:00-21:00","dayToTimeRanges":[{"dayOfWeek":"MONDAY","timeRanges":["20:00-21:00"]},{"dayOfWeek":"TUESDAY","timeRanges":["20:00-21:00"]},{"dayOfWeek":"WEDNESDAY","timeRanges":["20:00-21:00"]},{"dayOfWeek":"THURSDAY","timeRanges":["20:00-21:00"]},{"dayOfWeek":"FRIDAY","timeRanges":["20:00-21:00"]},{"dayOfWeek":"SATURDAY","timeRanges":["20:00-21:00"]},{"dayOfWeek":"SUNDAY","timeRanges":["20:00-21:00"]}]},{"@id":23,"name":"21:00-22:00","dayToTimeRanges":[{"dayOfWeek":"MONDAY","timeRanges":["21:00-22:00"]},{"dayOfWeek":"TUESDAY","timeRanges":["21:00-22:00"]},{"dayOfWeek":"WEDNESDAY","timeRanges":["21:00-22:00"]},{"dayOfWeek":"THURSDAY","timeRanges":["21:00-22:00"]},{"dayOfWeek":"FRIDAY","timeRanges":["21:00-22:00"]},{"dayOfWeek":"SATURDAY","timeRanges":["21:00-22:00"]},{"dayOfWeek":"SUNDAY","timeRanges":["21:00-22:00"]}]},{"@id":24,"name":"22:00-23:00","dayToTimeRanges":[{"dayOfWeek":"MONDAY","timeRanges":["22:00-23:00"]},{"dayOfWeek":"TUESDAY","timeRanges":["22:00-23:00"]},{"dayOfWeek":"WEDNESDAY","timeRanges":["22:00-23:00"]},{"dayOfWeek":"THURSDAY","timeRanges":["22:00-23:00"]},{"dayOfWeek":"FRIDAY","timeRanges":["22:00-23:00"]},{"dayOfWeek":"SATURDAY","timeRanges":["22:00-23:00"]},{"dayOfWeek":"SUNDAY","timeRanges":["22:00-23:00"]}]},{"@id":25,"name":"23:00-24:00","dayToTimeRanges":[{"dayOfWeek":"MONDAY","timeRanges":["23:00-24:00"]},{"dayOfWeek":"TUESDAY","timeRanges":["23:00-24:00"]},{"dayOfWeek":"WEDNESDAY","timeRanges":["23:00-24:00"]},{"dayOfWeek":"THURSDAY","timeRanges":["23:00-24:00"]},{"dayOfWeek":"FRIDAY","timeRanges":["23:00-24:00"]},{"dayOfWeek":"SATURDAY","timeRanges":["23:00-24:00"]},{"dayOfWeek":"SUNDAY","timeRanges":["23:00-24:00"]}]}],"routeName":"Corso Francia_Dir. GRA","zoneId":"Europe/Rome","probeSource":"ALL","fullTraversal":false,"mapsVersions":["SouthWestEurope_eur2025.12.000-22.395-0 DSEG_NOSPLIT"],"summaries":[{"dateRange":1,"timeSet":2,"distance":2381.58,"coveredDistance":2381.58,"averageSampleSize":2737.51,"harmonicAverageSpeed":40.92,"averageTravelTime":209.54,"medianTravelTime":170.79,"averageTravelTimeRatio":1.0,"planningTimeIndex":2.18,"travelTimePercentiles":[115.69,125.68,132.6,138.57,143.99,149.22,154.78,159.97,164.89,170.79,176.48,182.89,191.0,200.38,214.43,234.18,280.1,333.11,455.83],"speedPercentiles":[18.81,25.74,30.61,36.61,39.98,42.79,44.89,46.88,48.58,50.2,51.99,53.59,55.39,57.46,59.54,61.87,64.66,68.22,74.11]},{"dateRange":1,"timeSet":3,"distance":2381.58,"coveredDistance":2381.58,"averageSampleSize":2262.04,"harmonicAverageSpeed":43.08,"averageTravelTime":199.03,"medianTravelTime":159.65,"averageTravelTimeRatio":0.95,"planningTimeIndex":2.06,"travelTimePercentiles":[107.36,116.76,123.48,129.01,134.47,139.3,144.58,149.49,154.5,159.65,165.52,171.99,179.49,188.26,199.96,218.73,252.96,312.6,431.18],"speedPercentiles":[19.88,27.43,33.89,39.2,42.88,45.54,47.77,49.85,51.8,53.7,55.49,57.35,59.3,61.55,63.76,66.46,69.43,73.43,79.86]},{"dateRange":1,"timeSet":4,"distance":2381.58,"coveredDistance":2381.58,"averageSampleSize":1355.06,"harmonicAverageSpeed":45.65,"averageTravelTime":187.82,"medianTravelTime":150.74,"averageTravelTimeRatio":0.9,"planningTimeIndex":2.01,"travelTimePercentiles":[101.08,110.25,116.31,121.51,126.44,131.2,135.62,140.17,145.44,150.74,156.73,162.64,169.5,178.64,190.59,209.5,232.92,285.56,420.44],"speedPercentiles":[20.39,30.02,36.81,40.92,44.99,48.0,50.58,52.72,54.7,56.88,58.95,61.16,63.22,65.35,67.81,70.56,73.71,77.77,84.83]},{"dateRange":1,"timeSet":5,"distance":2381.58,"coveredDistance":2381.58,"averageSampleSize":764.74,"harmonicAverageSpeed":45.2,"averageTravelTime":189.7,"medianTravelTime":143.51,"averageTravelTimeRatio":0.91,"planningTimeIndex":2.2,"travelTimePercentiles":[94.75,103.85,110.3,115.47,119.8,124.46,129.07,133.31,138.27,143.51,149.46,156.88,164.32,173.72,186.53,204.9,241.98,317.79,461.74],"speedPercentiles":[18.57,26.98,35.43,41.84,45.96,49.35,52.18,54.65,57.37,59.74,62.01,64.31,66.43,68.89,71.56,74.25,77.73,82.56,90.49]},{"dateRange":1,"timeSet":6,"distance":2381.58,"coveredDistance":2381.58,"averageSampleSize":806.23,"harmonicAverageSpeed":41.43,"averageTravelTime":206.96,"medianTravelTime":151.31,"averageTravelTimeRatio":0.99,"planningTimeIndex":2.36,"travelTimePercentiles":[96.63,106.61,113.22,118.66,124.02,129.46,134.37,139.3,145.49,151.31,157.96,164.97,174.2,185.74,202.26,230.64,276.34,351.62,495.37],"speedPercentiles":[17.31,24.38,31.03,37.17,42.39,46.16,49.22,51.97,54.28,56.66,58.93,61.55,63.81,66.23,69.13,72.26,75.73,80.42,88.72]},{"dateRange":1,"timeSet":7,"distance":2381.58,"coveredDistance":2381.58,"averageSampleSize":367.42,"harmonicAverageSpeed":44.8,"averageTravelTime":191.36,"medianTravelTime":147.32,"averageTravelTimeRatio":0.91,"planningTimeIndex":2.14,"travelTimePercentiles":[94.61,103.03,110.26,116.26,121.38,126.41,131.48,136.35,141.28,147.32,153.18,160.74,168.58,179.29,193.46,215.48,251.61,317.87,448.27],"speedPercentiles":[19.13,26.97,34.08,39.79,44.32,47.82,50.86,53.34,55.97,58.2,60.68,62.88,65.21,67.82,70.63,73.74,77.76,83.22,90.62]},{"dateRange":1,"timeSet":8,"distance":2381.58,"coveredDistance":2381.58,"averageSampleSize":220.98,"harmonicAverageSpeed":46.26,"averageTravelTime":185.33,"medianTravelTime":139.9,"averageTravelTimeRatio":0.88,"planningTimeIndex":2.04,"travelTimePercentiles":[95.17,102.82,108.65,113.41,117.6,121.41,126.31,130.7,135.38,139.9,145.06,151.09,158.91,167.98,181.4,203.17,232.98,294.67,426.75],"speedPercentiles":[20.09,29.1,36.8,42.2,47.26,51.04,53.95,56.75,59.11,61.29,63.33,65.6,67.88,70.62,72.9,75.6,78.91,83.39,90.09]},{"dateRange":1,"timeSet":9,"distance":2381.58,"coveredDistance":2381.58,"averageSampleSize":383.75,"harmonicAverageSpeed":48.18,"averageTravelTime":177.96,"medianTravelTime":139.12,"averageTravelTimeRatio":0.85,"planningTimeIndex":1.94,"travelTimePercentiles":[96.47,103.98,109.62,114.2,117.92,121.87,125.9,130.11,134.47,139.12,144.28,150.8,158.46,166.62,178.05,194.44,222.72,272.47,406.31],"speedPercentiles":[21.1,31.47,38.49,44.09,48.15,51.46,54.11,56.85,59.42,61.63,63.76,65.89,68.1,70.35,72.71,75.07,78.21,82.46,88.88]},{"dateRange":1,"timeSet":10,"distance":2381.58,"coveredDistance":2381.58,"averageSampleSize":676.49,"harmonicAverageSpeed":45.13,"averageTravelTime":189.97,"medianTravelTime":144.48,"averageTravelTimeRatio":0.91,"planningTimeIndex":1.98,"travelTimePercentiles":[100.65,109.13,114.81,119.48,123.51,127.69,131.8,135.37,139.92,144.48,149.32,155.2,161.91,171.69,186.53,206.35,242.42,307.37,414.4],"speedPercentiles":[20.69,27.89,35.37,41.55,45.96,49.94,52.95,55.24,57.42,59.34,61.28,63.34,65.05,67.14,69.42,71.76,74.68,78.57,85.18]},{"dateRange":1,"timeSet":11,"distance":2381.58,"coveredDistance":2381.58,"averageSampleSize":976.96,"harmonicAverageSpeed":43.52,"averageTravelTime":196.99,"medianTravelTime":150.46,"averageTravelTimeRatio":0.94,"planningTimeIndex":2.17,"travelTimePercentiles":[105.15,112.77,118.54,123.61,128.24,132.08,136.19,140.55,145.19,150.46,155.51,162.48,169.94,178.97,191.38,212.87,254.79,333.24,454.57],"speedPercentiles":[18.86,25.73,33.65,40.28,44.8,47.91,50.45,52.77,55.13,56.98,59.05,61.0,62.95,64.91,66.85,69.36,72.33,76.03,81.54]},{"dateRange":1,"timeSet":12,"distance":2381.58,"coveredDistance":2381.58,"averageSampleSize":1531.32,"harmonicAverageSpeed":40.35,"averageTravelTime":212.49,"medianTravelTime":163.55,"averageTravelTimeRatio":1.01,"planningTimeIndex":2.21,"travelTimePercentiles":[110.85,119.07,125.13,131.07,136.13,140.66,145.79,151.59,157.07,163.55,170.39,178.58,188.03,199.67,220.09,248.97,290.09,352.88,462.93],"speedPercentiles":[18.52,24.3,29.55,34.44,38.95,42.94,45.6,48.01,50.32,52.42,54.59,56.56,58.81,60.95,62.98,65.41,68.52,72.01,77.34]},{"dateRange":1,"timeSet":13,"distance":2381.58,"coveredDistance":2381.58,"averageSampleSize":1915.04,"harmonicAverageSpeed":39.15,"averageTravelTime":218.97,"medianTravelTime":170.84,"averageTravelTimeRatio":1.05,"planningTimeIndex":2.24,"travelTimePercentiles":[114.06,122.95,129.69,135.72,141.22,146.45,152.2,157.82,163.91,170.84,177.9,187.37,197.16,210.03,226.94,256.74,293.17,356.62,469.46],"speedPercentiles":[18.26,24.04,29.24,33.39,37.78,40.82,43.49,45.76,48.19,50.19,52.31,54.33,56.33,58.54,60.71,63.17,66.11,69.73,75.17]},{"dateRange":1,"timeSet":14,"distance":2381.58,"coveredDistance":2381.58,"averageSampleSize":2282.68,"harmonicAverageSpeed":36.95,"averageTravelTime":232.03,"medianTravelTime":177.59,"averageTravelTimeRatio":1.11,"planningTimeIndex":2.48,"travelTimePercentiles":[117.24,126.52,133.39,139.53,145.5,151.03,157.26,164.11,170.48,177.59,185.35,195.11,204.64,217.75,236.3,272.13,318.3,398.82,518.79],"speedPercentiles":[16.53,21.5,26.94,31.51,36.28,39.37,41.9,43.94,46.26,48.28,50.29,52.25,54.52,56.77,58.92,61.45,64.28,67.77,73.13]},{"dateRange":1,"timeSet":15,"distance":2381.58,"coveredDistance":2381.58,"averageSampleSize":2073.36,"harmonicAverageSpeed":38.78,"averageTravelTime":221.1,"medianTravelTime":169.76,"averageTravelTimeRatio":1.06,"planningTimeIndex":2.38,"travelTimePercentiles":[113.87,122.39,129.26,135.0,140.68,145.9,151.12,156.75,162.84,169.76,176.94,184.73,194.59,207.27,224.99,255.31,295.48,372.44,498.13],"speedPercentiles":[17.21,23.02,29.02,33.58,38.11,41.37,44.06,46.41,48.45,50.51,52.65,54.7,56.73,58.76,60.94,63.51,66.33,70.05,75.3]},{"dateRange":1,"timeSet":16,"distance":2381.58,"coveredDistance":2381.58,"averageSampleSize":1632.85,"harmonicAverageSpeed":42.38,"averageTravelTime":202.31,"medianTravelTime":157.89,"averageTravelTimeRatio":0.97,"planningTimeIndex":2.11,"travelTimePercentiles":[108.81,117.0,123.26,128.41,133.07,137.43,142.41,147.35,152.39,157.89,164.15,170.53,178.46,190.23,204.4,227.03,270.69,327.43,442.14],"speedPercentiles":[19.39,26.18,31.67,37.76,41.95,45.07,48.04,50.28,52.23,54.3,56.26,58.19,60.2,62.38,64.43,66.77,69.56,73.28,78.79]},{"dateRange":1,"timeSet":17,"distance":2381.58,"coveredDistance":2381.58,"averageSampleSize":1877.3,"harmonicAverageSpeed":40.76,"averageTravelTime":210.36,"medianTravelTime":163.89,"averageTravelTimeRatio":1.0,"planningTimeIndex":2.2,"travelTimePercentiles":[112.0,120.38,126.89,132.15,137.46,142.51,147.43,152.36,158.16,163.89,170.51,177.63,186.82,198.53,212.93,238.78,278.28,342.87,461.73],"speedPercentiles":[18.57,25.01,30.81,35.91,40.27,43.19,45.89,48.27,50.28,52.31,54.21,56.27,58.15,60.16,62.37,64.88,67.57,71.22,76.55]},{"dateRange":1,"timeSet":18,"distance":2381.58,"coveredDistance":2381.58,"averageSampleSize":1918.83,"harmonicAverageSpeed":37.83,"averageTravelTime":226.65,"medianTravelTime":176.36,"averageTravelTimeRatio":1.08,"planningTimeIndex":2.42,"travelTimePercentiles":[117.34,126.99,134.01,140.01,146.4,152.08,157.94,163.77,170.35,176.36,183.47,191.63,202.41,215.96,235.17,261.09,311.35,384.85,506.67],"speedPercentiles":[16.92,22.28,27.54,32.84,36.46,39.7,42.36,44.74,46.73,48.62,50.33,52.35,54.28,56.38,58.56,61.24,63.98,67.52,73.07]},{"dateRange":1,"timeSet":19,"distance":2381.58,"coveredDistance":2381.58,"averageSampleSize":2063.36,"harmonicAverageSpeed":35.56,"averageTravelTime":241.09,"medianTravelTime":186.66,"averageTravelTimeRatio":1.15,"planningTimeIndex":2.61,"travelTimePercentiles":[121.48,132.08,140.14,147.25,153.76,160.41,166.59,172.79,179.57,186.66,195.6,205.51,217.9,232.97,255.14,283.3,337.07,406.09,546.61],"speedPercentiles":[15.69,21.11,25.44,30.26,33.6,36.8,39.35,41.72,43.83,45.93,47.75,49.62,51.47,53.45,55.76,58.22,61.18,64.91,70.58]},{"dateRange":1,"timeSet":20,"distance":2381.58,"coveredDistance":2381.58,"averageSampleSize":2190.89,"harmonicAverageSpeed":34.91,"averageTravelTime":245.62,"medianTravelTime":189.96,"averageTravelTimeRatio":1.17,"planningTimeIndex":2.62,"travelTimePercentiles":[123.42,134.16,141.82,148.89,155.45,162.32,168.37,175.13,182.38,189.96,198.52,209.34,222.39,237.62,260.39,290.77,339.18,411.29,548.5],"speedPercentiles":[15.63,20.85,25.28,29.49,32.93,36.08,38.55,40.96,43.19,45.13,47.01,48.96,50.92,52.82,55.16,57.58,60.46,63.91,69.47]},{"dateRange":1,"timeSet":21,"distance":2381.58,"coveredDistance":2381.58,"averageSampleSize":2179.34,"harmonicAverageSpeed":35.87,"averageTravelTime":239.05,"medianTravelTime":187.62,"averageTravelTimeRatio":1.14,"planningTimeIndex":2.5,"travelTimePercentiles":[124.19,134.71,142.23,149.04,155.02,161.54,167.35,173.96,180.04,187.62,196.14,205.45,216.92,233.0,252.07,278.55,323.07,392.68,523.12],"speedPercentiles":[16.39,21.83,26.54,30.78,34.01,36.8,39.53,41.73,43.71,45.7,47.62,49.29,51.23,53.07,55.31,57.53,60.28,63.64,69.04]},{"dateRange":1,"timeSet":22,"distance":2381.58,"coveredDistance":2381.58,"averageSampleSize":1889.96,"harmonicAverageSpeed":36.52,"averageTravelTime":234.79,"medianTravelTime":181.61,"averageTravelTimeRatio":1.12,"planningTimeIndex":2.51,"travelTimePercentiles":[117.12,128.38,136.32,143.4,149.92,155.88,161.88,168.44,174.77,181.61,190.01,200.08,210.79,225.75,244.42,273.85,323.4,394.83,525.82],"speedPercentiles":[16.31,21.72,26.51,31.31,35.08,37.98,40.67,42.85,45.12,47.21,49.06,50.9,52.96,55.0,57.19,59.79,62.89,66.79,73.21]},{"dateRange":1,"timeSet":23,"distance":2381.58,"coveredDistance":2381.58,"averageSampleSize":1327.36,"harmonicAverageSpeed":41.87,"averageTravelTime":204.76,"medianTravelTime":161.56,"averageTravelTimeRatio":0.98,"planningTimeIndex":2.15,"travelTimePercentiles":[110.19,119.36,125.82,131.63,136.46,141.6,146.71,151.41,156.27,161.56,167.65,173.81,181.5,190.51,204.31,226.5,258.1,318.96,450.1],"speedPercentiles":[19.05,26.88,33.22,37.85,41.97,45.0,47.24,49.33,51.14,53.07,54.86,56.63,58.44,60.55,62.83,65.14,68.14,71.83,77.81]},{"dateRange":1,"timeSet":24,"distance":2381.58,"coveredDistance":2381.58,"averageSampleSize":1349.08,"harmonicAverageSpeed":44.48,"averageTravelTime":192.74,"medianTravelTime":157.51,"averageTravelTimeRatio":0.92,"planningTimeIndex":2.0,"travelTimePercentiles":[107.78,117.03,123.59,128.93,134.26,138.23,143.01,147.7,152.66,157.51,163.08,169.16,175.98,184.36,195.71,214.74,240.4,292.93,418.6],"speedPercentiles":[20.48,29.27,35.66,39.93,43.81,46.5,48.72,50.68,52.57,54.43,56.16,58.05,59.95,62.02,63.86,66.5,69.37,73.26,79.55]},{"dateRange":1,"timeSet":25,"distance":2381.58,"coveredDistance":2381.58,"averageSampleSize":1609.79,"harmonicAverageSpeed":43.12,"averageTravelTime":198.85,"medianTravelTime":163.4,"averageTravelTimeRatio":0.95,"planningTimeIndex":1.99,"travelTimePercentiles":[107.88,117.85,124.73,130.87,136.25,141.48,146.78,151.97,157.49,163.4,168.86,175.3,182.98,191.43,204.65,223.72,257.16,312.46,417.18],"speedPercentiles":[20.55,27.44,33.34,38.32,41.89,44.79,46.85,48.91,50.77,52.47,54.44,56.42,58.41,60.6,62.92,65.51,68.74,72.75,79.48]}]}},{"type":"Feature","geometry":{"type":"LineString","coordinates":[[12.47603,41.92816],[12.47571,41.9281],[12.47562,41.92807],[12.47557,41.92806]]},"properties":{"segmentId":-13800007209313,"newSegmentId":"-00004931-3600-0400-0000-0000034eab38","speedLimit":50,"frc":4,"streetName":"Corso di Francia","distance":39.53,"segmentTimeResults":[{"timeSet":2,"dateRange":1,"harmonicAverageSpeed":46.7,"medianSpeed":49.0,"averageSpeed":49.2,"standardDeviationSpeed":10.5,"travelTimeStandardDeviation":0.81,"sampleSize":1120,"normalizedSampleSize":0.3141,"averageTravelTime":3.05,"medianTravelTime":2.9,"travelTimeRatio":1.0,"speedPercentiles":[32,37,40,42,43,44,46,47,48,49,50,51,52,54,55,56,58,61,66]},{"timeSet":3,"dateRange":1,"harmonicAverageSpeed":50.2,"medianSpeed":52.0,"averageSpeed":52.8,"standardDeviationSpeed":10.8,"travelTimeStandardDeviation":0.77,"sampleSize":786,"normalizedSampleSize":0.2204,"averageTravelTime":2.83,"medianTravelTime":2.74,"travelTimeRatio":0.93,"speedPercentiles":[37,41,43,44,46,47,49,50,52,52,53,55,56,57,59,61,62,65,70]},{"timeSet":4,"dateRange":1,"harmonicAverageSpeed":52.4,"medianSpeed":54.0,"averageSpeed":55.5,"standardDeviationSpeed":13.4,"travelTimeStandardDeviation":0.69,"sampleSize":375,"normalizedSampleSize":0.1052,"averageTravelTime":2.71,"medianTravelTime":2.64,"travelTimeRatio":0.89,"speedPercentiles":[38,42,44,46,47,49,50,51,52,54,55,56,58,60,62,64,66,71,79]},{"timeSet":5,"dateRange":1,"harmonicAverageSpeed":49.9,"medianSpeed":56.0,"averageSpeed":56.1,"standardDeviationSpeed":13.2,"travelTimeStandardDeviation":2.72,"sampleSize":208,"normalizedSampleSize":0.0583,"averageTravelTime":2.85,"medianTravelTime":2.54,"travelTimeRatio":0.94,"speedPercentiles":[35,40,43,46,49,51,52,53,56,56,58,59,61,62,64,66,68,71,76]},{"timeSet":6,"dateRange":1,"harmonicAverageSpeed":55.2,"medianSpeed":56.0,"averageSpeed":57.8,"standardDeviationSpeed":12.4,"travelTimeStandardDeviation":0.59,"sampleSize":200,"normalizedSampleSize":0.0561,"averageTravelTime":2.58,"medianTravelTime":2.54,"travelTimeRatio":0.85,"speedPercentiles":[40,42,46,48,51,52,53,54,55,56,58,60,61,63,65,66,68,72,77]},{"timeSet":7,"dateRange":1,"harmonicAverageSpeed":53.8,"medianSpeed":55.0,"averageSpeed":57.3,"standardDeviationSpeed":14.0,"travelTimeStandardDeviation":0.72,"sampleSize":80,"normalizedSampleSize":0.0224,"averageTravelTime":2.64,"medianTravelTime":2.59,"travelTimeRatio":0.87,"speedPercentiles":[32,40,45,48,50,51,52,53,54,55,56,57,59,61,65,67,74,77,83]},{"timeSet":8,"dateRange":1,"harmonicAverageSpeed":54.5,"medianSpeed":59.0,"averageSpeed":57.6,"standardDeviationSpeed":12.9,"travelTimeStandardDeviation":0.68,"sampleSize":57,"normalizedSampleSize":0.016,"averageTravelTime":2.61,"medianTravelTime":2.41,"travelTimeRatio":0.86,"speedPercentiles":[35,39,46,48,49,50,51,55,58,59,60,61,62,62,64,66,72,75,79]},{"timeSet":9,"dateRange":1,"harmonicAverageSpeed":53.8,"medianSpeed":56.0,"averageSpeed":56.1,"standardDeviationSpeed":10.9,"travelTimeStandardDeviation":0.58,"sampleSize":137,"normalizedSampleSize":0.0384,"averageTravelTime":2.64,"medianTravelTime":2.54,"travelTimeRatio":0.87,"speedPercentiles":[39,43,45,46,49,49,51,53,54,56,58,60,61,62,64,65,67,71,75]},{"timeSet":10,"dateRange":1,"harmonicAverageSpeed":51.5,"medianSpeed":54.0,"averageSpeed":54.4,"standardDeviationSpeed":12.0,"travelTimeStandardDeviation":0.78,"sampleSize":218,"normalizedSampleSize":0.0611,"averageTravelTime":2.77,"medianTravelTime":2.64,"travelTimeRatio":0.91,"speedPercentiles":[33,42,44,46,47,49,51,52,53,54,55,57,58,59,60,62,65,68,73]},{"timeSet":11,"dateRange":1,"harmonicAverageSpeed":50.4,"medianSpeed":53.0,"averageSpeed":53.2,"standardDeviationSpeed":11.0,"travelTimeStandardDeviation":0.79,"sampleSize":299,"normalizedSampleSize":0.0838,"averageTravelTime":2.82,"medianTravelTime":2.69,"travelTimeRatio":0.93,"speedPercentiles":[31,40,44,46,48,49,51,51,52,53,54,55,56,57,59,61,64,67,72]},{"timeSet":12,"dateRange":1,"harmonicAverageSpeed":45.9,"medianSpeed":50.0,"averageSpeed":49.8,"standardDeviationSpeed":11.2,"travelTimeStandardDeviation":1.38,"sampleSize":506,"normalizedSampleSize":0.1419,"averageTravelTime":3.1,"medianTravelTime":2.85,"travelTimeRatio":1.02,"speedPercentiles":[31,36,40,42,44,46,47,48,49,50,51,52,54,55,56,57,60,62,66]},{"timeSet":13,"dateRange":1,"harmonicAverageSpeed":45.5,"medianSpeed":50.0,"averageSpeed":49.3,"standardDeviationSpeed":10.9,"travelTimeStandardDeviation":1.76,"sampleSize":594,"normalizedSampleSize":0.1666,"averageTravelTime":3.13,"medianTravelTime":2.85,"travelTimeRatio":1.03,"speedPercentiles":[31,37,41,43,44,45,46,47,49,50,51,51,52,54,55,57,59,62,67]},{"timeSet":14,"dateRange":1,"harmonicAverageSpeed":45.2,"medianSpeed":48.0,"averageSpeed":47.8,"standardDeviationSpeed":10.0,"travelTimeStandardDeviation":0.91,"sampleSize":796,"normalizedSampleSize":0.2232,"averageTravelTime":3.15,"medianTravelTime":2.96,"travelTimeRatio":1.03,"speedPercentiles":[31,35,39,41,42,44,45,46,47,48,49,50,51,52,53,55,57,59,64]},{"timeSet":15,"dateRange":1,"harmonicAverageSpeed":47.3,"medianSpeed":50.0,"averageSpeed":50.4,"standardDeviationSpeed":10.6,"travelTimeStandardDeviation":1.25,"sampleSize":688,"normalizedSampleSize":0.1929,"averageTravelTime":3.01,"medianTravelTime":2.85,"travelTimeRatio":0.99,"speedPercentiles":[33,38,41,43,45,46,47,48,49,50,51,52,54,55,56,58,59,63,68]},{"timeSet":16,"dateRange":1,"harmonicAverageSpeed":48.9,"medianSpeed":52.0,"averageSpeed":51.7,"standardDeviationSpeed":10.5,"travelTimeStandardDeviation":0.89,"sampleSize":556,"normalizedSampleSize":0.1559,"averageTravelTime":2.91,"medianTravelTime":2.74,"travelTimeRatio":0.95,"speedPercentiles":[35,39,42,45,46,47,49,50,51,52,53,54,55,56,58,59,62,64,68]},{"timeSet":17,"dateRange":1,"harmonicAverageSpeed":47.9,"medianSpeed":50.0,"averageSpeed":50.2,"standardDeviationSpeed":10.0,"travelTimeStandardDeviation":0.79,"sampleSize":701,"normalizedSampleSize":0.1966,"averageTravelTime":2.97,"medianTravelTime":2.85,"travelTimeRatio":0.98,"speedPercentiles":[34,38,41,43,45,46,47,48,49,50,51,52,53,54,55,57,59,62,66]},{"timeSet":18,"dateRange":1,"harmonicAverageSpeed":45.7,"medianSpeed":48.0,"averageSpeed":48.4,"standardDeviationSpeed":10.9,"travelTimeStandardDeviation":0.89,"sampleSize":699,"normalizedSampleSize":0.196,"averageTravelTime":3.11,"medianTravelTime":2.96,"travelTimeRatio":1.02,"speedPercentiles":[32,37,39,41,42,44,45,46,48,48,49,50,52,53,54,56,57,59,64]},{"timeSet":19,"dateRange":1,"harmonicAverageSpeed":45.0,"medianSpeed":48.0,"averageSpeed":47.7,"standardDeviationSpeed":10.1,"travelTimeStandardDeviation":0.96,"sampleSize":665,"normalizedSampleSize":0.1865,"averageTravelTime":3.16,"medianTravelTime":2.96,"travelTimeRatio":1.04,"speedPercentiles":[29,35,39,41,42,44,45,46,47,48,49,50,51,53,54,55,58,60,63]},{"timeSet":20,"dateRange":1,"harmonicAverageSpeed":43.9,"medianSpeed":47.0,"averageSpeed":46.6,"standardDeviationSpeed":9.9,"travelTimeStandardDeviation":0.97,"sampleSize":702,"normalizedSampleSize":0.1969,"averageTravelTime":3.24,"medianTravelTime":3.03,"travelTimeRatio":1.06,"speedPercentiles":[28,34,39,41,42,43,44,45,46,47,48,48,50,51,52,54,56,58,62]},{"timeSet":21,"dateRange":1,"harmonicAverageSpeed":44.4,"medianSpeed":47.0,"averageSpeed":47.3,"standardDeviationSpeed":9.9,"travelTimeStandardDeviation":1.35,"sampleSize":806,"normalizedSampleSize":0.226,"averageTravelTime":3.21,"medianTravelTime":3.03,"travelTimeRatio":1.05,"speedPercentiles":[30,35,38,40,42,43,44,45,46,47,48,50,51,52,53,55,57,60,63]},{"timeSet":22,"dateRange":1,"harmonicAverageSpeed":45.3,"medianSpeed":48.0,"averageSpeed":48.0,"standardDeviationSpeed":10.8,"travelTimeStandardDeviation":0.9,"sampleSize":688,"normalizedSampleSize":0.1929,"averageTravelTime":3.14,"medianTravelTime":2.96,"travelTimeRatio":1.03,"speedPercentiles":[31,36,38,40,42,43,44,45,47,48,49,50,51,53,54,55,57,60,65]},{"timeSet":23,"dateRange":1,"harmonicAverageSpeed":47.6,"medianSpeed":50.0,"averageSpeed":50.4,"standardDeviationSpeed":10.8,"travelTimeStandardDeviation":0.87,"sampleSize":461,"normalizedSampleSize":0.1293,"averageTravelTime":2.99,"medianTravelTime":2.85,"travelTimeRatio":0.98,"speedPercentiles":[33,38,41,43,45,46,47,48,49,50,51,53,54,55,56,57,60,63,68]},{"timeSet":24,"dateRange":1,"harmonicAverageSpeed":48.6,"medianSpeed":50.0,"averageSpeed":51.3,"standardDeviationSpeed":11.1,"travelTimeStandardDeviation":0.89,"sampleSize":496,"normalizedSampleSize":0.1391,"averageTravelTime":2.93,"medianTravelTime":2.85,"travelTimeRatio":0.96,"speedPercentiles":[35,40,42,44,45,46,47,49,49,50,51,52,53,55,57,59,61,64,71]},{"timeSet":25,"dateRange":1,"harmonicAverageSpeed":47.4,"medianSpeed":49.0,"averageSpeed":50.0,"standardDeviationSpeed":11.5,"travelTimeStandardDeviation":0.76,"sampleSize":693,"normalizedSampleSize":0.1943,"averageTravelTime":3.0,"medianTravelTime":2.9,"travelTimeRatio":0.99,"speedPercentiles":[34,38,40,42,43,45,46,47,48,49,50,51,52,54,55,58,60,63,69]}]}},{"type":"Feature","geometry":{"type":"LineString","coordinates":[[12.47557,41.92806],[12.47538,41.92802],[12.47523,41.928],[12.47507,41.92799],[12.47484,41.92798],[12.47471,41.92798],[12.47451,41.92801],[12.47427,41.92807],[12.47411,41.92812],[12.47393,41.92821],[12.47387,41.92825]]},"properties":{"segmentId":-13800007268579,"newSegmentId":"-00004931-3600-0400-0000-0000034ef413","speedLimit":50,"frc":4,"streetName":"Corso di Francia","distance":149.55,"segmentTimeResults":[{"timeSet":2,"dateRange":1,"harmonicAverageSpeed":47.5,"medianSpeed":49.0,"averageSpeed":49.5,"standardDeviationSpeed":9.5,"travelTimeStandardDeviation":2.62,"sampleSize":1120,"normalizedSampleSize":0.3141,"averageTravelTime":11.34,"medianTravelTime":10.99,"travelTimeRatio":1.0,"speedPercentiles":[34,39,41,43,44,45,46,47,48,49,50,51,52,54,55,56,58,61,65]},{"timeSet":3,"dateRange":1,"harmonicAverageSpeed":50.0,"medianSpeed":52.0,"averageSpeed":52.6,"standardDeviationSpeed":10.6,"travelTimeStandardDeviation":3.79,"sampleSize":780,"normalizedSampleSize":0.2187,"averageTravelTime":10.77,"medianTravelTime":10.35,"travelTimeRatio":0.95,"speedPercentiles":[38,41,43,45,46,47,48,50,51,52,53,54,55,57,58,60,62,65,70]},{"timeSet":4,"dateRange":1,"harmonicAverageSpeed":52.4,"medianSpeed":53.0,"averageSpeed":54.9,"standardDeviationSpeed":12.4,"travelTimeStandardDeviation":2.21,"sampleSize":377,"normalizedSampleSize":0.1057,"averageTravelTime":10.28,"medianTravelTime":10.16,"travelTimeRatio":0.91,"speedPercentiles":[39,42,44,45,47,48,49,51,52,53,54,56,57,59,61,63,66,70,78]},{"timeSet":5,"dateRange":1,"harmonicAverageSpeed":53.3,"medianSpeed":57.0,"averageSpeed":56.2,"standardDeviationSpeed":12.3,"travelTimeStandardDeviation":2.55,"sampleSize":206,"normalizedSampleSize":0.0578,"averageTravelTime":10.1,"medianTravelTime":9.45,"travelTimeRatio":0.89,"speedPercentiles":[37,42,44,45,48,50,50,52,54,57,58,59,60,62,64,66,68,70,79]},{"timeSet":6,"dateRange":1,"harmonicAverageSpeed":55.3,"medianSpeed":56.0,"averageSpeed":57.5,"standardDeviationSpeed":12.0,"travelTimeStandardDeviation":1.93,"sampleSize":198,"normalizedSampleSize":0.0555,"averageTravelTime":9.73,"medianTravelTime":9.61,"travelTimeRatio":0.86,"speedPercentiles":[41,44,47,48,50,52,53,54,55,56,57,59,61,62,64,65,68,70,77]},{"timeSet":7,"dateRange":1,"harmonicAverageSpeed":53.8,"medianSpeed":55.0,"averageSpeed":56.9,"standardDeviationSpeed":13.2,"travelTimeStandardDeviation":2.51,"sampleSize":78,"normalizedSampleSize":0.0219,"averageTravelTime":10.0,"medianTravelTime":9.79,"travelTimeRatio":0.88,"speedPercentiles":[38,42,44,46,49,50,52,54,55,55,57,59,60,62,65,66,70,77,80]},{"timeSet":8,"dateRange":1,"harmonicAverageSpeed":53.3,"medianSpeed":56.0,"averageSpeed":56.1,"standardDeviationSpeed":12.3,"travelTimeStandardDeviation":2.57,"sampleSize":57,"normalizedSampleSize":0.016,"averageTravelTime":10.11,"medianTravelTime":9.61,"travelTimeRatio":0.89,"speedPercentiles":[35,39,44,48,50,51,52,54,55,56,56,59,59,60,62,65,68,72,78]},{"timeSet":9,"dateRange":1,"harmonicAverageSpeed":53.8,"medianSpeed":57.0,"averageSpeed":56.0,"standardDeviationSpeed":10.9,"travelTimeStandardDeviation":2.15,"sampleSize":137,"normalizedSampleSize":0.0384,"averageTravelTime":10.01,"medianTravelTime":9.45,"travelTimeRatio":0.88,"speedPercentiles":[38,41,45,45,48,49,50,52,55,57,58,60,61,62,64,65,68,71,75]},{"timeSet":10,"dateRange":1,"harmonicAverageSpeed":52.1,"medianSpeed":55.0,"averageSpeed":54.9,"standardDeviationSpeed":11.4,"travelTimeStandardDeviation":2.84,"sampleSize":221,"normalizedSampleSize":0.062,"averageTravelTime":10.33,"medianTravelTime":9.79,"travelTimeRatio":0.91,"speedPercentiles":[38,42,46,47,48,50,51,52,53,55,56,57,58,59,61,64,65,68,73]},{"timeSet":11,"dateRange":1,"harmonicAverageSpeed":51.0,"medianSpeed":53.0,"averageSpeed":53.5,"standardDeviationSpeed":10.7,"travelTimeStandardDeviation":2.67,"sampleSize":299,"normalizedSampleSize":0.0838,"averageTravelTime":10.55,"medianTravelTime":10.16,"travelTimeRatio":0.93,"speedPercentiles":[34,42,44,46,48,49,50,51,53,53,54,56,57,58,59,61,64,67,72]},{"timeSet":12,"dateRange":1,"harmonicAverageSpeed":47.8,"medianSpeed":51.0,"averageSpeed":50.5,"standardDeviationSpeed":10.1,"travelTimeStandardDeviation":3.56,"sampleSize":504,"normalizedSampleSize":0.1413,"averageTravelTime":11.26,"medianTravelTime":10.56,"travelTimeRatio":0.99,"speedPercentiles":[33,38,41,43,45,46,48,49,50,51,52,53,54,55,56,57,60,63,66]},{"timeSet":13,"dateRange":1,"harmonicAverageSpeed":47.4,"medianSpeed":50.0,"averageSpeed":50.1,"standardDeviationSpeed":9.9,"travelTimeStandardDeviation":4.96,"sampleSize":593,"normalizedSampleSize":0.1663,"averageTravelTime":11.36,"medianTravelTime":10.77,"travelTimeRatio":1.0,"speedPercentiles":[34,39,42,44,45,46,47,48,49,50,51,52,53,54,56,58,60,62,65]},{"timeSet":14,"dateRange":1,"harmonicAverageSpeed":47.0,"medianSpeed":49.0,"averageSpeed":49.2,"standardDeviationSpeed":9.9,"travelTimeStandardDeviation":2.85,"sampleSize":796,"normalizedSampleSize":0.2232,"averageTravelTime":11.46,"medianTravelTime":10.99,"travelTimeRatio":1.01,"speedPercentiles":[33,37,40,42,43,45,46,47,48,49,50,51,52,54,55,56,58,60,63]},{"timeSet":15,"dateRange":1,"harmonicAverageSpeed":48.7,"medianSpeed":51.0,"averageSpeed":51.4,"standardDeviationSpeed":10.1,"travelTimeStandardDeviation":4.47,"sampleSize":683,"normalizedSampleSize":0.1915,"averageTravelTime":11.06,"medianTravelTime":10.56,"travelTimeRatio":0.97,"speedPercentiles":[35,40,42,45,46,48,49,50,50,51,52,53,55,56,57,58,60,63,67]},{"timeSet":16,"dateRange":1,"harmonicAverageSpeed":49.6,"medianSpeed":52.0,"averageSpeed":52.0,"standardDeviationSpeed":10.0,"travelTimeStandardDeviation":2.97,"sampleSize":554,"normalizedSampleSize":0.1554,"averageTravelTime":10.85,"medianTravelTime":10.35,"travelTimeRatio":0.96,"speedPercentiles":[35,40,43,45,47,48,49,50,51,52,53,54,55,57,58,59,61,64,68]},{"timeSet":17,"dateRange":1,"harmonicAverageSpeed":49.1,"medianSpeed":51.0,"averageSpeed":51.0,"standardDeviationSpeed":9.4,"travelTimeStandardDeviation":2.33,"sampleSize":695,"normalizedSampleSize":0.1949,"averageTravelTime":10.96,"medianTravelTime":10.56,"travelTimeRatio":0.97,"speedPercentiles":[36,40,42,44,45,46,48,49,50,51,52,53,54,55,57,58,59,62,67]},{"timeSet":18,"dateRange":1,"harmonicAverageSpeed":47.7,"medianSpeed":50.0,"averageSpeed":49.6,"standardDeviationSpeed":9.3,"travelTimeStandardDeviation":2.54,"sampleSize":699,"normalizedSampleSize":0.196,"averageTravelTime":11.29,"medianTravelTime":10.77,"travelTimeRatio":1.0,"speedPercentiles":[35,38,40,43,44,45,46,48,49,50,51,52,52,54,55,57,58,60,65]},{"timeSet":19,"dateRange":1,"harmonicAverageSpeed":47.4,"medianSpeed":50.0,"averageSpeed":49.5,"standardDeviationSpeed":9.3,"travelTimeStandardDeviation":2.75,"sampleSize":672,"normalizedSampleSize":0.1884,"averageTravelTime":11.36,"medianTravelTime":10.77,"travelTimeRatio":1.0,"speedPercentiles":[34,39,41,43,44,45,46,47,48,50,51,52,53,54,55,57,59,61,64]},{"timeSet":20,"dateRange":1,"harmonicAverageSpeed":45.6,"medianSpeed":48.0,"averageSpeed":47.6,"standardDeviationSpeed":9.1,"travelTimeStandardDeviation":2.7,"sampleSize":698,"normalizedSampleSize":0.1957,"averageTravelTime":11.8,"medianTravelTime":11.22,"travelTimeRatio":1.04,"speedPercentiles":[32,36,40,41,42,43,45,46,47,48,49,50,51,51,53,55,57,59,62]},{"timeSet":21,"dateRange":1,"harmonicAverageSpeed":45.5,"medianSpeed":48.0,"averageSpeed":48.0,"standardDeviationSpeed":9.4,"travelTimeStandardDeviation":4.79,"sampleSize":805,"normalizedSampleSize":0.2257,"averageTravelTime":11.83,"medianTravelTime":11.22,"travelTimeRatio":1.04,"speedPercentiles":[32,37,39,41,43,44,45,46,47,48,49,50,51,53,54,55,57,59,63]},{"timeSet":22,"dateRange":1,"harmonicAverageSpeed":46.3,"medianSpeed":49.0,"averageSpeed":48.7,"standardDeviationSpeed":10.1,"travelTimeStandardDeviation":3.13,"sampleSize":686,"normalizedSampleSize":0.1924,"averageTravelTime":11.62,"medianTravelTime":10.99,"travelTimeRatio":1.02,"speedPercentiles":[34,37,40,41,43,44,45,46,47,49,50,51,52,53,54,56,57,60,65]},{"timeSet":23,"dateRange":1,"harmonicAverageSpeed":48.2,"medianSpeed":51.0,"averageSpeed":50.6,"standardDeviationSpeed":10.2,"travelTimeStandardDeviation":2.94,"sampleSize":459,"normalizedSampleSize":0.1287,"averageTravelTime":11.17,"medianTravelTime":10.56,"travelTimeRatio":0.98,"speedPercentiles":[35,39,41,43,44,46,47,48,49,51,52,53,54,55,57,58,60,62,67]},{"timeSet":24,"dateRange":1,"harmonicAverageSpeed":49.3,"medianSpeed":51.0,"averageSpeed":51.3,"standardDeviationSpeed":10.3,"travelTimeStandardDeviation":2.29,"sampleSize":496,"normalizedSampleSize":0.1391,"averageTravelTime":10.91,"medianTravelTime":10.56,"travelTimeRatio":0.96,"speedPercentiles":[36,40,42,44,45,47,48,49,50,51,51,52,53,55,56,58,60,64,70]},{"timeSet":25,"dateRange":1,"harmonicAverageSpeed":48.0,"medianSpeed":49.0,"averageSpeed":50.2,"standardDeviationSpeed":10.7,"travelTimeStandardDeviation":2.49,"sampleSize":684,"normalizedSampleSize":0.1918,"averageTravelTime":11.22,"medianTravelTime":10.99,"travelTimeRatio":0.99,"speedPercentiles":[35,38,40,42,43,45,46,47,48,49,50,52,53,54,56,58,60,63,68]}]}},{"type":"Feature","geometry":{"type":"LineString","coordinates":[[12.47387,41.92825],[12.47375,41.92832],[12.47365,41.92841],[12.4735,41.92854],[12.47343,41.92864],[12.47339,41.92869],[12.47337,41.92872],[12.47326,41.9289],[12.47317,41.92908],[12.47308,41.92913]]},"properties":{"segmentId":-13800007268578,"newSegmentId":"-00004931-3600-0400-0000-0000034ef412","speedLimit":50,"frc":4,"streetName":"Corso di Francia","distance":119.75,"segmentTimeResults":[{"timeSet":2,"dateRange":1,"harmonicAverageSpeed":53.5,"medianSpeed":56.0,"averageSpeed":56.5,"standardDeviationSpeed":12.2,"travelTimeStandardDeviation":2.4,"sampleSize":1131,"normalizedSampleSize":0.3172,"averageTravelTime":8.06,"medianTravelTime":7.7,"travelTimeRatio":1.0,"speedPercentiles":[37,42,45,48,49,51,52,53,55,56,57,58,60,61,63,65,68,70,79]},{"timeSet":3,"dateRange":1,"harmonicAverageSpeed":56.1,"medianSpeed":58.0,"averageSpeed":59.5,"standardDeviationSpeed":12.7,"travelTimeStandardDeviation":2.97,"sampleSize":796,"normalizedSampleSize":0.2232,"averageTravelTime":7.68,"medianTravelTime":7.43,"travelTimeRatio":0.95,"speedPercentiles":[41,45,48,49,51,53,54,55,57,58,60,61,63,65,67,70,73,76,82]},{"timeSet":4,"dateRange":1,"harmonicAverageSpeed":59.4,"medianSpeed":61.0,"averageSpeed":62.4,"standardDeviationSpeed":13.9,"travelTimeStandardDeviation":1.64,"sampleSize":382,"normalizedSampleSize":0.1071,"averageTravelTime":7.25,"medianTravelTime":7.07,"travelTimeRatio":0.9,"speedPercentiles":[43,46,48,51,53,55,57,58,59,61,62,65,66,68,70,74,78,82,85]},{"timeSet":5,"dateRange":1,"harmonicAverageSpeed":61.0,"medianSpeed":65.0,"averageSpeed":64.4,"standardDeviationSpeed":14.3,"travelTimeStandardDeviation":1.82,"sampleSize":204,"normalizedSampleSize":0.0572,"averageTravelTime":7.07,"medianTravelTime":6.63,"travelTimeRatio":0.88,"speedPercentiles":[43,45,49,51,55,58,59,61,63,65,66,68,70,71,72,74,78,82,90]},{"timeSet":6,"dateRange":1,"harmonicAverageSpeed":63.8,"medianSpeed":65.0,"averageSpeed":66.6,"standardDeviationSpeed":14.1,"travelTimeStandardDeviation":1.47,"sampleSize":201,"normalizedSampleSize":0.0564,"averageTravelTime":6.75,"medianTravelTime":6.63,"travelTimeRatio":0.84,"speedPercentiles":[47,53,54,56,58,59,62,63,64,65,66,68,70,71,73,76,79,82,91]},{"timeSet":7,"dateRange":1,"harmonicAverageSpeed":60.4,"medianSpeed":60.0,"averageSpeed":63.8,"standardDeviationSpeed":15.0,"travelTimeStandardDeviation":1.8,"sampleSize":78,"normalizedSampleSize":0.0219,"averageTravelTime":7.14,"medianTravelTime":7.18,"travelTimeRatio":0.89,"speedPercentiles":[43,46,50,52,54,56,56,58,60,60,63,66,67,69,71,77,81,84,94]},{"timeSet":8,"dateRange":1,"harmonicAverageSpeed":60.3,"medianSpeed":67.0,"averageSpeed":64.5,"standardDeviationSpeed":14.7,"travelTimeStandardDeviation":2.23,"sampleSize":55,"normalizedSampleSize":0.0154,"averageTravelTime":7.15,"medianTravelTime":6.43,"travelTimeRatio":0.89,"speedPercentiles":[35,42,49,53,56,59,61,61,65,67,69,71,72,73,74,75,78,83,86]},{"timeSet":9,"dateRange":1,"harmonicAverageSpeed":60.9,"medianSpeed":65.0,"averageSpeed":63.9,"standardDeviationSpeed":13.1,"travelTimeStandardDeviation":1.77,"sampleSize":136,"normalizedSampleSize":0.0381,"averageTravelTime":7.08,"medianTravelTime":6.63,"travelTimeRatio":0.88,"speedPercentiles":[40,45,50,53,57,58,60,63,64,65,66,67,69,70,72,75,76,79,85]},{"timeSet":10,"dateRange":1,"harmonicAverageSpeed":57.9,"medianSpeed":61.0,"averageSpeed":61.1,"standardDeviationSpeed":12.9,"travelTimeStandardDeviation":2.07,"sampleSize":223,"normalizedSampleSize":0.0625,"averageTravelTime":7.44,"medianTravelTime":7.07,"travelTimeRatio":0.92,"speedPercentiles":[40,47,49,52,54,56,57,59,60,61,62,64,64,67,69,71,73,75,81]},{"timeSet":11,"dateRange":1,"harmonicAverageSpeed":57.3,"medianSpeed":61.0,"averageSpeed":60.9,"standardDeviationSpeed":13.2,"travelTimeStandardDeviation":2.3,"sampleSize":306,"normalizedSampleSize":0.0858,"averageTravelTime":7.52,"medianTravelTime":7.07,"travelTimeRatio":0.93,"speedPercentiles":[38,44,49,51,54,56,57,59,60,61,63,65,66,68,69,71,73,76,80]},{"timeSet":12,"dateRange":1,"harmonicAverageSpeed":54.0,"medianSpeed":58.0,"averageSpeed":57.8,"standardDeviationSpeed":12.8,"travelTimeStandardDeviation":2.87,"sampleSize":509,"normalizedSampleSize":0.1427,"averageTravelTime":7.98,"medianTravelTime":7.43,"travelTimeRatio":0.99,"speedPercentiles":[36,42,46,48,50,52,54,55,57,58,59,61,62,64,66,67,70,73,79]},{"timeSet":13,"dateRange":1,"harmonicAverageSpeed":54.2,"medianSpeed":56.0,"averageSpeed":56.9,"standardDeviationSpeed":11.9,"travelTimeStandardDeviation":2.02,"sampleSize":600,"normalizedSampleSize":0.1683,"averageTravelTime":7.96,"medianTravelTime":7.7,"travelTimeRatio":0.99,"speedPercentiles":[37,44,46,48,49,51,52,54,55,56,58,59,60,62,64,66,68,71,76]},{"timeSet":14,"dateRange":1,"harmonicAverageSpeed":53.2,"medianSpeed":56.0,"averageSpeed":56.0,"standardDeviationSpeed":11.7,"travelTimeStandardDeviation":2.21,"sampleSize":809,"normalizedSampleSize":0.2269,"averageTravelTime":8.1,"medianTravelTime":7.7,"travelTimeRatio":1.0,"speedPercentiles":[36,41,45,47,50,51,52,53,55,56,57,58,60,61,63,65,67,69,74]},{"timeSet":15,"dateRange":1,"harmonicAverageSpeed":55.1,"medianSpeed":57.0,"averageSpeed":58.1,"standardDeviationSpeed":12.3,"travelTimeStandardDeviation":2.16,"sampleSize":694,"normalizedSampleSize":0.1946,"averageTravelTime":7.83,"medianTravelTime":7.56,"travelTimeRatio":0.97,"speedPercentiles":[38,43,47,50,52,53,54,56,57,57,59,60,61,63,64,67,69,73,79]},{"timeSet":16,"dateRange":1,"harmonicAverageSpeed":57.1,"medianSpeed":59.0,"averageSpeed":59.9,"standardDeviationSpeed":12.2,"travelTimeStandardDeviation":1.98,"sampleSize":556,"normalizedSampleSize":0.1559,"averageTravelTime":7.55,"medianTravelTime":7.31,"travelTimeRatio":0.94,"speedPercentiles":[40,46,49,51,53,54,55,57,58,59,60,62,64,65,67,69,71,75,81]},{"timeSet":17,"dateRange":1,"harmonicAverageSpeed":55.8,"medianSpeed":58.0,"averageSpeed":58.3,"standardDeviationSpeed":11.5,"travelTimeStandardDeviation":1.87,"sampleSize":700,"normalizedSampleSize":0.1963,"averageTravelTime":7.73,"medianTravelTime":7.43,"travelTimeRatio":0.96,"speedPercentiles":[39,44,48,50,51,53,54,56,57,58,59,61,62,64,66,68,70,73,77]},{"timeSet":18,"dateRange":1,"harmonicAverageSpeed":54.1,"medianSpeed":56.0,"averageSpeed":56.8,"standardDeviationSpeed":11.6,"travelTimeStandardDeviation":1.93,"sampleSize":710,"normalizedSampleSize":0.1991,"averageTravelTime":7.97,"medianTravelTime":7.7,"travelTimeRatio":0.99,"speedPercentiles":[38,42,46,48,49,51,53,54,55,56,57,59,61,62,64,66,69,72,76]},{"timeSet":19,"dateRange":1,"harmonicAverageSpeed":53.0,"medianSpeed":56.0,"averageSpeed":55.9,"standardDeviationSpeed":11.3,"travelTimeStandardDeviation":2.44,"sampleSize":670,"normalizedSampleSize":0.1879,"averageTravelTime":8.13,"medianTravelTime":7.7,"travelTimeRatio":1.01,"speedPercentiles":[36,43,45,48,50,51,52,54,55,56,57,58,60,61,63,65,67,70,74]},{"timeSet":20,"dateRange":1,"harmonicAverageSpeed":51.8,"medianSpeed":54.0,"averageSpeed":54.5,"standardDeviationSpeed":11.5,"travelTimeStandardDeviation":2.08,"sampleSize":703,"normalizedSampleSize":0.1971,"averageTravelTime":8.32,"medianTravelTime":7.98,"travelTimeRatio":1.03,"speedPercentiles":[35,41,43,46,48,49,50,51,53,54,55,57,59,60,62,64,66,69,74]},{"timeSet":21,"dateRange":1,"harmonicAverageSpeed":51.3,"medianSpeed":54.0,"averageSpeed":54.4,"standardDeviationSpeed":11.9,"travelTimeStandardDeviation":2.46,"sampleSize":814,"normalizedSampleSize":0.2283,"averageTravelTime":8.4,"medianTravelTime":7.98,"travelTimeRatio":1.04,"speedPercentiles":[34,39,43,45,47,49,51,52,53,54,56,57,58,60,62,63,66,69,72]},{"timeSet":22,"dateRange":1,"harmonicAverageSpeed":52.8,"medianSpeed":55.0,"averageSpeed":56.1,"standardDeviationSpeed":12.6,"travelTimeStandardDeviation":2.67,"sampleSize":694,"normalizedSampleSize":0.1946,"averageTravelTime":8.17,"medianTravelTime":7.84,"travelTimeRatio":1.01,"speedPercentiles":[37,41,45,47,49,51,52,53,54,55,56,58,59,61,63,65,67,71,78]},{"timeSet":23,"dateRange":1,"harmonicAverageSpeed":54.9,"medianSpeed":58.0,"averageSpeed":57.9,"standardDeviationSpeed":12.5,"travelTimeStandardDeviation":2.14,"sampleSize":463,"normalizedSampleSize":0.1298,"averageTravelTime":7.85,"medianTravelTime":7.43,"travelTimeRatio":0.97,"speedPercentiles":[38,42,46,48,50,52,54,56,57,58,59,61,62,63,65,67,68,72,79]},{"timeSet":24,"dateRange":1,"harmonicAverageSpeed":56.9,"medianSpeed":58.0,"averageSpeed":59.2,"standardDeviationSpeed":11.6,"travelTimeStandardDeviation":1.61,"sampleSize":503,"normalizedSampleSize":0.1411,"averageTravelTime":7.57,"medianTravelTime":7.43,"travelTimeRatio":0.94,"speedPercentiles":[41,45,48,50,52,53,54,56,57,58,59,61,63,65,66,68,70,74,79]},{"timeSet":25,"dateRange":1,"harmonicAverageSpeed":54.9,"medianSpeed":57.0,"averageSpeed":57.5,"standardDeviationSpeed":12.1,"travelTimeStandardDeviation":1.79,"sampleSize":690,"normalizedSampleSize":0.1935,"averageTravelTime":7.85,"medianTravelTime":7.56,"travelTimeRatio":0.97,"speedPercentiles":[38,44,47,48,50,51,53,54,55,57,58,60,61,63,64,66,69,72,78]}]}},{"type":"Feature","geometry":{"type":"LineString","coordinates":[[12.47308,41.92913],[12.47298,41.92947],[12.47296,41.92959],[12.47296,41.92963]]},"properties":{"segmentId":-13800012637788,"newSegmentId":"-912ff086-e346-4858-820b-2ec5368d7387","speedLimit":50,"frc":3,"streetName":"Corso di Francia","distance":56.41,"segmentTimeResults":[{"timeSet":2,"dateRange":1,"harmonicAverageSpeed":55.7,"medianSpeed":59.0,"averageSpeed":58.5,"standardDeviationSpeed":11.8,"travelTimeStandardDeviation":0.91,"sampleSize":2588,"normalizedSampleSize":0.7257,"averageTravelTime":3.64,"medianTravelTime":3.44,"travelTimeRatio":1.0,"speedPercentiles":[38,43,47,50,52,54,55,56,57,59,60,61,62,64,65,67,69,72,77]},{"timeSet":3,"dateRange":1,"harmonicAverageSpeed":57.2,"medianSpeed":61.0,"averageSpeed":60.6,"standardDeviationSpeed":12.8,"travelTimeStandardDeviation":1.18,"sampleSize":2125,"normalizedSampleSize":0.5959,"averageTravelTime":3.55,"medianTravelTime":3.33,"travelTimeRatio":0.97,"speedPercentiles":[39,45,48,51,53,55,57,58,59,61,62,63,65,66,68,70,72,75,81]},{"timeSet":4,"dateRange":1,"harmonicAverageSpeed":60.7,"medianSpeed":63.0,"averageSpeed":63.6,"standardDeviationSpeed":13.3,"travelTimeStandardDeviation":0.8,"sampleSize":1177,"normalizedSampleSize":0.3301,"averageTravelTime":3.35,"medianTravelTime":3.22,"travelTimeRatio":0.92,"speedPercentiles":[43,49,52,54,56,57,59,60,62,63,64,65,67,68,70,72,76,79,86]},{"timeSet":5,"dateRange":1,"harmonicAverageSpeed":62.9,"medianSpeed":66.0,"averageSpeed":66.6,"standardDeviationSpeed":14.4,"travelTimeStandardDeviation":1.01,"sampleSize":631,"normalizedSampleSize":0.1769,"averageTravelTime":3.23,"medianTravelTime":3.08,"travelTimeRatio":0.89,"speedPercentiles":[44,49,53,56,58,60,62,64,65,66,68,70,71,73,75,77,80,84,91]},{"timeSet":6,"dateRange":1,"harmonicAverageSpeed":63.5,"medianSpeed":67.0,"averageSpeed":67.6,"standardDeviationSpeed":15.5,"travelTimeStandardDeviation":0.98,"sampleSize":504,"normalizedSampleSize":0.1413,"averageTravelTime":3.2,"medianTravelTime":3.03,"travelTimeRatio":0.88,"speedPercentiles":[42,51,54,57,60,61,63,64,66,67,69,70,71,72,75,78,81,85,92]},{"timeSet":7,"dateRange":1,"harmonicAverageSpeed":64.1,"medianSpeed":66.0,"averageSpeed":67.4,"standardDeviationSpeed":14.7,"travelTimeStandardDeviation":0.77,"sampleSize":278,"normalizedSampleSize":0.078,"averageTravelTime":3.17,"medianTravelTime":3.08,"travelTimeRatio":0.87,"speedPercentiles":[43,50,52,57,58,60,61,63,64,66,68,70,71,74,77,80,83,88,92]},{"timeSet":8,"dateRange":1,"harmonicAverageSpeed":66.4,"medianSpeed":69.0,"averageSpeed":69.5,"standardDeviationSpeed":13.8,"travelTimeStandardDeviation":0.75,"sampleSize":163,"normalizedSampleSize":0.0457,"averageTravelTime":3.06,"medianTravelTime":2.94,"travelTimeRatio":0.84,"speedPercentiles":[47,53,57,58,61,65,67,68,69,69,70,71,74,75,78,79,82,85,93]},{"timeSet":9,"dateRange":1,"harmonicAverageSpeed":64.1,"medianSpeed":67.0,"averageSpeed":67.3,"standardDeviationSpeed":13.9,"travelTimeStandardDeviation":0.81,"sampleSize":330,"normalizedSampleSize":0.0925,"averageTravelTime":3.17,"medianTravelTime":3.03,"travelTimeRatio":0.87,"speedPercentiles":[43,49,54,56,59,61,64,65,66,67,69,70,71,73,74,77,80,85,92]},{"timeSet":10,"dateRange":1,"harmonicAverageSpeed":62.5,"medianSpeed":66.0,"averageSpeed":65.4,"standardDeviationSpeed":12.7,"travelTimeStandardDeviation":0.83,"sampleSize":610,"normalizedSampleSize":0.1711,"averageTravelTime":3.25,"medianTravelTime":3.08,"travelTimeRatio":0.89,"speedPercentiles":[44,51,55,57,59,60,62,63,64,66,67,68,69,70,72,74,76,78,86]},{"timeSet":11,"dateRange":1,"harmonicAverageSpeed":61.2,"medianSpeed":65.0,"averageSpeed":64.2,"standardDeviationSpeed":12.4,"travelTimeStandardDeviation":0.84,"sampleSize":867,"normalizedSampleSize":0.2431,"averageTravelTime":3.32,"medianTravelTime":3.12,"travelTimeRatio":0.91,"speedPercentiles":[42,49,53,56,58,59,61,62,64,65,66,67,69,70,71,73,75,78,83]},{"timeSet":12,"dateRange":1,"harmonicAverageSpeed":57.4,"medianSpeed":62.0,"averageSpeed":60.9,"standardDeviationSpeed":12.7,"travelTimeStandardDeviation":1.14,"sampleSize":1394,"normalizedSampleSize":0.3909,"averageTravelTime":3.54,"medianTravelTime":3.28,"travelTimeRatio":0.97,"speedPercentiles":[37,45,49,52,54,56,58,60,61,62,63,64,66,67,68,70,72,75,80]},{"timeSet":13,"dateRange":1,"harmonicAverageSpeed":57.4,"medianSpeed":61.0,"averageSpeed":60.5,"standardDeviationSpeed":12.6,"travelTimeStandardDeviation":0.98,"sampleSize":1740,"normalizedSampleSize":0.4879,"averageTravelTime":3.54,"medianTravelTime":3.33,"travelTimeRatio":0.97,"speedPercentiles":[37,45,49,52,54,56,57,59,60,61,62,63,64,66,68,69,72,75,80]},{"timeSet":14,"dateRange":1,"harmonicAverageSpeed":56.0,"medianSpeed":60.0,"averageSpeed":59.0,"standardDeviationSpeed":12.1,"travelTimeStandardDeviation":1.0,"sampleSize":2076,"normalizedSampleSize":0.5822,"averageTravelTime":3.63,"medianTravelTime":3.38,"travelTimeRatio":1.0,"speedPercentiles":[37,43,47,50,52,54,56,57,59,60,61,62,64,65,67,68,70,73,77]},{"timeSet":15,"dateRange":1,"harmonicAverageSpeed":57.9,"medianSpeed":62.0,"averageSpeed":60.9,"standardDeviationSpeed":12.4,"travelTimeStandardDeviation":0.95,"sampleSize":1911,"normalizedSampleSize":0.5359,"averageTravelTime":3.51,"medianTravelTime":3.28,"travelTimeRatio":0.96,"speedPercentiles":[38,44,49,52,55,56,58,59,61,62,63,64,65,66,68,69,72,75,80]},{"timeSet":16,"dateRange":1,"harmonicAverageSpeed":58.8,"medianSpeed":62.0,"averageSpeed":61.7,"standardDeviationSpeed":12.2,"travelTimeStandardDeviation":0.9,"sampleSize":1610,"normalizedSampleSize":0.4515,"averageTravelTime":3.45,"medianTravelTime":3.28,"travelTimeRatio":0.95,"speedPercentiles":[39,46,50,53,55,57,58,60,61,62,63,65,66,68,69,70,73,75,80]},{"timeSet":17,"dateRange":1,"harmonicAverageSpeed":57.4,"medianSpeed":61.0,"averageSpeed":60.7,"standardDeviationSpeed":12.8,"travelTimeStandardDeviation":1.07,"sampleSize":1805,"normalizedSampleSize":0.5062,"averageTravelTime":3.54,"medianTravelTime":3.33,"travelTimeRatio":0.97,"speedPercentiles":[38,44,49,52,54,56,58,59,60,61,63,64,65,67,68,70,72,75,80]},{"timeSet":18,"dateRange":1,"harmonicAverageSpeed":56.1,"medianSpeed":60.0,"averageSpeed":59.2,"standardDeviationSpeed":12.5,"travelTimeStandardDeviation":1.02,"sampleSize":1789,"normalizedSampleSize":0.5017,"averageTravelTime":3.62,"medianTravelTime":3.38,"travelTimeRatio":0.99,"speedPercentiles":[38,43,46,50,52,54,56,57,59,60,61,62,63,65,67,69,70,73,78]},{"timeSet":19,"dateRange":1,"harmonicAverageSpeed":54.8,"medianSpeed":59.0,"averageSpeed":58.0,"standardDeviationSpeed":12.2,"travelTimeStandardDeviation":1.08,"sampleSize":1847,"normalizedSampleSize":0.5179,"averageTravelTime":3.7,"medianTravelTime":3.44,"travelTimeRatio":1.02,"speedPercentiles":[36,42,47,50,51,53,55,56,57,59,60,61,62,63,65,67,69,72,76]},{"timeSet":20,"dateRange":1,"harmonicAverageSpeed":53.3,"medianSpeed":57.0,"averageSpeed":56.3,"standardDeviationSpeed":11.8,"travelTimeStandardDeviation":1.06,"sampleSize":1993,"normalizedSampleSize":0.5589,"averageTravelTime":3.81,"medianTravelTime":3.56,"travelTimeRatio":1.05,"speedPercentiles":[35,41,45,48,50,51,53,55,56,57,58,59,61,62,63,65,67,70,75]},{"timeSet":21,"dateRange":1,"harmonicAverageSpeed":53.6,"medianSpeed":57.0,"averageSpeed":56.4,"standardDeviationSpeed":11.5,"travelTimeStandardDeviation":0.99,"sampleSize":2012,"normalizedSampleSize":0.5642,"averageTravelTime":3.79,"medianTravelTime":3.56,"travelTimeRatio":1.04,"speedPercentiles":[35,41,45,48,50,52,53,54,56,57,58,59,61,62,64,65,67,69,74]},{"timeSet":22,"dateRange":1,"harmonicAverageSpeed":54.6,"medianSpeed":59.0,"averageSpeed":58.2,"standardDeviationSpeed":12.4,"travelTimeStandardDeviation":1.57,"sampleSize":1702,"normalizedSampleSize":0.4773,"averageTravelTime":3.72,"medianTravelTime":3.44,"travelTimeRatio":1.02,"speedPercentiles":[37,43,46,49,51,53,55,56,58,59,60,61,62,64,65,67,70,72,78]},{"timeSet":23,"dateRange":1,"harmonicAverageSpeed":57.6,"medianSpeed":61.0,"averageSpeed":60.5,"standardDeviationSpeed":12.2,"travelTimeStandardDeviation":0.95,"sampleSize":1252,"normalizedSampleSize":0.3511,"averageTravelTime":3.53,"medianTravelTime":3.33,"travelTimeRatio":0.97,"speedPercentiles":[40,45,49,52,54,55,57,58,59,61,62,63,65,66,67,69,71,75,79]},{"timeSet":24,"dateRange":1,"harmonicAverageSpeed":58.3,"medianSpeed":61.0,"averageSpeed":61.0,"standardDeviationSpeed":12.2,"travelTimeStandardDeviation":0.87,"sampleSize":1264,"normalizedSampleSize":0.3545,"averageTravelTime":3.49,"medianTravelTime":3.33,"travelTimeRatio":0.96,"speedPercentiles":[41,45,50,52,54,56,57,58,60,61,62,63,65,66,68,70,72,76,81]},{"timeSet":25,"dateRange":1,"harmonicAverageSpeed":56.6,"medianSpeed":59.0,"averageSpeed":59.8,"standardDeviationSpeed":13.2,"travelTimeStandardDeviation":0.97,"sampleSize":1576,"normalizedSampleSize":0.442,"averageTravelTime":3.59,"medianTravelTime":3.44,"travelTimeRatio":0.98,"speedPercentiles":[39,44,48,50,52,54,55,57,58,59,61,62,64,65,67,69,71,75,81]}]}},{"type":"Feature","geometry":{"type":"LineString","coordinates":[[12.47296,41.92963],[12.47295,41.92971]]},"properties":{"segmentId":-13800012637793,"newSegmentId":"-cc1a0f42-ebd9-4cee-bfe7-0a23d025310b","speedLimit":50,"frc":3,"streetName":"Corso di Francia","distance":9.01,"segmentTimeResults":[{"timeSet":2,"dateRange":1,"harmonicAverageSpeed":57.2,"medianSpeed":60.0,"averageSpeed":60.3,"standardDeviationSpeed":12.8,"travelTimeStandardDeviation":0.15,"sampleSize":2597,"normalizedSampleSize":0.7283,"averageTravelTime":0.57,"medianTravelTime":0.54,"travelTimeRatio":1.0,"speedPercentiles":[38,44,48,51,53,55,56,58,59,60,62,63,64,66,68,70,72,76,80]},{"timeSet":3,"dateRange":1,"harmonicAverageSpeed":58.4,"medianSpeed":62.0,"averageSpeed":62.3,"standardDeviationSpeed":13.9,"travelTimeStandardDeviation":0.21,"sampleSize":2133,"normalizedSampleSize":0.5981,"averageTravelTime":0.56,"medianTravelTime":0.52,"travelTimeRatio":0.98,"speedPercentiles":[39,45,49,52,55,57,58,60,61,62,64,65,67,69,70,72,75,79,85]},{"timeSet":4,"dateRange":1,"harmonicAverageSpeed":62.1,"medianSpeed":65.0,"averageSpeed":65.3,"standardDeviationSpeed":14.2,"travelTimeStandardDeviation":0.13,"sampleSize":1178,"normalizedSampleSize":0.3303,"averageTravelTime":0.52,"medianTravelTime":0.5,"travelTimeRatio":0.92,"speedPercentiles":[43,49,52,55,57,59,60,62,63,65,66,68,69,71,72,75,78,81,89]},{"timeSet":5,"dateRange":1,"harmonicAverageSpeed":64.6,"medianSpeed":69.0,"averageSpeed":68.8,"standardDeviationSpeed":15.7,"travelTimeStandardDeviation":0.17,"sampleSize":630,"normalizedSampleSize":0.1767,"averageTravelTime":0.5,"medianTravelTime":0.47,"travelTimeRatio":0.89,"speedPercentiles":[43,49,54,57,60,61,64,65,67,69,70,72,74,75,78,80,84,87,94]},{"timeSet":6,"dateRange":1,"harmonicAverageSpeed":65.0,"medianSpeed":69.0,"averageSpeed":69.4,"standardDeviationSpeed":16.3,"travelTimeStandardDeviation":0.16,"sampleSize":511,"normalizedSampleSize":0.1433,"averageTravelTime":0.5,"medianTravelTime":0.47,"travelTimeRatio":0.88,"speedPercentiles":[43,51,54,58,61,63,64,66,67,69,70,72,74,76,78,81,85,87,94]},{"timeSet":7,"dateRange":1,"harmonicAverageSpeed":65.9,"medianSpeed":68.0,"averageSpeed":69.5,"standardDeviationSpeed":15.4,"travelTimeStandardDeviation":0.12,"sampleSize":277,"normalizedSampleSize":0.0777,"averageTravelTime":0.49,"medianTravelTime":0.48,"travelTimeRatio":0.87,"speedPercentiles":[44,50,54,58,60,61,63,65,67,68,71,73,75,77,81,83,85,89,93]},{"timeSet":8,"dateRange":1,"harmonicAverageSpeed":67.8,"medianSpeed":71.0,"averageSpeed":71.1,"standardDeviationSpeed":14.3,"travelTimeStandardDeviation":0.12,"sampleSize":165,"normalizedSampleSize":0.0463,"averageTravelTime":0.48,"medianTravelTime":0.46,"travelTimeRatio":0.84,"speedPercentiles":[47,53,58,59,63,67,68,69,70,71,71,73,75,76,79,81,83,91,97]},{"timeSet":9,"dateRange":1,"harmonicAverageSpeed":65.5,"medianSpeed":69.0,"averageSpeed":69.1,"standardDeviationSpeed":14.7,"travelTimeStandardDeviation":0.13,"sampleSize":330,"normalizedSampleSize":0.0925,"averageTravelTime":0.5,"medianTravelTime":0.47,"travelTimeRatio":0.87,"speedPercentiles":[43,50,55,59,60,63,65,66,68,69,71,73,74,76,78,80,83,88,94]},{"timeSet":10,"dateRange":1,"harmonicAverageSpeed":64.1,"medianSpeed":68.0,"averageSpeed":67.3,"standardDeviationSpeed":13.4,"travelTimeStandardDeviation":0.14,"sampleSize":609,"normalizedSampleSize":0.1708,"averageTravelTime":0.51,"medianTravelTime":0.48,"travelTimeRatio":0.89,"speedPercentiles":[44,51,56,58,60,62,64,65,66,68,69,70,72,73,74,76,78,83,89]},{"timeSet":11,"dateRange":1,"harmonicAverageSpeed":62.8,"medianSpeed":67.0,"averageSpeed":66.1,"standardDeviationSpeed":13.6,"travelTimeStandardDeviation":0.14,"sampleSize":871,"normalizedSampleSize":0.2443,"averageTravelTime":0.52,"medianTravelTime":0.48,"travelTimeRatio":0.91,"speedPercentiles":[41,49,53,57,59,61,62,64,65,67,68,70,71,72,74,76,78,81,88]},{"timeSet":12,"dateRange":1,"harmonicAverageSpeed":59.0,"medianSpeed":64.0,"averageSpeed":62.8,"standardDeviationSpeed":13.4,"travelTimeStandardDeviation":0.18,"sampleSize":1395,"normalizedSampleSize":0.3912,"averageTravelTime":0.55,"medianTravelTime":0.51,"travelTimeRatio":0.97,"speedPercentiles":[38,45,50,53,56,58,60,61,62,64,65,66,67,69,70,73,75,78,83]},{"timeSet":13,"dateRange":1,"harmonicAverageSpeed":58.8,"medianSpeed":63.0,"averageSpeed":62.3,"standardDeviationSpeed":13.4,"travelTimeStandardDeviation":0.16,"sampleSize":1744,"normalizedSampleSize":0.4891,"averageTravelTime":0.55,"medianTravelTime":0.51,"travelTimeRatio":0.97,"speedPercentiles":[38,45,49,53,55,57,59,60,61,63,64,65,67,68,70,72,75,78,84]},{"timeSet":14,"dateRange":1,"harmonicAverageSpeed":56.2,"medianSpeed":61.0,"averageSpeed":60.4,"standardDeviationSpeed":13.3,"travelTimeStandardDeviation":0.4,"sampleSize":2080,"normalizedSampleSize":0.5833,"averageTravelTime":0.58,"medianTravelTime":0.53,"travelTimeRatio":1.02,"speedPercentiles":[37,43,47,51,53,55,57,58,60,61,63,64,66,67,69,71,73,75,80]},{"timeSet":15,"dateRange":1,"harmonicAverageSpeed":59.1,"medianSpeed":63.0,"averageSpeed":62.6,"standardDeviationSpeed":13.5,"travelTimeStandardDeviation":0.16,"sampleSize":1921,"normalizedSampleSize":0.5387,"averageTravelTime":0.55,"medianTravelTime":0.51,"travelTimeRatio":0.97,"speedPercentiles":[38,44,50,53,55,57,59,61,62,63,65,66,68,69,71,73,75,78,83]},{"timeSet":16,"dateRange":1,"harmonicAverageSpeed":60.4,"medianSpeed":64.0,"averageSpeed":63.6,"standardDeviationSpeed":13.0,"travelTimeStandardDeviation":0.14,"sampleSize":1613,"normalizedSampleSize":0.4523,"averageTravelTime":0.54,"medianTravelTime":0.51,"travelTimeRatio":0.95,"speedPercentiles":[40,46,51,54,57,58,60,62,63,64,66,67,68,70,71,74,76,79,83]},{"timeSet":17,"dateRange":1,"harmonicAverageSpeed":58.6,"medianSpeed":63.0,"averageSpeed":62.4,"standardDeviationSpeed":13.7,"travelTimeStandardDeviation":0.17,"sampleSize":1812,"normalizedSampleSize":0.5081,"averageTravelTime":0.55,"medianTravelTime":0.51,"travelTimeRatio":0.98,"speedPercentiles":[38,44,49,52,55,57,59,60,62,63,64,66,67,69,71,73,75,77,83]},{"timeSet":18,"dateRange":1,"harmonicAverageSpeed":57.4,"medianSpeed":62.0,"averageSpeed":60.8,"standardDeviationSpeed":13.3,"travelTimeStandardDeviation":0.16,"sampleSize":1795,"normalizedSampleSize":0.5034,"averageTravelTime":0.56,"medianTravelTime":0.52,"travelTimeRatio":1.0,"speedPercentiles":[38,43,47,50,53,55,57,59,60,62,63,64,66,67,69,71,73,76,82]},{"timeSet":19,"dateRange":1,"harmonicAverageSpeed":56.1,"medianSpeed":60.0,"averageSpeed":59.5,"standardDeviationSpeed":13.1,"travelTimeStandardDeviation":0.17,"sampleSize":1852,"normalizedSampleSize":0.5193,"averageTravelTime":0.58,"medianTravelTime":0.54,"travelTimeRatio":1.02,"speedPercentiles":[36,43,47,50,52,54,56,58,59,60,61,63,64,66,67,69,71,74,79]},{"timeSet":20,"dateRange":1,"harmonicAverageSpeed":54.7,"medianSpeed":59.0,"averageSpeed":58.0,"standardDeviationSpeed":12.7,"travelTimeStandardDeviation":0.17,"sampleSize":1997,"normalizedSampleSize":0.56,"averageTravelTime":0.59,"medianTravelTime":0.55,"travelTimeRatio":1.05,"speedPercentiles":[35,41,46,48,51,53,54,56,58,59,60,61,63,64,66,68,70,73,77]},{"timeSet":21,"dateRange":1,"harmonicAverageSpeed":54.9,"medianSpeed":59.0,"averageSpeed":58.0,"standardDeviationSpeed":12.4,"travelTimeStandardDeviation":0.16,"sampleSize":2016,"normalizedSampleSize":0.5653,"averageTravelTime":0.59,"medianTravelTime":0.55,"travelTimeRatio":1.04,"speedPercentiles":[35,41,46,49,51,53,55,56,58,59,60,61,63,64,66,67,69,72,78]},{"timeSet":22,"dateRange":1,"harmonicAverageSpeed":56.2,"medianSpeed":60.0,"averageSpeed":60.0,"standardDeviationSpeed":13.4,"travelTimeStandardDeviation":0.25,"sampleSize":1707,"normalizedSampleSize":0.4787,"averageTravelTime":0.58,"medianTravelTime":0.54,"travelTimeRatio":1.02,"speedPercentiles":[38,43,47,50,52,55,56,58,59,60,62,63,64,66,68,70,72,76,81]},{"timeSet":23,"dateRange":1,"harmonicAverageSpeed":59.1,"medianSpeed":63.0,"averageSpeed":62.3,"standardDeviationSpeed":13.0,"travelTimeStandardDeviation":0.15,"sampleSize":1257,"normalizedSampleSize":0.3525,"averageTravelTime":0.55,"medianTravelTime":0.51,"travelTimeRatio":0.97,"speedPercentiles":[40,45,50,53,55,57,59,60,61,63,64,65,67,68,70,72,74,78,84]},{"timeSet":24,"dateRange":1,"harmonicAverageSpeed":59.9,"medianSpeed":63.0,"averageSpeed":63.0,"standardDeviationSpeed":13.2,"travelTimeStandardDeviation":0.14,"sampleSize":1265,"normalizedSampleSize":0.3547,"averageTravelTime":0.54,"medianTravelTime":0.51,"travelTimeRatio":0.96,"speedPercentiles":[42,46,50,53,56,57,59,60,62,63,64,66,67,69,71,73,76,79,84]},{"timeSet":25,"dateRange":1,"harmonicAverageSpeed":57.8,"medianSpeed":61.0,"averageSpeed":61.2,"standardDeviationSpeed":13.8,"travelTimeStandardDeviation":0.16,"sampleSize":1577,"normalizedSampleSize":0.4422,"averageTravelTime":0.56,"medianTravelTime":0.53,"travelTimeRatio":0.99,"speedPercentiles":[39,45,48,50,52,55,57,58,60,61,62,64,66,67,69,71,74,77,84]}]}},{"type":"Feature","geometry":{"type":"LineString","coordinates":[[12.47295,41.92971],[12.47294,41.92977]]},"properties":{"segmentId":-13800012637786,"newSegmentId":"-bd84b619-ce19-440f-8123-d4770f54d488","speedLimit":50,"frc":3,"streetName":"Corso di Francia","distance":6.44,"segmentTimeResults":[{"timeSet":2,"dateRange":1,"harmonicAverageSpeed":57.5,"medianSpeed":61.0,"averageSpeed":60.7,"standardDeviationSpeed":13.0,"travelTimeStandardDeviation":0.11,"sampleSize":2596,"normalizedSampleSize":0.728,"averageTravelTime":0.4,"medianTravelTime":0.38,"travelTimeRatio":1.0,"speedPercentiles":[38,44,48,51,53,55,57,58,59,61,62,64,65,67,68,70,73,76,82]},{"timeSet":3,"dateRange":1,"harmonicAverageSpeed":58.6,"medianSpeed":63.0,"averageSpeed":62.8,"standardDeviationSpeed":14.2,"travelTimeStandardDeviation":0.15,"sampleSize":2136,"normalizedSampleSize":0.599,"averageTravelTime":0.4,"medianTravelTime":0.37,"travelTimeRatio":0.98,"speedPercentiles":[39,45,49,52,55,57,59,60,61,63,64,66,67,69,71,73,75,79,86]},{"timeSet":4,"dateRange":1,"harmonicAverageSpeed":62.6,"medianSpeed":65.0,"averageSpeed":65.9,"standardDeviationSpeed":14.5,"travelTimeStandardDeviation":0.09,"sampleSize":1178,"normalizedSampleSize":0.3303,"averageTravelTime":0.37,"medianTravelTime":0.36,"travelTimeRatio":0.92,"speedPercentiles":[44,49,53,56,58,59,61,62,64,65,67,68,69,71,73,76,79,83,91]},{"timeSet":5,"dateRange":1,"harmonicAverageSpeed":65.0,"medianSpeed":69.0,"averageSpeed":69.3,"standardDeviationSpeed":16.0,"travelTimeStandardDeviation":0.12,"sampleSize":630,"normalizedSampleSize":0.1767,"averageTravelTime":0.36,"medianTravelTime":0.34,"travelTimeRatio":0.89,"speedPercentiles":[43,49,54,57,60,62,64,66,67,69,71,72,74,76,79,81,84,88,95]},{"timeSet":6,"dateRange":1,"harmonicAverageSpeed":65.5,"medianSpeed":69.0,"averageSpeed":70.0,"standardDeviationSpeed":16.6,"travelTimeStandardDeviation":0.11,"sampleSize":511,"normalizedSampleSize":0.1433,"averageTravelTime":0.35,"medianTravelTime":0.34,"travelTimeRatio":0.88,"speedPercentiles":[42,51,55,59,61,63,64,66,68,69,71,72,74,77,79,82,85,89,97]},{"timeSet":7,"dateRange":1,"harmonicAverageSpeed":66.2,"medianSpeed":69.0,"averageSpeed":69.9,"standardDeviationSpeed":15.4,"travelTimeStandardDeviation":0.09,"sampleSize":277,"normalizedSampleSize":0.0777,"averageTravelTime":0.35,"medianTravelTime":0.34,"travelTimeRatio":0.87,"speedPercentiles":[44,50,54,58,60,62,64,65,67,69,71,73,76,78,81,83,86,89,93]},{"timeSet":8,"dateRange":1,"harmonicAverageSpeed":68.1,"medianSpeed":72.0,"averageSpeed":71.5,"standardDeviationSpeed":14.6,"travelTimeStandardDeviation":0.09,"sampleSize":165,"normalizedSampleSize":0.0463,"averageTravelTime":0.34,"medianTravelTime":0.32,"travelTimeRatio":0.84,"speedPercentiles":[47,53,58,59,63,67,68,69,71,72,72,74,76,79,80,81,84,91,97]},{"timeSet":9,"dateRange":1,"harmonicAverageSpeed":65.8,"medianSpeed":70.0,"averageSpeed":69.5,"standardDeviationSpeed":14.9,"travelTimeStandardDeviation":0.09,"sampleSize":330,"normalizedSampleSize":0.0925,"averageTravelTime":0.35,"medianTravelTime":0.33,"travelTimeRatio":0.87,"speedPercentiles":[43,50,55,59,61,63,65,67,68,70,72,73,74,76,79,80,83,88,94]},{"timeSet":10,"dateRange":1,"harmonicAverageSpeed":64.5,"medianSpeed":68.0,"averageSpeed":67.8,"standardDeviationSpeed":13.7,"travelTimeStandardDeviation":0.1,"sampleSize":610,"normalizedSampleSize":0.1711,"averageTravelTime":0.36,"medianTravelTime":0.34,"travelTimeRatio":0.89,"speedPercentiles":[44,51,56,58,61,63,64,65,67,68,69,71,72,74,75,77,79,84,90]},{"timeSet":11,"dateRange":1,"harmonicAverageSpeed":63.1,"medianSpeed":67.0,"averageSpeed":66.5,"standardDeviationSpeed":13.8,"travelTimeStandardDeviation":0.1,"sampleSize":870,"normalizedSampleSize":0.244,"averageTravelTime":0.37,"medianTravelTime":0.35,"travelTimeRatio":0.91,"speedPercentiles":[41,49,54,57,59,61,63,64,66,67,69,70,72,73,75,76,79,82,88]},{"timeSet":12,"dateRange":1,"harmonicAverageSpeed":59.2,"medianSpeed":64.0,"averageSpeed":63.3,"standardDeviationSpeed":13.7,"travelTimeStandardDeviation":0.16,"sampleSize":1396,"normalizedSampleSize":0.3915,"averageTravelTime":0.39,"medianTravelTime":0.36,"travelTimeRatio":0.97,"speedPercentiles":[38,45,50,53,56,58,60,61,63,64,65,67,68,69,71,73,76,79,85]},{"timeSet":13,"dateRange":1,"harmonicAverageSpeed":59.1,"medianSpeed":63.0,"averageSpeed":62.7,"standardDeviationSpeed":13.6,"travelTimeStandardDeviation":0.11,"sampleSize":1744,"normalizedSampleSize":0.4891,"averageTravelTime":0.39,"medianTravelTime":0.37,"travelTimeRatio":0.97,"speedPercentiles":[38,46,49,53,55,57,59,60,62,63,65,66,67,69,71,73,75,78,85]},{"timeSet":14,"dateRange":1,"harmonicAverageSpeed":56.5,"medianSpeed":61.0,"averageSpeed":60.7,"standardDeviationSpeed":13.4,"travelTimeStandardDeviation":0.27,"sampleSize":2079,"normalizedSampleSize":0.583,"averageTravelTime":0.41,"medianTravelTime":0.38,"travelTimeRatio":1.02,"speedPercentiles":[37,43,47,51,53,55,57,58,60,61,63,64,66,68,69,71,73,76,81]},{"timeSet":15,"dateRange":1,"harmonicAverageSpeed":59.4,"medianSpeed":64.0,"averageSpeed":63.0,"standardDeviationSpeed":13.7,"travelTimeStandardDeviation":0.11,"sampleSize":1924,"normalizedSampleSize":0.5395,"averageTravelTime":0.39,"medianTravelTime":0.36,"travelTimeRatio":0.97,"speedPercentiles":[38,44,50,53,56,58,59,61,62,64,65,67,68,70,71,73,76,79,83]},{"timeSet":16,"dateRange":1,"harmonicAverageSpeed":60.7,"medianSpeed":65.0,"averageSpeed":64.0,"standardDeviationSpeed":13.2,"travelTimeStandardDeviation":0.1,"sampleSize":1614,"normalizedSampleSize":0.4526,"averageTravelTime":0.38,"medianTravelTime":0.36,"travelTimeRatio":0.95,"speedPercentiles":[40,46,51,55,57,59,61,62,63,65,66,67,69,70,72,74,76,79,84]},{"timeSet":17,"dateRange":1,"harmonicAverageSpeed":58.9,"medianSpeed":64.0,"averageSpeed":62.8,"standardDeviationSpeed":14.0,"travelTimeStandardDeviation":0.13,"sampleSize":1812,"normalizedSampleSize":0.5081,"averageTravelTime":0.39,"medianTravelTime":0.36,"travelTimeRatio":0.98,"speedPercentiles":[38,44,49,53,55,57,59,61,62,64,65,67,68,69,71,73,76,78,83]},{"timeSet":18,"dateRange":1,"harmonicAverageSpeed":57.7,"medianSpeed":62.0,"averageSpeed":61.2,"standardDeviationSpeed":13.5,"travelTimeStandardDeviation":0.12,"sampleSize":1795,"normalizedSampleSize":0.5034,"averageTravelTime":0.4,"medianTravelTime":0.37,"travelTimeRatio":1.0,"speedPercentiles":[38,43,47,51,54,55,57,59,60,62,63,64,66,68,69,71,74,77,83]},{"timeSet":19,"dateRange":1,"harmonicAverageSpeed":56.4,"medianSpeed":61.0,"averageSpeed":59.9,"standardDeviationSpeed":13.3,"travelTimeStandardDeviation":0.12,"sampleSize":1851,"normalizedSampleSize":0.5191,"averageTravelTime":0.41,"medianTravelTime":0.38,"travelTimeRatio":1.02,"speedPercentiles":[36,43,47,50,52,54,56,58,59,61,62,63,64,66,67,69,72,75,80]},{"timeSet":20,"dateRange":1,"harmonicAverageSpeed":54.9,"medianSpeed":59.0,"averageSpeed":58.3,"standardDeviationSpeed":12.9,"travelTimeStandardDeviation":0.12,"sampleSize":1997,"normalizedSampleSize":0.56,"averageTravelTime":0.42,"medianTravelTime":0.39,"travelTimeRatio":1.05,"speedPercentiles":[35,42,46,48,51,53,55,56,58,59,60,62,63,65,66,68,70,73,78]},{"timeSet":21,"dateRange":1,"harmonicAverageSpeed":55.1,"medianSpeed":59.0,"averageSpeed":58.3,"standardDeviationSpeed":12.7,"travelTimeStandardDeviation":0.12,"sampleSize":2011,"normalizedSampleSize":0.5639,"averageTravelTime":0.42,"medianTravelTime":0.39,"travelTimeRatio":1.04,"speedPercentiles":[36,41,46,49,51,53,55,56,58,59,60,62,63,64,66,68,70,73,78]},{"timeSet":22,"dateRange":1,"harmonicAverageSpeed":56.5,"medianSpeed":61.0,"averageSpeed":60.5,"standardDeviationSpeed":13.7,"travelTimeStandardDeviation":0.18,"sampleSize":1710,"normalizedSampleSize":0.4795,"averageTravelTime":0.41,"medianTravelTime":0.38,"travelTimeRatio":1.02,"speedPercentiles":[38,43,47,50,53,55,57,58,59,61,62,64,65,67,69,71,73,77,81]},{"timeSet":23,"dateRange":1,"harmonicAverageSpeed":59.5,"medianSpeed":63.0,"averageSpeed":62.7,"standardDeviationSpeed":13.2,"travelTimeStandardDeviation":0.11,"sampleSize":1258,"normalizedSampleSize":0.3528,"averageTravelTime":0.39,"medianTravelTime":0.37,"travelTimeRatio":0.97,"speedPercentiles":[40,46,50,53,55,57,59,60,62,63,64,66,67,69,70,72,75,78,84]},{"timeSet":24,"dateRange":1,"harmonicAverageSpeed":60.3,"medianSpeed":63.0,"averageSpeed":63.5,"standardDeviationSpeed":13.4,"travelTimeStandardDeviation":0.1,"sampleSize":1265,"normalizedSampleSize":0.3547,"averageTravelTime":0.38,"medianTravelTime":0.37,"travelTimeRatio":0.95,"speedPercentiles":[42,46,50,53,56,58,59,61,62,63,65,66,68,69,71,73,76,80,85]},{"timeSet":25,"dateRange":1,"harmonicAverageSpeed":58.1,"medianSpeed":61.0,"averageSpeed":61.6,"standardDeviationSpeed":14.0,"travelTimeStandardDeviation":0.11,"sampleSize":1576,"normalizedSampleSize":0.442,"averageTravelTime":0.4,"medianTravelTime":0.38,"travelTimeRatio":0.99,"speedPercentiles":[39,45,48,51,53,55,57,58,60,61,63,64,66,68,70,72,75,78,85]}]}},{"type":"Feature","geometry":{"type":"LineString","coordinates":[[12.47294,41.92977],[12.47291,41.93004]]},"properties":{"segmentId":-13800012637796,"newSegmentId":"-edc398f9-1419-464f-bfec-202141cb3c82","speedLimit":50,"frc":3,"streetName":"Corso di Francia","distance":30.58,"segmentTimeResults":[{"timeSet":2,"dateRange":1,"harmonicAverageSpeed":58.0,"medianSpeed":61.0,"averageSpeed":61.3,"standardDeviationSpeed":13.3,"travelTimeStandardDeviation":0.51,"sampleSize":2594,"normalizedSampleSize":0.7274,"averageTravelTime":1.9,"medianTravelTime":1.8,"travelTimeRatio":1.0,"speedPercentiles":[38,44,48,51,54,56,57,59,60,61,63,64,66,67,69,71,74,77,83]},{"timeSet":3,"dateRange":1,"harmonicAverageSpeed":58.9,"medianSpeed":64.0,"averageSpeed":63.4,"standardDeviationSpeed":14.6,"travelTimeStandardDeviation":0.76,"sampleSize":2134,"normalizedSampleSize":0.5984,"averageTravelTime":1.87,"medianTravelTime":1.72,"travelTimeRatio":0.98,"speedPercentiles":[39,45,49,53,56,58,59,61,62,64,65,67,68,70,72,74,76,80,87]},{"timeSet":4,"dateRange":1,"harmonicAverageSpeed":63.2,"medianSpeed":66.0,"averageSpeed":66.7,"standardDeviationSpeed":14.8,"travelTimeStandardDeviation":0.45,"sampleSize":1176,"normalizedSampleSize":0.3298,"averageTravelTime":1.74,"medianTravelTime":1.67,"travelTimeRatio":0.92,"speedPercentiles":[44,49,53,56,58,60,62,63,65,66,68,69,71,72,74,77,80,83,91]},{"timeSet":5,"dateRange":1,"harmonicAverageSpeed":65.6,"medianSpeed":70.0,"averageSpeed":70.0,"standardDeviationSpeed":16.1,"travelTimeStandardDeviation":0.57,"sampleSize":629,"normalizedSampleSize":0.1764,"averageTravelTime":1.68,"medianTravelTime":1.57,"travelTimeRatio":0.88,"speedPercentiles":[43,50,55,58,60,63,65,67,69,70,72,74,75,77,79,82,85,88,95]},{"timeSet":6,"dateRange":1,"harmonicAverageSpeed":66.1,"medianSpeed":70.0,"averageSpeed":70.8,"standardDeviationSpeed":16.9,"travelTimeStandardDeviation":0.54,"sampleSize":510,"normalizedSampleSize":0.143,"averageTravelTime":1.67,"medianTravelTime":1.57,"travelTimeRatio":0.88,"speedPercentiles":[42,51,56,59,62,63,65,67,69,70,72,74,76,78,80,83,86,90,102]},{"timeSet":7,"dateRange":1,"harmonicAverageSpeed":66.8,"medianSpeed":70.0,"averageSpeed":70.6,"standardDeviationSpeed":15.8,"travelTimeStandardDeviation":0.43,"sampleSize":275,"normalizedSampleSize":0.0771,"averageTravelTime":1.65,"medianTravelTime":1.57,"travelTimeRatio":0.87,"speedPercentiles":[45,50,54,59,61,63,64,66,68,70,72,75,76,79,81,84,88,90,97]},{"timeSet":8,"dateRange":1,"harmonicAverageSpeed":68.4,"medianSpeed":72.0,"averageSpeed":72.0,"standardDeviationSpeed":14.9,"travelTimeStandardDeviation":0.42,"sampleSize":165,"normalizedSampleSize":0.0463,"averageTravelTime":1.61,"medianTravelTime":1.53,"travelTimeRatio":0.85,"speedPercentiles":[47,53,58,59,63,67,68,70,71,72,74,75,77,79,81,83,86,91,97]},{"timeSet":9,"dateRange":1,"harmonicAverageSpeed":66.5,"medianSpeed":72.0,"averageSpeed":70.2,"standardDeviationSpeed":15.1,"travelTimeStandardDeviation":0.45,"sampleSize":331,"normalizedSampleSize":0.0928,"averageTravelTime":1.66,"medianTravelTime":1.53,"travelTimeRatio":0.87,"speedPercentiles":[44,50,56,59,61,64,67,68,69,72,73,74,75,77,79,81,84,89,95]},{"timeSet":10,"dateRange":1,"harmonicAverageSpeed":64.9,"medianSpeed":69.0,"averageSpeed":68.4,"standardDeviationSpeed":14.0,"travelTimeStandardDeviation":0.47,"sampleSize":608,"normalizedSampleSize":0.1705,"averageTravelTime":1.7,"medianTravelTime":1.6,"travelTimeRatio":0.89,"speedPercentiles":[44,51,57,59,61,63,65,66,67,69,70,71,73,74,76,77,80,86,92]},{"timeSet":11,"dateRange":1,"harmonicAverageSpeed":63.7,"medianSpeed":68.0,"averageSpeed":67.2,"standardDeviationSpeed":13.9,"travelTimeStandardDeviation":0.46,"sampleSize":867,"normalizedSampleSize":0.2431,"averageTravelTime":1.73,"medianTravelTime":1.62,"travelTimeRatio":0.91,"speedPercentiles":[42,49,54,57,59,61,63,65,67,68,70,71,72,74,76,77,80,84,89]},{"timeSet":12,"dateRange":1,"harmonicAverageSpeed":60.2,"medianSpeed":65.0,"averageSpeed":64.0,"standardDeviationSpeed":13.9,"travelTimeStandardDeviation":0.57,"sampleSize":1392,"normalizedSampleSize":0.3904,"averageTravelTime":1.83,"medianTravelTime":1.69,"travelTimeRatio":0.96,"speedPercentiles":[39,46,51,54,56,58,60,62,63,65,66,68,69,71,72,74,77,80,86]},{"timeSet":13,"dateRange":1,"harmonicAverageSpeed":59.7,"medianSpeed":64.0,"averageSpeed":63.4,"standardDeviationSpeed":14.1,"travelTimeStandardDeviation":0.55,"sampleSize":1741,"normalizedSampleSize":0.4882,"averageTravelTime":1.85,"medianTravelTime":1.72,"travelTimeRatio":0.97,"speedPercentiles":[38,46,50,53,55,58,60,61,63,64,65,67,68,70,72,74,76,80,86]},{"timeSet":14,"dateRange":1,"harmonicAverageSpeed":57.6,"medianSpeed":62.0,"averageSpeed":61.4,"standardDeviationSpeed":13.8,"travelTimeStandardDeviation":0.58,"sampleSize":2077,"normalizedSampleSize":0.5824,"averageTravelTime":1.91,"medianTravelTime":1.78,"travelTimeRatio":1.01,"speedPercentiles":[37,43,47,51,53,55,57,59,61,62,64,65,67,69,71,72,74,77,82]},{"timeSet":15,"dateRange":1,"harmonicAverageSpeed":59.9,"medianSpeed":65.0,"averageSpeed":63.6,"standardDeviationSpeed":14.0,"travelTimeStandardDeviation":0.53,"sampleSize":1922,"normalizedSampleSize":0.539,"averageTravelTime":1.84,"medianTravelTime":1.69,"travelTimeRatio":0.97,"speedPercentiles":[38,45,50,53,56,58,60,61,63,65,66,68,69,70,72,74,76,80,84]},{"timeSet":16,"dateRange":1,"harmonicAverageSpeed":61.4,"medianSpeed":66.0,"averageSpeed":64.8,"standardDeviationSpeed":13.6,"travelTimeStandardDeviation":0.49,"sampleSize":1613,"normalizedSampleSize":0.4523,"averageTravelTime":1.79,"medianTravelTime":1.67,"travelTimeRatio":0.95,"speedPercentiles":[40,46,51,55,58,60,61,63,64,66,67,68,70,71,73,75,77,80,86]},{"timeSet":17,"dateRange":1,"harmonicAverageSpeed":59.3,"medianSpeed":64.0,"averageSpeed":63.4,"standardDeviationSpeed":14.4,"travelTimeStandardDeviation":0.62,"sampleSize":1811,"normalizedSampleSize":0.5079,"averageTravelTime":1.86,"medianTravelTime":1.72,"travelTimeRatio":0.98,"speedPercentiles":[38,44,49,53,55,57,59,62,63,64,66,67,69,70,72,74,76,79,85]},{"timeSet":18,"dateRange":1,"harmonicAverageSpeed":58.2,"medianSpeed":63.0,"averageSpeed":61.8,"standardDeviationSpeed":13.8,"travelTimeStandardDeviation":0.55,"sampleSize":1794,"normalizedSampleSize":0.5031,"averageTravelTime":1.89,"medianTravelTime":1.75,"travelTimeRatio":1.0,"speedPercentiles":[38,43,47,51,54,56,58,59,61,63,64,65,67,68,70,72,74,78,84]},{"timeSet":19,"dateRange":1,"harmonicAverageSpeed":56.9,"medianSpeed":62.0,"averageSpeed":60.5,"standardDeviationSpeed":13.6,"travelTimeStandardDeviation":0.58,"sampleSize":1850,"normalizedSampleSize":0.5188,"averageTravelTime":1.94,"medianTravelTime":1.78,"travelTimeRatio":1.02,"speedPercentiles":[36,42,47,50,53,55,57,58,60,62,63,64,65,67,69,70,73,76,81]},{"timeSet":20,"dateRange":1,"harmonicAverageSpeed":55.4,"medianSpeed":60.0,"averageSpeed":58.9,"standardDeviationSpeed":13.2,"travelTimeStandardDeviation":0.59,"sampleSize":1994,"normalizedSampleSize":0.5592,"averageTravelTime":1.99,"medianTravelTime":1.83,"travelTimeRatio":1.05,"speedPercentiles":[35,42,46,49,51,53,55,57,58,60,61,63,64,65,67,69,71,74,79]},{"timeSet":21,"dateRange":1,"harmonicAverageSpeed":55.6,"medianSpeed":60.0,"averageSpeed":58.8,"standardDeviationSpeed":12.9,"travelTimeStandardDeviation":0.55,"sampleSize":2009,"normalizedSampleSize":0.5634,"averageTravelTime":1.98,"medianTravelTime":1.83,"travelTimeRatio":1.04,"speedPercentiles":[36,41,46,49,51,53,55,57,58,60,61,62,64,65,67,69,71,74,79]},{"timeSet":22,"dateRange":1,"harmonicAverageSpeed":57.0,"medianSpeed":61.0,"averageSpeed":61.1,"standardDeviationSpeed":13.9,"travelTimeStandardDeviation":0.85,"sampleSize":1709,"normalizedSampleSize":0.4792,"averageTravelTime":1.93,"medianTravelTime":1.8,"travelTimeRatio":1.02,"speedPercentiles":[38,43,47,50,53,55,57,59,60,61,63,64,66,68,69,72,74,77,83]},{"timeSet":23,"dateRange":1,"harmonicAverageSpeed":60.1,"medianSpeed":64.0,"averageSpeed":63.4,"standardDeviationSpeed":13.4,"travelTimeStandardDeviation":0.5,"sampleSize":1258,"normalizedSampleSize":0.3528,"averageTravelTime":1.83,"medianTravelTime":1.72,"travelTimeRatio":0.97,"speedPercentiles":[40,46,50,53,56,58,59,61,62,64,65,66,68,69,71,73,76,79,85]},{"timeSet":24,"dateRange":1,"harmonicAverageSpeed":60.9,"medianSpeed":64.0,"averageSpeed":64.1,"standardDeviationSpeed":13.6,"travelTimeStandardDeviation":0.47,"sampleSize":1264,"normalizedSampleSize":0.3545,"averageTravelTime":1.81,"medianTravelTime":1.72,"travelTimeRatio":0.95,"speedPercentiles":[41,46,50,54,57,58,60,62,63,64,65,67,68,70,72,75,77,80,86]},{"timeSet":25,"dateRange":1,"harmonicAverageSpeed":58.7,"medianSpeed":62.0,"averageSpeed":62.3,"standardDeviationSpeed":14.3,"travelTimeStandardDeviation":0.53,"sampleSize":1576,"normalizedSampleSize":0.442,"averageTravelTime":1.88,"medianTravelTime":1.78,"travelTimeRatio":0.99,"speedPercentiles":[39,45,48,51,53,55,57,59,61,62,64,65,67,68,71,73,76,79,86]}]}},{"type":"Feature","geometry":{"type":"LineString","coordinates":[[12.47291,41.93004],[12.47251,41.93205]]},"properties":{"segmentId":-13800007467709,"newSegmentId":"-00004931-3600-0400-0000-000001365541","speedLimit":50,"frc":3,"streetName":"Corso di Francia","distance":225.59,"segmentTimeResults":[{"timeSet":2,"dateRange":1,"harmonicAverageSpeed":60.2,"medianSpeed":64.0,"averageSpeed":64.0,"standardDeviationSpeed":15.0,"travelTimeStandardDeviation":3.77,"sampleSize":2568,"normalizedSampleSize":0.7201,"averageTravelTime":13.49,"medianTravelTime":12.69,"travelTimeRatio":1.0,"speedPercentiles":[39,45,49,52,55,57,59,61,62,64,66,67,69,71,73,76,79,82,88]},{"timeSet":3,"dateRange":1,"harmonicAverageSpeed":62.5,"medianSpeed":67.0,"averageSpeed":66.7,"standardDeviationSpeed":15.9,"travelTimeStandardDeviation":3.89,"sampleSize":2113,"normalizedSampleSize":0.5925,"averageTravelTime":13.01,"medianTravelTime":12.12,"travelTimeRatio":0.96,"speedPercentiles":[41,46,50,54,57,59,61,63,65,67,68,70,72,74,76,79,82,86,93]},{"timeSet":4,"dateRange":1,"harmonicAverageSpeed":65.7,"medianSpeed":69.0,"averageSpeed":69.6,"standardDeviationSpeed":16.0,"travelTimeStandardDeviation":3.33,"sampleSize":1162,"normalizedSampleSize":0.3259,"averageTravelTime":12.37,"medianTravelTime":11.77,"travelTimeRatio":0.92,"speedPercentiles":[44,51,54,57,60,62,64,66,67,69,71,73,75,77,79,81,84,87,96]},{"timeSet":5,"dateRange":1,"harmonicAverageSpeed":67.7,"medianSpeed":73.0,"averageSpeed":73.5,"standardDeviationSpeed":18.5,"travelTimeStandardDeviation":4.67,"sampleSize":622,"normalizedSampleSize":0.1744,"averageTravelTime":11.99,"medianTravelTime":11.12,"travelTimeRatio":0.89,"speedPercentiles":[43,50,55,59,62,65,68,70,72,73,76,78,80,82,85,87,92,96,104]},{"timeSet":6,"dateRange":1,"harmonicAverageSpeed":68.6,"medianSpeed":74.0,"averageSpeed":74.3,"standardDeviationSpeed":19.0,"travelTimeStandardDeviation":4.1,"sampleSize":504,"normalizedSampleSize":0.1413,"averageTravelTime":11.83,"medianTravelTime":10.97,"travelTimeRatio":0.88,"speedPercentiles":[42,51,57,61,64,66,68,70,71,74,76,78,79,82,85,89,91,95,105]},{"timeSet":7,"dateRange":1,"harmonicAverageSpeed":69.9,"medianSpeed":73.0,"averageSpeed":74.0,"standardDeviationSpeed":17.1,"travelTimeStandardDeviation":3.01,"sampleSize":275,"normalizedSampleSize":0.0771,"averageTravelTime":11.62,"medianTravelTime":11.12,"travelTimeRatio":0.86,"speedPercentiles":[46,52,57,60,63,65,67,68,71,73,76,79,80,84,86,88,91,95,100]},{"timeSet":8,"dateRange":1,"harmonicAverageSpeed":70.4,"medianSpeed":75.0,"averageSpeed":74.8,"standardDeviationSpeed":17.0,"travelTimeStandardDeviation":3.32,"sampleSize":164,"normalizedSampleSize":0.046,"averageTravelTime":11.54,"medianTravelTime":10.83,"travelTimeRatio":0.86,"speedPercentiles":[47,53,57,61,65,67,69,72,74,75,77,78,80,84,86,89,91,95,102]},{"timeSet":9,"dateRange":1,"harmonicAverageSpeed":69.4,"medianSpeed":75.0,"averageSpeed":74.0,"standardDeviationSpeed":16.9,"travelTimeStandardDeviation":3.46,"sampleSize":327,"normalizedSampleSize":0.0917,"averageTravelTime":11.7,"medianTravelTime":10.83,"travelTimeRatio":0.87,"speedPercentiles":[45,51,57,60,63,67,69,70,73,75,77,79,80,83,85,86,90,96,101]},{"timeSet":10,"dateRange":1,"harmonicAverageSpeed":67.9,"medianSpeed":72.0,"averageSpeed":71.7,"standardDeviationSpeed":15.2,"travelTimeStandardDeviation":3.4,"sampleSize":608,"normalizedSampleSize":0.1705,"averageTravelTime":11.97,"medianTravelTime":11.28,"travelTimeRatio":0.89,"speedPercentiles":[45,51,58,60,63,66,68,69,70,72,73,76,77,78,80,82,86,91,97]},{"timeSet":11,"dateRange":1,"harmonicAverageSpeed":66.4,"medianSpeed":71.0,"averageSpeed":70.2,"standardDeviationSpeed":15.1,"travelTimeStandardDeviation":3.31,"sampleSize":856,"normalizedSampleSize":0.24,"averageTravelTime":12.23,"medianTravelTime":11.44,"travelTimeRatio":0.91,"speedPercentiles":[43,50,55,58,62,64,66,68,70,71,73,74,75,77,79,81,85,88,94]},{"timeSet":12,"dateRange":1,"harmonicAverageSpeed":62.8,"medianSpeed":68.0,"averageSpeed":67.0,"standardDeviationSpeed":15.2,"travelTimeStandardDeviation":3.94,"sampleSize":1385,"normalizedSampleSize":0.3884,"averageTravelTime":12.92,"medianTravelTime":11.94,"travelTimeRatio":0.96,"speedPercentiles":[39,47,52,55,58,60,62,64,66,68,70,71,73,75,76,79,82,85,91]},{"timeSet":13,"dateRange":1,"harmonicAverageSpeed":61.7,"medianSpeed":66.0,"averageSpeed":66.1,"standardDeviationSpeed":15.7,"travelTimeStandardDeviation":4.13,"sampleSize":1724,"normalizedSampleSize":0.4835,"averageTravelTime":13.17,"medianTravelTime":12.3,"travelTimeRatio":0.98,"speedPercentiles":[39,46,50,54,57,59,61,63,65,66,68,70,72,74,76,78,81,86,92]},{"timeSet":14,"dateRange":1,"harmonicAverageSpeed":60.2,"medianSpeed":65.0,"averageSpeed":64.2,"standardDeviationSpeed":15.0,"travelTimeStandardDeviation":3.9,"sampleSize":2057,"normalizedSampleSize":0.5768,"averageTravelTime":13.48,"medianTravelTime":12.49,"travelTimeRatio":1.0,"speedPercentiles":[38,44,49,52,55,57,59,61,63,65,66,68,70,72,74,76,79,82,87]},{"timeSet":15,"dateRange":1,"harmonicAverageSpeed":62.2,"medianSpeed":67.0,"averageSpeed":66.3,"standardDeviationSpeed":15.5,"travelTimeStandardDeviation":3.72,"sampleSize":1909,"normalizedSampleSize":0.5353,"averageTravelTime":13.06,"medianTravelTime":12.12,"travelTimeRatio":0.97,"speedPercentiles":[39,46,51,54,56,59,61,63,65,67,69,70,72,74,76,79,82,85,91]},{"timeSet":16,"dateRange":1,"harmonicAverageSpeed":64.1,"medianSpeed":69.0,"averageSpeed":68.1,"standardDeviationSpeed":15.3,"travelTimeStandardDeviation":3.56,"sampleSize":1596,"normalizedSampleSize":0.4476,"averageTravelTime":12.66,"medianTravelTime":11.77,"travelTimeRatio":0.94,"speedPercentiles":[41,47,52,57,60,62,64,65,67,69,71,72,74,76,77,80,82,86,91]},{"timeSet":17,"dateRange":1,"harmonicAverageSpeed":61.8,"medianSpeed":67.0,"averageSpeed":66.3,"standardDeviationSpeed":15.7,"travelTimeStandardDeviation":4.36,"sampleSize":1800,"normalizedSampleSize":0.5048,"averageTravelTime":13.14,"medianTravelTime":12.12,"travelTimeRatio":0.97,"speedPercentiles":[39,45,50,54,57,59,61,64,65,67,69,70,72,74,76,78,81,85,91]},{"timeSet":18,"dateRange":1,"harmonicAverageSpeed":60.6,"medianSpeed":65.0,"averageSpeed":64.8,"standardDeviationSpeed":15.2,"travelTimeStandardDeviation":4.14,"sampleSize":1777,"normalizedSampleSize":0.4983,"averageTravelTime":13.4,"medianTravelTime":12.49,"travelTimeRatio":0.99,"speedPercentiles":[38,44,48,53,55,58,60,62,63,65,67,69,71,72,74,77,79,83,89]},{"timeSet":19,"dateRange":1,"harmonicAverageSpeed":59.0,"medianSpeed":64.0,"averageSpeed":62.9,"standardDeviationSpeed":14.5,"travelTimeStandardDeviation":4.02,"sampleSize":1840,"normalizedSampleSize":0.516,"averageTravelTime":13.76,"medianTravelTime":12.69,"travelTimeRatio":1.02,"speedPercentiles":[37,44,48,51,54,57,59,61,62,64,65,67,68,70,72,74,76,79,86]},{"timeSet":20,"dateRange":1,"harmonicAverageSpeed":57.5,"medianSpeed":62.0,"averageSpeed":61.4,"standardDeviationSpeed":14.4,"travelTimeStandardDeviation":4.27,"sampleSize":1973,"normalizedSampleSize":0.5533,"averageTravelTime":14.12,"medianTravelTime":13.1,"travelTimeRatio":1.05,"speedPercentiles":[36,42,47,50,52,55,57,59,60,62,64,65,67,68,70,72,75,78,85]},{"timeSet":21,"dateRange":1,"harmonicAverageSpeed":57.4,"medianSpeed":61.0,"averageSpeed":60.9,"standardDeviationSpeed":13.9,"travelTimeStandardDeviation":3.96,"sampleSize":1994,"normalizedSampleSize":0.5592,"averageTravelTime":14.16,"medianTravelTime":13.31,"travelTimeRatio":1.05,"speedPercentiles":[37,42,47,50,52,54,56,58,59,61,63,64,66,68,70,72,74,78,84]},{"timeSet":22,"dateRange":1,"harmonicAverageSpeed":59.8,"medianSpeed":64.0,"averageSpeed":63.9,"standardDeviationSpeed":15.2,"travelTimeStandardDeviation":4.5,"sampleSize":1695,"normalizedSampleSize":0.4753,"averageTravelTime":13.58,"medianTravelTime":12.69,"travelTimeRatio":1.01,"speedPercentiles":[39,44,48,52,54,57,59,61,62,64,66,67,69,71,73,75,79,83,90]},{"timeSet":23,"dateRange":1,"harmonicAverageSpeed":62.4,"medianSpeed":66.0,"averageSpeed":66.4,"standardDeviationSpeed":15.0,"travelTimeStandardDeviation":4.05,"sampleSize":1251,"normalizedSampleSize":0.3508,"averageTravelTime":13.01,"medianTravelTime":12.3,"travelTimeRatio":0.96,"speedPercentiles":[41,47,52,55,58,60,62,63,65,66,68,69,71,73,76,78,81,85,91]},{"timeSet":24,"dateRange":1,"harmonicAverageSpeed":63.8,"medianSpeed":68.0,"averageSpeed":67.4,"standardDeviationSpeed":15.1,"travelTimeStandardDeviation":3.31,"sampleSize":1251,"normalizedSampleSize":0.3508,"averageTravelTime":12.73,"medianTravelTime":11.94,"travelTimeRatio":0.94,"speedPercentiles":[43,47,51,55,58,61,63,64,66,68,69,71,73,75,76,79,82,86,91]},{"timeSet":25,"dateRange":1,"harmonicAverageSpeed":60.7,"medianSpeed":64.0,"averageSpeed":64.8,"standardDeviationSpeed":15.8,"travelTimeStandardDeviation":3.87,"sampleSize":1566,"normalizedSampleSize":0.4391,"averageTravelTime":13.39,"medianTravelTime":12.69,"travelTimeRatio":0.99,"speedPercentiles":[40,45,49,52,55,57,58,60,62,64,66,68,70,72,75,77,80,84,91]}]}},{"type":"Feature","geometry":{"type":"LineString","coordinates":[[12.47251,41.93205],[12.47242,41.9326]]},"properties":{"segmentId":-13800012637773,"newSegmentId":"-e7522841-7509-43a4-bf2f-0b06ea1493d3","speedLimit":50,"frc":3,"streetName":"Corso di Francia","distance":60.99,"segmentTimeResults":[{"timeSet":2,"dateRange":1,"harmonicAverageSpeed":61.0,"medianSpeed":65.0,"averageSpeed":65.6,"standardDeviationSpeed":16.4,"travelTimeStandardDeviation":1.43,"sampleSize":2599,"normalizedSampleSize":0.7288,"averageTravelTime":3.6,"medianTravelTime":3.38,"travelTimeRatio":1.0,"speedPercentiles":[39,45,49,53,55,57,59,61,63,65,67,69,71,73,75,78,82,86,92]},{"timeSet":3,"dateRange":1,"harmonicAverageSpeed":63.7,"medianSpeed":68.0,"averageSpeed":68.6,"standardDeviationSpeed":17.3,"travelTimeStandardDeviation":1.1,"sampleSize":2122,"normalizedSampleSize":0.5951,"averageTravelTime":3.45,"medianTravelTime":3.23,"travelTimeRatio":0.96,"speedPercentiles":[42,46,51,54,57,60,62,64,66,68,70,72,75,77,79,82,85,90,99]},{"timeSet":4,"dateRange":1,"harmonicAverageSpeed":66.6,"medianSpeed":71.0,"averageSpeed":71.4,"standardDeviationSpeed":17.8,"travelTimeStandardDeviation":1.03,"sampleSize":1185,"normalizedSampleSize":0.3323,"averageTravelTime":3.3,"medianTravelTime":3.09,"travelTimeRatio":0.91,"speedPercentiles":[43,50,55,57,60,62,65,66,68,71,73,75,77,79,82,84,87,91,102]},{"timeSet":5,"dateRange":1,"harmonicAverageSpeed":68.9,"medianSpeed":75.0,"averageSpeed":75.8,"standardDeviationSpeed":20.3,"travelTimeStandardDeviation":1.39,"sampleSize":623,"normalizedSampleSize":0.1747,"averageTravelTime":3.18,"medianTravelTime":2.93,"travelTimeRatio":0.88,"speedPercentiles":[44,50,55,60,62,65,69,71,73,75,78,81,83,85,88,91,96,100,110]},{"timeSet":6,"dateRange":1,"harmonicAverageSpeed":69.9,"medianSpeed":77.0,"averageSpeed":76.5,"standardDeviationSpeed":20.8,"travelTimeStandardDeviation":1.18,"sampleSize":508,"normalizedSampleSize":0.1425,"averageTravelTime":3.14,"medianTravelTime":2.85,"travelTimeRatio":0.87,"speedPercentiles":[42,50,57,61,64,66,69,72,74,77,79,81,83,85,89,93,96,100,111]},{"timeSet":7,"dateRange":1,"harmonicAverageSpeed":71.8,"medianSpeed":76.0,"averageSpeed":76.6,"standardDeviationSpeed":18.9,"travelTimeStandardDeviation":0.83,"sampleSize":276,"normalizedSampleSize":0.0774,"averageTravelTime":3.06,"medianTravelTime":2.89,"travelTimeRatio":0.85,"speedPercentiles":[47,53,57,61,64,66,68,70,73,76,78,81,84,86,89,92,96,100,107]},{"timeSet":8,"dateRange":1,"harmonicAverageSpeed":72.1,"medianSpeed":77.0,"averageSpeed":77.1,"standardDeviationSpeed":18.2,"travelTimeStandardDeviation":0.93,"sampleSize":163,"normalizedSampleSize":0.0457,"averageTravelTime":3.05,"medianTravelTime":2.85,"travelTimeRatio":0.85,"speedPercentiles":[47,54,58,62,66,69,72,74,75,77,79,81,83,86,89,91,95,100,108]},{"timeSet":9,"dateRange":1,"harmonicAverageSpeed":71.7,"medianSpeed":77.0,"averageSpeed":77.0,"standardDeviationSpeed":18.6,"travelTimeStandardDeviation":0.96,"sampleSize":327,"normalizedSampleSize":0.0917,"averageTravelTime":3.06,"medianTravelTime":2.85,"travelTimeRatio":0.85,"speedPercentiles":[46,53,59,62,65,69,71,73,75,77,80,83,85,86,88,90,95,100,106]},{"timeSet":10,"dateRange":1,"harmonicAverageSpeed":69.0,"medianSpeed":74.0,"averageSpeed":73.9,"standardDeviationSpeed":16.8,"travelTimeStandardDeviation":1.15,"sampleSize":611,"normalizedSampleSize":0.1713,"averageTravelTime":3.18,"medianTravelTime":2.97,"travelTimeRatio":0.88,"speedPercentiles":[45,51,57,61,64,67,70,71,72,74,76,77,79,81,83,86,90,95,101]},{"timeSet":11,"dateRange":1,"harmonicAverageSpeed":68.0,"medianSpeed":73.0,"averageSpeed":72.3,"standardDeviationSpeed":16.3,"travelTimeStandardDeviation":0.93,"sampleSize":870,"normalizedSampleSize":0.244,"averageTravelTime":3.23,"medianTravelTime":3.01,"travelTimeRatio":0.9,"speedPercentiles":[43,51,56,59,62,65,67,70,72,73,75,76,78,80,82,84,89,93,98]},{"timeSet":12,"dateRange":1,"harmonicAverageSpeed":64.2,"medianSpeed":70.0,"averageSpeed":69.0,"standardDeviationSpeed":16.5,"travelTimeStandardDeviation":1.09,"sampleSize":1401,"normalizedSampleSize":0.3929,"averageTravelTime":3.42,"medianTravelTime":3.14,"travelTimeRatio":0.95,"speedPercentiles":[39,47,52,56,59,61,63,65,67,70,71,74,75,77,80,82,85,90,95]},{"timeSet":13,"dateRange":1,"harmonicAverageSpeed":62.6,"medianSpeed":67.0,"averageSpeed":67.6,"standardDeviationSpeed":17.0,"travelTimeStandardDeviation":1.14,"sampleSize":1730,"normalizedSampleSize":0.4851,"averageTravelTime":3.51,"medianTravelTime":3.28,"travelTimeRatio":0.97,"speedPercentiles":[39,46,51,54,57,60,61,63,65,67,70,72,74,76,78,81,84,89,96]},{"timeSet":14,"dateRange":1,"harmonicAverageSpeed":61.2,"medianSpeed":66.0,"averageSpeed":66.0,"standardDeviationSpeed":16.6,"travelTimeStandardDeviation":1.15,"sampleSize":2077,"normalizedSampleSize":0.5824,"averageTravelTime":3.59,"medianTravelTime":3.33,"travelTimeRatio":1.0,"speedPercentiles":[38,44,49,52,55,58,60,62,64,66,68,70,72,75,77,80,83,87,92]},{"timeSet":15,"dateRange":1,"harmonicAverageSpeed":63.3,"medianSpeed":68.0,"averageSpeed":67.9,"standardDeviationSpeed":16.6,"travelTimeStandardDeviation":1.05,"sampleSize":1925,"normalizedSampleSize":0.5398,"averageTravelTime":3.47,"medianTravelTime":3.23,"travelTimeRatio":0.96,"speedPercentiles":[39,47,51,54,57,60,62,64,66,68,70,72,74,76,79,82,85,88,94]},{"timeSet":16,"dateRange":1,"harmonicAverageSpeed":65.5,"medianSpeed":70.0,"averageSpeed":70.0,"standardDeviationSpeed":16.8,"travelTimeStandardDeviation":1.0,"sampleSize":1615,"normalizedSampleSize":0.4529,"averageTravelTime":3.35,"medianTravelTime":3.14,"travelTimeRatio":0.93,"speedPercentiles":[42,47,53,57,60,62,64,66,68,70,72,74,76,78,81,83,86,90,96]},{"timeSet":17,"dateRange":1,"harmonicAverageSpeed":63.1,"medianSpeed":68.0,"averageSpeed":68.0,"standardDeviationSpeed":16.7,"travelTimeStandardDeviation":1.13,"sampleSize":1812,"normalizedSampleSize":0.5081,"averageTravelTime":3.48,"medianTravelTime":3.23,"travelTimeRatio":0.97,"speedPercentiles":[39,45,51,55,58,60,63,65,67,68,70,72,74,77,79,81,84,88,95]},{"timeSet":18,"dateRange":1,"harmonicAverageSpeed":62.0,"medianSpeed":67.0,"averageSpeed":66.6,"standardDeviationSpeed":16.4,"travelTimeStandardDeviation":1.14,"sampleSize":1798,"normalizedSampleSize":0.5042,"averageTravelTime":3.54,"medianTravelTime":3.28,"travelTimeRatio":0.98,"speedPercentiles":[38,45,49,53,56,59,61,63,65,67,69,71,73,75,77,80,83,87,93]},{"timeSet":19,"dateRange":1,"harmonicAverageSpeed":60.0,"medianSpeed":65.0,"averageSpeed":64.4,"standardDeviationSpeed":15.6,"travelTimeStandardDeviation":1.11,"sampleSize":1858,"normalizedSampleSize":0.521,"averageTravelTime":3.66,"medianTravelTime":3.38,"travelTimeRatio":1.02,"speedPercentiles":[37,44,49,52,55,58,60,62,63,65,67,68,70,71,74,76,79,83,89]},{"timeSet":20,"dateRange":1,"harmonicAverageSpeed":58.2,"medianSpeed":63.0,"averageSpeed":62.5,"standardDeviationSpeed":15.5,"travelTimeStandardDeviation":1.16,"sampleSize":1996,"normalizedSampleSize":0.5597,"averageTravelTime":3.77,"medianTravelTime":3.49,"travelTimeRatio":1.05,"speedPercentiles":[36,42,46,50,53,55,57,59,61,63,64,66,68,70,72,75,78,82,88]},{"timeSet":21,"dateRange":1,"harmonicAverageSpeed":58.1,"medianSpeed":62.0,"averageSpeed":62.0,"standardDeviationSpeed":14.9,"travelTimeStandardDeviation":1.09,"sampleSize":2009,"normalizedSampleSize":0.5634,"averageTravelTime":3.78,"medianTravelTime":3.54,"travelTimeRatio":1.05,"speedPercentiles":[37,43,46,50,52,54,57,58,60,62,64,66,67,69,71,74,77,81,87]},{"timeSet":22,"dateRange":1,"harmonicAverageSpeed":61.2,"medianSpeed":65.0,"averageSpeed":65.6,"standardDeviationSpeed":16.6,"travelTimeStandardDeviation":1.06,"sampleSize":1706,"normalizedSampleSize":0.4784,"averageTravelTime":3.59,"medianTravelTime":3.38,"travelTimeRatio":1.0,"speedPercentiles":[39,44,48,52,55,58,59,62,63,65,67,69,71,73,76,78,82,86,95]},{"timeSet":23,"dateRange":1,"harmonicAverageSpeed":63.9,"medianSpeed":68.0,"averageSpeed":68.3,"standardDeviationSpeed":16.3,"travelTimeStandardDeviation":1.01,"sampleSize":1262,"normalizedSampleSize":0.3539,"averageTravelTime":3.43,"medianTravelTime":3.23,"travelTimeRatio":0.95,"speedPercentiles":[41,47,52,55,58,60,62,64,66,68,70,72,74,76,78,81,85,89,95]},{"timeSet":24,"dateRange":1,"harmonicAverageSpeed":65.0,"medianSpeed":70.0,"averageSpeed":69.3,"standardDeviationSpeed":16.6,"travelTimeStandardDeviation":0.94,"sampleSize":1259,"normalizedSampleSize":0.3531,"averageTravelTime":3.38,"medianTravelTime":3.14,"travelTimeRatio":0.94,"speedPercentiles":[43,47,52,55,58,61,63,65,67,70,71,73,75,77,80,83,86,90,97]},{"timeSet":25,"dateRange":1,"harmonicAverageSpeed":61.8,"medianSpeed":65.0,"averageSpeed":66.5,"standardDeviationSpeed":17.2,"travelTimeStandardDeviation":1.08,"sampleSize":1576,"normalizedSampleSize":0.442,"averageTravelTime":3.55,"medianTravelTime":3.38,"travelTimeRatio":0.99,"speedPercentiles":[40,46,49,52,55,57,59,61,63,65,67,70,72,74,77,80,83,88,96]}]}},{"type":"Feature","geometry":{"type":"LineString","coordinates":[[12.47242,41.9326],[12.47221,41.93381]]},"properties":{"segmentId":-13800013612781,"newSegmentId":"-d538a32f-4bc9-49c7-918c-705606269ec6","speedLimit":50,"frc":3,"streetName":"Corso di Francia","distance":136.45,"segmentTimeResults":[{"timeSet":2,"dateRange":1,"harmonicAverageSpeed":58.6,"medianSpeed":61.0,"averageSpeed":62.8,"standardDeviationSpeed":16.2,"travelTimeStandardDeviation":2.41,"sampleSize":2581,"normalizedSampleSize":0.7238,"averageTravelTime":8.38,"medianTravelTime":8.05,"travelTimeRatio":1.0,"speedPercentiles":[39,44,47,50,52,54,56,58,59,61,63,65,67,70,72,76,79,84,91]},{"timeSet":3,"dateRange":1,"harmonicAverageSpeed":61.9,"medianSpeed":66.0,"averageSpeed":66.7,"standardDeviationSpeed":17.6,"travelTimeStandardDeviation":2.47,"sampleSize":2113,"normalizedSampleSize":0.5925,"averageTravelTime":7.94,"medianTravelTime":7.44,"travelTimeRatio":0.95,"speedPercentiles":[41,45,48,52,55,57,59,61,63,66,68,70,72,75,77,81,84,89,98]},{"timeSet":4,"dateRange":1,"harmonicAverageSpeed":64.5,"medianSpeed":68.0,"averageSpeed":69.5,"standardDeviationSpeed":18.2,"travelTimeStandardDeviation":2.39,"sampleSize":1183,"normalizedSampleSize":0.3317,"averageTravelTime":7.62,"medianTravelTime":7.22,"travelTimeRatio":0.91,"speedPercentiles":[43,47,51,55,57,60,62,64,66,68,71,73,75,77,81,84,87,92,101]},{"timeSet":5,"dateRange":1,"harmonicAverageSpeed":67.3,"medianSpeed":73.0,"averageSpeed":74.3,"standardDeviationSpeed":21.1,"travelTimeStandardDeviation":3.09,"sampleSize":618,"normalizedSampleSize":0.1733,"averageTravelTime":7.3,"medianTravelTime":6.73,"travelTimeRatio":0.87,"speedPercentiles":[42,49,54,57,59,62,65,68,71,73,76,79,82,84,88,91,95,101,110]},{"timeSet":6,"dateRange":1,"harmonicAverageSpeed":67.8,"medianSpeed":74.0,"averageSpeed":74.6,"standardDeviationSpeed":21.3,"travelTimeStandardDeviation":2.68,"sampleSize":507,"normalizedSampleSize":0.1422,"averageTravelTime":7.24,"medianTravelTime":6.64,"travelTimeRatio":0.86,"speedPercentiles":[42,50,54,58,61,63,65,68,72,74,76,78,81,83,88,91,95,101,111]},{"timeSet":7,"dateRange":1,"harmonicAverageSpeed":70.5,"medianSpeed":73.0,"averageSpeed":75.5,"standardDeviationSpeed":19.8,"travelTimeStandardDeviation":1.91,"sampleSize":271,"normalizedSampleSize":0.076,"averageTravelTime":6.97,"medianTravelTime":6.73,"travelTimeRatio":0.83,"speedPercentiles":[47,51,57,60,61,64,66,68,70,73,76,78,81,86,89,92,95,100,108]},{"timeSet":8,"dateRange":1,"harmonicAverageSpeed":71.0,"medianSpeed":75.0,"averageSpeed":76.0,"standardDeviationSpeed":18.4,"travelTimeStandardDeviation":2.06,"sampleSize":162,"normalizedSampleSize":0.0454,"averageTravelTime":6.92,"medianTravelTime":6.55,"travelTimeRatio":0.83,"speedPercentiles":[47,50,58,62,64,66,70,71,73,75,77,79,81,85,88,91,94,99,108]},{"timeSet":9,"dateRange":1,"harmonicAverageSpeed":69.9,"medianSpeed":74.0,"averageSpeed":75.2,"standardDeviationSpeed":18.6,"travelTimeStandardDeviation":2.18,"sampleSize":327,"normalizedSampleSize":0.0917,"averageTravelTime":7.03,"medianTravelTime":6.64,"travelTimeRatio":0.84,"speedPercentiles":[43,51,55,60,63,66,68,70,73,74,76,80,83,85,88,90,95,100,105]},{"timeSet":10,"dateRange":1,"harmonicAverageSpeed":67.7,"medianSpeed":72.0,"averageSpeed":72.6,"standardDeviationSpeed":17.0,"travelTimeStandardDeviation":2.59,"sampleSize":610,"normalizedSampleSize":0.1711,"averageTravelTime":7.26,"medianTravelTime":6.82,"travelTimeRatio":0.87,"speedPercentiles":[45,51,56,59,62,64,67,69,71,72,74,76,78,80,83,85,89,94,101]},{"timeSet":11,"dateRange":1,"harmonicAverageSpeed":65.6,"medianSpeed":71.0,"averageSpeed":70.0,"standardDeviationSpeed":16.5,"travelTimeStandardDeviation":2.11,"sampleSize":868,"normalizedSampleSize":0.2434,"averageTravelTime":7.49,"medianTravelTime":6.92,"travelTimeRatio":0.89,"speedPercentiles":[42,49,52,56,59,61,64,66,69,71,72,74,76,78,80,84,87,92,97]},{"timeSet":12,"dateRange":1,"harmonicAverageSpeed":62.0,"medianSpeed":66.0,"averageSpeed":66.7,"standardDeviationSpeed":16.5,"travelTimeStandardDeviation":2.57,"sampleSize":1398,"normalizedSampleSize":0.392,"averageTravelTime":7.92,"medianTravelTime":7.44,"travelTimeRatio":0.95,"speedPercentiles":[39,45,50,53,56,58,60,63,64,66,69,71,73,75,77,80,84,88,94]},{"timeSet":13,"dateRange":1,"harmonicAverageSpeed":60.6,"medianSpeed":65.0,"averageSpeed":65.2,"standardDeviationSpeed":16.7,"travelTimeStandardDeviation":2.51,"sampleSize":1721,"normalizedSampleSize":0.4826,"averageTravelTime":8.11,"medianTravelTime":7.56,"travelTimeRatio":0.97,"speedPercentiles":[39,44,48,52,54,57,59,61,63,65,66,69,71,73,75,78,82,87,94]},{"timeSet":14,"dateRange":1,"harmonicAverageSpeed":58.8,"medianSpeed":63.0,"averageSpeed":63.5,"standardDeviationSpeed":16.3,"travelTimeStandardDeviation":2.88,"sampleSize":2076,"normalizedSampleSize":0.5822,"averageTravelTime":8.36,"medianTravelTime":7.8,"travelTimeRatio":1.0,"speedPercentiles":[37,43,47,50,53,55,57,59,61,63,65,67,69,71,74,77,81,85,91]},{"timeSet":15,"dateRange":1,"harmonicAverageSpeed":60.9,"medianSpeed":65.0,"averageSpeed":65.4,"standardDeviationSpeed":16.4,"travelTimeStandardDeviation":2.38,"sampleSize":1917,"normalizedSampleSize":0.5376,"averageTravelTime":8.06,"medianTravelTime":7.56,"travelTimeRatio":0.96,"speedPercentiles":[39,45,49,51,54,56,59,61,63,65,67,69,71,73,75,79,82,86,93]},{"timeSet":16,"dateRange":1,"harmonicAverageSpeed":63.1,"medianSpeed":67.0,"averageSpeed":67.4,"standardDeviationSpeed":16.4,"travelTimeStandardDeviation":2.22,"sampleSize":1610,"normalizedSampleSize":0.4515,"averageTravelTime":7.79,"medianTravelTime":7.33,"travelTimeRatio":0.93,"speedPercentiles":[40,46,50,54,56,59,61,63,65,67,69,71,73,76,78,81,84,88,95]},{"timeSet":17,"dateRange":1,"harmonicAverageSpeed":61.1,"medianSpeed":65.0,"averageSpeed":65.8,"standardDeviationSpeed":16.7,"travelTimeStandardDeviation":2.52,"sampleSize":1809,"normalizedSampleSize":0.5073,"averageTravelTime":8.04,"medianTravelTime":7.56,"travelTimeRatio":0.96,"speedPercentiles":[39,44,49,52,55,57,60,62,64,65,67,70,72,74,76,79,83,87,93]},{"timeSet":18,"dateRange":1,"harmonicAverageSpeed":60.0,"medianSpeed":64.0,"averageSpeed":64.4,"standardDeviationSpeed":16.1,"travelTimeStandardDeviation":2.5,"sampleSize":1796,"normalizedSampleSize":0.5036,"averageTravelTime":8.19,"medianTravelTime":7.68,"travelTimeRatio":0.98,"speedPercentiles":[38,43,47,51,53,56,58,60,62,64,66,68,70,72,75,78,81,85,91]},{"timeSet":19,"dateRange":1,"harmonicAverageSpeed":57.8,"medianSpeed":61.0,"averageSpeed":61.7,"standardDeviationSpeed":15.1,"travelTimeStandardDeviation":2.42,"sampleSize":1851,"normalizedSampleSize":0.5191,"averageTravelTime":8.5,"medianTravelTime":8.05,"travelTimeRatio":1.01,"speedPercentiles":[37,43,47,49,52,54,56,58,60,61,63,65,67,68,71,73,76,80,88]},{"timeSet":20,"dateRange":1,"harmonicAverageSpeed":55.8,"medianSpeed":60.0,"averageSpeed":59.9,"standardDeviationSpeed":15.1,"travelTimeStandardDeviation":2.64,"sampleSize":1983,"normalizedSampleSize":0.5561,"averageTravelTime":8.8,"medianTravelTime":8.19,"travelTimeRatio":1.05,"speedPercentiles":[36,41,44,47,50,52,54,56,58,60,61,63,65,67,69,72,75,79,86]},{"timeSet":21,"dateRange":1,"harmonicAverageSpeed":55.8,"medianSpeed":59.0,"averageSpeed":59.5,"standardDeviationSpeed":14.5,"travelTimeStandardDeviation":2.44,"sampleSize":2002,"normalizedSampleSize":0.5614,"averageTravelTime":8.8,"medianTravelTime":8.33,"travelTimeRatio":1.05,"speedPercentiles":[36,41,45,47,50,52,54,56,57,59,61,63,65,66,68,71,74,78,85]},{"timeSet":22,"dateRange":1,"harmonicAverageSpeed":58.8,"medianSpeed":62.0,"averageSpeed":63.0,"standardDeviationSpeed":16.3,"travelTimeStandardDeviation":2.34,"sampleSize":1698,"normalizedSampleSize":0.4762,"averageTravelTime":8.35,"medianTravelTime":7.92,"travelTimeRatio":1.0,"speedPercentiles":[38,43,46,50,52,54,56,58,60,62,63,66,68,70,73,75,79,84,92]},{"timeSet":23,"dateRange":1,"harmonicAverageSpeed":62.0,"medianSpeed":65.0,"averageSpeed":66.3,"standardDeviationSpeed":16.4,"travelTimeStandardDeviation":2.27,"sampleSize":1260,"normalizedSampleSize":0.3533,"averageTravelTime":7.92,"medianTravelTime":7.56,"travelTimeRatio":0.95,"speedPercentiles":[41,45,49,52,55,58,59,62,64,65,67,70,71,74,76,79,83,87,94]},{"timeSet":24,"dateRange":1,"harmonicAverageSpeed":62.9,"medianSpeed":66.0,"averageSpeed":67.2,"standardDeviationSpeed":16.8,"travelTimeStandardDeviation":2.2,"sampleSize":1257,"normalizedSampleSize":0.3525,"averageTravelTime":7.81,"medianTravelTime":7.44,"travelTimeRatio":0.93,"speedPercentiles":[42,46,50,53,56,58,61,62,64,66,68,71,73,75,77,80,84,89,96]},{"timeSet":25,"dateRange":1,"harmonicAverageSpeed":59.9,"medianSpeed":63.0,"averageSpeed":64.5,"standardDeviationSpeed":17.2,"travelTimeStandardDeviation":2.47,"sampleSize":1571,"normalizedSampleSize":0.4405,"averageTravelTime":8.21,"medianTravelTime":7.8,"travelTimeRatio":0.98,"speedPercentiles":[39,44,48,50,52,55,57,59,61,63,65,67,70,72,74,78,82,87,95]}]}},{"type":"Feature","geometry":{"type":"LineString","coordinates":[[12.47221,41.93381],[12.4722,41.93392]]},"properties":{"segmentId":-13800013612779,"newSegmentId":"-e574a37f-d1fe-401c-923e-c83cbd639ce5","speedLimit":50,"frc":3,"streetName":"Corso di Francia","distance":12.18,"segmentTimeResults":[{"timeSet":2,"dateRange":1,"harmonicAverageSpeed":60.0,"medianSpeed":63.0,"averageSpeed":64.5,"standardDeviationSpeed":16.3,"travelTimeStandardDeviation":0.23,"sampleSize":2597,"normalizedSampleSize":0.7283,"averageTravelTime":0.73,"medianTravelTime":0.7,"travelTimeRatio":1.0,"speedPercentiles":[39,44,48,51,54,56,58,60,61,63,65,67,69,72,75,78,81,85,92]},{"timeSet":3,"dateRange":1,"harmonicAverageSpeed":63.5,"medianSpeed":68.0,"averageSpeed":68.4,"standardDeviationSpeed":17.4,"travelTimeStandardDeviation":0.22,"sampleSize":2116,"normalizedSampleSize":0.5934,"averageTravelTime":0.69,"medianTravelTime":0.64,"travelTimeRatio":0.95,"speedPercentiles":[41,47,51,54,57,59,61,63,66,68,70,72,74,77,79,83,86,91,98]},{"timeSet":4,"dateRange":1,"harmonicAverageSpeed":66.7,"medianSpeed":71.0,"averageSpeed":71.6,"standardDeviationSpeed":17.8,"travelTimeStandardDeviation":0.21,"sampleSize":1186,"normalizedSampleSize":0.3326,"averageTravelTime":0.66,"medianTravelTime":0.62,"travelTimeRatio":0.9,"speedPercentiles":[43,50,53,57,59,62,64,66,69,71,73,76,78,80,83,86,89,94,101]},{"timeSet":5,"dateRange":1,"harmonicAverageSpeed":69.1,"medianSpeed":76.0,"averageSpeed":75.9,"standardDeviationSpeed":20.6,"travelTimeStandardDeviation":0.27,"sampleSize":622,"normalizedSampleSize":0.1744,"averageTravelTime":0.63,"medianTravelTime":0.58,"travelTimeRatio":0.87,"speedPercentiles":[44,49,55,58,62,65,68,71,74,76,79,81,83,85,89,91,97,101,110]},{"timeSet":6,"dateRange":1,"harmonicAverageSpeed":69.7,"medianSpeed":76.0,"averageSpeed":76.5,"standardDeviationSpeed":21.0,"travelTimeStandardDeviation":0.24,"sampleSize":505,"normalizedSampleSize":0.1416,"averageTravelTime":0.63,"medianTravelTime":0.58,"travelTimeRatio":0.86,"speedPercentiles":[43,51,56,60,63,66,69,71,74,76,78,80,83,86,89,93,96,101,112]},{"timeSet":7,"dateRange":1,"harmonicAverageSpeed":71.9,"medianSpeed":75.0,"averageSpeed":77.0,"standardDeviationSpeed":19.9,"travelTimeStandardDeviation":0.17,"sampleSize":270,"normalizedSampleSize":0.0757,"averageTravelTime":0.61,"medianTravelTime":0.58,"travelTimeRatio":0.83,"speedPercentiles":[47,53,57,60,62,65,67,69,72,75,78,82,85,89,90,93,97,101,110]},{"timeSet":8,"dateRange":1,"harmonicAverageSpeed":71.1,"medianSpeed":75.0,"averageSpeed":76.3,"standardDeviationSpeed":18.9,"travelTimeStandardDeviation":0.19,"sampleSize":162,"normalizedSampleSize":0.0454,"averageTravelTime":0.62,"medianTravelTime":0.58,"travelTimeRatio":0.84,"speedPercentiles":[45,50,58,61,65,67,69,71,74,75,78,79,83,86,89,92,95,100,111]},{"timeSet":9,"dateRange":1,"harmonicAverageSpeed":71.2,"medianSpeed":76.0,"averageSpeed":76.8,"standardDeviationSpeed":18.9,"travelTimeStandardDeviation":0.2,"sampleSize":330,"normalizedSampleSize":0.0925,"averageTravelTime":0.62,"medianTravelTime":0.58,"travelTimeRatio":0.84,"speedPercentiles":[44,51,56,61,64,67,70,72,74,76,80,82,85,87,90,92,96,101,106]},{"timeSet":10,"dateRange":1,"harmonicAverageSpeed":68.7,"medianSpeed":74.0,"averageSpeed":73.8,"standardDeviationSpeed":17.3,"travelTimeStandardDeviation":0.23,"sampleSize":615,"normalizedSampleSize":0.1725,"averageTravelTime":0.64,"medianTravelTime":0.59,"travelTimeRatio":0.87,"speedPercentiles":[45,51,57,60,63,66,68,70,72,74,76,78,80,83,85,87,91,96,103]},{"timeSet":11,"dateRange":1,"harmonicAverageSpeed":67.6,"medianSpeed":73.0,"averageSpeed":72.1,"standardDeviationSpeed":16.7,"travelTimeStandardDeviation":0.19,"sampleSize":865,"normalizedSampleSize":0.2426,"averageTravelTime":0.65,"medianTravelTime":0.6,"travelTimeRatio":0.89,"speedPercentiles":[43,50,54,57,60,64,66,69,72,73,75,77,79,81,83,86,89,93,99]},{"timeSet":12,"dateRange":1,"harmonicAverageSpeed":62.6,"medianSpeed":68.0,"averageSpeed":67.7,"standardDeviationSpeed":16.7,"travelTimeStandardDeviation":0.27,"sampleSize":1402,"normalizedSampleSize":0.3932,"averageTravelTime":0.7,"medianTravelTime":0.64,"travelTimeRatio":0.96,"speedPercentiles":[39,46,51,53,57,59,61,63,66,68,70,72,74,77,79,82,85,88,95]},{"timeSet":13,"dateRange":1,"harmonicAverageSpeed":60.1,"medianSpeed":66.0,"averageSpeed":66.1,"standardDeviationSpeed":17.0,"travelTimeStandardDeviation":0.59,"sampleSize":1722,"normalizedSampleSize":0.4829,"averageTravelTime":0.73,"medianTravelTime":0.66,"travelTimeRatio":1.0,"speedPercentiles":[38,44,48,52,55,57,60,62,64,66,68,70,72,75,77,80,83,88,95]},{"timeSet":14,"dateRange":1,"harmonicAverageSpeed":58.9,"medianSpeed":64.0,"averageSpeed":64.2,"standardDeviationSpeed":16.7,"travelTimeStandardDeviation":0.29,"sampleSize":2081,"normalizedSampleSize":0.5836,"averageTravelTime":0.74,"medianTravelTime":0.69,"travelTimeRatio":1.02,"speedPercentiles":[37,42,47,50,53,55,58,60,62,64,67,68,71,73,75,78,82,85,92]},{"timeSet":15,"dateRange":1,"harmonicAverageSpeed":61.9,"medianSpeed":66.0,"averageSpeed":66.4,"standardDeviationSpeed":16.6,"travelTimeStandardDeviation":0.22,"sampleSize":1929,"normalizedSampleSize":0.5409,"averageTravelTime":0.71,"medianTravelTime":0.66,"travelTimeRatio":0.97,"speedPercentiles":[39,45,49,52,55,57,59,62,64,66,68,70,72,75,78,80,84,88,94]},{"timeSet":16,"dateRange":1,"harmonicAverageSpeed":63.9,"medianSpeed":68.0,"averageSpeed":68.2,"standardDeviationSpeed":16.3,"travelTimeStandardDeviation":0.2,"sampleSize":1613,"normalizedSampleSize":0.4523,"averageTravelTime":0.69,"medianTravelTime":0.64,"travelTimeRatio":0.94,"speedPercentiles":[41,47,51,55,57,60,62,64,66,68,70,72,74,77,79,82,85,89,96]},{"timeSet":17,"dateRange":1,"harmonicAverageSpeed":61.9,"medianSpeed":67.0,"averageSpeed":66.9,"standardDeviationSpeed":17.0,"travelTimeStandardDeviation":0.24,"sampleSize":1812,"normalizedSampleSize":0.5081,"averageTravelTime":0.71,"medianTravelTime":0.65,"travelTimeRatio":0.97,"speedPercentiles":[38,45,49,53,55,58,61,63,65,67,69,72,74,76,78,81,84,88,94]},{"timeSet":18,"dateRange":1,"harmonicAverageSpeed":61.3,"medianSpeed":66.0,"averageSpeed":65.7,"standardDeviationSpeed":16.1,"travelTimeStandardDeviation":0.21,"sampleSize":1803,"normalizedSampleSize":0.5056,"averageTravelTime":0.72,"medianTravelTime":0.66,"travelTimeRatio":0.98,"speedPercentiles":[38,44,49,52,55,57,59,62,64,66,68,70,72,74,77,79,82,86,92]},{"timeSet":19,"dateRange":1,"harmonicAverageSpeed":58.8,"medianSpeed":63.0,"averageSpeed":63.2,"standardDeviationSpeed":15.9,"travelTimeStandardDeviation":0.22,"sampleSize":1857,"normalizedSampleSize":0.5208,"averageTravelTime":0.75,"medianTravelTime":0.7,"travelTimeRatio":1.02,"speedPercentiles":[37,43,47,50,52,55,57,59,61,63,65,67,69,71,73,76,79,83,90]},{"timeSet":20,"dateRange":1,"harmonicAverageSpeed":56.8,"medianSpeed":61.0,"averageSpeed":61.2,"standardDeviationSpeed":15.5,"travelTimeStandardDeviation":0.25,"sampleSize":1991,"normalizedSampleSize":0.5583,"averageTravelTime":0.77,"medianTravelTime":0.72,"travelTimeRatio":1.06,"speedPercentiles":[36,41,45,48,51,53,55,57,59,61,63,65,67,69,71,74,76,81,87]},{"timeSet":21,"dateRange":1,"harmonicAverageSpeed":57.3,"medianSpeed":61.0,"averageSpeed":61.4,"standardDeviationSpeed":15.1,"travelTimeStandardDeviation":0.22,"sampleSize":2019,"normalizedSampleSize":0.5662,"averageTravelTime":0.76,"medianTravelTime":0.72,"travelTimeRatio":1.05,"speedPercentiles":[37,42,46,48,51,53,56,57,59,61,63,65,67,69,71,74,77,81,86]},{"timeSet":22,"dateRange":1,"harmonicAverageSpeed":60.1,"medianSpeed":64.0,"averageSpeed":64.5,"standardDeviationSpeed":16.5,"travelTimeStandardDeviation":0.21,"sampleSize":1709,"normalizedSampleSize":0.4792,"averageTravelTime":0.73,"medianTravelTime":0.69,"travelTimeRatio":1.0,"speedPercentiles":[39,43,47,51,53,56,57,59,61,64,66,68,70,73,75,78,81,86,93]},{"timeSet":23,"dateRange":1,"harmonicAverageSpeed":62.9,"medianSpeed":67.0,"averageSpeed":67.8,"standardDeviationSpeed":16.6,"travelTimeStandardDeviation":0.28,"sampleSize":1265,"normalizedSampleSize":0.3547,"averageTravelTime":0.7,"medianTravelTime":0.65,"travelTimeRatio":0.95,"speedPercentiles":[41,46,51,54,56,59,61,63,65,67,69,71,74,77,79,82,85,89,96]},{"timeSet":24,"dateRange":1,"harmonicAverageSpeed":64.2,"medianSpeed":68.0,"averageSpeed":68.7,"standardDeviationSpeed":17.0,"travelTimeStandardDeviation":0.19,"sampleSize":1265,"normalizedSampleSize":0.3547,"averageTravelTime":0.68,"medianTravelTime":0.64,"travelTimeRatio":0.93,"speedPercentiles":[42,47,51,54,57,60,62,64,66,68,70,72,74,77,79,82,86,90,98]},{"timeSet":25,"dateRange":1,"harmonicAverageSpeed":61.2,"medianSpeed":64.0,"averageSpeed":65.9,"standardDeviationSpeed":17.2,"travelTimeStandardDeviation":0.22,"sampleSize":1583,"normalizedSampleSize":0.4439,"averageTravelTime":0.72,"medianTravelTime":0.69,"travelTimeRatio":0.98,"speedPercentiles":[41,45,49,51,54,56,58,60,63,64,66,69,71,74,77,80,84,88,97]}]}},{"type":"Feature","geometry":{"type":"LineString","coordinates":[[12.4722,41.93392],[12.47215,41.93418]]},"properties":{"segmentId":-13800013612780,"newSegmentId":"-f7d166dd-f6f0-4438-bcf2-4fdd5b32fb99","speedLimit":50,"frc":3,"streetName":"Corso di Francia","distance":28.34,"segmentTimeResults":[{"timeSet":2,"dateRange":1,"harmonicAverageSpeed":59.8,"medianSpeed":63.0,"averageSpeed":64.2,"standardDeviationSpeed":16.1,"travelTimeStandardDeviation":0.52,"sampleSize":2597,"normalizedSampleSize":0.7283,"averageTravelTime":1.71,"medianTravelTime":1.62,"travelTimeRatio":1.0,"speedPercentiles":[39,44,48,51,54,56,57,59,61,63,65,67,69,72,74,77,81,85,91]},{"timeSet":3,"dateRange":1,"harmonicAverageSpeed":63.3,"medianSpeed":67.0,"averageSpeed":68.2,"standardDeviationSpeed":17.3,"travelTimeStandardDeviation":0.51,"sampleSize":2113,"normalizedSampleSize":0.5925,"averageTravelTime":1.61,"medianTravelTime":1.52,"travelTimeRatio":0.94,"speedPercentiles":[41,47,51,54,56,59,61,63,65,67,70,72,74,77,79,82,86,90,97]},{"timeSet":4,"dateRange":1,"harmonicAverageSpeed":66.5,"medianSpeed":71.0,"averageSpeed":71.3,"standardDeviationSpeed":17.6,"travelTimeStandardDeviation":0.48,"sampleSize":1187,"normalizedSampleSize":0.3329,"averageTravelTime":1.53,"medianTravelTime":1.44,"travelTimeRatio":0.9,"speedPercentiles":[44,50,53,57,59,62,64,66,69,71,73,75,78,80,82,86,89,93,100]},{"timeSet":5,"dateRange":1,"harmonicAverageSpeed":68.9,"medianSpeed":76.0,"averageSpeed":75.5,"standardDeviationSpeed":20.3,"travelTimeStandardDeviation":0.62,"sampleSize":622,"normalizedSampleSize":0.1744,"averageTravelTime":1.48,"medianTravelTime":1.34,"travelTimeRatio":0.87,"speedPercentiles":[44,49,55,58,62,64,67,70,74,76,78,80,82,85,88,91,95,101,109]},{"timeSet":6,"dateRange":1,"harmonicAverageSpeed":69.4,"medianSpeed":76.0,"averageSpeed":76.1,"standardDeviationSpeed":20.8,"travelTimeStandardDeviation":0.55,"sampleSize":505,"normalizedSampleSize":0.1416,"averageTravelTime":1.47,"medianTravelTime":1.34,"travelTimeRatio":0.86,"speedPercentiles":[43,51,55,60,63,66,69,71,74,76,78,80,82,85,88,92,96,101,111]},{"timeSet":7,"dateRange":1,"harmonicAverageSpeed":71.9,"medianSpeed":75.0,"averageSpeed":76.8,"standardDeviationSpeed":19.6,"travelTimeStandardDeviation":0.38,"sampleSize":269,"normalizedSampleSize":0.0754,"averageTravelTime":1.42,"medianTravelTime":1.36,"travelTimeRatio":0.83,"speedPercentiles":[49,53,57,60,62,65,67,69,72,75,78,81,85,89,90,93,96,100,110]},{"timeSet":8,"dateRange":1,"harmonicAverageSpeed":70.7,"medianSpeed":75.0,"averageSpeed":76.0,"standardDeviationSpeed":18.8,"travelTimeStandardDeviation":0.44,"sampleSize":162,"normalizedSampleSize":0.0454,"averageTravelTime":1.44,"medianTravelTime":1.36,"travelTimeRatio":0.85,"speedPercentiles":[45,50,58,61,65,67,69,71,74,75,77,79,82,85,89,92,95,100,111]},{"timeSet":9,"dateRange":1,"harmonicAverageSpeed":71.1,"medianSpeed":76.0,"averageSpeed":76.5,"standardDeviationSpeed":18.6,"travelTimeStandardDeviation":0.46,"sampleSize":331,"normalizedSampleSize":0.0928,"averageTravelTime":1.43,"medianTravelTime":1.34,"travelTimeRatio":0.84,"speedPercentiles":[44,51,56,61,64,67,70,73,74,76,80,82,85,86,90,92,96,100,106]},{"timeSet":10,"dateRange":1,"harmonicAverageSpeed":68.5,"medianSpeed":74.0,"averageSpeed":73.5,"standardDeviationSpeed":17.1,"travelTimeStandardDeviation":0.54,"sampleSize":615,"normalizedSampleSize":0.1725,"averageTravelTime":1.49,"medianTravelTime":1.38,"travelTimeRatio":0.87,"speedPercentiles":[45,51,57,60,63,65,68,69,72,74,76,78,79,82,84,87,90,96,103]},{"timeSet":11,"dateRange":1,"harmonicAverageSpeed":67.4,"medianSpeed":73.0,"averageSpeed":71.8,"standardDeviationSpeed":16.6,"travelTimeStandardDeviation":0.44,"sampleSize":866,"normalizedSampleSize":0.2428,"averageTravelTime":1.51,"medianTravelTime":1.4,"travelTimeRatio":0.89,"speedPercentiles":[43,50,54,57,60,63,66,69,71,73,74,77,78,80,83,86,89,93,98]},{"timeSet":12,"dateRange":1,"harmonicAverageSpeed":62.4,"medianSpeed":68.0,"averageSpeed":67.5,"standardDeviationSpeed":16.6,"travelTimeStandardDeviation":0.62,"sampleSize":1402,"normalizedSampleSize":0.3932,"averageTravelTime":1.64,"medianTravelTime":1.5,"travelTimeRatio":0.96,"speedPercentiles":[39,45,50,53,56,59,61,63,66,68,70,72,74,77,79,82,85,88,94]},{"timeSet":13,"dateRange":1,"harmonicAverageSpeed":59.9,"medianSpeed":66.0,"averageSpeed":65.7,"standardDeviationSpeed":16.8,"travelTimeStandardDeviation":1.36,"sampleSize":1722,"normalizedSampleSize":0.4829,"averageTravelTime":1.7,"medianTravelTime":1.55,"travelTimeRatio":1.0,"speedPercentiles":[38,44,48,52,54,57,59,62,64,66,67,70,72,75,77,80,83,87,93]},{"timeSet":14,"dateRange":1,"harmonicAverageSpeed":58.6,"medianSpeed":64.0,"averageSpeed":63.9,"standardDeviationSpeed":16.6,"travelTimeStandardDeviation":0.68,"sampleSize":2080,"normalizedSampleSize":0.5833,"averageTravelTime":1.74,"medianTravelTime":1.59,"travelTimeRatio":1.02,"speedPercentiles":[37,42,47,50,53,55,57,60,62,64,66,68,70,73,75,78,81,85,91]},{"timeSet":15,"dateRange":1,"harmonicAverageSpeed":61.6,"medianSpeed":66.0,"averageSpeed":66.1,"standardDeviationSpeed":16.4,"travelTimeStandardDeviation":0.5,"sampleSize":1928,"normalizedSampleSize":0.5407,"averageTravelTime":1.66,"medianTravelTime":1.55,"travelTimeRatio":0.97,"speedPercentiles":[39,45,49,52,55,57,59,61,64,66,68,70,72,75,77,80,83,87,93]},{"timeSet":16,"dateRange":1,"harmonicAverageSpeed":63.8,"medianSpeed":68.0,"averageSpeed":68.1,"standardDeviationSpeed":16.1,"travelTimeStandardDeviation":0.45,"sampleSize":1613,"normalizedSampleSize":0.4523,"averageTravelTime":1.6,"medianTravelTime":1.5,"travelTimeRatio":0.94,"speedPercentiles":[41,47,51,55,58,60,62,64,66,68,70,72,74,76,78,81,84,89,95]},{"timeSet":17,"dateRange":1,"harmonicAverageSpeed":61.7,"medianSpeed":67.0,"averageSpeed":66.7,"standardDeviationSpeed":16.8,"travelTimeStandardDeviation":0.55,"sampleSize":1810,"normalizedSampleSize":0.5076,"averageTravelTime":1.65,"medianTravelTime":1.52,"travelTimeRatio":0.97,"speedPercentiles":[38,45,49,52,55,58,60,63,65,67,69,71,74,76,78,81,84,88,94]},{"timeSet":18,"dateRange":1,"harmonicAverageSpeed":61.0,"medianSpeed":66.0,"averageSpeed":65.4,"standardDeviationSpeed":16.0,"travelTimeStandardDeviation":0.49,"sampleSize":1803,"normalizedSampleSize":0.5056,"averageTravelTime":1.67,"medianTravelTime":1.55,"travelTimeRatio":0.98,"speedPercentiles":[38,44,48,52,54,57,59,61,64,66,67,70,72,74,77,79,82,85,91]},{"timeSet":19,"dateRange":1,"harmonicAverageSpeed":58.6,"medianSpeed":63.0,"averageSpeed":62.9,"standardDeviationSpeed":15.7,"travelTimeStandardDeviation":0.52,"sampleSize":1855,"normalizedSampleSize":0.5202,"averageTravelTime":1.74,"medianTravelTime":1.62,"travelTimeRatio":1.02,"speedPercentiles":[37,43,47,50,52,55,57,59,61,63,65,67,68,71,73,76,78,83,89]},{"timeSet":20,"dateRange":1,"harmonicAverageSpeed":56.6,"medianSpeed":61.0,"averageSpeed":61.0,"standardDeviationSpeed":15.4,"travelTimeStandardDeviation":0.57,"sampleSize":1989,"normalizedSampleSize":0.5578,"averageTravelTime":1.8,"medianTravelTime":1.67,"travelTimeRatio":1.06,"speedPercentiles":[36,41,44,48,50,53,55,57,59,61,63,65,67,69,71,73,76,80,86]},{"timeSet":21,"dateRange":1,"harmonicAverageSpeed":57.1,"medianSpeed":61.0,"averageSpeed":61.1,"standardDeviationSpeed":15.0,"travelTimeStandardDeviation":0.52,"sampleSize":2020,"normalizedSampleSize":0.5665,"averageTravelTime":1.79,"medianTravelTime":1.67,"travelTimeRatio":1.05,"speedPercentiles":[37,42,45,48,51,53,55,57,59,61,63,64,66,69,71,74,77,80,86]},{"timeSet":22,"dateRange":1,"harmonicAverageSpeed":60.0,"medianSpeed":63.0,"averageSpeed":64.3,"standardDeviationSpeed":16.4,"travelTimeStandardDeviation":0.49,"sampleSize":1713,"normalizedSampleSize":0.4804,"averageTravelTime":1.7,"medianTravelTime":1.62,"travelTimeRatio":1.0,"speedPercentiles":[39,43,47,50,53,55,57,59,61,63,66,68,70,73,75,77,81,86,93]},{"timeSet":23,"dateRange":1,"harmonicAverageSpeed":62.9,"medianSpeed":67.0,"averageSpeed":67.5,"standardDeviationSpeed":16.5,"travelTimeStandardDeviation":0.57,"sampleSize":1263,"normalizedSampleSize":0.3542,"averageTravelTime":1.62,"medianTravelTime":1.52,"travelTimeRatio":0.95,"speedPercentiles":[41,46,51,53,56,59,61,63,65,67,69,71,73,76,78,82,85,89,95]},{"timeSet":24,"dateRange":1,"harmonicAverageSpeed":64.1,"medianSpeed":68.0,"averageSpeed":68.4,"standardDeviationSpeed":16.8,"travelTimeStandardDeviation":0.45,"sampleSize":1264,"normalizedSampleSize":0.3545,"averageTravelTime":1.59,"medianTravelTime":1.5,"travelTimeRatio":0.93,"speedPercentiles":[42,47,51,54,57,60,62,64,66,68,70,72,74,76,78,82,85,89,98]},{"timeSet":25,"dateRange":1,"harmonicAverageSpeed":61.1,"medianSpeed":64.0,"averageSpeed":65.6,"standardDeviationSpeed":16.9,"travelTimeStandardDeviation":0.5,"sampleSize":1583,"normalizedSampleSize":0.4439,"averageTravelTime":1.67,"medianTravelTime":1.59,"travelTimeRatio":0.98,"speedPercentiles":[40,45,49,51,53,56,58,60,62,64,66,69,71,74,77,80,83,87,95]}]}},{"type":"Feature","geometry":{"type":"LineString","coordinates":[[12.47215,41.93418],[12.47212,41.93436]]},"properties":{"segmentId":-13800006897928,"newSegmentId":"-00004931-3600-0400-0000-0000034eed97","speedLimit":50,"frc":3,"streetName":"Corso di Francia","distance":21.15,"segmentTimeResults":[{"timeSet":2,"dateRange":1,"harmonicAverageSpeed":59.0,"medianSpeed":63.0,"averageSpeed":63.5,"standardDeviationSpeed":16.2,"travelTimeStandardDeviation":0.41,"sampleSize":2595,"normalizedSampleSize":0.7277,"averageTravelTime":1.29,"medianTravelTime":1.21,"travelTimeRatio":1.0,"speedPercentiles":[38,44,47,51,53,55,57,59,61,63,65,66,68,71,74,77,80,85,91]},{"timeSet":3,"dateRange":1,"harmonicAverageSpeed":62.6,"medianSpeed":67.0,"averageSpeed":67.5,"standardDeviationSpeed":17.2,"travelTimeStandardDeviation":0.38,"sampleSize":2118,"normalizedSampleSize":0.5939,"averageTravelTime":1.22,"medianTravelTime":1.14,"travelTimeRatio":0.94,"speedPercentiles":[41,46,50,53,55,58,60,63,65,67,69,71,73,76,79,82,85,90,97]},{"timeSet":4,"dateRange":1,"harmonicAverageSpeed":66.2,"medianSpeed":71.0,"averageSpeed":71.0,"standardDeviationSpeed":17.4,"travelTimeStandardDeviation":0.36,"sampleSize":1187,"normalizedSampleSize":0.3329,"averageTravelTime":1.15,"medianTravelTime":1.07,"travelTimeRatio":0.89,"speedPercentiles":[43,49,53,57,59,61,64,66,69,71,73,75,78,79,82,85,89,93,100]},{"timeSet":5,"dateRange":1,"harmonicAverageSpeed":67.9,"medianSpeed":75.0,"averageSpeed":74.8,"standardDeviationSpeed":20.3,"travelTimeStandardDeviation":0.48,"sampleSize":621,"normalizedSampleSize":0.1741,"averageTravelTime":1.12,"medianTravelTime":1.02,"travelTimeRatio":0.87,"speedPercentiles":[44,49,54,58,61,64,68,70,73,75,77,80,82,84,87,90,94,100,108]},{"timeSet":6,"dateRange":1,"harmonicAverageSpeed":68.2,"medianSpeed":75.0,"averageSpeed":75.1,"standardDeviationSpeed":21.0,"travelTimeStandardDeviation":0.43,"sampleSize":505,"normalizedSampleSize":0.1416,"averageTravelTime":1.12,"medianTravelTime":1.02,"travelTimeRatio":0.87,"speedPercentiles":[41,50,54,58,62,65,68,70,73,75,77,80,81,84,87,91,95,101,109]},{"timeSet":7,"dateRange":1,"harmonicAverageSpeed":71.5,"medianSpeed":74.0,"averageSpeed":76.3,"standardDeviationSpeed":19.5,"travelTimeStandardDeviation":0.28,"sampleSize":266,"normalizedSampleSize":0.0746,"averageTravelTime":1.07,"medianTravelTime":1.03,"travelTimeRatio":0.83,"speedPercentiles":[48,54,57,60,62,65,67,68,71,74,78,80,83,87,90,92,96,99,108]},{"timeSet":8,"dateRange":1,"harmonicAverageSpeed":70.5,"medianSpeed":75.0,"averageSpeed":75.6,"standardDeviationSpeed":18.5,"travelTimeStandardDeviation":0.33,"sampleSize":162,"normalizedSampleSize":0.0454,"averageTravelTime":1.08,"medianTravelTime":1.02,"travelTimeRatio":0.84,"speedPercentiles":[45,50,58,61,63,66,69,70,73,75,77,79,82,85,89,92,95,98,105]},{"timeSet":9,"dateRange":1,"harmonicAverageSpeed":70.7,"medianSpeed":76.0,"averageSpeed":76.0,"standardDeviationSpeed":18.4,"travelTimeStandardDeviation":0.34,"sampleSize":331,"normalizedSampleSize":0.0928,"averageTravelTime":1.08,"medianTravelTime":1.0,"travelTimeRatio":0.84,"speedPercentiles":[43,51,56,61,64,67,70,72,74,76,79,82,84,86,89,92,95,100,106]},{"timeSet":10,"dateRange":1,"harmonicAverageSpeed":66.5,"medianSpeed":73.0,"averageSpeed":73.0,"standardDeviationSpeed":17.3,"travelTimeStandardDeviation":0.8,"sampleSize":616,"normalizedSampleSize":0.1727,"averageTravelTime":1.15,"medianTravelTime":1.04,"travelTimeRatio":0.89,"speedPercentiles":[45,51,56,59,62,65,68,69,71,73,75,77,79,82,84,86,90,95,101]},{"timeSet":11,"dateRange":1,"harmonicAverageSpeed":66.8,"medianSpeed":72.0,"averageSpeed":71.4,"standardDeviationSpeed":16.8,"travelTimeStandardDeviation":0.34,"sampleSize":864,"normalizedSampleSize":0.2423,"averageTravelTime":1.14,"medianTravelTime":1.06,"travelTimeRatio":0.88,"speedPercentiles":[42,50,54,57,60,63,66,68,71,72,74,76,78,80,82,85,88,93,98]},{"timeSet":12,"dateRange":1,"harmonicAverageSpeed":61.7,"medianSpeed":67.0,"averageSpeed":66.8,"standardDeviationSpeed":16.7,"travelTimeStandardDeviation":0.47,"sampleSize":1400,"normalizedSampleSize":0.3926,"averageTravelTime":1.23,"medianTravelTime":1.14,"travelTimeRatio":0.96,"speedPercentiles":[38,45,49,53,56,58,60,63,65,67,70,72,73,76,78,81,84,88,94]},{"timeSet":13,"dateRange":1,"harmonicAverageSpeed":59.2,"medianSpeed":65.0,"averageSpeed":65.1,"standardDeviationSpeed":16.8,"travelTimeStandardDeviation":1.02,"sampleSize":1721,"normalizedSampleSize":0.4826,"averageTravelTime":1.29,"medianTravelTime":1.17,"travelTimeRatio":1.0,"speedPercentiles":[37,44,48,51,54,57,59,61,63,65,67,69,71,74,77,79,82,87,92]},{"timeSet":14,"dateRange":1,"harmonicAverageSpeed":57.7,"medianSpeed":63.0,"averageSpeed":63.2,"standardDeviationSpeed":16.7,"travelTimeStandardDeviation":0.54,"sampleSize":2082,"normalizedSampleSize":0.5838,"averageTravelTime":1.32,"medianTravelTime":1.21,"travelTimeRatio":1.02,"speedPercentiles":[36,41,46,49,52,54,57,59,61,63,65,68,70,72,75,78,80,85,91]},{"timeSet":15,"dateRange":1,"harmonicAverageSpeed":60.8,"medianSpeed":65.0,"averageSpeed":65.5,"standardDeviationSpeed":16.5,"travelTimeStandardDeviation":0.4,"sampleSize":1930,"normalizedSampleSize":0.5412,"averageTravelTime":1.25,"medianTravelTime":1.17,"travelTimeRatio":0.97,"speedPercentiles":[38,44,49,51,54,57,59,61,63,65,68,70,72,74,77,79,83,87,92]},{"timeSet":16,"dateRange":1,"harmonicAverageSpeed":63.3,"medianSpeed":67.0,"averageSpeed":67.5,"standardDeviationSpeed":16.1,"travelTimeStandardDeviation":0.34,"sampleSize":1611,"normalizedSampleSize":0.4518,"averageTravelTime":1.2,"medianTravelTime":1.14,"travelTimeRatio":0.93,"speedPercentiles":[41,46,51,54,57,59,61,63,65,67,69,71,74,76,78,80,84,88,94]},{"timeSet":17,"dateRange":1,"harmonicAverageSpeed":61.1,"medianSpeed":66.0,"averageSpeed":66.1,"standardDeviationSpeed":16.9,"travelTimeStandardDeviation":0.42,"sampleSize":1807,"normalizedSampleSize":0.5067,"averageTravelTime":1.25,"medianTravelTime":1.15,"travelTimeRatio":0.97,"speedPercentiles":[38,44,49,52,55,57,59,62,65,66,69,71,73,75,77,80,83,87,93]},{"timeSet":18,"dateRange":1,"harmonicAverageSpeed":60.5,"medianSpeed":65.0,"averageSpeed":64.9,"standardDeviationSpeed":16.0,"travelTimeStandardDeviation":0.37,"sampleSize":1802,"normalizedSampleSize":0.5053,"averageTravelTime":1.26,"medianTravelTime":1.17,"travelTimeRatio":0.98,"speedPercentiles":[38,44,48,51,54,56,59,60,63,65,67,69,71,74,76,79,82,85,91]},{"timeSet":19,"dateRange":1,"harmonicAverageSpeed":57.5,"medianSpeed":62.0,"averageSpeed":62.1,"standardDeviationSpeed":16.0,"travelTimeStandardDeviation":0.42,"sampleSize":1854,"normalizedSampleSize":0.5199,"averageTravelTime":1.32,"medianTravelTime":1.23,"travelTimeRatio":1.03,"speedPercentiles":[35,41,46,49,51,54,56,58,60,62,64,66,68,70,72,75,78,82,89]},{"timeSet":20,"dateRange":1,"harmonicAverageSpeed":55.5,"medianSpeed":61.0,"averageSpeed":60.1,"standardDeviationSpeed":15.7,"travelTimeStandardDeviation":0.46,"sampleSize":1989,"normalizedSampleSize":0.5578,"averageTravelTime":1.37,"medianTravelTime":1.25,"travelTimeRatio":1.06,"speedPercentiles":[35,40,43,46,49,52,54,56,58,61,62,64,66,68,70,73,76,80,86]},{"timeSet":21,"dateRange":1,"harmonicAverageSpeed":55.9,"medianSpeed":60.0,"averageSpeed":60.3,"standardDeviationSpeed":15.3,"travelTimeStandardDeviation":0.51,"sampleSize":2022,"normalizedSampleSize":0.567,"averageTravelTime":1.36,"medianTravelTime":1.27,"travelTimeRatio":1.06,"speedPercentiles":[36,40,44,47,50,52,54,56,58,60,62,64,66,68,70,73,76,80,86]},{"timeSet":22,"dateRange":1,"harmonicAverageSpeed":59.0,"medianSpeed":63.0,"averageSpeed":63.6,"standardDeviationSpeed":16.6,"travelTimeStandardDeviation":0.4,"sampleSize":1713,"normalizedSampleSize":0.4804,"averageTravelTime":1.29,"medianTravelTime":1.21,"travelTimeRatio":1.0,"speedPercentiles":[38,43,46,49,52,54,57,59,61,63,65,67,69,72,74,77,80,86,93]},{"timeSet":23,"dateRange":1,"harmonicAverageSpeed":62.5,"medianSpeed":66.0,"averageSpeed":66.9,"standardDeviationSpeed":16.5,"travelTimeStandardDeviation":0.36,"sampleSize":1256,"normalizedSampleSize":0.3522,"averageTravelTime":1.22,"medianTravelTime":1.15,"travelTimeRatio":0.95,"speedPercentiles":[40,45,50,53,55,58,60,62,65,66,69,71,73,75,78,81,84,88,94]},{"timeSet":24,"dateRange":1,"harmonicAverageSpeed":63.5,"medianSpeed":68.0,"averageSpeed":67.8,"standardDeviationSpeed":16.7,"travelTimeStandardDeviation":0.34,"sampleSize":1266,"normalizedSampleSize":0.355,"averageTravelTime":1.2,"medianTravelTime":1.12,"travelTimeRatio":0.93,"speedPercentiles":[41,46,50,54,56,59,62,63,66,68,70,71,74,75,78,81,85,89,97]},{"timeSet":25,"dateRange":1,"harmonicAverageSpeed":60.4,"medianSpeed":64.0,"averageSpeed":65.1,"standardDeviationSpeed":17.0,"travelTimeStandardDeviation":0.39,"sampleSize":1581,"normalizedSampleSize":0.4434,"averageTravelTime":1.26,"medianTravelTime":1.19,"travelTimeRatio":0.98,"speedPercentiles":[40,44,48,51,53,55,57,59,62,64,66,68,70,73,76,79,83,86,95]}]}},{"type":"Feature","geometry":{"type":"LineString","coordinates":[[12.47212,41.93436],[12.47211,41.93441]]},"properties":{"segmentId":-13800007065599,"newSegmentId":"-00004931-3600-0400-0000-0000034eed96","speedLimit":50,"frc":3,"streetName":"Corso di Francia","distance":4.71,"segmentTimeResults":[{"timeSet":2,"dateRange":1,"harmonicAverageSpeed":58.7,"medianSpeed":62.0,"averageSpeed":63.4,"standardDeviationSpeed":16.4,"travelTimeStandardDeviation":0.09,"sampleSize":2600,"normalizedSampleSize":0.7291,"averageTravelTime":0.29,"medianTravelTime":0.27,"travelTimeRatio":1.0,"speedPercentiles":[38,43,47,50,52,55,57,59,61,62,64,66,68,71,74,76,80,85,91]},{"timeSet":3,"dateRange":1,"harmonicAverageSpeed":62.2,"medianSpeed":67.0,"averageSpeed":67.3,"standardDeviationSpeed":17.4,"travelTimeStandardDeviation":0.09,"sampleSize":2118,"normalizedSampleSize":0.5939,"averageTravelTime":0.27,"medianTravelTime":0.25,"travelTimeRatio":0.94,"speedPercentiles":[40,45,50,53,55,58,60,63,64,67,69,71,73,76,78,82,85,90,96]},{"timeSet":4,"dateRange":1,"harmonicAverageSpeed":66.1,"medianSpeed":71.0,"averageSpeed":71.1,"standardDeviationSpeed":17.7,"travelTimeStandardDeviation":0.08,"sampleSize":1190,"normalizedSampleSize":0.3337,"averageTravelTime":0.26,"medianTravelTime":0.24,"travelTimeRatio":0.89,"speedPercentiles":[43,49,53,57,59,62,64,66,68,71,73,75,77,79,82,85,89,93,100]},{"timeSet":5,"dateRange":1,"harmonicAverageSpeed":67.5,"medianSpeed":75.0,"averageSpeed":74.7,"standardDeviationSpeed":20.4,"travelTimeStandardDeviation":0.11,"sampleSize":621,"normalizedSampleSize":0.1741,"averageTravelTime":0.25,"medianTravelTime":0.23,"travelTimeRatio":0.87,"speedPercentiles":[42,49,54,58,61,64,67,70,73,75,77,80,82,84,87,90,95,100,108]},{"timeSet":6,"dateRange":1,"harmonicAverageSpeed":67.0,"medianSpeed":75.0,"averageSpeed":75.0,"standardDeviationSpeed":21.3,"travelTimeStandardDeviation":0.13,"sampleSize":505,"normalizedSampleSize":0.1416,"averageTravelTime":0.25,"medianTravelTime":0.23,"travelTimeRatio":0.88,"speedPercentiles":[40,50,54,58,62,65,68,70,72,75,77,80,82,84,87,91,96,100,109]},{"timeSet":7,"dateRange":1,"harmonicAverageSpeed":71.2,"medianSpeed":73.0,"averageSpeed":76.1,"standardDeviationSpeed":19.5,"travelTimeStandardDeviation":0.06,"sampleSize":266,"normalizedSampleSize":0.0746,"averageTravelTime":0.24,"medianTravelTime":0.23,"travelTimeRatio":0.83,"speedPercentiles":[47,53,57,60,61,65,66,68,71,73,77,80,83,87,90,92,95,100,107]},{"timeSet":8,"dateRange":1,"harmonicAverageSpeed":70.5,"medianSpeed":75.0,"averageSpeed":75.6,"standardDeviationSpeed":18.6,"travelTimeStandardDeviation":0.07,"sampleSize":162,"normalizedSampleSize":0.0454,"averageTravelTime":0.24,"medianTravelTime":0.23,"travelTimeRatio":0.83,"speedPercentiles":[45,50,59,61,63,66,69,70,73,75,77,80,82,85,88,92,95,97,104]},{"timeSet":9,"dateRange":1,"harmonicAverageSpeed":70.5,"medianSpeed":76.0,"averageSpeed":76.0,"standardDeviationSpeed":18.6,"travelTimeStandardDeviation":0.08,"sampleSize":331,"normalizedSampleSize":0.0928,"averageTravelTime":0.24,"medianTravelTime":0.22,"travelTimeRatio":0.83,"speedPercentiles":[43,51,55,61,64,67,70,72,74,76,79,82,84,86,89,92,95,100,106]},{"timeSet":10,"dateRange":1,"harmonicAverageSpeed":66.2,"medianSpeed":73.0,"averageSpeed":73.1,"standardDeviationSpeed":17.2,"travelTimeStandardDeviation":0.22,"sampleSize":614,"normalizedSampleSize":0.1722,"averageTravelTime":0.26,"medianTravelTime":0.23,"travelTimeRatio":0.89,"speedPercentiles":[45,50,56,59,62,65,67,69,71,73,75,77,79,82,84,87,91,95,102]},{"timeSet":11,"dateRange":1,"harmonicAverageSpeed":66.3,"medianSpeed":72.0,"averageSpeed":71.2,"standardDeviationSpeed":17.0,"travelTimeStandardDeviation":0.09,"sampleSize":866,"normalizedSampleSize":0.2428,"averageTravelTime":0.26,"medianTravelTime":0.24,"travelTimeRatio":0.89,"speedPercentiles":[42,49,53,57,59,62,65,68,70,72,74,76,78,80,82,85,88,93,98]},{"timeSet":12,"dateRange":1,"harmonicAverageSpeed":61.2,"medianSpeed":67.0,"averageSpeed":66.7,"standardDeviationSpeed":16.8,"travelTimeStandardDeviation":0.12,"sampleSize":1399,"normalizedSampleSize":0.3923,"averageTravelTime":0.28,"medianTravelTime":0.25,"travelTimeRatio":0.96,"speedPercentiles":[38,45,49,52,56,58,61,63,65,67,69,72,73,76,79,81,84,87,94]},{"timeSet":13,"dateRange":1,"harmonicAverageSpeed":58.8,"medianSpeed":65.0,"averageSpeed":64.9,"standardDeviationSpeed":17.0,"travelTimeStandardDeviation":0.23,"sampleSize":1725,"normalizedSampleSize":0.4837,"averageTravelTime":0.29,"medianTravelTime":0.26,"travelTimeRatio":1.0,"speedPercentiles":[36,43,47,51,54,57,59,61,63,65,67,69,71,74,76,79,82,87,92]},{"timeSet":14,"dateRange":1,"harmonicAverageSpeed":57.5,"medianSpeed":63.0,"averageSpeed":63.0,"standardDeviationSpeed":16.8,"travelTimeStandardDeviation":0.12,"sampleSize":2083,"normalizedSampleSize":0.5841,"averageTravelTime":0.3,"medianTravelTime":0.27,"travelTimeRatio":1.02,"speedPercentiles":[36,41,45,49,51,54,57,59,61,63,65,68,70,72,75,78,80,85,91]},{"timeSet":15,"dateRange":1,"harmonicAverageSpeed":60.5,"medianSpeed":65.0,"averageSpeed":65.4,"standardDeviationSpeed":16.6,"travelTimeStandardDeviation":0.1,"sampleSize":1931,"normalizedSampleSize":0.5415,"averageTravelTime":0.28,"medianTravelTime":0.26,"travelTimeRatio":0.97,"speedPercentiles":[38,44,48,51,54,56,59,61,63,65,68,69,72,74,77,79,83,87,92]},{"timeSet":16,"dateRange":1,"harmonicAverageSpeed":63.1,"medianSpeed":67.0,"averageSpeed":67.4,"standardDeviationSpeed":16.2,"travelTimeStandardDeviation":0.08,"sampleSize":1613,"normalizedSampleSize":0.4523,"averageTravelTime":0.27,"medianTravelTime":0.25,"travelTimeRatio":0.93,"speedPercentiles":[41,46,51,54,57,59,61,63,65,67,69,71,74,75,78,80,84,88,94]},{"timeSet":17,"dateRange":1,"harmonicAverageSpeed":60.8,"medianSpeed":66.0,"averageSpeed":66.0,"standardDeviationSpeed":17.0,"travelTimeStandardDeviation":0.09,"sampleSize":1806,"normalizedSampleSize":0.5064,"averageTravelTime":0.28,"medianTravelTime":0.26,"travelTimeRatio":0.97,"speedPercentiles":[37,44,49,52,54,57,59,62,65,66,69,71,73,75,77,80,84,87,93]},{"timeSet":18,"dateRange":1,"harmonicAverageSpeed":60.1,"medianSpeed":65.0,"averageSpeed":64.7,"standardDeviationSpeed":16.2,"travelTimeStandardDeviation":0.09,"sampleSize":1803,"normalizedSampleSize":0.5056,"averageTravelTime":0.28,"medianTravelTime":0.26,"travelTimeRatio":0.98,"speedPercentiles":[38,43,47,51,54,56,58,60,63,65,67,69,72,74,76,79,82,85,91]},{"timeSet":19,"dateRange":1,"harmonicAverageSpeed":56.9,"medianSpeed":62.0,"averageSpeed":61.9,"standardDeviationSpeed":16.2,"travelTimeStandardDeviation":0.11,"sampleSize":1858,"normalizedSampleSize":0.521,"averageTravelTime":0.3,"medianTravelTime":0.27,"travelTimeRatio":1.03,"speedPercentiles":[35,40,46,49,51,54,56,58,60,62,64,66,68,70,72,75,78,82,89]},{"timeSet":20,"dateRange":1,"harmonicAverageSpeed":54.5,"medianSpeed":60.0,"averageSpeed":59.8,"standardDeviationSpeed":15.9,"travelTimeStandardDeviation":0.16,"sampleSize":1988,"normalizedSampleSize":0.5575,"averageTravelTime":0.31,"medianTravelTime":0.28,"travelTimeRatio":1.08,"speedPercentiles":[34,39,43,45,49,52,54,56,58,60,62,64,66,68,70,72,76,80,86]},{"timeSet":21,"dateRange":1,"harmonicAverageSpeed":55.6,"medianSpeed":60.0,"averageSpeed":60.2,"standardDeviationSpeed":15.4,"travelTimeStandardDeviation":0.11,"sampleSize":2027,"normalizedSampleSize":0.5684,"averageTravelTime":0.3,"medianTravelTime":0.28,"travelTimeRatio":1.06,"speedPercentiles":[36,40,43,47,49,52,54,56,58,60,62,64,66,68,70,73,76,80,85]},{"timeSet":22,"dateRange":1,"harmonicAverageSpeed":58.5,"medianSpeed":63.0,"averageSpeed":63.4,"standardDeviationSpeed":16.9,"travelTimeStandardDeviation":0.1,"sampleSize":1714,"normalizedSampleSize":0.4807,"averageTravelTime":0.29,"medianTravelTime":0.27,"travelTimeRatio":1.0,"speedPercentiles":[37,42,45,49,52,54,56,58,61,63,65,67,69,72,74,77,80,86,93]},{"timeSet":23,"dateRange":1,"harmonicAverageSpeed":62.3,"medianSpeed":66.0,"averageSpeed":66.8,"standardDeviationSpeed":16.6,"travelTimeStandardDeviation":0.08,"sampleSize":1259,"normalizedSampleSize":0.3531,"averageTravelTime":0.27,"medianTravelTime":0.26,"travelTimeRatio":0.94,"speedPercentiles":[40,45,49,52,55,57,60,62,64,66,69,71,73,75,78,81,84,89,94]},{"timeSet":24,"dateRange":1,"harmonicAverageSpeed":63.2,"medianSpeed":67.0,"averageSpeed":67.6,"standardDeviationSpeed":16.8,"travelTimeStandardDeviation":0.08,"sampleSize":1266,"normalizedSampleSize":0.355,"averageTravelTime":0.27,"medianTravelTime":0.25,"travelTimeRatio":0.93,"speedPercentiles":[41,45,50,53,56,58,61,63,66,67,69,71,73,75,78,81,85,89,97]},{"timeSet":25,"dateRange":1,"harmonicAverageSpeed":59.9,"medianSpeed":64.0,"averageSpeed":64.8,"standardDeviationSpeed":17.3,"travelTimeStandardDeviation":0.09,"sampleSize":1582,"normalizedSampleSize":0.4436,"averageTravelTime":0.28,"medianTravelTime":0.26,"travelTimeRatio":0.98,"speedPercentiles":[39,44,48,50,53,55,57,59,61,64,66,68,70,73,76,79,83,87,95]}]}},{"type":"Feature","geometry":{"type":"LineString","coordinates":[[12.47211,41.93441],[12.47211,41.93444],[12.47205,41.93466]]},"properties":{"segmentId":-13800007467711,"newSegmentId":"-00004931-3600-0400-0000-000003493295","speedLimit":50,"frc":3,"streetName":"Corso di Francia","distance":28.83,"segmentTimeResults":[{"timeSet":2,"dateRange":1,"harmonicAverageSpeed":57.9,"medianSpeed":61.0,"averageSpeed":62.7,"standardDeviationSpeed":16.4,"travelTimeStandardDeviation":0.64,"sampleSize":2594,"normalizedSampleSize":0.7274,"averageTravelTime":1.79,"medianTravelTime":1.7,"travelTimeRatio":1.0,"speedPercentiles":[38,43,46,49,52,54,56,58,60,61,63,66,68,71,73,76,80,84,91]},{"timeSet":3,"dateRange":1,"harmonicAverageSpeed":61.8,"medianSpeed":66.0,"averageSpeed":66.7,"standardDeviationSpeed":17.3,"travelTimeStandardDeviation":0.53,"sampleSize":2113,"normalizedSampleSize":0.5925,"averageTravelTime":1.68,"medianTravelTime":1.57,"travelTimeRatio":0.94,"speedPercentiles":[41,45,49,52,54,57,59,62,64,66,68,70,72,75,78,81,85,89,96]},{"timeSet":4,"dateRange":1,"harmonicAverageSpeed":65.5,"medianSpeed":71.0,"averageSpeed":70.6,"standardDeviationSpeed":17.7,"travelTimeStandardDeviation":0.51,"sampleSize":1186,"normalizedSampleSize":0.3326,"averageTravelTime":1.58,"medianTravelTime":1.46,"travelTimeRatio":0.88,"speedPercentiles":[43,48,52,56,58,61,63,65,68,71,73,75,77,79,82,85,89,92,99]},{"timeSet":5,"dateRange":1,"harmonicAverageSpeed":67.2,"medianSpeed":75.0,"averageSpeed":74.3,"standardDeviationSpeed":20.5,"travelTimeStandardDeviation":0.68,"sampleSize":618,"normalizedSampleSize":0.1733,"averageTravelTime":1.54,"medianTravelTime":1.38,"travelTimeRatio":0.86,"speedPercentiles":[41,48,53,57,61,63,66,69,72,75,77,79,82,84,87,90,95,100,108]},{"timeSet":6,"dateRange":1,"harmonicAverageSpeed":56.0,"medianSpeed":74.0,"averageSpeed":74.5,"standardDeviationSpeed":21.7,"travelTimeStandardDeviation":4.9,"sampleSize":503,"normalizedSampleSize":0.1411,"averageTravelTime":1.85,"medianTravelTime":1.4,"travelTimeRatio":1.03,"speedPercentiles":[39,49,54,58,61,64,67,70,72,74,77,79,81,84,86,92,95,99,110]},{"timeSet":7,"dateRange":1,"harmonicAverageSpeed":70.7,"medianSpeed":73.0,"averageSpeed":75.6,"standardDeviationSpeed":19.4,"travelTimeStandardDeviation":0.39,"sampleSize":265,"normalizedSampleSize":0.0743,"averageTravelTime":1.47,"medianTravelTime":1.42,"travelTimeRatio":0.82,"speedPercentiles":[47,53,57,59,61,65,66,67,70,73,76,80,83,87,90,92,94,99,106]},{"timeSet":8,"dateRange":1,"harmonicAverageSpeed":70.3,"medianSpeed":75.0,"averageSpeed":75.5,"standardDeviationSpeed":18.6,"travelTimeStandardDeviation":0.45,"sampleSize":161,"normalizedSampleSize":0.0451,"averageTravelTime":1.48,"medianTravelTime":1.38,"travelTimeRatio":0.82,"speedPercentiles":[44,50,59,61,64,66,68,70,73,75,78,80,81,84,87,92,95,98,104]},{"timeSet":9,"dateRange":1,"harmonicAverageSpeed":70.3,"medianSpeed":76.0,"averageSpeed":75.7,"standardDeviationSpeed":18.5,"travelTimeStandardDeviation":0.47,"sampleSize":330,"normalizedSampleSize":0.0925,"averageTravelTime":1.48,"medianTravelTime":1.37,"travelTimeRatio":0.82,"speedPercentiles":[43,51,55,60,63,66,70,72,74,76,78,82,84,86,89,91,95,100,105]},{"timeSet":10,"dateRange":1,"harmonicAverageSpeed":66.1,"medianSpeed":73.0,"averageSpeed":72.7,"standardDeviationSpeed":17.1,"travelTimeStandardDeviation":1.37,"sampleSize":614,"normalizedSampleSize":0.1722,"averageTravelTime":1.57,"medianTravelTime":1.42,"travelTimeRatio":0.88,"speedPercentiles":[45,50,56,59,62,65,67,69,71,73,75,77,79,81,84,86,90,95,101]},{"timeSet":11,"dateRange":1,"harmonicAverageSpeed":66.1,"medianSpeed":72.0,"averageSpeed":70.8,"standardDeviationSpeed":16.9,"travelTimeStandardDeviation":0.47,"sampleSize":866,"normalizedSampleSize":0.2428,"averageTravelTime":1.57,"medianTravelTime":1.44,"travelTimeRatio":0.88,"speedPercentiles":[42,49,53,56,58,62,65,67,70,72,73,76,78,80,82,85,88,92,98]},{"timeSet":12,"dateRange":1,"harmonicAverageSpeed":61.1,"medianSpeed":66.0,"averageSpeed":66.3,"standardDeviationSpeed":16.8,"travelTimeStandardDeviation":0.65,"sampleSize":1396,"normalizedSampleSize":0.3915,"averageTravelTime":1.7,"medianTravelTime":1.57,"travelTimeRatio":0.95,"speedPercentiles":[38,44,48,52,55,57,60,62,64,66,69,71,73,76,78,80,84,87,93]},{"timeSet":13,"dateRange":1,"harmonicAverageSpeed":58.6,"medianSpeed":65.0,"averageSpeed":64.5,"standardDeviationSpeed":16.8,"travelTimeStandardDeviation":1.4,"sampleSize":1722,"normalizedSampleSize":0.4829,"averageTravelTime":1.77,"medianTravelTime":1.6,"travelTimeRatio":0.99,"speedPercentiles":[37,43,47,50,53,56,58,61,62,65,66,68,71,73,76,79,82,86,92]},{"timeSet":14,"dateRange":1,"harmonicAverageSpeed":57.1,"medianSpeed":62.0,"averageSpeed":62.5,"standardDeviationSpeed":16.8,"travelTimeStandardDeviation":0.72,"sampleSize":2079,"normalizedSampleSize":0.583,"averageTravelTime":1.82,"medianTravelTime":1.67,"travelTimeRatio":1.01,"speedPercentiles":[36,40,44,48,51,53,56,58,60,62,65,67,70,72,74,77,80,84,91]},{"timeSet":15,"dateRange":1,"harmonicAverageSpeed":58.1,"medianSpeed":65.0,"averageSpeed":64.9,"standardDeviationSpeed":16.6,"travelTimeStandardDeviation":2.86,"sampleSize":1925,"normalizedSampleSize":0.5398,"averageTravelTime":1.79,"medianTravelTime":1.6,"travelTimeRatio":1.0,"speedPercentiles":[38,44,48,51,53,56,58,61,62,65,67,69,71,74,76,79,82,86,92]},{"timeSet":16,"dateRange":1,"harmonicAverageSpeed":62.2,"medianSpeed":67.0,"averageSpeed":66.8,"standardDeviationSpeed":16.2,"travelTimeStandardDeviation":0.66,"sampleSize":1610,"normalizedSampleSize":0.4515,"averageTravelTime":1.67,"medianTravelTime":1.55,"travelTimeRatio":0.93,"speedPercentiles":[41,46,49,53,56,58,61,63,65,67,69,71,73,75,78,80,83,88,94]},{"timeSet":17,"dateRange":1,"harmonicAverageSpeed":60.1,"medianSpeed":66.0,"averageSpeed":65.4,"standardDeviationSpeed":17.0,"travelTimeStandardDeviation":0.61,"sampleSize":1801,"normalizedSampleSize":0.505,"averageTravelTime":1.73,"medianTravelTime":1.57,"travelTimeRatio":0.96,"speedPercentiles":[37,43,48,51,54,56,59,61,64,66,68,70,72,75,77,80,83,87,92]},{"timeSet":18,"dateRange":1,"harmonicAverageSpeed":59.7,"medianSpeed":64.0,"averageSpeed":64.3,"standardDeviationSpeed":16.2,"travelTimeStandardDeviation":0.52,"sampleSize":1800,"normalizedSampleSize":0.5048,"averageTravelTime":1.74,"medianTravelTime":1.62,"travelTimeRatio":0.97,"speedPercentiles":[38,42,46,50,53,55,58,60,62,64,66,69,71,73,76,78,81,85,91]},{"timeSet":19,"dateRange":1,"harmonicAverageSpeed":56.8,"medianSpeed":61.0,"averageSpeed":61.4,"standardDeviationSpeed":16.1,"travelTimeStandardDeviation":0.57,"sampleSize":1854,"normalizedSampleSize":0.5199,"averageTravelTime":1.83,"medianTravelTime":1.7,"travelTimeRatio":1.02,"speedPercentiles":[35,40,44,48,50,52,55,57,60,61,63,65,67,70,72,75,78,82,89]},{"timeSet":20,"dateRange":1,"harmonicAverageSpeed":53.6,"medianSpeed":59.0,"averageSpeed":59.1,"standardDeviationSpeed":15.9,"travelTimeStandardDeviation":1.35,"sampleSize":1986,"normalizedSampleSize":0.5569,"averageTravelTime":1.94,"medianTravelTime":1.76,"travelTimeRatio":1.08,"speedPercentiles":[34,39,42,45,47,50,53,55,57,59,61,63,65,68,70,72,75,79,85]},{"timeSet":21,"dateRange":1,"harmonicAverageSpeed":54.9,"medianSpeed":59.0,"averageSpeed":59.5,"standardDeviationSpeed":15.5,"travelTimeStandardDeviation":0.72,"sampleSize":2023,"normalizedSampleSize":0.5673,"averageTravelTime":1.89,"medianTravelTime":1.76,"travelTimeRatio":1.05,"speedPercentiles":[36,39,43,46,48,50,53,55,57,59,61,63,65,68,70,73,75,79,85]},{"timeSet":22,"dateRange":1,"harmonicAverageSpeed":57.9,"medianSpeed":62.0,"averageSpeed":62.7,"standardDeviationSpeed":16.9,"travelTimeStandardDeviation":0.58,"sampleSize":1707,"normalizedSampleSize":0.4787,"averageTravelTime":1.79,"medianTravelTime":1.67,"travelTimeRatio":1.0,"speedPercentiles":[38,41,45,48,50,53,55,57,60,62,64,66,69,71,74,76,80,85,93]},{"timeSet":23,"dateRange":1,"harmonicAverageSpeed":61.6,"medianSpeed":66.0,"averageSpeed":66.2,"standardDeviationSpeed":16.8,"travelTimeStandardDeviation":0.5,"sampleSize":1253,"normalizedSampleSize":0.3514,"averageTravelTime":1.68,"medianTravelTime":1.57,"travelTimeRatio":0.94,"speedPercentiles":[40,44,48,51,54,57,59,61,64,66,68,70,72,75,78,81,84,88,94]},{"timeSet":24,"dateRange":1,"harmonicAverageSpeed":62.5,"medianSpeed":67.0,"averageSpeed":67.1,"standardDeviationSpeed":17.0,"travelTimeStandardDeviation":0.5,"sampleSize":1262,"normalizedSampleSize":0.3539,"averageTravelTime":1.66,"medianTravelTime":1.55,"travelTimeRatio":0.93,"speedPercentiles":[41,45,49,52,55,58,60,63,65,67,69,71,73,75,77,81,84,89,97]},{"timeSet":25,"dateRange":1,"harmonicAverageSpeed":59.4,"medianSpeed":63.0,"averageSpeed":64.3,"standardDeviationSpeed":17.4,"travelTimeStandardDeviation":0.55,"sampleSize":1573,"normalizedSampleSize":0.4411,"averageTravelTime":1.75,"medianTravelTime":1.65,"travelTimeRatio":0.98,"speedPercentiles":[39,43,46,49,52,54,56,58,61,63,65,67,70,73,76,79,82,86,95]}]}},{"type":"Feature","geometry":{"type":"LineString","coordinates":[[12.47205,41.93466],[12.47198,41.93502]]},"properties":{"segmentId":-13800007305421,"newSegmentId":"-00004931-3600-0400-0000-0000034bb9fe","speedLimit":50,"frc":3,"streetName":"Corso di Francia","distance":40.13,"segmentTimeResults":[{"timeSet":2,"dateRange":1,"harmonicAverageSpeed":48.5,"medianSpeed":56.0,"averageSpeed":56.2,"standardDeviationSpeed":18.8,"travelTimeStandardDeviation":1.44,"sampleSize":3125,"normalizedSampleSize":0.8763,"averageTravelTime":2.98,"medianTravelTime":2.58,"travelTimeRatio":1.0,"speedPercentiles":[25,30,34,39,43,47,50,52,55,56,58,60,63,65,68,71,75,80,87]},{"timeSet":3,"dateRange":1,"harmonicAverageSpeed":51.8,"medianSpeed":60.0,"averageSpeed":60.2,"standardDeviationSpeed":20.3,"travelTimeStandardDeviation":1.34,"sampleSize":2492,"normalizedSampleSize":0.6988,"averageTravelTime":2.79,"medianTravelTime":2.41,"travelTimeRatio":0.94,"speedPercentiles":[27,31,37,43,46,50,53,55,58,60,63,65,68,70,73,77,82,86,94]},{"timeSet":4,"dateRange":1,"harmonicAverageSpeed":54.0,"medianSpeed":63.0,"averageSpeed":62.9,"standardDeviationSpeed":21.6,"travelTimeStandardDeviation":1.24,"sampleSize":1449,"normalizedSampleSize":0.4063,"averageTravelTime":2.68,"medianTravelTime":2.29,"travelTimeRatio":0.9,"speedPercentiles":[28,32,37,42,47,52,56,58,61,63,66,69,72,75,78,81,85,90,97]},{"timeSet":5,"dateRange":1,"harmonicAverageSpeed":53.4,"medianSpeed":66.0,"averageSpeed":64.6,"standardDeviationSpeed":24.8,"travelTimeStandardDeviation":1.41,"sampleSize":806,"normalizedSampleSize":0.226,"averageTravelTime":2.7,"medianTravelTime":2.19,"travelTimeRatio":0.91,"speedPercentiles":[27,31,35,38,44,49,54,58,62,66,70,73,76,79,81,85,89,97,105]},{"timeSet":6,"dateRange":1,"harmonicAverageSpeed":46.4,"medianSpeed":54.0,"averageSpeed":57.6,"standardDeviationSpeed":25.6,"travelTimeStandardDeviation":1.69,"sampleSize":870,"normalizedSampleSize":0.244,"averageTravelTime":3.11,"medianTravelTime":2.68,"travelTimeRatio":1.05,"speedPercentiles":[26,29,31,33,35,38,40,44,50,54,59,63,68,72,76,80,85,93,101]},{"timeSet":7,"dateRange":1,"harmonicAverageSpeed":56.9,"medianSpeed":66.0,"averageSpeed":66.1,"standardDeviationSpeed":23.7,"travelTimeStandardDeviation":1.1,"sampleSize":343,"normalizedSampleSize":0.0962,"averageTravelTime":2.54,"medianTravelTime":2.19,"travelTimeRatio":0.85,"speedPercentiles":[30,35,38,42,49,53,57,60,63,66,68,70,74,79,83,89,91,96,105]},{"timeSet":8,"dateRange":1,"harmonicAverageSpeed":60.7,"medianSpeed":70.0,"averageSpeed":68.9,"standardDeviationSpeed":22.1,"travelTimeStandardDeviation":0.97,"sampleSize":192,"normalizedSampleSize":0.0538,"averageTravelTime":2.38,"medianTravelTime":2.06,"travelTimeRatio":0.8,"speedPercentiles":[32,36,41,45,51,60,63,65,67,70,73,75,78,81,83,88,93,96,104]},{"timeSet":9,"dateRange":1,"harmonicAverageSpeed":60.1,"medianSpeed":73.0,"averageSpeed":70.1,"standardDeviationSpeed":22.7,"travelTimeStandardDeviation":1.21,"sampleSize":371,"normalizedSampleSize":0.104,"averageTravelTime":2.4,"medianTravelTime":1.98,"travelTimeRatio":0.81,"speedPercentiles":[29,35,43,49,55,60,63,67,70,73,75,79,82,84,86,89,93,99,104]},{"timeSet":10,"dateRange":1,"harmonicAverageSpeed":58.9,"medianSpeed":69.0,"averageSpeed":67.1,"standardDeviationSpeed":20.7,"travelTimeStandardDeviation":1.08,"sampleSize":705,"normalizedSampleSize":0.1977,"averageTravelTime":2.45,"medianTravelTime":2.09,"travelTimeRatio":0.82,"speedPercentiles":[31,37,42,48,55,58,61,64,67,69,72,73,76,79,81,84,87,92,100]},{"timeSet":11,"dateRange":1,"harmonicAverageSpeed":57.3,"medianSpeed":67.0,"averageSpeed":65.2,"standardDeviationSpeed":20.1,"travelTimeStandardDeviation":1.12,"sampleSize":993,"normalizedSampleSize":0.2785,"averageTravelTime":2.52,"medianTravelTime":2.16,"travelTimeRatio":0.85,"speedPercentiles":[30,35,41,48,52,55,58,61,64,67,69,72,74,77,79,82,86,90,97]},{"timeSet":12,"dateRange":1,"harmonicAverageSpeed":52.6,"medianSpeed":62.0,"averageSpeed":60.8,"standardDeviationSpeed":19.6,"travelTimeStandardDeviation":1.46,"sampleSize":1607,"normalizedSampleSize":0.4506,"averageTravelTime":2.75,"medianTravelTime":2.33,"travelTimeRatio":0.92,"speedPercentiles":[28,33,37,42,47,51,54,57,59,62,65,67,70,72,75,78,81,85,91]},{"timeSet":13,"dateRange":1,"harmonicAverageSpeed":52.0,"medianSpeed":60.0,"averageSpeed":59.4,"standardDeviationSpeed":19.0,"travelTimeStandardDeviation":1.28,"sampleSize":1990,"normalizedSampleSize":0.558,"averageTravelTime":2.78,"medianTravelTime":2.41,"travelTimeRatio":0.93,"speedPercentiles":[28,32,37,42,46,50,53,56,58,60,63,65,67,70,72,75,79,83,89]},{"timeSet":14,"dateRange":1,"harmonicAverageSpeed":47.8,"medianSpeed":57.0,"averageSpeed":56.1,"standardDeviationSpeed":19.3,"travelTimeStandardDeviation":1.54,"sampleSize":2510,"normalizedSampleSize":0.7039,"averageTravelTime":3.02,"medianTravelTime":2.53,"travelTimeRatio":1.01,"speedPercentiles":[25,29,34,38,41,45,49,52,54,57,59,61,65,67,70,73,76,81,88]},{"timeSet":15,"dateRange":1,"harmonicAverageSpeed":50.9,"medianSpeed":60.0,"averageSpeed":58.9,"standardDeviationSpeed":19.6,"travelTimeStandardDeviation":1.39,"sampleSize":2270,"normalizedSampleSize":0.6366,"averageTravelTime":2.84,"medianTravelTime":2.41,"travelTimeRatio":0.95,"speedPercentiles":[27,31,36,41,45,49,52,55,57,60,62,65,67,70,72,76,79,83,90]},{"timeSet":16,"dateRange":1,"harmonicAverageSpeed":53.4,"medianSpeed":63.0,"averageSpeed":61.4,"standardDeviationSpeed":19.3,"travelTimeStandardDeviation":1.38,"sampleSize":1838,"normalizedSampleSize":0.5154,"averageTravelTime":2.71,"medianTravelTime":2.29,"travelTimeRatio":0.91,"speedPercentiles":[28,34,40,44,49,52,56,58,60,63,65,67,69,72,74,77,81,86,92]},{"timeSet":17,"dateRange":1,"harmonicAverageSpeed":52.3,"medianSpeed":61.0,"averageSpeed":60.3,"standardDeviationSpeed":19.5,"travelTimeStandardDeviation":1.3,"sampleSize":2065,"normalizedSampleSize":0.5791,"averageTravelTime":2.76,"medianTravelTime":2.37,"travelTimeRatio":0.93,"speedPercentiles":[27,33,37,42,48,51,53,56,59,61,64,66,69,71,74,77,81,85,90]},{"timeSet":18,"dateRange":1,"harmonicAverageSpeed":51.3,"medianSpeed":60.0,"averageSpeed":58.6,"standardDeviationSpeed":18.7,"travelTimeStandardDeviation":1.32,"sampleSize":2089,"normalizedSampleSize":0.5858,"averageTravelTime":2.82,"medianTravelTime":2.41,"travelTimeRatio":0.95,"speedPercentiles":[28,32,37,41,45,49,52,55,57,60,62,64,67,70,72,75,78,82,89]},{"timeSet":19,"dateRange":1,"harmonicAverageSpeed":46.9,"medianSpeed":56.0,"averageSpeed":54.5,"standardDeviationSpeed":18.7,"travelTimeStandardDeviation":1.45,"sampleSize":2273,"normalizedSampleSize":0.6374,"averageTravelTime":3.08,"medianTravelTime":2.58,"travelTimeRatio":1.03,"speedPercentiles":[25,29,32,36,40,44,48,51,53,56,58,61,63,65,67,70,73,78,84]},{"timeSet":20,"dateRange":1,"harmonicAverageSpeed":45.8,"medianSpeed":54.0,"averageSpeed":53.1,"standardDeviationSpeed":18.0,"travelTimeStandardDeviation":1.49,"sampleSize":2378,"normalizedSampleSize":0.6669,"averageTravelTime":3.16,"medianTravelTime":2.68,"travelTimeRatio":1.06,"speedPercentiles":[24,28,32,36,40,43,46,49,51,54,56,59,61,63,65,68,71,75,83]},{"timeSet":21,"dateRange":1,"harmonicAverageSpeed":46.7,"medianSpeed":54.0,"averageSpeed":53.5,"standardDeviationSpeed":17.3,"travelTimeStandardDeviation":1.51,"sampleSize":2413,"normalizedSampleSize":0.6767,"averageTravelTime":3.09,"medianTravelTime":2.68,"travelTimeRatio":1.04,"speedPercentiles":[26,30,33,37,41,44,47,50,52,54,56,59,61,63,65,68,71,75,81]},{"timeSet":22,"dateRange":1,"harmonicAverageSpeed":48.5,"medianSpeed":56.0,"averageSpeed":56.4,"standardDeviationSpeed":19.4,"travelTimeStandardDeviation":1.56,"sampleSize":2028,"normalizedSampleSize":0.5687,"averageTravelTime":2.98,"medianTravelTime":2.58,"travelTimeRatio":1.0,"speedPercentiles":[26,30,34,39,43,46,49,52,54,56,59,61,63,66,69,72,76,80,90]},{"timeSet":23,"dateRange":1,"harmonicAverageSpeed":53.5,"medianSpeed":62.0,"averageSpeed":61.0,"standardDeviationSpeed":19.3,"travelTimeStandardDeviation":1.28,"sampleSize":1426,"normalizedSampleSize":0.3999,"averageTravelTime":2.7,"medianTravelTime":2.33,"travelTimeRatio":0.91,"speedPercentiles":[29,34,40,44,47,51,54,56,59,62,64,67,69,71,74,77,81,85,92]},{"timeSet":24,"dateRange":1,"harmonicAverageSpeed":53.2,"medianSpeed":62.0,"averageSpeed":61.3,"standardDeviationSpeed":19.9,"travelTimeStandardDeviation":1.3,"sampleSize":1456,"normalizedSampleSize":0.4083,"averageTravelTime":2.72,"medianTravelTime":2.33,"travelTimeRatio":0.91,"speedPercentiles":[28,34,40,44,48,52,54,57,59,62,65,67,69,71,74,77,81,86,96]},{"timeSet":25,"dateRange":1,"harmonicAverageSpeed":51.6,"medianSpeed":58.0,"averageSpeed":59.3,"standardDeviationSpeed":19.8,"travelTimeStandardDeviation":1.28,"sampleSize":1805,"normalizedSampleSize":0.5062,"averageTravelTime":2.8,"medianTravelTime":2.49,"travelTimeRatio":0.94,"speedPercentiles":[28,33,39,42,46,49,52,54,56,58,61,63,66,69,72,76,80,84,93]}]}},{"type":"Feature","geometry":{"type":"LineString","coordinates":[[12.47198,41.93502],[12.47194,41.93523]]},"properties":{"segmentId":-13800007305422,"newSegmentId":"-00004931-3600-0400-0000-0000034bb9fd","speedLimit":50,"frc":3,"streetName":"Corso di Francia","distance":23.32,"segmentTimeResults":[{"timeSet":2,"dateRange":1,"harmonicAverageSpeed":53.4,"medianSpeed":57.0,"averageSpeed":58.1,"standardDeviationSpeed":16.1,"travelTimeStandardDeviation":0.51,"sampleSize":3135,"normalizedSampleSize":0.8791,"averageTravelTime":1.57,"medianTravelTime":1.47,"travelTimeRatio":1.0,"speedPercentiles":[34,38,41,43,46,49,51,54,55,57,59,61,63,66,68,71,74,79,86]},{"timeSet":3,"dateRange":1,"harmonicAverageSpeed":56.0,"medianSpeed":61.0,"averageSpeed":61.5,"standardDeviationSpeed":17.7,"travelTimeStandardDeviation":0.53,"sampleSize":2496,"normalizedSampleSize":0.6999,"averageTravelTime":1.5,"medianTravelTime":1.38,"travelTimeRatio":0.95,"speedPercentiles":[35,39,42,45,48,51,54,56,58,61,63,66,68,70,73,75,80,85,92]},{"timeSet":4,"dateRange":1,"harmonicAverageSpeed":58.1,"medianSpeed":63.0,"averageSpeed":64.0,"standardDeviationSpeed":19.1,"travelTimeStandardDeviation":0.51,"sampleSize":1456,"normalizedSampleSize":0.4083,"averageTravelTime":1.45,"medianTravelTime":1.33,"travelTimeRatio":0.92,"speedPercentiles":[36,40,43,46,49,53,56,58,61,63,66,68,71,74,77,79,84,89,97]},{"timeSet":5,"dateRange":1,"harmonicAverageSpeed":58.5,"medianSpeed":66.0,"averageSpeed":66.3,"standardDeviationSpeed":22.1,"travelTimeStandardDeviation":0.6,"sampleSize":806,"normalizedSampleSize":0.226,"averageTravelTime":1.43,"medianTravelTime":1.27,"travelTimeRatio":0.91,"speedPercentiles":[36,39,41,45,48,52,56,59,62,66,69,72,75,77,80,83,89,96,106]},{"timeSet":6,"dateRange":1,"harmonicAverageSpeed":53.6,"medianSpeed":58.0,"averageSpeed":61.3,"standardDeviationSpeed":22.2,"travelTimeStandardDeviation":0.68,"sampleSize":879,"normalizedSampleSize":0.2465,"averageTravelTime":1.57,"medianTravelTime":1.45,"travelTimeRatio":1.0,"speedPercentiles":[35,38,39,42,44,46,48,51,54,58,61,64,68,71,75,80,83,92,100]},{"timeSet":7,"dateRange":1,"harmonicAverageSpeed":60.6,"medianSpeed":65.0,"averageSpeed":67.2,"standardDeviationSpeed":21.2,"travelTimeStandardDeviation":0.48,"sampleSize":346,"normalizedSampleSize":0.097,"averageTravelTime":1.39,"medianTravelTime":1.29,"travelTimeRatio":0.88,"speedPercentiles":[38,41,43,47,50,55,58,60,63,65,67,70,73,77,81,86,90,96,103]},{"timeSet":8,"dateRange":1,"harmonicAverageSpeed":64.7,"medianSpeed":69.0,"averageSpeed":70.4,"standardDeviationSpeed":19.4,"travelTimeStandardDeviation":0.41,"sampleSize":192,"normalizedSampleSize":0.0538,"averageTravelTime":1.3,"medianTravelTime":1.22,"travelTimeRatio":0.83,"speedPercentiles":[40,44,47,52,57,61,63,66,67,69,72,74,78,81,83,87,91,96,102]},{"timeSet":9,"dateRange":1,"harmonicAverageSpeed":62.8,"medianSpeed":73.0,"averageSpeed":70.8,"standardDeviationSpeed":21.0,"travelTimeStandardDeviation":0.58,"sampleSize":372,"normalizedSampleSize":0.1043,"averageTravelTime":1.34,"medianTravelTime":1.15,"travelTimeRatio":0.85,"speedPercentiles":[33,41,47,51,57,60,64,67,71,73,75,78,80,83,85,88,92,98,104]},{"timeSet":10,"dateRange":1,"harmonicAverageSpeed":62.3,"medianSpeed":69.0,"averageSpeed":68.0,"standardDeviationSpeed":18.4,"travelTimeStandardDeviation":0.46,"sampleSize":709,"normalizedSampleSize":0.1988,"averageTravelTime":1.35,"medianTravelTime":1.22,"travelTimeRatio":0.86,"speedPercentiles":[38,42,47,51,56,59,62,64,67,69,71,73,75,77,80,83,86,91,98]},{"timeSet":11,"dateRange":1,"harmonicAverageSpeed":60.5,"medianSpeed":66.0,"averageSpeed":65.9,"standardDeviationSpeed":17.9,"travelTimeStandardDeviation":0.45,"sampleSize":997,"normalizedSampleSize":0.2796,"averageTravelTime":1.39,"medianTravelTime":1.27,"travelTimeRatio":0.88,"speedPercentiles":[36,41,45,49,53,56,59,62,64,66,69,71,73,76,78,80,83,88,96]},{"timeSet":12,"dateRange":1,"harmonicAverageSpeed":56.3,"medianSpeed":62.0,"averageSpeed":61.8,"standardDeviationSpeed":17.2,"travelTimeStandardDeviation":0.59,"sampleSize":1611,"normalizedSampleSize":0.4518,"averageTravelTime":1.49,"medianTravelTime":1.35,"travelTimeRatio":0.95,"speedPercentiles":[35,39,42,45,49,52,55,57,59,62,64,67,69,72,74,77,80,84,89]},{"timeSet":13,"dateRange":1,"harmonicAverageSpeed":55.0,"medianSpeed":61.0,"averageSpeed":60.5,"standardDeviationSpeed":17.0,"travelTimeStandardDeviation":0.63,"sampleSize":1999,"normalizedSampleSize":0.5606,"averageTravelTime":1.53,"medianTravelTime":1.38,"travelTimeRatio":0.97,"speedPercentiles":[34,38,41,44,48,51,54,57,59,61,63,65,67,69,72,75,78,82,88]},{"timeSet":14,"dateRange":1,"harmonicAverageSpeed":51.8,"medianSpeed":58.0,"averageSpeed":57.8,"standardDeviationSpeed":16.9,"travelTimeStandardDeviation":0.82,"sampleSize":2521,"normalizedSampleSize":0.707,"averageTravelTime":1.62,"medianTravelTime":1.45,"travelTimeRatio":1.03,"speedPercentiles":[33,37,39,42,45,48,50,53,55,58,60,62,65,67,69,72,75,80,86]},{"timeSet":15,"dateRange":1,"harmonicAverageSpeed":55.4,"medianSpeed":60.0,"averageSpeed":60.5,"standardDeviationSpeed":17.0,"travelTimeStandardDeviation":0.51,"sampleSize":2276,"normalizedSampleSize":0.6383,"averageTravelTime":1.52,"medianTravelTime":1.4,"travelTimeRatio":0.96,"speedPercentiles":[35,38,41,44,48,51,53,56,58,60,62,65,67,69,72,75,78,82,89]},{"timeSet":16,"dateRange":1,"harmonicAverageSpeed":57.3,"medianSpeed":63.0,"averageSpeed":62.6,"standardDeviationSpeed":16.9,"travelTimeStandardDeviation":0.55,"sampleSize":1840,"normalizedSampleSize":0.516,"averageTravelTime":1.47,"medianTravelTime":1.33,"travelTimeRatio":0.93,"speedPercentiles":[36,40,44,47,50,53,56,58,61,63,65,67,70,72,74,77,80,84,90]},{"timeSet":17,"dateRange":1,"harmonicAverageSpeed":55.8,"medianSpeed":62.0,"averageSpeed":61.6,"standardDeviationSpeed":17.3,"travelTimeStandardDeviation":0.65,"sampleSize":2072,"normalizedSampleSize":0.581,"averageTravelTime":1.51,"medianTravelTime":1.35,"travelTimeRatio":0.96,"speedPercentiles":[34,38,42,45,49,52,55,57,59,62,65,67,69,71,74,76,79,83,89]},{"timeSet":18,"dateRange":1,"harmonicAverageSpeed":53.8,"medianSpeed":60.0,"averageSpeed":59.8,"standardDeviationSpeed":16.7,"travelTimeStandardDeviation":0.87,"sampleSize":2103,"normalizedSampleSize":0.5897,"averageTravelTime":1.56,"medianTravelTime":1.4,"travelTimeRatio":0.99,"speedPercentiles":[34,38,41,44,47,51,53,55,58,60,63,64,67,69,72,74,77,81,87]},{"timeSet":19,"dateRange":1,"harmonicAverageSpeed":51.3,"medianSpeed":57.0,"averageSpeed":56.4,"standardDeviationSpeed":16.1,"travelTimeStandardDeviation":0.59,"sampleSize":2280,"normalizedSampleSize":0.6394,"averageTravelTime":1.64,"medianTravelTime":1.47,"travelTimeRatio":1.04,"speedPercentiles":[32,35,38,41,44,47,50,52,54,57,59,61,63,65,67,69,73,77,83]},{"timeSet":20,"dateRange":1,"harmonicAverageSpeed":50.1,"medianSpeed":55.0,"averageSpeed":55.0,"standardDeviationSpeed":15.6,"travelTimeStandardDeviation":0.61,"sampleSize":2392,"normalizedSampleSize":0.6708,"averageTravelTime":1.68,"medianTravelTime":1.53,"travelTimeRatio":1.07,"speedPercentiles":[32,35,38,41,43,46,48,50,53,55,57,59,61,63,66,68,71,74,81]},{"timeSet":21,"dateRange":1,"harmonicAverageSpeed":50.4,"medianSpeed":55.0,"averageSpeed":55.1,"standardDeviationSpeed":15.0,"travelTimeStandardDeviation":0.7,"sampleSize":2420,"normalizedSampleSize":0.6786,"averageTravelTime":1.67,"medianTravelTime":1.53,"travelTimeRatio":1.06,"speedPercentiles":[32,36,38,41,44,46,49,51,53,55,57,59,61,63,65,67,70,74,80]},{"timeSet":22,"dateRange":1,"harmonicAverageSpeed":52.8,"medianSpeed":57.0,"averageSpeed":58.0,"standardDeviationSpeed":16.8,"travelTimeStandardDeviation":0.64,"sampleSize":2033,"normalizedSampleSize":0.5701,"averageTravelTime":1.59,"medianTravelTime":1.47,"travelTimeRatio":1.01,"speedPercentiles":[34,37,40,43,46,48,50,53,55,57,60,61,63,66,68,71,75,79,87]},{"timeSet":23,"dateRange":1,"harmonicAverageSpeed":57.1,"medianSpeed":62.0,"averageSpeed":62.1,"standardDeviationSpeed":17.0,"travelTimeStandardDeviation":0.48,"sampleSize":1427,"normalizedSampleSize":0.4002,"averageTravelTime":1.47,"medianTravelTime":1.35,"travelTimeRatio":0.94,"speedPercentiles":[37,40,44,46,49,52,55,57,60,62,64,67,69,71,73,76,79,83,90]},{"timeSet":24,"dateRange":1,"harmonicAverageSpeed":56.2,"medianSpeed":63.0,"averageSpeed":62.5,"standardDeviationSpeed":17.5,"travelTimeStandardDeviation":0.92,"sampleSize":1459,"normalizedSampleSize":0.4091,"averageTravelTime":1.49,"medianTravelTime":1.33,"travelTimeRatio":0.95,"speedPercentiles":[36,40,43,47,50,53,55,58,60,63,65,66,69,71,73,76,80,84,94]},{"timeSet":25,"dateRange":1,"harmonicAverageSpeed":54.3,"medianSpeed":59.0,"averageSpeed":60.4,"standardDeviationSpeed":17.8,"travelTimeStandardDeviation":0.82,"sampleSize":1810,"normalizedSampleSize":0.5076,"averageTravelTime":1.55,"medianTravelTime":1.42,"travelTimeRatio":0.98,"speedPercentiles":[35,39,42,45,47,50,53,55,57,59,61,64,66,69,72,75,79,83,91]}]}},{"type":"Feature","geometry":{"type":"LineString","coordinates":[[12.47194,41.93523],[12.47191,41.9354]]},"properties":{"segmentId":-13800007305427,"newSegmentId":"-00004931-3600-0400-0000-00000334dd3a","speedLimit":50,"frc":3,"streetName":"Corso di Francia","distance":19.87,"segmentTimeResults":[{"timeSet":2,"dateRange":1,"harmonicAverageSpeed":55.2,"medianSpeed":58.0,"averageSpeed":59.3,"standardDeviationSpeed":15.5,"travelTimeStandardDeviation":0.38,"sampleSize":3136,"normalizedSampleSize":0.8794,"averageTravelTime":1.3,"medianTravelTime":1.23,"travelTimeRatio":1.0,"speedPercentiles":[37,41,43,46,48,51,53,55,57,58,60,62,64,66,68,71,75,79,86]},{"timeSet":3,"dateRange":1,"harmonicAverageSpeed":57.4,"medianSpeed":61.0,"averageSpeed":62.6,"standardDeviationSpeed":17.1,"travelTimeStandardDeviation":0.46,"sampleSize":2496,"normalizedSampleSize":0.6999,"averageTravelTime":1.25,"medianTravelTime":1.17,"travelTimeRatio":0.96,"speedPercentiles":[38,42,45,48,50,53,55,57,59,61,64,66,69,71,74,76,80,85,92]},{"timeSet":4,"dateRange":1,"harmonicAverageSpeed":59.9,"medianSpeed":64.0,"averageSpeed":65.2,"standardDeviationSpeed":18.2,"travelTimeStandardDeviation":0.4,"sampleSize":1454,"normalizedSampleSize":0.4077,"averageTravelTime":1.19,"medianTravelTime":1.12,"travelTimeRatio":0.92,"speedPercentiles":[39,43,46,49,51,54,57,59,62,64,66,69,71,75,77,80,84,89,96]},{"timeSet":5,"dateRange":1,"harmonicAverageSpeed":60.4,"medianSpeed":66.0,"averageSpeed":67.4,"standardDeviationSpeed":21.1,"travelTimeStandardDeviation":0.47,"sampleSize":808,"normalizedSampleSize":0.2266,"averageTravelTime":1.18,"medianTravelTime":1.08,"travelTimeRatio":0.91,"speedPercentiles":[38,42,45,48,51,54,57,60,63,66,69,72,75,77,80,84,88,97,106]},{"timeSet":6,"dateRange":1,"harmonicAverageSpeed":56.2,"medianSpeed":59.0,"averageSpeed":63.2,"standardDeviationSpeed":20.8,"travelTimeStandardDeviation":0.56,"sampleSize":876,"normalizedSampleSize":0.2457,"averageTravelTime":1.27,"medianTravelTime":1.21,"travelTimeRatio":0.98,"speedPercentiles":[38,42,44,46,48,50,52,54,57,59,63,66,69,72,76,80,83,91,100]},{"timeSet":7,"dateRange":1,"harmonicAverageSpeed":62.5,"medianSpeed":66.0,"averageSpeed":68.4,"standardDeviationSpeed":20.4,"travelTimeStandardDeviation":0.37,"sampleSize":346,"normalizedSampleSize":0.097,"averageTravelTime":1.15,"medianTravelTime":1.08,"travelTimeRatio":0.88,"speedPercentiles":[41,44,47,50,53,56,59,62,63,66,68,71,75,78,81,86,90,95,104]},{"timeSet":8,"dateRange":1,"harmonicAverageSpeed":66.2,"medianSpeed":70.0,"averageSpeed":71.3,"standardDeviationSpeed":18.6,"travelTimeStandardDeviation":0.33,"sampleSize":192,"normalizedSampleSize":0.0538,"averageTravelTime":1.08,"medianTravelTime":1.02,"travelTimeRatio":0.83,"speedPercentiles":[43,46,50,55,59,62,65,67,68,70,73,74,78,81,83,86,91,97,102]},{"timeSet":9,"dateRange":1,"harmonicAverageSpeed":63.8,"medianSpeed":73.0,"averageSpeed":71.4,"standardDeviationSpeed":20.6,"travelTimeStandardDeviation":0.48,"sampleSize":372,"normalizedSampleSize":0.1043,"averageTravelTime":1.12,"medianTravelTime":0.98,"travelTimeRatio":0.87,"speedPercentiles":[37,43,48,52,58,61,65,67,71,73,75,78,80,83,85,88,92,97,106]},{"timeSet":10,"dateRange":1,"harmonicAverageSpeed":63.6,"medianSpeed":70.0,"averageSpeed":68.9,"standardDeviationSpeed":17.8,"travelTimeStandardDeviation":0.37,"sampleSize":709,"normalizedSampleSize":0.1988,"averageTravelTime":1.12,"medianTravelTime":1.02,"travelTimeRatio":0.87,"speedPercentiles":[40,45,48,53,57,60,62,64,68,70,71,74,76,78,80,83,86,91,100]},{"timeSet":11,"dateRange":1,"harmonicAverageSpeed":62.1,"medianSpeed":67.0,"averageSpeed":66.9,"standardDeviationSpeed":17.2,"travelTimeStandardDeviation":0.35,"sampleSize":998,"normalizedSampleSize":0.2799,"averageTravelTime":1.15,"medianTravelTime":1.07,"travelTimeRatio":0.89,"speedPercentiles":[40,44,48,52,55,58,60,62,64,67,70,72,74,76,79,81,84,89,96]},{"timeSet":12,"dateRange":1,"harmonicAverageSpeed":57.7,"medianSpeed":63.0,"averageSpeed":62.8,"standardDeviationSpeed":16.8,"travelTimeStandardDeviation":0.45,"sampleSize":1614,"normalizedSampleSize":0.4526,"averageTravelTime":1.24,"medianTravelTime":1.14,"travelTimeRatio":0.96,"speedPercentiles":[37,41,44,47,50,53,55,58,60,63,65,67,70,72,75,77,80,84,90]},{"timeSet":13,"dateRange":1,"harmonicAverageSpeed":56.5,"medianSpeed":62.0,"averageSpeed":61.5,"standardDeviationSpeed":16.6,"travelTimeStandardDeviation":0.45,"sampleSize":1998,"normalizedSampleSize":0.5603,"averageTravelTime":1.27,"medianTravelTime":1.15,"travelTimeRatio":0.98,"speedPercentiles":[36,41,44,47,50,52,55,57,59,62,64,66,67,70,72,75,78,83,89]},{"timeSet":14,"dateRange":1,"harmonicAverageSpeed":53.8,"medianSpeed":58.0,"averageSpeed":59.1,"standardDeviationSpeed":16.3,"travelTimeStandardDeviation":0.53,"sampleSize":2518,"normalizedSampleSize":0.7061,"averageTravelTime":1.33,"medianTravelTime":1.23,"travelTimeRatio":1.03,"speedPercentiles":[35,39,42,45,47,50,52,54,57,58,60,63,65,68,70,73,76,80,87]},{"timeSet":15,"dateRange":1,"harmonicAverageSpeed":57.0,"medianSpeed":61.0,"averageSpeed":61.6,"standardDeviationSpeed":16.3,"travelTimeStandardDeviation":0.39,"sampleSize":2275,"normalizedSampleSize":0.638,"averageTravelTime":1.25,"medianTravelTime":1.17,"travelTimeRatio":0.97,"speedPercentiles":[37,41,44,47,50,52,55,57,59,61,63,66,68,70,73,75,78,82,89]},{"timeSet":16,"dateRange":1,"harmonicAverageSpeed":58.8,"medianSpeed":63.0,"averageSpeed":63.6,"standardDeviationSpeed":16.3,"travelTimeStandardDeviation":0.42,"sampleSize":1840,"normalizedSampleSize":0.516,"averageTravelTime":1.22,"medianTravelTime":1.14,"travelTimeRatio":0.94,"speedPercentiles":[38,43,46,49,51,55,57,59,61,63,66,68,70,72,75,77,80,84,91]},{"timeSet":17,"dateRange":1,"harmonicAverageSpeed":57.4,"medianSpeed":63.0,"averageSpeed":62.6,"standardDeviationSpeed":16.9,"travelTimeStandardDeviation":0.43,"sampleSize":2073,"normalizedSampleSize":0.5813,"averageTravelTime":1.25,"medianTravelTime":1.14,"travelTimeRatio":0.96,"speedPercentiles":[36,41,44,48,51,53,55,58,60,63,65,67,69,72,74,77,79,84,89]},{"timeSet":18,"dateRange":1,"harmonicAverageSpeed":56.2,"medianSpeed":61.0,"averageSpeed":60.9,"standardDeviationSpeed":16.1,"travelTimeStandardDeviation":0.42,"sampleSize":2105,"normalizedSampleSize":0.5903,"averageTravelTime":1.27,"medianTravelTime":1.17,"travelTimeRatio":0.98,"speedPercentiles":[36,40,43,46,49,52,54,57,59,61,63,65,67,70,72,75,78,82,87]},{"timeSet":19,"dateRange":1,"harmonicAverageSpeed":53.0,"medianSpeed":58.0,"averageSpeed":57.5,"standardDeviationSpeed":15.5,"travelTimeStandardDeviation":0.44,"sampleSize":2285,"normalizedSampleSize":0.6408,"averageTravelTime":1.35,"medianTravelTime":1.23,"travelTimeRatio":1.04,"speedPercentiles":[34,38,41,44,46,49,51,53,55,58,60,62,64,66,68,70,73,77,84]},{"timeSet":20,"dateRange":1,"harmonicAverageSpeed":51.7,"medianSpeed":56.0,"averageSpeed":56.2,"standardDeviationSpeed":15.1,"travelTimeStandardDeviation":0.49,"sampleSize":2393,"normalizedSampleSize":0.6711,"averageTravelTime":1.38,"medianTravelTime":1.28,"travelTimeRatio":1.07,"speedPercentiles":[33,37,41,43,45,48,50,52,54,56,58,60,62,64,66,68,71,75,82]},{"timeSet":21,"dateRange":1,"harmonicAverageSpeed":51.8,"medianSpeed":56.0,"averageSpeed":56.2,"standardDeviationSpeed":14.4,"travelTimeStandardDeviation":0.58,"sampleSize":2423,"normalizedSampleSize":0.6795,"averageTravelTime":1.38,"medianTravelTime":1.28,"travelTimeRatio":1.07,"speedPercentiles":[34,38,41,44,46,48,50,52,54,56,58,60,62,64,66,68,70,75,80]},{"timeSet":22,"dateRange":1,"harmonicAverageSpeed":54.5,"medianSpeed":58.0,"averageSpeed":59.0,"standardDeviationSpeed":16.2,"travelTimeStandardDeviation":0.4,"sampleSize":2034,"normalizedSampleSize":0.5704,"averageTravelTime":1.31,"medianTravelTime":1.23,"travelTimeRatio":1.01,"speedPercentiles":[36,39,43,45,47,49,51,54,56,58,60,62,64,66,68,72,75,80,88]},{"timeSet":23,"dateRange":1,"harmonicAverageSpeed":58.5,"medianSpeed":63.0,"averageSpeed":63.0,"standardDeviationSpeed":16.4,"travelTimeStandardDeviation":0.37,"sampleSize":1428,"normalizedSampleSize":0.4004,"averageTravelTime":1.22,"medianTravelTime":1.14,"travelTimeRatio":0.94,"speedPercentiles":[39,42,45,48,51,53,55,58,60,63,65,67,70,71,73,76,80,84,90]},{"timeSet":24,"dateRange":1,"harmonicAverageSpeed":58.8,"medianSpeed":63.0,"averageSpeed":63.5,"standardDeviationSpeed":16.9,"travelTimeStandardDeviation":0.37,"sampleSize":1461,"normalizedSampleSize":0.4097,"averageTravelTime":1.22,"medianTravelTime":1.14,"travelTimeRatio":0.94,"speedPercentiles":[39,43,45,48,52,54,56,58,61,63,65,67,69,72,74,77,81,85,94]},{"timeSet":25,"dateRange":1,"harmonicAverageSpeed":56.4,"medianSpeed":60.0,"averageSpeed":61.3,"standardDeviationSpeed":17.2,"travelTimeStandardDeviation":0.41,"sampleSize":1807,"normalizedSampleSize":0.5067,"averageTravelTime":1.27,"medianTravelTime":1.19,"travelTimeRatio":0.98,"speedPercentiles":[37,41,44,46,49,51,53,55,57,60,62,64,67,69,72,75,79,84,91]}]}},{"type":"Feature","geometry":{"type":"LineString","coordinates":[[12.47191,41.9354],[12.47183,41.9358],[12.47176,41.93625]]},"properties":{"segmentId":-13800012637799,"newSegmentId":"-bd137076-979a-4dc8-bf0e-a1ca49b051f4","speedLimit":50,"frc":3,"streetName":"Ponte Flaminio","distance":94.82,"segmentTimeResults":[{"timeSet":2,"dateRange":1,"harmonicAverageSpeed":57.0,"medianSpeed":60.0,"averageSpeed":60.9,"standardDeviationSpeed":15.1,"travelTimeStandardDeviation":1.76,"sampleSize":3119,"normalizedSampleSize":0.8746,"averageTravelTime":5.99,"medianTravelTime":5.69,"travelTimeRatio":1.0,"speedPercentiles":[38,43,47,49,51,53,55,57,58,60,62,63,65,67,69,72,75,80,86]},{"timeSet":3,"dateRange":1,"harmonicAverageSpeed":58.9,"medianSpeed":63.0,"averageSpeed":63.8,"standardDeviationSpeed":16.6,"travelTimeStandardDeviation":2.32,"sampleSize":2486,"normalizedSampleSize":0.6971,"averageTravelTime":5.8,"medianTravelTime":5.42,"travelTimeRatio":0.97,"speedPercentiles":[39,44,48,50,53,55,57,58,60,63,65,67,69,72,74,77,80,85,92]},{"timeSet":4,"dateRange":1,"harmonicAverageSpeed":61.8,"medianSpeed":65.0,"averageSpeed":66.6,"standardDeviationSpeed":17.3,"travelTimeStandardDeviation":1.77,"sampleSize":1444,"normalizedSampleSize":0.4049,"averageTravelTime":5.52,"medianTravelTime":5.25,"travelTimeRatio":0.92,"speedPercentiles":[41,46,50,52,55,57,59,61,63,65,67,70,72,75,77,81,84,89,96]},{"timeSet":5,"dateRange":1,"harmonicAverageSpeed":62.6,"medianSpeed":68.0,"averageSpeed":69.0,"standardDeviationSpeed":20.0,"travelTimeStandardDeviation":2.16,"sampleSize":802,"normalizedSampleSize":0.2249,"averageTravelTime":5.45,"medianTravelTime":5.02,"travelTimeRatio":0.91,"speedPercentiles":[40,47,50,53,55,57,60,62,65,68,70,73,75,78,80,84,88,97,106]},{"timeSet":6,"dateRange":1,"harmonicAverageSpeed":59.2,"medianSpeed":63.0,"averageSpeed":65.7,"standardDeviationSpeed":19.5,"travelTimeStandardDeviation":2.57,"sampleSize":875,"normalizedSampleSize":0.2454,"averageTravelTime":5.77,"medianTravelTime":5.42,"travelTimeRatio":0.96,"speedPercentiles":[39,45,48,51,53,56,58,59,61,63,66,68,71,73,77,80,84,90,100]},{"timeSet":7,"dateRange":1,"harmonicAverageSpeed":64.4,"medianSpeed":67.0,"averageSpeed":69.6,"standardDeviationSpeed":19.3,"travelTimeStandardDeviation":1.64,"sampleSize":342,"normalizedSampleSize":0.0959,"averageTravelTime":5.3,"medianTravelTime":5.09,"travelTimeRatio":0.89,"speedPercentiles":[43,47,51,54,56,58,61,63,64,67,68,71,75,77,81,85,91,95,103]},{"timeSet":8,"dateRange":1,"harmonicAverageSpeed":68.0,"medianSpeed":72.0,"averageSpeed":72.9,"standardDeviationSpeed":18.2,"travelTimeStandardDeviation":1.47,"sampleSize":191,"normalizedSampleSize":0.0536,"averageTravelTime":5.02,"medianTravelTime":4.74,"travelTimeRatio":0.84,"speedPercentiles":[43,50,54,59,61,64,67,68,69,72,73,75,79,82,84,87,91,97,103]},{"timeSet":9,"dateRange":1,"harmonicAverageSpeed":65.4,"medianSpeed":73.0,"averageSpeed":72.5,"standardDeviationSpeed":20.3,"travelTimeStandardDeviation":2.16,"sampleSize":370,"normalizedSampleSize":0.1038,"averageTravelTime":5.22,"medianTravelTime":4.68,"travelTimeRatio":0.87,"speedPercentiles":[38,45,50,55,60,62,66,68,71,73,76,78,81,83,85,88,92,98,107]},{"timeSet":10,"dateRange":1,"harmonicAverageSpeed":65.5,"medianSpeed":70.0,"averageSpeed":70.3,"standardDeviationSpeed":17.3,"travelTimeStandardDeviation":1.65,"sampleSize":704,"normalizedSampleSize":0.1974,"averageTravelTime":5.21,"medianTravelTime":4.88,"travelTimeRatio":0.87,"speedPercentiles":[43,47,52,56,59,62,63,66,69,70,72,74,76,78,81,84,87,91,100]},{"timeSet":11,"dateRange":1,"harmonicAverageSpeed":63.5,"medianSpeed":68.0,"averageSpeed":68.0,"standardDeviationSpeed":16.5,"travelTimeStandardDeviation":1.57,"sampleSize":991,"normalizedSampleSize":0.2779,"averageTravelTime":5.37,"medianTravelTime":5.02,"travelTimeRatio":0.9,"speedPercentiles":[41,47,51,54,57,59,61,63,65,68,70,72,74,77,79,82,85,90,95]},{"timeSet":12,"dateRange":1,"harmonicAverageSpeed":59.4,"medianSpeed":64.0,"averageSpeed":64.2,"standardDeviationSpeed":16.3,"travelTimeStandardDeviation":2.07,"sampleSize":1606,"normalizedSampleSize":0.4504,"averageTravelTime":5.75,"medianTravelTime":5.33,"travelTimeRatio":0.96,"speedPercentiles":[37,43,47,50,53,56,58,60,62,64,66,68,70,73,75,78,81,84,90]},{"timeSet":13,"dateRange":1,"harmonicAverageSpeed":57.8,"medianSpeed":63.0,"averageSpeed":62.8,"standardDeviationSpeed":16.3,"travelTimeStandardDeviation":2.22,"sampleSize":1987,"normalizedSampleSize":0.5572,"averageTravelTime":5.9,"medianTravelTime":5.42,"travelTimeRatio":0.99,"speedPercentiles":[36,42,46,49,52,55,57,59,61,63,65,67,69,71,73,76,79,83,89]},{"timeSet":14,"dateRange":1,"harmonicAverageSpeed":55.5,"medianSpeed":60.0,"averageSpeed":60.6,"standardDeviationSpeed":16.0,"travelTimeStandardDeviation":2.43,"sampleSize":2511,"normalizedSampleSize":0.7042,"averageTravelTime":6.15,"medianTravelTime":5.69,"travelTimeRatio":1.03,"speedPercentiles":[35,40,44,47,50,52,55,57,58,60,62,65,67,69,71,74,77,81,87]},{"timeSet":15,"dateRange":1,"harmonicAverageSpeed":58.7,"medianSpeed":63.0,"averageSpeed":63.1,"standardDeviationSpeed":15.7,"travelTimeStandardDeviation":1.83,"sampleSize":2264,"normalizedSampleSize":0.6349,"averageTravelTime":5.82,"medianTravelTime":5.42,"travelTimeRatio":0.97,"speedPercentiles":[37,43,47,50,53,55,57,59,61,63,65,67,69,71,73,76,79,83,90]},{"timeSet":16,"dateRange":1,"harmonicAverageSpeed":60.6,"medianSpeed":65.0,"averageSpeed":64.9,"standardDeviationSpeed":15.7,"travelTimeStandardDeviation":1.89,"sampleSize":1834,"normalizedSampleSize":0.5143,"averageTravelTime":5.64,"medianTravelTime":5.25,"travelTimeRatio":0.94,"speedPercentiles":[40,45,48,52,55,57,59,61,63,65,67,68,71,73,75,78,81,85,91]},{"timeSet":17,"dateRange":1,"harmonicAverageSpeed":58.9,"medianSpeed":64.0,"averageSpeed":63.9,"standardDeviationSpeed":16.4,"travelTimeStandardDeviation":2.01,"sampleSize":2066,"normalizedSampleSize":0.5794,"averageTravelTime":5.8,"medianTravelTime":5.33,"travelTimeRatio":0.97,"speedPercentiles":[36,43,47,50,53,55,58,60,62,64,66,68,70,72,75,77,80,84,89]},{"timeSet":18,"dateRange":1,"harmonicAverageSpeed":57.8,"medianSpeed":62.0,"averageSpeed":62.2,"standardDeviationSpeed":15.7,"travelTimeStandardDeviation":1.81,"sampleSize":2093,"normalizedSampleSize":0.5869,"averageTravelTime":5.91,"medianTravelTime":5.51,"travelTimeRatio":0.99,"speedPercentiles":[36,42,45,48,51,54,56,58,60,62,64,66,68,70,73,75,78,82,87]},{"timeSet":19,"dateRange":1,"harmonicAverageSpeed":55.2,"medianSpeed":60.0,"averageSpeed":59.3,"standardDeviationSpeed":14.8,"travelTimeStandardDeviation":1.88,"sampleSize":2275,"normalizedSampleSize":0.638,"averageTravelTime":6.19,"medianTravelTime":5.69,"travelTimeRatio":1.03,"speedPercentiles":[35,40,44,47,49,51,54,56,58,60,61,63,65,67,69,71,74,77,83]},{"timeSet":20,"dateRange":1,"harmonicAverageSpeed":53.3,"medianSpeed":58.0,"averageSpeed":57.7,"standardDeviationSpeed":14.5,"travelTimeStandardDeviation":2.27,"sampleSize":2375,"normalizedSampleSize":0.666,"averageTravelTime":6.4,"medianTravelTime":5.89,"travelTimeRatio":1.07,"speedPercentiles":[34,40,43,45,48,50,52,54,56,58,59,61,63,65,67,69,72,75,81]},{"timeSet":21,"dateRange":1,"harmonicAverageSpeed":53.4,"medianSpeed":57.0,"averageSpeed":57.4,"standardDeviationSpeed":13.9,"travelTimeStandardDeviation":2.22,"sampleSize":2409,"normalizedSampleSize":0.6755,"averageTravelTime":6.39,"medianTravelTime":5.99,"travelTimeRatio":1.07,"speedPercentiles":[35,39,43,46,48,50,52,54,55,57,59,61,63,64,66,69,71,74,81]},{"timeSet":22,"dateRange":1,"harmonicAverageSpeed":56.1,"medianSpeed":59.0,"averageSpeed":60.3,"standardDeviationSpeed":15.6,"travelTimeStandardDeviation":1.82,"sampleSize":2022,"normalizedSampleSize":0.567,"averageTravelTime":6.09,"medianTravelTime":5.79,"travelTimeRatio":1.02,"speedPercentiles":[36,42,45,48,50,52,54,56,57,59,61,63,65,67,69,72,76,80,87]},{"timeSet":23,"dateRange":1,"harmonicAverageSpeed":59.8,"medianSpeed":63.0,"averageSpeed":63.9,"standardDeviationSpeed":15.7,"travelTimeStandardDeviation":1.67,"sampleSize":1423,"normalizedSampleSize":0.399,"averageTravelTime":5.71,"medianTravelTime":5.42,"travelTimeRatio":0.95,"speedPercentiles":[40,44,48,51,53,55,57,59,61,63,65,68,69,72,74,77,80,84,90]},{"timeSet":24,"dateRange":1,"harmonicAverageSpeed":60.3,"medianSpeed":64.0,"averageSpeed":64.5,"standardDeviationSpeed":16.3,"travelTimeStandardDeviation":1.63,"sampleSize":1458,"normalizedSampleSize":0.4089,"averageTravelTime":5.66,"medianTravelTime":5.33,"travelTimeRatio":0.95,"speedPercentiles":[40,45,48,51,53,55,57,59,62,64,66,68,70,72,75,78,81,86,93]},{"timeSet":25,"dateRange":1,"harmonicAverageSpeed":57.7,"medianSpeed":61.0,"averageSpeed":62.5,"standardDeviationSpeed":16.8,"travelTimeStandardDeviation":1.91,"sampleSize":1793,"normalizedSampleSize":0.5028,"averageTravelTime":5.91,"medianTravelTime":5.6,"travelTimeRatio":0.99,"speedPercentiles":[39,43,46,49,51,53,55,57,59,61,63,65,67,70,72,76,80,84,91]}]}},{"type":"Feature","geometry":{"type":"LineString","coordinates":[[12.47176,41.93625],[12.4717,41.93658]]},"properties":{"segmentId":-13800012637774,"newSegmentId":"-9ba003f5-7bcc-461c-b002-ed1e9e614e66","speedLimit":50,"frc":3,"streetName":"Ponte Flaminio","distance":36.94,"segmentTimeResults":[{"timeSet":2,"dateRange":1,"harmonicAverageSpeed":57.3,"medianSpeed":61.0,"averageSpeed":61.3,"standardDeviationSpeed":15.0,"travelTimeStandardDeviation":0.74,"sampleSize":3136,"normalizedSampleSize":0.8794,"averageTravelTime":2.32,"medianTravelTime":2.18,"travelTimeRatio":1.0,"speedPercentiles":[38,43,47,50,52,54,56,57,59,61,62,64,66,68,70,72,76,80,87]},{"timeSet":3,"dateRange":1,"harmonicAverageSpeed":59.2,"medianSpeed":64.0,"averageSpeed":64.2,"standardDeviationSpeed":16.6,"travelTimeStandardDeviation":0.92,"sampleSize":2500,"normalizedSampleSize":0.7011,"averageTravelTime":2.25,"medianTravelTime":2.08,"travelTimeRatio":0.97,"speedPercentiles":[39,44,48,51,53,55,57,60,61,64,65,67,70,72,74,77,80,85,92]},{"timeSet":4,"dateRange":1,"harmonicAverageSpeed":62.1,"medianSpeed":65.0,"averageSpeed":67.1,"standardDeviationSpeed":17.2,"travelTimeStandardDeviation":0.79,"sampleSize":1451,"normalizedSampleSize":0.4069,"averageTravelTime":2.14,"medianTravelTime":2.05,"travelTimeRatio":0.92,"speedPercentiles":[41,47,51,54,56,58,60,61,63,65,67,70,73,75,78,81,84,88,96]},{"timeSet":5,"dateRange":1,"harmonicAverageSpeed":63.7,"medianSpeed":68.0,"averageSpeed":69.9,"standardDeviationSpeed":19.3,"travelTimeStandardDeviation":0.83,"sampleSize":810,"normalizedSampleSize":0.2271,"averageTravelTime":2.09,"medianTravelTime":1.96,"travelTimeRatio":0.9,"speedPercentiles":[40,48,51,55,57,60,61,63,66,68,71,74,76,78,81,83,89,97,106]},{"timeSet":6,"dateRange":1,"harmonicAverageSpeed":60.3,"medianSpeed":65.0,"averageSpeed":67.1,"standardDeviationSpeed":19.4,"travelTimeStandardDeviation":1.01,"sampleSize":887,"normalizedSampleSize":0.2487,"averageTravelTime":2.21,"medianTravelTime":2.05,"travelTimeRatio":0.95,"speedPercentiles":[39,44,50,52,55,58,60,62,63,65,67,70,72,74,78,81,84,92,103]},{"timeSet":7,"dateRange":1,"harmonicAverageSpeed":63.9,"medianSpeed":67.0,"averageSpeed":69.5,"standardDeviationSpeed":19.0,"travelTimeStandardDeviation":0.72,"sampleSize":342,"normalizedSampleSize":0.0959,"averageTravelTime":2.08,"medianTravelTime":1.98,"travelTimeRatio":0.9,"speedPercentiles":[41,47,51,55,58,60,62,63,65,67,69,72,75,78,80,84,90,94,99]},{"timeSet":8,"dateRange":1,"harmonicAverageSpeed":68.8,"medianSpeed":72.0,"averageSpeed":73.6,"standardDeviationSpeed":18.1,"travelTimeStandardDeviation":0.56,"sampleSize":191,"normalizedSampleSize":0.0536,"averageTravelTime":1.93,"medianTravelTime":1.85,"travelTimeRatio":0.83,"speedPercentiles":[43,51,57,61,63,65,67,68,70,72,75,76,79,82,84,87,91,97,106]},{"timeSet":9,"dateRange":1,"harmonicAverageSpeed":64.6,"medianSpeed":73.0,"averageSpeed":72.8,"standardDeviationSpeed":20.3,"travelTimeStandardDeviation":1.16,"sampleSize":374,"normalizedSampleSize":0.1049,"averageTravelTime":2.06,"medianTravelTime":1.82,"travelTimeRatio":0.89,"speedPercentiles":[38,47,52,57,59,64,67,69,71,73,76,78,81,83,85,89,92,97,106]},{"timeSet":10,"dateRange":1,"harmonicAverageSpeed":65.4,"medianSpeed":71.0,"averageSpeed":71.0,"standardDeviationSpeed":17.3,"travelTimeStandardDeviation":0.88,"sampleSize":705,"normalizedSampleSize":0.1977,"averageTravelTime":2.03,"medianTravelTime":1.87,"travelTimeRatio":0.88,"speedPercentiles":[44,49,54,58,60,63,65,67,69,71,73,75,76,79,81,84,87,92,101]},{"timeSet":11,"dateRange":1,"harmonicAverageSpeed":64.2,"medianSpeed":69.0,"averageSpeed":68.9,"standardDeviationSpeed":16.6,"travelTimeStandardDeviation":0.65,"sampleSize":993,"normalizedSampleSize":0.2785,"averageTravelTime":2.07,"medianTravelTime":1.93,"travelTimeRatio":0.89,"speedPercentiles":[40,48,52,55,58,60,63,64,67,69,71,73,75,78,80,83,85,90,96]},{"timeSet":12,"dateRange":1,"harmonicAverageSpeed":60.1,"medianSpeed":65.0,"averageSpeed":65.0,"standardDeviationSpeed":16.3,"travelTimeStandardDeviation":0.81,"sampleSize":1619,"normalizedSampleSize":0.454,"averageTravelTime":2.21,"medianTravelTime":2.05,"travelTimeRatio":0.95,"speedPercentiles":[37,43,48,52,54,57,59,61,63,65,67,69,72,74,76,79,81,85,91]},{"timeSet":13,"dateRange":1,"harmonicAverageSpeed":58.2,"medianSpeed":64.0,"averageSpeed":63.5,"standardDeviationSpeed":16.6,"travelTimeStandardDeviation":0.93,"sampleSize":1998,"normalizedSampleSize":0.5603,"averageTravelTime":2.29,"medianTravelTime":2.08,"travelTimeRatio":0.98,"speedPercentiles":[36,42,46,50,53,55,58,60,62,64,66,68,69,72,74,76,80,84,91]},{"timeSet":14,"dateRange":1,"harmonicAverageSpeed":56.0,"medianSpeed":62.0,"averageSpeed":61.5,"standardDeviationSpeed":16.3,"travelTimeStandardDeviation":0.98,"sampleSize":2528,"normalizedSampleSize":0.7089,"averageTravelTime":2.37,"medianTravelTime":2.14,"travelTimeRatio":1.02,"speedPercentiles":[35,40,45,48,51,54,56,58,59,62,63,65,68,70,72,75,78,82,88]},{"timeSet":15,"dateRange":1,"harmonicAverageSpeed":58.9,"medianSpeed":64.0,"averageSpeed":63.6,"standardDeviationSpeed":15.9,"travelTimeStandardDeviation":0.81,"sampleSize":2275,"normalizedSampleSize":0.638,"averageTravelTime":2.26,"medianTravelTime":2.08,"travelTimeRatio":0.97,"speedPercentiles":[37,43,48,51,53,56,58,59,62,64,65,67,69,72,74,76,79,83,90]},{"timeSet":16,"dateRange":1,"harmonicAverageSpeed":61.1,"medianSpeed":66.0,"averageSpeed":65.6,"standardDeviationSpeed":15.7,"travelTimeStandardDeviation":0.74,"sampleSize":1844,"normalizedSampleSize":0.5171,"averageTravelTime":2.18,"medianTravelTime":2.01,"travelTimeRatio":0.94,"speedPercentiles":[40,46,49,52,55,58,60,62,64,66,68,69,71,73,76,78,81,85,92]},{"timeSet":17,"dateRange":1,"harmonicAverageSpeed":59.2,"medianSpeed":65.0,"averageSpeed":64.4,"standardDeviationSpeed":16.6,"travelTimeStandardDeviation":0.8,"sampleSize":2083,"normalizedSampleSize":0.5841,"averageTravelTime":2.25,"medianTravelTime":2.05,"travelTimeRatio":0.97,"speedPercentiles":[36,43,48,51,54,56,58,61,63,65,67,69,71,73,75,78,80,84,90]},{"timeSet":18,"dateRange":1,"harmonicAverageSpeed":58.3,"medianSpeed":63.0,"averageSpeed":62.9,"standardDeviationSpeed":15.9,"travelTimeStandardDeviation":0.81,"sampleSize":2098,"normalizedSampleSize":0.5883,"averageTravelTime":2.28,"medianTravelTime":2.11,"travelTimeRatio":0.98,"speedPercentiles":[36,42,46,50,52,55,57,59,61,63,65,67,69,71,73,76,79,82,89]},{"timeSet":19,"dateRange":1,"harmonicAverageSpeed":55.8,"medianSpeed":60.0,"averageSpeed":60.0,"standardDeviationSpeed":15.1,"travelTimeStandardDeviation":0.74,"sampleSize":2296,"normalizedSampleSize":0.6439,"averageTravelTime":2.39,"medianTravelTime":2.22,"travelTimeRatio":1.03,"speedPercentiles":[35,40,44,48,50,52,55,57,59,60,62,64,66,68,70,72,75,78,84]},{"timeSet":20,"dateRange":1,"harmonicAverageSpeed":53.6,"medianSpeed":59.0,"averageSpeed":58.1,"standardDeviationSpeed":14.6,"travelTimeStandardDeviation":0.9,"sampleSize":2387,"normalizedSampleSize":0.6694,"averageTravelTime":2.48,"medianTravelTime":2.25,"travelTimeRatio":1.07,"speedPercentiles":[33,40,43,46,49,51,53,55,57,59,60,62,64,66,68,70,72,76,82]},{"timeSet":21,"dateRange":1,"harmonicAverageSpeed":53.5,"medianSpeed":58.0,"averageSpeed":57.7,"standardDeviationSpeed":14.1,"travelTimeStandardDeviation":0.89,"sampleSize":2429,"normalizedSampleSize":0.6812,"averageTravelTime":2.48,"medianTravelTime":2.29,"travelTimeRatio":1.07,"speedPercentiles":[34,39,43,46,49,51,53,55,56,58,59,61,63,65,67,69,72,75,81]},{"timeSet":22,"dateRange":1,"harmonicAverageSpeed":56.4,"medianSpeed":60.0,"averageSpeed":60.7,"standardDeviationSpeed":15.6,"travelTimeStandardDeviation":0.72,"sampleSize":2046,"normalizedSampleSize":0.5738,"averageTravelTime":2.36,"medianTravelTime":2.22,"travelTimeRatio":1.02,"speedPercentiles":[36,42,45,48,50,52,55,56,58,60,62,64,66,67,69,72,76,80,88]},{"timeSet":23,"dateRange":1,"harmonicAverageSpeed":60.0,"medianSpeed":64.0,"averageSpeed":64.2,"standardDeviationSpeed":15.8,"travelTimeStandardDeviation":0.66,"sampleSize":1428,"normalizedSampleSize":0.4004,"averageTravelTime":2.22,"medianTravelTime":2.08,"travelTimeRatio":0.96,"speedPercentiles":[40,44,48,51,53,55,58,60,62,64,66,67,70,72,74,77,80,84,89]},{"timeSet":24,"dateRange":1,"harmonicAverageSpeed":60.5,"medianSpeed":64.0,"averageSpeed":64.8,"standardDeviationSpeed":16.3,"travelTimeStandardDeviation":0.64,"sampleSize":1461,"normalizedSampleSize":0.4097,"averageTravelTime":2.2,"medianTravelTime":2.08,"travelTimeRatio":0.95,"speedPercentiles":[40,45,48,51,54,56,58,60,62,64,66,68,70,72,74,77,81,86,93]},{"timeSet":25,"dateRange":1,"harmonicAverageSpeed":58.0,"medianSpeed":61.0,"averageSpeed":62.9,"standardDeviationSpeed":16.8,"travelTimeStandardDeviation":0.83,"sampleSize":1795,"normalizedSampleSize":0.5034,"averageTravelTime":2.29,"medianTravelTime":2.18,"travelTimeRatio":0.99,"speedPercentiles":[38,43,47,50,52,54,56,58,60,61,63,65,68,70,73,76,80,84,92]}]}},{"type":"Feature","geometry":{"type":"LineString","coordinates":[[12.4717,41.93658],[12.47162,41.93708]]},"properties":{"segmentId":-13800012257373,"newSegmentId":"-e8a1dc78-861d-4a53-abd8-0e02f351b943","speedLimit":50,"frc":3,"streetName":"Ponte Flaminio","distance":55.96,"segmentTimeResults":[{"timeSet":2,"dateRange":1,"harmonicAverageSpeed":56.7,"medianSpeed":60.0,"averageSpeed":60.8,"standardDeviationSpeed":14.8,"travelTimeStandardDeviation":1.21,"sampleSize":3133,"normalizedSampleSize":0.8786,"averageTravelTime":3.55,"medianTravelTime":3.36,"travelTimeRatio":1.0,"speedPercentiles":[38,43,47,49,51,53,55,57,59,60,62,63,65,67,69,72,75,79,86]},{"timeSet":3,"dateRange":1,"harmonicAverageSpeed":58.7,"medianSpeed":63.0,"averageSpeed":63.9,"standardDeviationSpeed":16.4,"travelTimeStandardDeviation":1.56,"sampleSize":2497,"normalizedSampleSize":0.7002,"averageTravelTime":3.43,"medianTravelTime":3.2,"travelTimeRatio":0.97,"speedPercentiles":[39,44,48,51,53,55,57,59,61,63,65,67,69,71,74,77,80,85,91]},{"timeSet":4,"dateRange":1,"harmonicAverageSpeed":61.9,"medianSpeed":65.0,"averageSpeed":66.8,"standardDeviationSpeed":16.8,"travelTimeStandardDeviation":1.19,"sampleSize":1454,"normalizedSampleSize":0.4077,"averageTravelTime":3.26,"medianTravelTime":3.1,"travelTimeRatio":0.92,"speedPercentiles":[41,46,51,54,56,58,60,61,63,65,67,70,72,75,78,80,83,88,94]},{"timeSet":5,"dateRange":1,"harmonicAverageSpeed":63.4,"medianSpeed":68.0,"averageSpeed":69.5,"standardDeviationSpeed":19.0,"travelTimeStandardDeviation":1.27,"sampleSize":810,"normalizedSampleSize":0.2271,"averageTravelTime":3.18,"medianTravelTime":2.96,"travelTimeRatio":0.89,"speedPercentiles":[40,48,51,55,57,59,62,63,66,68,71,73,75,78,81,83,87,95,104]},{"timeSet":6,"dateRange":1,"harmonicAverageSpeed":59.0,"medianSpeed":66.0,"averageSpeed":66.8,"standardDeviationSpeed":19.5,"travelTimeStandardDeviation":1.91,"sampleSize":890,"normalizedSampleSize":0.2496,"averageTravelTime":3.41,"medianTravelTime":3.05,"travelTimeRatio":0.96,"speedPercentiles":[37,44,50,53,55,58,60,62,64,66,68,70,72,74,77,81,85,90,103]},{"timeSet":7,"dateRange":1,"harmonicAverageSpeed":63.7,"medianSpeed":67.0,"averageSpeed":69.2,"standardDeviationSpeed":18.8,"travelTimeStandardDeviation":1.08,"sampleSize":341,"normalizedSampleSize":0.0956,"averageTravelTime":3.16,"medianTravelTime":3.01,"travelTimeRatio":0.89,"speedPercentiles":[41,47,51,55,57,60,61,63,65,67,69,72,75,77,81,83,89,95,99]},{"timeSet":8,"dateRange":1,"harmonicAverageSpeed":68.6,"medianSpeed":72.0,"averageSpeed":73.3,"standardDeviationSpeed":17.9,"travelTimeStandardDeviation":0.85,"sampleSize":191,"normalizedSampleSize":0.0536,"averageTravelTime":2.94,"medianTravelTime":2.8,"travelTimeRatio":0.83,"speedPercentiles":[43,51,57,60,62,65,67,69,70,72,73,75,79,82,84,87,90,95,106]},{"timeSet":9,"dateRange":1,"harmonicAverageSpeed":64.6,"medianSpeed":73.0,"averageSpeed":72.7,"standardDeviationSpeed":20.1,"travelTimeStandardDeviation":1.75,"sampleSize":376,"normalizedSampleSize":0.1054,"averageTravelTime":3.12,"medianTravelTime":2.76,"travelTimeRatio":0.88,"speedPercentiles":[38,48,53,57,60,64,67,69,71,73,75,78,80,83,85,88,92,97,105]},{"timeSet":10,"dateRange":1,"harmonicAverageSpeed":64.8,"medianSpeed":71.0,"averageSpeed":70.9,"standardDeviationSpeed":17.4,"travelTimeStandardDeviation":1.78,"sampleSize":701,"normalizedSampleSize":0.1966,"averageTravelTime":3.11,"medianTravelTime":2.84,"travelTimeRatio":0.88,"speedPercentiles":[44,48,54,57,60,63,65,67,69,71,73,75,77,79,81,84,87,92,100]},{"timeSet":11,"dateRange":1,"harmonicAverageSpeed":64.4,"medianSpeed":69.0,"averageSpeed":69.0,"standardDeviationSpeed":16.6,"travelTimeStandardDeviation":0.96,"sampleSize":992,"normalizedSampleSize":0.2782,"averageTravelTime":3.13,"medianTravelTime":2.92,"travelTimeRatio":0.88,"speedPercentiles":[41,49,52,56,58,60,62,64,67,69,71,73,76,78,80,82,85,90,95]},{"timeSet":12,"dateRange":1,"harmonicAverageSpeed":59.6,"medianSpeed":65.0,"averageSpeed":64.7,"standardDeviationSpeed":16.3,"travelTimeStandardDeviation":1.37,"sampleSize":1615,"normalizedSampleSize":0.4529,"averageTravelTime":3.38,"medianTravelTime":3.1,"travelTimeRatio":0.95,"speedPercentiles":[37,43,47,51,54,57,58,61,63,65,66,69,72,74,76,78,81,84,91]},{"timeSet":13,"dateRange":1,"harmonicAverageSpeed":58.0,"medianSpeed":64.0,"averageSpeed":63.4,"standardDeviationSpeed":16.5,"travelTimeStandardDeviation":1.47,"sampleSize":1995,"normalizedSampleSize":0.5595,"averageTravelTime":3.47,"medianTravelTime":3.15,"travelTimeRatio":0.98,"speedPercentiles":[36,42,46,50,53,55,57,60,62,64,66,68,70,72,74,77,79,84,90]},{"timeSet":14,"dateRange":1,"harmonicAverageSpeed":55.2,"medianSpeed":61.0,"averageSpeed":61.4,"standardDeviationSpeed":16.4,"travelTimeStandardDeviation":2.28,"sampleSize":2525,"normalizedSampleSize":0.7081,"averageTravelTime":3.65,"medianTravelTime":3.3,"travelTimeRatio":1.03,"speedPercentiles":[34,40,44,48,51,53,56,57,59,61,63,65,68,70,72,75,78,82,88]},{"timeSet":15,"dateRange":1,"harmonicAverageSpeed":58.7,"medianSpeed":63.0,"averageSpeed":63.5,"standardDeviationSpeed":15.9,"travelTimeStandardDeviation":1.25,"sampleSize":2275,"normalizedSampleSize":0.638,"averageTravelTime":3.43,"medianTravelTime":3.2,"travelTimeRatio":0.97,"speedPercentiles":[37,43,48,51,54,56,58,60,61,63,65,67,69,71,74,76,79,83,89]},{"timeSet":16,"dateRange":1,"harmonicAverageSpeed":60.9,"medianSpeed":65.0,"averageSpeed":65.4,"standardDeviationSpeed":15.9,"travelTimeStandardDeviation":1.13,"sampleSize":1847,"normalizedSampleSize":0.5179,"averageTravelTime":3.31,"medianTravelTime":3.1,"travelTimeRatio":0.93,"speedPercentiles":[39,45,49,52,55,57,60,61,63,65,67,69,71,73,76,78,81,85,92]},{"timeSet":17,"dateRange":1,"harmonicAverageSpeed":58.9,"medianSpeed":65.0,"averageSpeed":64.2,"standardDeviationSpeed":16.5,"travelTimeStandardDeviation":1.28,"sampleSize":2084,"normalizedSampleSize":0.5844,"averageTravelTime":3.42,"medianTravelTime":3.1,"travelTimeRatio":0.96,"speedPercentiles":[36,43,48,51,54,56,58,60,62,65,67,68,71,73,75,78,81,85,90]},{"timeSet":18,"dateRange":1,"harmonicAverageSpeed":58.0,"medianSpeed":63.0,"averageSpeed":62.9,"standardDeviationSpeed":15.9,"travelTimeStandardDeviation":1.36,"sampleSize":2102,"normalizedSampleSize":0.5895,"averageTravelTime":3.47,"medianTravelTime":3.2,"travelTimeRatio":0.98,"speedPercentiles":[36,42,46,50,53,55,57,59,61,63,65,67,69,71,73,76,79,83,88]},{"timeSet":19,"dateRange":1,"harmonicAverageSpeed":55.3,"medianSpeed":60.0,"averageSpeed":59.9,"standardDeviationSpeed":15.3,"travelTimeStandardDeviation":1.39,"sampleSize":2305,"normalizedSampleSize":0.6464,"averageTravelTime":3.64,"medianTravelTime":3.36,"travelTimeRatio":1.03,"speedPercentiles":[34,40,44,47,50,52,54,56,58,60,62,64,66,68,70,72,74,79,85]},{"timeSet":20,"dateRange":1,"harmonicAverageSpeed":53.0,"medianSpeed":58.0,"averageSpeed":57.7,"standardDeviationSpeed":14.5,"travelTimeStandardDeviation":1.48,"sampleSize":2391,"normalizedSampleSize":0.6705,"averageTravelTime":3.8,"medianTravelTime":3.47,"travelTimeRatio":1.07,"speedPercentiles":[33,40,43,46,48,50,52,54,56,58,60,61,63,65,67,70,72,76,81]},{"timeSet":21,"dateRange":1,"harmonicAverageSpeed":53.2,"medianSpeed":58.0,"averageSpeed":57.4,"standardDeviationSpeed":14.1,"travelTimeStandardDeviation":1.36,"sampleSize":2429,"normalizedSampleSize":0.6812,"averageTravelTime":3.79,"medianTravelTime":3.47,"travelTimeRatio":1.07,"speedPercentiles":[34,39,43,46,48,50,52,54,56,58,59,61,63,64,66,69,71,75,80]},{"timeSet":22,"dateRange":1,"harmonicAverageSpeed":55.6,"medianSpeed":60.0,"averageSpeed":60.2,"standardDeviationSpeed":15.6,"travelTimeStandardDeviation":1.4,"sampleSize":2046,"normalizedSampleSize":0.5738,"averageTravelTime":3.62,"medianTravelTime":3.36,"travelTimeRatio":1.02,"speedPercentiles":[36,41,45,47,50,52,54,56,58,60,62,64,65,67,69,72,76,80,87]},{"timeSet":23,"dateRange":1,"harmonicAverageSpeed":59.0,"medianSpeed":64.0,"averageSpeed":63.7,"standardDeviationSpeed":15.9,"travelTimeStandardDeviation":1.38,"sampleSize":1422,"normalizedSampleSize":0.3988,"averageTravelTime":3.41,"medianTravelTime":3.15,"travelTimeRatio":0.96,"speedPercentiles":[39,44,48,51,53,55,57,59,62,64,66,67,69,72,74,77,80,83,89]},{"timeSet":24,"dateRange":1,"harmonicAverageSpeed":60.2,"medianSpeed":64.0,"averageSpeed":64.5,"standardDeviationSpeed":16.0,"travelTimeStandardDeviation":0.98,"sampleSize":1462,"normalizedSampleSize":0.41,"averageTravelTime":3.35,"medianTravelTime":3.15,"travelTimeRatio":0.94,"speedPercentiles":[40,45,48,51,54,56,58,60,62,64,65,68,69,71,74,77,81,86,92]},{"timeSet":25,"dateRange":1,"harmonicAverageSpeed":57.2,"medianSpeed":61.0,"averageSpeed":62.6,"standardDeviationSpeed":16.6,"travelTimeStandardDeviation":1.69,"sampleSize":1799,"normalizedSampleSize":0.5045,"averageTravelTime":3.52,"medianTravelTime":3.3,"travelTimeRatio":0.99,"speedPercentiles":[38,43,47,49,52,54,56,57,59,61,63,65,68,70,73,76,79,84,91]}]}},{"type":"Feature","geometry":{"type":"LineString","coordinates":[[12.47162,41.93708],[12.4716,41.93721],[12.47158,41.93727]]},"properties":{"segmentId":-13800006791426,"newSegmentId":"-00004931-3600-0400-0000-0000034cdc2a","speedLimit":50,"frc":3,"streetName":"Corso di Francia","distance":21.62,"segmentTimeResults":[{"timeSet":2,"dateRange":1,"harmonicAverageSpeed":55.7,"medianSpeed":59.0,"averageSpeed":60.0,"standardDeviationSpeed":14.7,"travelTimeStandardDeviation":0.62,"sampleSize":3132,"normalizedSampleSize":0.8783,"averageTravelTime":1.4,"medianTravelTime":1.32,"travelTimeRatio":1.0,"speedPercentiles":[37,42,46,48,51,53,55,56,58,59,61,63,64,66,69,71,74,79,85]},{"timeSet":3,"dateRange":1,"harmonicAverageSpeed":58.1,"medianSpeed":62.0,"averageSpeed":63.1,"standardDeviationSpeed":16.3,"travelTimeStandardDeviation":0.58,"sampleSize":2508,"normalizedSampleSize":0.7033,"averageTravelTime":1.34,"medianTravelTime":1.26,"travelTimeRatio":0.96,"speedPercentiles":[38,44,47,50,53,54,57,58,61,62,64,66,68,70,73,76,80,84,91]},{"timeSet":4,"dateRange":1,"harmonicAverageSpeed":61.0,"medianSpeed":65.0,"averageSpeed":66.0,"standardDeviationSpeed":16.9,"travelTimeStandardDeviation":0.47,"sampleSize":1465,"normalizedSampleSize":0.4108,"averageTravelTime":1.28,"medianTravelTime":1.2,"travelTimeRatio":0.91,"speedPercentiles":[40,46,50,53,55,57,59,61,62,65,67,69,71,74,76,79,83,87,94]},{"timeSet":5,"dateRange":1,"harmonicAverageSpeed":62.4,"medianSpeed":67.0,"averageSpeed":68.5,"standardDeviationSpeed":18.9,"travelTimeStandardDeviation":0.51,"sampleSize":812,"normalizedSampleSize":0.2277,"averageTravelTime":1.25,"medianTravelTime":1.16,"travelTimeRatio":0.89,"speedPercentiles":[39,46,49,54,56,59,61,63,65,67,70,73,75,77,80,82,86,94,104]},{"timeSet":6,"dateRange":1,"harmonicAverageSpeed":59.0,"medianSpeed":65.0,"averageSpeed":66.3,"standardDeviationSpeed":19.5,"travelTimeStandardDeviation":0.65,"sampleSize":893,"normalizedSampleSize":0.2504,"averageTravelTime":1.32,"medianTravelTime":1.2,"travelTimeRatio":0.94,"speedPercentiles":[36,43,48,51,55,57,59,61,63,65,67,70,72,74,77,80,84,89,102]},{"timeSet":7,"dateRange":1,"harmonicAverageSpeed":62.7,"medianSpeed":66.0,"averageSpeed":68.5,"standardDeviationSpeed":19.0,"travelTimeStandardDeviation":0.44,"sampleSize":341,"normalizedSampleSize":0.0956,"averageTravelTime":1.24,"medianTravelTime":1.18,"travelTimeRatio":0.89,"speedPercentiles":[40,47,50,54,57,59,61,62,65,66,69,71,74,77,80,84,88,95,101]},{"timeSet":8,"dateRange":1,"harmonicAverageSpeed":68.0,"medianSpeed":71.0,"averageSpeed":72.7,"standardDeviationSpeed":18.0,"travelTimeStandardDeviation":0.33,"sampleSize":191,"normalizedSampleSize":0.0536,"averageTravelTime":1.15,"medianTravelTime":1.1,"travelTimeRatio":0.82,"speedPercentiles":[43,51,56,60,62,65,66,68,69,71,73,74,78,81,84,86,89,95,106]},{"timeSet":9,"dateRange":1,"harmonicAverageSpeed":63.5,"medianSpeed":72.0,"averageSpeed":72.2,"standardDeviationSpeed":20.1,"travelTimeStandardDeviation":0.88,"sampleSize":376,"normalizedSampleSize":0.1054,"averageTravelTime":1.23,"medianTravelTime":1.08,"travelTimeRatio":0.88,"speedPercentiles":[38,46,53,56,60,63,66,68,71,72,74,77,80,82,85,87,92,97,104]},{"timeSet":10,"dateRange":1,"harmonicAverageSpeed":63.8,"medianSpeed":70.0,"averageSpeed":70.4,"standardDeviationSpeed":17.4,"travelTimeStandardDeviation":0.84,"sampleSize":703,"normalizedSampleSize":0.1971,"averageTravelTime":1.22,"medianTravelTime":1.11,"travelTimeRatio":0.87,"speedPercentiles":[42,47,53,57,59,62,65,67,69,70,72,74,77,79,81,84,86,91,99]},{"timeSet":11,"dateRange":1,"harmonicAverageSpeed":64.1,"medianSpeed":69.0,"averageSpeed":68.7,"standardDeviationSpeed":16.5,"travelTimeStandardDeviation":0.38,"sampleSize":994,"normalizedSampleSize":0.2787,"averageTravelTime":1.21,"medianTravelTime":1.13,"travelTimeRatio":0.87,"speedPercentiles":[41,48,52,55,58,60,62,65,67,69,71,73,75,77,80,82,85,89,95]},{"timeSet":12,"dateRange":1,"harmonicAverageSpeed":57.5,"medianSpeed":65.0,"averageSpeed":64.2,"standardDeviationSpeed":16.5,"travelTimeStandardDeviation":1.38,"sampleSize":1622,"normalizedSampleSize":0.4549,"averageTravelTime":1.35,"medianTravelTime":1.2,"travelTimeRatio":0.97,"speedPercentiles":[36,43,47,51,53,56,58,60,62,65,66,69,71,74,75,78,81,84,91]},{"timeSet":13,"dateRange":1,"harmonicAverageSpeed":57.9,"medianSpeed":64.0,"averageSpeed":63.2,"standardDeviationSpeed":16.6,"travelTimeStandardDeviation":0.51,"sampleSize":1992,"normalizedSampleSize":0.5586,"averageTravelTime":1.34,"medianTravelTime":1.22,"travelTimeRatio":0.96,"speedPercentiles":[35,41,46,49,53,55,57,59,62,64,66,68,70,72,74,77,79,84,89]},{"timeSet":14,"dateRange":1,"harmonicAverageSpeed":54.9,"medianSpeed":61.0,"averageSpeed":61.1,"standardDeviationSpeed":16.5,"travelTimeStandardDeviation":0.91,"sampleSize":2531,"normalizedSampleSize":0.7098,"averageTravelTime":1.42,"medianTravelTime":1.28,"travelTimeRatio":1.01,"speedPercentiles":[34,40,44,47,50,53,55,57,59,61,63,65,68,70,72,75,78,82,88]},{"timeSet":15,"dateRange":1,"harmonicAverageSpeed":58.2,"medianSpeed":63.0,"averageSpeed":63.1,"standardDeviationSpeed":16.1,"travelTimeStandardDeviation":0.49,"sampleSize":2279,"normalizedSampleSize":0.6391,"averageTravelTime":1.34,"medianTravelTime":1.24,"travelTimeRatio":0.96,"speedPercentiles":[36,43,47,50,53,55,57,59,61,63,65,67,69,71,73,76,79,83,90]},{"timeSet":16,"dateRange":1,"harmonicAverageSpeed":60.3,"medianSpeed":64.0,"averageSpeed":64.9,"standardDeviationSpeed":16.0,"travelTimeStandardDeviation":0.44,"sampleSize":1846,"normalizedSampleSize":0.5177,"averageTravelTime":1.29,"medianTravelTime":1.22,"travelTimeRatio":0.92,"speedPercentiles":[39,45,48,51,54,57,59,61,62,64,67,69,71,73,75,78,81,85,92]},{"timeSet":17,"dateRange":1,"harmonicAverageSpeed":58.6,"medianSpeed":64.0,"averageSpeed":63.8,"standardDeviationSpeed":16.5,"travelTimeStandardDeviation":0.49,"sampleSize":2085,"normalizedSampleSize":0.5847,"averageTravelTime":1.33,"medianTravelTime":1.22,"travelTimeRatio":0.95,"speedPercentiles":[36,42,47,51,53,56,58,60,62,64,66,68,70,72,74,77,81,84,91]},{"timeSet":18,"dateRange":1,"harmonicAverageSpeed":57.5,"medianSpeed":63.0,"averageSpeed":62.6,"standardDeviationSpeed":16.0,"travelTimeStandardDeviation":0.56,"sampleSize":2110,"normalizedSampleSize":0.5917,"averageTravelTime":1.35,"medianTravelTime":1.24,"travelTimeRatio":0.97,"speedPercentiles":[36,41,46,49,52,54,57,59,61,63,64,66,69,71,73,76,78,82,88]},{"timeSet":19,"dateRange":1,"harmonicAverageSpeed":54.8,"medianSpeed":59.0,"averageSpeed":59.5,"standardDeviationSpeed":15.3,"travelTimeStandardDeviation":0.55,"sampleSize":2306,"normalizedSampleSize":0.6467,"averageTravelTime":1.42,"medianTravelTime":1.32,"travelTimeRatio":1.02,"speedPercentiles":[34,39,44,47,50,52,54,56,58,59,61,63,65,67,69,72,74,79,85]},{"timeSet":20,"dateRange":1,"harmonicAverageSpeed":51.6,"medianSpeed":58.0,"averageSpeed":57.2,"standardDeviationSpeed":14.8,"travelTimeStandardDeviation":1.16,"sampleSize":2405,"normalizedSampleSize":0.6744,"averageTravelTime":1.51,"medianTravelTime":1.34,"travelTimeRatio":1.08,"speedPercentiles":[32,38,42,45,48,50,52,54,56,58,59,61,63,65,67,69,72,75,81]},{"timeSet":21,"dateRange":1,"harmonicAverageSpeed":52.6,"medianSpeed":57.0,"averageSpeed":56.8,"standardDeviationSpeed":14.2,"travelTimeStandardDeviation":0.54,"sampleSize":2441,"normalizedSampleSize":0.6845,"averageTravelTime":1.48,"medianTravelTime":1.37,"travelTimeRatio":1.06,"speedPercentiles":[34,39,42,45,48,50,52,54,55,57,59,61,62,64,66,68,71,74,80]},{"timeSet":22,"dateRange":1,"harmonicAverageSpeed":54.9,"medianSpeed":59.0,"averageSpeed":59.6,"standardDeviationSpeed":15.6,"travelTimeStandardDeviation":0.56,"sampleSize":2055,"normalizedSampleSize":0.5763,"averageTravelTime":1.42,"medianTravelTime":1.32,"travelTimeRatio":1.01,"speedPercentiles":[35,41,44,47,49,51,53,55,57,59,61,63,65,67,69,71,74,79,86]},{"timeSet":23,"dateRange":1,"harmonicAverageSpeed":58.3,"medianSpeed":63.0,"averageSpeed":63.0,"standardDeviationSpeed":15.8,"travelTimeStandardDeviation":0.54,"sampleSize":1423,"normalizedSampleSize":0.399,"averageTravelTime":1.34,"medianTravelTime":1.24,"travelTimeRatio":0.96,"speedPercentiles":[39,44,47,50,52,54,57,59,61,63,65,67,69,71,73,76,78,83,89]},{"timeSet":24,"dateRange":1,"harmonicAverageSpeed":59.6,"medianSpeed":63.0,"averageSpeed":63.8,"standardDeviationSpeed":16.0,"travelTimeStandardDeviation":0.38,"sampleSize":1463,"normalizedSampleSize":0.4103,"averageTravelTime":1.31,"medianTravelTime":1.24,"travelTimeRatio":0.93,"speedPercentiles":[40,44,48,51,53,55,57,59,61,63,65,67,69,71,73,76,80,85,92]},{"timeSet":25,"dateRange":1,"harmonicAverageSpeed":55.3,"medianSpeed":60.0,"averageSpeed":62.0,"standardDeviationSpeed":16.6,"travelTimeStandardDeviation":1.4,"sampleSize":1805,"normalizedSampleSize":0.5062,"averageTravelTime":1.41,"medianTravelTime":1.3,"travelTimeRatio":1.01,"speedPercentiles":[37,42,46,49,51,53,55,57,59,60,62,65,67,70,72,75,79,84,91]}]}},{"type":"Feature","geometry":{"type":"LineString","coordinates":[[12.47158,41.93727],[12.47153,41.93759]]},"properties":{"segmentId":-13800011256680,"newSegmentId":"-c9746c03-e6b4-4a5b-acd2-8b2ac8b87d12","speedLimit":50,"frc":3,"streetName":"Corso di Francia","distance":35.8,"segmentTimeResults":[{"timeSet":2,"dateRange":1,"harmonicAverageSpeed":54.6,"medianSpeed":58.0,"averageSpeed":59.0,"standardDeviationSpeed":14.7,"travelTimeStandardDeviation":0.94,"sampleSize":3125,"normalizedSampleSize":0.8763,"averageTravelTime":2.36,"medianTravelTime":2.22,"travelTimeRatio":1.0,"speedPercentiles":[36,41,45,47,50,51,53,55,57,58,60,62,63,65,68,71,74,78,85]},{"timeSet":3,"dateRange":1,"harmonicAverageSpeed":57.3,"medianSpeed":61.0,"averageSpeed":62.1,"standardDeviationSpeed":16.0,"travelTimeStandardDeviation":0.89,"sampleSize":2499,"normalizedSampleSize":0.7008,"averageTravelTime":2.25,"medianTravelTime":2.11,"travelTimeRatio":0.95,"speedPercentiles":[38,43,46,49,52,53,55,57,59,61,63,65,67,69,72,75,78,83,90]},{"timeSet":4,"dateRange":1,"harmonicAverageSpeed":58.0,"medianSpeed":64.0,"averageSpeed":64.9,"standardDeviationSpeed":16.9,"travelTimeStandardDeviation":2.87,"sampleSize":1459,"normalizedSampleSize":0.4091,"averageTravelTime":2.22,"medianTravelTime":2.01,"travelTimeRatio":0.94,"speedPercentiles":[39,45,49,52,54,56,58,60,61,64,66,68,71,73,76,78,82,86,93]},{"timeSet":5,"dateRange":1,"harmonicAverageSpeed":61.4,"medianSpeed":66.0,"averageSpeed":67.5,"standardDeviationSpeed":18.8,"travelTimeStandardDeviation":0.84,"sampleSize":808,"normalizedSampleSize":0.2266,"averageTravelTime":2.1,"medianTravelTime":1.95,"travelTimeRatio":0.89,"speedPercentiles":[38,44,49,53,55,58,60,62,64,66,69,71,74,77,79,82,85,92,100]},{"timeSet":6,"dateRange":1,"harmonicAverageSpeed":57.8,"medianSpeed":64.0,"averageSpeed":65.2,"standardDeviationSpeed":19.4,"travelTimeStandardDeviation":1.1,"sampleSize":888,"normalizedSampleSize":0.249,"averageTravelTime":2.23,"medianTravelTime":2.01,"travelTimeRatio":0.94,"speedPercentiles":[36,43,47,51,53,55,58,60,62,64,66,69,71,73,75,80,84,89,100]},{"timeSet":7,"dateRange":1,"harmonicAverageSpeed":61.6,"medianSpeed":66.0,"averageSpeed":67.3,"standardDeviationSpeed":18.7,"travelTimeStandardDeviation":0.74,"sampleSize":341,"normalizedSampleSize":0.0956,"averageTravelTime":2.09,"medianTravelTime":1.95,"travelTimeRatio":0.89,"speedPercentiles":[40,46,50,53,55,57,59,61,64,66,67,70,73,75,79,81,87,94,100]},{"timeSet":8,"dateRange":1,"harmonicAverageSpeed":67.4,"medianSpeed":71.0,"averageSpeed":72.2,"standardDeviationSpeed":17.6,"travelTimeStandardDeviation":0.56,"sampleSize":191,"normalizedSampleSize":0.0536,"averageTravelTime":1.91,"medianTravelTime":1.82,"travelTimeRatio":0.81,"speedPercentiles":[43,51,56,59,62,65,66,68,69,71,73,74,77,81,83,86,89,95,106]},{"timeSet":9,"dateRange":1,"harmonicAverageSpeed":64.9,"medianSpeed":72.0,"averageSpeed":71.7,"standardDeviationSpeed":19.7,"travelTimeStandardDeviation":0.82,"sampleSize":374,"normalizedSampleSize":0.1049,"averageTravelTime":1.99,"medianTravelTime":1.79,"travelTimeRatio":0.84,"speedPercentiles":[38,47,52,56,59,62,65,67,70,72,74,77,80,82,85,87,92,97,104]},{"timeSet":10,"dateRange":1,"harmonicAverageSpeed":63.0,"medianSpeed":70.0,"averageSpeed":69.7,"standardDeviationSpeed":17.5,"travelTimeStandardDeviation":1.4,"sampleSize":702,"normalizedSampleSize":0.1969,"averageTravelTime":2.05,"medianTravelTime":1.84,"travelTimeRatio":0.87,"speedPercentiles":[42,47,52,56,59,61,64,67,68,70,72,74,76,78,80,83,86,91,99]},{"timeSet":11,"dateRange":1,"harmonicAverageSpeed":63.5,"medianSpeed":68.0,"averageSpeed":68.1,"standardDeviationSpeed":16.5,"travelTimeStandardDeviation":0.63,"sampleSize":995,"normalizedSampleSize":0.279,"averageTravelTime":2.03,"medianTravelTime":1.9,"travelTimeRatio":0.86,"speedPercentiles":[40,48,51,54,57,60,62,64,66,68,71,73,75,77,79,82,85,89,95]},{"timeSet":12,"dateRange":1,"harmonicAverageSpeed":58.2,"medianSpeed":64.0,"averageSpeed":63.7,"standardDeviationSpeed":16.4,"travelTimeStandardDeviation":0.91,"sampleSize":1614,"normalizedSampleSize":0.4526,"averageTravelTime":2.21,"medianTravelTime":2.01,"travelTimeRatio":0.94,"speedPercentiles":[36,42,46,50,53,56,58,60,62,64,66,68,71,73,75,78,80,84,90]},{"timeSet":13,"dateRange":1,"harmonicAverageSpeed":53.0,"medianSpeed":63.0,"averageSpeed":62.5,"standardDeviationSpeed":16.6,"travelTimeStandardDeviation":7.82,"sampleSize":1989,"normalizedSampleSize":0.5578,"averageTravelTime":2.43,"medianTravelTime":2.05,"travelTimeRatio":1.03,"speedPercentiles":[35,41,45,48,52,54,56,58,61,63,65,67,69,71,73,76,79,83,89]},{"timeSet":14,"dateRange":1,"harmonicAverageSpeed":55.1,"medianSpeed":60.0,"averageSpeed":60.7,"standardDeviationSpeed":16.3,"travelTimeStandardDeviation":1.17,"sampleSize":2520,"normalizedSampleSize":0.7067,"averageTravelTime":2.34,"medianTravelTime":2.15,"travelTimeRatio":0.99,"speedPercentiles":[34,40,44,47,50,52,54,56,59,60,63,65,67,69,71,74,77,82,88]},{"timeSet":15,"dateRange":1,"harmonicAverageSpeed":57.8,"medianSpeed":62.0,"averageSpeed":62.5,"standardDeviationSpeed":16.0,"travelTimeStandardDeviation":0.76,"sampleSize":2271,"normalizedSampleSize":0.6368,"averageTravelTime":2.23,"medianTravelTime":2.08,"travelTimeRatio":0.95,"speedPercentiles":[36,42,47,50,52,55,56,59,60,62,64,67,69,71,73,75,78,82,88]},{"timeSet":16,"dateRange":1,"harmonicAverageSpeed":59.5,"medianSpeed":63.0,"averageSpeed":64.1,"standardDeviationSpeed":16.0,"travelTimeStandardDeviation":0.74,"sampleSize":1842,"normalizedSampleSize":0.5165,"averageTravelTime":2.16,"medianTravelTime":2.05,"travelTimeRatio":0.92,"speedPercentiles":[39,44,47,50,53,56,58,60,61,63,66,68,70,72,74,77,80,84,91]},{"timeSet":17,"dateRange":1,"harmonicAverageSpeed":58.0,"medianSpeed":63.0,"averageSpeed":63.2,"standardDeviationSpeed":16.4,"travelTimeStandardDeviation":0.81,"sampleSize":2074,"normalizedSampleSize":0.5816,"averageTravelTime":2.22,"medianTravelTime":2.05,"travelTimeRatio":0.94,"speedPercentiles":[36,42,47,50,52,55,57,59,61,63,65,68,70,72,74,77,80,84,91]},{"timeSet":18,"dateRange":1,"harmonicAverageSpeed":56.9,"medianSpeed":62.0,"averageSpeed":61.8,"standardDeviationSpeed":16.0,"travelTimeStandardDeviation":0.87,"sampleSize":2106,"normalizedSampleSize":0.5906,"averageTravelTime":2.27,"medianTravelTime":2.08,"travelTimeRatio":0.96,"speedPercentiles":[35,41,45,49,51,54,56,58,60,62,64,66,68,70,72,75,78,82,87]},{"timeSet":19,"dateRange":1,"harmonicAverageSpeed":54.3,"medianSpeed":59.0,"averageSpeed":58.8,"standardDeviationSpeed":15.4,"travelTimeStandardDeviation":0.79,"sampleSize":2304,"normalizedSampleSize":0.6461,"averageTravelTime":2.37,"medianTravelTime":2.18,"travelTimeRatio":1.01,"speedPercentiles":[34,39,43,46,49,51,53,55,57,59,60,62,64,66,69,71,74,78,85]},{"timeSet":20,"dateRange":1,"harmonicAverageSpeed":51.7,"medianSpeed":57.0,"averageSpeed":56.6,"standardDeviationSpeed":14.6,"travelTimeStandardDeviation":1.02,"sampleSize":2401,"normalizedSampleSize":0.6733,"averageTravelTime":2.49,"medianTravelTime":2.26,"travelTimeRatio":1.06,"speedPercentiles":[32,38,42,45,47,49,51,53,55,57,58,60,62,64,66,68,71,74,79]},{"timeSet":21,"dateRange":1,"harmonicAverageSpeed":52.0,"medianSpeed":56.0,"averageSpeed":56.2,"standardDeviationSpeed":14.0,"travelTimeStandardDeviation":0.9,"sampleSize":2434,"normalizedSampleSize":0.6826,"averageTravelTime":2.48,"medianTravelTime":2.3,"travelTimeRatio":1.05,"speedPercentiles":[33,38,42,44,47,49,51,53,54,56,58,60,62,63,65,67,70,74,79]},{"timeSet":22,"dateRange":1,"harmonicAverageSpeed":54.3,"medianSpeed":58.0,"averageSpeed":58.9,"standardDeviationSpeed":15.5,"travelTimeStandardDeviation":0.93,"sampleSize":2058,"normalizedSampleSize":0.5771,"averageTravelTime":2.37,"medianTravelTime":2.22,"travelTimeRatio":1.01,"speedPercentiles":[34,40,44,46,49,51,53,54,56,58,60,62,64,66,68,71,74,79,85]},{"timeSet":23,"dateRange":1,"harmonicAverageSpeed":57.2,"medianSpeed":61.0,"averageSpeed":62.0,"standardDeviationSpeed":15.6,"travelTimeStandardDeviation":1.05,"sampleSize":1419,"normalizedSampleSize":0.3979,"averageTravelTime":2.25,"medianTravelTime":2.11,"travelTimeRatio":0.96,"speedPercentiles":[39,43,46,49,51,53,55,57,59,61,64,66,68,69,72,75,77,83,89]},{"timeSet":24,"dateRange":1,"harmonicAverageSpeed":58.5,"medianSpeed":62.0,"averageSpeed":62.8,"standardDeviationSpeed":16.1,"travelTimeStandardDeviation":0.64,"sampleSize":1461,"normalizedSampleSize":0.4097,"averageTravelTime":2.2,"medianTravelTime":2.08,"travelTimeRatio":0.93,"speedPercentiles":[39,44,47,49,52,54,56,58,60,62,64,66,68,70,72,75,79,84,91]},{"timeSet":25,"dateRange":1,"harmonicAverageSpeed":56.4,"medianSpeed":60.0,"averageSpeed":61.2,"standardDeviationSpeed":16.5,"travelTimeStandardDeviation":0.83,"sampleSize":1799,"normalizedSampleSize":0.5045,"averageTravelTime":2.29,"medianTravelTime":2.15,"travelTimeRatio":0.97,"speedPercentiles":[36,41,45,48,50,52,54,56,58,60,62,64,66,69,72,74,78,82,90]}]}},{"type":"Feature","geometry":{"type":"LineString","coordinates":[[12.47153,41.93759],[12.47148,41.93787]]},"properties":{"segmentId":-13800011256681,"newSegmentId":"-fbee8086-e179-4220-826d-bc1c22ec34d1","speedLimit":50,"frc":3,"streetName":"Corso di Francia","distance":30.89,"segmentTimeResults":[{"timeSet":2,"dateRange":1,"harmonicAverageSpeed":52.1,"medianSpeed":57.0,"averageSpeed":57.5,"standardDeviationSpeed":15.0,"travelTimeStandardDeviation":1.93,"sampleSize":3125,"normalizedSampleSize":0.8763,"averageTravelTime":2.13,"medianTravelTime":1.95,"travelTimeRatio":1.0,"speedPercentiles":[35,40,43,45,47,49,51,53,55,57,59,60,62,64,67,69,72,78,83]},{"timeSet":3,"dateRange":1,"harmonicAverageSpeed":55.0,"medianSpeed":59.0,"averageSpeed":60.4,"standardDeviationSpeed":16.4,"travelTimeStandardDeviation":0.98,"sampleSize":2504,"normalizedSampleSize":0.7022,"averageTravelTime":2.02,"medianTravelTime":1.88,"travelTimeRatio":0.95,"speedPercentiles":[37,41,44,47,49,51,53,55,57,59,61,63,66,68,71,74,77,82,89]},{"timeSet":4,"dateRange":1,"harmonicAverageSpeed":54.5,"medianSpeed":63.0,"averageSpeed":63.6,"standardDeviationSpeed":17.1,"travelTimeStandardDeviation":4.57,"sampleSize":1459,"normalizedSampleSize":0.4091,"averageTravelTime":2.04,"medianTravelTime":1.77,"travelTimeRatio":0.96,"speedPercentiles":[38,43,46,49,52,54,56,58,60,63,65,67,70,72,75,77,81,85,92]},{"timeSet":5,"dateRange":1,"harmonicAverageSpeed":58.5,"medianSpeed":64.0,"averageSpeed":65.6,"standardDeviationSpeed":19.3,"travelTimeStandardDeviation":0.9,"sampleSize":808,"normalizedSampleSize":0.2266,"averageTravelTime":1.9,"medianTravelTime":1.74,"travelTimeRatio":0.89,"speedPercentiles":[37,42,47,50,53,55,58,60,63,64,67,70,72,75,78,81,83,90,98]},{"timeSet":6,"dateRange":1,"harmonicAverageSpeed":54.0,"medianSpeed":63.0,"averageSpeed":63.7,"standardDeviationSpeed":19.6,"travelTimeStandardDeviation":2.03,"sampleSize":889,"normalizedSampleSize":0.2493,"averageTravelTime":2.06,"medianTravelTime":1.77,"travelTimeRatio":0.96,"speedPercentiles":[33,42,46,49,51,54,57,58,61,63,64,67,69,72,75,78,82,89,98]},{"timeSet":7,"dateRange":1,"harmonicAverageSpeed":59.2,"medianSpeed":65.0,"averageSpeed":65.8,"standardDeviationSpeed":18.9,"travelTimeStandardDeviation":0.9,"sampleSize":343,"normalizedSampleSize":0.0962,"averageTravelTime":1.88,"medianTravelTime":1.71,"travelTimeRatio":0.88,"speedPercentiles":[39,44,47,50,53,55,58,60,61,65,66,70,72,75,78,80,85,93,98]},{"timeSet":8,"dateRange":1,"harmonicAverageSpeed":65.8,"medianSpeed":70.0,"averageSpeed":71.1,"standardDeviationSpeed":17.8,"travelTimeStandardDeviation":0.57,"sampleSize":191,"normalizedSampleSize":0.0536,"averageTravelTime":1.69,"medianTravelTime":1.59,"travelTimeRatio":0.79,"speedPercentiles":[40,47,54,59,61,63,65,67,69,70,71,74,77,80,83,86,88,95,102]},{"timeSet":9,"dateRange":1,"harmonicAverageSpeed":63.0,"medianSpeed":71.0,"averageSpeed":70.3,"standardDeviationSpeed":20.2,"travelTimeStandardDeviation":0.75,"sampleSize":373,"normalizedSampleSize":0.1046,"averageTravelTime":1.77,"medianTravelTime":1.57,"travelTimeRatio":0.83,"speedPercentiles":[36,45,49,53,56,60,63,66,68,71,73,76,79,81,84,86,91,96,103]},{"timeSet":10,"dateRange":1,"harmonicAverageSpeed":60.8,"medianSpeed":69.0,"averageSpeed":68.5,"standardDeviationSpeed":18.0,"travelTimeStandardDeviation":1.34,"sampleSize":703,"normalizedSampleSize":0.1971,"averageTravelTime":1.83,"medianTravelTime":1.61,"travelTimeRatio":0.86,"speedPercentiles":[41,46,49,53,57,60,63,65,68,69,71,73,76,77,80,82,85,90,99]},{"timeSet":11,"dateRange":1,"harmonicAverageSpeed":62.0,"medianSpeed":68.0,"averageSpeed":67.1,"standardDeviationSpeed":16.9,"travelTimeStandardDeviation":0.68,"sampleSize":995,"normalizedSampleSize":0.279,"averageTravelTime":1.8,"medianTravelTime":1.64,"travelTimeRatio":0.84,"speedPercentiles":[39,45,49,53,55,58,61,63,65,68,70,72,74,76,78,81,84,89,95]},{"timeSet":12,"dateRange":1,"harmonicAverageSpeed":56.9,"medianSpeed":63.0,"averageSpeed":62.7,"standardDeviationSpeed":16.6,"travelTimeStandardDeviation":0.97,"sampleSize":1612,"normalizedSampleSize":0.452,"averageTravelTime":1.95,"medianTravelTime":1.77,"travelTimeRatio":0.92,"speedPercentiles":[36,41,45,48,51,54,56,58,61,63,65,68,70,72,74,77,80,83,90]},{"timeSet":13,"dateRange":1,"harmonicAverageSpeed":54.7,"medianSpeed":62.0,"averageSpeed":61.5,"standardDeviationSpeed":16.8,"travelTimeStandardDeviation":2.01,"sampleSize":1991,"normalizedSampleSize":0.5583,"averageTravelTime":2.03,"medianTravelTime":1.79,"travelTimeRatio":0.95,"speedPercentiles":[34,40,44,46,50,53,55,57,60,62,64,66,68,70,72,76,79,82,88]},{"timeSet":14,"dateRange":1,"harmonicAverageSpeed":53.5,"medianSpeed":60.0,"averageSpeed":59.8,"standardDeviationSpeed":16.5,"travelTimeStandardDeviation":1.63,"sampleSize":2521,"normalizedSampleSize":0.707,"averageTravelTime":2.08,"medianTravelTime":1.85,"travelTimeRatio":0.97,"speedPercentiles":[34,39,43,46,48,51,53,55,57,60,62,64,66,68,71,73,77,81,87]},{"timeSet":15,"dateRange":1,"harmonicAverageSpeed":56.2,"medianSpeed":61.0,"averageSpeed":61.4,"standardDeviationSpeed":16.4,"travelTimeStandardDeviation":0.78,"sampleSize":2270,"normalizedSampleSize":0.6366,"averageTravelTime":1.98,"medianTravelTime":1.82,"travelTimeRatio":0.93,"speedPercentiles":[36,41,45,47,50,52,55,57,59,61,63,65,68,70,72,75,78,82,88]},{"timeSet":16,"dateRange":1,"harmonicAverageSpeed":57.2,"medianSpeed":62.0,"averageSpeed":62.8,"standardDeviationSpeed":16.5,"travelTimeStandardDeviation":1.04,"sampleSize":1845,"normalizedSampleSize":0.5174,"averageTravelTime":1.94,"medianTravelTime":1.79,"travelTimeRatio":0.91,"speedPercentiles":[38,43,46,48,50,53,55,58,60,62,65,67,69,71,74,76,80,83,90]},{"timeSet":17,"dateRange":1,"harmonicAverageSpeed":56.7,"medianSpeed":62.0,"averageSpeed":62.1,"standardDeviationSpeed":16.6,"travelTimeStandardDeviation":0.75,"sampleSize":2074,"normalizedSampleSize":0.5816,"averageTravelTime":1.96,"medianTravelTime":1.79,"travelTimeRatio":0.92,"speedPercentiles":[35,41,45,48,51,53,56,58,60,62,64,66,69,71,73,76,79,84,90]},{"timeSet":18,"dateRange":1,"harmonicAverageSpeed":55.4,"medianSpeed":61.0,"averageSpeed":60.7,"standardDeviationSpeed":16.2,"travelTimeStandardDeviation":0.81,"sampleSize":2110,"normalizedSampleSize":0.5917,"averageTravelTime":2.01,"medianTravelTime":1.82,"travelTimeRatio":0.94,"speedPercentiles":[34,40,44,46,49,52,55,57,59,61,63,65,67,69,72,74,77,81,87]},{"timeSet":19,"dateRange":1,"harmonicAverageSpeed":52.9,"medianSpeed":58.0,"averageSpeed":57.8,"standardDeviationSpeed":15.7,"travelTimeStandardDeviation":0.76,"sampleSize":2308,"normalizedSampleSize":0.6472,"averageTravelTime":2.1,"medianTravelTime":1.92,"travelTimeRatio":0.98,"speedPercentiles":[33,37,42,44,47,49,52,54,56,58,59,61,63,66,68,71,74,78,84]},{"timeSet":20,"dateRange":1,"harmonicAverageSpeed":50.3,"medianSpeed":55.0,"averageSpeed":55.7,"standardDeviationSpeed":14.7,"travelTimeStandardDeviation":1.34,"sampleSize":2403,"normalizedSampleSize":0.6739,"averageTravelTime":2.21,"medianTravelTime":2.02,"travelTimeRatio":1.03,"speedPercentiles":[31,37,41,44,46,48,50,52,54,55,57,59,61,63,65,68,71,74,80]},{"timeSet":21,"dateRange":1,"harmonicAverageSpeed":50.5,"medianSpeed":55.0,"averageSpeed":55.1,"standardDeviationSpeed":14.2,"travelTimeStandardDeviation":1.09,"sampleSize":2436,"normalizedSampleSize":0.6831,"averageTravelTime":2.2,"medianTravelTime":2.02,"travelTimeRatio":1.03,"speedPercentiles":[32,37,41,44,45,47,49,51,53,55,57,59,61,63,64,67,69,73,78]},{"timeSet":22,"dateRange":1,"harmonicAverageSpeed":52.5,"medianSpeed":57.0,"averageSpeed":57.9,"standardDeviationSpeed":15.7,"travelTimeStandardDeviation":1.36,"sampleSize":2059,"normalizedSampleSize":0.5774,"averageTravelTime":2.12,"medianTravelTime":1.95,"travelTimeRatio":0.99,"speedPercentiles":[34,39,43,45,47,49,51,53,55,57,59,61,63,65,67,70,73,78,85]},{"timeSet":23,"dateRange":1,"harmonicAverageSpeed":55.3,"medianSpeed":60.0,"averageSpeed":60.7,"standardDeviationSpeed":15.9,"travelTimeStandardDeviation":1.35,"sampleSize":1419,"normalizedSampleSize":0.3979,"averageTravelTime":2.01,"medianTravelTime":1.85,"travelTimeRatio":0.94,"speedPercentiles":[38,42,45,47,50,52,54,55,58,60,62,64,66,69,71,74,77,81,89]},{"timeSet":24,"dateRange":1,"harmonicAverageSpeed":55.4,"medianSpeed":60.0,"averageSpeed":61.6,"standardDeviationSpeed":16.4,"travelTimeStandardDeviation":2.45,"sampleSize":1460,"normalizedSampleSize":0.4094,"averageTravelTime":2.01,"medianTravelTime":1.85,"travelTimeRatio":0.94,"speedPercentiles":[38,43,45,47,50,52,54,56,58,60,62,65,67,69,71,74,79,83,90]},{"timeSet":25,"dateRange":1,"harmonicAverageSpeed":54.8,"medianSpeed":59.0,"averageSpeed":60.1,"standardDeviationSpeed":16.7,"travelTimeStandardDeviation":0.81,"sampleSize":1797,"normalizedSampleSize":0.5039,"averageTravelTime":2.03,"medianTravelTime":1.88,"travelTimeRatio":0.95,"speedPercentiles":[35,41,43,46,48,51,52,54,57,59,61,63,65,68,71,74,77,82,89]}]}},{"type":"Feature","geometry":{"type":"LineString","coordinates":[[12.47148,41.93787],[12.47138,41.93851]]},"properties":{"segmentId":-13800010858709,"newSegmentId":"-a3b46578-f913-4b60-ba3e-a2ba823bed17","speedLimit":50,"frc":3,"streetName":"Corso di Francia","distance":71.88,"segmentTimeResults":[{"timeSet":2,"dateRange":1,"harmonicAverageSpeed":46.8,"medianSpeed":55.0,"averageSpeed":54.0,"standardDeviationSpeed":17.5,"travelTimeStandardDeviation":2.76,"sampleSize":3106,"normalizedSampleSize":0.871,"averageTravelTime":5.54,"medianTravelTime":4.7,"travelTimeRatio":1.0,"speedPercentiles":[26,29,33,37,42,46,48,51,53,55,57,59,61,63,65,68,72,76,82]},{"timeSet":3,"dateRange":1,"harmonicAverageSpeed":49.0,"medianSpeed":58.0,"averageSpeed":57.1,"standardDeviationSpeed":18.7,"travelTimeStandardDeviation":3.5,"sampleSize":2480,"normalizedSampleSize":0.6955,"averageTravelTime":5.28,"medianTravelTime":4.46,"travelTimeRatio":0.95,"speedPercentiles":[27,31,36,41,44,47,51,53,56,58,60,62,65,67,69,72,75,80,87]},{"timeSet":4,"dateRange":1,"harmonicAverageSpeed":52.2,"medianSpeed":61.0,"averageSpeed":60.4,"standardDeviationSpeed":19.0,"travelTimeStandardDeviation":3.33,"sampleSize":1447,"normalizedSampleSize":0.4058,"averageTravelTime":4.96,"medianTravelTime":4.24,"travelTimeRatio":0.9,"speedPercentiles":[28,34,40,45,48,51,54,56,58,61,64,65,68,70,73,76,79,83,91]},{"timeSet":5,"dateRange":1,"harmonicAverageSpeed":53.3,"medianSpeed":63.0,"averageSpeed":62.3,"standardDeviationSpeed":20.6,"travelTimeStandardDeviation":2.83,"sampleSize":805,"normalizedSampleSize":0.2257,"averageTravelTime":4.85,"medianTravelTime":4.11,"travelTimeRatio":0.88,"speedPercentiles":[28,33,38,45,49,53,55,58,60,63,65,68,70,73,76,79,82,87,97]},{"timeSet":6,"dateRange":1,"harmonicAverageSpeed":47.0,"medianSpeed":60.0,"averageSpeed":60.1,"standardDeviationSpeed":20.5,"travelTimeStandardDeviation":8.14,"sampleSize":883,"normalizedSampleSize":0.2476,"averageTravelTime":5.5,"medianTravelTime":4.31,"travelTimeRatio":0.99,"speedPercentiles":[26,33,40,44,48,50,53,56,58,60,62,64,67,69,73,76,80,86,94]},{"timeSet":7,"dateRange":1,"harmonicAverageSpeed":55.9,"medianSpeed":63.0,"averageSpeed":63.2,"standardDeviationSpeed":19.9,"travelTimeStandardDeviation":1.98,"sampleSize":344,"normalizedSampleSize":0.0965,"averageTravelTime":4.63,"medianTravelTime":4.11,"travelTimeRatio":0.84,"speedPercentiles":[29,37,43,47,50,53,56,57,61,63,65,67,70,72,75,78,82,89,98]},{"timeSet":8,"dateRange":1,"harmonicAverageSpeed":61.5,"medianSpeed":69.0,"averageSpeed":69.3,"standardDeviationSpeed":19.5,"travelTimeStandardDeviation":2.11,"sampleSize":190,"normalizedSampleSize":0.0533,"averageTravelTime":4.21,"medianTravelTime":3.75,"travelTimeRatio":0.76,"speedPercentiles":[34,43,49,53,59,61,64,67,69,69,71,73,75,79,83,86,88,93,102]},{"timeSet":9,"dateRange":1,"harmonicAverageSpeed":58.8,"medianSpeed":70.0,"averageSpeed":68.1,"standardDeviationSpeed":21.4,"travelTimeStandardDeviation":2.34,"sampleSize":370,"normalizedSampleSize":0.1038,"averageTravelTime":4.4,"medianTravelTime":3.7,"travelTimeRatio":0.8,"speedPercentiles":[31,38,43,48,54,58,61,64,67,70,72,75,77,81,83,86,90,93,102]},{"timeSet":10,"dateRange":1,"harmonicAverageSpeed":55.9,"medianSpeed":68.0,"averageSpeed":66.1,"standardDeviationSpeed":19.7,"travelTimeStandardDeviation":3.85,"sampleSize":700,"normalizedSampleSize":0.1963,"averageTravelTime":4.63,"medianTravelTime":3.81,"travelTimeRatio":0.84,"speedPercentiles":[30,40,45,48,54,58,62,64,66,68,70,72,74,76,79,81,84,89,98]},{"timeSet":11,"dateRange":1,"harmonicAverageSpeed":57.9,"medianSpeed":66.0,"averageSpeed":65.1,"standardDeviationSpeed":18.2,"travelTimeStandardDeviation":2.71,"sampleSize":990,"normalizedSampleSize":0.2776,"averageTravelTime":4.47,"medianTravelTime":3.92,"travelTimeRatio":0.81,"speedPercentiles":[32,39,45,51,54,57,60,62,64,66,68,70,73,75,77,80,83,87,93]},{"timeSet":12,"dateRange":1,"harmonicAverageSpeed":52.8,"medianSpeed":62.0,"averageSpeed":60.8,"standardDeviationSpeed":18.0,"travelTimeStandardDeviation":3.46,"sampleSize":1609,"normalizedSampleSize":0.4512,"averageTravelTime":4.91,"medianTravelTime":4.17,"travelTimeRatio":0.89,"speedPercentiles":[29,35,40,45,49,52,55,57,60,62,64,67,69,71,74,76,79,83,88]},{"timeSet":13,"dateRange":1,"harmonicAverageSpeed":52.6,"medianSpeed":61.0,"averageSpeed":59.5,"standardDeviationSpeed":18.0,"travelTimeStandardDeviation":2.31,"sampleSize":1987,"normalizedSampleSize":0.5572,"averageTravelTime":4.92,"medianTravelTime":4.24,"travelTimeRatio":0.89,"speedPercentiles":[29,34,39,43,47,51,54,56,59,61,63,65,67,69,72,75,78,81,87]},{"timeSet":14,"dateRange":1,"harmonicAverageSpeed":50.4,"medianSpeed":58.0,"averageSpeed":57.5,"standardDeviationSpeed":17.9,"travelTimeStandardDeviation":2.61,"sampleSize":2515,"normalizedSampleSize":0.7053,"averageTravelTime":5.14,"medianTravelTime":4.46,"travelTimeRatio":0.93,"speedPercentiles":[28,33,37,40,44,48,51,54,56,58,61,63,66,68,70,73,76,80,86]},{"timeSet":15,"dateRange":1,"harmonicAverageSpeed":51.7,"medianSpeed":60.0,"averageSpeed":58.8,"standardDeviationSpeed":18.1,"travelTimeStandardDeviation":2.47,"sampleSize":2260,"normalizedSampleSize":0.6338,"averageTravelTime":5.0,"medianTravelTime":4.31,"travelTimeRatio":0.9,"speedPercentiles":[28,33,38,43,46,50,53,56,58,60,62,64,67,69,71,74,76,81,87]},{"timeSet":16,"dateRange":1,"harmonicAverageSpeed":52.4,"medianSpeed":61.0,"averageSpeed":59.8,"standardDeviationSpeed":18.5,"travelTimeStandardDeviation":2.57,"sampleSize":1839,"normalizedSampleSize":0.5157,"averageTravelTime":4.94,"medianTravelTime":4.24,"travelTimeRatio":0.89,"speedPercentiles":[29,34,39,43,46,50,53,56,58,61,64,66,68,70,72,75,78,82,89]},{"timeSet":17,"dateRange":1,"harmonicAverageSpeed":52.4,"medianSpeed":61.0,"averageSpeed":59.6,"standardDeviationSpeed":18.1,"travelTimeStandardDeviation":2.45,"sampleSize":2066,"normalizedSampleSize":0.5794,"averageTravelTime":4.94,"medianTravelTime":4.24,"travelTimeRatio":0.89,"speedPercentiles":[29,33,38,43,48,51,54,56,59,61,63,65,68,70,72,75,78,82,88]},{"timeSet":18,"dateRange":1,"harmonicAverageSpeed":51.2,"medianSpeed":60.0,"averageSpeed":58.1,"standardDeviationSpeed":17.7,"travelTimeStandardDeviation":2.39,"sampleSize":2109,"normalizedSampleSize":0.5914,"averageTravelTime":5.05,"medianTravelTime":4.31,"travelTimeRatio":0.91,"speedPercentiles":[29,33,38,41,45,49,52,55,58,60,61,63,65,68,70,73,76,80,86]},{"timeSet":19,"dateRange":1,"harmonicAverageSpeed":49.2,"medianSpeed":56.0,"averageSpeed":55.4,"standardDeviationSpeed":16.7,"travelTimeStandardDeviation":2.65,"sampleSize":2300,"normalizedSampleSize":0.645,"averageTravelTime":5.26,"medianTravelTime":4.62,"travelTimeRatio":0.95,"speedPercentiles":[28,32,36,40,44,47,49,52,54,56,58,60,62,64,67,69,73,77,82]},{"timeSet":20,"dateRange":1,"harmonicAverageSpeed":47.2,"medianSpeed":54.0,"averageSpeed":53.8,"standardDeviationSpeed":15.8,"travelTimeStandardDeviation":3.62,"sampleSize":2395,"normalizedSampleSize":0.6716,"averageTravelTime":5.49,"medianTravelTime":4.79,"travelTimeRatio":0.99,"speedPercentiles":[26,31,36,40,44,46,48,51,53,54,56,59,61,63,65,67,69,73,79]},{"timeSet":21,"dateRange":1,"harmonicAverageSpeed":47.4,"medianSpeed":55.0,"averageSpeed":53.2,"standardDeviationSpeed":15.6,"travelTimeStandardDeviation":2.43,"sampleSize":2419,"normalizedSampleSize":0.6784,"averageTravelTime":5.46,"medianTravelTime":4.7,"travelTimeRatio":0.99,"speedPercentiles":[27,31,35,38,42,45,48,50,53,55,56,58,60,62,64,66,69,72,77]},{"timeSet":22,"dateRange":1,"harmonicAverageSpeed":48.1,"medianSpeed":56.0,"averageSpeed":55.3,"standardDeviationSpeed":17.2,"travelTimeStandardDeviation":3.6,"sampleSize":2052,"normalizedSampleSize":0.5754,"averageTravelTime":5.38,"medianTravelTime":4.62,"travelTimeRatio":0.97,"speedPercentiles":[27,32,35,40,44,47,49,52,54,56,58,60,62,64,66,69,72,76,83]},{"timeSet":23,"dateRange":1,"harmonicAverageSpeed":50.4,"medianSpeed":58.0,"averageSpeed":58.1,"standardDeviationSpeed":17.7,"travelTimeStandardDeviation":4.05,"sampleSize":1412,"normalizedSampleSize":0.396,"averageTravelTime":5.13,"medianTravelTime":4.46,"travelTimeRatio":0.93,"speedPercentiles":[29,34,39,43,46,49,52,54,56,58,61,63,65,68,70,73,76,79,88]},{"timeSet":24,"dateRange":1,"harmonicAverageSpeed":52.4,"medianSpeed":59.0,"averageSpeed":58.7,"standardDeviationSpeed":18.0,"travelTimeStandardDeviation":2.04,"sampleSize":1450,"normalizedSampleSize":0.4066,"averageTravelTime":4.94,"medianTravelTime":4.39,"travelTimeRatio":0.89,"speedPercentiles":[28,34,39,43,46,49,52,54,57,59,61,63,66,68,70,73,77,82,88]},{"timeSet":25,"dateRange":1,"harmonicAverageSpeed":49.1,"medianSpeed":57.0,"averageSpeed":57.1,"standardDeviationSpeed":18.7,"travelTimeStandardDeviation":3.03,"sampleSize":1789,"normalizedSampleSize":0.5017,"averageTravelTime":5.28,"medianTravelTime":4.54,"travelTimeRatio":0.95,"speedPercentiles":[27,32,36,41,45,48,50,53,55,57,60,62,64,67,70,72,75,80,88]}]}},{"type":"Feature","geometry":{"type":"LineString","coordinates":[[12.47138,41.93851],[12.47133,41.93874]]},"properties":{"segmentId":-13800006530919,"newSegmentId":"-00004931-3600-0400-0000-0000015e9b3a","speedLimit":50,"frc":3,"streetName":"Corso di Francia","distance":25.73,"segmentTimeResults":[{"timeSet":2,"dateRange":1,"harmonicAverageSpeed":44.7,"medianSpeed":55.0,"averageSpeed":53.0,"standardDeviationSpeed":18.0,"travelTimeStandardDeviation":1.23,"sampleSize":3001,"normalizedSampleSize":0.8416,"averageTravelTime":2.07,"medianTravelTime":1.68,"travelTimeRatio":1.0,"speedPercentiles":[23,28,32,36,40,44,48,50,53,55,57,59,61,63,65,68,71,75,81]},{"timeSet":3,"dateRange":1,"harmonicAverageSpeed":41.2,"medianSpeed":56.0,"averageSpeed":55.3,"standardDeviationSpeed":19.3,"travelTimeStandardDeviation":10.91,"sampleSize":2529,"normalizedSampleSize":0.7092,"averageTravelTime":2.25,"medianTravelTime":1.65,"travelTimeRatio":1.08,"speedPercentiles":[24,29,33,37,42,45,49,52,54,56,59,61,63,65,68,71,75,79,86]},{"timeSet":4,"dateRange":1,"harmonicAverageSpeed":46.1,"medianSpeed":58.0,"averageSpeed":56.7,"standardDeviationSpeed":20.0,"travelTimeStandardDeviation":2.41,"sampleSize":1568,"normalizedSampleSize":0.4397,"averageTravelTime":2.01,"medianTravelTime":1.6,"travelTimeRatio":0.97,"speedPercentiles":[25,29,33,38,41,46,49,53,56,58,61,63,65,68,70,73,76,82,89]},{"timeSet":5,"dateRange":1,"harmonicAverageSpeed":45.2,"medianSpeed":58.0,"averageSpeed":57.0,"standardDeviationSpeed":22.0,"travelTimeStandardDeviation":1.59,"sampleSize":943,"normalizedSampleSize":0.2644,"averageTravelTime":2.05,"medianTravelTime":1.6,"travelTimeRatio":0.99,"speedPercentiles":[24,29,31,36,39,44,48,52,55,58,60,63,66,70,73,76,80,84,93]},{"timeSet":6,"dateRange":1,"harmonicAverageSpeed":38.1,"medianSpeed":52.0,"averageSpeed":51.9,"standardDeviationSpeed":22.0,"travelTimeStandardDeviation":2.61,"sampleSize":1139,"normalizedSampleSize":0.3194,"averageTravelTime":2.43,"medianTravelTime":1.78,"travelTimeRatio":1.17,"speedPercentiles":[18,25,29,32,35,38,41,45,49,52,55,58,60,63,66,70,75,80,89]},{"timeSet":7,"dateRange":1,"harmonicAverageSpeed":47.5,"medianSpeed":57.0,"averageSpeed":57.2,"standardDeviationSpeed":20.3,"travelTimeStandardDeviation":1.31,"sampleSize":396,"normalizedSampleSize":0.111,"averageTravelTime":1.95,"medianTravelTime":1.63,"travelTimeRatio":0.94,"speedPercentiles":[26,30,36,40,43,46,48,51,54,57,61,63,65,67,70,72,77,83,95]},{"timeSet":8,"dateRange":1,"harmonicAverageSpeed":54.0,"medianSpeed":68.0,"averageSpeed":65.2,"standardDeviationSpeed":21.8,"travelTimeStandardDeviation":1.39,"sampleSize":216,"normalizedSampleSize":0.0606,"averageTravelTime":1.72,"medianTravelTime":1.36,"travelTimeRatio":0.83,"speedPercentiles":[28,34,38,44,50,55,59,61,66,68,69,72,74,76,80,84,88,91,100]},{"timeSet":9,"dateRange":1,"harmonicAverageSpeed":54.4,"medianSpeed":68.0,"averageSpeed":66.1,"standardDeviationSpeed":22.4,"travelTimeStandardDeviation":1.44,"sampleSize":374,"normalizedSampleSize":0.1049,"averageTravelTime":1.7,"medianTravelTime":1.36,"travelTimeRatio":0.82,"speedPercentiles":[28,33,39,43,50,56,59,63,65,68,71,73,76,80,82,85,88,93,101]},{"timeSet":10,"dateRange":1,"harmonicAverageSpeed":54.1,"medianSpeed":68.0,"averageSpeed":65.8,"standardDeviationSpeed":19.9,"travelTimeStandardDeviation":1.73,"sampleSize":662,"normalizedSampleSize":0.1856,"averageTravelTime":1.71,"medianTravelTime":1.36,"travelTimeRatio":0.83,"speedPercentiles":[31,38,44,48,54,58,62,64,66,68,70,72,73,76,79,81,84,90,98]},{"timeSet":11,"dateRange":1,"harmonicAverageSpeed":55.6,"medianSpeed":65.0,"averageSpeed":63.5,"standardDeviationSpeed":19.0,"travelTimeStandardDeviation":0.86,"sampleSize":989,"normalizedSampleSize":0.2773,"averageTravelTime":1.67,"medianTravelTime":1.43,"travelTimeRatio":0.8,"speedPercentiles":[30,36,41,46,52,56,58,61,63,65,67,69,72,74,76,79,82,86,92]},{"timeSet":12,"dateRange":1,"harmonicAverageSpeed":51.1,"medianSpeed":62.0,"averageSpeed":59.9,"standardDeviationSpeed":18.6,"travelTimeStandardDeviation":1.32,"sampleSize":1566,"normalizedSampleSize":0.4391,"averageTravelTime":1.81,"medianTravelTime":1.49,"travelTimeRatio":0.87,"speedPercentiles":[28,34,38,43,47,51,54,57,59,62,64,66,69,71,73,75,78,82,88]},{"timeSet":13,"dateRange":1,"harmonicAverageSpeed":51.2,"medianSpeed":60.0,"averageSpeed":58.5,"standardDeviationSpeed":18.0,"travelTimeStandardDeviation":0.91,"sampleSize":1940,"normalizedSampleSize":0.544,"averageTravelTime":1.81,"medianTravelTime":1.54,"travelTimeRatio":0.87,"speedPercentiles":[28,33,37,41,45,49,53,56,58,60,62,64,66,69,71,74,77,81,86]},{"timeSet":14,"dateRange":1,"harmonicAverageSpeed":50.2,"medianSpeed":59.0,"averageSpeed":57.7,"standardDeviationSpeed":17.8,"travelTimeStandardDeviation":1.03,"sampleSize":2336,"normalizedSampleSize":0.6551,"averageTravelTime":1.84,"medianTravelTime":1.57,"travelTimeRatio":0.89,"speedPercentiles":[28,33,37,41,45,48,51,54,57,59,61,63,66,68,70,73,76,80,85]},{"timeSet":15,"dateRange":1,"harmonicAverageSpeed":50.7,"medianSpeed":61.0,"averageSpeed":59.2,"standardDeviationSpeed":17.8,"travelTimeStandardDeviation":2.21,"sampleSize":2084,"normalizedSampleSize":0.5844,"averageTravelTime":1.83,"medianTravelTime":1.52,"travelTimeRatio":0.88,"speedPercentiles":[28,34,39,44,48,52,54,57,59,61,63,65,66,69,71,73,76,80,86]},{"timeSet":16,"dateRange":1,"harmonicAverageSpeed":54.3,"medianSpeed":63.0,"averageSpeed":61.2,"standardDeviationSpeed":17.6,"travelTimeStandardDeviation":1.05,"sampleSize":1628,"normalizedSampleSize":0.4565,"averageTravelTime":1.71,"medianTravelTime":1.47,"travelTimeRatio":0.82,"speedPercentiles":[31,37,42,45,49,53,56,58,61,63,65,67,69,71,73,75,78,81,88]},{"timeSet":17,"dateRange":1,"harmonicAverageSpeed":52.0,"medianSpeed":61.0,"averageSpeed":59.5,"standardDeviationSpeed":18.0,"travelTimeStandardDeviation":0.94,"sampleSize":1942,"normalizedSampleSize":0.5446,"averageTravelTime":1.78,"medianTravelTime":1.52,"travelTimeRatio":0.86,"speedPercentiles":[28,33,38,44,48,52,54,56,59,61,63,65,67,69,72,74,77,81,87]},{"timeSet":18,"dateRange":1,"harmonicAverageSpeed":50.4,"medianSpeed":59.0,"averageSpeed":57.7,"standardDeviationSpeed":17.7,"travelTimeStandardDeviation":1.12,"sampleSize":2033,"normalizedSampleSize":0.5701,"averageTravelTime":1.84,"medianTravelTime":1.57,"travelTimeRatio":0.89,"speedPercentiles":[28,33,37,40,45,48,52,55,57,59,61,63,65,67,69,72,76,79,86]},{"timeSet":19,"dateRange":1,"harmonicAverageSpeed":49.1,"medianSpeed":55.0,"averageSpeed":55.0,"standardDeviationSpeed":16.5,"travelTimeStandardDeviation":0.8,"sampleSize":2216,"normalizedSampleSize":0.6214,"averageTravelTime":1.89,"medianTravelTime":1.68,"travelTimeRatio":0.91,"speedPercentiles":[28,33,36,40,44,47,49,51,53,55,57,60,61,63,66,69,72,76,82]},{"timeSet":20,"dateRange":1,"harmonicAverageSpeed":47.2,"medianSpeed":55.0,"averageSpeed":54.0,"standardDeviationSpeed":16.0,"travelTimeStandardDeviation":1.25,"sampleSize":2309,"normalizedSampleSize":0.6475,"averageTravelTime":1.96,"medianTravelTime":1.68,"travelTimeRatio":0.95,"speedPercentiles":[26,32,36,41,44,47,49,51,53,55,57,59,61,63,65,67,70,74,79]},{"timeSet":21,"dateRange":1,"harmonicAverageSpeed":46.6,"medianSpeed":55.0,"averageSpeed":53.2,"standardDeviationSpeed":15.7,"travelTimeStandardDeviation":1.21,"sampleSize":2307,"normalizedSampleSize":0.6469,"averageTravelTime":1.99,"medianTravelTime":1.68,"travelTimeRatio":0.96,"speedPercentiles":[26,31,35,39,43,46,49,51,53,55,57,59,60,62,64,66,69,72,77]},{"timeSet":22,"dateRange":1,"harmonicAverageSpeed":47.1,"medianSpeed":55.0,"averageSpeed":54.2,"standardDeviationSpeed":17.5,"travelTimeStandardDeviation":1.04,"sampleSize":2070,"normalizedSampleSize":0.5805,"averageTravelTime":1.97,"medianTravelTime":1.68,"travelTimeRatio":0.95,"speedPercentiles":[26,30,34,38,42,45,48,50,53,55,57,59,61,63,65,68,72,75,82]},{"timeSet":23,"dateRange":1,"harmonicAverageSpeed":50.4,"medianSpeed":58.0,"averageSpeed":57.3,"standardDeviationSpeed":18.0,"travelTimeStandardDeviation":0.86,"sampleSize":1396,"normalizedSampleSize":0.3915,"averageTravelTime":1.84,"medianTravelTime":1.6,"travelTimeRatio":0.89,"speedPercentiles":[27,33,37,41,45,49,51,54,56,58,60,62,64,67,69,72,75,79,87]},{"timeSet":24,"dateRange":1,"harmonicAverageSpeed":50.9,"medianSpeed":59.0,"averageSpeed":58.2,"standardDeviationSpeed":18.3,"travelTimeStandardDeviation":1.01,"sampleSize":1375,"normalizedSampleSize":0.3856,"averageTravelTime":1.82,"medianTravelTime":1.57,"travelTimeRatio":0.88,"speedPercentiles":[27,32,38,42,45,49,52,54,57,59,61,63,65,68,70,73,76,81,88]},{"timeSet":25,"dateRange":1,"harmonicAverageSpeed":47.1,"medianSpeed":57.0,"averageSpeed":56.4,"standardDeviationSpeed":18.9,"travelTimeStandardDeviation":1.72,"sampleSize":1716,"normalizedSampleSize":0.4812,"averageTravelTime":1.97,"medianTravelTime":1.63,"travelTimeRatio":0.95,"speedPercentiles":[25,31,35,40,44,48,50,53,55,57,59,61,63,66,69,72,75,80,88]}]}},{"type":"Feature","geometry":{"type":"LineString","coordinates":[[12.47133,41.93874],[12.47125,41.9392]]},"properties":{"segmentId":-13800006809474,"newSegmentId":"-00004931-3600-0400-0000-0000015e9b39","speedLimit":50,"frc":3,"streetName":"Corso di Francia","distance":51.21,"segmentTimeResults":[{"timeSet":2,"dateRange":1,"harmonicAverageSpeed":45.5,"medianSpeed":53.0,"averageSpeed":52.6,"standardDeviationSpeed":16.7,"travelTimeStandardDeviation":2.26,"sampleSize":2995,"normalizedSampleSize":0.8399,"averageTravelTime":4.05,"medianTravelTime":3.48,"travelTimeRatio":1.0,"speedPercentiles":[25,31,35,38,41,44,47,49,51,53,55,57,59,61,64,66,69,74,80]},{"timeSet":3,"dateRange":1,"harmonicAverageSpeed":44.1,"medianSpeed":55.0,"averageSpeed":54.9,"standardDeviationSpeed":17.8,"travelTimeStandardDeviation":8.43,"sampleSize":2521,"normalizedSampleSize":0.707,"averageTravelTime":4.18,"medianTravelTime":3.35,"travelTimeRatio":1.03,"speedPercentiles":[27,33,37,39,42,45,48,50,53,55,57,59,61,64,66,69,73,77,84]},{"timeSet":4,"dateRange":1,"harmonicAverageSpeed":44.8,"medianSpeed":56.0,"averageSpeed":56.2,"standardDeviationSpeed":19.0,"travelTimeStandardDeviation":7.37,"sampleSize":1562,"normalizedSampleSize":0.438,"averageTravelTime":4.12,"medianTravelTime":3.29,"travelTimeRatio":1.02,"speedPercentiles":[27,33,37,40,42,45,48,51,54,56,58,62,64,66,69,72,75,80,87]},{"timeSet":5,"dateRange":1,"harmonicAverageSpeed":43.8,"medianSpeed":57.0,"averageSpeed":56.8,"standardDeviationSpeed":20.9,"travelTimeStandardDeviation":5.23,"sampleSize":939,"normalizedSampleSize":0.2633,"averageTravelTime":4.21,"medianTravelTime":3.23,"travelTimeRatio":1.04,"speedPercentiles":[25,32,36,39,41,44,47,50,53,57,59,62,64,68,71,74,78,83,92]},{"timeSet":6,"dateRange":1,"harmonicAverageSpeed":36.2,"medianSpeed":49.0,"averageSpeed":50.6,"standardDeviationSpeed":21.3,"travelTimeStandardDeviation":5.81,"sampleSize":1116,"normalizedSampleSize":0.313,"averageTravelTime":5.09,"medianTravelTime":3.76,"travelTimeRatio":1.26,"speedPercentiles":[15,25,30,33,36,39,41,44,46,49,52,55,58,61,64,69,73,79,87]},{"timeSet":7,"dateRange":1,"harmonicAverageSpeed":46.0,"medianSpeed":54.0,"averageSpeed":55.6,"standardDeviationSpeed":19.5,"travelTimeStandardDeviation":2.99,"sampleSize":393,"normalizedSampleSize":0.1102,"averageTravelTime":4.01,"medianTravelTime":3.41,"travelTimeRatio":0.99,"speedPercentiles":[26,32,37,40,43,45,47,50,51,54,57,59,61,65,67,69,74,80,93]},{"timeSet":8,"dateRange":1,"harmonicAverageSpeed":54.7,"medianSpeed":67.0,"averageSpeed":64.6,"standardDeviationSpeed":20.5,"travelTimeStandardDeviation":2.69,"sampleSize":215,"normalizedSampleSize":0.0603,"averageTravelTime":3.37,"medianTravelTime":2.75,"travelTimeRatio":0.83,"speedPercentiles":[31,38,40,44,50,54,57,60,65,67,69,71,72,75,79,83,86,90,98]},{"timeSet":9,"dateRange":1,"harmonicAverageSpeed":51.6,"medianSpeed":67.0,"averageSpeed":65.5,"standardDeviationSpeed":22.0,"travelTimeStandardDeviation":4.77,"sampleSize":375,"normalizedSampleSize":0.1052,"averageTravelTime":3.57,"medianTravelTime":2.75,"travelTimeRatio":0.88,"speedPercentiles":[29,37,40,45,49,54,58,61,64,67,70,71,75,78,81,84,88,93,101]},{"timeSet":10,"dateRange":1,"harmonicAverageSpeed":53.7,"medianSpeed":66.0,"averageSpeed":64.7,"standardDeviationSpeed":19.2,"travelTimeStandardDeviation":3.46,"sampleSize":660,"normalizedSampleSize":0.1851,"averageTravelTime":3.43,"medianTravelTime":2.79,"travelTimeRatio":0.85,"speedPercentiles":[32,40,45,48,52,56,59,62,64,66,68,71,72,75,77,80,83,88,94]},{"timeSet":11,"dateRange":1,"harmonicAverageSpeed":52.8,"medianSpeed":63.0,"averageSpeed":62.2,"standardDeviationSpeed":18.2,"travelTimeStandardDeviation":5.05,"sampleSize":991,"normalizedSampleSize":0.2779,"averageTravelTime":3.49,"medianTravelTime":2.93,"travelTimeRatio":0.86,"speedPercentiles":[32,37,42,46,51,54,56,58,61,63,65,68,70,73,75,78,81,84,91]},{"timeSet":12,"dateRange":1,"harmonicAverageSpeed":50.3,"medianSpeed":60.0,"averageSpeed":59.0,"standardDeviationSpeed":17.7,"travelTimeStandardDeviation":2.95,"sampleSize":1565,"normalizedSampleSize":0.4389,"averageTravelTime":3.67,"medianTravelTime":3.07,"travelTimeRatio":0.9,"speedPercentiles":[30,36,39,43,46,50,52,55,58,60,62,65,67,69,71,74,77,81,86]},{"timeSet":13,"dateRange":1,"harmonicAverageSpeed":50.4,"medianSpeed":58.0,"averageSpeed":57.5,"standardDeviationSpeed":17.2,"travelTimeStandardDeviation":2.25,"sampleSize":1937,"normalizedSampleSize":0.5432,"averageTravelTime":3.66,"medianTravelTime":3.18,"travelTimeRatio":0.9,"speedPercentiles":[29,35,39,42,45,49,51,54,56,58,60,63,65,67,69,72,75,80,85]},{"timeSet":14,"dateRange":1,"harmonicAverageSpeed":49.2,"medianSpeed":57.0,"averageSpeed":56.4,"standardDeviationSpeed":17.1,"travelTimeStandardDeviation":2.17,"sampleSize":2334,"normalizedSampleSize":0.6545,"averageTravelTime":3.75,"medianTravelTime":3.23,"travelTimeRatio":0.92,"speedPercentiles":[28,34,38,41,44,47,50,52,55,57,59,61,64,66,69,71,74,78,84]},{"timeSet":15,"dateRange":1,"harmonicAverageSpeed":49.5,"medianSpeed":59.0,"averageSpeed":58.1,"standardDeviationSpeed":17.0,"travelTimeStandardDeviation":4.81,"sampleSize":2083,"normalizedSampleSize":0.5841,"averageTravelTime":3.72,"medianTravelTime":3.12,"travelTimeRatio":0.92,"speedPercentiles":[30,36,40,43,47,50,53,55,57,59,61,63,65,66,69,72,75,79,84]},{"timeSet":16,"dateRange":1,"harmonicAverageSpeed":53.2,"medianSpeed":61.0,"averageSpeed":60.0,"standardDeviationSpeed":17.0,"travelTimeStandardDeviation":2.39,"sampleSize":1624,"normalizedSampleSize":0.4554,"averageTravelTime":3.47,"medianTravelTime":3.02,"travelTimeRatio":0.86,"speedPercentiles":[32,38,42,45,48,51,54,57,59,61,63,65,67,69,71,74,76,81,87]},{"timeSet":17,"dateRange":1,"harmonicAverageSpeed":51.1,"medianSpeed":59.0,"averageSpeed":58.4,"standardDeviationSpeed":17.1,"travelTimeStandardDeviation":2.63,"sampleSize":1942,"normalizedSampleSize":0.5446,"averageTravelTime":3.61,"medianTravelTime":3.12,"travelTimeRatio":0.89,"speedPercentiles":[29,36,40,44,47,50,53,55,57,59,61,63,65,67,70,72,76,80,86]},{"timeSet":18,"dateRange":1,"harmonicAverageSpeed":49.7,"medianSpeed":57.0,"averageSpeed":56.6,"standardDeviationSpeed":16.7,"travelTimeStandardDeviation":2.46,"sampleSize":2024,"normalizedSampleSize":0.5676,"averageTravelTime":3.71,"medianTravelTime":3.23,"travelTimeRatio":0.91,"speedPercentiles":[29,35,38,42,45,47,50,53,55,57,59,61,63,65,68,70,73,77,84]},{"timeSet":19,"dateRange":1,"harmonicAverageSpeed":47.2,"medianSpeed":53.0,"averageSpeed":53.5,"standardDeviationSpeed":16.2,"travelTimeStandardDeviation":2.37,"sampleSize":2214,"normalizedSampleSize":0.6209,"averageTravelTime":3.91,"medianTravelTime":3.48,"travelTimeRatio":0.96,"speedPercentiles":[28,33,37,40,42,45,47,49,51,53,55,57,60,62,64,67,70,75,81]},{"timeSet":20,"dateRange":1,"harmonicAverageSpeed":46.6,"medianSpeed":53.0,"averageSpeed":53.1,"standardDeviationSpeed":15.4,"travelTimeStandardDeviation":3.29,"sampleSize":2300,"normalizedSampleSize":0.645,"averageTravelTime":3.96,"medianTravelTime":3.48,"travelTimeRatio":0.98,"speedPercentiles":[27,33,37,40,43,45,47,50,52,53,55,57,59,61,63,66,69,72,78]},{"timeSet":21,"dateRange":1,"harmonicAverageSpeed":46.1,"medianSpeed":53.0,"averageSpeed":52.3,"standardDeviationSpeed":15.1,"travelTimeStandardDeviation":2.43,"sampleSize":2307,"normalizedSampleSize":0.6469,"averageTravelTime":4.0,"medianTravelTime":3.48,"travelTimeRatio":0.99,"speedPercentiles":[28,32,36,39,42,44,47,49,51,53,55,57,59,60,62,65,67,71,76]},{"timeSet":22,"dateRange":1,"harmonicAverageSpeed":46.1,"medianSpeed":53.0,"averageSpeed":53.4,"standardDeviationSpeed":16.8,"travelTimeStandardDeviation":3.11,"sampleSize":2066,"normalizedSampleSize":0.5794,"averageTravelTime":4.0,"medianTravelTime":3.48,"travelTimeRatio":0.99,"speedPercentiles":[28,32,36,39,42,44,46,49,51,53,56,57,60,62,64,67,70,74,81]},{"timeSet":23,"dateRange":1,"harmonicAverageSpeed":50.8,"medianSpeed":56.0,"averageSpeed":56.8,"standardDeviationSpeed":16.9,"travelTimeStandardDeviation":1.61,"sampleSize":1391,"normalizedSampleSize":0.3901,"averageTravelTime":3.63,"medianTravelTime":3.29,"travelTimeRatio":0.89,"speedPercentiles":[31,36,40,43,45,48,50,52,54,56,58,60,63,65,68,70,74,78,85]},{"timeSet":24,"dateRange":1,"harmonicAverageSpeed":51.4,"medianSpeed":57.0,"averageSpeed":57.4,"standardDeviationSpeed":17.0,"travelTimeStandardDeviation":1.88,"sampleSize":1371,"normalizedSampleSize":0.3845,"averageTravelTime":3.59,"medianTravelTime":3.23,"travelTimeRatio":0.89,"speedPercentiles":[31,35,39,43,45,48,51,53,55,57,59,62,63,66,68,71,74,79,86]},{"timeSet":25,"dateRange":1,"harmonicAverageSpeed":46.7,"medianSpeed":56.0,"averageSpeed":55.8,"standardDeviationSpeed":17.9,"travelTimeStandardDeviation":3.67,"sampleSize":1716,"normalizedSampleSize":0.4812,"averageTravelTime":3.95,"medianTravelTime":3.29,"travelTimeRatio":0.97,"speedPercentiles":[28,34,38,41,44,47,50,52,54,56,58,60,62,64,67,70,73,78,87]}]}},{"type":"Feature","geometry":{"type":"LineString","coordinates":[[12.47125,41.9392],[12.47111,41.93997]]},"properties":{"segmentId":-13800014505221,"newSegmentId":"-ad10dda4-642d-4637-b7e9-6e4de179be96","speedLimit":50,"frc":2,"streetName":"Corso di Francia","distance":87.0,"segmentTimeResults":[{"timeSet":2,"dateRange":1,"harmonicAverageSpeed":33.8,"medianSpeed":44.0,"averageSpeed":45.4,"standardDeviationSpeed":18.4,"travelTimeStandardDeviation":8.85,"sampleSize":3160,"normalizedSampleSize":0.8861,"averageTravelTime":9.28,"medianTravelTime":7.12,"travelTimeRatio":1.0,"speedPercentiles":[14,22,27,31,33,36,38,40,42,44,47,49,52,55,58,62,65,69,76]},{"timeSet":3,"dateRange":1,"harmonicAverageSpeed":33.7,"medianSpeed":47.0,"averageSpeed":48.2,"standardDeviationSpeed":19.5,"travelTimeStandardDeviation":12.58,"sampleSize":2622,"normalizedSampleSize":0.7353,"averageTravelTime":9.31,"medianTravelTime":6.66,"travelTimeRatio":1.0,"speedPercentiles":[13,23,30,34,36,39,40,43,45,47,50,53,55,58,61,65,69,73,81]},{"timeSet":4,"dateRange":1,"harmonicAverageSpeed":30.6,"medianSpeed":50.0,"averageSpeed":49.8,"standardDeviationSpeed":21.8,"travelTimeStandardDeviation":14.89,"sampleSize":1598,"normalizedSampleSize":0.4481,"averageTravelTime":10.24,"medianTravelTime":6.26,"travelTimeRatio":1.1,"speedPercentiles":[9,19,29,33,36,39,41,44,47,50,53,56,58,61,65,68,72,77,85]},{"timeSet":5,"dateRange":1,"harmonicAverageSpeed":25.1,"medianSpeed":52.0,"averageSpeed":50.4,"standardDeviationSpeed":24.6,"travelTimeStandardDeviation":19.4,"sampleSize":939,"normalizedSampleSize":0.2633,"averageTravelTime":12.46,"medianTravelTime":6.02,"travelTimeRatio":1.34,"speedPercentiles":[6,10,21,32,36,39,42,45,48,52,55,58,60,63,67,71,75,81,88]},{"timeSet":6,"dateRange":1,"harmonicAverageSpeed":17.0,"medianSpeed":44.0,"averageSpeed":42.8,"standardDeviationSpeed":25.8,"travelTimeStandardDeviation":27.03,"sampleSize":1001,"normalizedSampleSize":0.2807,"averageTravelTime":18.44,"medianTravelTime":7.12,"travelTimeRatio":1.99,"speedPercentiles":[4,6,8,13,21,28,33,37,40,44,48,52,55,58,62,64,69,75,84]},{"timeSet":7,"dateRange":1,"harmonicAverageSpeed":20.7,"medianSpeed":47.0,"averageSpeed":45.8,"standardDeviationSpeed":24.7,"travelTimeStandardDeviation":24.54,"sampleSize":392,"normalizedSampleSize":0.1099,"averageTravelTime":15.13,"medianTravelTime":6.66,"travelTimeRatio":1.63,"speedPercentiles":[5,9,14,22,28,34,38,41,45,47,51,53,56,58,62,67,69,76,90]},{"timeSet":8,"dateRange":1,"harmonicAverageSpeed":39.7,"medianSpeed":60.0,"averageSpeed":58.9,"standardDeviationSpeed":23.1,"travelTimeStandardDeviation":10.86,"sampleSize":231,"normalizedSampleSize":0.0648,"averageTravelTime":7.89,"medianTravelTime":5.22,"travelTimeRatio":0.85,"speedPercentiles":[15,28,36,39,45,47,50,53,57,60,63,66,69,72,74,76,83,89,95]},{"timeSet":9,"dateRange":1,"harmonicAverageSpeed":44.2,"medianSpeed":59.0,"averageSpeed":59.9,"standardDeviationSpeed":22.4,"travelTimeStandardDeviation":9.92,"sampleSize":408,"normalizedSampleSize":0.1144,"averageTravelTime":7.09,"medianTravelTime":5.31,"travelTimeRatio":0.76,"speedPercentiles":[25,32,37,40,44,47,50,54,57,59,62,65,69,72,77,81,84,89,95]},{"timeSet":10,"dateRange":1,"harmonicAverageSpeed":39.6,"medianSpeed":58.0,"averageSpeed":57.8,"standardDeviationSpeed":20.7,"travelTimeStandardDeviation":19.25,"sampleSize":732,"normalizedSampleSize":0.2053,"averageTravelTime":7.92,"medianTravelTime":5.4,"travelTimeRatio":0.85,"speedPercentiles":[25,33,37,41,43,46,49,51,55,58,61,64,67,70,73,75,79,84,91]},{"timeSet":11,"dateRange":1,"harmonicAverageSpeed":39.4,"medianSpeed":54.0,"averageSpeed":54.6,"standardDeviationSpeed":20.0,"travelTimeStandardDeviation":12.39,"sampleSize":1110,"normalizedSampleSize":0.3113,"averageTravelTime":7.94,"medianTravelTime":5.8,"travelTimeRatio":0.86,"speedPercentiles":[21,31,35,38,41,43,46,49,52,54,58,60,62,66,69,72,76,81,87]},{"timeSet":12,"dateRange":1,"harmonicAverageSpeed":36.1,"medianSpeed":51.0,"averageSpeed":51.3,"standardDeviationSpeed":19.0,"travelTimeStandardDeviation":13.47,"sampleSize":1715,"normalizedSampleSize":0.4809,"averageTravelTime":8.69,"medianTravelTime":6.14,"travelTimeRatio":0.94,"speedPercentiles":[18,30,33,36,38,41,43,45,48,51,53,56,59,62,65,68,72,77,83]},{"timeSet":13,"dateRange":1,"harmonicAverageSpeed":36.5,"medianSpeed":48.0,"averageSpeed":49.2,"standardDeviationSpeed":19.0,"travelTimeStandardDeviation":11.46,"sampleSize":2172,"normalizedSampleSize":0.6091,"averageTravelTime":8.57,"medianTravelTime":6.53,"travelTimeRatio":0.92,"speedPercentiles":[18,26,31,34,36,38,40,42,45,48,51,53,57,60,63,66,70,74,81]},{"timeSet":14,"dateRange":1,"harmonicAverageSpeed":33.0,"medianSpeed":45.0,"averageSpeed":46.6,"standardDeviationSpeed":19.3,"travelTimeStandardDeviation":14.98,"sampleSize":2656,"normalizedSampleSize":0.7448,"averageTravelTime":9.49,"medianTravelTime":6.96,"travelTimeRatio":1.02,"speedPercentiles":[14,21,27,31,34,36,38,40,42,45,48,51,54,58,61,64,68,72,78]},{"timeSet":15,"dateRange":1,"harmonicAverageSpeed":35.8,"medianSpeed":48.0,"averageSpeed":48.6,"standardDeviationSpeed":19.4,"travelTimeStandardDeviation":9.38,"sampleSize":2321,"normalizedSampleSize":0.6509,"averageTravelTime":8.75,"medianTravelTime":6.53,"travelTimeRatio":0.94,"speedPercentiles":[15,23,30,33,36,38,40,43,45,48,51,54,56,59,62,65,69,73,79]},{"timeSet":16,"dateRange":1,"harmonicAverageSpeed":38.1,"medianSpeed":52.0,"averageSpeed":51.8,"standardDeviationSpeed":19.3,"travelTimeStandardDeviation":10.88,"sampleSize":1781,"normalizedSampleSize":0.4994,"averageTravelTime":8.21,"medianTravelTime":6.02,"travelTimeRatio":0.89,"speedPercentiles":[17,28,34,37,39,41,44,46,49,52,54,57,60,62,65,68,71,76,83]},{"timeSet":17,"dateRange":1,"harmonicAverageSpeed":38.7,"medianSpeed":50.0,"averageSpeed":50.8,"standardDeviationSpeed":18.7,"travelTimeStandardDeviation":10.19,"sampleSize":2085,"normalizedSampleSize":0.5847,"averageTravelTime":8.08,"medianTravelTime":6.26,"travelTimeRatio":0.87,"speedPercentiles":[20,28,32,35,38,40,43,45,47,50,53,56,58,61,64,68,71,76,81]},{"timeSet":18,"dateRange":1,"harmonicAverageSpeed":38.0,"medianSpeed":47.0,"averageSpeed":48.8,"standardDeviationSpeed":18.2,"travelTimeStandardDeviation":8.9,"sampleSize":2162,"normalizedSampleSize":0.6063,"averageTravelTime":8.25,"medianTravelTime":6.66,"travelTimeRatio":0.89,"speedPercentiles":[20,27,31,34,36,38,40,43,45,47,50,53,56,59,62,65,68,73,79]},{"timeSet":19,"dateRange":1,"harmonicAverageSpeed":33.0,"medianSpeed":44.0,"averageSpeed":45.0,"standardDeviationSpeed":18.2,"travelTimeStandardDeviation":12.73,"sampleSize":2400,"normalizedSampleSize":0.673,"averageTravelTime":9.48,"medianTravelTime":7.12,"travelTimeRatio":1.02,"speedPercentiles":[15,22,27,31,33,35,37,39,41,44,46,48,51,54,58,61,65,70,77]},{"timeSet":20,"dateRange":1,"harmonicAverageSpeed":33.6,"medianSpeed":43.0,"averageSpeed":44.9,"standardDeviationSpeed":17.9,"travelTimeStandardDeviation":10.37,"sampleSize":2547,"normalizedSampleSize":0.7142,"averageTravelTime":9.32,"medianTravelTime":7.28,"travelTimeRatio":1.0,"speedPercentiles":[16,22,27,31,33,35,37,39,41,43,46,48,51,54,58,61,65,69,75]},{"timeSet":21,"dateRange":1,"harmonicAverageSpeed":32.9,"medianSpeed":44.0,"averageSpeed":44.6,"standardDeviationSpeed":17.5,"travelTimeStandardDeviation":12.63,"sampleSize":2480,"normalizedSampleSize":0.6955,"averageTravelTime":9.53,"medianTravelTime":7.12,"travelTimeRatio":1.03,"speedPercentiles":[15,22,27,31,33,35,37,39,41,44,46,49,52,55,58,61,64,67,73]},{"timeSet":22,"dateRange":1,"harmonicAverageSpeed":31.3,"medianSpeed":43.0,"averageSpeed":45.2,"standardDeviationSpeed":19.0,"travelTimeStandardDeviation":14.99,"sampleSize":2294,"normalizedSampleSize":0.6433,"averageTravelTime":10.01,"medianTravelTime":7.28,"travelTimeRatio":1.08,"speedPercentiles":[14,22,27,31,33,35,37,39,41,43,45,48,52,55,58,61,65,70,78]},{"timeSet":23,"dateRange":1,"harmonicAverageSpeed":35.5,"medianSpeed":48.0,"averageSpeed":48.7,"standardDeviationSpeed":19.2,"travelTimeStandardDeviation":10.13,"sampleSize":1558,"normalizedSampleSize":0.4369,"averageTravelTime":8.83,"medianTravelTime":6.53,"travelTimeRatio":0.95,"speedPercentiles":[16,24,31,34,36,39,41,43,45,48,50,52,55,58,61,64,68,73,81]},{"timeSet":24,"dateRange":1,"harmonicAverageSpeed":40.6,"medianSpeed":49.0,"averageSpeed":50.5,"standardDeviationSpeed":18.1,"travelTimeStandardDeviation":6.69,"sampleSize":1532,"normalizedSampleSize":0.4296,"averageTravelTime":7.71,"medianTravelTime":6.39,"travelTimeRatio":0.83,"speedPercentiles":[22,30,34,36,38,40,42,45,47,49,52,54,57,59,62,66,69,73,82]},{"timeSet":25,"dateRange":1,"harmonicAverageSpeed":37.0,"medianSpeed":48.0,"averageSpeed":49.4,"standardDeviationSpeed":19.1,"travelTimeStandardDeviation":9.3,"sampleSize":1825,"normalizedSampleSize":0.5118,"averageTravelTime":8.47,"medianTravelTime":6.53,"travelTimeRatio":0.91,"speedPercentiles":[18,27,32,34,36,39,41,44,46,48,51,53,56,59,62,65,69,74,81]}]}},{"type":"Feature","geometry":{"type":"LineString","coordinates":[[12.47111,41.93997],[12.47108,41.94018]]},"properties":{"segmentId":-13800014505222,"newSegmentId":"-e71f3061-b25b-4b92-a9c4-167471e2181a","speedLimit":50,"frc":2,"streetName":"Corso di Francia","distance":22.54,"segmentTimeResults":[{"timeSet":2,"dateRange":1,"harmonicAverageSpeed":27.6,"medianSpeed":41.0,"averageSpeed":42.5,"standardDeviationSpeed":19.4,"travelTimeStandardDeviation":5.62,"sampleSize":3122,"normalizedSampleSize":0.8755,"averageTravelTime":2.94,"medianTravelTime":1.98,"travelTimeRatio":1.0,"speedPercentiles":[11,17,23,26,28,31,33,36,38,41,44,47,50,54,57,61,64,68,74]},{"timeSet":3,"dateRange":1,"harmonicAverageSpeed":29.9,"medianSpeed":45.0,"averageSpeed":46.1,"standardDeviationSpeed":20.0,"travelTimeStandardDeviation":5.5,"sampleSize":2557,"normalizedSampleSize":0.717,"averageTravelTime":2.71,"medianTravelTime":1.8,"travelTimeRatio":0.92,"speedPercentiles":[13,21,26,29,32,35,37,40,42,45,48,51,54,57,60,63,67,72,79]},{"timeSet":4,"dateRange":1,"harmonicAverageSpeed":27.6,"medianSpeed":46.0,"averageSpeed":48.2,"standardDeviationSpeed":21.5,"travelTimeStandardDeviation":9.28,"sampleSize":1554,"normalizedSampleSize":0.4358,"averageTravelTime":2.94,"medianTravelTime":1.76,"travelTimeRatio":1.0,"speedPercentiles":[11,21,27,30,34,36,39,42,44,46,50,54,57,60,63,67,71,76,83]},{"timeSet":5,"dateRange":1,"harmonicAverageSpeed":27.0,"medianSpeed":49.0,"averageSpeed":50.0,"standardDeviationSpeed":23.2,"travelTimeStandardDeviation":5.77,"sampleSize":931,"normalizedSampleSize":0.2611,"averageTravelTime":3.01,"medianTravelTime":1.66,"travelTimeRatio":1.02,"speedPercentiles":[9,20,26,30,35,38,40,43,46,49,52,55,59,62,67,71,74,80,87]},{"timeSet":6,"dateRange":1,"harmonicAverageSpeed":15.6,"medianSpeed":42.0,"averageSpeed":43.0,"standardDeviationSpeed":23.9,"travelTimeStandardDeviation":13.99,"sampleSize":1005,"normalizedSampleSize":0.2818,"averageTravelTime":5.21,"medianTravelTime":1.93,"travelTimeRatio":1.77,"speedPercentiles":[5,10,16,22,26,29,33,36,39,42,45,49,53,56,60,64,68,73,83]},{"timeSet":7,"dateRange":1,"harmonicAverageSpeed":17.2,"medianSpeed":44.0,"averageSpeed":43.5,"standardDeviationSpeed":23.4,"travelTimeStandardDeviation":11.71,"sampleSize":428,"normalizedSampleSize":0.12,"averageTravelTime":4.73,"medianTravelTime":1.84,"travelTimeRatio":1.61,"speedPercentiles":[6,11,16,20,27,31,35,38,41,44,47,50,52,56,58,61,66,73,85]},{"timeSet":8,"dateRange":1,"harmonicAverageSpeed":18.5,"medianSpeed":54.0,"averageSpeed":54.4,"standardDeviationSpeed":23.7,"travelTimeStandardDeviation":21.28,"sampleSize":245,"normalizedSampleSize":0.0687,"averageTravelTime":4.4,"medianTravelTime":1.5,"travelTimeRatio":1.5,"speedPercentiles":[13,22,31,36,39,43,45,47,49,54,57,61,67,69,72,76,80,86,91]},{"timeSet":9,"dateRange":1,"harmonicAverageSpeed":34.5,"medianSpeed":57.0,"averageSpeed":56.1,"standardDeviationSpeed":23.1,"travelTimeStandardDeviation":4.94,"sampleSize":417,"normalizedSampleSize":0.1169,"averageTravelTime":2.35,"medianTravelTime":1.42,"travelTimeRatio":0.8,"speedPercentiles":[18,26,32,35,39,42,46,49,54,57,59,63,66,70,74,78,82,86,92]},{"timeSet":10,"dateRange":1,"harmonicAverageSpeed":30.0,"medianSpeed":56.0,"averageSpeed":54.7,"standardDeviationSpeed":21.7,"travelTimeStandardDeviation":12.8,"sampleSize":728,"normalizedSampleSize":0.2042,"averageTravelTime":2.71,"medianTravelTime":1.45,"travelTimeRatio":0.92,"speedPercentiles":[15,26,32,36,40,43,46,50,53,56,59,62,64,67,70,74,77,81,90]},{"timeSet":11,"dateRange":1,"harmonicAverageSpeed":32.5,"medianSpeed":51.0,"averageSpeed":51.0,"standardDeviationSpeed":21.5,"travelTimeStandardDeviation":4.55,"sampleSize":1110,"normalizedSampleSize":0.3113,"averageTravelTime":2.49,"medianTravelTime":1.59,"travelTimeRatio":0.85,"speedPercentiles":[13,23,29,33,37,39,41,45,48,51,55,58,60,63,66,71,74,79,84]},{"timeSet":12,"dateRange":1,"harmonicAverageSpeed":28.5,"medianSpeed":47.0,"averageSpeed":47.5,"standardDeviationSpeed":20.4,"travelTimeStandardDeviation":7.52,"sampleSize":1731,"normalizedSampleSize":0.4854,"averageTravelTime":2.85,"medianTravelTime":1.73,"travelTimeRatio":0.97,"speedPercentiles":[13,20,26,31,33,36,38,41,44,47,50,53,56,60,63,66,70,75,81]},{"timeSet":13,"dateRange":1,"harmonicAverageSpeed":27.6,"medianSpeed":44.0,"averageSpeed":46.0,"standardDeviationSpeed":20.2,"travelTimeStandardDeviation":7.1,"sampleSize":2163,"normalizedSampleSize":0.6066,"averageTravelTime":2.94,"medianTravelTime":1.84,"travelTimeRatio":1.0,"speedPercentiles":[12,19,25,29,32,35,37,39,42,44,48,51,55,58,61,64,68,73,79]},{"timeSet":14,"dateRange":1,"harmonicAverageSpeed":25.9,"medianSpeed":43.0,"averageSpeed":43.5,"standardDeviationSpeed":20.3,"travelTimeStandardDeviation":5.46,"sampleSize":2639,"normalizedSampleSize":0.74,"averageTravelTime":3.13,"medianTravelTime":1.89,"travelTimeRatio":1.07,"speedPercentiles":[9,16,22,26,29,32,35,37,40,43,45,49,52,56,59,62,66,70,77]},{"timeSet":15,"dateRange":1,"harmonicAverageSpeed":26.9,"medianSpeed":45.0,"averageSpeed":45.4,"standardDeviationSpeed":20.6,"travelTimeStandardDeviation":7.44,"sampleSize":2320,"normalizedSampleSize":0.6506,"averageTravelTime":3.01,"medianTravelTime":1.8,"travelTimeRatio":1.03,"speedPercentiles":[10,18,23,27,31,33,36,39,42,45,48,51,54,57,61,64,67,71,79]},{"timeSet":16,"dateRange":1,"harmonicAverageSpeed":26.4,"medianSpeed":47.0,"averageSpeed":48.0,"standardDeviationSpeed":20.6,"travelTimeStandardDeviation":18.26,"sampleSize":1776,"normalizedSampleSize":0.498,"averageTravelTime":3.08,"medianTravelTime":1.73,"travelTimeRatio":1.05,"speedPercentiles":[12,23,27,31,34,36,39,42,44,47,50,53,57,60,63,67,70,74,81]},{"timeSet":17,"dateRange":1,"harmonicAverageSpeed":31.0,"medianSpeed":47.0,"averageSpeed":47.3,"standardDeviationSpeed":19.9,"travelTimeStandardDeviation":4.91,"sampleSize":2073,"normalizedSampleSize":0.5813,"averageTravelTime":2.61,"medianTravelTime":1.73,"travelTimeRatio":0.89,"speedPercentiles":[14,23,27,30,32,35,38,41,44,47,50,53,56,59,62,66,69,73,78]},{"timeSet":18,"dateRange":1,"harmonicAverageSpeed":27.4,"medianSpeed":44.0,"averageSpeed":44.7,"standardDeviationSpeed":19.6,"travelTimeStandardDeviation":6.92,"sampleSize":2160,"normalizedSampleSize":0.6057,"averageTravelTime":2.97,"medianTravelTime":1.84,"travelTimeRatio":1.01,"speedPercentiles":[12,20,25,28,30,33,36,38,41,44,46,50,53,56,59,63,66,70,78]},{"timeSet":19,"dateRange":1,"harmonicAverageSpeed":26.6,"medianSpeed":41.0,"averageSpeed":42.6,"standardDeviationSpeed":19.0,"travelTimeStandardDeviation":5.74,"sampleSize":2369,"normalizedSampleSize":0.6643,"averageTravelTime":3.05,"medianTravelTime":1.98,"travelTimeRatio":1.04,"speedPercentiles":[11,18,23,27,29,32,34,36,38,41,44,47,50,53,56,60,63,68,75]},{"timeSet":20,"dateRange":1,"harmonicAverageSpeed":26.4,"medianSpeed":42.0,"averageSpeed":43.3,"standardDeviationSpeed":18.8,"travelTimeStandardDeviation":7.27,"sampleSize":2510,"normalizedSampleSize":0.7039,"averageTravelTime":3.08,"medianTravelTime":1.93,"travelTimeRatio":1.05,"speedPercentiles":[12,19,23,27,30,32,35,37,40,42,45,48,51,54,58,61,65,68,74]},{"timeSet":21,"dateRange":1,"harmonicAverageSpeed":25.6,"medianSpeed":41.0,"averageSpeed":42.2,"standardDeviationSpeed":18.6,"travelTimeStandardDeviation":6.87,"sampleSize":2453,"normalizedSampleSize":0.6879,"averageTravelTime":3.16,"medianTravelTime":1.98,"travelTimeRatio":1.08,"speedPercentiles":[11,18,23,26,29,31,34,37,39,41,44,47,50,53,57,60,63,67,72]},{"timeSet":22,"dateRange":1,"harmonicAverageSpeed":26.7,"medianSpeed":42.0,"averageSpeed":43.3,"standardDeviationSpeed":19.7,"travelTimeStandardDeviation":5.69,"sampleSize":2244,"normalizedSampleSize":0.6293,"averageTravelTime":3.04,"medianTravelTime":1.93,"travelTimeRatio":1.03,"speedPercentiles":[11,18,24,27,30,32,34,37,40,42,45,48,51,54,58,61,64,69,77]},{"timeSet":23,"dateRange":1,"harmonicAverageSpeed":28.0,"medianSpeed":45.0,"averageSpeed":46.4,"standardDeviationSpeed":19.7,"travelTimeStandardDeviation":7.18,"sampleSize":1535,"normalizedSampleSize":0.4305,"averageTravelTime":2.9,"medianTravelTime":1.8,"travelTimeRatio":0.99,"speedPercentiles":[13,23,27,30,33,36,38,40,43,45,48,51,53,56,60,63,67,72,79]},{"timeSet":24,"dateRange":1,"harmonicAverageSpeed":31.9,"medianSpeed":47.0,"averageSpeed":47.8,"standardDeviationSpeed":19.3,"travelTimeStandardDeviation":5.3,"sampleSize":1514,"normalizedSampleSize":0.4246,"averageTravelTime":2.54,"medianTravelTime":1.73,"travelTimeRatio":0.86,"speedPercentiles":[16,24,29,33,35,37,40,42,44,47,49,52,55,58,62,64,68,73,80]},{"timeSet":25,"dateRange":1,"harmonicAverageSpeed":28.8,"medianSpeed":44.0,"averageSpeed":46.0,"standardDeviationSpeed":20.1,"travelTimeStandardDeviation":13.12,"sampleSize":1794,"normalizedSampleSize":0.5031,"averageTravelTime":2.82,"medianTravelTime":1.84,"travelTimeRatio":0.96,"speedPercentiles":[13,20,26,29,32,35,37,40,42,44,47,50,53,56,60,64,68,73,80]}]}},{"type":"Feature","geometry":{"type":"LineString","coordinates":[[12.47108,41.94018],[12.47104,41.94037]]},"properties":{"segmentId":-13800007290272,"newSegmentId":"-00004931-3600-0400-0000-000001376eef","speedLimit":50,"frc":2,"streetName":"Corso di Francia","distance":22.27,"segmentTimeResults":[{"timeSet":2,"dateRange":1,"harmonicAverageSpeed":21.7,"medianSpeed":38.0,"averageSpeed":39.5,"standardDeviationSpeed":20.7,"travelTimeStandardDeviation":5.55,"sampleSize":3132,"normalizedSampleSize":0.8783,"averageTravelTime":3.7,"medianTravelTime":2.11,"travelTimeRatio":1.0,"speedPercentiles":[6,11,16,20,24,27,30,33,35,38,41,45,48,52,55,59,63,67,73]},{"timeSet":3,"dateRange":1,"harmonicAverageSpeed":24.1,"medianSpeed":42.0,"averageSpeed":42.8,"standardDeviationSpeed":21.6,"travelTimeStandardDeviation":5.96,"sampleSize":2571,"normalizedSampleSize":0.721,"averageTravelTime":3.33,"medianTravelTime":1.91,"travelTimeRatio":0.9,"speedPercentiles":[7,14,18,23,27,31,34,37,39,42,45,49,52,55,59,62,66,71,78]},{"timeSet":4,"dateRange":1,"harmonicAverageSpeed":25.7,"medianSpeed":43.0,"averageSpeed":45.1,"standardDeviationSpeed":22.8,"travelTimeStandardDeviation":5.44,"sampleSize":1571,"normalizedSampleSize":0.4405,"averageTravelTime":3.12,"medianTravelTime":1.86,"travelTimeRatio":0.84,"speedPercentiles":[8,15,19,24,28,31,34,37,40,43,47,51,56,58,62,66,70,75,82]},{"timeSet":5,"dateRange":1,"harmonicAverageSpeed":23.6,"medianSpeed":45.0,"averageSpeed":47.0,"standardDeviationSpeed":24.3,"travelTimeStandardDeviation":7.44,"sampleSize":953,"normalizedSampleSize":0.2672,"averageTravelTime":3.39,"medianTravelTime":1.78,"travelTimeRatio":0.92,"speedPercentiles":[8,15,20,25,29,32,35,39,42,45,49,53,57,60,65,70,74,79,86]},{"timeSet":6,"dateRange":1,"harmonicAverageSpeed":15.1,"medianSpeed":38.0,"averageSpeed":40.8,"standardDeviationSpeed":23.5,"travelTimeStandardDeviation":24.12,"sampleSize":1039,"normalizedSampleSize":0.2914,"averageTravelTime":5.32,"medianTravelTime":2.11,"travelTimeRatio":1.44,"speedPercentiles":[6,11,15,20,24,26,29,32,35,38,41,45,49,54,58,62,67,72,80]},{"timeSet":7,"dateRange":1,"harmonicAverageSpeed":22.1,"medianSpeed":40.0,"averageSpeed":41.6,"standardDeviationSpeed":22.5,"travelTimeStandardDeviation":6.65,"sampleSize":450,"normalizedSampleSize":0.1262,"averageTravelTime":3.63,"medianTravelTime":2.0,"travelTimeRatio":0.98,"speedPercentiles":[8,14,17,20,25,28,31,34,37,40,44,47,50,53,57,59,63,71,83]},{"timeSet":8,"dateRange":1,"harmonicAverageSpeed":23.9,"medianSpeed":49.0,"averageSpeed":51.6,"standardDeviationSpeed":23.8,"travelTimeStandardDeviation":18.79,"sampleSize":249,"normalizedSampleSize":0.0698,"averageTravelTime":3.36,"medianTravelTime":1.64,"travelTimeRatio":0.91,"speedPercentiles":[15,22,26,30,33,35,39,43,45,49,55,59,63,68,70,73,78,85,91]},{"timeSet":9,"dateRange":1,"harmonicAverageSpeed":31.1,"medianSpeed":53.0,"averageSpeed":53.1,"standardDeviationSpeed":24.2,"travelTimeStandardDeviation":5.74,"sampleSize":421,"normalizedSampleSize":0.1181,"averageTravelTime":2.58,"medianTravelTime":1.51,"travelTimeRatio":0.7,"speedPercentiles":[15,22,27,31,33,36,40,45,49,53,57,60,65,68,72,77,80,84,91]},{"timeSet":10,"dateRange":1,"harmonicAverageSpeed":29.8,"medianSpeed":55.0,"averageSpeed":52.2,"standardDeviationSpeed":23.0,"travelTimeStandardDeviation":7.47,"sampleSize":731,"normalizedSampleSize":0.205,"averageTravelTime":2.69,"medianTravelTime":1.46,"travelTimeRatio":0.73,"speedPercentiles":[13,21,26,30,34,40,43,46,50,55,58,60,63,66,69,73,76,80,89]},{"timeSet":11,"dateRange":1,"harmonicAverageSpeed":29.3,"medianSpeed":49.0,"averageSpeed":47.8,"standardDeviationSpeed":22.9,"travelTimeStandardDeviation":3.56,"sampleSize":1115,"normalizedSampleSize":0.3127,"averageTravelTime":2.74,"medianTravelTime":1.64,"travelTimeRatio":0.74,"speedPercentiles":[10,16,21,27,30,34,38,41,45,49,52,56,59,62,65,70,73,77,83]},{"timeSet":12,"dateRange":1,"harmonicAverageSpeed":25.0,"medianSpeed":45.0,"averageSpeed":44.8,"standardDeviationSpeed":21.8,"travelTimeStandardDeviation":6.5,"sampleSize":1735,"normalizedSampleSize":0.4865,"averageTravelTime":3.2,"medianTravelTime":1.78,"travelTimeRatio":0.87,"speedPercentiles":[9,16,20,24,29,32,35,38,41,45,48,52,55,59,62,65,69,74,80]},{"timeSet":13,"dateRange":1,"harmonicAverageSpeed":23.5,"medianSpeed":42.0,"averageSpeed":43.0,"standardDeviationSpeed":21.5,"travelTimeStandardDeviation":5.53,"sampleSize":2169,"normalizedSampleSize":0.6082,"averageTravelTime":3.41,"medianTravelTime":1.91,"travelTimeRatio":0.92,"speedPercentiles":[7,13,18,23,27,30,34,36,39,42,46,49,53,56,60,63,67,71,78]},{"timeSet":14,"dateRange":1,"harmonicAverageSpeed":21.7,"medianSpeed":40.0,"averageSpeed":40.6,"standardDeviationSpeed":21.3,"travelTimeStandardDeviation":5.59,"sampleSize":2653,"normalizedSampleSize":0.744,"averageTravelTime":3.69,"medianTravelTime":2.0,"travelTimeRatio":1.0,"speedPercentiles":[6,11,16,21,25,28,31,34,37,40,43,46,50,53,57,61,64,69,76]},{"timeSet":15,"dateRange":1,"harmonicAverageSpeed":22.4,"medianSpeed":43.0,"averageSpeed":42.7,"standardDeviationSpeed":21.9,"travelTimeStandardDeviation":5.34,"sampleSize":2331,"normalizedSampleSize":0.6537,"averageTravelTime":3.58,"medianTravelTime":1.86,"travelTimeRatio":0.97,"speedPercentiles":[6,12,17,22,27,30,33,36,40,43,46,49,53,56,59,63,66,70,78]},{"timeSet":16,"dateRange":1,"harmonicAverageSpeed":24.1,"medianSpeed":45.0,"averageSpeed":44.4,"standardDeviationSpeed":22.5,"travelTimeStandardDeviation":4.74,"sampleSize":1780,"normalizedSampleSize":0.4992,"averageTravelTime":3.33,"medianTravelTime":1.78,"travelTimeRatio":0.9,"speedPercentiles":[6,11,18,23,28,31,35,38,41,45,48,51,55,59,62,65,69,73,80]},{"timeSet":17,"dateRange":1,"harmonicAverageSpeed":25.0,"medianSpeed":45.0,"averageSpeed":44.3,"standardDeviationSpeed":21.3,"travelTimeStandardDeviation":4.63,"sampleSize":2086,"normalizedSampleSize":0.585,"averageTravelTime":3.2,"medianTravelTime":1.78,"travelTimeRatio":0.86,"speedPercentiles":[7,15,20,25,28,32,35,38,41,45,48,51,54,58,61,65,68,72,77]},{"timeSet":18,"dateRange":1,"harmonicAverageSpeed":22.4,"medianSpeed":42.0,"averageSpeed":41.9,"standardDeviationSpeed":21.2,"travelTimeStandardDeviation":6.49,"sampleSize":2162,"normalizedSampleSize":0.6063,"averageTravelTime":3.59,"medianTravelTime":1.91,"travelTimeRatio":0.97,"speedPercentiles":[7,13,18,23,26,29,32,35,39,42,45,48,51,55,58,61,65,69,76]},{"timeSet":19,"dateRange":1,"harmonicAverageSpeed":21.9,"medianSpeed":38.0,"averageSpeed":39.8,"standardDeviationSpeed":20.2,"travelTimeStandardDeviation":5.61,"sampleSize":2381,"normalizedSampleSize":0.6677,"averageTravelTime":3.65,"medianTravelTime":2.11,"travelTimeRatio":0.99,"speedPercentiles":[6,12,18,22,26,28,31,33,36,38,42,45,48,51,55,58,61,67,74]},{"timeSet":20,"dateRange":1,"harmonicAverageSpeed":21.8,"medianSpeed":41.0,"averageSpeed":40.7,"standardDeviationSpeed":20.1,"travelTimeStandardDeviation":5.68,"sampleSize":2519,"normalizedSampleSize":0.7064,"averageTravelTime":3.68,"medianTravelTime":1.96,"travelTimeRatio":0.99,"speedPercentiles":[6,13,18,22,25,29,32,35,38,41,43,47,50,53,56,60,64,68,73]},{"timeSet":21,"dateRange":1,"harmonicAverageSpeed":21.2,"medianSpeed":39.0,"averageSpeed":39.7,"standardDeviationSpeed":19.7,"travelTimeStandardDeviation":7.09,"sampleSize":2473,"normalizedSampleSize":0.6935,"averageTravelTime":3.79,"medianTravelTime":2.06,"travelTimeRatio":1.02,"speedPercentiles":[6,13,17,21,25,28,31,34,37,39,42,45,49,52,55,59,62,65,70]},{"timeSet":22,"dateRange":1,"harmonicAverageSpeed":21.0,"medianSpeed":40.0,"averageSpeed":40.5,"standardDeviationSpeed":21.1,"travelTimeStandardDeviation":6.24,"sampleSize":2248,"normalizedSampleSize":0.6304,"averageTravelTime":3.82,"medianTravelTime":2.0,"travelTimeRatio":1.03,"speedPercentiles":[5,11,16,21,25,28,31,34,37,40,43,47,50,53,56,60,63,68,75]},{"timeSet":23,"dateRange":1,"harmonicAverageSpeed":22.4,"medianSpeed":42.0,"averageSpeed":43.0,"standardDeviationSpeed":21.5,"travelTimeStandardDeviation":7.98,"sampleSize":1551,"normalizedSampleSize":0.4349,"averageTravelTime":3.58,"medianTravelTime":1.91,"travelTimeRatio":0.97,"speedPercentiles":[8,14,19,23,27,31,34,37,40,42,45,48,51,55,58,63,67,72,78]},{"timeSet":24,"dateRange":1,"harmonicAverageSpeed":26.8,"medianSpeed":44.0,"averageSpeed":44.7,"standardDeviationSpeed":20.8,"travelTimeStandardDeviation":4.87,"sampleSize":1517,"normalizedSampleSize":0.4254,"averageTravelTime":2.99,"medianTravelTime":1.82,"travelTimeRatio":0.81,"speedPercentiles":[10,16,22,26,30,33,36,39,41,44,47,50,53,57,60,63,67,71,79]},{"timeSet":25,"dateRange":1,"harmonicAverageSpeed":24.9,"medianSpeed":41.0,"averageSpeed":42.7,"standardDeviationSpeed":21.6,"travelTimeStandardDeviation":4.75,"sampleSize":1808,"normalizedSampleSize":0.507,"averageTravelTime":3.22,"medianTravelTime":1.96,"travelTimeRatio":0.87,"speedPercentiles":[8,15,19,23,27,30,33,36,39,41,44,48,51,54,58,63,67,71,79]}]}},{"type":"Feature","geometry":{"type":"LineString","coordinates":[[12.47104,41.94037],[12.47099,41.94065]]},"properties":{"segmentId":-13800006851951,"newSegmentId":"-00004931-3600-0400-0000-0000015c6af0","speedLimit":50,"frc":2,"streetName":"Corso di Francia","distance":30.98,"segmentTimeResults":[{"timeSet":2,"dateRange":1,"harmonicAverageSpeed":14.3,"medianSpeed":36.0,"averageSpeed":36.9,"standardDeviationSpeed":22.2,"travelTimeStandardDeviation":11.43,"sampleSize":2994,"normalizedSampleSize":0.8396,"averageTravelTime":7.83,"medianTravelTime":3.1,"travelTimeRatio":1.0,"speedPercentiles":[3,4,8,15,20,24,27,30,33,36,40,43,47,51,54,58,62,66,72]},{"timeSet":3,"dateRange":1,"harmonicAverageSpeed":13.8,"medianSpeed":39.0,"averageSpeed":38.3,"standardDeviationSpeed":24.2,"travelTimeStandardDeviation":15.2,"sampleSize":2484,"normalizedSampleSize":0.6966,"averageTravelTime":8.1,"medianTravelTime":2.86,"travelTimeRatio":1.03,"speedPercentiles":[3,4,6,11,18,22,27,31,36,39,43,46,50,54,58,61,64,69,76]},{"timeSet":4,"dateRange":1,"harmonicAverageSpeed":12.3,"medianSpeed":40.0,"averageSpeed":39.0,"standardDeviationSpeed":27.0,"travelTimeStandardDeviation":12.37,"sampleSize":1540,"normalizedSampleSize":0.4319,"averageTravelTime":9.08,"medianTravelTime":2.79,"travelTimeRatio":1.16,"speedPercentiles":[3,4,5,7,12,17,24,29,34,40,46,50,54,58,61,65,69,74,81]},{"timeSet":5,"dateRange":1,"harmonicAverageSpeed":13.1,"medianSpeed":43.0,"averageSpeed":41.9,"standardDeviationSpeed":28.7,"travelTimeStandardDeviation":12.4,"sampleSize":916,"normalizedSampleSize":0.2569,"averageTravelTime":8.54,"medianTravelTime":2.59,"travelTimeRatio":1.09,"speedPercentiles":[3,4,5,9,13,19,26,31,38,43,48,53,57,61,66,69,73,79,86]},{"timeSet":6,"dateRange":1,"harmonicAverageSpeed":12.4,"medianSpeed":36.0,"averageSpeed":37.2,"standardDeviationSpeed":26.0,"travelTimeStandardDeviation":13.64,"sampleSize":1025,"normalizedSampleSize":0.2874,"averageTravelTime":9.03,"medianTravelTime":3.1,"travelTimeRatio":1.15,"speedPercentiles":[3,4,6,8,12,17,24,29,32,36,41,45,49,52,56,61,65,72,80]},{"timeSet":7,"dateRange":1,"harmonicAverageSpeed":11.7,"medianSpeed":40.0,"averageSpeed":37.3,"standardDeviationSpeed":25.7,"travelTimeStandardDeviation":13.94,"sampleSize":451,"normalizedSampleSize":0.1265,"averageTravelTime":9.53,"medianTravelTime":2.79,"travelTimeRatio":1.22,"speedPercentiles":[3,4,5,8,12,17,22,29,35,40,43,46,50,52,56,59,63,71,81]},{"timeSet":8,"dateRange":1,"harmonicAverageSpeed":12.5,"medianSpeed":43.0,"averageSpeed":43.3,"standardDeviationSpeed":30.3,"travelTimeStandardDeviation":12.44,"sampleSize":242,"normalizedSampleSize":0.0679,"averageTravelTime":8.91,"medianTravelTime":2.59,"travelTimeRatio":1.14,"speedPercentiles":[3,4,5,7,11,18,26,32,36,43,51,57,63,67,69,72,77,83,90]},{"timeSet":9,"dateRange":1,"harmonicAverageSpeed":15.4,"medianSpeed":51.0,"averageSpeed":47.1,"standardDeviationSpeed":29.1,"travelTimeStandardDeviation":11.32,"sampleSize":416,"normalizedSampleSize":0.1167,"averageTravelTime":7.26,"medianTravelTime":2.19,"travelTimeRatio":0.93,"speedPercentiles":[3,5,7,14,21,26,33,40,46,51,56,59,63,67,71,74,79,83,90]},{"timeSet":10,"dateRange":1,"harmonicAverageSpeed":17.3,"medianSpeed":54.0,"averageSpeed":47.4,"standardDeviationSpeed":26.8,"travelTimeStandardDeviation":10.21,"sampleSize":718,"normalizedSampleSize":0.2013,"averageTravelTime":6.45,"medianTravelTime":2.07,"travelTimeRatio":0.82,"speedPercentiles":[3,6,9,16,23,32,40,44,49,54,57,60,62,64,67,70,74,79,87]},{"timeSet":11,"dateRange":1,"harmonicAverageSpeed":15.5,"medianSpeed":47.0,"averageSpeed":43.3,"standardDeviationSpeed":25.9,"travelTimeStandardDeviation":10.8,"sampleSize":1087,"normalizedSampleSize":0.3048,"averageTravelTime":7.2,"medianTravelTime":2.37,"travelTimeRatio":0.92,"speedPercentiles":[3,4,8,14,21,27,32,37,42,47,51,55,58,60,64,68,71,75,82]},{"timeSet":12,"dateRange":1,"harmonicAverageSpeed":14.9,"medianSpeed":43.0,"averageSpeed":41.0,"standardDeviationSpeed":24.3,"travelTimeStandardDeviation":11.49,"sampleSize":1693,"normalizedSampleSize":0.4748,"averageTravelTime":7.49,"medianTravelTime":2.59,"travelTimeRatio":0.96,"speedPercentiles":[3,4,8,16,22,26,31,34,38,43,46,50,54,57,61,64,68,72,78]},{"timeSet":13,"dateRange":1,"harmonicAverageSpeed":15.4,"medianSpeed":40.0,"averageSpeed":39.8,"standardDeviationSpeed":23.2,"travelTimeStandardDeviation":11.18,"sampleSize":2109,"normalizedSampleSize":0.5914,"averageTravelTime":7.25,"medianTravelTime":2.79,"travelTimeRatio":0.93,"speedPercentiles":[3,5,10,17,22,26,29,33,37,40,44,48,51,55,58,62,65,70,76]},{"timeSet":14,"dateRange":1,"harmonicAverageSpeed":14.1,"medianSpeed":37.0,"averageSpeed":37.5,"standardDeviationSpeed":22.9,"travelTimeStandardDeviation":11.74,"sampleSize":2567,"normalizedSampleSize":0.7199,"averageTravelTime":7.93,"medianTravelTime":3.01,"travelTimeRatio":1.01,"speedPercentiles":[3,4,8,14,20,24,27,30,34,37,40,44,48,52,56,60,63,68,74]},{"timeSet":15,"dateRange":1,"harmonicAverageSpeed":16.6,"medianSpeed":42.0,"averageSpeed":40.6,"standardDeviationSpeed":22.7,"travelTimeStandardDeviation":10.7,"sampleSize":2268,"normalizedSampleSize":0.636,"averageTravelTime":6.72,"medianTravelTime":2.66,"travelTimeRatio":0.86,"speedPercentiles":[3,6,14,19,23,27,31,34,38,42,45,48,52,55,58,62,65,69,76]},{"timeSet":16,"dateRange":1,"harmonicAverageSpeed":14.6,"medianSpeed":42.0,"averageSpeed":40.7,"standardDeviationSpeed":24.7,"travelTimeStandardDeviation":11.44,"sampleSize":1751,"normalizedSampleSize":0.491,"averageTravelTime":7.64,"medianTravelTime":2.66,"travelTimeRatio":0.98,"speedPercentiles":[3,4,7,14,20,24,30,34,38,42,46,50,53,58,61,64,68,72,78]},{"timeSet":17,"dateRange":1,"harmonicAverageSpeed":16.7,"medianSpeed":43.0,"averageSpeed":41.2,"standardDeviationSpeed":23.0,"travelTimeStandardDeviation":10.32,"sampleSize":2020,"normalizedSampleSize":0.5665,"averageTravelTime":6.67,"medianTravelTime":2.59,"travelTimeRatio":0.85,"speedPercentiles":[3,5,12,19,24,28,31,35,39,43,47,50,53,56,59,63,67,70,76]},{"timeSet":18,"dateRange":1,"harmonicAverageSpeed":15.2,"medianSpeed":39.0,"averageSpeed":38.8,"standardDeviationSpeed":22.6,"travelTimeStandardDeviation":11.07,"sampleSize":2094,"normalizedSampleSize":0.5872,"averageTravelTime":7.34,"medianTravelTime":2.86,"travelTimeRatio":0.94,"speedPercentiles":[3,4,10,17,21,25,28,32,35,39,43,46,50,53,57,60,64,68,73]},{"timeSet":19,"dateRange":1,"harmonicAverageSpeed":15.5,"medianSpeed":36.0,"averageSpeed":37.1,"standardDeviationSpeed":21.2,"travelTimeStandardDeviation":10.92,"sampleSize":2315,"normalizedSampleSize":0.6492,"averageTravelTime":7.19,"medianTravelTime":3.1,"travelTimeRatio":0.92,"speedPercentiles":[3,5,11,18,22,25,28,31,34,36,39,42,46,50,53,57,60,65,72]},{"timeSet":20,"dateRange":1,"harmonicAverageSpeed":15.8,"medianSpeed":38.0,"averageSpeed":37.9,"standardDeviationSpeed":21.2,"travelTimeStandardDeviation":10.87,"sampleSize":2445,"normalizedSampleSize":0.6856,"averageTravelTime":7.07,"medianTravelTime":2.93,"travelTimeRatio":0.9,"speedPercentiles":[3,5,12,18,22,25,29,32,35,38,41,45,48,51,55,58,62,66,71]},{"timeSet":21,"dateRange":1,"harmonicAverageSpeed":15.4,"medianSpeed":37.0,"averageSpeed":37.0,"standardDeviationSpeed":20.7,"travelTimeStandardDeviation":11.06,"sampleSize":2416,"normalizedSampleSize":0.6775,"averageTravelTime":7.26,"medianTravelTime":3.01,"travelTimeRatio":0.93,"speedPercentiles":[3,5,12,18,21,25,28,31,34,37,40,44,47,51,54,57,61,64,69]},{"timeSet":22,"dateRange":1,"harmonicAverageSpeed":15.0,"medianSpeed":38.0,"averageSpeed":37.9,"standardDeviationSpeed":22.3,"travelTimeStandardDeviation":11.35,"sampleSize":2156,"normalizedSampleSize":0.6046,"averageTravelTime":7.43,"medianTravelTime":2.93,"travelTimeRatio":0.95,"speedPercentiles":[3,5,10,16,21,24,28,31,34,38,42,45,48,52,55,58,62,66,74]},{"timeSet":23,"dateRange":1,"harmonicAverageSpeed":12.6,"medianSpeed":39.0,"averageSpeed":37.9,"standardDeviationSpeed":25.0,"travelTimeStandardDeviation":12.79,"sampleSize":1476,"normalizedSampleSize":0.4139,"averageTravelTime":8.84,"medianTravelTime":2.86,"travelTimeRatio":1.13,"speedPercentiles":[3,4,5,8,14,20,25,30,35,39,43,46,50,54,58,62,66,71,78]},{"timeSet":24,"dateRange":1,"harmonicAverageSpeed":12.6,"medianSpeed":41.0,"averageSpeed":38.7,"standardDeviationSpeed":25.0,"travelTimeStandardDeviation":16.72,"sampleSize":1482,"normalizedSampleSize":0.4156,"averageTravelTime":8.85,"medianTravelTime":2.72,"travelTimeRatio":1.13,"speedPercentiles":[3,4,6,8,15,20,26,32,37,41,45,49,52,56,59,62,65,70,77]},{"timeSet":25,"dateRange":1,"harmonicAverageSpeed":12.5,"medianSpeed":38.0,"averageSpeed":37.8,"standardDeviationSpeed":25.1,"travelTimeStandardDeviation":12.48,"sampleSize":1726,"normalizedSampleSize":0.484,"averageTravelTime":8.91,"medianTravelTime":2.93,"travelTimeRatio":1.14,"speedPercentiles":[3,4,5,8,14,20,26,30,34,38,42,46,50,54,58,62,66,70,78]}]}},{"type":"Feature","geometry":{"type":"LineString","coordinates":[[12.47099,41.94065],[12.47096,41.94079],[12.47095,41.94087],[12.47093,41.941],[12.47089,41.94124]]},"properties":{"segmentId":-13800006771004,"newSegmentId":"-00004931-3600-0400-0000-00000346e266","speedLimit":50,"frc":2,"streetName":"Corso di Francia","distance":65.7,"segmentTimeResults":[{"timeSet":2,"dateRange":1,"harmonicAverageSpeed":32.6,"medianSpeed":37.0,"averageSpeed":39.5,"standardDeviationSpeed":14.9,"travelTimeStandardDeviation":4.88,"sampleSize":3009,"normalizedSampleSize":0.8438,"averageTravelTime":7.25,"medianTravelTime":6.39,"travelTimeRatio":1.0,"speedPercentiles":[18,23,26,28,29,31,32,34,36,37,39,41,43,46,49,52,56,60,66]},{"timeSet":3,"dateRange":1,"harmonicAverageSpeed":30.3,"medianSpeed":39.0,"averageSpeed":41.0,"standardDeviationSpeed":17.4,"travelTimeStandardDeviation":11.1,"sampleSize":2503,"normalizedSampleSize":0.7019,"averageTravelTime":7.81,"medianTravelTime":6.06,"travelTimeRatio":1.08,"speedPercentiles":[13,20,24,27,29,31,33,35,37,39,41,43,45,48,52,56,60,64,72]},{"timeSet":4,"dateRange":1,"harmonicAverageSpeed":31.6,"medianSpeed":40.0,"averageSpeed":43.3,"standardDeviationSpeed":19.2,"travelTimeStandardDeviation":7.39,"sampleSize":1564,"normalizedSampleSize":0.4386,"averageTravelTime":7.5,"medianTravelTime":5.91,"travelTimeRatio":1.03,"speedPercentiles":[13,21,26,28,30,32,34,36,37,40,43,47,50,53,56,60,64,70,78]},{"timeSet":5,"dateRange":1,"harmonicAverageSpeed":29.8,"medianSpeed":43.0,"averageSpeed":45.2,"standardDeviationSpeed":20.9,"travelTimeStandardDeviation":10.83,"sampleSize":939,"normalizedSampleSize":0.2633,"averageTravelTime":7.93,"medianTravelTime":5.5,"travelTimeRatio":1.09,"speedPercentiles":[11,20,26,29,31,33,35,37,40,43,46,49,53,56,59,63,67,74,82]},{"timeSet":6,"dateRange":1,"harmonicAverageSpeed":25.3,"medianSpeed":38.0,"averageSpeed":40.5,"standardDeviationSpeed":19.7,"travelTimeStandardDeviation":18.53,"sampleSize":1059,"normalizedSampleSize":0.297,"averageTravelTime":9.35,"medianTravelTime":6.22,"travelTimeRatio":1.29,"speedPercentiles":[10,16,22,26,28,30,31,34,36,38,40,43,46,49,52,56,60,67,78]},{"timeSet":7,"dateRange":1,"harmonicAverageSpeed":28.6,"medianSpeed":40.0,"averageSpeed":41.2,"standardDeviationSpeed":19.4,"travelTimeStandardDeviation":9.59,"sampleSize":473,"normalizedSampleSize":0.1326,"averageTravelTime":8.26,"medianTravelTime":5.91,"travelTimeRatio":1.14,"speedPercentiles":[11,19,21,25,27,29,32,34,37,40,42,45,47,50,52,56,61,66,78]},{"timeSet":8,"dateRange":1,"harmonicAverageSpeed":28.7,"medianSpeed":43.0,"averageSpeed":45.3,"standardDeviationSpeed":23.1,"travelTimeStandardDeviation":9.28,"sampleSize":248,"normalizedSampleSize":0.0695,"averageTravelTime":8.25,"medianTravelTime":5.5,"travelTimeRatio":1.14,"speedPercentiles":[9,15,23,25,28,29,31,35,39,43,47,50,55,60,64,68,70,76,84]},{"timeSet":9,"dateRange":1,"harmonicAverageSpeed":34.3,"medianSpeed":50.0,"averageSpeed":48.9,"standardDeviationSpeed":21.7,"travelTimeStandardDeviation":7.53,"sampleSize":416,"normalizedSampleSize":0.1167,"averageTravelTime":6.9,"medianTravelTime":4.73,"travelTimeRatio":0.95,"speedPercentiles":[13,23,27,30,31,34,37,42,45,50,52,55,58,62,64,69,73,77,83]},{"timeSet":10,"dateRange":1,"harmonicAverageSpeed":35.4,"medianSpeed":48.0,"averageSpeed":48.6,"standardDeviationSpeed":19.7,"travelTimeStandardDeviation":7.64,"sampleSize":719,"normalizedSampleSize":0.2016,"averageTravelTime":6.69,"medianTravelTime":4.93,"travelTimeRatio":0.92,"speedPercentiles":[16,23,29,31,33,36,39,42,46,48,52,55,57,60,62,66,70,74,82]},{"timeSet":11,"dateRange":1,"harmonicAverageSpeed":33.8,"medianSpeed":43.0,"averageSpeed":45.4,"standardDeviationSpeed":18.8,"travelTimeStandardDeviation":6.91,"sampleSize":1093,"normalizedSampleSize":0.3065,"averageTravelTime":7.01,"medianTravelTime":5.5,"travelTimeRatio":0.97,"speedPercentiles":[14,24,28,30,32,33,35,38,40,43,47,50,54,56,59,62,66,71,76]},{"timeSet":12,"dateRange":1,"harmonicAverageSpeed":34.6,"medianSpeed":40.0,"averageSpeed":43.1,"standardDeviationSpeed":16.8,"travelTimeStandardDeviation":5.3,"sampleSize":1692,"normalizedSampleSize":0.4745,"averageTravelTime":6.84,"medianTravelTime":5.91,"travelTimeRatio":0.94,"speedPercentiles":[18,24,28,30,31,33,35,36,38,40,43,45,49,52,54,58,62,67,73]},{"timeSet":13,"dateRange":1,"harmonicAverageSpeed":33.7,"medianSpeed":39.0,"averageSpeed":41.6,"standardDeviationSpeed":16.0,"travelTimeStandardDeviation":4.88,"sampleSize":2124,"normalizedSampleSize":0.5956,"averageTravelTime":7.01,"medianTravelTime":6.06,"travelTimeRatio":0.97,"speedPercentiles":[18,24,27,29,30,32,34,35,37,39,41,43,46,49,52,56,60,64,70]},{"timeSet":14,"dateRange":1,"harmonicAverageSpeed":27.8,"medianSpeed":37.0,"averageSpeed":38.6,"standardDeviationSpeed":16.7,"travelTimeStandardDeviation":8.89,"sampleSize":2556,"normalizedSampleSize":0.7168,"averageTravelTime":8.51,"medianTravelTime":6.39,"travelTimeRatio":1.17,"speedPercentiles":[11,18,22,26,28,30,31,33,35,37,39,41,43,46,49,53,56,61,68]},{"timeSet":15,"dateRange":1,"harmonicAverageSpeed":32.9,"medianSpeed":40.0,"averageSpeed":41.8,"standardDeviationSpeed":16.2,"travelTimeStandardDeviation":6.74,"sampleSize":2272,"normalizedSampleSize":0.6371,"averageTravelTime":7.18,"medianTravelTime":5.91,"travelTimeRatio":0.99,"speedPercentiles":[17,23,27,29,31,32,34,36,38,40,42,44,47,49,53,56,59,64,70]},{"timeSet":16,"dateRange":1,"harmonicAverageSpeed":33.7,"medianSpeed":41.0,"averageSpeed":43.3,"standardDeviationSpeed":17.3,"travelTimeStandardDeviation":6.39,"sampleSize":1750,"normalizedSampleSize":0.4907,"averageTravelTime":7.02,"medianTravelTime":5.77,"travelTimeRatio":0.97,"speedPercentiles":[17,24,27,29,31,33,35,37,38,41,43,46,49,52,56,59,63,68,74]},{"timeSet":17,"dateRange":1,"harmonicAverageSpeed":33.0,"medianSpeed":40.0,"averageSpeed":42.3,"standardDeviationSpeed":16.4,"travelTimeStandardDeviation":6.19,"sampleSize":2031,"normalizedSampleSize":0.5695,"averageTravelTime":7.18,"medianTravelTime":5.91,"travelTimeRatio":0.99,"speedPercentiles":[17,23,27,29,31,33,34,36,38,40,43,46,48,51,53,57,61,65,71]},{"timeSet":18,"dateRange":1,"harmonicAverageSpeed":32.1,"medianSpeed":38.0,"averageSpeed":40.3,"standardDeviationSpeed":15.5,"travelTimeStandardDeviation":5.97,"sampleSize":2095,"normalizedSampleSize":0.5875,"averageTravelTime":7.37,"medianTravelTime":6.22,"travelTimeRatio":1.02,"speedPercentiles":[16,23,26,28,30,32,33,35,36,38,40,42,45,47,50,54,57,61,68]},{"timeSet":19,"dateRange":1,"harmonicAverageSpeed":29.4,"medianSpeed":36.0,"averageSpeed":37.9,"standardDeviationSpeed":15.2,"travelTimeStandardDeviation":6.82,"sampleSize":2310,"normalizedSampleSize":0.6478,"averageTravelTime":8.04,"medianTravelTime":6.57,"travelTimeRatio":1.11,"speedPercentiles":[14,20,24,26,28,30,31,33,34,36,38,39,42,44,47,50,54,59,66]},{"timeSet":20,"dateRange":1,"harmonicAverageSpeed":29.5,"medianSpeed":36.0,"averageSpeed":38.3,"standardDeviationSpeed":15.3,"travelTimeStandardDeviation":7.57,"sampleSize":2437,"normalizedSampleSize":0.6834,"averageTravelTime":8.02,"medianTravelTime":6.57,"travelTimeRatio":1.11,"speedPercentiles":[14,20,23,26,28,30,32,33,35,36,38,40,42,45,48,51,55,60,65]},{"timeSet":21,"dateRange":1,"harmonicAverageSpeed":30.6,"medianSpeed":36.0,"averageSpeed":38.2,"standardDeviationSpeed":14.5,"travelTimeStandardDeviation":6.3,"sampleSize":2423,"normalizedSampleSize":0.6795,"averageTravelTime":7.74,"medianTravelTime":6.57,"travelTimeRatio":1.07,"speedPercentiles":[16,21,24,27,28,30,32,33,35,36,38,40,42,45,48,51,54,59,64]},{"timeSet":22,"dateRange":1,"harmonicAverageSpeed":29.8,"medianSpeed":37.0,"averageSpeed":38.7,"standardDeviationSpeed":15.9,"travelTimeStandardDeviation":8.24,"sampleSize":2169,"normalizedSampleSize":0.6082,"averageTravelTime":7.95,"medianTravelTime":6.39,"travelTimeRatio":1.1,"speedPercentiles":[15,20,24,26,28,30,32,33,35,37,38,41,43,45,48,52,56,61,67]},{"timeSet":23,"dateRange":1,"harmonicAverageSpeed":31.4,"medianSpeed":39.0,"averageSpeed":41.1,"standardDeviationSpeed":17.2,"travelTimeStandardDeviation":6.95,"sampleSize":1486,"normalizedSampleSize":0.4167,"averageTravelTime":7.53,"medianTravelTime":6.06,"travelTimeRatio":1.04,"speedPercentiles":[15,22,26,28,30,31,33,35,36,39,41,43,45,48,52,55,60,65,73]},{"timeSet":24,"dateRange":1,"harmonicAverageSpeed":33.1,"medianSpeed":40.0,"averageSpeed":42.5,"standardDeviationSpeed":16.9,"travelTimeStandardDeviation":6.52,"sampleSize":1498,"normalizedSampleSize":0.4201,"averageTravelTime":7.14,"medianTravelTime":5.91,"travelTimeRatio":0.98,"speedPercentiles":[16,24,26,28,31,33,34,36,38,40,43,45,49,51,54,57,61,65,73]},{"timeSet":25,"dateRange":1,"harmonicAverageSpeed":32.5,"medianSpeed":38.0,"averageSpeed":41.5,"standardDeviationSpeed":17.3,"travelTimeStandardDeviation":5.94,"sampleSize":1736,"normalizedSampleSize":0.4868,"averageTravelTime":7.29,"medianTravelTime":6.22,"travelTimeRatio":1.0,"speedPercentiles":[15,22,26,28,30,32,33,35,36,38,40,43,46,49,52,56,61,66,73]}]}},{"type":"Feature","geometry":{"type":"LineString","coordinates":[[12.47089,41.94124],[12.47088,41.9413]]},"properties":{"segmentId":-13800007410845,"newSegmentId":"-00004931-3600-0400-0000-0000014b11bd","speedLimit":50,"frc":2,"streetName":"Corso di Francia","distance":7.17,"segmentTimeResults":[{"timeSet":2,"dateRange":1,"harmonicAverageSpeed":29.7,"medianSpeed":37.0,"averageSpeed":37.8,"standardDeviationSpeed":14.4,"travelTimeStandardDeviation":1.09,"sampleSize":3566,"normalizedSampleSize":1.0,"averageTravelTime":0.87,"medianTravelTime":0.7,"travelTimeRatio":1.0,"speedPercentiles":[16,21,24,26,28,30,32,34,35,37,38,40,42,44,46,49,52,56,63]},{"timeSet":3,"dateRange":1,"harmonicAverageSpeed":26.5,"medianSpeed":39.0,"averageSpeed":39.9,"standardDeviationSpeed":16.8,"travelTimeStandardDeviation":2.0,"sampleSize":2880,"normalizedSampleSize":0.8076,"averageTravelTime":0.98,"medianTravelTime":0.66,"travelTimeRatio":1.12,"speedPercentiles":[14,19,23,26,29,31,33,36,37,39,41,42,44,46,49,53,57,61,70]},{"timeSet":4,"dateRange":1,"harmonicAverageSpeed":34.6,"medianSpeed":43.0,"averageSpeed":44.3,"standardDeviationSpeed":17.2,"travelTimeStandardDeviation":0.71,"sampleSize":1728,"normalizedSampleSize":0.4846,"averageTravelTime":0.75,"medianTravelTime":0.6,"travelTimeRatio":0.86,"speedPercentiles":[18,24,28,31,33,35,37,39,41,43,45,47,49,52,55,58,62,68,75]},{"timeSet":5,"dateRange":1,"harmonicAverageSpeed":34.2,"medianSpeed":45.0,"averageSpeed":47.0,"standardDeviationSpeed":18.9,"travelTimeStandardDeviation":0.92,"sampleSize":1017,"normalizedSampleSize":0.2852,"averageTravelTime":0.75,"medianTravelTime":0.57,"travelTimeRatio":0.87,"speedPercentiles":[16,25,29,32,35,38,40,41,43,45,47,50,52,55,58,62,67,73,79]},{"timeSet":6,"dateRange":1,"harmonicAverageSpeed":29.8,"medianSpeed":41.0,"averageSpeed":42.5,"standardDeviationSpeed":18.4,"travelTimeStandardDeviation":1.64,"sampleSize":1132,"normalizedSampleSize":0.3174,"averageTravelTime":0.87,"medianTravelTime":0.63,"travelTimeRatio":1.0,"speedPercentiles":[13,20,26,28,30,33,35,37,39,41,43,45,48,50,53,56,60,66,76]},{"timeSet":7,"dateRange":1,"harmonicAverageSpeed":31.2,"medianSpeed":43.0,"averageSpeed":43.3,"standardDeviationSpeed":18.6,"travelTimeStandardDeviation":0.93,"sampleSize":540,"normalizedSampleSize":0.1514,"averageTravelTime":0.83,"medianTravelTime":0.6,"travelTimeRatio":0.95,"speedPercentiles":[14,20,24,27,31,34,36,39,41,43,45,46,49,51,53,56,61,68,77]},{"timeSet":8,"dateRange":1,"harmonicAverageSpeed":35.1,"medianSpeed":42.0,"averageSpeed":45.3,"standardDeviationSpeed":19.6,"travelTimeStandardDeviation":0.55,"sampleSize":327,"normalizedSampleSize":0.0917,"averageTravelTime":0.73,"medianTravelTime":0.61,"travelTimeRatio":0.85,"speedPercentiles":[18,23,26,28,31,35,36,38,40,42,44,46,50,54,58,63,67,73,81]},{"timeSet":9,"dateRange":1,"harmonicAverageSpeed":38.0,"medianSpeed":47.0,"averageSpeed":48.1,"standardDeviationSpeed":18.8,"travelTimeStandardDeviation":0.64,"sampleSize":501,"normalizedSampleSize":0.1405,"averageTravelTime":0.68,"medianTravelTime":0.55,"travelTimeRatio":0.78,"speedPercentiles":[20,25,29,31,34,37,39,42,45,47,49,51,54,57,60,64,69,74,79]},{"timeSet":10,"dateRange":1,"harmonicAverageSpeed":36.8,"medianSpeed":45.0,"averageSpeed":46.5,"standardDeviationSpeed":17.7,"travelTimeStandardDeviation":0.63,"sampleSize":852,"normalizedSampleSize":0.2389,"averageTravelTime":0.7,"medianTravelTime":0.57,"travelTimeRatio":0.81,"speedPercentiles":[20,26,29,31,33,36,39,41,43,45,46,49,52,56,58,61,65,69,78]},{"timeSet":11,"dateRange":1,"harmonicAverageSpeed":35.4,"medianSpeed":43.0,"averageSpeed":44.4,"standardDeviationSpeed":17.0,"travelTimeStandardDeviation":0.61,"sampleSize":1284,"normalizedSampleSize":0.3601,"averageTravelTime":0.73,"medianTravelTime":0.6,"travelTimeRatio":0.84,"speedPercentiles":[18,25,28,30,33,35,37,39,41,43,45,47,50,52,55,58,62,67,73]},{"timeSet":12,"dateRange":1,"harmonicAverageSpeed":32.4,"medianSpeed":40.0,"averageSpeed":41.5,"standardDeviationSpeed":15.6,"travelTimeStandardDeviation":1.22,"sampleSize":1986,"normalizedSampleSize":0.5569,"averageTravelTime":0.8,"medianTravelTime":0.65,"travelTimeRatio":0.92,"speedPercentiles":[18,23,26,29,31,33,35,36,38,40,42,44,46,49,51,54,58,64,70]},{"timeSet":13,"dateRange":1,"harmonicAverageSpeed":31.2,"medianSpeed":39.0,"averageSpeed":39.8,"standardDeviationSpeed":14.9,"travelTimeStandardDeviation":1.09,"sampleSize":2472,"normalizedSampleSize":0.6932,"averageTravelTime":0.83,"medianTravelTime":0.66,"travelTimeRatio":0.95,"speedPercentiles":[18,22,25,28,30,31,34,36,37,39,41,42,44,46,49,52,55,59,67]},{"timeSet":14,"dateRange":1,"harmonicAverageSpeed":24.8,"medianSpeed":36.0,"averageSpeed":36.7,"standardDeviationSpeed":15.7,"travelTimeStandardDeviation":2.05,"sampleSize":2997,"normalizedSampleSize":0.8404,"averageTravelTime":1.04,"medianTravelTime":0.72,"travelTimeRatio":1.2,"speedPercentiles":[12,16,21,24,26,28,30,33,34,36,38,40,42,44,46,49,52,57,64]},{"timeSet":15,"dateRange":1,"harmonicAverageSpeed":29.8,"medianSpeed":38.0,"averageSpeed":39.5,"standardDeviationSpeed":15.4,"travelTimeStandardDeviation":1.18,"sampleSize":2721,"normalizedSampleSize":0.763,"averageTravelTime":0.87,"medianTravelTime":0.68,"travelTimeRatio":1.0,"speedPercentiles":[16,21,24,27,29,31,33,35,37,38,40,42,44,46,48,51,56,60,65]},{"timeSet":16,"dateRange":1,"harmonicAverageSpeed":32.9,"medianSpeed":41.0,"averageSpeed":42.3,"standardDeviationSpeed":15.8,"travelTimeStandardDeviation":1.0,"sampleSize":2052,"normalizedSampleSize":0.5754,"averageTravelTime":0.79,"medianTravelTime":0.63,"travelTimeRatio":0.9,"speedPercentiles":[19,23,27,29,32,34,36,37,39,41,43,45,46,49,51,55,59,64,70]},{"timeSet":17,"dateRange":1,"harmonicAverageSpeed":33.1,"medianSpeed":40.0,"averageSpeed":40.8,"standardDeviationSpeed":14.9,"travelTimeStandardDeviation":0.73,"sampleSize":2367,"normalizedSampleSize":0.6638,"averageTravelTime":0.78,"medianTravelTime":0.65,"travelTimeRatio":0.9,"speedPercentiles":[18,23,26,29,31,33,34,36,38,40,41,43,45,47,50,53,57,61,68]},{"timeSet":18,"dateRange":1,"harmonicAverageSpeed":31.2,"medianSpeed":37.0,"averageSpeed":38.6,"standardDeviationSpeed":14.2,"travelTimeStandardDeviation":0.82,"sampleSize":2483,"normalizedSampleSize":0.6963,"averageTravelTime":0.83,"medianTravelTime":0.7,"travelTimeRatio":0.95,"speedPercentiles":[17,22,25,27,29,31,33,35,36,37,39,40,42,44,46,49,53,57,65]},{"timeSet":19,"dateRange":1,"harmonicAverageSpeed":25.1,"medianSpeed":35.0,"averageSpeed":36.0,"standardDeviationSpeed":14.7,"travelTimeStandardDeviation":2.13,"sampleSize":2684,"normalizedSampleSize":0.7527,"averageTravelTime":1.03,"medianTravelTime":0.74,"travelTimeRatio":1.19,"speedPercentiles":[14,18,21,24,26,28,30,32,34,35,37,38,40,42,45,47,51,55,61]},{"timeSet":20,"dateRange":1,"harmonicAverageSpeed":26.6,"medianSpeed":35.0,"averageSpeed":36.2,"standardDeviationSpeed":14.8,"travelTimeStandardDeviation":1.48,"sampleSize":2873,"normalizedSampleSize":0.8057,"averageTravelTime":0.97,"medianTravelTime":0.74,"travelTimeRatio":1.12,"speedPercentiles":[14,19,22,24,26,28,30,32,33,35,37,39,40,42,45,48,52,56,63]},{"timeSet":21,"dateRange":1,"harmonicAverageSpeed":26.6,"medianSpeed":35.0,"averageSpeed":36.0,"standardDeviationSpeed":13.9,"travelTimeStandardDeviation":1.53,"sampleSize":2885,"normalizedSampleSize":0.809,"averageTravelTime":0.97,"medianTravelTime":0.74,"travelTimeRatio":1.12,"speedPercentiles":[14,19,22,25,27,29,30,32,34,35,37,38,41,42,45,47,51,54,61]},{"timeSet":22,"dateRange":1,"harmonicAverageSpeed":27.7,"medianSpeed":35.0,"averageSpeed":36.3,"standardDeviationSpeed":15.1,"travelTimeStandardDeviation":1.01,"sampleSize":2603,"normalizedSampleSize":0.7299,"averageTravelTime":0.93,"medianTravelTime":0.74,"travelTimeRatio":1.07,"speedPercentiles":[14,19,21,24,26,28,30,32,34,35,37,38,40,42,45,48,52,57,64]},{"timeSet":23,"dateRange":1,"harmonicAverageSpeed":30.6,"medianSpeed":39.0,"averageSpeed":40.1,"standardDeviationSpeed":15.9,"travelTimeStandardDeviation":0.96,"sampleSize":1801,"normalizedSampleSize":0.505,"averageTravelTime":0.84,"medianTravelTime":0.66,"travelTimeRatio":0.97,"speedPercentiles":[17,22,25,28,30,32,33,35,37,39,40,42,44,46,49,51,56,61,70]},{"timeSet":24,"dateRange":1,"harmonicAverageSpeed":31.6,"medianSpeed":41.0,"averageSpeed":41.7,"standardDeviationSpeed":15.7,"travelTimeStandardDeviation":1.05,"sampleSize":1810,"normalizedSampleSize":0.5076,"averageTravelTime":0.82,"medianTravelTime":0.63,"travelTimeRatio":0.94,"speedPercentiles":[18,22,26,29,31,33,35,37,39,41,43,45,47,49,51,54,57,62,69]},{"timeSet":25,"dateRange":1,"harmonicAverageSpeed":31.6,"medianSpeed":40.0,"averageSpeed":41.5,"standardDeviationSpeed":16.1,"travelTimeStandardDeviation":1.37,"sampleSize":2013,"normalizedSampleSize":0.5645,"averageTravelTime":0.82,"medianTravelTime":0.65,"travelTimeRatio":0.94,"speedPercentiles":[18,23,26,29,31,33,35,37,38,40,42,43,45,47,49,53,58,63,72]}]}},{"type":"Feature","geometry":{"type":"LineString","coordinates":[[12.47088,41.9413],[12.47084,41.9415]]},"properties":{"segmentId":-13800007410844,"newSegmentId":"-00004931-3600-0400-0000-0000014b11bc","speedLimit":50,"frc":2,"streetName":"Corso di Francia","distance":21.91,"segmentTimeResults":[{"timeSet":2,"dateRange":1,"harmonicAverageSpeed":21.4,"medianSpeed":36.0,"averageSpeed":35.9,"standardDeviationSpeed":15.4,"travelTimeStandardDeviation":6.04,"sampleSize":3562,"normalizedSampleSize":0.9989,"averageTravelTime":3.68,"medianTravelTime":2.19,"travelTimeRatio":1.0,"speedPercentiles":[8,17,22,24,26,29,30,32,34,36,37,39,41,43,45,47,51,55,62]},{"timeSet":3,"dateRange":1,"harmonicAverageSpeed":22.2,"medianSpeed":38.0,"averageSpeed":38.3,"standardDeviationSpeed":17.5,"travelTimeStandardDeviation":6.2,"sampleSize":2882,"normalizedSampleSize":0.8082,"averageTravelTime":3.56,"medianTravelTime":2.08,"travelTimeRatio":0.97,"speedPercentiles":[8,16,21,24,27,29,32,34,36,38,40,42,44,46,49,52,56,61,68]},{"timeSet":4,"dateRange":1,"harmonicAverageSpeed":28.0,"medianSpeed":42.0,"averageSpeed":43.0,"standardDeviationSpeed":18.0,"travelTimeStandardDeviation":4.32,"sampleSize":1730,"normalizedSampleSize":0.4851,"averageTravelTime":2.82,"medianTravelTime":1.88,"travelTimeRatio":0.76,"speedPercentiles":[13,20,25,28,32,34,36,38,40,42,44,46,49,52,55,58,62,67,74]},{"timeSet":5,"dateRange":1,"harmonicAverageSpeed":30.1,"medianSpeed":45.0,"averageSpeed":45.6,"standardDeviationSpeed":19.6,"travelTimeStandardDeviation":3.58,"sampleSize":1014,"normalizedSampleSize":0.2844,"averageTravelTime":2.62,"medianTravelTime":1.75,"travelTimeRatio":0.71,"speedPercentiles":[13,20,25,30,34,36,38,40,43,45,47,49,51,55,58,61,66,72,79]},{"timeSet":6,"dateRange":1,"harmonicAverageSpeed":25.2,"medianSpeed":39.0,"averageSpeed":40.7,"standardDeviationSpeed":19.5,"travelTimeStandardDeviation":5.83,"sampleSize":1131,"normalizedSampleSize":0.3172,"averageTravelTime":3.12,"medianTravelTime":2.02,"travelTimeRatio":0.85,"speedPercentiles":[10,16,20,24,27,29,32,35,37,39,42,45,47,50,53,56,60,66,74]},{"timeSet":7,"dateRange":1,"harmonicAverageSpeed":28.5,"medianSpeed":42.0,"averageSpeed":41.9,"standardDeviationSpeed":19.7,"travelTimeStandardDeviation":2.95,"sampleSize":540,"normalizedSampleSize":0.1514,"averageTravelTime":2.77,"medianTravelTime":1.88,"travelTimeRatio":0.75,"speedPercentiles":[10,18,20,24,27,31,33,36,40,42,45,46,49,51,54,56,61,68,77]},{"timeSet":8,"dateRange":1,"harmonicAverageSpeed":25.5,"medianSpeed":41.0,"averageSpeed":43.0,"standardDeviationSpeed":20.7,"travelTimeStandardDeviation":4.82,"sampleSize":326,"normalizedSampleSize":0.0914,"averageTravelTime":3.09,"medianTravelTime":1.92,"travelTimeRatio":0.84,"speedPercentiles":[9,17,21,25,28,31,34,37,39,41,44,45,49,53,58,61,66,71,78]},{"timeSet":9,"dateRange":1,"harmonicAverageSpeed":30.2,"medianSpeed":47.0,"averageSpeed":46.7,"standardDeviationSpeed":19.4,"travelTimeStandardDeviation":4.38,"sampleSize":501,"normalizedSampleSize":0.1405,"averageTravelTime":2.61,"medianTravelTime":1.68,"travelTimeRatio":0.71,"speedPercentiles":[17,22,26,31,33,36,38,41,44,47,49,51,54,56,59,63,68,73,78]},{"timeSet":10,"dateRange":1,"harmonicAverageSpeed":31.7,"medianSpeed":45.0,"averageSpeed":45.6,"standardDeviationSpeed":18.4,"travelTimeStandardDeviation":3.43,"sampleSize":849,"normalizedSampleSize":0.2381,"averageTravelTime":2.49,"medianTravelTime":1.75,"travelTimeRatio":0.68,"speedPercentiles":[16,23,28,31,33,36,38,41,43,45,46,49,52,55,58,61,65,69,77]},{"timeSet":11,"dateRange":1,"harmonicAverageSpeed":27.2,"medianSpeed":42.0,"averageSpeed":42.8,"standardDeviationSpeed":17.8,"travelTimeStandardDeviation":4.67,"sampleSize":1283,"normalizedSampleSize":0.3598,"averageTravelTime":2.9,"medianTravelTime":1.88,"travelTimeRatio":0.79,"speedPercentiles":[12,21,26,29,31,34,36,38,40,42,45,47,49,51,54,57,60,65,72]},{"timeSet":12,"dateRange":1,"harmonicAverageSpeed":25.4,"medianSpeed":39.0,"averageSpeed":39.7,"standardDeviationSpeed":16.4,"travelTimeStandardDeviation":4.82,"sampleSize":1989,"normalizedSampleSize":0.5578,"averageTravelTime":3.11,"medianTravelTime":2.02,"travelTimeRatio":0.84,"speedPercentiles":[11,19,24,27,29,32,33,35,37,39,41,43,45,48,50,53,57,62,68]},{"timeSet":13,"dateRange":1,"harmonicAverageSpeed":23.8,"medianSpeed":38.0,"averageSpeed":38.0,"standardDeviationSpeed":15.7,"travelTimeStandardDeviation":5.48,"sampleSize":2469,"normalizedSampleSize":0.6924,"averageTravelTime":3.32,"medianTravelTime":2.08,"travelTimeRatio":0.9,"speedPercentiles":[11,19,23,26,28,30,32,34,36,38,39,41,43,45,47,51,54,58,64]},{"timeSet":14,"dateRange":1,"harmonicAverageSpeed":19.8,"medianSpeed":35.0,"averageSpeed":35.0,"standardDeviationSpeed":16.3,"travelTimeStandardDeviation":6.48,"sampleSize":2993,"normalizedSampleSize":0.8393,"averageTravelTime":3.99,"medianTravelTime":2.25,"travelTimeRatio":1.08,"speedPercentiles":[7,14,18,22,25,27,29,31,33,35,37,39,40,43,45,47,51,56,62]},{"timeSet":15,"dateRange":1,"harmonicAverageSpeed":22.2,"medianSpeed":38.0,"averageSpeed":37.8,"standardDeviationSpeed":16.3,"travelTimeStandardDeviation":5.95,"sampleSize":2715,"normalizedSampleSize":0.7614,"averageTravelTime":3.55,"medianTravelTime":2.08,"travelTimeRatio":0.96,"speedPercentiles":[8,18,22,25,28,30,32,34,36,38,39,41,43,45,48,50,54,58,64]},{"timeSet":16,"dateRange":1,"harmonicAverageSpeed":26.2,"medianSpeed":40.0,"averageSpeed":40.8,"standardDeviationSpeed":16.6,"travelTimeStandardDeviation":4.8,"sampleSize":2052,"normalizedSampleSize":0.5754,"averageTravelTime":3.01,"medianTravelTime":1.97,"travelTimeRatio":0.82,"speedPercentiles":[13,21,26,29,30,33,35,36,38,40,42,44,46,48,50,54,58,63,69]},{"timeSet":17,"dateRange":1,"harmonicAverageSpeed":24.1,"medianSpeed":38.0,"averageSpeed":38.9,"standardDeviationSpeed":15.9,"travelTimeStandardDeviation":5.49,"sampleSize":2359,"normalizedSampleSize":0.6615,"averageTravelTime":3.27,"medianTravelTime":2.08,"travelTimeRatio":0.89,"speedPercentiles":[11,19,23,27,29,31,33,35,37,38,40,42,44,46,49,52,55,60,66]},{"timeSet":18,"dateRange":1,"harmonicAverageSpeed":24.3,"medianSpeed":36.0,"averageSpeed":36.9,"standardDeviationSpeed":14.9,"travelTimeStandardDeviation":5.05,"sampleSize":2475,"normalizedSampleSize":0.6941,"averageTravelTime":3.25,"medianTravelTime":2.19,"travelTimeRatio":0.88,"speedPercentiles":[12,19,23,26,28,30,32,33,35,36,38,39,41,43,46,48,51,56,63]},{"timeSet":19,"dateRange":1,"harmonicAverageSpeed":19.4,"medianSpeed":34.0,"averageSpeed":34.0,"standardDeviationSpeed":15.4,"travelTimeStandardDeviation":7.48,"sampleSize":2675,"normalizedSampleSize":0.7501,"averageTravelTime":4.07,"medianTravelTime":2.32,"travelTimeRatio":1.11,"speedPercentiles":[6,15,19,22,24,27,28,30,32,34,36,37,39,41,43,46,49,54,60]},{"timeSet":20,"dateRange":1,"harmonicAverageSpeed":20.8,"medianSpeed":34.0,"averageSpeed":34.4,"standardDeviationSpeed":15.4,"travelTimeStandardDeviation":5.98,"sampleSize":2868,"normalizedSampleSize":0.8043,"averageTravelTime":3.8,"medianTravelTime":2.32,"travelTimeRatio":1.03,"speedPercentiles":[9,15,19,22,24,26,28,30,32,34,36,37,39,41,44,47,50,55,61]},{"timeSet":21,"dateRange":1,"harmonicAverageSpeed":21.1,"medianSpeed":34.0,"averageSpeed":34.4,"standardDeviationSpeed":14.5,"travelTimeStandardDeviation":5.98,"sampleSize":2877,"normalizedSampleSize":0.8068,"averageTravelTime":3.74,"medianTravelTime":2.32,"travelTimeRatio":1.02,"speedPercentiles":[9,16,20,23,25,27,29,31,32,34,36,38,40,41,44,46,49,53,59]},{"timeSet":22,"dateRange":1,"harmonicAverageSpeed":20.6,"medianSpeed":34.0,"averageSpeed":34.4,"standardDeviationSpeed":15.7,"travelTimeStandardDeviation":6.11,"sampleSize":2598,"normalizedSampleSize":0.7285,"averageTravelTime":3.82,"medianTravelTime":2.32,"travelTimeRatio":1.04,"speedPercentiles":[8,15,19,22,24,26,28,30,32,34,35,37,39,41,43,47,50,55,62]},{"timeSet":23,"dateRange":1,"harmonicAverageSpeed":22.3,"medianSpeed":38.0,"averageSpeed":38.2,"standardDeviationSpeed":16.9,"travelTimeStandardDeviation":5.86,"sampleSize":1797,"normalizedSampleSize":0.5039,"averageTravelTime":3.54,"medianTravelTime":2.08,"travelTimeRatio":0.96,"speedPercentiles":[7,17,22,26,28,30,32,34,36,38,40,41,43,45,48,51,55,61,67]},{"timeSet":24,"dateRange":1,"harmonicAverageSpeed":24.8,"medianSpeed":40.0,"averageSpeed":40.1,"standardDeviationSpeed":16.7,"travelTimeStandardDeviation":5.03,"sampleSize":1811,"normalizedSampleSize":0.5079,"averageTravelTime":3.18,"medianTravelTime":1.97,"travelTimeRatio":0.86,"speedPercentiles":[10,19,24,27,30,32,34,36,38,40,42,44,46,48,50,53,57,61,68]},{"timeSet":25,"dateRange":1,"harmonicAverageSpeed":24.6,"medianSpeed":39.0,"averageSpeed":39.9,"standardDeviationSpeed":17.1,"travelTimeStandardDeviation":5.31,"sampleSize":2007,"normalizedSampleSize":0.5628,"averageTravelTime":3.2,"medianTravelTime":2.02,"travelTimeRatio":0.87,"speedPercentiles":[12,19,24,27,29,31,34,36,38,39,41,42,45,47,49,52,57,62,71]}]}},{"type":"Feature","geometry":{"type":"LineString","coordinates":[[12.47084,41.9415],[12.47082,41.94162],[12.47079,41.94172]]},"properties":{"segmentId":-13800007467712,"newSegmentId":"-00004931-3600-0400-0000-0000014b11ad","speedLimit":50,"frc":2,"streetName":"Corso di Francia","distance":25.01,"segmentTimeResults":[{"timeSet":2,"dateRange":1,"harmonicAverageSpeed":17.7,"medianSpeed":37.0,"averageSpeed":35.8,"standardDeviationSpeed":16.3,"travelTimeStandardDeviation":8.78,"sampleSize":3055,"normalizedSampleSize":0.8567,"averageTravelTime":5.08,"medianTravelTime":2.43,"travelTimeRatio":1.0,"speedPercentiles":[3,14,20,24,26,29,31,33,35,37,38,40,42,44,46,48,51,55,62]},{"timeSet":3,"dateRange":1,"harmonicAverageSpeed":18.7,"medianSpeed":40.0,"averageSpeed":39.0,"standardDeviationSpeed":18.1,"travelTimeStandardDeviation":8.61,"sampleSize":2514,"normalizedSampleSize":0.705,"averageTravelTime":4.8,"medianTravelTime":2.25,"travelTimeRatio":0.95,"speedPercentiles":[3,14,20,24,28,31,34,36,38,40,42,44,45,48,50,53,56,61,69]},{"timeSet":4,"dateRange":1,"harmonicAverageSpeed":17.3,"medianSpeed":45.0,"averageSpeed":43.4,"standardDeviationSpeed":20.0,"travelTimeStandardDeviation":9.93,"sampleSize":1527,"normalizedSampleSize":0.4282,"averageTravelTime":5.2,"medianTravelTime":2.0,"travelTimeRatio":1.02,"speedPercentiles":[3,10,23,29,33,36,39,41,43,45,47,49,51,53,56,59,63,68,74]},{"timeSet":5,"dateRange":1,"harmonicAverageSpeed":17.1,"medianSpeed":47.0,"averageSpeed":44.8,"standardDeviationSpeed":22.5,"travelTimeStandardDeviation":9.69,"sampleSize":904,"normalizedSampleSize":0.2535,"averageTravelTime":5.26,"medianTravelTime":1.92,"travelTimeRatio":1.04,"speedPercentiles":[3,7,16,25,33,37,40,43,45,47,48,51,53,56,60,63,67,73,79]},{"timeSet":6,"dateRange":1,"harmonicAverageSpeed":16.7,"medianSpeed":42.0,"averageSpeed":40.0,"standardDeviationSpeed":22.0,"travelTimeStandardDeviation":9.55,"sampleSize":1009,"normalizedSampleSize":0.283,"averageTravelTime":5.38,"medianTravelTime":2.14,"travelTimeRatio":1.06,"speedPercentiles":[3,9,14,18,23,27,31,35,38,42,45,47,49,52,55,58,62,67,76]},{"timeSet":7,"dateRange":1,"harmonicAverageSpeed":16.9,"medianSpeed":43.0,"averageSpeed":41.0,"standardDeviationSpeed":22.2,"travelTimeStandardDeviation":9.5,"sampleSize":501,"normalizedSampleSize":0.1405,"averageTravelTime":5.33,"medianTravelTime":2.09,"travelTimeRatio":1.05,"speedPercentiles":[3,10,16,19,25,28,31,36,41,43,46,48,50,52,55,58,62,71,77]},{"timeSet":8,"dateRange":1,"harmonicAverageSpeed":15.6,"medianSpeed":44.0,"averageSpeed":42.2,"standardDeviationSpeed":23.6,"travelTimeStandardDeviation":9.86,"sampleSize":289,"normalizedSampleSize":0.081,"averageTravelTime":5.79,"medianTravelTime":2.05,"travelTimeRatio":1.14,"speedPercentiles":[3,5,13,18,25,30,33,39,42,44,46,48,51,56,60,63,67,72,80]},{"timeSet":9,"dateRange":1,"harmonicAverageSpeed":19.1,"medianSpeed":48.0,"averageSpeed":46.4,"standardDeviationSpeed":21.0,"travelTimeStandardDeviation":9.24,"sampleSize":441,"normalizedSampleSize":0.1237,"averageTravelTime":4.71,"medianTravelTime":1.88,"travelTimeRatio":0.93,"speedPercentiles":[3,12,26,32,37,39,41,43,45,48,50,52,55,58,61,64,67,72,77]},{"timeSet":10,"dateRange":1,"harmonicAverageSpeed":22.1,"medianSpeed":46.0,"averageSpeed":46.0,"standardDeviationSpeed":19.2,"travelTimeStandardDeviation":8.1,"sampleSize":745,"normalizedSampleSize":0.2089,"averageTravelTime":4.07,"medianTravelTime":1.96,"travelTimeRatio":0.8,"speedPercentiles":[5,18,28,32,36,39,41,43,45,46,49,51,53,57,59,61,65,68,76]},{"timeSet":11,"dateRange":1,"harmonicAverageSpeed":21.5,"medianSpeed":45.0,"averageSpeed":43.8,"standardDeviationSpeed":18.4,"travelTimeStandardDeviation":7.98,"sampleSize":1080,"normalizedSampleSize":0.3029,"averageTravelTime":4.2,"medianTravelTime":2.0,"travelTimeRatio":0.83,"speedPercentiles":[4,18,27,32,35,37,39,41,43,45,47,48,51,53,55,58,60,65,71]},{"timeSet":12,"dateRange":1,"harmonicAverageSpeed":21.2,"medianSpeed":40.0,"averageSpeed":39.9,"standardDeviationSpeed":17.0,"travelTimeStandardDeviation":7.7,"sampleSize":1686,"normalizedSampleSize":0.4728,"averageTravelTime":4.25,"medianTravelTime":2.25,"travelTimeRatio":0.84,"speedPercentiles":[5,17,22,28,30,32,35,37,38,40,43,44,46,48,51,53,57,61,67]},{"timeSet":13,"dateRange":1,"harmonicAverageSpeed":21.0,"medianSpeed":38.0,"averageSpeed":37.8,"standardDeviationSpeed":16.1,"travelTimeStandardDeviation":7.54,"sampleSize":2131,"normalizedSampleSize":0.5976,"averageTravelTime":4.29,"medianTravelTime":2.37,"travelTimeRatio":0.84,"speedPercentiles":[7,17,22,25,28,31,33,35,36,38,40,42,44,45,48,50,54,58,64]},{"timeSet":14,"dateRange":1,"harmonicAverageSpeed":19.3,"medianSpeed":36.0,"averageSpeed":35.1,"standardDeviationSpeed":16.1,"travelTimeStandardDeviation":7.86,"sampleSize":2498,"normalizedSampleSize":0.7005,"averageTravelTime":4.67,"medianTravelTime":2.5,"travelTimeRatio":0.92,"speedPercentiles":[6,14,18,22,25,27,29,32,34,36,38,39,41,43,45,47,51,56,62]},{"timeSet":15,"dateRange":1,"harmonicAverageSpeed":20.2,"medianSpeed":38.0,"averageSpeed":37.7,"standardDeviationSpeed":16.6,"travelTimeStandardDeviation":7.99,"sampleSize":2279,"normalizedSampleSize":0.6391,"averageTravelTime":4.46,"medianTravelTime":2.37,"travelTimeRatio":0.88,"speedPercentiles":[6,16,21,25,28,30,33,35,36,38,40,42,43,45,48,50,53,58,64]},{"timeSet":16,"dateRange":1,"harmonicAverageSpeed":21.3,"medianSpeed":42.0,"averageSpeed":41.4,"standardDeviationSpeed":17.1,"travelTimeStandardDeviation":7.93,"sampleSize":1737,"normalizedSampleSize":0.4871,"averageTravelTime":4.22,"medianTravelTime":2.14,"travelTimeRatio":0.83,"speedPercentiles":[5,19,26,30,32,35,36,38,40,42,44,46,47,49,52,54,58,63,68]},{"timeSet":17,"dateRange":1,"harmonicAverageSpeed":21.2,"medianSpeed":40.0,"averageSpeed":39.1,"standardDeviationSpeed":16.2,"travelTimeStandardDeviation":7.62,"sampleSize":2014,"normalizedSampleSize":0.5648,"averageTravelTime":4.25,"medianTravelTime":2.25,"travelTimeRatio":0.84,"speedPercentiles":[5,18,24,27,30,32,34,36,38,40,41,43,45,47,49,52,55,60,66]},{"timeSet":18,"dateRange":1,"harmonicAverageSpeed":20.8,"medianSpeed":37.0,"averageSpeed":36.7,"standardDeviationSpeed":15.2,"travelTimeStandardDeviation":7.68,"sampleSize":2070,"normalizedSampleSize":0.5805,"averageTravelTime":4.32,"medianTravelTime":2.43,"travelTimeRatio":0.85,"speedPercentiles":[7,17,22,25,28,30,32,34,35,37,38,40,42,44,46,49,52,55,62]},{"timeSet":19,"dateRange":1,"harmonicAverageSpeed":18.6,"medianSpeed":34.0,"averageSpeed":33.5,"standardDeviationSpeed":15.5,"travelTimeStandardDeviation":8.23,"sampleSize":2306,"normalizedSampleSize":0.6467,"averageTravelTime":4.84,"medianTravelTime":2.65,"travelTimeRatio":0.95,"speedPercentiles":[5,13,18,21,23,26,28,30,32,34,36,37,39,41,43,46,49,53,59]},{"timeSet":20,"dateRange":1,"harmonicAverageSpeed":18.2,"medianSpeed":34.0,"averageSpeed":33.6,"standardDeviationSpeed":15.7,"travelTimeStandardDeviation":8.1,"sampleSize":2451,"normalizedSampleSize":0.6873,"averageTravelTime":4.95,"medianTravelTime":2.65,"travelTimeRatio":0.98,"speedPercentiles":[4,14,18,21,23,25,27,30,32,34,36,38,39,42,44,46,50,54,59]},{"timeSet":21,"dateRange":1,"harmonicAverageSpeed":19.3,"medianSpeed":35.0,"averageSpeed":34.2,"standardDeviationSpeed":14.5,"travelTimeStandardDeviation":7.8,"sampleSize":2390,"normalizedSampleSize":0.6702,"averageTravelTime":4.67,"medianTravelTime":2.57,"travelTimeRatio":0.92,"speedPercentiles":[5,16,20,23,25,27,30,31,33,35,36,38,40,41,43,46,49,52,57]},{"timeSet":22,"dateRange":1,"harmonicAverageSpeed":18.1,"medianSpeed":35.0,"averageSpeed":34.3,"standardDeviationSpeed":16.0,"travelTimeStandardDeviation":8.88,"sampleSize":2106,"normalizedSampleSize":0.5906,"averageTravelTime":4.98,"medianTravelTime":2.57,"travelTimeRatio":0.98,"speedPercentiles":[4,13,18,21,24,26,29,31,33,35,37,38,40,42,44,47,50,54,60]},{"timeSet":23,"dateRange":1,"harmonicAverageSpeed":17.9,"medianSpeed":40.0,"averageSpeed":39.0,"standardDeviationSpeed":17.9,"travelTimeStandardDeviation":8.99,"sampleSize":1473,"normalizedSampleSize":0.4131,"averageTravelTime":5.03,"medianTravelTime":2.25,"travelTimeRatio":0.99,"speedPercentiles":[3,12,20,25,28,33,35,37,39,40,42,44,45,47,50,53,56,61,67]},{"timeSet":24,"dateRange":1,"harmonicAverageSpeed":18.0,"medianSpeed":43.0,"averageSpeed":40.4,"standardDeviationSpeed":18.3,"travelTimeStandardDeviation":8.94,"sampleSize":1548,"normalizedSampleSize":0.4341,"averageTravelTime":4.99,"medianTravelTime":2.09,"travelTimeRatio":0.98,"speedPercentiles":[3,11,21,27,31,34,37,39,41,43,44,46,48,49,51,54,57,61,68]},{"timeSet":25,"dateRange":1,"harmonicAverageSpeed":18.7,"medianSpeed":41.0,"averageSpeed":40.2,"standardDeviationSpeed":18.3,"travelTimeStandardDeviation":8.88,"sampleSize":1719,"normalizedSampleSize":0.4821,"averageTravelTime":4.81,"medianTravelTime":2.2,"travelTimeRatio":0.95,"speedPercentiles":[3,14,22,27,30,33,35,38,39,41,43,44,46,48,51,54,58,63,71]}]}},{"type":"Feature","geometry":{"type":"LineString","coordinates":[[12.47079,41.94172],[12.47076,41.94185]]},"properties":{"segmentId":-13800006499932,"newSegmentId":"-00004931-3600-0400-0000-0000015c6a8c","speedLimit":50,"frc":2,"streetName":"Corso di Francia","distance":15.2,"segmentTimeResults":[{"timeSet":2,"dateRange":1,"harmonicAverageSpeed":30.5,"medianSpeed":37.0,"averageSpeed":37.8,"standardDeviationSpeed":13.2,"travelTimeStandardDeviation":2.66,"sampleSize":3065,"normalizedSampleSize":0.8595,"averageTravelTime":1.8,"medianTravelTime":1.48,"travelTimeRatio":1.0,"speedPercentiles":[19,23,25,27,29,30,32,34,35,37,38,40,41,43,46,48,51,54,61]},{"timeSet":3,"dateRange":1,"harmonicAverageSpeed":33.8,"medianSpeed":41.0,"averageSpeed":41.4,"standardDeviationSpeed":15.1,"travelTimeStandardDeviation":1.21,"sampleSize":2539,"normalizedSampleSize":0.712,"averageTravelTime":1.62,"medianTravelTime":1.33,"travelTimeRatio":0.9,"speedPercentiles":[18,23,26,29,31,33,35,38,39,41,43,44,46,48,50,53,56,61,68]},{"timeSet":4,"dateRange":1,"harmonicAverageSpeed":37.0,"medianSpeed":46.0,"averageSpeed":46.2,"standardDeviationSpeed":16.8,"travelTimeStandardDeviation":1.37,"sampleSize":1529,"normalizedSampleSize":0.4288,"averageTravelTime":1.48,"medianTravelTime":1.19,"travelTimeRatio":0.82,"speedPercentiles":[20,25,28,32,35,38,40,43,44,46,48,50,52,54,57,60,63,68,75]},{"timeSet":5,"dateRange":1,"harmonicAverageSpeed":30.5,"medianSpeed":48.0,"averageSpeed":47.4,"standardDeviationSpeed":19.6,"travelTimeStandardDeviation":2.49,"sampleSize":891,"normalizedSampleSize":0.2499,"averageTravelTime":1.8,"medianTravelTime":1.14,"travelTimeRatio":1.0,"speedPercentiles":[10,21,27,31,36,40,42,44,46,48,50,52,54,58,61,63,67,71,78]},{"timeSet":6,"dateRange":1,"harmonicAverageSpeed":28.1,"medianSpeed":43.0,"averageSpeed":42.1,"standardDeviationSpeed":20.1,"travelTimeStandardDeviation":2.58,"sampleSize":1000,"normalizedSampleSize":0.2804,"averageTravelTime":1.95,"medianTravelTime":1.27,"travelTimeRatio":1.08,"speedPercentiles":[11,15,19,23,26,29,33,37,41,43,46,48,50,53,56,59,63,68,76]},{"timeSet":7,"dateRange":1,"harmonicAverageSpeed":30.0,"medianSpeed":45.0,"averageSpeed":43.6,"standardDeviationSpeed":20.4,"travelTimeStandardDeviation":1.99,"sampleSize":497,"normalizedSampleSize":0.1394,"averageTravelTime":1.82,"medianTravelTime":1.22,"travelTimeRatio":1.02,"speedPercentiles":[13,18,21,25,27,30,33,37,41,45,47,49,51,54,57,60,64,72,78]},{"timeSet":8,"dateRange":1,"harmonicAverageSpeed":32.9,"medianSpeed":44.0,"averageSpeed":44.3,"standardDeviationSpeed":19.4,"travelTimeStandardDeviation":1.42,"sampleSize":302,"normalizedSampleSize":0.0847,"averageTravelTime":1.66,"medianTravelTime":1.24,"travelTimeRatio":0.93,"speedPercentiles":[16,21,23,26,29,31,34,37,41,44,47,49,52,55,58,62,66,70,78]},{"timeSet":9,"dateRange":1,"harmonicAverageSpeed":37.5,"medianSpeed":47.0,"averageSpeed":47.6,"standardDeviationSpeed":17.6,"travelTimeStandardDeviation":1.38,"sampleSize":451,"normalizedSampleSize":0.1265,"averageTravelTime":1.46,"medianTravelTime":1.16,"travelTimeRatio":0.81,"speedPercentiles":[21,25,28,32,34,39,41,43,45,47,49,52,54,57,60,63,66,70,76]},{"timeSet":10,"dateRange":1,"harmonicAverageSpeed":38.1,"medianSpeed":47.0,"averageSpeed":47.0,"standardDeviationSpeed":16.6,"travelTimeStandardDeviation":1.25,"sampleSize":752,"normalizedSampleSize":0.2109,"averageTravelTime":1.44,"medianTravelTime":1.16,"travelTimeRatio":0.8,"speedPercentiles":[21,25,29,32,36,39,41,43,45,47,49,51,53,56,58,61,64,68,75]},{"timeSet":11,"dateRange":1,"harmonicAverageSpeed":37.6,"medianSpeed":45.0,"averageSpeed":44.8,"standardDeviationSpeed":14.9,"travelTimeStandardDeviation":1.06,"sampleSize":1105,"normalizedSampleSize":0.3099,"averageTravelTime":1.46,"medianTravelTime":1.22,"travelTimeRatio":0.81,"speedPercentiles":[21,26,29,32,35,37,39,41,43,45,46,48,50,53,55,57,60,63,70]},{"timeSet":12,"dateRange":1,"harmonicAverageSpeed":33.7,"medianSpeed":40.0,"averageSpeed":40.6,"standardDeviationSpeed":14.5,"travelTimeStandardDeviation":1.17,"sampleSize":1724,"normalizedSampleSize":0.4835,"averageTravelTime":1.62,"medianTravelTime":1.37,"travelTimeRatio":0.9,"speedPercentiles":[18,23,26,28,30,32,34,36,38,40,42,44,46,48,50,53,56,60,66]},{"timeSet":13,"dateRange":1,"harmonicAverageSpeed":31.0,"medianSpeed":37.0,"averageSpeed":38.4,"standardDeviationSpeed":14.4,"travelTimeStandardDeviation":1.5,"sampleSize":2195,"normalizedSampleSize":0.6155,"averageTravelTime":1.77,"medianTravelTime":1.48,"travelTimeRatio":0.98,"speedPercentiles":[17,21,24,26,28,31,33,34,36,37,39,41,43,45,47,50,53,57,63]},{"timeSet":14,"dateRange":1,"harmonicAverageSpeed":27.8,"medianSpeed":35.0,"averageSpeed":35.5,"standardDeviationSpeed":14.2,"travelTimeStandardDeviation":1.88,"sampleSize":2568,"normalizedSampleSize":0.7201,"averageTravelTime":1.97,"medianTravelTime":1.56,"travelTimeRatio":1.1,"speedPercentiles":[13,18,21,24,26,27,29,31,33,35,37,38,40,42,44,47,50,54,61]},{"timeSet":15,"dateRange":1,"harmonicAverageSpeed":29.9,"medianSpeed":38.0,"averageSpeed":38.2,"standardDeviationSpeed":14.3,"travelTimeStandardDeviation":2.97,"sampleSize":2313,"normalizedSampleSize":0.6486,"averageTravelTime":1.83,"medianTravelTime":1.44,"travelTimeRatio":1.02,"speedPercentiles":[16,21,24,26,28,30,32,34,36,38,39,41,43,45,47,50,53,56,63]},{"timeSet":16,"dateRange":1,"harmonicAverageSpeed":35.8,"medianSpeed":42.0,"averageSpeed":42.6,"standardDeviationSpeed":14.5,"travelTimeStandardDeviation":1.47,"sampleSize":1768,"normalizedSampleSize":0.4958,"averageTravelTime":1.53,"medianTravelTime":1.3,"travelTimeRatio":0.85,"speedPercentiles":[21,25,28,30,32,34,36,38,40,42,44,46,48,49,51,54,57,62,67]},{"timeSet":17,"dateRange":1,"harmonicAverageSpeed":33.3,"medianSpeed":39.0,"averageSpeed":39.8,"standardDeviationSpeed":14.0,"travelTimeStandardDeviation":1.13,"sampleSize":2068,"normalizedSampleSize":0.5799,"averageTravelTime":1.64,"medianTravelTime":1.4,"travelTimeRatio":0.92,"speedPercentiles":[18,23,25,27,30,32,34,36,37,39,41,43,44,46,49,51,55,59,64]},{"timeSet":18,"dateRange":1,"harmonicAverageSpeed":30.0,"medianSpeed":36.0,"averageSpeed":36.9,"standardDeviationSpeed":13.1,"travelTimeStandardDeviation":1.74,"sampleSize":2104,"normalizedSampleSize":0.59,"averageTravelTime":1.82,"medianTravelTime":1.52,"travelTimeRatio":1.02,"speedPercentiles":[17,21,24,26,28,29,31,33,35,36,38,39,41,43,45,48,50,54,59]},{"timeSet":19,"dateRange":1,"harmonicAverageSpeed":27.1,"medianSpeed":33.0,"averageSpeed":33.9,"standardDeviationSpeed":13.3,"travelTimeStandardDeviation":1.5,"sampleSize":2344,"normalizedSampleSize":0.6573,"averageTravelTime":2.02,"medianTravelTime":1.66,"travelTimeRatio":1.12,"speedPercentiles":[13,17,20,23,25,26,28,29,31,33,35,37,38,40,42,45,47,51,57]},{"timeSet":20,"dateRange":1,"harmonicAverageSpeed":27.3,"medianSpeed":33.0,"averageSpeed":34.1,"standardDeviationSpeed":13.5,"travelTimeStandardDeviation":1.7,"sampleSize":2481,"normalizedSampleSize":0.6957,"averageTravelTime":2.01,"medianTravelTime":1.66,"travelTimeRatio":1.12,"speedPercentiles":[14,17,20,22,24,26,28,30,32,33,35,37,38,40,43,45,48,52,57]},{"timeSet":21,"dateRange":1,"harmonicAverageSpeed":26.6,"medianSpeed":34.0,"averageSpeed":34.7,"standardDeviationSpeed":12.2,"travelTimeStandardDeviation":6.69,"sampleSize":2445,"normalizedSampleSize":0.6856,"averageTravelTime":2.05,"medianTravelTime":1.61,"travelTimeRatio":1.14,"speedPercentiles":[16,20,23,25,26,28,29,31,32,34,35,37,39,40,42,45,47,51,55]},{"timeSet":22,"dateRange":1,"harmonicAverageSpeed":28.4,"medianSpeed":34.0,"averageSpeed":35.3,"standardDeviationSpeed":13.7,"travelTimeStandardDeviation":1.42,"sampleSize":2163,"normalizedSampleSize":0.6066,"averageTravelTime":1.93,"medianTravelTime":1.61,"travelTimeRatio":1.07,"speedPercentiles":[14,19,22,24,26,27,29,31,33,34,36,38,40,42,44,47,49,53,59]},{"timeSet":23,"dateRange":1,"harmonicAverageSpeed":32.7,"medianSpeed":41.0,"averageSpeed":40.8,"standardDeviationSpeed":14.6,"travelTimeStandardDeviation":1.84,"sampleSize":1510,"normalizedSampleSize":0.4234,"averageTravelTime":1.68,"medianTravelTime":1.33,"travelTimeRatio":0.93,"speedPercentiles":[18,23,26,28,30,33,35,37,39,41,42,44,45,47,50,53,55,60,66]},{"timeSet":24,"dateRange":1,"harmonicAverageSpeed":32.7,"medianSpeed":43.0,"averageSpeed":42.3,"standardDeviationSpeed":14.9,"travelTimeStandardDeviation":3.08,"sampleSize":1568,"normalizedSampleSize":0.4397,"averageTravelTime":1.68,"medianTravelTime":1.27,"travelTimeRatio":0.93,"speedPercentiles":[20,24,27,29,32,34,37,39,41,43,45,46,48,50,51,54,57,60,67]},{"timeSet":25,"dateRange":1,"harmonicAverageSpeed":34.7,"medianSpeed":41.0,"averageSpeed":42.2,"standardDeviationSpeed":15.3,"travelTimeStandardDeviation":1.26,"sampleSize":1736,"normalizedSampleSize":0.4868,"averageTravelTime":1.58,"medianTravelTime":1.33,"travelTimeRatio":0.88,"speedPercentiles":[19,24,27,29,32,34,36,38,40,41,43,45,47,49,51,53,57,62,70]}]}},{"type":"Feature","geometry":{"type":"LineString","coordinates":[[12.47076,41.94185],[12.47072,41.94194],[12.47069,41.94202]]},"properties":{"segmentId":-13800006496134,"newSegmentId":"-00004931-3600-0400-0000-0000015250b6","speedLimit":50,"frc":2,"streetName":"Corso di Francia","distance":19.86,"segmentTimeResults":[{"timeSet":2,"dateRange":1,"harmonicAverageSpeed":34.0,"medianSpeed":38.0,"averageSpeed":39.0,"standardDeviationSpeed":12.4,"travelTimeStandardDeviation":1.3,"sampleSize":3066,"normalizedSampleSize":0.8598,"averageTravelTime":2.1,"medianTravelTime":1.88,"travelTimeRatio":1.0,"speedPercentiles":[21,25,28,30,31,32,34,35,37,38,39,41,42,44,46,48,51,54,60]},{"timeSet":3,"dateRange":1,"harmonicAverageSpeed":34.9,"medianSpeed":42.0,"averageSpeed":42.8,"standardDeviationSpeed":14.2,"travelTimeStandardDeviation":4.39,"sampleSize":2538,"normalizedSampleSize":0.7117,"averageTravelTime":2.05,"medianTravelTime":1.7,"travelTimeRatio":0.97,"speedPercentiles":[20,26,29,32,34,36,37,39,41,42,44,45,47,49,51,53,56,61,68]},{"timeSet":4,"dateRange":1,"harmonicAverageSpeed":39.5,"medianSpeed":47.0,"averageSpeed":47.7,"standardDeviationSpeed":15.9,"travelTimeStandardDeviation":1.62,"sampleSize":1533,"normalizedSampleSize":0.4299,"averageTravelTime":1.81,"medianTravelTime":1.52,"travelTimeRatio":0.86,"speedPercentiles":[21,30,33,35,38,40,42,44,46,47,49,51,52,55,57,60,63,68,74]},{"timeSet":5,"dateRange":1,"harmonicAverageSpeed":35.8,"medianSpeed":49.0,"averageSpeed":49.1,"standardDeviationSpeed":18.3,"travelTimeStandardDeviation":2.38,"sampleSize":896,"normalizedSampleSize":0.2513,"averageTravelTime":2.0,"medianTravelTime":1.46,"travelTimeRatio":0.95,"speedPercentiles":[15,26,32,36,39,41,44,45,47,49,51,53,55,59,61,64,67,71,78]},{"timeSet":6,"dateRange":1,"harmonicAverageSpeed":30.3,"medianSpeed":45.0,"averageSpeed":43.8,"standardDeviationSpeed":19.4,"travelTimeStandardDeviation":3.49,"sampleSize":1007,"normalizedSampleSize":0.2824,"averageTravelTime":2.36,"medianTravelTime":1.59,"travelTimeRatio":1.12,"speedPercentiles":[13,17,21,26,29,32,36,39,42,45,47,49,51,54,57,60,64,69,76]},{"timeSet":7,"dateRange":1,"harmonicAverageSpeed":32.9,"medianSpeed":46.0,"averageSpeed":45.1,"standardDeviationSpeed":19.6,"travelTimeStandardDeviation":2.44,"sampleSize":499,"normalizedSampleSize":0.1399,"averageTravelTime":2.17,"medianTravelTime":1.55,"travelTimeRatio":1.03,"speedPercentiles":[16,20,25,27,30,32,35,39,42,46,48,50,53,56,58,61,64,72,79]},{"timeSet":8,"dateRange":1,"harmonicAverageSpeed":33.8,"medianSpeed":46.0,"averageSpeed":46.1,"standardDeviationSpeed":18.6,"travelTimeStandardDeviation":2.83,"sampleSize":303,"normalizedSampleSize":0.085,"averageTravelTime":2.12,"medianTravelTime":1.55,"travelTimeRatio":1.01,"speedPercentiles":[20,23,26,30,32,35,38,41,44,46,48,50,53,55,58,62,66,71,76]},{"timeSet":9,"dateRange":1,"harmonicAverageSpeed":40.6,"medianSpeed":48.0,"averageSpeed":48.6,"standardDeviationSpeed":16.2,"travelTimeStandardDeviation":1.52,"sampleSize":453,"normalizedSampleSize":0.127,"averageTravelTime":1.76,"medianTravelTime":1.49,"travelTimeRatio":0.84,"speedPercentiles":[23,28,32,34,38,40,41,44,46,48,50,52,55,57,61,64,66,69,74]},{"timeSet":10,"dateRange":1,"harmonicAverageSpeed":40.6,"medianSpeed":48.0,"averageSpeed":48.0,"standardDeviationSpeed":15.6,"travelTimeStandardDeviation":1.21,"sampleSize":752,"normalizedSampleSize":0.2109,"averageTravelTime":1.76,"medianTravelTime":1.49,"travelTimeRatio":0.84,"speedPercentiles":[22,28,32,35,38,40,43,44,46,48,49,51,54,56,58,61,64,68,74]},{"timeSet":11,"dateRange":1,"harmonicAverageSpeed":38.3,"medianSpeed":46.0,"averageSpeed":45.8,"standardDeviationSpeed":13.9,"travelTimeStandardDeviation":2.5,"sampleSize":1105,"normalizedSampleSize":0.3099,"averageTravelTime":1.87,"medianTravelTime":1.55,"travelTimeRatio":0.89,"speedPercentiles":[24,29,32,35,37,38,40,42,44,46,47,49,51,53,55,57,60,63,69]},{"timeSet":12,"dateRange":1,"harmonicAverageSpeed":34.2,"medianSpeed":41.0,"averageSpeed":41.4,"standardDeviationSpeed":13.8,"travelTimeStandardDeviation":3.01,"sampleSize":1724,"normalizedSampleSize":0.4835,"averageTravelTime":2.09,"medianTravelTime":1.74,"travelTimeRatio":0.99,"speedPercentiles":[20,25,28,30,32,34,36,37,39,41,43,44,46,48,50,53,56,59,65]},{"timeSet":13,"dateRange":1,"harmonicAverageSpeed":31.4,"medianSpeed":38.0,"averageSpeed":38.8,"standardDeviationSpeed":13.7,"travelTimeStandardDeviation":2.91,"sampleSize":2194,"normalizedSampleSize":0.6153,"averageTravelTime":2.28,"medianTravelTime":1.88,"travelTimeRatio":1.08,"speedPercentiles":[17,22,25,27,29,32,33,35,36,38,40,41,43,45,47,49,52,56,62]},{"timeSet":14,"dateRange":1,"harmonicAverageSpeed":29.9,"medianSpeed":36.0,"averageSpeed":36.3,"standardDeviationSpeed":13.4,"travelTimeStandardDeviation":1.99,"sampleSize":2562,"normalizedSampleSize":0.7185,"averageTravelTime":2.39,"medianTravelTime":1.99,"travelTimeRatio":1.14,"speedPercentiles":[16,20,23,25,27,29,31,32,34,36,37,39,40,42,44,47,50,54,60]},{"timeSet":15,"dateRange":1,"harmonicAverageSpeed":31.0,"medianSpeed":38.0,"averageSpeed":38.5,"standardDeviationSpeed":14.0,"travelTimeStandardDeviation":2.58,"sampleSize":2322,"normalizedSampleSize":0.6511,"averageTravelTime":2.31,"medianTravelTime":1.88,"travelTimeRatio":1.1,"speedPercentiles":[17,21,24,27,29,31,33,35,36,38,39,41,43,45,47,49,53,56,62]},{"timeSet":16,"dateRange":1,"harmonicAverageSpeed":36.1,"medianSpeed":42.0,"averageSpeed":43.2,"standardDeviationSpeed":13.8,"travelTimeStandardDeviation":2.87,"sampleSize":1767,"normalizedSampleSize":0.4955,"averageTravelTime":1.98,"medianTravelTime":1.7,"travelTimeRatio":0.94,"speedPercentiles":[22,27,30,32,34,36,37,39,41,42,44,46,48,50,52,54,57,61,66]},{"timeSet":17,"dateRange":1,"harmonicAverageSpeed":32.7,"medianSpeed":40.0,"averageSpeed":40.3,"standardDeviationSpeed":13.5,"travelTimeStandardDeviation":2.95,"sampleSize":2065,"normalizedSampleSize":0.5791,"averageTravelTime":2.19,"medianTravelTime":1.79,"travelTimeRatio":1.04,"speedPercentiles":[19,23,27,29,31,33,35,37,38,40,41,43,45,47,49,52,54,58,63]},{"timeSet":18,"dateRange":1,"harmonicAverageSpeed":30.4,"medianSpeed":37.0,"averageSpeed":37.0,"standardDeviationSpeed":12.5,"travelTimeStandardDeviation":3.19,"sampleSize":2108,"normalizedSampleSize":0.5911,"averageTravelTime":2.35,"medianTravelTime":1.93,"travelTimeRatio":1.12,"speedPercentiles":[17,21,25,27,29,30,32,34,35,37,38,39,41,43,45,47,50,53,58]},{"timeSet":19,"dateRange":1,"harmonicAverageSpeed":27.4,"medianSpeed":34.0,"averageSpeed":34.4,"standardDeviationSpeed":12.8,"travelTimeStandardDeviation":2.72,"sampleSize":2338,"normalizedSampleSize":0.6556,"averageTravelTime":2.61,"medianTravelTime":2.1,"travelTimeRatio":1.24,"speedPercentiles":[14,18,21,24,26,27,29,31,32,34,35,37,39,41,42,45,47,51,56]},{"timeSet":20,"dateRange":1,"harmonicAverageSpeed":26.3,"medianSpeed":34.0,"averageSpeed":34.2,"standardDeviationSpeed":13.0,"travelTimeStandardDeviation":3.48,"sampleSize":2480,"normalizedSampleSize":0.6955,"averageTravelTime":2.72,"medianTravelTime":2.1,"travelTimeRatio":1.29,"speedPercentiles":[14,18,21,23,25,27,29,31,33,34,36,37,39,41,42,44,47,51,56]},{"timeSet":21,"dateRange":1,"harmonicAverageSpeed":28.0,"medianSpeed":34.0,"averageSpeed":34.7,"standardDeviationSpeed":11.7,"travelTimeStandardDeviation":3.25,"sampleSize":2456,"normalizedSampleSize":0.6887,"averageTravelTime":2.55,"medianTravelTime":2.1,"travelTimeRatio":1.21,"speedPercentiles":[16,20,23,25,27,29,30,32,33,34,36,37,38,40,42,44,46,50,54]},{"timeSet":22,"dateRange":1,"harmonicAverageSpeed":27.7,"medianSpeed":35.0,"averageSpeed":35.7,"standardDeviationSpeed":13.2,"travelTimeStandardDeviation":3.61,"sampleSize":2164,"normalizedSampleSize":0.6068,"averageTravelTime":2.58,"medianTravelTime":2.04,"travelTimeRatio":1.23,"speedPercentiles":[14,19,22,25,27,29,31,32,34,35,37,38,40,42,44,46,49,52,58]},{"timeSet":23,"dateRange":1,"harmonicAverageSpeed":33.2,"medianSpeed":41.0,"averageSpeed":41.6,"standardDeviationSpeed":14.0,"travelTimeStandardDeviation":2.55,"sampleSize":1512,"normalizedSampleSize":0.424,"averageTravelTime":2.15,"medianTravelTime":1.74,"travelTimeRatio":1.02,"speedPercentiles":[18,24,28,31,33,35,37,38,40,41,43,44,46,48,50,53,55,59,66]},{"timeSet":24,"dateRange":1,"harmonicAverageSpeed":35.1,"medianSpeed":44.0,"averageSpeed":43.5,"standardDeviationSpeed":13.9,"travelTimeStandardDeviation":4.01,"sampleSize":1572,"normalizedSampleSize":0.4408,"averageTravelTime":2.04,"medianTravelTime":1.62,"travelTimeRatio":0.97,"speedPercentiles":[21,27,30,33,35,37,38,40,42,44,45,47,48,50,52,54,57,60,67]},{"timeSet":25,"dateRange":1,"harmonicAverageSpeed":37.0,"medianSpeed":42.0,"averageSpeed":43.1,"standardDeviationSpeed":14.6,"travelTimeStandardDeviation":1.2,"sampleSize":1737,"normalizedSampleSize":0.4871,"averageTravelTime":1.93,"medianTravelTime":1.7,"travelTimeRatio":0.92,"speedPercentiles":[21,27,30,31,33,35,37,38,40,42,44,45,48,50,52,54,57,62,69]}]}},{"type":"Feature","geometry":{"type":"LineString","coordinates":[[12.47069,41.94202],[12.47063,41.94215],[12.47057,41.94227]]},"properties":{"segmentId":-13800006562564,"newSegmentId":"-00004931-3600-0400-0000-0000034dd5b0","speedLimit":50,"frc":2,"streetName":"Corso di Francia","distance":28.48,"segmentTimeResults":[{"timeSet":2,"dateRange":1,"harmonicAverageSpeed":35.8,"medianSpeed":41.0,"averageSpeed":41.5,"standardDeviationSpeed":12.0,"travelTimeStandardDeviation":3.9,"sampleSize":3056,"normalizedSampleSize":0.857,"averageTravelTime":2.87,"medianTravelTime":2.5,"travelTimeRatio":1.0,"speedPercentiles":[23,28,31,33,34,36,37,38,39,41,42,43,45,46,48,50,52,56,62]},{"timeSet":3,"dateRange":1,"harmonicAverageSpeed":38.7,"medianSpeed":45.0,"averageSpeed":45.3,"standardDeviationSpeed":13.4,"travelTimeStandardDeviation":3.58,"sampleSize":2528,"normalizedSampleSize":0.7089,"averageTravelTime":2.65,"medianTravelTime":2.28,"travelTimeRatio":0.92,"speedPercentiles":[24,30,33,36,37,39,41,42,43,45,46,47,49,51,53,55,58,63,69]},{"timeSet":4,"dateRange":1,"harmonicAverageSpeed":41.3,"medianSpeed":50.0,"averageSpeed":50.0,"standardDeviationSpeed":15.2,"travelTimeStandardDeviation":3.4,"sampleSize":1527,"normalizedSampleSize":0.4282,"averageTravelTime":2.48,"medianTravelTime":2.05,"travelTimeRatio":0.86,"speedPercentiles":[25,33,37,39,41,43,45,47,48,50,51,53,55,57,59,62,65,69,75]},{"timeSet":5,"dateRange":1,"harmonicAverageSpeed":39.6,"medianSpeed":51.0,"averageSpeed":50.9,"standardDeviationSpeed":17.5,"travelTimeStandardDeviation":2.86,"sampleSize":895,"normalizedSampleSize":0.251,"averageTravelTime":2.59,"medianTravelTime":2.01,"travelTimeRatio":0.9,"speedPercentiles":[19,28,35,39,42,43,45,47,49,51,53,55,57,60,62,64,68,72,80]},{"timeSet":6,"dateRange":1,"harmonicAverageSpeed":35.9,"medianSpeed":47.0,"averageSpeed":46.9,"standardDeviationSpeed":18.0,"travelTimeStandardDeviation":3.88,"sampleSize":1005,"normalizedSampleSize":0.2818,"averageTravelTime":2.85,"medianTravelTime":2.18,"travelTimeRatio":0.99,"speedPercentiles":[19,25,27,30,33,37,40,43,45,47,49,51,54,57,59,61,65,70,77]},{"timeSet":7,"dateRange":1,"harmonicAverageSpeed":38.7,"medianSpeed":47.0,"averageSpeed":48.0,"standardDeviationSpeed":18.3,"travelTimeStandardDeviation":2.26,"sampleSize":499,"normalizedSampleSize":0.1399,"averageTravelTime":2.65,"medianTravelTime":2.18,"travelTimeRatio":0.92,"speedPercentiles":[21,26,29,32,34,37,40,42,46,47,50,52,55,57,59,61,66,74,79]},{"timeSet":8,"dateRange":1,"harmonicAverageSpeed":41.6,"medianSpeed":49.0,"averageSpeed":50.2,"standardDeviationSpeed":17.1,"travelTimeStandardDeviation":1.94,"sampleSize":303,"normalizedSampleSize":0.085,"averageTravelTime":2.46,"medianTravelTime":2.09,"travelTimeRatio":0.86,"speedPercentiles":[26,29,32,36,38,40,43,45,47,49,51,54,56,59,62,64,69,71,78]},{"timeSet":9,"dateRange":1,"harmonicAverageSpeed":43.0,"medianSpeed":50.0,"averageSpeed":51.1,"standardDeviationSpeed":15.7,"travelTimeStandardDeviation":2.76,"sampleSize":453,"normalizedSampleSize":0.127,"averageTravelTime":2.38,"medianTravelTime":2.05,"travelTimeRatio":0.83,"speedPercentiles":[25,32,35,39,41,42,45,47,49,50,52,55,56,59,62,65,67,70,77]},{"timeSet":10,"dateRange":1,"harmonicAverageSpeed":42.2,"medianSpeed":49.0,"averageSpeed":49.6,"standardDeviationSpeed":15.0,"travelTimeStandardDeviation":1.85,"sampleSize":751,"normalizedSampleSize":0.2106,"averageTravelTime":2.43,"medianTravelTime":2.09,"travelTimeRatio":0.85,"speedPercentiles":[24,32,35,38,40,42,44,46,47,49,51,53,54,57,59,62,64,69,75]},{"timeSet":11,"dateRange":1,"harmonicAverageSpeed":41.9,"medianSpeed":47.0,"averageSpeed":47.7,"standardDeviationSpeed":13.5,"travelTimeStandardDeviation":1.8,"sampleSize":1099,"normalizedSampleSize":0.3082,"averageTravelTime":2.45,"medianTravelTime":2.18,"travelTimeRatio":0.85,"speedPercentiles":[26,31,35,37,39,41,43,44,46,47,49,50,52,54,56,58,61,65,71]},{"timeSet":12,"dateRange":1,"harmonicAverageSpeed":37.8,"medianSpeed":43.0,"averageSpeed":43.6,"standardDeviationSpeed":13.3,"travelTimeStandardDeviation":2.48,"sampleSize":1708,"normalizedSampleSize":0.479,"averageTravelTime":2.71,"medianTravelTime":2.38,"travelTimeRatio":0.95,"speedPercentiles":[23,28,31,33,35,36,38,39,41,43,45,46,48,50,52,54,57,61,66]},{"timeSet":13,"dateRange":1,"harmonicAverageSpeed":35.1,"medianSpeed":40.0,"averageSpeed":41.1,"standardDeviationSpeed":12.9,"travelTimeStandardDeviation":2.7,"sampleSize":2173,"normalizedSampleSize":0.6094,"averageTravelTime":2.92,"medianTravelTime":2.56,"travelTimeRatio":1.02,"speedPercentiles":[22,26,28,31,33,34,36,37,39,40,42,43,45,47,49,51,54,57,63]},{"timeSet":14,"dateRange":1,"harmonicAverageSpeed":32.8,"medianSpeed":38.0,"averageSpeed":38.8,"standardDeviationSpeed":12.4,"travelTimeStandardDeviation":3.75,"sampleSize":2529,"normalizedSampleSize":0.7092,"averageTravelTime":3.13,"medianTravelTime":2.7,"travelTimeRatio":1.09,"speedPercentiles":[20,24,27,29,31,32,34,35,37,38,39,41,42,44,46,49,51,55,61]},{"timeSet":15,"dateRange":1,"harmonicAverageSpeed":34.9,"medianSpeed":41.0,"averageSpeed":41.4,"standardDeviationSpeed":13.3,"travelTimeStandardDeviation":3.04,"sampleSize":2294,"normalizedSampleSize":0.6433,"averageTravelTime":2.94,"medianTravelTime":2.5,"travelTimeRatio":1.03,"speedPercentiles":[22,26,29,31,33,34,36,37,39,41,42,44,45,47,49,51,54,59,64]},{"timeSet":16,"dateRange":1,"harmonicAverageSpeed":39.4,"medianSpeed":44.0,"averageSpeed":45.0,"standardDeviationSpeed":13.1,"travelTimeStandardDeviation":2.58,"sampleSize":1761,"normalizedSampleSize":0.4938,"averageTravelTime":2.6,"medianTravelTime":2.33,"travelTimeRatio":0.91,"speedPercentiles":[26,29,32,34,36,38,40,41,43,44,46,48,49,51,53,55,59,62,67]},{"timeSet":17,"dateRange":1,"harmonicAverageSpeed":36.7,"medianSpeed":42.0,"averageSpeed":42.5,"standardDeviationSpeed":12.8,"travelTimeStandardDeviation":2.34,"sampleSize":2045,"normalizedSampleSize":0.5735,"averageTravelTime":2.8,"medianTravelTime":2.44,"travelTimeRatio":0.98,"speedPercentiles":[22,27,30,32,34,36,37,39,40,42,43,45,47,48,51,53,55,59,65]},{"timeSet":18,"dateRange":1,"harmonicAverageSpeed":33.0,"medianSpeed":38.0,"averageSpeed":38.4,"standardDeviationSpeed":11.6,"travelTimeStandardDeviation":3.14,"sampleSize":2085,"normalizedSampleSize":0.5847,"averageTravelTime":3.11,"medianTravelTime":2.7,"travelTimeRatio":1.08,"speedPercentiles":[20,24,27,29,31,33,34,36,37,38,39,41,42,44,46,48,50,53,58]},{"timeSet":19,"dateRange":1,"harmonicAverageSpeed":27.6,"medianSpeed":36.0,"averageSpeed":35.9,"standardDeviationSpeed":12.3,"travelTimeStandardDeviation":6.57,"sampleSize":2319,"normalizedSampleSize":0.6503,"averageTravelTime":3.72,"medianTravelTime":2.85,"travelTimeRatio":1.3,"speedPercentiles":[16,21,24,26,28,30,31,33,34,36,37,39,40,42,43,45,48,51,56]},{"timeSet":20,"dateRange":1,"harmonicAverageSpeed":28.2,"medianSpeed":36.0,"averageSpeed":35.9,"standardDeviationSpeed":12.8,"travelTimeStandardDeviation":3.58,"sampleSize":2455,"normalizedSampleSize":0.6884,"averageTravelTime":3.64,"medianTravelTime":2.85,"travelTimeRatio":1.27,"speedPercentiles":[15,20,24,26,28,30,32,33,35,36,37,39,40,42,44,46,48,51,57]},{"timeSet":21,"dateRange":1,"harmonicAverageSpeed":29.6,"medianSpeed":36.0,"averageSpeed":36.3,"standardDeviationSpeed":11.4,"travelTimeStandardDeviation":4.47,"sampleSize":2427,"normalizedSampleSize":0.6806,"averageTravelTime":3.47,"medianTravelTime":2.85,"travelTimeRatio":1.21,"speedPercentiles":[17,22,25,28,30,31,33,34,35,36,37,39,40,41,43,45,47,50,55]},{"timeSet":22,"dateRange":1,"harmonicAverageSpeed":30.6,"medianSpeed":37.0,"averageSpeed":37.4,"standardDeviationSpeed":12.5,"travelTimeStandardDeviation":3.23,"sampleSize":2125,"normalizedSampleSize":0.5959,"averageTravelTime":3.35,"medianTravelTime":2.77,"travelTimeRatio":1.17,"speedPercentiles":[17,21,25,27,30,31,33,35,36,37,39,40,42,43,45,47,50,53,58]},{"timeSet":23,"dateRange":1,"harmonicAverageSpeed":36.3,"medianSpeed":43.0,"averageSpeed":44.0,"standardDeviationSpeed":13.3,"travelTimeStandardDeviation":4.0,"sampleSize":1488,"normalizedSampleSize":0.4173,"averageTravelTime":2.82,"medianTravelTime":2.38,"travelTimeRatio":0.98,"speedPercentiles":[23,28,32,34,37,38,39,41,42,43,45,46,48,50,52,54,57,61,67]},{"timeSet":24,"dateRange":1,"harmonicAverageSpeed":40.0,"medianSpeed":46.0,"averageSpeed":46.3,"standardDeviationSpeed":13.2,"travelTimeStandardDeviation":2.86,"sampleSize":1546,"normalizedSampleSize":0.4335,"averageTravelTime":2.56,"medianTravelTime":2.23,"travelTimeRatio":0.89,"speedPercentiles":[25,31,34,36,38,40,42,43,45,46,47,49,50,52,54,56,59,63,69]},{"timeSet":25,"dateRange":1,"harmonicAverageSpeed":40.0,"medianSpeed":44.0,"averageSpeed":45.4,"standardDeviationSpeed":14.1,"travelTimeStandardDeviation":1.48,"sampleSize":1728,"normalizedSampleSize":0.4846,"averageTravelTime":2.57,"medianTravelTime":2.33,"travelTimeRatio":0.89,"speedPercentiles":[24,30,33,35,37,38,40,41,43,44,46,47,49,51,53,55,59,64,70]}]}},{"type":"Feature","geometry":{"type":"LineString","coordinates":[[12.47057,41.94227],[12.47053,41.94235],[12.47048,41.94243],[12.47042,41.94254],[12.47034,41.94268],[12.47027,41.9428],[12.47011,41.94306]]},"properties":{"segmentId":-13800006751007,"newSegmentId":"-00004931-3600-0400-0000-000001376f5b","speedLimit":50,"frc":2,"streetName":"Corso di Francia","distance":96.05,"segmentTimeResults":[{"timeSet":2,"dateRange":1,"harmonicAverageSpeed":37.6,"medianSpeed":42.0,"averageSpeed":43.0,"standardDeviationSpeed":12.1,"travelTimeStandardDeviation":7.58,"sampleSize":3046,"normalizedSampleSize":0.8542,"averageTravelTime":9.19,"medianTravelTime":8.23,"travelTimeRatio":1.0,"speedPercentiles":[24,30,33,35,36,37,39,40,41,42,44,45,46,48,50,52,54,58,63]},{"timeSet":3,"dateRange":1,"harmonicAverageSpeed":40.0,"medianSpeed":46.0,"averageSpeed":47.1,"standardDeviationSpeed":13.6,"travelTimeStandardDeviation":13.9,"sampleSize":2517,"normalizedSampleSize":0.7058,"averageTravelTime":8.64,"medianTravelTime":7.52,"travelTimeRatio":0.94,"speedPercentiles":[25,32,35,37,39,41,42,43,45,46,47,49,51,53,55,57,60,64,70]},{"timeSet":4,"dateRange":1,"harmonicAverageSpeed":46.1,"medianSpeed":52.0,"averageSpeed":52.1,"standardDeviationSpeed":14.9,"travelTimeStandardDeviation":3.97,"sampleSize":1518,"normalizedSampleSize":0.4257,"averageTravelTime":7.49,"medianTravelTime":6.65,"travelTimeRatio":0.82,"speedPercentiles":[28,35,38,41,43,44,46,47,50,52,54,56,57,59,61,64,67,70,77]},{"timeSet":5,"dateRange":1,"harmonicAverageSpeed":42.6,"medianSpeed":54.0,"averageSpeed":53.3,"standardDeviationSpeed":17.4,"travelTimeStandardDeviation":9.8,"sampleSize":891,"normalizedSampleSize":0.2499,"averageTravelTime":8.13,"medianTravelTime":6.4,"travelTimeRatio":0.88,"speedPercentiles":[21,31,37,40,43,45,47,49,52,54,56,58,60,62,64,67,70,74,81]},{"timeSet":6,"dateRange":1,"harmonicAverageSpeed":39.7,"medianSpeed":49.0,"averageSpeed":49.8,"standardDeviationSpeed":17.6,"travelTimeStandardDeviation":8.65,"sampleSize":1015,"normalizedSampleSize":0.2846,"averageTravelTime":8.7,"medianTravelTime":7.06,"travelTimeRatio":0.95,"speedPercentiles":[20,28,33,36,39,41,43,45,47,49,51,54,56,59,61,64,67,72,79]},{"timeSet":7,"dateRange":1,"harmonicAverageSpeed":37.9,"medianSpeed":50.0,"averageSpeed":51.0,"standardDeviationSpeed":18.2,"travelTimeStandardDeviation":12.73,"sampleSize":498,"normalizedSampleSize":0.1397,"averageTravelTime":9.13,"medianTravelTime":6.92,"travelTimeRatio":0.99,"speedPercentiles":[20,30,34,37,39,41,45,47,48,50,53,55,57,59,62,65,69,75,82]},{"timeSet":8,"dateRange":1,"harmonicAverageSpeed":38.3,"medianSpeed":51.0,"averageSpeed":51.6,"standardDeviationSpeed":17.3,"travelTimeStandardDeviation":14.15,"sampleSize":304,"normalizedSampleSize":0.0852,"averageTravelTime":9.02,"medianTravelTime":6.78,"travelTimeRatio":0.98,"speedPercentiles":[22,30,36,40,42,44,46,48,49,51,53,56,57,60,61,65,69,72,78]},{"timeSet":9,"dateRange":1,"harmonicAverageSpeed":40.3,"medianSpeed":52.0,"averageSpeed":51.2,"standardDeviationSpeed":17.2,"travelTimeStandardDeviation":8.56,"sampleSize":449,"normalizedSampleSize":0.1259,"averageTravelTime":8.59,"medianTravelTime":6.65,"travelTimeRatio":0.93,"speedPercentiles":[20,28,35,38,41,44,46,47,50,52,54,56,58,60,63,66,69,71,78]},{"timeSet":10,"dateRange":1,"harmonicAverageSpeed":39.7,"medianSpeed":50.0,"averageSpeed":49.8,"standardDeviationSpeed":15.9,"travelTimeStandardDeviation":8.57,"sampleSize":752,"normalizedSampleSize":0.2109,"averageTravelTime":8.72,"medianTravelTime":6.92,"travelTimeRatio":0.95,"speedPercentiles":[20,30,35,39,41,43,45,46,48,50,52,54,56,58,61,63,65,69,75]},{"timeSet":11,"dateRange":1,"harmonicAverageSpeed":35.1,"medianSpeed":48.0,"averageSpeed":47.2,"standardDeviationSpeed":15.1,"travelTimeStandardDeviation":15.65,"sampleSize":1087,"normalizedSampleSize":0.3048,"averageTravelTime":9.84,"medianTravelTime":7.2,"travelTimeRatio":1.07,"speedPercentiles":[18,30,34,37,39,41,43,44,46,48,49,52,54,55,57,59,61,65,71]},{"timeSet":12,"dateRange":1,"harmonicAverageSpeed":36.5,"medianSpeed":44.0,"averageSpeed":44.3,"standardDeviationSpeed":13.8,"travelTimeStandardDeviation":10.87,"sampleSize":1684,"normalizedSampleSize":0.4722,"averageTravelTime":9.48,"medianTravelTime":7.86,"travelTimeRatio":1.03,"speedPercentiles":[20,28,32,35,36,38,39,41,42,44,45,47,49,51,53,55,58,62,68]},{"timeSet":13,"dateRange":1,"harmonicAverageSpeed":35.3,"medianSpeed":42.0,"averageSpeed":42.5,"standardDeviationSpeed":12.8,"travelTimeStandardDeviation":11.05,"sampleSize":2150,"normalizedSampleSize":0.6029,"averageTravelTime":9.79,"medianTravelTime":8.23,"travelTimeRatio":1.07,"speedPercentiles":[22,28,31,33,35,36,38,39,41,42,43,45,46,48,50,52,55,58,64]},{"timeSet":14,"dateRange":1,"harmonicAverageSpeed":33.2,"medianSpeed":40.0,"averageSpeed":40.5,"standardDeviationSpeed":12.5,"travelTimeStandardDeviation":12.27,"sampleSize":2500,"normalizedSampleSize":0.7011,"averageTravelTime":10.43,"medianTravelTime":8.64,"travelTimeRatio":1.13,"speedPercentiles":[20,25,29,32,33,35,36,37,39,40,41,42,44,46,48,50,53,57,62]},{"timeSet":15,"dateRange":1,"harmonicAverageSpeed":35.5,"medianSpeed":42.0,"averageSpeed":42.5,"standardDeviationSpeed":13.0,"travelTimeStandardDeviation":9.24,"sampleSize":2285,"normalizedSampleSize":0.6408,"averageTravelTime":9.73,"medianTravelTime":8.23,"travelTimeRatio":1.06,"speedPercentiles":[21,27,31,33,35,37,38,39,41,42,44,45,47,48,50,52,55,59,64]},{"timeSet":16,"dateRange":1,"harmonicAverageSpeed":38.6,"medianSpeed":45.0,"averageSpeed":46.1,"standardDeviationSpeed":13.3,"travelTimeStandardDeviation":10.23,"sampleSize":1741,"normalizedSampleSize":0.4882,"averageTravelTime":8.95,"medianTravelTime":7.68,"travelTimeRatio":0.97,"speedPercentiles":[26,31,34,36,38,39,41,42,44,45,47,48,50,53,55,57,60,63,68]},{"timeSet":17,"dateRange":1,"harmonicAverageSpeed":37.6,"medianSpeed":43.0,"averageSpeed":43.6,"standardDeviationSpeed":12.7,"travelTimeStandardDeviation":7.35,"sampleSize":2020,"normalizedSampleSize":0.5665,"averageTravelTime":9.19,"medianTravelTime":8.04,"travelTimeRatio":1.0,"speedPercentiles":[22,28,32,34,36,37,39,40,42,43,44,46,47,49,51,54,57,60,65]},{"timeSet":18,"dateRange":1,"harmonicAverageSpeed":20.4,"medianSpeed":35.0,"averageSpeed":32.4,"standardDeviationSpeed":16.0,"travelTimeStandardDeviation":17.53,"sampleSize":2062,"normalizedSampleSize":0.5782,"averageTravelTime":16.93,"medianTravelTime":9.88,"travelTimeRatio":1.84,"speedPercentiles":[7,9,11,14,18,22,27,31,33,35,37,39,41,42,44,46,48,52,56]},{"timeSet":19,"dateRange":1,"harmonicAverageSpeed":18.6,"medianSpeed":32.0,"averageSpeed":30.0,"standardDeviationSpeed":16.1,"travelTimeStandardDeviation":16.85,"sampleSize":2289,"normalizedSampleSize":0.6419,"averageTravelTime":18.56,"medianTravelTime":10.81,"travelTimeRatio":2.02,"speedPercentiles":[7,8,9,11,14,18,22,25,29,32,34,36,38,40,42,44,47,50,56]},{"timeSet":20,"dateRange":1,"harmonicAverageSpeed":18.8,"medianSpeed":32.0,"averageSpeed":29.9,"standardDeviationSpeed":16.2,"travelTimeStandardDeviation":15.26,"sampleSize":2429,"normalizedSampleSize":0.6812,"averageTravelTime":18.36,"medianTravelTime":10.81,"travelTimeRatio":2.0,"speedPercentiles":[7,8,9,11,14,18,21,25,29,32,34,37,38,40,42,44,47,50,55]},{"timeSet":21,"dateRange":1,"harmonicAverageSpeed":18.7,"medianSpeed":32.0,"averageSpeed":29.9,"standardDeviationSpeed":16.0,"travelTimeStandardDeviation":17.47,"sampleSize":2394,"normalizedSampleSize":0.6713,"averageTravelTime":18.48,"medianTravelTime":10.81,"travelTimeRatio":2.01,"speedPercentiles":[7,8,9,11,14,17,22,25,29,32,35,36,38,40,42,44,47,50,55]},{"timeSet":22,"dateRange":1,"harmonicAverageSpeed":19.8,"medianSpeed":34.0,"averageSpeed":31.1,"standardDeviationSpeed":16.3,"travelTimeStandardDeviation":14.44,"sampleSize":2096,"normalizedSampleSize":0.5878,"averageTravelTime":17.48,"medianTravelTime":10.17,"travelTimeRatio":1.9,"speedPercentiles":[7,8,10,12,16,20,24,27,31,34,36,38,39,41,43,45,48,51,56]},{"timeSet":23,"dateRange":1,"harmonicAverageSpeed":36.1,"medianSpeed":44.0,"averageSpeed":44.0,"standardDeviationSpeed":14.2,"travelTimeStandardDeviation":8.47,"sampleSize":1475,"normalizedSampleSize":0.4136,"averageTravelTime":9.58,"medianTravelTime":7.86,"travelTimeRatio":1.04,"speedPercentiles":[19,26,32,34,36,38,39,41,42,44,45,46,48,50,53,55,58,61,67]},{"timeSet":24,"dateRange":1,"harmonicAverageSpeed":41.5,"medianSpeed":47.0,"averageSpeed":47.4,"standardDeviationSpeed":13.6,"travelTimeStandardDeviation":5.43,"sampleSize":1539,"normalizedSampleSize":0.4316,"averageTravelTime":8.33,"medianTravelTime":7.36,"travelTimeRatio":0.91,"speedPercentiles":[24,32,35,37,39,41,43,44,45,47,49,50,52,54,56,58,61,64,69]},{"timeSet":25,"dateRange":1,"harmonicAverageSpeed":40.0,"medianSpeed":46.0,"averageSpeed":46.8,"standardDeviationSpeed":14.1,"travelTimeStandardDeviation":9.45,"sampleSize":1721,"normalizedSampleSize":0.4826,"averageTravelTime":8.64,"medianTravelTime":7.52,"travelTimeRatio":0.94,"speedPercentiles":[25,32,35,36,38,40,41,43,44,46,47,49,51,53,55,58,61,65,71]}]}},{"type":"Feature","geometry":{"type":"LineString","coordinates":[[12.47011,41.94306],[12.46996,41.94331]]},"properties":{"segmentId":-13800006777387,"newSegmentId":"-00004931-3600-0400-0000-0000015e7c86","speedLimit":50,"frc":2,"streetName":"Corso di Francia","distance":30.79,"segmentTimeResults":[{"timeSet":2,"dateRange":1,"harmonicAverageSpeed":37.8,"medianSpeed":48.0,"averageSpeed":47.2,"standardDeviationSpeed":14.5,"travelTimeStandardDeviation":3.57,"sampleSize":3073,"normalizedSampleSize":0.8617,"averageTravelTime":2.93,"medianTravelTime":2.31,"travelTimeRatio":1.0,"speedPercentiles":[22,29,33,36,39,41,43,45,46,48,49,51,53,55,56,59,62,65,70]},{"timeSet":3,"dateRange":1,"harmonicAverageSpeed":41.4,"medianSpeed":52.0,"averageSpeed":51.7,"standardDeviationSpeed":15.6,"travelTimeStandardDeviation":3.0,"sampleSize":2534,"normalizedSampleSize":0.7106,"averageTravelTime":2.68,"medianTravelTime":2.13,"travelTimeRatio":0.91,"speedPercentiles":[23,33,38,40,43,45,47,49,51,52,54,56,58,60,62,64,67,71,76]},{"timeSet":4,"dateRange":1,"harmonicAverageSpeed":46.6,"medianSpeed":57.0,"averageSpeed":55.8,"standardDeviationSpeed":16.0,"travelTimeStandardDeviation":2.22,"sampleSize":1538,"normalizedSampleSize":0.4313,"averageTravelTime":2.38,"medianTravelTime":1.94,"travelTimeRatio":0.81,"speedPercentiles":[28,36,41,45,47,49,51,53,55,57,59,60,62,64,66,68,71,74,80]},{"timeSet":5,"dateRange":1,"harmonicAverageSpeed":38.4,"medianSpeed":59.0,"averageSpeed":56.9,"standardDeviationSpeed":18.3,"travelTimeStandardDeviation":11.44,"sampleSize":906,"normalizedSampleSize":0.2541,"averageTravelTime":2.88,"medianTravelTime":1.88,"travelTimeRatio":0.98,"speedPercentiles":[22,32,40,44,47,50,53,54,57,59,61,62,64,66,68,71,73,78,83]},{"timeSet":6,"dateRange":1,"harmonicAverageSpeed":36.5,"medianSpeed":55.0,"averageSpeed":53.4,"standardDeviationSpeed":19.5,"travelTimeStandardDeviation":4.22,"sampleSize":1044,"normalizedSampleSize":0.2928,"averageTravelTime":3.04,"medianTravelTime":2.02,"travelTimeRatio":1.03,"speedPercentiles":[16,25,33,39,44,47,49,51,53,55,57,60,61,64,66,69,72,75,82]},{"timeSet":7,"dateRange":1,"harmonicAverageSpeed":39.4,"medianSpeed":56.0,"averageSpeed":54.8,"standardDeviationSpeed":19.3,"travelTimeStandardDeviation":3.73,"sampleSize":502,"normalizedSampleSize":0.1408,"averageTravelTime":2.81,"medianTravelTime":1.98,"travelTimeRatio":0.96,"speedPercentiles":[19,28,35,40,45,48,50,52,54,56,59,60,62,64,67,70,72,78,85]},{"timeSet":8,"dateRange":1,"harmonicAverageSpeed":31.1,"medianSpeed":56.0,"averageSpeed":52.4,"standardDeviationSpeed":21.4,"travelTimeStandardDeviation":5.32,"sampleSize":309,"normalizedSampleSize":0.0867,"averageTravelTime":3.56,"medianTravelTime":1.98,"travelTimeRatio":1.21,"speedPercentiles":[8,19,27,32,42,46,49,53,54,56,58,60,62,65,67,69,72,76,83]},{"timeSet":9,"dateRange":1,"harmonicAverageSpeed":35.1,"medianSpeed":56.0,"averageSpeed":52.9,"standardDeviationSpeed":20.4,"travelTimeStandardDeviation":4.29,"sampleSize":447,"normalizedSampleSize":0.1254,"averageTravelTime":3.16,"medianTravelTime":1.98,"travelTimeRatio":1.08,"speedPercentiles":[15,22,28,35,40,45,48,51,53,56,59,60,62,65,67,69,72,76,83]},{"timeSet":10,"dateRange":1,"harmonicAverageSpeed":29.4,"medianSpeed":54.0,"averageSpeed":51.6,"standardDeviationSpeed":19.4,"travelTimeStandardDeviation":6.68,"sampleSize":763,"normalizedSampleSize":0.214,"averageTravelTime":3.76,"medianTravelTime":2.05,"travelTimeRatio":1.28,"speedPercentiles":[9,23,30,38,42,46,48,51,53,54,56,59,61,63,66,67,70,73,78]},{"timeSet":11,"dateRange":1,"harmonicAverageSpeed":29.0,"medianSpeed":54.0,"averageSpeed":49.8,"standardDeviationSpeed":19.2,"travelTimeStandardDeviation":6.14,"sampleSize":1097,"normalizedSampleSize":0.3076,"averageTravelTime":3.83,"medianTravelTime":2.05,"travelTimeRatio":1.3,"speedPercentiles":[7,22,29,35,41,44,47,49,52,54,55,57,58,60,63,65,67,71,75]},{"timeSet":12,"dateRange":1,"harmonicAverageSpeed":34.8,"medianSpeed":50.0,"averageSpeed":48.4,"standardDeviationSpeed":16.5,"travelTimeStandardDeviation":4.34,"sampleSize":1686,"normalizedSampleSize":0.4728,"averageTravelTime":3.19,"medianTravelTime":2.22,"travelTimeRatio":1.09,"speedPercentiles":[18,26,32,36,39,41,44,46,48,50,52,53,56,57,60,62,65,68,73]},{"timeSet":13,"dateRange":1,"harmonicAverageSpeed":38.3,"medianSpeed":48.0,"averageSpeed":47.2,"standardDeviationSpeed":14.8,"travelTimeStandardDeviation":3.25,"sampleSize":2166,"normalizedSampleSize":0.6074,"averageTravelTime":2.9,"medianTravelTime":2.31,"travelTimeRatio":0.99,"speedPercentiles":[22,28,32,36,38,40,42,44,46,48,50,51,53,55,57,59,62,65,71]},{"timeSet":14,"dateRange":1,"harmonicAverageSpeed":35.1,"medianSpeed":46.0,"averageSpeed":45.5,"standardDeviationSpeed":15.2,"travelTimeStandardDeviation":3.88,"sampleSize":2503,"normalizedSampleSize":0.7019,"averageTravelTime":3.16,"medianTravelTime":2.41,"travelTimeRatio":1.08,"speedPercentiles":[19,25,30,34,37,39,41,42,44,46,48,50,52,54,56,58,61,65,70]},{"timeSet":15,"dateRange":1,"harmonicAverageSpeed":38.1,"medianSpeed":48.0,"averageSpeed":47.3,"standardDeviationSpeed":14.8,"travelTimeStandardDeviation":3.01,"sampleSize":2302,"normalizedSampleSize":0.6455,"averageTravelTime":2.91,"medianTravelTime":2.31,"travelTimeRatio":0.99,"speedPercentiles":[21,27,32,36,39,41,43,45,47,48,50,51,53,55,57,59,62,66,70]},{"timeSet":16,"dateRange":1,"harmonicAverageSpeed":41.2,"medianSpeed":51.0,"averageSpeed":50.7,"standardDeviationSpeed":14.9,"travelTimeStandardDeviation":3.09,"sampleSize":1741,"normalizedSampleSize":0.4882,"averageTravelTime":2.69,"medianTravelTime":2.17,"travelTimeRatio":0.92,"speedPercentiles":[25,32,36,40,42,44,45,47,49,51,53,55,57,58,60,62,65,69,74]},{"timeSet":17,"dateRange":1,"harmonicAverageSpeed":36.7,"medianSpeed":49.0,"averageSpeed":47.6,"standardDeviationSpeed":15.4,"travelTimeStandardDeviation":3.73,"sampleSize":2035,"normalizedSampleSize":0.5707,"averageTravelTime":3.02,"medianTravelTime":2.26,"travelTimeRatio":1.03,"speedPercentiles":[21,27,32,36,38,41,43,45,47,49,50,52,54,56,58,60,63,67,71]},{"timeSet":18,"dateRange":1,"harmonicAverageSpeed":20.3,"medianSpeed":38.0,"averageSpeed":37.5,"standardDeviationSpeed":17.9,"travelTimeStandardDeviation":8.27,"sampleSize":2065,"normalizedSampleSize":0.5791,"averageTravelTime":5.47,"medianTravelTime":2.92,"travelTimeRatio":1.86,"speedPercentiles":[4,13,19,22,24,27,29,33,36,38,41,43,46,48,50,53,56,60,66]},{"timeSet":19,"dateRange":1,"harmonicAverageSpeed":21.1,"medianSpeed":36.0,"averageSpeed":36.1,"standardDeviationSpeed":17.0,"travelTimeStandardDeviation":7.43,"sampleSize":2291,"normalizedSampleSize":0.6425,"averageTravelTime":5.25,"medianTravelTime":3.08,"travelTimeRatio":1.79,"speedPercentiles":[6,14,19,22,23,26,28,31,34,36,38,41,43,46,48,51,54,58,64]},{"timeSet":20,"dateRange":1,"harmonicAverageSpeed":21.6,"medianSpeed":36.0,"averageSpeed":36.1,"standardDeviationSpeed":16.9,"travelTimeStandardDeviation":6.87,"sampleSize":2444,"normalizedSampleSize":0.6854,"averageTravelTime":5.13,"medianTravelTime":3.08,"travelTimeRatio":1.75,"speedPercentiles":[7,14,19,22,23,26,29,31,33,36,39,41,44,46,48,51,54,58,64]},{"timeSet":21,"dateRange":1,"harmonicAverageSpeed":20.9,"medianSpeed":36.0,"averageSpeed":36.1,"standardDeviationSpeed":17.1,"travelTimeStandardDeviation":7.29,"sampleSize":2399,"normalizedSampleSize":0.6727,"averageTravelTime":5.29,"medianTravelTime":3.08,"travelTimeRatio":1.8,"speedPercentiles":[5,14,18,22,23,26,28,31,34,36,39,42,44,46,49,51,54,58,64]},{"timeSet":22,"dateRange":1,"harmonicAverageSpeed":22.2,"medianSpeed":37.0,"averageSpeed":37.1,"standardDeviationSpeed":17.1,"travelTimeStandardDeviation":6.92,"sampleSize":2109,"normalizedSampleSize":0.5914,"averageTravelTime":5.0,"medianTravelTime":3.0,"travelTimeRatio":1.7,"speedPercentiles":[6,15,20,22,25,27,30,32,35,37,40,42,44,46,49,52,55,59,66]},{"timeSet":23,"dateRange":1,"harmonicAverageSpeed":36.5,"medianSpeed":49.0,"averageSpeed":48.0,"standardDeviationSpeed":15.9,"travelTimeStandardDeviation":3.73,"sampleSize":1491,"normalizedSampleSize":0.4181,"averageTravelTime":3.04,"medianTravelTime":2.26,"travelTimeRatio":1.04,"speedPercentiles":[21,26,32,36,38,41,43,45,47,49,51,53,55,56,58,60,64,67,73]},{"timeSet":24,"dateRange":1,"harmonicAverageSpeed":41.1,"medianSpeed":51.0,"averageSpeed":50.7,"standardDeviationSpeed":15.4,"travelTimeStandardDeviation":2.71,"sampleSize":1540,"normalizedSampleSize":0.4319,"averageTravelTime":2.7,"medianTravelTime":2.17,"travelTimeRatio":0.92,"speedPercentiles":[22,32,36,39,42,44,46,48,50,51,53,55,57,59,61,63,65,68,74]},{"timeSet":25,"dateRange":1,"harmonicAverageSpeed":41.3,"medianSpeed":51.0,"averageSpeed":51.1,"standardDeviationSpeed":15.3,"travelTimeStandardDeviation":2.88,"sampleSize":1727,"normalizedSampleSize":0.4843,"averageTravelTime":2.68,"medianTravelTime":2.17,"travelTimeRatio":0.91,"speedPercentiles":[23,32,37,40,43,45,46,48,50,51,53,55,57,59,61,63,66,70,74]}]}},{"type":"Feature","geometry":{"type":"LineString","coordinates":[[12.46996,41.94331],[12.46988,41.94342]]},"properties":{"segmentId":-13800006629975,"newSegmentId":"-00004931-3600-0400-0000-0000015e7c85","speedLimit":50,"frc":2,"streetName":"Corso di Francia","distance":13.72,"segmentTimeResults":[{"timeSet":2,"dateRange":1,"harmonicAverageSpeed":36.8,"medianSpeed":48.0,"averageSpeed":47.5,"standardDeviationSpeed":14.3,"travelTimeStandardDeviation":2.47,"sampleSize":3081,"normalizedSampleSize":0.864,"averageTravelTime":1.34,"medianTravelTime":1.03,"travelTimeRatio":1.0,"speedPercentiles":[22,30,34,37,39,41,43,45,46,48,49,51,53,55,57,59,62,65,70]},{"timeSet":3,"dateRange":1,"harmonicAverageSpeed":41.7,"medianSpeed":53.0,"averageSpeed":52.0,"standardDeviationSpeed":15.3,"travelTimeStandardDeviation":1.68,"sampleSize":2543,"normalizedSampleSize":0.7131,"averageTravelTime":1.18,"medianTravelTime":0.93,"travelTimeRatio":0.88,"speedPercentiles":[24,33,38,41,43,45,47,49,51,53,54,56,58,60,62,64,67,71,76]},{"timeSet":4,"dateRange":1,"harmonicAverageSpeed":44.8,"medianSpeed":57.0,"averageSpeed":55.9,"standardDeviationSpeed":15.6,"travelTimeStandardDeviation":1.71,"sampleSize":1548,"normalizedSampleSize":0.4341,"averageTravelTime":1.1,"medianTravelTime":0.87,"travelTimeRatio":0.82,"speedPercentiles":[29,36,42,45,47,49,51,53,55,57,58,60,62,64,66,68,71,74,80]},{"timeSet":5,"dateRange":1,"harmonicAverageSpeed":42.8,"medianSpeed":59.0,"averageSpeed":57.1,"standardDeviationSpeed":17.8,"travelTimeStandardDeviation":2.02,"sampleSize":907,"normalizedSampleSize":0.2543,"averageTravelTime":1.15,"medianTravelTime":0.84,"travelTimeRatio":0.86,"speedPercentiles":[25,33,40,44,47,50,52,54,57,59,60,62,64,66,68,71,73,77,83]},{"timeSet":6,"dateRange":1,"harmonicAverageSpeed":33.9,"medianSpeed":55.0,"averageSpeed":53.7,"standardDeviationSpeed":19.1,"travelTimeStandardDeviation":3.02,"sampleSize":1056,"normalizedSampleSize":0.2961,"averageTravelTime":1.46,"medianTravelTime":0.9,"travelTimeRatio":1.08,"speedPercentiles":[17,27,35,40,44,47,49,51,53,55,57,59,62,64,66,68,71,75,83]},{"timeSet":7,"dateRange":1,"harmonicAverageSpeed":37.3,"medianSpeed":56.0,"averageSpeed":54.5,"standardDeviationSpeed":19.4,"travelTimeStandardDeviation":2.32,"sampleSize":510,"normalizedSampleSize":0.143,"averageTravelTime":1.32,"medianTravelTime":0.88,"travelTimeRatio":0.99,"speedPercentiles":[19,28,34,40,44,47,49,51,54,56,58,60,62,64,67,69,73,78,85]},{"timeSet":8,"dateRange":1,"harmonicAverageSpeed":23.3,"medianSpeed":55.0,"averageSpeed":52.3,"standardDeviationSpeed":21.4,"travelTimeStandardDeviation":4.74,"sampleSize":316,"normalizedSampleSize":0.0886,"averageTravelTime":2.12,"medianTravelTime":0.9,"travelTimeRatio":1.58,"speedPercentiles":[7,19,28,37,42,46,49,52,54,55,58,60,62,65,67,69,72,76,83]},{"timeSet":9,"dateRange":1,"harmonicAverageSpeed":22.4,"medianSpeed":56.0,"averageSpeed":53.2,"standardDeviationSpeed":20.8,"travelTimeStandardDeviation":5.65,"sampleSize":447,"normalizedSampleSize":0.1254,"averageTravelTime":2.21,"medianTravelTime":0.88,"travelTimeRatio":1.65,"speedPercentiles":[9,23,31,39,43,46,49,52,54,56,59,60,63,65,67,69,72,77,83]},{"timeSet":10,"dateRange":1,"harmonicAverageSpeed":28.6,"medianSpeed":54.0,"averageSpeed":51.9,"standardDeviationSpeed":19.0,"travelTimeStandardDeviation":3.84,"sampleSize":762,"normalizedSampleSize":0.2137,"averageTravelTime":1.73,"medianTravelTime":0.91,"travelTimeRatio":1.29,"speedPercentiles":[13,24,31,37,43,46,49,51,53,54,56,59,61,63,65,67,70,73,78]},{"timeSet":11,"dateRange":1,"harmonicAverageSpeed":27.0,"medianSpeed":54.0,"averageSpeed":50.7,"standardDeviationSpeed":18.4,"travelTimeStandardDeviation":4.16,"sampleSize":1099,"normalizedSampleSize":0.3082,"averageTravelTime":1.83,"medianTravelTime":0.91,"travelTimeRatio":1.36,"speedPercentiles":[12,25,32,37,42,45,47,50,52,54,55,57,59,60,63,65,67,71,76]},{"timeSet":12,"dateRange":1,"harmonicAverageSpeed":35.4,"medianSpeed":50.0,"averageSpeed":49.2,"standardDeviationSpeed":16.0,"travelTimeStandardDeviation":3.86,"sampleSize":1689,"normalizedSampleSize":0.4736,"averageTravelTime":1.4,"medianTravelTime":0.99,"travelTimeRatio":1.04,"speedPercentiles":[20,27,33,37,39,42,44,47,48,50,52,54,56,58,60,62,65,69,73]},{"timeSet":13,"dateRange":1,"harmonicAverageSpeed":35.2,"medianSpeed":48.0,"averageSpeed":47.4,"standardDeviationSpeed":15.1,"travelTimeStandardDeviation":2.57,"sampleSize":2166,"normalizedSampleSize":0.6074,"averageTravelTime":1.4,"medianTravelTime":1.03,"travelTimeRatio":1.05,"speedPercentiles":[21,28,32,36,39,41,43,45,46,48,50,52,53,55,57,59,62,65,71]},{"timeSet":14,"dateRange":1,"harmonicAverageSpeed":35.5,"medianSpeed":47.0,"averageSpeed":45.9,"standardDeviationSpeed":14.9,"travelTimeStandardDeviation":2.03,"sampleSize":2507,"normalizedSampleSize":0.703,"averageTravelTime":1.39,"medianTravelTime":1.05,"travelTimeRatio":1.04,"speedPercentiles":[19,26,30,34,37,39,41,43,45,47,48,50,52,54,56,58,61,64,69]},{"timeSet":15,"dateRange":1,"harmonicAverageSpeed":37.9,"medianSpeed":48.0,"averageSpeed":47.6,"standardDeviationSpeed":14.7,"travelTimeStandardDeviation":1.79,"sampleSize":2307,"normalizedSampleSize":0.6469,"averageTravelTime":1.3,"medianTravelTime":1.03,"travelTimeRatio":0.97,"speedPercentiles":[21,28,33,37,40,42,44,45,47,48,50,52,53,55,57,60,62,66,70]},{"timeSet":16,"dateRange":1,"harmonicAverageSpeed":40.6,"medianSpeed":51.0,"averageSpeed":50.9,"standardDeviationSpeed":15.1,"travelTimeStandardDeviation":1.78,"sampleSize":1744,"normalizedSampleSize":0.4891,"averageTravelTime":1.22,"medianTravelTime":0.97,"travelTimeRatio":0.91,"speedPercentiles":[25,32,36,40,42,44,46,48,49,51,53,55,57,59,61,63,66,69,74]},{"timeSet":17,"dateRange":1,"harmonicAverageSpeed":36.0,"medianSpeed":49.0,"averageSpeed":47.9,"standardDeviationSpeed":15.2,"travelTimeStandardDeviation":2.33,"sampleSize":2038,"normalizedSampleSize":0.5715,"averageTravelTime":1.37,"medianTravelTime":1.01,"travelTimeRatio":1.02,"speedPercentiles":[21,27,32,36,39,42,44,45,47,49,50,52,54,56,58,60,63,67,71]},{"timeSet":18,"dateRange":1,"harmonicAverageSpeed":23.6,"medianSpeed":40.0,"averageSpeed":39.5,"standardDeviationSpeed":16.5,"travelTimeStandardDeviation":3.98,"sampleSize":2073,"normalizedSampleSize":0.5813,"averageTravelTime":2.09,"medianTravelTime":1.23,"travelTimeRatio":1.56,"speedPercentiles":[12,18,22,26,28,30,33,35,38,40,42,44,47,49,51,54,57,60,66]},{"timeSet":19,"dateRange":1,"harmonicAverageSpeed":23.0,"medianSpeed":38.0,"averageSpeed":37.9,"standardDeviationSpeed":16.0,"travelTimeStandardDeviation":4.22,"sampleSize":2305,"normalizedSampleSize":0.6464,"averageTravelTime":2.15,"medianTravelTime":1.3,"travelTimeRatio":1.6,"speedPercentiles":[13,18,21,24,27,29,31,33,36,38,40,42,44,47,49,51,54,58,64]},{"timeSet":20,"dateRange":1,"harmonicAverageSpeed":23.8,"medianSpeed":38.0,"averageSpeed":37.9,"standardDeviationSpeed":15.7,"travelTimeStandardDeviation":3.85,"sampleSize":2445,"normalizedSampleSize":0.6856,"averageTravelTime":2.08,"medianTravelTime":1.3,"travelTimeRatio":1.55,"speedPercentiles":[12,18,21,24,27,29,31,33,35,38,40,42,44,47,49,51,55,59,64]},{"timeSet":21,"dateRange":1,"harmonicAverageSpeed":23.6,"medianSpeed":38.0,"averageSpeed":38.1,"standardDeviationSpeed":15.8,"travelTimeStandardDeviation":3.9,"sampleSize":2410,"normalizedSampleSize":0.6758,"averageTravelTime":2.1,"medianTravelTime":1.3,"travelTimeRatio":1.56,"speedPercentiles":[12,18,22,25,27,29,32,34,36,38,40,42,44,46,49,52,54,58,64]},{"timeSet":22,"dateRange":1,"harmonicAverageSpeed":24.1,"medianSpeed":39.0,"averageSpeed":39.1,"standardDeviationSpeed":16.1,"travelTimeStandardDeviation":3.9,"sampleSize":2125,"normalizedSampleSize":0.5959,"averageTravelTime":2.05,"medianTravelTime":1.27,"travelTimeRatio":1.52,"speedPercentiles":[11,19,23,26,29,31,32,34,37,39,41,43,45,47,50,53,55,60,67]},{"timeSet":23,"dateRange":1,"harmonicAverageSpeed":35.6,"medianSpeed":50.0,"averageSpeed":48.4,"standardDeviationSpeed":15.6,"travelTimeStandardDeviation":2.32,"sampleSize":1494,"normalizedSampleSize":0.419,"averageTravelTime":1.39,"medianTravelTime":0.99,"travelTimeRatio":1.03,"speedPercentiles":[21,27,32,36,39,41,43,46,48,50,51,53,55,57,58,60,64,68,73]},{"timeSet":24,"dateRange":1,"harmonicAverageSpeed":37.5,"medianSpeed":51.0,"averageSpeed":50.8,"standardDeviationSpeed":15.4,"travelTimeStandardDeviation":2.61,"sampleSize":1550,"normalizedSampleSize":0.4347,"averageTravelTime":1.32,"medianTravelTime":0.97,"travelTimeRatio":0.98,"speedPercentiles":[23,32,36,40,43,44,46,48,50,51,53,55,57,59,61,63,66,69,75]},{"timeSet":25,"dateRange":1,"harmonicAverageSpeed":40.8,"medianSpeed":52.0,"averageSpeed":51.2,"standardDeviationSpeed":15.0,"travelTimeStandardDeviation":1.69,"sampleSize":1735,"normalizedSampleSize":0.4865,"averageTravelTime":1.21,"medianTravelTime":0.95,"travelTimeRatio":0.9,"speedPercentiles":[25,33,38,41,43,45,47,48,50,52,53,55,57,59,61,63,66,70,74]}]}},{"type":"Feature","geometry":{"type":"LineString","coordinates":[[12.46988,41.94342],[12.4698,41.94352]]},"properties":{"segmentId":-13800006438168,"newSegmentId":"-00004931-3600-0400-0000-0000014dc5af","speedLimit":50,"frc":2,"streetName":"Corso di Francia","distance":13.32,"segmentTimeResults":[{"timeSet":2,"dateRange":1,"harmonicAverageSpeed":40.8,"medianSpeed":48.0,"averageSpeed":47.8,"standardDeviationSpeed":14.0,"travelTimeStandardDeviation":2.23,"sampleSize":3070,"normalizedSampleSize":0.8609,"averageTravelTime":1.18,"medianTravelTime":1.0,"travelTimeRatio":1.0,"speedPercentiles":[23,30,34,37,39,41,43,45,46,48,50,51,53,55,57,59,61,65,70]},{"timeSet":3,"dateRange":1,"harmonicAverageSpeed":45.1,"medianSpeed":53.0,"averageSpeed":52.1,"standardDeviationSpeed":15.1,"travelTimeStandardDeviation":0.98,"sampleSize":2541,"normalizedSampleSize":0.7126,"averageTravelTime":1.06,"medianTravelTime":0.9,"travelTimeRatio":0.9,"speedPercentiles":[24,32,38,41,43,45,47,49,51,53,54,56,58,60,62,64,67,71,76]},{"timeSet":4,"dateRange":1,"harmonicAverageSpeed":48.9,"medianSpeed":56.0,"averageSpeed":55.9,"standardDeviationSpeed":15.5,"travelTimeStandardDeviation":0.63,"sampleSize":1558,"normalizedSampleSize":0.4369,"averageTravelTime":0.98,"medianTravelTime":0.86,"travelTimeRatio":0.83,"speedPercentiles":[29,35,40,45,47,49,52,53,55,56,58,60,62,64,66,68,71,74,80]},{"timeSet":5,"dateRange":1,"harmonicAverageSpeed":47.2,"medianSpeed":59.0,"averageSpeed":56.9,"standardDeviationSpeed":17.7,"travelTimeStandardDeviation":0.87,"sampleSize":916,"normalizedSampleSize":0.2569,"averageTravelTime":1.02,"medianTravelTime":0.81,"travelTimeRatio":0.86,"speedPercentiles":[24,32,40,44,47,50,52,54,56,59,60,62,64,66,68,70,73,77,83]},{"timeSet":6,"dateRange":1,"harmonicAverageSpeed":41.3,"medianSpeed":55.0,"averageSpeed":53.8,"standardDeviationSpeed":18.4,"travelTimeStandardDeviation":1.74,"sampleSize":1058,"normalizedSampleSize":0.2967,"averageTravelTime":1.16,"medianTravelTime":0.87,"travelTimeRatio":0.99,"speedPercentiles":[20,27,35,40,44,46,48,51,53,55,57,59,61,64,66,68,71,75,82]},{"timeSet":7,"dateRange":1,"harmonicAverageSpeed":43.0,"medianSpeed":56.0,"averageSpeed":55.1,"standardDeviationSpeed":18.6,"travelTimeStandardDeviation":1.99,"sampleSize":507,"normalizedSampleSize":0.1422,"averageTravelTime":1.12,"medianTravelTime":0.86,"travelTimeRatio":0.95,"speedPercentiles":[23,29,35,40,45,47,50,52,54,56,58,60,62,64,67,70,73,78,85]},{"timeSet":8,"dateRange":1,"harmonicAverageSpeed":41.3,"medianSpeed":56.0,"averageSpeed":53.6,"standardDeviationSpeed":19.3,"travelTimeStandardDeviation":1.06,"sampleSize":320,"normalizedSampleSize":0.0897,"averageTravelTime":1.16,"medianTravelTime":0.86,"travelTimeRatio":0.99,"speedPercentiles":[18,24,30,36,42,46,49,52,54,56,58,61,62,65,67,69,72,76,83]},{"timeSet":9,"dateRange":1,"harmonicAverageSpeed":44.9,"medianSpeed":56.0,"averageSpeed":54.5,"standardDeviationSpeed":18.6,"travelTimeStandardDeviation":0.68,"sampleSize":444,"normalizedSampleSize":0.1245,"averageTravelTime":1.07,"medianTravelTime":0.86,"travelTimeRatio":0.91,"speedPercentiles":[20,27,33,39,44,47,51,53,55,56,59,61,63,65,67,69,72,76,85]},{"timeSet":10,"dateRange":1,"harmonicAverageSpeed":38.2,"medianSpeed":54.0,"averageSpeed":52.3,"standardDeviationSpeed":17.9,"travelTimeStandardDeviation":2.08,"sampleSize":763,"normalizedSampleSize":0.214,"averageTravelTime":1.25,"medianTravelTime":0.89,"travelTimeRatio":1.07,"speedPercentiles":[20,26,30,36,42,46,49,51,53,54,56,59,61,63,65,67,70,73,77]},{"timeSet":11,"dateRange":1,"harmonicAverageSpeed":39.7,"medianSpeed":54.0,"averageSpeed":51.5,"standardDeviationSpeed":17.0,"travelTimeStandardDeviation":1.52,"sampleSize":1104,"normalizedSampleSize":0.3096,"averageTravelTime":1.21,"medianTravelTime":0.89,"travelTimeRatio":1.03,"speedPercentiles":[21,28,33,37,42,45,47,50,52,54,56,57,59,60,62,64,67,71,76]},{"timeSet":12,"dateRange":1,"harmonicAverageSpeed":39.9,"medianSpeed":51.0,"averageSpeed":49.5,"standardDeviationSpeed":15.9,"travelTimeStandardDeviation":1.88,"sampleSize":1682,"normalizedSampleSize":0.4717,"averageTravelTime":1.2,"medianTravelTime":0.94,"travelTimeRatio":1.02,"speedPercentiles":[21,27,32,36,40,43,45,47,49,51,53,54,56,58,60,63,65,69,73]},{"timeSet":13,"dateRange":1,"harmonicAverageSpeed":36.8,"medianSpeed":49.0,"averageSpeed":47.6,"standardDeviationSpeed":15.0,"travelTimeStandardDeviation":2.54,"sampleSize":2178,"normalizedSampleSize":0.6108,"averageTravelTime":1.3,"medianTravelTime":0.98,"travelTimeRatio":1.11,"speedPercentiles":[21,27,32,35,39,41,43,45,47,49,50,52,54,56,58,59,63,65,71]},{"timeSet":14,"dateRange":1,"harmonicAverageSpeed":37.1,"medianSpeed":47.0,"averageSpeed":46.0,"standardDeviationSpeed":15.0,"travelTimeStandardDeviation":1.47,"sampleSize":2509,"normalizedSampleSize":0.7036,"averageTravelTime":1.29,"medianTravelTime":1.02,"travelTimeRatio":1.1,"speedPercentiles":[19,25,30,34,37,40,42,44,45,47,49,50,52,54,56,58,61,64,69]},{"timeSet":15,"dateRange":1,"harmonicAverageSpeed":40.3,"medianSpeed":49.0,"averageSpeed":47.9,"standardDeviationSpeed":14.7,"travelTimeStandardDeviation":0.87,"sampleSize":2294,"normalizedSampleSize":0.6433,"averageTravelTime":1.19,"medianTravelTime":0.98,"travelTimeRatio":1.01,"speedPercentiles":[21,27,32,37,40,42,44,46,48,49,51,52,54,55,57,60,62,66,71]},{"timeSet":16,"dateRange":1,"harmonicAverageSpeed":42.3,"medianSpeed":52.0,"averageSpeed":51.1,"standardDeviationSpeed":15.0,"travelTimeStandardDeviation":1.51,"sampleSize":1739,"normalizedSampleSize":0.4877,"averageTravelTime":1.13,"medianTravelTime":0.92,"travelTimeRatio":0.97,"speedPercentiles":[25,31,36,40,43,45,46,48,50,52,53,55,57,59,61,63,66,69,75]},{"timeSet":17,"dateRange":1,"harmonicAverageSpeed":33.1,"medianSpeed":49.0,"averageSpeed":48.2,"standardDeviationSpeed":15.5,"travelTimeStandardDeviation":4.56,"sampleSize":2042,"normalizedSampleSize":0.5726,"averageTravelTime":1.45,"medianTravelTime":0.98,"travelTimeRatio":1.23,"speedPercentiles":[21,27,32,36,39,42,44,46,48,49,51,53,54,56,58,61,63,67,71]},{"timeSet":18,"dateRange":1,"harmonicAverageSpeed":31.2,"medianSpeed":40.0,"averageSpeed":40.3,"standardDeviationSpeed":15.7,"travelTimeStandardDeviation":1.49,"sampleSize":2062,"normalizedSampleSize":0.5782,"averageTravelTime":1.54,"medianTravelTime":1.2,"travelTimeRatio":1.31,"speedPercentiles":[15,20,24,26,29,31,33,36,38,40,42,45,47,49,51,54,57,60,66]},{"timeSet":19,"dateRange":1,"harmonicAverageSpeed":28.8,"medianSpeed":38.0,"averageSpeed":38.7,"standardDeviationSpeed":15.3,"travelTimeStandardDeviation":2.93,"sampleSize":2281,"normalizedSampleSize":0.6397,"averageTravelTime":1.66,"medianTravelTime":1.26,"travelTimeRatio":1.42,"speedPercentiles":[15,20,23,25,27,30,32,34,36,38,40,42,45,47,49,52,55,58,65]},{"timeSet":20,"dateRange":1,"harmonicAverageSpeed":29.6,"medianSpeed":38.0,"averageSpeed":38.6,"standardDeviationSpeed":15.2,"travelTimeStandardDeviation":1.92,"sampleSize":2451,"normalizedSampleSize":0.6873,"averageTravelTime":1.62,"medianTravelTime":1.26,"travelTimeRatio":1.38,"speedPercentiles":[15,19,23,25,28,30,32,34,36,38,40,42,44,47,49,51,55,59,64]},{"timeSet":21,"dateRange":1,"harmonicAverageSpeed":30.6,"medianSpeed":39.0,"averageSpeed":39.0,"standardDeviationSpeed":15.1,"travelTimeStandardDeviation":1.41,"sampleSize":2399,"normalizedSampleSize":0.6727,"averageTravelTime":1.57,"medianTravelTime":1.23,"travelTimeRatio":1.33,"speedPercentiles":[15,19,23,26,28,30,32,35,36,39,41,43,45,47,50,52,55,59,65]},{"timeSet":22,"dateRange":1,"harmonicAverageSpeed":30.2,"medianSpeed":40.0,"averageSpeed":40.1,"standardDeviationSpeed":15.4,"travelTimeStandardDeviation":2.43,"sampleSize":2112,"normalizedSampleSize":0.5923,"averageTravelTime":1.59,"medianTravelTime":1.2,"travelTimeRatio":1.35,"speedPercentiles":[16,20,24,27,29,31,34,35,38,40,42,44,46,48,50,53,56,60,67]},{"timeSet":23,"dateRange":1,"harmonicAverageSpeed":34.7,"medianSpeed":50.0,"averageSpeed":48.2,"standardDeviationSpeed":15.8,"travelTimeStandardDeviation":3.51,"sampleSize":1512,"normalizedSampleSize":0.424,"averageTravelTime":1.38,"medianTravelTime":0.96,"travelTimeRatio":1.18,"speedPercentiles":[21,26,31,35,39,41,43,46,48,50,51,53,55,57,58,60,64,68,73]},{"timeSet":24,"dateRange":1,"harmonicAverageSpeed":40.8,"medianSpeed":52.0,"averageSpeed":51.1,"standardDeviationSpeed":14.9,"travelTimeStandardDeviation":2.74,"sampleSize":1543,"normalizedSampleSize":0.4327,"averageTravelTime":1.17,"medianTravelTime":0.92,"travelTimeRatio":1.0,"speedPercentiles":[24,32,36,40,43,45,47,48,50,52,53,55,57,59,61,63,66,69,75]},{"timeSet":25,"dateRange":1,"harmonicAverageSpeed":44.8,"medianSpeed":52.0,"averageSpeed":51.4,"standardDeviationSpeed":14.7,"travelTimeStandardDeviation":0.74,"sampleSize":1730,"normalizedSampleSize":0.4851,"averageTravelTime":1.07,"medianTravelTime":0.92,"travelTimeRatio":0.91,"speedPercentiles":[26,33,38,40,43,45,47,48,50,52,53,55,56,59,61,63,66,70,74]}]}},{"type":"Feature","geometry":{"type":"LineString","coordinates":[[12.4698,41.94352],[12.46971,41.94365],[12.46964,41.94376],[12.46956,41.9439],[12.46947,41.9441],[12.4694,41.94427],[12.46934,41.94443],[12.4693,41.94458],[12.46928,41.94468],[12.46927,41.94475]]},"properties":{"segmentId":-13800006712220,"newSegmentId":"-00004931-3600-0400-0000-0000015e8902","speedLimit":50,"frc":2,"streetName":"Corso di Francia","distance":143.93,"segmentTimeResults":[{"timeSet":2,"dateRange":1,"harmonicAverageSpeed":26.3,"medianSpeed":44.0,"averageSpeed":39.9,"standardDeviationSpeed":18.1,"travelTimeStandardDeviation":17.06,"sampleSize":2675,"normalizedSampleSize":0.7501,"averageTravelTime":19.72,"medianTravelTime":11.78,"travelTimeRatio":1.0,"speedPercentiles":[9,10,11,20,27,33,37,40,43,44,46,48,49,51,53,54,56,59,64]},{"timeSet":3,"dateRange":1,"harmonicAverageSpeed":30.9,"medianSpeed":49.0,"averageSpeed":45.2,"standardDeviationSpeed":18.8,"travelTimeStandardDeviation":14.69,"sampleSize":2265,"normalizedSampleSize":0.6352,"averageTravelTime":16.76,"medianTravelTime":10.57,"travelTimeRatio":0.85,"speedPercentiles":[10,11,19,29,36,40,43,45,47,49,51,52,54,56,58,60,63,66,72]},{"timeSet":4,"dateRange":1,"harmonicAverageSpeed":36.6,"medianSpeed":54.0,"averageSpeed":50.7,"standardDeviationSpeed":18.8,"travelTimeStandardDeviation":12.75,"sampleSize":1410,"normalizedSampleSize":0.3954,"averageTravelTime":14.14,"medianTravelTime":9.6,"travelTimeRatio":0.72,"speedPercentiles":[10,18,31,38,42,46,48,50,52,54,55,57,59,61,63,65,67,71,76]},{"timeSet":5,"dateRange":1,"harmonicAverageSpeed":34.9,"medianSpeed":56.0,"averageSpeed":51.8,"standardDeviationSpeed":21.4,"travelTimeStandardDeviation":14.49,"sampleSize":800,"normalizedSampleSize":0.2243,"averageTravelTime":14.84,"medianTravelTime":9.25,"travelTimeRatio":0.75,"speedPercentiles":[10,13,24,34,41,45,49,51,54,56,58,60,61,64,66,68,71,75,82]},{"timeSet":6,"dateRange":1,"harmonicAverageSpeed":35.0,"medianSpeed":53.0,"averageSpeed":50.4,"standardDeviationSpeed":20.8,"travelTimeStandardDeviation":13.3,"sampleSize":885,"normalizedSampleSize":0.2482,"averageTravelTime":14.83,"medianTravelTime":9.78,"travelTimeRatio":0.75,"speedPercentiles":[11,13,25,33,39,44,46,49,51,53,55,58,59,61,64,67,70,74,80]},{"timeSet":7,"dateRange":1,"harmonicAverageSpeed":36.9,"medianSpeed":56.0,"averageSpeed":53.0,"standardDeviationSpeed":21.4,"travelTimeStandardDeviation":12.86,"sampleSize":404,"normalizedSampleSize":0.1133,"averageTravelTime":14.05,"medianTravelTime":9.25,"travelTimeRatio":0.71,"speedPercentiles":[10,15,29,36,42,46,50,52,54,56,58,59,62,64,66,69,73,78,84]},{"timeSet":8,"dateRange":1,"harmonicAverageSpeed":37.3,"medianSpeed":56.0,"averageSpeed":51.8,"standardDeviationSpeed":20.5,"travelTimeStandardDeviation":11.67,"sampleSize":277,"normalizedSampleSize":0.0777,"averageTravelTime":13.88,"medianTravelTime":9.25,"travelTimeRatio":0.7,"speedPercentiles":[12,18,26,35,41,45,48,52,54,56,57,60,62,64,66,67,70,74,79]},{"timeSet":9,"dateRange":1,"harmonicAverageSpeed":37.3,"medianSpeed":54.0,"averageSpeed":50.8,"standardDeviationSpeed":19.9,"travelTimeStandardDeviation":11.3,"sampleSize":428,"normalizedSampleSize":0.12,"averageTravelTime":13.9,"medianTravelTime":9.6,"travelTimeRatio":0.7,"speedPercentiles":[11,17,28,35,40,44,46,50,52,54,56,58,60,62,64,65,67,72,80]},{"timeSet":10,"dateRange":1,"harmonicAverageSpeed":31.9,"medianSpeed":51.0,"averageSpeed":47.2,"standardDeviationSpeed":19.9,"travelTimeStandardDeviation":16.9,"sampleSize":718,"normalizedSampleSize":0.2013,"averageTravelTime":16.26,"medianTravelTime":10.16,"travelTimeRatio":0.82,"speedPercentiles":[11,12,19,28,34,41,45,47,49,51,53,55,57,59,61,63,66,69,74]},{"timeSet":11,"dateRange":1,"harmonicAverageSpeed":31.4,"medianSpeed":50.0,"averageSpeed":45.9,"standardDeviationSpeed":18.7,"travelTimeStandardDeviation":16.51,"sampleSize":1044,"normalizedSampleSize":0.2928,"averageTravelTime":16.51,"medianTravelTime":10.36,"travelTimeRatio":0.84,"speedPercentiles":[10,12,20,31,37,41,43,46,48,50,52,53,55,57,58,60,63,66,71]},{"timeSet":12,"dateRange":1,"harmonicAverageSpeed":31.2,"medianSpeed":47.0,"averageSpeed":44.3,"standardDeviationSpeed":17.6,"travelTimeStandardDeviation":16.22,"sampleSize":1583,"normalizedSampleSize":0.4439,"averageTravelTime":16.6,"medianTravelTime":11.02,"travelTimeRatio":0.84,"speedPercentiles":[10,13,22,29,35,39,41,44,46,47,49,51,53,54,56,59,62,64,68]},{"timeSet":13,"dateRange":1,"harmonicAverageSpeed":31.7,"medianSpeed":46.0,"averageSpeed":43.3,"standardDeviationSpeed":16.4,"travelTimeStandardDeviation":14.31,"sampleSize":2038,"normalizedSampleSize":0.5715,"averageTravelTime":16.37,"medianTravelTime":11.26,"travelTimeRatio":0.83,"speedPercentiles":[10,15,24,30,35,38,41,43,45,46,48,50,51,53,54,56,58,61,66]},{"timeSet":14,"dateRange":1,"harmonicAverageSpeed":29.1,"medianSpeed":44.0,"averageSpeed":41.0,"standardDeviationSpeed":16.4,"travelTimeStandardDeviation":17.06,"sampleSize":2324,"normalizedSampleSize":0.6517,"averageTravelTime":17.82,"medianTravelTime":11.78,"travelTimeRatio":0.9,"speedPercentiles":[10,11,20,25,31,36,39,41,43,44,46,47,49,51,52,55,57,59,63]},{"timeSet":15,"dateRange":1,"harmonicAverageSpeed":30.3,"medianSpeed":46.0,"averageSpeed":42.7,"standardDeviationSpeed":17.0,"travelTimeStandardDeviation":15.27,"sampleSize":2135,"normalizedSampleSize":0.5987,"averageTravelTime":17.08,"medianTravelTime":11.26,"travelTimeRatio":0.87,"speedPercentiles":[10,12,21,27,33,37,41,43,45,46,48,50,51,53,54,56,59,62,65]},{"timeSet":16,"dateRange":1,"harmonicAverageSpeed":35.4,"medianSpeed":50.0,"averageSpeed":47.3,"standardDeviationSpeed":16.6,"travelTimeStandardDeviation":14.89,"sampleSize":1631,"normalizedSampleSize":0.4574,"averageTravelTime":14.64,"medianTravelTime":10.36,"travelTimeRatio":0.74,"speedPercentiles":[11,21,30,36,40,42,45,47,48,50,51,53,55,57,58,60,62,66,70]},{"timeSet":17,"dateRange":1,"harmonicAverageSpeed":30.8,"medianSpeed":47.0,"averageSpeed":43.8,"standardDeviationSpeed":16.7,"travelTimeStandardDeviation":18.76,"sampleSize":1935,"normalizedSampleSize":0.5426,"averageTravelTime":16.8,"medianTravelTime":11.02,"travelTimeRatio":0.85,"speedPercentiles":[10,15,24,30,36,39,42,44,45,47,48,50,52,53,55,57,59,62,67]},{"timeSet":18,"dateRange":1,"harmonicAverageSpeed":23.2,"medianSpeed":35.0,"averageSpeed":34.2,"standardDeviationSpeed":16.6,"travelTimeStandardDeviation":20.7,"sampleSize":1947,"normalizedSampleSize":0.546,"averageTravelTime":22.37,"medianTravelTime":14.8,"travelTimeRatio":1.13,"speedPercentiles":[9,10,11,17,22,26,29,31,33,35,36,38,40,43,46,49,53,56,61]},{"timeSet":19,"dateRange":1,"harmonicAverageSpeed":23.0,"medianSpeed":33.0,"averageSpeed":32.7,"standardDeviationSpeed":15.7,"travelTimeStandardDeviation":17.34,"sampleSize":2109,"normalizedSampleSize":0.5914,"averageTravelTime":22.56,"medianTravelTime":15.7,"travelTimeRatio":1.14,"speedPercentiles":[9,10,11,17,21,24,27,29,31,33,35,37,38,40,43,46,49,54,59]},{"timeSet":20,"dateRange":1,"harmonicAverageSpeed":22.5,"medianSpeed":33.0,"averageSpeed":32.6,"standardDeviationSpeed":15.7,"travelTimeStandardDeviation":19.38,"sampleSize":2298,"normalizedSampleSize":0.6444,"averageTravelTime":23.04,"medianTravelTime":15.7,"travelTimeRatio":1.17,"speedPercentiles":[9,10,11,16,20,24,26,29,31,33,35,37,39,41,44,47,50,53,59]},{"timeSet":21,"dateRange":1,"harmonicAverageSpeed":23.2,"medianSpeed":34.0,"averageSpeed":33.3,"standardDeviationSpeed":15.8,"travelTimeStandardDeviation":17.58,"sampleSize":2247,"normalizedSampleSize":0.6301,"averageTravelTime":22.3,"medianTravelTime":15.24,"travelTimeRatio":1.13,"speedPercentiles":[9,10,12,18,22,25,27,30,32,34,36,37,39,41,44,47,50,54,60]},{"timeSet":22,"dateRange":1,"harmonicAverageSpeed":23.5,"medianSpeed":36.0,"averageSpeed":34.6,"standardDeviationSpeed":16.6,"travelTimeStandardDeviation":18.43,"sampleSize":1932,"normalizedSampleSize":0.5418,"averageTravelTime":22.03,"medianTravelTime":14.39,"travelTimeRatio":1.12,"speedPercentiles":[9,9,11,17,22,26,29,31,34,36,38,39,42,44,46,49,52,56,62]},{"timeSet":23,"dateRange":1,"harmonicAverageSpeed":29.5,"medianSpeed":47.0,"averageSpeed":43.4,"standardDeviationSpeed":17.8,"travelTimeStandardDeviation":17.92,"sampleSize":1373,"normalizedSampleSize":0.385,"averageTravelTime":17.59,"medianTravelTime":11.02,"travelTimeRatio":0.89,"speedPercentiles":[10,12,19,26,33,38,41,44,45,47,49,50,52,54,55,57,60,63,68]},{"timeSet":24,"dateRange":1,"harmonicAverageSpeed":33.2,"medianSpeed":49.0,"averageSpeed":46.2,"standardDeviationSpeed":17.5,"travelTimeStandardDeviation":14.93,"sampleSize":1404,"normalizedSampleSize":0.3937,"averageTravelTime":15.6,"medianTravelTime":10.57,"travelTimeRatio":0.79,"speedPercentiles":[10,15,27,34,39,42,44,45,47,49,51,53,54,56,57,60,62,65,70]},{"timeSet":25,"dateRange":1,"harmonicAverageSpeed":30.5,"medianSpeed":48.0,"averageSpeed":44.7,"standardDeviationSpeed":18.6,"travelTimeStandardDeviation":15.4,"sampleSize":1585,"normalizedSampleSize":0.4445,"averageTravelTime":17.01,"medianTravelTime":10.79,"travelTimeRatio":0.86,"speedPercentiles":[9,11,19,30,35,40,42,45,47,48,50,52,53,55,57,59,62,65,70]}]}},{"type":"Feature","geometry":{"type":"LineString","coordinates":[[12.46927,41.94475],[12.46927,41.94486],[12.46925,41.94496]]},"properties":{"segmentId":13800006562927,"newSegmentId":"00004931-3600-0400-0000-0000014ddfd0","speedLimit":50,"frc":2,"streetName":"Corso di Francia","distance":23.47,"segmentTimeResults":[{"timeSet":2,"dateRange":1,"harmonicAverageSpeed":36.4,"medianSpeed":43.0,"averageSpeed":42.4,"standardDeviationSpeed":13.5,"travelTimeStandardDeviation":1.34,"sampleSize":2704,"normalizedSampleSize":0.7583,"averageTravelTime":2.32,"medianTravelTime":1.96,"travelTimeRatio":1.0,"speedPercentiles":[20,25,28,30,33,35,37,40,42,43,45,46,48,49,51,53,56,59,64]},{"timeSet":3,"dateRange":1,"harmonicAverageSpeed":38.2,"medianSpeed":48.0,"averageSpeed":46.4,"standardDeviationSpeed":15.0,"travelTimeStandardDeviation":2.23,"sampleSize":2316,"normalizedSampleSize":0.6495,"averageTravelTime":2.21,"medianTravelTime":1.76,"travelTimeRatio":0.95,"speedPercentiles":[22,27,30,33,36,39,42,44,46,48,49,51,53,54,56,58,61,65,70]},{"timeSet":4,"dateRange":1,"harmonicAverageSpeed":43.0,"medianSpeed":52.0,"averageSpeed":51.2,"standardDeviationSpeed":16.1,"travelTimeStandardDeviation":1.45,"sampleSize":1438,"normalizedSampleSize":0.4033,"averageTravelTime":1.97,"medianTravelTime":1.62,"travelTimeRatio":0.85,"speedPercentiles":[24,29,33,38,42,45,47,49,51,52,54,56,57,59,61,64,66,70,75]},{"timeSet":5,"dateRange":1,"harmonicAverageSpeed":41.4,"medianSpeed":55.0,"averageSpeed":53.0,"standardDeviationSpeed":18.6,"travelTimeStandardDeviation":1.97,"sampleSize":829,"normalizedSampleSize":0.2325,"averageTravelTime":2.04,"medianTravelTime":1.54,"travelTimeRatio":0.88,"speedPercentiles":[20,28,31,37,42,46,48,51,53,55,57,59,61,62,65,67,70,74,82]},{"timeSet":6,"dateRange":1,"harmonicAverageSpeed":42.1,"medianSpeed":54.0,"averageSpeed":52.1,"standardDeviationSpeed":18.0,"travelTimeStandardDeviation":1.62,"sampleSize":902,"normalizedSampleSize":0.2529,"averageTravelTime":2.01,"medianTravelTime":1.56,"travelTimeRatio":0.86,"speedPercentiles":[23,27,31,35,41,44,47,50,52,54,55,58,59,61,63,67,70,74,80]},{"timeSet":7,"dateRange":1,"harmonicAverageSpeed":43.6,"medianSpeed":55.0,"averageSpeed":54.4,"standardDeviationSpeed":19.0,"travelTimeStandardDeviation":1.72,"sampleSize":421,"normalizedSampleSize":0.1181,"averageTravelTime":1.94,"medianTravelTime":1.54,"travelTimeRatio":0.83,"speedPercentiles":[23,27,33,37,43,47,50,51,54,55,57,58,60,63,66,69,73,78,85]},{"timeSet":8,"dateRange":1,"harmonicAverageSpeed":43.8,"medianSpeed":55.0,"averageSpeed":53.3,"standardDeviationSpeed":18.0,"travelTimeStandardDeviation":1.36,"sampleSize":286,"normalizedSampleSize":0.0802,"averageTravelTime":1.93,"medianTravelTime":1.54,"travelTimeRatio":0.83,"speedPercentiles":[22,27,30,35,43,47,50,52,54,55,57,59,62,64,66,68,70,74,78]},{"timeSet":9,"dateRange":1,"harmonicAverageSpeed":42.5,"medianSpeed":53.0,"averageSpeed":52.1,"standardDeviationSpeed":17.9,"travelTimeStandardDeviation":1.48,"sampleSize":433,"normalizedSampleSize":0.1214,"averageTravelTime":1.99,"medianTravelTime":1.59,"travelTimeRatio":0.86,"speedPercentiles":[20,27,33,38,43,45,47,49,51,53,55,57,59,61,63,65,67,71,81]},{"timeSet":10,"dateRange":1,"harmonicAverageSpeed":37.1,"medianSpeed":52.0,"averageSpeed":49.4,"standardDeviationSpeed":16.2,"travelTimeStandardDeviation":7.29,"sampleSize":729,"normalizedSampleSize":0.2044,"averageTravelTime":2.28,"medianTravelTime":1.62,"travelTimeRatio":0.98,"speedPercentiles":[21,27,30,33,38,42,46,48,50,52,54,55,57,58,60,62,65,69,74]},{"timeSet":11,"dateRange":1,"harmonicAverageSpeed":39.0,"medianSpeed":49.0,"averageSpeed":47.5,"standardDeviationSpeed":15.2,"travelTimeStandardDeviation":1.7,"sampleSize":1057,"normalizedSampleSize":0.2964,"averageTravelTime":2.17,"medianTravelTime":1.72,"travelTimeRatio":0.93,"speedPercentiles":[19,26,30,34,39,42,44,46,48,49,51,53,54,56,58,60,62,65,70]},{"timeSet":12,"dateRange":1,"harmonicAverageSpeed":37.7,"medianSpeed":46.0,"averageSpeed":45.0,"standardDeviationSpeed":14.5,"travelTimeStandardDeviation":1.64,"sampleSize":1593,"normalizedSampleSize":0.4467,"averageTravelTime":2.24,"medianTravelTime":1.84,"travelTimeRatio":0.96,"speedPercentiles":[20,25,29,32,36,39,41,43,45,46,48,50,51,53,55,57,59,63,67]},{"timeSet":13,"dateRange":1,"harmonicAverageSpeed":36.6,"medianSpeed":45.0,"averageSpeed":43.8,"standardDeviationSpeed":13.7,"travelTimeStandardDeviation":2.12,"sampleSize":2073,"normalizedSampleSize":0.5813,"averageTravelTime":2.31,"medianTravelTime":1.88,"travelTimeRatio":1.0,"speedPercentiles":[19,25,29,32,35,37,40,42,44,45,47,48,50,51,53,55,57,60,64]},{"timeSet":14,"dateRange":1,"harmonicAverageSpeed":34.6,"medianSpeed":43.0,"averageSpeed":41.5,"standardDeviationSpeed":13.7,"travelTimeStandardDeviation":1.59,"sampleSize":2343,"normalizedSampleSize":0.657,"averageTravelTime":2.44,"medianTravelTime":1.96,"travelTimeRatio":1.05,"speedPercentiles":[17,22,26,29,33,35,38,39,41,43,44,46,47,49,51,53,55,58,62]},{"timeSet":15,"dateRange":1,"harmonicAverageSpeed":34.7,"medianSpeed":44.0,"averageSpeed":42.7,"standardDeviationSpeed":14.4,"travelTimeStandardDeviation":1.89,"sampleSize":2171,"normalizedSampleSize":0.6088,"averageTravelTime":2.43,"medianTravelTime":1.92,"travelTimeRatio":1.05,"speedPercentiles":[17,23,27,29,32,35,38,41,43,44,46,48,49,51,53,55,57,60,64]},{"timeSet":16,"dateRange":1,"harmonicAverageSpeed":38.6,"medianSpeed":48.0,"averageSpeed":47.3,"standardDeviationSpeed":14.7,"travelTimeStandardDeviation":2.53,"sampleSize":1655,"normalizedSampleSize":0.4641,"averageTravelTime":2.19,"medianTravelTime":1.76,"travelTimeRatio":0.94,"speedPercentiles":[21,27,32,36,39,41,43,45,47,48,50,51,53,55,57,59,61,64,69]},{"timeSet":17,"dateRange":1,"harmonicAverageSpeed":33.0,"medianSpeed":46.0,"averageSpeed":44.5,"standardDeviationSpeed":14.5,"travelTimeStandardDeviation":8.69,"sampleSize":1961,"normalizedSampleSize":0.5499,"averageTravelTime":2.56,"medianTravelTime":1.84,"travelTimeRatio":1.1,"speedPercentiles":[19,25,29,32,36,39,41,43,44,46,47,49,50,52,54,56,58,62,66]},{"timeSet":18,"dateRange":1,"harmonicAverageSpeed":31.3,"medianSpeed":37.0,"averageSpeed":38.0,"standardDeviationSpeed":13.4,"travelTimeStandardDeviation":2.16,"sampleSize":1984,"normalizedSampleSize":0.5564,"averageTravelTime":2.7,"medianTravelTime":2.28,"travelTimeRatio":1.16,"speedPercentiles":[17,22,25,28,29,31,33,34,36,37,38,40,42,44,46,49,52,56,60]},{"timeSet":19,"dateRange":1,"harmonicAverageSpeed":28.0,"medianSpeed":35.0,"averageSpeed":35.7,"standardDeviationSpeed":12.7,"travelTimeStandardDeviation":8.82,"sampleSize":2154,"normalizedSampleSize":0.604,"averageTravelTime":3.02,"medianTravelTime":2.41,"travelTimeRatio":1.3,"speedPercentiles":[15,20,23,26,27,29,31,32,34,35,36,38,39,41,44,46,49,52,59]},{"timeSet":20,"dateRange":1,"harmonicAverageSpeed":30.0,"medianSpeed":35.0,"averageSpeed":35.9,"standardDeviationSpeed":12.5,"travelTimeStandardDeviation":1.8,"sampleSize":2345,"normalizedSampleSize":0.6576,"averageTravelTime":2.81,"medianTravelTime":2.41,"travelTimeRatio":1.21,"speedPercentiles":[15,20,24,26,28,29,31,32,34,35,37,38,40,42,44,46,49,52,57]},{"timeSet":21,"dateRange":1,"harmonicAverageSpeed":30.9,"medianSpeed":36.0,"averageSpeed":36.9,"standardDeviationSpeed":12.7,"travelTimeStandardDeviation":2.13,"sampleSize":2273,"normalizedSampleSize":0.6374,"averageTravelTime":2.73,"medianTravelTime":2.35,"travelTimeRatio":1.18,"speedPercentiles":[17,22,25,27,29,31,32,33,34,36,37,39,40,42,44,47,50,53,59]},{"timeSet":22,"dateRange":1,"harmonicAverageSpeed":31.3,"medianSpeed":37.0,"averageSpeed":37.8,"standardDeviationSpeed":13.2,"travelTimeStandardDeviation":2.07,"sampleSize":1969,"normalizedSampleSize":0.5522,"averageTravelTime":2.7,"medianTravelTime":2.28,"travelTimeRatio":1.16,"speedPercentiles":[17,22,25,28,29,31,32,34,35,37,38,40,42,44,46,49,52,55,61]},{"timeSet":23,"dateRange":1,"harmonicAverageSpeed":32.8,"medianSpeed":46.0,"averageSpeed":44.9,"standardDeviationSpeed":14.8,"travelTimeStandardDeviation":11.37,"sampleSize":1401,"normalizedSampleSize":0.3929,"averageTravelTime":2.58,"medianTravelTime":1.84,"travelTimeRatio":1.11,"speedPercentiles":[20,25,28,31,35,38,41,43,45,46,48,50,51,53,55,57,59,62,67]},{"timeSet":24,"dateRange":1,"harmonicAverageSpeed":39.5,"medianSpeed":48.0,"averageSpeed":47.4,"standardDeviationSpeed":14.5,"travelTimeStandardDeviation":2.48,"sampleSize":1422,"normalizedSampleSize":0.3988,"averageTravelTime":2.14,"medianTravelTime":1.76,"travelTimeRatio":0.92,"speedPercentiles":[23,27,31,35,39,41,43,45,47,48,50,52,53,55,57,59,61,64,70]},{"timeSet":25,"dateRange":1,"harmonicAverageSpeed":38.2,"medianSpeed":47.0,"averageSpeed":46.2,"standardDeviationSpeed":15.1,"travelTimeStandardDeviation":1.93,"sampleSize":1589,"normalizedSampleSize":0.4456,"averageTravelTime":2.21,"medianTravelTime":1.8,"travelTimeRatio":0.95,"speedPercentiles":[20,26,29,33,36,39,42,44,46,47,49,51,52,54,56,58,61,64,70]}]}},{"type":"Feature","geometry":{"type":"LineString","coordinates":[[12.46925,41.94496],[12.46925,41.94513],[12.46926,41.94523],[12.46926,41.94534],[12.46928,41.94548],[12.46929,41.94559],[12.46932,41.94572],[12.46934,41.9458]]},"properties":{"segmentId":13800006578242,"newSegmentId":"00004931-3600-0400-0000-0000015d7b7e","speedLimit":50,"frc":2,"streetName":"Corso di Francia","distance":94.15,"segmentTimeResults":[{"timeSet":2,"dateRange":1,"harmonicAverageSpeed":37.7,"medianSpeed":43.0,"averageSpeed":42.7,"standardDeviationSpeed":12.0,"travelTimeStandardDeviation":5.13,"sampleSize":2884,"normalizedSampleSize":0.8087,"averageTravelTime":8.99,"medianTravelTime":7.88,"travelTimeRatio":1.0,"speedPercentiles":[21,27,32,35,36,38,39,41,42,43,44,45,47,48,50,52,54,56,61]},{"timeSet":3,"dateRange":1,"harmonicAverageSpeed":41.3,"medianSpeed":47.0,"averageSpeed":46.5,"standardDeviationSpeed":13.1,"travelTimeStandardDeviation":4.15,"sampleSize":2507,"normalizedSampleSize":0.703,"averageTravelTime":8.21,"medianTravelTime":7.21,"travelTimeRatio":0.91,"speedPercentiles":[23,30,34,37,39,41,42,44,45,47,48,50,51,53,54,57,59,62,68]},{"timeSet":4,"dateRange":1,"harmonicAverageSpeed":44.3,"medianSpeed":51.0,"averageSpeed":50.4,"standardDeviationSpeed":14.7,"travelTimeStandardDeviation":4.1,"sampleSize":1601,"normalizedSampleSize":0.449,"averageTravelTime":7.65,"medianTravelTime":6.65,"travelTimeRatio":0.85,"speedPercentiles":[26,32,36,39,41,44,46,48,49,51,53,54,56,57,59,62,65,67,74]},{"timeSet":5,"dateRange":1,"harmonicAverageSpeed":44.9,"medianSpeed":54.0,"averageSpeed":53.0,"standardDeviationSpeed":16.6,"travelTimeStandardDeviation":5.37,"sampleSize":885,"normalizedSampleSize":0.2482,"averageTravelTime":7.55,"medianTravelTime":6.28,"travelTimeRatio":0.84,"speedPercentiles":[23,32,37,41,43,45,47,50,52,54,56,57,59,61,64,66,69,73,79]},{"timeSet":6,"dateRange":1,"harmonicAverageSpeed":46.0,"medianSpeed":54.0,"averageSpeed":53.2,"standardDeviationSpeed":16.1,"travelTimeStandardDeviation":4.41,"sampleSize":929,"normalizedSampleSize":0.2605,"averageTravelTime":7.37,"medianTravelTime":6.28,"travelTimeRatio":0.82,"speedPercentiles":[25,34,38,41,43,45,48,50,52,54,55,57,59,61,63,66,69,73,79]},{"timeSet":7,"dateRange":1,"harmonicAverageSpeed":49.3,"medianSpeed":56.0,"averageSpeed":55.4,"standardDeviationSpeed":16.9,"travelTimeStandardDeviation":3.01,"sampleSize":435,"normalizedSampleSize":0.122,"averageTravelTime":6.88,"medianTravelTime":6.05,"travelTimeRatio":0.77,"speedPercentiles":[28,35,38,42,44,47,50,51,53,56,57,58,60,62,65,68,73,78,82]},{"timeSet":8,"dateRange":1,"harmonicAverageSpeed":47.1,"medianSpeed":55.0,"averageSpeed":54.5,"standardDeviationSpeed":16.2,"travelTimeStandardDeviation":4.22,"sampleSize":300,"normalizedSampleSize":0.0841,"averageTravelTime":7.19,"medianTravelTime":6.16,"travelTimeRatio":0.8,"speedPercentiles":[23,32,39,43,46,49,50,51,53,55,56,58,60,63,64,67,69,73,79]},{"timeSet":9,"dateRange":1,"harmonicAverageSpeed":42.8,"medianSpeed":52.0,"averageSpeed":50.9,"standardDeviationSpeed":17.0,"travelTimeStandardDeviation":5.13,"sampleSize":489,"normalizedSampleSize":0.1371,"averageTravelTime":7.92,"medianTravelTime":6.52,"travelTimeRatio":0.88,"speedPercentiles":[21,30,34,37,40,44,46,48,50,52,54,55,57,59,61,63,65,68,75]},{"timeSet":10,"dateRange":1,"harmonicAverageSpeed":40.6,"medianSpeed":50.0,"averageSpeed":48.6,"standardDeviationSpeed":15.2,"travelTimeStandardDeviation":6.3,"sampleSize":832,"normalizedSampleSize":0.2333,"averageTravelTime":8.34,"medianTravelTime":6.78,"travelTimeRatio":0.93,"speedPercentiles":[21,29,32,36,39,42,44,47,49,50,52,54,55,57,59,60,63,66,72]},{"timeSet":11,"dateRange":1,"harmonicAverageSpeed":38.6,"medianSpeed":47.0,"averageSpeed":46.1,"standardDeviationSpeed":14.1,"travelTimeStandardDeviation":6.6,"sampleSize":1216,"normalizedSampleSize":0.341,"averageTravelTime":8.78,"medianTravelTime":7.21,"travelTimeRatio":0.98,"speedPercentiles":[18,27,32,35,38,40,42,44,46,47,49,50,52,54,55,58,60,63,68]},{"timeSet":12,"dateRange":1,"harmonicAverageSpeed":36.4,"medianSpeed":43.0,"averageSpeed":43.0,"standardDeviationSpeed":13.6,"travelTimeStandardDeviation":6.04,"sampleSize":1839,"normalizedSampleSize":0.5157,"averageTravelTime":9.31,"medianTravelTime":7.88,"travelTimeRatio":1.04,"speedPercentiles":[18,25,29,32,35,37,39,40,42,43,45,46,48,50,52,54,56,60,65]},{"timeSet":13,"dateRange":1,"harmonicAverageSpeed":34.1,"medianSpeed":42.0,"averageSpeed":40.9,"standardDeviationSpeed":13.1,"travelTimeStandardDeviation":7.4,"sampleSize":2368,"normalizedSampleSize":0.664,"averageTravelTime":9.95,"medianTravelTime":8.07,"travelTimeRatio":1.11,"speedPercentiles":[17,23,28,30,33,35,37,39,40,42,44,45,46,48,50,51,54,57,60]},{"timeSet":14,"dateRange":1,"harmonicAverageSpeed":31.5,"medianSpeed":40.0,"averageSpeed":39.1,"standardDeviationSpeed":13.3,"travelTimeStandardDeviation":8.62,"sampleSize":2612,"normalizedSampleSize":0.7325,"averageTravelTime":10.77,"medianTravelTime":8.47,"travelTimeRatio":1.2,"speedPercentiles":[15,20,24,28,31,34,36,37,39,40,42,43,45,46,48,50,52,55,59]},{"timeSet":15,"dateRange":1,"harmonicAverageSpeed":31.7,"medianSpeed":41.0,"averageSpeed":40.0,"standardDeviationSpeed":14.0,"travelTimeStandardDeviation":8.69,"sampleSize":2428,"normalizedSampleSize":0.6809,"averageTravelTime":10.69,"medianTravelTime":8.27,"travelTimeRatio":1.19,"speedPercentiles":[14,19,24,28,31,34,36,38,40,41,43,45,46,48,50,52,54,57,60]},{"timeSet":16,"dateRange":1,"harmonicAverageSpeed":38.0,"medianSpeed":46.0,"averageSpeed":45.7,"standardDeviationSpeed":13.9,"travelTimeStandardDeviation":7.8,"sampleSize":1823,"normalizedSampleSize":0.5112,"averageTravelTime":8.93,"medianTravelTime":7.37,"travelTimeRatio":0.99,"speedPercentiles":[20,28,32,35,38,40,42,44,45,46,48,49,51,53,55,57,59,62,67]},{"timeSet":17,"dateRange":1,"harmonicAverageSpeed":36.1,"medianSpeed":44.0,"averageSpeed":43.0,"standardDeviationSpeed":13.5,"travelTimeStandardDeviation":6.63,"sampleSize":2159,"normalizedSampleSize":0.6054,"averageTravelTime":9.4,"medianTravelTime":7.7,"travelTimeRatio":1.05,"speedPercentiles":[18,25,30,33,35,38,39,41,42,44,45,47,48,50,52,54,56,59,63]},{"timeSet":18,"dateRange":1,"harmonicAverageSpeed":32.0,"medianSpeed":38.0,"averageSpeed":37.9,"standardDeviationSpeed":12.4,"travelTimeStandardDeviation":7.88,"sampleSize":2223,"normalizedSampleSize":0.6234,"averageTravelTime":10.6,"medianTravelTime":8.92,"travelTimeRatio":1.18,"speedPercentiles":[16,22,26,29,31,33,34,35,37,38,39,41,42,44,45,47,50,53,58]},{"timeSet":19,"dateRange":1,"harmonicAverageSpeed":29.4,"medianSpeed":36.0,"averageSpeed":35.4,"standardDeviationSpeed":12.3,"travelTimeStandardDeviation":7.53,"sampleSize":2407,"normalizedSampleSize":0.675,"averageTravelTime":11.52,"medianTravelTime":9.41,"travelTimeRatio":1.28,"speedPercentiles":[14,19,23,26,27,30,31,33,34,36,37,38,39,41,43,45,48,51,56]},{"timeSet":20,"dateRange":1,"harmonicAverageSpeed":29.9,"medianSpeed":36.0,"averageSpeed":35.5,"standardDeviationSpeed":12.1,"travelTimeStandardDeviation":6.85,"sampleSize":2557,"normalizedSampleSize":0.717,"averageTravelTime":11.36,"medianTravelTime":9.41,"travelTimeRatio":1.26,"speedPercentiles":[15,19,23,25,28,30,32,33,35,36,37,38,40,41,43,45,47,50,56]},{"timeSet":21,"dateRange":1,"harmonicAverageSpeed":31.6,"medianSpeed":37.0,"averageSpeed":36.7,"standardDeviationSpeed":11.9,"travelTimeStandardDeviation":5.95,"sampleSize":2472,"normalizedSampleSize":0.6932,"averageTravelTime":10.73,"medianTravelTime":9.16,"travelTimeRatio":1.19,"speedPercentiles":[17,21,25,27,29,31,33,34,35,37,38,39,41,42,44,45,48,51,56]},{"timeSet":22,"dateRange":1,"harmonicAverageSpeed":32.7,"medianSpeed":38.0,"averageSpeed":38.1,"standardDeviationSpeed":12.4,"travelTimeStandardDeviation":6.08,"sampleSize":2185,"normalizedSampleSize":0.6127,"averageTravelTime":10.38,"medianTravelTime":8.92,"travelTimeRatio":1.15,"speedPercentiles":[17,22,25,29,31,32,34,35,37,38,39,40,42,44,46,48,51,54,59]},{"timeSet":23,"dateRange":1,"harmonicAverageSpeed":38.4,"medianSpeed":46.0,"averageSpeed":44.8,"standardDeviationSpeed":13.4,"travelTimeStandardDeviation":6.42,"sampleSize":1525,"normalizedSampleSize":0.4277,"averageTravelTime":8.83,"medianTravelTime":7.37,"travelTimeRatio":0.98,"speedPercentiles":[21,27,31,34,37,39,41,42,44,46,47,49,50,52,54,55,58,61,65]},{"timeSet":24,"dateRange":1,"harmonicAverageSpeed":41.9,"medianSpeed":47.0,"averageSpeed":47.0,"standardDeviationSpeed":13.0,"travelTimeStandardDeviation":4.19,"sampleSize":1526,"normalizedSampleSize":0.4279,"averageTravelTime":8.09,"medianTravelTime":7.21,"travelTimeRatio":0.9,"speedPercentiles":[25,31,34,37,39,42,43,45,46,47,49,50,52,54,55,57,59,62,67]},{"timeSet":25,"dateRange":1,"harmonicAverageSpeed":40.6,"medianSpeed":46.0,"averageSpeed":46.4,"standardDeviationSpeed":13.4,"travelTimeStandardDeviation":5.65,"sampleSize":1715,"normalizedSampleSize":0.4809,"averageTravelTime":8.34,"medianTravelTime":7.37,"travelTimeRatio":0.93,"speedPercentiles":[23,30,34,36,38,40,42,43,45,46,48,49,51,53,55,56,59,63,69]}]}},{"type":"Feature","geometry":{"type":"LineString","coordinates":[[12.46934,41.9458],[12.46939,41.94594]]},"properties":{"segmentId":13800006907411,"newSegmentId":"00004931-3600-0400-0000-0000015d7b7f","speedLimit":50,"frc":2,"streetName":"Corso di Francia","distance":15.4,"segmentTimeResults":[{"timeSet":2,"dateRange":1,"harmonicAverageSpeed":37.9,"medianSpeed":43.0,"averageSpeed":42.7,"standardDeviationSpeed":11.9,"travelTimeStandardDeviation":0.86,"sampleSize":2790,"normalizedSampleSize":0.7824,"averageTravelTime":1.46,"medianTravelTime":1.29,"travelTimeRatio":1.0,"speedPercentiles":[22,28,32,35,36,38,39,41,42,43,44,45,47,48,49,51,53,56,61]},{"timeSet":3,"dateRange":1,"harmonicAverageSpeed":40.3,"medianSpeed":47.0,"averageSpeed":46.7,"standardDeviationSpeed":12.8,"travelTimeStandardDeviation":1.95,"sampleSize":2485,"normalizedSampleSize":0.6969,"averageTravelTime":1.38,"medianTravelTime":1.18,"travelTimeRatio":0.94,"speedPercentiles":[23,31,35,38,40,42,43,44,46,47,48,49,51,53,55,57,59,62,67]},{"timeSet":4,"dateRange":1,"harmonicAverageSpeed":45.5,"medianSpeed":52.0,"averageSpeed":51.4,"standardDeviationSpeed":13.9,"travelTimeStandardDeviation":0.7,"sampleSize":1591,"normalizedSampleSize":0.4462,"averageTravelTime":1.22,"medianTravelTime":1.07,"travelTimeRatio":0.83,"speedPercentiles":[27,35,39,42,44,46,48,49,50,52,53,54,56,57,59,61,64,68,74]},{"timeSet":5,"dateRange":1,"harmonicAverageSpeed":48.3,"medianSpeed":54.0,"averageSpeed":54.3,"standardDeviationSpeed":15.5,"travelTimeStandardDeviation":0.54,"sampleSize":879,"normalizedSampleSize":0.2465,"averageTravelTime":1.15,"medianTravelTime":1.03,"travelTimeRatio":0.78,"speedPercentiles":[25,36,41,43,46,48,49,51,53,54,56,58,59,61,64,66,68,72,81]},{"timeSet":6,"dateRange":1,"harmonicAverageSpeed":43.4,"medianSpeed":54.0,"averageSpeed":53.6,"standardDeviationSpeed":15.5,"travelTimeStandardDeviation":2.31,"sampleSize":936,"normalizedSampleSize":0.2625,"averageTravelTime":1.28,"medianTravelTime":1.03,"travelTimeRatio":0.87,"speedPercentiles":[25,35,40,43,46,48,49,50,52,54,55,57,59,61,63,65,68,72,80]},{"timeSet":7,"dateRange":1,"harmonicAverageSpeed":49.5,"medianSpeed":55.0,"averageSpeed":55.9,"standardDeviationSpeed":16.1,"travelTimeStandardDeviation":0.61,"sampleSize":442,"normalizedSampleSize":0.1239,"averageTravelTime":1.12,"medianTravelTime":1.01,"travelTimeRatio":0.77,"speedPercentiles":[29,37,41,44,46,49,51,52,54,55,57,59,60,62,65,69,72,75,82]},{"timeSet":8,"dateRange":1,"harmonicAverageSpeed":30.7,"medianSpeed":56.0,"averageSpeed":54.8,"standardDeviationSpeed":15.5,"travelTimeStandardDeviation":11.38,"sampleSize":300,"normalizedSampleSize":0.0841,"averageTravelTime":1.8,"medianTravelTime":0.99,"travelTimeRatio":1.23,"speedPercentiles":[23,34,42,45,47,49,51,53,54,56,57,58,60,62,63,65,68,70,78]},{"timeSet":9,"dateRange":1,"harmonicAverageSpeed":45.3,"medianSpeed":53.0,"averageSpeed":52.2,"standardDeviationSpeed":15.9,"travelTimeStandardDeviation":0.69,"sampleSize":489,"normalizedSampleSize":0.1371,"averageTravelTime":1.22,"medianTravelTime":1.05,"travelTimeRatio":0.84,"speedPercentiles":[22,32,38,41,44,46,48,50,52,53,55,56,58,59,61,63,65,68,75]},{"timeSet":10,"dateRange":1,"harmonicAverageSpeed":42.2,"medianSpeed":51.0,"averageSpeed":49.6,"standardDeviationSpeed":14.6,"travelTimeStandardDeviation":0.9,"sampleSize":823,"normalizedSampleSize":0.2308,"averageTravelTime":1.31,"medianTravelTime":1.09,"travelTimeRatio":0.9,"speedPercentiles":[22,30,36,39,42,45,47,48,49,51,52,54,55,57,59,60,63,66,71]},{"timeSet":11,"dateRange":1,"harmonicAverageSpeed":39.6,"medianSpeed":48.0,"averageSpeed":46.8,"standardDeviationSpeed":13.5,"travelTimeStandardDeviation":1.07,"sampleSize":1194,"normalizedSampleSize":0.3348,"averageTravelTime":1.4,"medianTravelTime":1.15,"travelTimeRatio":0.96,"speedPercentiles":[20,30,34,37,40,42,43,45,46,48,49,50,52,54,55,57,60,62,67]},{"timeSet":12,"dateRange":1,"harmonicAverageSpeed":36.3,"medianSpeed":43.0,"averageSpeed":42.7,"standardDeviationSpeed":13.2,"travelTimeStandardDeviation":0.98,"sampleSize":1801,"normalizedSampleSize":0.505,"averageTravelTime":1.53,"medianTravelTime":1.29,"travelTimeRatio":1.04,"speedPercentiles":[18,25,30,33,35,37,39,40,42,43,45,46,48,49,51,53,55,58,63]},{"timeSet":13,"dateRange":1,"harmonicAverageSpeed":32.3,"medianSpeed":41.0,"averageSpeed":39.3,"standardDeviationSpeed":12.9,"travelTimeStandardDeviation":1.33,"sampleSize":2319,"normalizedSampleSize":0.6503,"averageTravelTime":1.72,"medianTravelTime":1.35,"travelTimeRatio":1.17,"speedPercentiles":[15,22,26,28,31,33,36,37,39,41,42,43,45,46,48,50,52,55,58]},{"timeSet":14,"dateRange":1,"harmonicAverageSpeed":27.0,"medianSpeed":39.0,"averageSpeed":37.4,"standardDeviationSpeed":13.7,"travelTimeStandardDeviation":3.17,"sampleSize":2565,"normalizedSampleSize":0.7193,"averageTravelTime":2.05,"medianTravelTime":1.42,"travelTimeRatio":1.4,"speedPercentiles":[12,18,22,25,28,31,33,35,37,39,40,42,43,45,47,49,51,53,58]},{"timeSet":15,"dateRange":1,"harmonicAverageSpeed":29.0,"medianSpeed":40.0,"averageSpeed":38.6,"standardDeviationSpeed":14.2,"travelTimeStandardDeviation":2.27,"sampleSize":2388,"normalizedSampleSize":0.6697,"averageTravelTime":1.91,"medianTravelTime":1.39,"travelTimeRatio":1.31,"speedPercentiles":[13,18,23,27,30,32,34,37,38,40,42,43,45,47,48,50,53,55,59]},{"timeSet":16,"dateRange":1,"harmonicAverageSpeed":37.4,"medianSpeed":46.0,"averageSpeed":45.1,"standardDeviationSpeed":13.7,"travelTimeStandardDeviation":1.29,"sampleSize":1787,"normalizedSampleSize":0.5011,"averageTravelTime":1.48,"medianTravelTime":1.21,"travelTimeRatio":1.01,"speedPercentiles":[20,28,32,35,38,40,41,43,44,46,47,48,50,52,53,55,58,61,67]},{"timeSet":17,"dateRange":1,"harmonicAverageSpeed":34.6,"medianSpeed":43.0,"averageSpeed":42.1,"standardDeviationSpeed":13.5,"travelTimeStandardDeviation":1.29,"sampleSize":2110,"normalizedSampleSize":0.5917,"averageTravelTime":1.6,"medianTravelTime":1.29,"travelTimeRatio":1.1,"speedPercentiles":[17,24,29,32,35,37,38,40,41,43,44,46,48,49,51,53,55,58,63]},{"timeSet":18,"dateRange":1,"harmonicAverageSpeed":30.8,"medianSpeed":39.0,"averageSpeed":38.1,"standardDeviationSpeed":12.7,"travelTimeStandardDeviation":2.61,"sampleSize":2196,"normalizedSampleSize":0.6158,"averageTravelTime":1.8,"medianTravelTime":1.42,"travelTimeRatio":1.23,"speedPercentiles":[16,21,25,28,30,32,34,36,37,39,40,41,43,44,46,48,50,53,59]},{"timeSet":19,"dateRange":1,"harmonicAverageSpeed":29.2,"medianSpeed":36.0,"averageSpeed":35.3,"standardDeviationSpeed":12.5,"travelTimeStandardDeviation":1.33,"sampleSize":2365,"normalizedSampleSize":0.6632,"averageTravelTime":1.9,"medianTravelTime":1.54,"travelTimeRatio":1.3,"speedPercentiles":[14,19,22,24,27,29,31,33,34,36,37,38,40,41,43,45,48,50,55]},{"timeSet":20,"dateRange":1,"harmonicAverageSpeed":27.4,"medianSpeed":35.0,"averageSpeed":35.0,"standardDeviationSpeed":12.8,"travelTimeStandardDeviation":2.23,"sampleSize":2505,"normalizedSampleSize":0.7025,"averageTravelTime":2.02,"medianTravelTime":1.58,"travelTimeRatio":1.38,"speedPercentiles":[14,18,21,24,26,28,30,32,34,35,37,38,40,41,43,45,48,51,56]},{"timeSet":21,"dateRange":1,"harmonicAverageSpeed":30.1,"medianSpeed":36.0,"averageSpeed":36.3,"standardDeviationSpeed":12.4,"travelTimeStandardDeviation":1.53,"sampleSize":2417,"normalizedSampleSize":0.6778,"averageTravelTime":1.84,"medianTravelTime":1.54,"travelTimeRatio":1.26,"speedPercentiles":[16,20,24,26,29,30,32,34,35,36,38,39,41,42,44,46,48,51,56]},{"timeSet":22,"dateRange":1,"harmonicAverageSpeed":31.7,"medianSpeed":39.0,"averageSpeed":38.3,"standardDeviationSpeed":12.9,"travelTimeStandardDeviation":1.56,"sampleSize":2106,"normalizedSampleSize":0.5906,"averageTravelTime":1.75,"medianTravelTime":1.42,"travelTimeRatio":1.2,"speedPercentiles":[16,21,25,28,30,32,34,35,37,39,40,42,43,45,47,49,51,54,59]},{"timeSet":23,"dateRange":1,"harmonicAverageSpeed":39.2,"medianSpeed":46.0,"averageSpeed":45.6,"standardDeviationSpeed":13.3,"travelTimeStandardDeviation":1.06,"sampleSize":1474,"normalizedSampleSize":0.4133,"averageTravelTime":1.41,"medianTravelTime":1.21,"travelTimeRatio":0.97,"speedPercentiles":[21,28,33,36,38,41,42,44,45,46,48,49,50,52,54,55,58,61,66]},{"timeSet":24,"dateRange":1,"harmonicAverageSpeed":42.8,"medianSpeed":48.0,"averageSpeed":47.4,"standardDeviationSpeed":12.5,"travelTimeStandardDeviation":0.61,"sampleSize":1494,"normalizedSampleSize":0.419,"averageTravelTime":1.3,"medianTravelTime":1.15,"travelTimeRatio":0.89,"speedPercentiles":[26,32,36,38,41,42,44,45,46,48,49,51,52,54,55,57,59,62,66]},{"timeSet":25,"dateRange":1,"harmonicAverageSpeed":41.4,"medianSpeed":47.0,"averageSpeed":46.6,"standardDeviationSpeed":13.1,"travelTimeStandardDeviation":0.68,"sampleSize":1697,"normalizedSampleSize":0.4759,"averageTravelTime":1.34,"medianTravelTime":1.18,"travelTimeRatio":0.92,"speedPercentiles":[24,31,35,37,39,41,42,44,45,47,48,49,51,52,54,56,59,63,68]}]}},{"type":"Feature","geometry":{"type":"LineString","coordinates":[[12.46939,41.94594],[12.46944,41.94605]]},"properties":{"segmentId":13800007410723,"newSegmentId":"00004931-3600-0400-0000-0000015d7bac","speedLimit":50,"frc":2,"streetName":"Corso di Francia","distance":12.61,"segmentTimeResults":[{"timeSet":2,"dateRange":1,"harmonicAverageSpeed":37.5,"medianSpeed":43.0,"averageSpeed":42.3,"standardDeviationSpeed":11.9,"travelTimeStandardDeviation":0.71,"sampleSize":2790,"normalizedSampleSize":0.7824,"averageTravelTime":1.21,"medianTravelTime":1.06,"travelTimeRatio":1.0,"speedPercentiles":[21,27,31,34,36,37,39,40,41,43,44,45,46,48,49,51,53,56,60]},{"timeSet":3,"dateRange":1,"harmonicAverageSpeed":40.9,"medianSpeed":46.0,"averageSpeed":46.3,"standardDeviationSpeed":12.7,"travelTimeStandardDeviation":0.78,"sampleSize":2487,"normalizedSampleSize":0.6974,"averageTravelTime":1.11,"medianTravelTime":0.99,"travelTimeRatio":0.92,"speedPercentiles":[23,31,35,37,39,41,42,44,45,46,48,49,50,52,54,56,59,61,67]},{"timeSet":4,"dateRange":1,"harmonicAverageSpeed":45.2,"medianSpeed":51.0,"averageSpeed":51.0,"standardDeviationSpeed":13.8,"travelTimeStandardDeviation":0.57,"sampleSize":1596,"normalizedSampleSize":0.4476,"averageTravelTime":1.0,"medianTravelTime":0.89,"travelTimeRatio":0.83,"speedPercentiles":[26,35,39,42,44,46,47,49,50,51,53,54,55,57,58,61,63,67,73]},{"timeSet":5,"dateRange":1,"harmonicAverageSpeed":48.1,"medianSpeed":54.0,"averageSpeed":53.9,"standardDeviationSpeed":15.4,"travelTimeStandardDeviation":0.44,"sampleSize":878,"normalizedSampleSize":0.2462,"averageTravelTime":0.94,"medianTravelTime":0.84,"travelTimeRatio":0.78,"speedPercentiles":[25,37,41,43,45,47,49,51,52,54,55,57,58,61,63,65,68,72,79]},{"timeSet":6,"dateRange":1,"harmonicAverageSpeed":44.6,"medianSpeed":53.0,"averageSpeed":53.2,"standardDeviationSpeed":15.6,"travelTimeStandardDeviation":1.01,"sampleSize":935,"normalizedSampleSize":0.2622,"averageTravelTime":1.02,"medianTravelTime":0.86,"travelTimeRatio":0.84,"speedPercentiles":[25,34,40,43,45,47,49,50,52,53,55,56,59,60,62,64,67,71,80]},{"timeSet":7,"dateRange":1,"harmonicAverageSpeed":49.3,"medianSpeed":55.0,"averageSpeed":55.6,"standardDeviationSpeed":15.9,"travelTimeStandardDeviation":0.5,"sampleSize":444,"normalizedSampleSize":0.1245,"averageTravelTime":0.92,"medianTravelTime":0.83,"travelTimeRatio":0.76,"speedPercentiles":[28,36,41,45,47,49,51,52,54,55,57,58,60,62,64,68,71,75,81]},{"timeSet":8,"dateRange":1,"harmonicAverageSpeed":25.4,"medianSpeed":55.0,"averageSpeed":54.1,"standardDeviationSpeed":15.0,"travelTimeStandardDeviation":14.52,"sampleSize":300,"normalizedSampleSize":0.0841,"averageTravelTime":1.79,"medianTravelTime":0.83,"travelTimeRatio":1.48,"speedPercentiles":[23,34,42,44,47,49,51,52,54,55,57,58,59,61,63,65,67,70,77]},{"timeSet":9,"dateRange":1,"harmonicAverageSpeed":44.9,"medianSpeed":53.0,"averageSpeed":52.0,"standardDeviationSpeed":16.3,"travelTimeStandardDeviation":0.58,"sampleSize":490,"normalizedSampleSize":0.1374,"averageTravelTime":1.01,"medianTravelTime":0.86,"travelTimeRatio":0.84,"speedPercentiles":[22,31,38,41,44,46,48,50,51,53,54,56,58,59,60,62,65,68,75]},{"timeSet":10,"dateRange":1,"harmonicAverageSpeed":42.1,"medianSpeed":50.0,"averageSpeed":49.2,"standardDeviationSpeed":14.4,"travelTimeStandardDeviation":0.72,"sampleSize":822,"normalizedSampleSize":0.2305,"averageTravelTime":1.08,"medianTravelTime":0.91,"travelTimeRatio":0.89,"speedPercentiles":[21,30,35,39,42,44,46,48,49,50,52,53,55,56,58,60,62,66,71]},{"timeSet":11,"dateRange":1,"harmonicAverageSpeed":39.7,"medianSpeed":47.0,"averageSpeed":46.4,"standardDeviationSpeed":13.4,"travelTimeStandardDeviation":0.79,"sampleSize":1196,"normalizedSampleSize":0.3354,"averageTravelTime":1.14,"medianTravelTime":0.97,"travelTimeRatio":0.95,"speedPercentiles":[20,29,33,37,40,41,43,45,46,47,49,50,52,53,55,57,59,62,67]},{"timeSet":12,"dateRange":1,"harmonicAverageSpeed":35.4,"medianSpeed":43.0,"averageSpeed":42.0,"standardDeviationSpeed":13.3,"travelTimeStandardDeviation":0.85,"sampleSize":1796,"normalizedSampleSize":0.5036,"averageTravelTime":1.28,"medianTravelTime":1.06,"travelTimeRatio":1.06,"speedPercentiles":[18,24,29,32,34,36,38,39,41,43,44,45,47,49,50,52,55,58,63]},{"timeSet":13,"dateRange":1,"harmonicAverageSpeed":30.8,"medianSpeed":40.0,"averageSpeed":38.3,"standardDeviationSpeed":13.0,"travelTimeStandardDeviation":1.72,"sampleSize":2323,"normalizedSampleSize":0.6514,"averageTravelTime":1.48,"medianTravelTime":1.13,"travelTimeRatio":1.22,"speedPercentiles":[14,20,24,27,30,32,34,36,38,40,41,43,44,46,47,49,51,54,58]},{"timeSet":14,"dateRange":1,"harmonicAverageSpeed":26.4,"medianSpeed":38.0,"averageSpeed":36.6,"standardDeviationSpeed":13.7,"travelTimeStandardDeviation":2.45,"sampleSize":2556,"normalizedSampleSize":0.7168,"averageTravelTime":1.72,"medianTravelTime":1.19,"travelTimeRatio":1.42,"speedPercentiles":[12,18,21,24,27,30,32,34,36,38,40,41,43,44,46,48,50,53,58]},{"timeSet":15,"dateRange":1,"harmonicAverageSpeed":27.9,"medianSpeed":39.0,"averageSpeed":37.7,"standardDeviationSpeed":14.1,"travelTimeStandardDeviation":2.33,"sampleSize":2383,"normalizedSampleSize":0.6683,"averageTravelTime":1.63,"medianTravelTime":1.16,"travelTimeRatio":1.35,"speedPercentiles":[13,18,22,25,28,31,33,36,38,39,41,42,44,45,47,49,52,54,58]},{"timeSet":16,"dateRange":1,"harmonicAverageSpeed":35.5,"medianSpeed":45.0,"averageSpeed":44.3,"standardDeviationSpeed":13.8,"travelTimeStandardDeviation":1.53,"sampleSize":1787,"normalizedSampleSize":0.5011,"averageTravelTime":1.28,"medianTravelTime":1.01,"travelTimeRatio":1.06,"speedPercentiles":[19,27,31,34,37,39,41,42,44,45,47,48,50,51,53,55,57,60,66]},{"timeSet":17,"dateRange":1,"harmonicAverageSpeed":32.3,"medianSpeed":42.0,"averageSpeed":41.3,"standardDeviationSpeed":13.5,"travelTimeStandardDeviation":2.61,"sampleSize":2107,"normalizedSampleSize":0.5909,"averageTravelTime":1.41,"medianTravelTime":1.08,"travelTimeRatio":1.16,"speedPercentiles":[16,23,27,31,34,36,38,39,40,42,43,45,47,48,50,52,54,57,62]},{"timeSet":18,"dateRange":1,"harmonicAverageSpeed":32.1,"medianSpeed":38.0,"averageSpeed":37.7,"standardDeviationSpeed":12.6,"travelTimeStandardDeviation":0.83,"sampleSize":2199,"normalizedSampleSize":0.6167,"averageTravelTime":1.42,"medianTravelTime":1.19,"travelTimeRatio":1.17,"speedPercentiles":[16,21,25,28,30,32,34,35,37,38,39,41,42,44,45,47,50,53,58]},{"timeSet":19,"dateRange":1,"harmonicAverageSpeed":28.0,"medianSpeed":35.0,"averageSpeed":34.9,"standardDeviationSpeed":12.4,"travelTimeStandardDeviation":1.68,"sampleSize":2360,"normalizedSampleSize":0.6618,"averageTravelTime":1.62,"medianTravelTime":1.3,"travelTimeRatio":1.34,"speedPercentiles":[14,19,22,24,27,28,30,32,34,35,37,38,40,41,43,45,47,50,55]},{"timeSet":20,"dateRange":1,"harmonicAverageSpeed":26.9,"medianSpeed":35.0,"averageSpeed":34.4,"standardDeviationSpeed":12.9,"travelTimeStandardDeviation":1.61,"sampleSize":2502,"normalizedSampleSize":0.7016,"averageTravelTime":1.69,"medianTravelTime":1.3,"travelTimeRatio":1.39,"speedPercentiles":[13,17,20,23,25,28,30,31,33,35,36,38,39,41,43,45,47,50,55]},{"timeSet":21,"dateRange":1,"harmonicAverageSpeed":30.1,"medianSpeed":36.0,"averageSpeed":35.8,"standardDeviationSpeed":12.2,"travelTimeStandardDeviation":1.02,"sampleSize":2413,"normalizedSampleSize":0.6767,"averageTravelTime":1.51,"medianTravelTime":1.26,"travelTimeRatio":1.25,"speedPercentiles":[15,20,23,26,28,30,31,33,35,36,37,39,40,42,44,45,48,51,55]},{"timeSet":22,"dateRange":1,"harmonicAverageSpeed":31.8,"medianSpeed":38.0,"averageSpeed":38.0,"standardDeviationSpeed":12.9,"travelTimeStandardDeviation":1.07,"sampleSize":2106,"normalizedSampleSize":0.5906,"averageTravelTime":1.43,"medianTravelTime":1.19,"travelTimeRatio":1.18,"speedPercentiles":[16,21,25,28,30,31,33,35,37,38,40,41,43,44,46,48,51,54,59]},{"timeSet":23,"dateRange":1,"harmonicAverageSpeed":38.5,"medianSpeed":46.0,"averageSpeed":45.2,"standardDeviationSpeed":13.2,"travelTimeStandardDeviation":1.11,"sampleSize":1478,"normalizedSampleSize":0.4145,"averageTravelTime":1.18,"medianTravelTime":0.99,"travelTimeRatio":0.97,"speedPercentiles":[21,28,33,36,38,40,42,43,45,46,47,49,50,52,53,55,57,60,65]},{"timeSet":24,"dateRange":1,"harmonicAverageSpeed":42.6,"medianSpeed":47.0,"averageSpeed":47.1,"standardDeviationSpeed":12.3,"travelTimeStandardDeviation":0.49,"sampleSize":1496,"normalizedSampleSize":0.4195,"averageTravelTime":1.06,"medianTravelTime":0.97,"travelTimeRatio":0.88,"speedPercentiles":[26,32,36,38,40,42,43,45,46,47,48,50,52,53,54,56,59,62,66]},{"timeSet":25,"dateRange":1,"harmonicAverageSpeed":41.2,"medianSpeed":46.0,"averageSpeed":46.2,"standardDeviationSpeed":13.0,"travelTimeStandardDeviation":0.54,"sampleSize":1697,"normalizedSampleSize":0.4759,"averageTravelTime":1.1,"medianTravelTime":0.99,"travelTimeRatio":0.91,"speedPercentiles":[24,31,34,37,39,40,42,43,45,46,48,49,50,52,54,56,58,62,68]}]}},{"type":"Feature","geometry":{"type":"LineString","coordinates":[[12.46944,41.94605],[12.46951,41.9462],[12.46957,41.94631]]},"properties":{"segmentId":13800007271120,"newSegmentId":"00004931-3600-0400-0000-0000014b1167","speedLimit":50,"frc":2,"streetName":"Corso di Francia","distance":31.9,"segmentTimeResults":[{"timeSet":2,"dateRange":1,"harmonicAverageSpeed":37.5,"medianSpeed":43.0,"averageSpeed":42.9,"standardDeviationSpeed":11.9,"travelTimeStandardDeviation":2.29,"sampleSize":2051,"normalizedSampleSize":0.5752,"averageTravelTime":3.07,"medianTravelTime":2.67,"travelTimeRatio":1.0,"speedPercentiles":[21,27,32,34,37,38,39,41,42,43,45,46,47,49,50,52,54,57,62]},{"timeSet":3,"dateRange":1,"harmonicAverageSpeed":42.2,"medianSpeed":48.0,"averageSpeed":47.2,"standardDeviationSpeed":12.7,"travelTimeStandardDeviation":1.5,"sampleSize":1862,"normalizedSampleSize":0.5222,"averageTravelTime":2.72,"medianTravelTime":2.39,"travelTimeRatio":0.89,"speedPercentiles":[25,31,35,38,40,42,44,45,46,48,49,50,52,53,55,57,59,62,67]},{"timeSet":4,"dateRange":1,"harmonicAverageSpeed":47.0,"medianSpeed":52.0,"averageSpeed":51.9,"standardDeviationSpeed":13.1,"travelTimeStandardDeviation":1.21,"sampleSize":1255,"normalizedSampleSize":0.3519,"averageTravelTime":2.44,"medianTravelTime":2.21,"travelTimeRatio":0.8,"speedPercentiles":[30,36,41,43,45,47,48,50,51,52,53,54,56,57,59,61,64,67,73]},{"timeSet":5,"dateRange":1,"harmonicAverageSpeed":50.1,"medianSpeed":55.0,"averageSpeed":55.3,"standardDeviationSpeed":15.0,"travelTimeStandardDeviation":0.97,"sampleSize":707,"normalizedSampleSize":0.1983,"averageTravelTime":2.29,"medianTravelTime":2.09,"travelTimeRatio":0.75,"speedPercentiles":[30,38,43,45,47,49,50,52,53,55,56,58,60,62,64,66,68,72,80]},{"timeSet":6,"dateRange":1,"harmonicAverageSpeed":44.3,"medianSpeed":54.0,"averageSpeed":53.9,"standardDeviationSpeed":15.2,"travelTimeStandardDeviation":3.25,"sampleSize":789,"normalizedSampleSize":0.2213,"averageTravelTime":2.59,"medianTravelTime":2.13,"travelTimeRatio":0.85,"speedPercentiles":[26,36,41,44,47,48,50,51,52,54,55,57,59,60,63,65,68,71,78]},{"timeSet":7,"dateRange":1,"harmonicAverageSpeed":49.4,"medianSpeed":56.0,"averageSpeed":55.8,"standardDeviationSpeed":16.1,"travelTimeStandardDeviation":1.24,"sampleSize":381,"normalizedSampleSize":0.1068,"averageTravelTime":2.32,"medianTravelTime":2.05,"travelTimeRatio":0.76,"speedPercentiles":[29,36,41,45,47,49,51,52,54,56,58,59,61,62,65,69,72,75,81]},{"timeSet":8,"dateRange":1,"harmonicAverageSpeed":46.7,"medianSpeed":56.0,"averageSpeed":54.8,"standardDeviationSpeed":15.0,"travelTimeStandardDeviation":2.0,"sampleSize":246,"normalizedSampleSize":0.069,"averageTravelTime":2.46,"medianTravelTime":2.05,"travelTimeRatio":0.8,"speedPercentiles":[27,37,42,45,47,49,51,54,55,56,58,59,60,61,63,65,68,71,78]},{"timeSet":9,"dateRange":1,"harmonicAverageSpeed":46.2,"medianSpeed":53.0,"averageSpeed":52.5,"standardDeviationSpeed":15.0,"travelTimeStandardDeviation":1.41,"sampleSize":412,"normalizedSampleSize":0.1155,"averageTravelTime":2.49,"medianTravelTime":2.17,"travelTimeRatio":0.81,"speedPercentiles":[25,34,40,43,45,47,48,50,52,53,54,56,57,59,60,63,65,67,74]},{"timeSet":10,"dateRange":1,"harmonicAverageSpeed":39.8,"medianSpeed":50.0,"averageSpeed":49.3,"standardDeviationSpeed":14.8,"travelTimeStandardDeviation":3.42,"sampleSize":701,"normalizedSampleSize":0.1966,"averageTravelTime":2.89,"medianTravelTime":2.3,"travelTimeRatio":0.94,"speedPercentiles":[22,30,34,38,42,44,46,47,49,50,52,53,55,57,59,60,63,66,70]},{"timeSet":11,"dateRange":1,"harmonicAverageSpeed":39.3,"medianSpeed":47.0,"averageSpeed":46.2,"standardDeviationSpeed":13.7,"travelTimeStandardDeviation":2.09,"sampleSize":992,"normalizedSampleSize":0.2782,"averageTravelTime":2.92,"medianTravelTime":2.44,"travelTimeRatio":0.95,"speedPercentiles":[20,28,32,35,39,41,43,44,46,47,49,51,52,53,55,57,59,62,67]},{"timeSet":12,"dateRange":1,"harmonicAverageSpeed":30.9,"medianSpeed":42.0,"averageSpeed":40.3,"standardDeviationSpeed":14.1,"travelTimeStandardDeviation":3.9,"sampleSize":1473,"normalizedSampleSize":0.4131,"averageTravelTime":3.71,"medianTravelTime":2.73,"travelTimeRatio":1.21,"speedPercentiles":[15,20,25,29,31,34,36,38,40,42,43,45,46,48,50,52,54,57,62]},{"timeSet":13,"dateRange":1,"harmonicAverageSpeed":26.4,"medianSpeed":38.0,"averageSpeed":36.1,"standardDeviationSpeed":13.7,"travelTimeStandardDeviation":4.76,"sampleSize":1804,"normalizedSampleSize":0.5059,"averageTravelTime":4.35,"medianTravelTime":3.02,"travelTimeRatio":1.42,"speedPercentiles":[11,17,21,24,27,29,32,34,36,38,39,41,43,44,45,47,49,52,57]},{"timeSet":14,"dateRange":1,"harmonicAverageSpeed":21.1,"medianSpeed":36.0,"averageSpeed":34.4,"standardDeviationSpeed":14.7,"travelTimeStandardDeviation":7.88,"sampleSize":2002,"normalizedSampleSize":0.5614,"averageTravelTime":5.44,"medianTravelTime":3.19,"travelTimeRatio":1.78,"speedPercentiles":[7,15,19,21,24,27,29,32,34,36,38,39,40,42,44,47,49,52,57]},{"timeSet":15,"dateRange":1,"harmonicAverageSpeed":21.1,"medianSpeed":37.0,"averageSpeed":35.5,"standardDeviationSpeed":15.2,"travelTimeStandardDeviation":8.43,"sampleSize":1809,"normalizedSampleSize":0.5073,"averageTravelTime":5.45,"medianTravelTime":3.1,"travelTimeRatio":1.78,"speedPercentiles":[7,13,18,22,26,28,31,33,35,37,39,41,43,45,46,48,51,53,57]},{"timeSet":16,"dateRange":1,"harmonicAverageSpeed":33.0,"medianSpeed":45.0,"averageSpeed":43.1,"standardDeviationSpeed":14.6,"travelTimeStandardDeviation":3.95,"sampleSize":1363,"normalizedSampleSize":0.3822,"averageTravelTime":3.49,"medianTravelTime":2.55,"travelTimeRatio":1.14,"speedPercentiles":[15,23,28,31,35,37,40,41,43,45,46,48,49,51,53,55,57,60,66]},{"timeSet":17,"dateRange":1,"harmonicAverageSpeed":27.9,"medianSpeed":41.0,"averageSpeed":40.0,"standardDeviationSpeed":14.6,"travelTimeStandardDeviation":5.46,"sampleSize":1564,"normalizedSampleSize":0.4386,"averageTravelTime":4.11,"medianTravelTime":2.8,"travelTimeRatio":1.34,"speedPercentiles":[12,21,24,29,32,34,36,38,40,41,43,44,46,48,49,52,54,57,62]},{"timeSet":18,"dateRange":1,"harmonicAverageSpeed":33.3,"medianSpeed":38.0,"averageSpeed":38.3,"standardDeviationSpeed":12.3,"travelTimeStandardDeviation":1.81,"sampleSize":1678,"normalizedSampleSize":0.4706,"averageTravelTime":3.45,"medianTravelTime":3.02,"travelTimeRatio":1.12,"speedPercentiles":[18,23,26,29,31,32,34,36,37,38,40,41,42,44,45,47,50,53,59]},{"timeSet":19,"dateRange":1,"harmonicAverageSpeed":29.5,"medianSpeed":35.0,"averageSpeed":35.0,"standardDeviationSpeed":11.8,"travelTimeStandardDeviation":2.59,"sampleSize":1788,"normalizedSampleSize":0.5014,"averageTravelTime":3.9,"medianTravelTime":3.28,"travelTimeRatio":1.27,"speedPercentiles":[16,20,23,25,27,29,30,32,33,35,36,38,39,41,42,44,47,50,55]},{"timeSet":20,"dateRange":1,"harmonicAverageSpeed":27.4,"medianSpeed":34.0,"averageSpeed":34.2,"standardDeviationSpeed":12.5,"travelTimeStandardDeviation":3.89,"sampleSize":1905,"normalizedSampleSize":0.5342,"averageTravelTime":4.2,"medianTravelTime":3.38,"travelTimeRatio":1.37,"speedPercentiles":[14,18,21,24,26,28,30,31,32,34,36,37,38,40,42,44,47,50,55]},{"timeSet":21,"dateRange":1,"harmonicAverageSpeed":31.2,"medianSpeed":36.0,"averageSpeed":35.9,"standardDeviationSpeed":11.5,"travelTimeStandardDeviation":1.95,"sampleSize":1804,"normalizedSampleSize":0.5059,"averageTravelTime":3.69,"medianTravelTime":3.19,"travelTimeRatio":1.2,"speedPercentiles":[17,21,24,27,28,30,32,33,34,36,37,38,40,41,43,45,47,50,56]},{"timeSet":22,"dateRange":1,"harmonicAverageSpeed":32.3,"medianSpeed":38.0,"averageSpeed":38.2,"standardDeviationSpeed":13.0,"travelTimeStandardDeviation":2.11,"sampleSize":1569,"normalizedSampleSize":0.44,"averageTravelTime":3.56,"medianTravelTime":3.02,"travelTimeRatio":1.16,"speedPercentiles":[17,21,25,28,30,32,34,35,37,38,40,41,43,45,46,49,51,55,60]},{"timeSet":23,"dateRange":1,"harmonicAverageSpeed":38.6,"medianSpeed":46.0,"averageSpeed":46.0,"standardDeviationSpeed":13.3,"travelTimeStandardDeviation":2.86,"sampleSize":1071,"normalizedSampleSize":0.3003,"averageTravelTime":2.97,"medianTravelTime":2.5,"travelTimeRatio":0.97,"speedPercentiles":[21,30,34,37,39,41,43,44,45,46,48,49,51,52,54,56,58,60,65]},{"timeSet":24,"dateRange":1,"harmonicAverageSpeed":43.9,"medianSpeed":48.0,"averageSpeed":48.0,"standardDeviationSpeed":12.3,"travelTimeStandardDeviation":1.03,"sampleSize":1097,"normalizedSampleSize":0.3076,"averageTravelTime":2.61,"medianTravelTime":2.39,"travelTimeRatio":0.85,"speedPercentiles":[26,33,36,39,41,43,44,45,47,48,49,51,52,54,55,57,60,62,68]},{"timeSet":25,"dateRange":1,"harmonicAverageSpeed":42.1,"medianSpeed":47.0,"averageSpeed":46.8,"standardDeviationSpeed":12.9,"travelTimeStandardDeviation":1.19,"sampleSize":1303,"normalizedSampleSize":0.3654,"averageTravelTime":2.73,"medianTravelTime":2.44,"travelTimeRatio":0.89,"speedPercentiles":[25,31,34,37,39,41,42,44,46,47,48,50,51,53,54,56,59,62,68]}]}},{"type":"Feature","geometry":{"type":"LineString","coordinates":[[12.46957,41.94631],[12.46968,41.94652],[12.46988,41.94697]]},"properties":{"segmentId":13800006542408,"newSegmentId":"00004931-3600-0400-0000-000001365477","speedLimit":50,"frc":2,"streetName":"Via di Villa Severini","distance":77.02,"segmentTimeResults":[{"timeSet":2,"dateRange":1,"harmonicAverageSpeed":27.7,"medianSpeed":43.0,"averageSpeed":40.2,"standardDeviationSpeed":14.5,"travelTimeStandardDeviation":11.86,"sampleSize":2065,"normalizedSampleSize":0.5791,"averageTravelTime":10.02,"medianTravelTime":6.45,"travelTimeRatio":1.0,"speedPercentiles":[7,18,26,31,35,37,39,40,41,43,44,45,46,47,49,50,52,55,60]},{"timeSet":3,"dateRange":1,"harmonicAverageSpeed":29.5,"medianSpeed":46.0,"averageSpeed":43.6,"standardDeviationSpeed":15.6,"travelTimeStandardDeviation":12.27,"sampleSize":1863,"normalizedSampleSize":0.5224,"averageTravelTime":9.4,"medianTravelTime":6.03,"travelTimeRatio":0.94,"speedPercentiles":[8,19,28,34,37,40,42,44,45,46,47,49,50,52,54,55,57,61,64]},{"timeSet":4,"dateRange":1,"harmonicAverageSpeed":34.5,"medianSpeed":51.0,"averageSpeed":48.9,"standardDeviationSpeed":15.5,"travelTimeStandardDeviation":15.4,"sampleSize":1257,"normalizedSampleSize":0.3525,"averageTravelTime":8.04,"medianTravelTime":5.44,"travelTimeRatio":0.8,"speedPercentiles":[14,29,36,40,43,45,47,48,50,51,52,53,55,56,58,60,62,65,71]},{"timeSet":5,"dateRange":1,"harmonicAverageSpeed":37.4,"medianSpeed":53.0,"averageSpeed":51.7,"standardDeviationSpeed":17.8,"travelTimeStandardDeviation":8.76,"sampleSize":711,"normalizedSampleSize":0.1994,"averageTravelTime":7.41,"medianTravelTime":5.23,"travelTimeRatio":0.74,"speedPercentiles":[12,27,37,43,45,47,49,50,52,53,54,56,58,60,62,64,66,70,79]},{"timeSet":6,"dateRange":1,"harmonicAverageSpeed":39.5,"medianSpeed":52.0,"averageSpeed":50.7,"standardDeviationSpeed":16.5,"travelTimeStandardDeviation":6.56,"sampleSize":788,"normalizedSampleSize":0.221,"averageTravelTime":7.03,"medianTravelTime":5.33,"travelTimeRatio":0.7,"speedPercentiles":[14,29,36,41,44,46,47,49,50,52,53,55,56,59,60,63,66,69,75]},{"timeSet":7,"dateRange":1,"harmonicAverageSpeed":47.0,"medianSpeed":55.0,"averageSpeed":54.5,"standardDeviationSpeed":16.0,"travelTimeStandardDeviation":4.15,"sampleSize":382,"normalizedSampleSize":0.1071,"averageTravelTime":5.9,"medianTravelTime":5.04,"travelTimeRatio":0.59,"speedPercentiles":[27,34,39,43,46,48,50,51,53,55,57,58,60,62,63,67,69,73,81]},{"timeSet":8,"dateRange":1,"harmonicAverageSpeed":36.5,"medianSpeed":56.0,"averageSpeed":52.5,"standardDeviationSpeed":17.2,"travelTimeStandardDeviation":10.46,"sampleSize":244,"normalizedSampleSize":0.0684,"averageTravelTime":7.6,"medianTravelTime":4.95,"travelTimeRatio":0.76,"speedPercentiles":[9,29,38,43,46,49,50,52,54,56,57,58,59,61,62,64,66,70,76]},{"timeSet":9,"dateRange":1,"harmonicAverageSpeed":34.6,"medianSpeed":52.0,"averageSpeed":49.8,"standardDeviationSpeed":17.4,"travelTimeStandardDeviation":9.93,"sampleSize":413,"normalizedSampleSize":0.1158,"averageTravelTime":8.01,"medianTravelTime":5.33,"travelTimeRatio":0.8,"speedPercentiles":[11,26,34,40,43,46,47,49,51,52,54,54,56,58,59,61,63,67,71]},{"timeSet":10,"dateRange":1,"harmonicAverageSpeed":21.6,"medianSpeed":48.0,"averageSpeed":42.0,"standardDeviationSpeed":20.6,"travelTimeStandardDeviation":16.07,"sampleSize":699,"normalizedSampleSize":0.196,"averageTravelTime":12.81,"medianTravelTime":5.78,"travelTimeRatio":1.28,"speedPercentiles":[5,7,12,19,26,32,38,43,46,48,50,51,53,55,57,59,61,63,70]},{"timeSet":11,"dateRange":1,"harmonicAverageSpeed":18.8,"medianSpeed":44.0,"averageSpeed":38.8,"standardDeviationSpeed":19.5,"travelTimeStandardDeviation":19.15,"sampleSize":990,"normalizedSampleSize":0.2776,"averageTravelTime":14.75,"medianTravelTime":6.3,"travelTimeRatio":1.47,"speedPercentiles":[5,5,10,17,24,31,36,39,42,44,46,48,50,51,53,55,58,60,65]},{"timeSet":12,"dateRange":1,"harmonicAverageSpeed":14.3,"medianSpeed":32.0,"averageSpeed":30.4,"standardDeviationSpeed":18.6,"travelTimeStandardDeviation":21.04,"sampleSize":1466,"normalizedSampleSize":0.4111,"averageTravelTime":19.44,"medianTravelTime":8.66,"travelTimeRatio":1.94,"speedPercentiles":[4,5,6,7,11,17,21,25,29,32,36,38,41,44,46,48,51,53,58]},{"timeSet":13,"dateRange":1,"harmonicAverageSpeed":13.4,"medianSpeed":27.0,"averageSpeed":27.0,"standardDeviationSpeed":16.8,"travelTimeStandardDeviation":21.8,"sampleSize":1810,"normalizedSampleSize":0.5076,"averageTravelTime":20.67,"medianTravelTime":10.27,"travelTimeRatio":2.06,"speedPercentiles":[4,5,6,7,11,14,17,20,24,27,30,33,36,39,41,43,46,49,53]},{"timeSet":14,"dateRange":1,"harmonicAverageSpeed":13.4,"medianSpeed":26.0,"averageSpeed":26.6,"standardDeviationSpeed":16.5,"travelTimeStandardDeviation":20.74,"sampleSize":2000,"normalizedSampleSize":0.5609,"averageTravelTime":20.66,"medianTravelTime":10.66,"travelTimeRatio":2.06,"speedPercentiles":[4,5,6,7,12,15,18,20,23,26,29,32,35,38,40,42,45,48,54]},{"timeSet":15,"dateRange":1,"harmonicAverageSpeed":13.6,"medianSpeed":28.0,"averageSpeed":27.8,"standardDeviationSpeed":17.2,"travelTimeStandardDeviation":22.0,"sampleSize":1821,"normalizedSampleSize":0.5107,"averageTravelTime":20.4,"medianTravelTime":9.9,"travelTimeRatio":2.04,"speedPercentiles":[4,5,6,8,12,16,19,22,24,28,31,34,37,39,42,45,47,50,54]},{"timeSet":16,"dateRange":1,"harmonicAverageSpeed":16.3,"medianSpeed":40.0,"averageSpeed":35.0,"standardDeviationSpeed":19.6,"travelTimeStandardDeviation":20.21,"sampleSize":1360,"normalizedSampleSize":0.3814,"averageTravelTime":16.99,"medianTravelTime":6.93,"travelTimeRatio":1.7,"speedPercentiles":[5,5,6,11,16,22,29,34,37,40,42,45,46,48,50,52,55,57,61]},{"timeSet":17,"dateRange":1,"harmonicAverageSpeed":15.8,"medianSpeed":35.0,"averageSpeed":31.9,"standardDeviationSpeed":18.3,"travelTimeStandardDeviation":18.9,"sampleSize":1563,"normalizedSampleSize":0.4383,"averageTravelTime":17.53,"medianTravelTime":7.92,"travelTimeRatio":1.75,"speedPercentiles":[5,5,6,10,15,19,24,28,32,35,38,40,42,44,46,48,51,54,59]},{"timeSet":18,"dateRange":1,"harmonicAverageSpeed":21.1,"medianSpeed":36.0,"averageSpeed":33.6,"standardDeviationSpeed":14.9,"travelTimeStandardDeviation":14.36,"sampleSize":1677,"normalizedSampleSize":0.4703,"averageTravelTime":13.17,"medianTravelTime":7.7,"travelTimeRatio":1.31,"speedPercentiles":[5,9,16,21,24,28,30,32,34,36,37,39,40,42,43,46,48,51,55]},{"timeSet":19,"dateRange":1,"harmonicAverageSpeed":18.2,"medianSpeed":30.0,"averageSpeed":29.3,"standardDeviationSpeed":14.3,"travelTimeStandardDeviation":16.11,"sampleSize":1792,"normalizedSampleSize":0.5025,"averageTravelTime":15.23,"medianTravelTime":9.24,"travelTimeRatio":1.52,"speedPercentiles":[5,8,11,16,19,22,24,27,29,30,32,34,36,37,39,41,44,47,51]},{"timeSet":20,"dateRange":1,"harmonicAverageSpeed":17.1,"medianSpeed":29.0,"averageSpeed":28.6,"standardDeviationSpeed":14.3,"travelTimeStandardDeviation":18.24,"sampleSize":1915,"normalizedSampleSize":0.537,"averageTravelTime":16.19,"medianTravelTime":9.56,"travelTimeRatio":1.62,"speedPercentiles":[5,7,12,15,18,21,23,25,27,29,31,33,35,37,39,41,43,47,52]},{"timeSet":21,"dateRange":1,"harmonicAverageSpeed":21.5,"medianSpeed":33.0,"averageSpeed":31.7,"standardDeviationSpeed":13.4,"travelTimeStandardDeviation":13.28,"sampleSize":1801,"normalizedSampleSize":0.505,"averageTravelTime":12.93,"medianTravelTime":8.4,"travelTimeRatio":1.29,"speedPercentiles":[6,12,17,20,23,26,28,30,32,33,35,36,38,39,41,42,45,47,52]},{"timeSet":22,"dateRange":1,"harmonicAverageSpeed":21.1,"medianSpeed":35.0,"averageSpeed":33.1,"standardDeviationSpeed":14.8,"travelTimeStandardDeviation":15.42,"sampleSize":1559,"normalizedSampleSize":0.4372,"averageTravelTime":13.14,"medianTravelTime":7.92,"travelTimeRatio":1.31,"speedPercentiles":[6,10,17,21,23,25,28,31,32,35,36,38,40,41,43,45,48,51,56]},{"timeSet":23,"dateRange":1,"harmonicAverageSpeed":27.3,"medianSpeed":45.0,"averageSpeed":42.6,"standardDeviationSpeed":15.9,"travelTimeStandardDeviation":14.57,"sampleSize":1069,"normalizedSampleSize":0.2998,"averageTravelTime":10.16,"medianTravelTime":6.16,"travelTimeRatio":1.01,"speedPercentiles":[6,17,27,32,37,39,41,43,44,45,46,48,49,51,52,54,56,59,63]},{"timeSet":24,"dateRange":1,"harmonicAverageSpeed":29.4,"medianSpeed":47.0,"averageSpeed":44.0,"standardDeviationSpeed":15.7,"travelTimeStandardDeviation":11.88,"sampleSize":1097,"normalizedSampleSize":0.3076,"averageTravelTime":9.43,"medianTravelTime":5.9,"travelTimeRatio":0.94,"speedPercentiles":[7,20,29,35,38,40,42,44,45,47,48,49,50,52,53,55,57,60,66]},{"timeSet":25,"dateRange":1,"harmonicAverageSpeed":32.3,"medianSpeed":46.0,"averageSpeed":44.5,"standardDeviationSpeed":14.9,"travelTimeStandardDeviation":11.18,"sampleSize":1306,"normalizedSampleSize":0.3662,"averageTravelTime":8.6,"medianTravelTime":6.03,"travelTimeRatio":0.86,"speedPercentiles":[11,24,31,36,39,40,42,43,45,46,48,49,50,52,53,55,57,60,67]}]}},{"type":"Feature","geometry":{"type":"LineString","coordinates":[[12.46988,41.94697],[12.46995,41.9471]]},"properties":{"segmentId":13800006549378,"newSegmentId":"00004931-3600-0400-0000-0000014b1198","speedLimit":50,"frc":2,"streetName":"Via di Villa Severini","distance":15.91,"segmentTimeResults":[{"timeSet":2,"dateRange":1,"harmonicAverageSpeed":28.9,"medianSpeed":41.0,"averageSpeed":39.9,"standardDeviationSpeed":13.0,"travelTimeStandardDeviation":3.56,"sampleSize":2081,"normalizedSampleSize":0.5836,"averageTravelTime":1.98,"medianTravelTime":1.4,"travelTimeRatio":1.0,"speedPercentiles":[16,21,26,30,33,36,37,39,40,41,43,44,45,46,48,50,52,54,59]},{"timeSet":3,"dateRange":1,"harmonicAverageSpeed":30.1,"medianSpeed":45.0,"averageSpeed":43.3,"standardDeviationSpeed":14.0,"travelTimeStandardDeviation":3.75,"sampleSize":1880,"normalizedSampleSize":0.5272,"averageTravelTime":1.91,"medianTravelTime":1.27,"travelTimeRatio":0.96,"speedPercentiles":[17,24,29,32,36,38,40,42,43,45,46,48,49,51,52,54,56,59,63]},{"timeSet":4,"dateRange":1,"harmonicAverageSpeed":33.0,"medianSpeed":49.0,"averageSpeed":47.7,"standardDeviationSpeed":14.5,"travelTimeStandardDeviation":3.71,"sampleSize":1281,"normalizedSampleSize":0.3592,"averageTravelTime":1.74,"medianTravelTime":1.17,"travelTimeRatio":0.88,"speedPercentiles":[20,27,35,39,41,43,45,47,48,49,51,52,53,55,56,58,60,64,69]},{"timeSet":5,"dateRange":1,"harmonicAverageSpeed":34.3,"medianSpeed":51.0,"averageSpeed":50.5,"standardDeviationSpeed":16.7,"travelTimeStandardDeviation":3.22,"sampleSize":714,"normalizedSampleSize":0.2002,"averageTravelTime":1.67,"medianTravelTime":1.12,"travelTimeRatio":0.84,"speedPercentiles":[18,29,36,41,43,46,47,49,50,51,53,54,56,57,59,62,64,70,76]},{"timeSet":6,"dateRange":1,"harmonicAverageSpeed":34.9,"medianSpeed":50.0,"averageSpeed":49.1,"standardDeviationSpeed":15.8,"travelTimeStandardDeviation":3.22,"sampleSize":803,"normalizedSampleSize":0.2252,"averageTravelTime":1.64,"medianTravelTime":1.15,"travelTimeRatio":0.83,"speedPercentiles":[18,27,35,39,42,44,46,47,49,50,51,53,55,56,58,60,63,67,71]},{"timeSet":7,"dateRange":1,"harmonicAverageSpeed":45.0,"medianSpeed":53.0,"averageSpeed":52.8,"standardDeviationSpeed":15.4,"travelTimeStandardDeviation":1.07,"sampleSize":388,"normalizedSampleSize":0.1088,"averageTravelTime":1.27,"medianTravelTime":1.08,"travelTimeRatio":0.64,"speedPercentiles":[26,34,38,42,44,46,48,50,51,53,55,56,58,60,62,64,67,70,79]},{"timeSet":8,"dateRange":1,"harmonicAverageSpeed":41.2,"medianSpeed":53.0,"averageSpeed":51.6,"standardDeviationSpeed":15.7,"travelTimeStandardDeviation":1.61,"sampleSize":246,"normalizedSampleSize":0.069,"averageTravelTime":1.39,"medianTravelTime":1.08,"travelTimeRatio":0.7,"speedPercentiles":[22,29,36,42,44,47,49,50,52,53,55,57,58,59,61,62,65,69,74]},{"timeSet":9,"dateRange":1,"harmonicAverageSpeed":30.3,"medianSpeed":51.0,"averageSpeed":48.8,"standardDeviationSpeed":16.3,"travelTimeStandardDeviation":4.26,"sampleSize":417,"normalizedSampleSize":0.1169,"averageTravelTime":1.89,"medianTravelTime":1.12,"travelTimeRatio":0.95,"speedPercentiles":[18,26,34,40,42,45,46,48,49,51,52,53,55,56,58,59,61,65,72]},{"timeSet":10,"dateRange":1,"harmonicAverageSpeed":22.4,"medianSpeed":46.0,"averageSpeed":42.4,"standardDeviationSpeed":18.3,"travelTimeStandardDeviation":5.38,"sampleSize":699,"normalizedSampleSize":0.196,"averageTravelTime":2.56,"medianTravelTime":1.25,"travelTimeRatio":1.29,"speedPercentiles":[9,17,21,25,28,33,38,42,44,46,48,50,51,53,55,57,59,62,69]},{"timeSet":11,"dateRange":1,"harmonicAverageSpeed":18.9,"medianSpeed":41.0,"averageSpeed":38.9,"standardDeviationSpeed":16.7,"travelTimeStandardDeviation":7.62,"sampleSize":1001,"normalizedSampleSize":0.2807,"averageTravelTime":3.04,"medianTravelTime":1.4,"travelTimeRatio":1.53,"speedPercentiles":[7,15,20,23,26,31,34,36,39,41,43,45,47,49,51,53,55,58,63]},{"timeSet":12,"dateRange":1,"harmonicAverageSpeed":16.9,"medianSpeed":31.0,"averageSpeed":31.6,"standardDeviationSpeed":15.3,"travelTimeStandardDeviation":7.28,"sampleSize":1482,"normalizedSampleSize":0.4156,"averageTravelTime":3.4,"medianTravelTime":1.85,"travelTimeRatio":1.72,"speedPercentiles":[7,13,15,18,20,21,23,26,28,31,34,36,39,41,43,46,49,52,56]},{"timeSet":13,"dateRange":1,"harmonicAverageSpeed":15.7,"medianSpeed":26.0,"averageSpeed":28.1,"standardDeviationSpeed":14.0,"travelTimeStandardDeviation":7.54,"sampleSize":1842,"normalizedSampleSize":0.5165,"averageTravelTime":3.64,"medianTravelTime":2.2,"travelTimeRatio":1.84,"speedPercentiles":[7,11,14,16,17,19,21,22,24,26,29,31,34,36,39,42,44,47,52]},{"timeSet":14,"dateRange":1,"harmonicAverageSpeed":15.4,"medianSpeed":25.0,"averageSpeed":27.6,"standardDeviationSpeed":13.7,"travelTimeStandardDeviation":8.45,"sampleSize":2033,"normalizedSampleSize":0.5701,"averageTravelTime":3.72,"medianTravelTime":2.29,"travelTimeRatio":1.88,"speedPercentiles":[7,12,14,16,18,19,21,22,24,25,27,29,33,35,38,40,43,46,51]},{"timeSet":15,"dateRange":1,"harmonicAverageSpeed":15.3,"medianSpeed":27.0,"averageSpeed":28.9,"standardDeviationSpeed":14.5,"travelTimeStandardDeviation":6.81,"sampleSize":1844,"normalizedSampleSize":0.5171,"averageTravelTime":3.75,"medianTravelTime":2.12,"travelTimeRatio":1.9,"speedPercentiles":[5,11,14,16,19,20,22,24,26,27,29,32,34,37,39,42,45,49,53]},{"timeSet":16,"dateRange":1,"harmonicAverageSpeed":21.9,"medianSpeed":37.0,"averageSpeed":35.8,"standardDeviationSpeed":16.3,"travelTimeStandardDeviation":4.24,"sampleSize":1377,"normalizedSampleSize":0.3861,"averageTravelTime":2.61,"medianTravelTime":1.55,"travelTimeRatio":1.32,"speedPercentiles":[9,14,17,20,23,25,28,31,34,37,40,42,44,46,48,51,53,56,61]},{"timeSet":17,"dateRange":1,"harmonicAverageSpeed":17.2,"medianSpeed":33.0,"averageSpeed":32.6,"standardDeviationSpeed":15.4,"travelTimeStandardDeviation":6.24,"sampleSize":1580,"normalizedSampleSize":0.4431,"averageTravelTime":3.33,"medianTravelTime":1.74,"travelTimeRatio":1.68,"speedPercentiles":[6,12,16,19,21,24,25,27,30,33,35,38,40,42,45,47,49,52,57]},{"timeSet":18,"dateRange":1,"harmonicAverageSpeed":22.3,"medianSpeed":35.0,"averageSpeed":34.2,"standardDeviationSpeed":12.9,"travelTimeStandardDeviation":4.77,"sampleSize":1692,"normalizedSampleSize":0.4745,"averageTravelTime":2.57,"medianTravelTime":1.64,"travelTimeRatio":1.3,"speedPercentiles":[12,17,21,23,25,27,30,32,34,35,37,39,40,41,43,45,47,50,54]},{"timeSet":19,"dateRange":1,"harmonicAverageSpeed":18.7,"medianSpeed":31.0,"averageSpeed":30.3,"standardDeviationSpeed":12.7,"travelTimeStandardDeviation":5.46,"sampleSize":1797,"normalizedSampleSize":0.5039,"averageTravelTime":3.06,"medianTravelTime":1.85,"travelTimeRatio":1.54,"speedPercentiles":[9,14,17,19,21,23,25,27,29,31,33,34,36,37,39,41,43,46,51]},{"timeSet":20,"dateRange":1,"harmonicAverageSpeed":17.3,"medianSpeed":29.0,"averageSpeed":29.4,"standardDeviationSpeed":12.5,"travelTimeStandardDeviation":7.58,"sampleSize":1934,"normalizedSampleSize":0.5423,"averageTravelTime":3.31,"medianTravelTime":1.98,"travelTimeRatio":1.67,"speedPercentiles":[10,14,17,19,21,22,24,26,28,29,31,32,34,36,38,40,43,46,49]},{"timeSet":21,"dateRange":1,"harmonicAverageSpeed":19.4,"medianSpeed":33.0,"averageSpeed":32.0,"standardDeviationSpeed":12.1,"travelTimeStandardDeviation":6.94,"sampleSize":1822,"normalizedSampleSize":0.5109,"averageTravelTime":2.95,"medianTravelTime":1.74,"travelTimeRatio":1.49,"speedPercentiles":[11,16,19,22,24,26,28,30,31,33,34,36,37,38,40,41,44,46,51]},{"timeSet":22,"dateRange":1,"harmonicAverageSpeed":19.4,"medianSpeed":33.0,"averageSpeed":32.4,"standardDeviationSpeed":13.5,"travelTimeStandardDeviation":5.86,"sampleSize":1579,"normalizedSampleSize":0.4428,"averageTravelTime":2.95,"medianTravelTime":1.74,"travelTimeRatio":1.49,"speedPercentiles":[10,15,18,21,23,25,27,29,32,33,35,37,38,39,42,44,46,49,53]},{"timeSet":23,"dateRange":1,"harmonicAverageSpeed":26.5,"medianSpeed":44.0,"averageSpeed":41.8,"standardDeviationSpeed":14.6,"travelTimeStandardDeviation":4.46,"sampleSize":1076,"normalizedSampleSize":0.3017,"averageTravelTime":2.17,"medianTravelTime":1.3,"travelTimeRatio":1.09,"speedPercentiles":[13,20,26,32,36,37,39,41,42,44,45,46,48,49,51,53,55,58,62]},{"timeSet":24,"dateRange":1,"harmonicAverageSpeed":28.8,"medianSpeed":45.0,"averageSpeed":43.2,"standardDeviationSpeed":14.3,"travelTimeStandardDeviation":4.07,"sampleSize":1104,"normalizedSampleSize":0.3096,"averageTravelTime":1.99,"medianTravelTime":1.27,"travelTimeRatio":1.01,"speedPercentiles":[16,23,28,33,36,38,41,43,44,45,46,48,49,50,52,54,56,59,63]},{"timeSet":25,"dateRange":1,"harmonicAverageSpeed":35.8,"medianSpeed":45.0,"averageSpeed":43.9,"standardDeviationSpeed":13.3,"travelTimeStandardDeviation":1.98,"sampleSize":1316,"normalizedSampleSize":0.369,"averageTravelTime":1.6,"medianTravelTime":1.27,"travelTimeRatio":0.81,"speedPercentiles":[19,26,31,34,37,39,40,42,43,45,46,48,49,50,52,53,56,59,65]}]}},{"type":"Feature","geometry":{"type":"LineString","coordinates":[[12.46995,41.9471],[12.46998,41.9472]]},"properties":{"segmentId":13800007053592,"newSegmentId":"00004931-3600-0400-0000-0000015e9bce","speedLimit":50,"frc":2,"streetName":"Via di Villa Severini","distance":11.08,"segmentTimeResults":[{"timeSet":2,"dateRange":1,"harmonicAverageSpeed":34.0,"medianSpeed":41.0,"averageSpeed":40.0,"standardDeviationSpeed":12.3,"travelTimeStandardDeviation":0.82,"sampleSize":2084,"normalizedSampleSize":0.5844,"averageTravelTime":1.17,"medianTravelTime":0.97,"travelTimeRatio":1.0,"speedPercentiles":[19,23,27,30,32,35,37,38,40,41,42,44,45,46,48,50,52,54,59]},{"timeSet":3,"dateRange":1,"harmonicAverageSpeed":36.1,"medianSpeed":45.0,"averageSpeed":43.4,"standardDeviationSpeed":13.2,"travelTimeStandardDeviation":1.04,"sampleSize":1883,"normalizedSampleSize":0.528,"averageTravelTime":1.11,"medianTravelTime":0.89,"travelTimeRatio":0.94,"speedPercentiles":[20,26,30,33,35,38,40,42,43,45,46,47,49,50,52,54,56,59,63]},{"timeSet":4,"dateRange":1,"harmonicAverageSpeed":40.3,"medianSpeed":49.0,"averageSpeed":47.7,"standardDeviationSpeed":13.4,"travelTimeStandardDeviation":1.04,"sampleSize":1282,"normalizedSampleSize":0.3595,"averageTravelTime":0.99,"medianTravelTime":0.81,"travelTimeRatio":0.84,"speedPercentiles":[23,30,35,38,41,43,45,46,47,49,50,52,53,54,56,58,60,63,69]},{"timeSet":5,"dateRange":1,"harmonicAverageSpeed":42.9,"medianSpeed":51.0,"averageSpeed":50.6,"standardDeviationSpeed":15.5,"travelTimeStandardDeviation":0.69,"sampleSize":715,"normalizedSampleSize":0.2005,"averageTravelTime":0.93,"medianTravelTime":0.78,"travelTimeRatio":0.79,"speedPercentiles":[23,31,36,40,43,45,46,48,49,51,52,54,55,57,59,62,64,69,75]},{"timeSet":6,"dateRange":1,"harmonicAverageSpeed":41.6,"medianSpeed":50.0,"averageSpeed":49.2,"standardDeviationSpeed":14.9,"travelTimeStandardDeviation":0.72,"sampleSize":804,"normalizedSampleSize":0.2255,"averageTravelTime":0.96,"medianTravelTime":0.8,"travelTimeRatio":0.82,"speedPercentiles":[23,29,35,39,41,44,46,47,49,50,51,53,55,56,58,60,63,66,71]},{"timeSet":7,"dateRange":1,"harmonicAverageSpeed":43.7,"medianSpeed":52.0,"averageSpeed":52.2,"standardDeviationSpeed":15.2,"travelTimeStandardDeviation":1.14,"sampleSize":390,"normalizedSampleSize":0.1094,"averageTravelTime":0.91,"medianTravelTime":0.77,"travelTimeRatio":0.78,"speedPercentiles":[26,34,37,41,44,45,47,49,51,52,54,56,57,59,61,63,66,70,76]},{"timeSet":8,"dateRange":1,"harmonicAverageSpeed":45.6,"medianSpeed":52.0,"averageSpeed":51.7,"standardDeviationSpeed":15.0,"travelTimeStandardDeviation":0.46,"sampleSize":244,"normalizedSampleSize":0.0684,"averageTravelTime":0.87,"medianTravelTime":0.77,"travelTimeRatio":0.75,"speedPercentiles":[24,30,35,41,44,46,48,49,51,52,54,56,58,59,61,62,65,69,74]},{"timeSet":9,"dateRange":1,"harmonicAverageSpeed":38.4,"medianSpeed":50.0,"averageSpeed":48.8,"standardDeviationSpeed":14.7,"travelTimeStandardDeviation":1.72,"sampleSize":419,"normalizedSampleSize":0.1175,"averageTravelTime":1.04,"medianTravelTime":0.8,"travelTimeRatio":0.89,"speedPercentiles":[22,28,33,39,41,44,46,47,49,50,52,53,54,56,57,58,61,64,71]},{"timeSet":10,"dateRange":1,"harmonicAverageSpeed":31.2,"medianSpeed":46.0,"averageSpeed":43.3,"standardDeviationSpeed":16.5,"travelTimeStandardDeviation":1.65,"sampleSize":699,"normalizedSampleSize":0.196,"averageTravelTime":1.28,"medianTravelTime":0.87,"travelTimeRatio":1.09,"speedPercentiles":[14,22,25,27,30,34,38,41,43,46,47,49,51,53,54,57,59,62,70]},{"timeSet":11,"dateRange":1,"harmonicAverageSpeed":29.9,"medianSpeed":41.0,"averageSpeed":40.2,"standardDeviationSpeed":14.5,"travelTimeStandardDeviation":2.1,"sampleSize":1005,"normalizedSampleSize":0.2818,"averageTravelTime":1.33,"medianTravelTime":0.97,"travelTimeRatio":1.14,"speedPercentiles":[16,22,25,27,30,32,34,36,39,41,43,45,47,49,51,53,55,58,63]},{"timeSet":12,"dateRange":1,"harmonicAverageSpeed":19.6,"medianSpeed":32.0,"averageSpeed":32.9,"standardDeviationSpeed":14.0,"travelTimeStandardDeviation":10.64,"sampleSize":1487,"normalizedSampleSize":0.417,"averageTravelTime":2.03,"medianTravelTime":1.25,"travelTimeRatio":1.74,"speedPercentiles":[11,16,19,21,22,25,26,28,30,32,34,36,39,41,43,46,49,51,55]},{"timeSet":13,"dateRange":1,"harmonicAverageSpeed":18.8,"medianSpeed":28.0,"averageSpeed":29.2,"standardDeviationSpeed":13.0,"travelTimeStandardDeviation":4.88,"sampleSize":1851,"normalizedSampleSize":0.5191,"averageTravelTime":2.12,"medianTravelTime":1.42,"travelTimeRatio":1.81,"speedPercentiles":[10,14,16,18,20,22,23,24,26,28,30,32,34,36,39,42,44,46,52]},{"timeSet":14,"dateRange":1,"harmonicAverageSpeed":18.1,"medianSpeed":27.0,"averageSpeed":28.5,"standardDeviationSpeed":12.9,"travelTimeStandardDeviation":5.75,"sampleSize":2037,"normalizedSampleSize":0.5712,"averageTravelTime":2.21,"medianTravelTime":1.48,"travelTimeRatio":1.88,"speedPercentiles":[9,13,16,18,20,21,22,24,25,27,28,30,33,35,37,40,42,46,51]},{"timeSet":15,"dateRange":1,"harmonicAverageSpeed":19.6,"medianSpeed":28.0,"averageSpeed":30.1,"standardDeviationSpeed":13.9,"travelTimeStandardDeviation":2.77,"sampleSize":1849,"normalizedSampleSize":0.5185,"averageTravelTime":2.03,"medianTravelTime":1.42,"travelTimeRatio":1.73,"speedPercentiles":[9,13,16,18,20,22,24,25,27,28,31,33,35,37,40,43,45,49,53]},{"timeSet":16,"dateRange":1,"harmonicAverageSpeed":23.9,"medianSpeed":37.0,"averageSpeed":36.4,"standardDeviationSpeed":15.4,"travelTimeStandardDeviation":3.65,"sampleSize":1383,"normalizedSampleSize":0.3878,"averageTravelTime":1.67,"medianTravelTime":1.08,"travelTimeRatio":1.42,"speedPercentiles":[11,16,20,22,25,27,29,31,34,37,39,42,44,46,48,50,53,56,61]},{"timeSet":17,"dateRange":1,"harmonicAverageSpeed":22.2,"medianSpeed":33.0,"averageSpeed":33.6,"standardDeviationSpeed":14.3,"travelTimeStandardDeviation":2.9,"sampleSize":1582,"normalizedSampleSize":0.4436,"averageTravelTime":1.8,"medianTravelTime":1.21,"travelTimeRatio":1.53,"speedPercentiles":[10,15,18,21,24,25,27,29,31,33,35,38,40,42,44,47,49,52,57]},{"timeSet":18,"dateRange":1,"harmonicAverageSpeed":25.3,"medianSpeed":36.0,"averageSpeed":35.0,"standardDeviationSpeed":12.1,"travelTimeStandardDeviation":3.16,"sampleSize":1698,"normalizedSampleSize":0.4762,"averageTravelTime":1.58,"medianTravelTime":1.11,"travelTimeRatio":1.34,"speedPercentiles":[14,20,22,25,27,29,31,32,34,36,37,39,40,41,43,45,47,50,55]},{"timeSet":19,"dateRange":1,"harmonicAverageSpeed":24.5,"medianSpeed":32.0,"averageSpeed":31.6,"standardDeviationSpeed":11.7,"travelTimeStandardDeviation":1.62,"sampleSize":1794,"normalizedSampleSize":0.5031,"averageTravelTime":1.63,"medianTravelTime":1.25,"travelTimeRatio":1.39,"speedPercentiles":[12,17,20,22,23,25,27,28,30,32,33,35,36,38,39,41,44,47,51]},{"timeSet":20,"dateRange":1,"harmonicAverageSpeed":21.7,"medianSpeed":30.0,"averageSpeed":30.5,"standardDeviationSpeed":11.6,"travelTimeStandardDeviation":4.93,"sampleSize":1941,"normalizedSampleSize":0.5443,"averageTravelTime":1.84,"medianTravelTime":1.33,"travelTimeRatio":1.57,"speedPercentiles":[12,16,19,21,23,24,26,27,28,30,31,33,35,36,38,40,43,46,49]},{"timeSet":21,"dateRange":1,"harmonicAverageSpeed":23.9,"medianSpeed":33.0,"averageSpeed":32.7,"standardDeviationSpeed":11.4,"travelTimeStandardDeviation":3.5,"sampleSize":1824,"normalizedSampleSize":0.5115,"averageTravelTime":1.67,"medianTravelTime":1.21,"travelTimeRatio":1.42,"speedPercentiles":[13,18,21,23,25,27,29,30,32,33,35,36,37,39,40,42,44,46,51]},{"timeSet":22,"dateRange":1,"harmonicAverageSpeed":23.0,"medianSpeed":33.0,"averageSpeed":33.1,"standardDeviationSpeed":12.5,"travelTimeStandardDeviation":3.53,"sampleSize":1582,"normalizedSampleSize":0.4436,"averageTravelTime":1.73,"medianTravelTime":1.21,"travelTimeRatio":1.48,"speedPercentiles":[13,17,20,22,24,26,28,30,32,33,35,37,38,40,42,44,46,48,53]},{"timeSet":23,"dateRange":1,"harmonicAverageSpeed":32.9,"medianSpeed":44.0,"averageSpeed":42.2,"standardDeviationSpeed":13.4,"travelTimeStandardDeviation":1.76,"sampleSize":1078,"normalizedSampleSize":0.3023,"averageTravelTime":1.21,"medianTravelTime":0.91,"travelTimeRatio":1.04,"speedPercentiles":[16,23,29,32,36,38,39,40,42,44,45,46,47,49,51,52,54,58,62]},{"timeSet":24,"dateRange":1,"harmonicAverageSpeed":36.9,"medianSpeed":45.0,"averageSpeed":43.4,"standardDeviationSpeed":13.1,"travelTimeStandardDeviation":0.85,"sampleSize":1105,"normalizedSampleSize":0.3099,"averageTravelTime":1.08,"medianTravelTime":0.89,"travelTimeRatio":0.92,"speedPercentiles":[20,26,29,33,35,38,40,42,43,45,46,47,49,50,52,54,56,59,63]},{"timeSet":25,"dateRange":1,"harmonicAverageSpeed":35.2,"medianSpeed":44.0,"averageSpeed":43.5,"standardDeviationSpeed":13.2,"travelTimeStandardDeviation":1.46,"sampleSize":1318,"normalizedSampleSize":0.3696,"averageTravelTime":1.13,"medianTravelTime":0.91,"travelTimeRatio":0.97,"speedPercentiles":[20,27,30,33,36,38,40,41,43,44,46,47,48,50,51,53,56,59,65]}]}},{"type":"Feature","geometry":{"type":"LineString","coordinates":[[12.46998,41.9472],[12.47002,41.94728]]},"properties":{"segmentId":13800007274498,"newSegmentId":"00004931-3600-0400-0000-0000034922cf","speedLimit":50,"frc":2,"streetName":"Via di Villa Severini","distance":9.95,"segmentTimeResults":[{"timeSet":2,"dateRange":1,"harmonicAverageSpeed":33.4,"medianSpeed":41.0,"averageSpeed":39.8,"standardDeviationSpeed":12.3,"travelTimeStandardDeviation":0.9,"sampleSize":2080,"normalizedSampleSize":0.5833,"averageTravelTime":1.07,"medianTravelTime":0.87,"travelTimeRatio":1.0,"speedPercentiles":[18,24,27,30,32,34,36,38,39,41,42,43,45,46,48,49,51,54,59]},{"timeSet":3,"dateRange":1,"harmonicAverageSpeed":35.6,"medianSpeed":44.0,"averageSpeed":43.2,"standardDeviationSpeed":13.1,"travelTimeStandardDeviation":1.14,"sampleSize":1882,"normalizedSampleSize":0.5278,"averageTravelTime":1.01,"medianTravelTime":0.81,"travelTimeRatio":0.94,"speedPercentiles":[20,26,30,32,35,37,39,41,43,44,46,47,48,50,52,53,56,59,63]},{"timeSet":4,"dateRange":1,"harmonicAverageSpeed":39.5,"medianSpeed":49.0,"averageSpeed":47.4,"standardDeviationSpeed":13.3,"travelTimeStandardDeviation":1.05,"sampleSize":1283,"normalizedSampleSize":0.3598,"averageTravelTime":0.91,"medianTravelTime":0.73,"travelTimeRatio":0.85,"speedPercentiles":[24,30,34,37,40,42,44,46,47,49,50,51,53,54,56,57,59,62,68]},{"timeSet":5,"dateRange":1,"harmonicAverageSpeed":41.6,"medianSpeed":50.0,"averageSpeed":49.7,"standardDeviationSpeed":15.5,"travelTimeStandardDeviation":0.7,"sampleSize":718,"normalizedSampleSize":0.2013,"averageTravelTime":0.86,"medianTravelTime":0.72,"travelTimeRatio":0.8,"speedPercentiles":[22,31,35,38,41,43,46,47,48,50,51,53,55,56,58,61,64,67,74]},{"timeSet":6,"dateRange":1,"harmonicAverageSpeed":40.2,"medianSpeed":50.0,"averageSpeed":48.8,"standardDeviationSpeed":14.8,"travelTimeStandardDeviation":0.89,"sampleSize":805,"normalizedSampleSize":0.2257,"averageTravelTime":0.89,"medianTravelTime":0.72,"travelTimeRatio":0.83,"speedPercentiles":[24,30,35,38,41,43,45,47,48,50,51,53,54,56,58,60,62,65,70]},{"timeSet":7,"dateRange":1,"harmonicAverageSpeed":44.5,"medianSpeed":51.0,"averageSpeed":51.7,"standardDeviationSpeed":15.2,"travelTimeStandardDeviation":0.66,"sampleSize":390,"normalizedSampleSize":0.1094,"averageTravelTime":0.81,"medianTravelTime":0.7,"travelTimeRatio":0.75,"speedPercentiles":[26,34,36,40,43,45,46,48,50,51,53,55,57,59,61,62,65,70,79]},{"timeSet":8,"dateRange":1,"harmonicAverageSpeed":45.3,"medianSpeed":52.0,"averageSpeed":51.2,"standardDeviationSpeed":14.9,"travelTimeStandardDeviation":0.4,"sampleSize":243,"normalizedSampleSize":0.0681,"averageTravelTime":0.79,"medianTravelTime":0.69,"travelTimeRatio":0.74,"speedPercentiles":[27,30,35,40,43,46,47,49,50,52,53,55,57,58,60,62,64,68,73]},{"timeSet":9,"dateRange":1,"harmonicAverageSpeed":38.6,"medianSpeed":50.0,"averageSpeed":48.5,"standardDeviationSpeed":14.6,"travelTimeStandardDeviation":1.37,"sampleSize":420,"normalizedSampleSize":0.1178,"averageTravelTime":0.93,"medianTravelTime":0.72,"travelTimeRatio":0.86,"speedPercentiles":[22,29,33,39,41,43,45,47,48,50,51,53,54,56,57,58,61,64,70]},{"timeSet":10,"dateRange":1,"harmonicAverageSpeed":28.5,"medianSpeed":45.0,"averageSpeed":43.3,"standardDeviationSpeed":16.1,"travelTimeStandardDeviation":4.15,"sampleSize":699,"normalizedSampleSize":0.196,"averageTravelTime":1.26,"medianTravelTime":0.8,"travelTimeRatio":1.17,"speedPercentiles":[15,24,26,28,31,34,37,41,43,45,47,49,50,52,54,56,59,62,69]},{"timeSet":11,"dateRange":1,"harmonicAverageSpeed":33.0,"medianSpeed":40.0,"averageSpeed":40.4,"standardDeviationSpeed":14.1,"travelTimeStandardDeviation":0.87,"sampleSize":1005,"normalizedSampleSize":0.2818,"averageTravelTime":1.08,"medianTravelTime":0.9,"travelTimeRatio":1.01,"speedPercentiles":[18,23,26,28,31,32,34,36,38,40,42,44,46,48,50,52,55,58,63]},{"timeSet":12,"dateRange":1,"harmonicAverageSpeed":24.0,"medianSpeed":32.0,"averageSpeed":33.3,"standardDeviationSpeed":13.4,"travelTimeStandardDeviation":2.34,"sampleSize":1487,"normalizedSampleSize":0.417,"averageTravelTime":1.49,"medianTravelTime":1.12,"travelTimeRatio":1.39,"speedPercentiles":[12,17,20,22,24,26,27,29,31,32,34,36,39,41,43,46,48,51,55]},{"timeSet":13,"dateRange":1,"harmonicAverageSpeed":18.6,"medianSpeed":29.0,"averageSpeed":29.7,"standardDeviationSpeed":12.5,"travelTimeStandardDeviation":5.85,"sampleSize":1846,"normalizedSampleSize":0.5177,"averageTravelTime":1.93,"medianTravelTime":1.24,"travelTimeRatio":1.8,"speedPercentiles":[11,14,17,19,21,22,24,25,27,29,30,32,34,36,38,41,44,46,52]},{"timeSet":14,"dateRange":1,"harmonicAverageSpeed":19.0,"medianSpeed":28.0,"averageSpeed":28.9,"standardDeviationSpeed":12.6,"travelTimeStandardDeviation":3.31,"sampleSize":2035,"normalizedSampleSize":0.5707,"averageTravelTime":1.89,"medianTravelTime":1.28,"travelTimeRatio":1.76,"speedPercentiles":[8,14,17,19,21,22,23,25,26,28,29,31,33,35,37,40,42,46,51]},{"timeSet":15,"dateRange":1,"harmonicAverageSpeed":17.0,"medianSpeed":29.0,"averageSpeed":30.6,"standardDeviationSpeed":13.7,"travelTimeStandardDeviation":6.63,"sampleSize":1847,"normalizedSampleSize":0.5179,"averageTravelTime":2.11,"medianTravelTime":1.24,"travelTimeRatio":1.96,"speedPercentiles":[9,14,17,19,22,23,25,26,28,29,31,34,35,38,40,42,45,49,53]},{"timeSet":16,"dateRange":1,"harmonicAverageSpeed":24.6,"medianSpeed":36.0,"averageSpeed":36.4,"standardDeviationSpeed":15.2,"travelTimeStandardDeviation":2.32,"sampleSize":1385,"normalizedSampleSize":0.3884,"averageTravelTime":1.46,"medianTravelTime":1.0,"travelTimeRatio":1.36,"speedPercentiles":[11,17,20,23,26,28,30,32,34,36,39,41,43,45,48,50,53,56,61]},{"timeSet":17,"dateRange":1,"harmonicAverageSpeed":22.6,"medianSpeed":33.0,"averageSpeed":33.7,"standardDeviationSpeed":14.1,"travelTimeStandardDeviation":2.45,"sampleSize":1583,"normalizedSampleSize":0.4439,"averageTravelTime":1.59,"medianTravelTime":1.09,"travelTimeRatio":1.48,"speedPercentiles":[10,15,19,22,24,26,28,30,31,33,35,37,40,42,44,47,49,52,56]},{"timeSet":18,"dateRange":1,"harmonicAverageSpeed":26.3,"medianSpeed":36.0,"averageSpeed":35.3,"standardDeviationSpeed":11.8,"travelTimeStandardDeviation":2.92,"sampleSize":1699,"normalizedSampleSize":0.4764,"averageTravelTime":1.36,"medianTravelTime":1.0,"travelTimeRatio":1.27,"speedPercentiles":[15,21,23,26,28,29,31,33,34,36,37,39,40,41,43,45,47,49,55]},{"timeSet":19,"dateRange":1,"harmonicAverageSpeed":22.7,"medianSpeed":32.0,"averageSpeed":31.9,"standardDeviationSpeed":11.7,"travelTimeStandardDeviation":2.93,"sampleSize":1794,"normalizedSampleSize":0.5031,"averageTravelTime":1.58,"medianTravelTime":1.12,"travelTimeRatio":1.47,"speedPercentiles":[12,18,20,22,24,26,27,29,31,32,33,35,36,38,39,42,44,46,51]},{"timeSet":20,"dateRange":1,"harmonicAverageSpeed":23.1,"medianSpeed":30.0,"averageSpeed":30.9,"standardDeviationSpeed":11.4,"travelTimeStandardDeviation":2.12,"sampleSize":1935,"normalizedSampleSize":0.5426,"averageTravelTime":1.55,"medianTravelTime":1.19,"travelTimeRatio":1.45,"speedPercentiles":[13,17,20,22,23,25,26,28,29,30,32,33,35,37,39,40,43,46,49]},{"timeSet":21,"dateRange":1,"harmonicAverageSpeed":24.2,"medianSpeed":34.0,"averageSpeed":32.9,"standardDeviationSpeed":11.1,"travelTimeStandardDeviation":2.67,"sampleSize":1823,"normalizedSampleSize":0.5112,"averageTravelTime":1.48,"medianTravelTime":1.05,"travelTimeRatio":1.38,"speedPercentiles":[13,19,22,24,26,28,29,31,32,34,35,36,37,39,40,42,44,46,51]},{"timeSet":22,"dateRange":1,"harmonicAverageSpeed":22.1,"medianSpeed":34.0,"averageSpeed":33.3,"standardDeviationSpeed":12.3,"travelTimeStandardDeviation":3.57,"sampleSize":1574,"normalizedSampleSize":0.4414,"averageTravelTime":1.62,"medianTravelTime":1.05,"travelTimeRatio":1.51,"speedPercentiles":[13,18,21,23,25,27,29,30,32,34,35,37,38,40,42,44,46,48,52]},{"timeSet":23,"dateRange":1,"harmonicAverageSpeed":29.7,"medianSpeed":43.0,"averageSpeed":41.8,"standardDeviationSpeed":13.3,"travelTimeStandardDeviation":2.55,"sampleSize":1078,"normalizedSampleSize":0.3023,"averageTravelTime":1.21,"medianTravelTime":0.83,"travelTimeRatio":1.12,"speedPercentiles":[17,24,29,32,35,37,39,40,41,43,44,46,47,48,50,52,54,57,61]},{"timeSet":24,"dateRange":1,"harmonicAverageSpeed":35.8,"medianSpeed":44.0,"averageSpeed":42.9,"standardDeviationSpeed":13.3,"travelTimeStandardDeviation":0.82,"sampleSize":1105,"normalizedSampleSize":0.3099,"averageTravelTime":1.0,"medianTravelTime":0.81,"travelTimeRatio":0.93,"speedPercentiles":[20,26,29,32,34,37,39,41,43,44,46,47,49,50,52,53,55,58,62]},{"timeSet":25,"dateRange":1,"harmonicAverageSpeed":34.7,"medianSpeed":43.0,"averageSpeed":43.0,"standardDeviationSpeed":13.4,"travelTimeStandardDeviation":1.21,"sampleSize":1316,"normalizedSampleSize":0.369,"averageTravelTime":1.03,"medianTravelTime":0.83,"travelTimeRatio":0.96,"speedPercentiles":[20,26,30,33,35,37,39,41,42,43,45,47,48,49,51,53,55,59,65]}]}},{"type":"Feature","geometry":{"type":"LineString","coordinates":[[12.47002,41.94728],[12.47006,41.94735]]},"properties":{"segmentId":13800006656677,"newSegmentId":"00004931-3600-0400-0000-0000034922d0","speedLimit":50,"frc":2,"streetName":"Via di Villa Severini","distance":8.48,"segmentTimeResults":[{"timeSet":2,"dateRange":1,"harmonicAverageSpeed":31.5,"medianSpeed":40.0,"averageSpeed":39.3,"standardDeviationSpeed":12.7,"travelTimeStandardDeviation":1.02,"sampleSize":2082,"normalizedSampleSize":0.5838,"averageTravelTime":0.97,"medianTravelTime":0.76,"travelTimeRatio":1.0,"speedPercentiles":[17,22,26,29,31,34,36,37,39,40,42,43,45,46,47,49,51,54,58]},{"timeSet":3,"dateRange":1,"harmonicAverageSpeed":33.7,"medianSpeed":44.0,"averageSpeed":42.8,"standardDeviationSpeed":13.3,"travelTimeStandardDeviation":1.29,"sampleSize":1881,"normalizedSampleSize":0.5275,"averageTravelTime":0.91,"medianTravelTime":0.69,"travelTimeRatio":0.93,"speedPercentiles":[19,26,29,32,35,37,39,41,42,44,46,47,48,50,51,53,56,58,62]},{"timeSet":4,"dateRange":1,"harmonicAverageSpeed":37.9,"medianSpeed":48.0,"averageSpeed":47.1,"standardDeviationSpeed":13.5,"travelTimeStandardDeviation":1.06,"sampleSize":1284,"normalizedSampleSize":0.3601,"averageTravelTime":0.81,"medianTravelTime":0.64,"travelTimeRatio":0.83,"speedPercentiles":[24,30,34,37,39,42,44,45,47,48,50,51,52,54,55,57,59,62,68]},{"timeSet":5,"dateRange":1,"harmonicAverageSpeed":39.0,"medianSpeed":49.0,"averageSpeed":49.2,"standardDeviationSpeed":15.6,"travelTimeStandardDeviation":0.9,"sampleSize":718,"normalizedSampleSize":0.2013,"averageTravelTime":0.78,"medianTravelTime":0.62,"travelTimeRatio":0.81,"speedPercentiles":[23,31,34,37,41,43,45,46,48,49,51,53,54,56,58,60,63,67,74]},{"timeSet":6,"dateRange":1,"harmonicAverageSpeed":36.9,"medianSpeed":49.0,"averageSpeed":48.1,"standardDeviationSpeed":14.8,"travelTimeStandardDeviation":1.84,"sampleSize":806,"normalizedSampleSize":0.226,"averageTravelTime":0.83,"medianTravelTime":0.62,"travelTimeRatio":0.85,"speedPercentiles":[23,29,34,37,39,42,45,46,48,49,51,52,54,55,57,59,62,64,70]},{"timeSet":7,"dateRange":1,"harmonicAverageSpeed":43.5,"medianSpeed":51.0,"averageSpeed":51.3,"standardDeviationSpeed":15.1,"travelTimeStandardDeviation":0.72,"sampleSize":390,"normalizedSampleSize":0.1094,"averageTravelTime":0.7,"medianTravelTime":0.6,"travelTimeRatio":0.72,"speedPercentiles":[26,33,36,39,43,44,46,48,50,51,53,55,56,58,61,62,65,69,76]},{"timeSet":8,"dateRange":1,"harmonicAverageSpeed":44.2,"medianSpeed":52.0,"averageSpeed":50.7,"standardDeviationSpeed":15.2,"travelTimeStandardDeviation":0.39,"sampleSize":244,"normalizedSampleSize":0.0684,"averageTravelTime":0.69,"medianTravelTime":0.59,"travelTimeRatio":0.71,"speedPercentiles":[25,29,34,39,42,45,47,49,50,52,53,55,56,58,60,62,64,68,73]},{"timeSet":9,"dateRange":1,"harmonicAverageSpeed":38.1,"medianSpeed":50.0,"averageSpeed":48.0,"standardDeviationSpeed":14.8,"travelTimeStandardDeviation":1.17,"sampleSize":422,"normalizedSampleSize":0.1183,"averageTravelTime":0.8,"medianTravelTime":0.61,"travelTimeRatio":0.83,"speedPercentiles":[22,28,33,37,40,42,45,46,48,50,51,53,54,55,57,58,60,63,70]},{"timeSet":10,"dateRange":1,"harmonicAverageSpeed":27.7,"medianSpeed":45.0,"averageSpeed":43.1,"standardDeviationSpeed":16.3,"travelTimeStandardDeviation":2.83,"sampleSize":699,"normalizedSampleSize":0.196,"averageTravelTime":1.1,"medianTravelTime":0.68,"travelTimeRatio":1.14,"speedPercentiles":[13,23,26,29,31,34,37,40,43,45,47,49,50,52,53,56,58,62,70]},{"timeSet":11,"dateRange":1,"harmonicAverageSpeed":31.3,"medianSpeed":40.0,"averageSpeed":40.1,"standardDeviationSpeed":14.4,"travelTimeStandardDeviation":0.94,"sampleSize":1003,"normalizedSampleSize":0.2813,"averageTravelTime":0.98,"medianTravelTime":0.76,"travelTimeRatio":1.01,"speedPercentiles":[17,22,26,28,30,32,34,36,38,40,42,44,46,48,50,52,55,58,63]},{"timeSet":12,"dateRange":1,"harmonicAverageSpeed":22.5,"medianSpeed":32.0,"averageSpeed":33.2,"standardDeviationSpeed":13.3,"travelTimeStandardDeviation":2.64,"sampleSize":1490,"normalizedSampleSize":0.4178,"averageTravelTime":1.35,"medianTravelTime":0.95,"travelTimeRatio":1.4,"speedPercentiles":[12,17,20,22,24,26,28,29,31,32,34,36,38,41,43,45,48,51,54]},{"timeSet":13,"dateRange":1,"harmonicAverageSpeed":18.3,"medianSpeed":29.0,"averageSpeed":30.0,"standardDeviationSpeed":12.3,"travelTimeStandardDeviation":4.44,"sampleSize":1846,"normalizedSampleSize":0.5177,"averageTravelTime":1.67,"medianTravelTime":1.05,"travelTimeRatio":1.72,"speedPercentiles":[10,15,17,20,22,23,25,26,28,29,31,32,34,36,38,41,43,46,51]},{"timeSet":14,"dateRange":1,"harmonicAverageSpeed":17.0,"medianSpeed":28.0,"averageSpeed":28.9,"standardDeviationSpeed":12.7,"travelTimeStandardDeviation":4.02,"sampleSize":2040,"normalizedSampleSize":0.5721,"averageTravelTime":1.8,"medianTravelTime":1.09,"travelTimeRatio":1.86,"speedPercentiles":[7,13,16,19,21,22,24,25,27,28,30,32,33,35,37,39,42,45,51]},{"timeSet":15,"dateRange":1,"harmonicAverageSpeed":18.9,"medianSpeed":31.0,"averageSpeed":31.1,"standardDeviationSpeed":13.6,"travelTimeStandardDeviation":3.43,"sampleSize":1850,"normalizedSampleSize":0.5188,"averageTravelTime":1.62,"medianTravelTime":0.98,"travelTimeRatio":1.67,"speedPercentiles":[9,13,17,20,22,24,26,27,29,31,32,34,36,38,40,43,45,49,53]},{"timeSet":16,"dateRange":1,"harmonicAverageSpeed":21.4,"medianSpeed":36.0,"averageSpeed":36.4,"standardDeviationSpeed":15.2,"travelTimeStandardDeviation":3.46,"sampleSize":1386,"normalizedSampleSize":0.3887,"averageTravelTime":1.43,"medianTravelTime":0.85,"travelTimeRatio":1.47,"speedPercentiles":[10,16,20,24,26,29,30,32,34,36,39,41,43,45,47,50,52,56,60]},{"timeSet":17,"dateRange":1,"harmonicAverageSpeed":21.2,"medianSpeed":33.0,"averageSpeed":33.6,"standardDeviationSpeed":14.1,"travelTimeStandardDeviation":2.6,"sampleSize":1586,"normalizedSampleSize":0.4448,"averageTravelTime":1.44,"medianTravelTime":0.93,"travelTimeRatio":1.48,"speedPercentiles":[10,15,19,22,24,26,28,30,31,33,35,37,39,42,44,46,49,52,56]},{"timeSet":18,"dateRange":1,"harmonicAverageSpeed":24.7,"medianSpeed":36.0,"averageSpeed":35.5,"standardDeviationSpeed":11.9,"travelTimeStandardDeviation":3.23,"sampleSize":1700,"normalizedSampleSize":0.4767,"averageTravelTime":1.24,"medianTravelTime":0.85,"travelTimeRatio":1.28,"speedPercentiles":[15,20,23,26,28,30,32,33,35,36,38,39,40,42,43,45,47,49,54]},{"timeSet":19,"dateRange":1,"harmonicAverageSpeed":22.2,"medianSpeed":32.0,"averageSpeed":32.2,"standardDeviationSpeed":11.7,"travelTimeStandardDeviation":3.0,"sampleSize":1795,"normalizedSampleSize":0.5034,"averageTravelTime":1.37,"medianTravelTime":0.95,"travelTimeRatio":1.42,"speedPercentiles":[12,17,21,23,25,27,28,29,31,32,34,35,37,38,40,42,44,46,51]},{"timeSet":20,"dateRange":1,"harmonicAverageSpeed":19.3,"medianSpeed":31.0,"averageSpeed":31.0,"standardDeviationSpeed":11.7,"travelTimeStandardDeviation":4.03,"sampleSize":1937,"normalizedSampleSize":0.5432,"averageTravelTime":1.58,"medianTravelTime":0.98,"travelTimeRatio":1.63,"speedPercentiles":[12,17,20,22,24,25,27,28,29,31,32,34,35,37,39,41,43,46,49]},{"timeSet":21,"dateRange":1,"harmonicAverageSpeed":22.4,"medianSpeed":34.0,"averageSpeed":32.7,"standardDeviationSpeed":11.4,"travelTimeStandardDeviation":2.65,"sampleSize":1826,"normalizedSampleSize":0.5121,"averageTravelTime":1.36,"medianTravelTime":0.9,"travelTimeRatio":1.41,"speedPercentiles":[13,18,21,24,26,27,29,31,32,34,35,36,37,39,40,42,44,46,51]},{"timeSet":22,"dateRange":1,"harmonicAverageSpeed":21.0,"medianSpeed":34.0,"averageSpeed":33.4,"standardDeviationSpeed":12.5,"travelTimeStandardDeviation":3.37,"sampleSize":1575,"normalizedSampleSize":0.4417,"averageTravelTime":1.46,"medianTravelTime":0.9,"travelTimeRatio":1.5,"speedPercentiles":[11,18,21,23,25,27,29,31,32,34,35,37,38,40,42,43,46,48,52]},{"timeSet":23,"dateRange":1,"harmonicAverageSpeed":24.9,"medianSpeed":42.0,"averageSpeed":41.4,"standardDeviationSpeed":13.2,"travelTimeStandardDeviation":7.92,"sampleSize":1077,"normalizedSampleSize":0.302,"averageTravelTime":1.22,"medianTravelTime":0.73,"travelTimeRatio":1.26,"speedPercentiles":[17,24,28,31,34,36,38,39,41,42,44,45,47,48,50,51,54,56,61]},{"timeSet":24,"dateRange":1,"harmonicAverageSpeed":31.7,"medianSpeed":44.0,"averageSpeed":42.5,"standardDeviationSpeed":13.6,"travelTimeStandardDeviation":2.49,"sampleSize":1101,"normalizedSampleSize":0.3087,"averageTravelTime":0.96,"medianTravelTime":0.69,"travelTimeRatio":0.99,"speedPercentiles":[19,25,28,31,34,36,38,41,43,44,46,47,48,50,51,53,55,58,62]},{"timeSet":25,"dateRange":1,"harmonicAverageSpeed":31.7,"medianSpeed":43.0,"averageSpeed":42.4,"standardDeviationSpeed":13.8,"travelTimeStandardDeviation":1.92,"sampleSize":1317,"normalizedSampleSize":0.3693,"averageTravelTime":0.96,"medianTravelTime":0.71,"travelTimeRatio":0.99,"speedPercentiles":[17,24,29,32,34,37,39,40,42,43,45,46,48,49,51,53,55,58,64]}]}}]}