{"type":"FeatureCollection","features":[{"type":"Feature","geometry":null,"properties":{"jobName":"Corso Francia_Festivi_MC","creationTime":"2026-02-19T14:32:04.700612629Z","userPreference":{"distanceUnit":"KILOMETERS","includedSpeedLimits":"ALL"},"dateRanges":[{"@id":1,"name":"Corso Francia","from":"2026-02-01","to":"2026-02-15","exclusions":[],"excludedDaysOfWeek":["MONDAY","TUESDAY","WEDNESDAY","THURSDAY","FRIDAY"]}],"timeSets":[{"@id":2,"name":"0:00-1:00","dayToTimeRanges":[{"dayOfWeek":"MONDAY","timeRanges":["00:00-01:00"]},{"dayOfWeek":"TUESDAY","timeRanges":["00:00-01:00"]},{"dayOfWeek":"WEDNESDAY","timeRanges":["00:00-01:00"]},{"dayOfWeek":"THURSDAY","timeRanges":["00:00-01:00"]},{"dayOfWeek":"FRIDAY","timeRanges":["00:00-01:00"]},{"dayOfWeek":"SATURDAY","timeRanges":["00:00-01:00"]},{"dayOfWeek":"SUNDAY","timeRanges":["00:00-01:00"]}]},{"@id":3,"name":"1:00-2:00","dayToTimeRanges":[{"dayOfWeek":"MONDAY","timeRanges":["01:00-02:00"]},{"dayOfWeek":"TUESDAY","timeRanges":["01:00-02:00"]},{"dayOfWeek":"WEDNESDAY","timeRanges":["01:00-02:00"]},{"dayOfWeek":"THURSDAY","timeRanges":["01:00-02:00"]},{"dayOfWeek":"FRIDAY","timeRanges":["01:00-02:00"]},{"dayOfWeek":"SATURDAY","timeRanges":["01:00-02:00"]},{"dayOfWeek":"SUNDAY","timeRanges":["01:00-02:00"]}]},{"@id":4,"name":"2:00-3:00","dayToTimeRanges":[{"dayOfWeek":"MONDAY","timeRanges":["02:00-03:00"]},{"dayOfWeek":"TUESDAY","timeRanges":["02:00-03:00"]},{"dayOfWeek":"WEDNESDAY","timeRanges":["02:00-03:00"]},{"dayOfWeek":"THURSDAY","timeRanges":["02:00-03:00"]},{"dayOfWeek":"FRIDAY","timeRanges":["02:00-03:00"]},{"dayOfWeek":"SATURDAY","timeRanges":["02:00-03:00"]},{"dayOfWeek":"SUNDAY","timeRanges":["02:00-03:00"]}]},{"@id":5,"name":"3:00-4:00","dayToTimeRanges":[{"dayOfWeek":"MONDAY","timeRanges":["03:00-04:00"]},{"dayOfWeek":"TUESDAY","timeRanges":["03:00-04:00"]},{"dayOfWeek":"WEDNESDAY","timeRanges":["03:00-04:00"]},{"dayOfWeek":"THURSDAY","timeRanges":["03:00-04:00"]},{"dayOfWeek":"FRIDAY","timeRanges":["03:00-04:00"]},{"dayOfWeek":"SATURDAY","timeRanges":["03:00-04:00"]},{"dayOfWeek":"SUNDAY","timeRanges":["03:00-04:00"]}]},{"@id":6,"name":"4:00-5:00","dayToTimeRanges":[{"dayOfWeek":"MONDAY","timeRanges":["04:00-05:00"]},{"dayOfWeek":"TUESDAY","timeRanges":["04:00-05:00"]},{"dayOfWeek":"WEDNESDAY","timeRanges":["04:00-05:00"]},{"dayOfWeek":"THURSDAY","timeRanges":["04:00-05:00"]},{"dayOfWeek":"FRIDAY","timeRanges":["04:00-05:00"]},{"dayOfWeek":"SATURDAY","timeRanges":["04:00-05:00"]},{"dayOfWeek":"SUNDAY","timeRanges":["04:00-05:00"]}]},{"@id":7,"name":"5:00-6:00","dayToTimeRanges":[{"dayOfWeek":"MONDAY","timeRanges":["05:00-06:00"]},{"dayOfWeek":"TUESDAY","timeRanges":["05:00-06:00"]},{"dayOfWeek":"WEDNESDAY","timeRanges":["05:00-06:00"]},{"dayOfWeek":"THURSDAY","timeRanges":["05:00-06:00"]},{"dayOfWeek":"FRIDAY","timeRanges":["05:00-06:00"]},{"dayOfWeek":"SATURDAY","timeRanges":["05:00-06:00"]},{"dayOfWeek":"SUNDAY","timeRanges":["05:00-06:00"]}]},{"@id":8,"name":"6:00-7:00","dayToTimeRanges":[{"dayOfWeek":"MONDAY","timeRanges":["06:00-07:00"]},{"dayOfWeek":"TUESDAY","timeRanges":["06:00-07:00"]},{"dayOfWeek":"WEDNESDAY","timeRanges":["06:00-07:00"]},{"dayOfWeek":"THURSDAY","timeRanges":["06:00-07:00"]},{"dayOfWeek":"FRIDAY","timeRanges":["06:00-07:00"]},{"dayOfWeek":"SATURDAY","timeRanges":["06:00-07:00"]},{"dayOfWeek":"SUNDAY","timeRanges":["06:00-07:00"]}]},{"@id":9,"name":"7:00-8:00","dayToTimeRanges":[{"dayOfWeek":"MONDAY","timeRanges":["07:00-08:00"]},{"dayOfWeek":"TUESDAY","timeRanges":["07:00-08:00"]},{"dayOfWeek":"WEDNESDAY","timeRanges":["07:00-08:00"]},{"dayOfWeek":"THURSDAY","timeRanges":["07:00-08:00"]},{"dayOfWeek":"FRIDAY","timeRanges":["07:00-08:00"]},{"dayOfWeek":"SATURDAY","timeRanges":["07:00-08:00"]},{"dayOfWeek":"SUNDAY","timeRanges":["07:00-08:00"]}]},{"@id":10,"name":"8:00-9:00","dayToTimeRanges":[{"dayOfWeek":"MONDAY","timeRanges":["08:00-09:00"]},{"dayOfWeek":"TUESDAY","timeRanges":["08:00-09:00"]},{"dayOfWeek":"WEDNESDAY","timeRanges":["08:00-09:00"]},{"dayOfWeek":"THURSDAY","timeRanges":["08:00-09:00"]},{"dayOfWeek":"FRIDAY","timeRanges":["08:00-09:00"]},{"dayOfWeek":"SATURDAY","timeRanges":["08:00-09:00"]},{"dayOfWeek":"SUNDAY","timeRanges":["08:00-09:00"]}]},{"@id":11,"name":"9:00-10:00","dayToTimeRanges":[{"dayOfWeek":"MONDAY","timeRanges":["09:00-10:00"]},{"dayOfWeek":"TUESDAY","timeRanges":["09:00-10:00"]},{"dayOfWeek":"WEDNESDAY","timeRanges":["09:00-10:00"]},{"dayOfWeek":"THURSDAY","timeRanges":["09:00-10:00"]},{"dayOfWeek":"FRIDAY","timeRanges":["09:00-10:00"]},{"dayOfWeek":"SATURDAY","timeRanges":["09:00-10:00"]},{"dayOfWeek":"SUNDAY","timeRanges":["09:00-10:00"]}]},{"@id":12,"name":"10:00-11:00","dayToTimeRanges":[{"dayOfWeek":"MONDAY","timeRanges":["10:00-11:00"]},{"dayOfWeek":"TUESDAY","timeRanges":["10:00-11:00"]},{"dayOfWeek":"WEDNESDAY","timeRanges":["10:00-11:00"]},{"dayOfWeek":"THURSDAY","timeRanges":["10:00-11:00"]},{"dayOfWeek":"FRIDAY","timeRanges":["10:00-11:00"]},{"dayOfWeek":"SATURDAY","timeRanges":["10:00-11:00"]},{"dayOfWeek":"SUNDAY","timeRanges":["10:00-11:00"]}]},{"@id":13,"name":"11:00-12:00","dayToTimeRanges":[{"dayOfWeek":"MONDAY","timeRanges":["11:00-12:00"]},{"dayOfWeek":"TUESDAY","timeRanges":["11:00-12:00"]},{"dayOfWeek":"WEDNESDAY","timeRanges":["11:00-12:00"]},{"dayOfWeek":"THURSDAY","timeRanges":["11:00-12:00"]},{"dayOfWeek":"FRIDAY","timeRanges":["11:00-12:00"]},{"dayOfWeek":"SATURDAY","timeRanges":["11:00-12:00"]},{"dayOfWeek":"SUNDAY","timeRanges":["11:00-12:00"]}]},{"@id":14,"name":"12:00-13:00","dayToTimeRanges":[{"dayOfWeek":"MONDAY","timeRanges":["12:00-13:00"]},{"dayOfWeek":"TUESDAY","timeRanges":["12:00-13:00"]},{"dayOfWeek":"WEDNESDAY","timeRanges":["12:00-13:00"]},{"dayOfWeek":"THURSDAY","timeRanges":["12:00-13:00"]},{"dayOfWeek":"FRIDAY","timeRanges":["12:00-13:00"]},{"dayOfWeek":"SATURDAY","timeRanges":["12:00-13:00"]},{"dayOfWeek":"SUNDAY","timeRanges":["12:00-13:00"]}]},{"@id":15,"name":"13:00-14:00","dayToTimeRanges":[{"dayOfWeek":"MONDAY","timeRanges":["13:00-14:00"]},{"dayOfWeek":"TUESDAY","timeRanges":["13:00-14:00"]},{"dayOfWeek":"WEDNESDAY","timeRanges":["13:00-14:00"]},{"dayOfWeek":"THURSDAY","timeRanges":["13:00-14:00"]},{"dayOfWeek":"FRIDAY","timeRanges":["13:00-14:00"]},{"dayOfWeek":"SATURDAY","timeRanges":["13:00-14:00"]},{"dayOfWeek":"SUNDAY","timeRanges":["13:00-14:00"]}]},{"@id":16,"name":"14:00-15:00","dayToTimeRanges":[{"dayOfWeek":"MONDAY","timeRanges":["14:00-15:00"]},{"dayOfWeek":"TUESDAY","timeRanges":["14:00-15:00"]},{"dayOfWeek":"WEDNESDAY","timeRanges":["14:00-15:00"]},{"dayOfWeek":"THURSDAY","timeRanges":["14:00-15:00"]},{"dayOfWeek":"FRIDAY","timeRanges":["14:00-15:00"]},{"dayOfWeek":"SATURDAY","timeRanges":["14:00-15:00"]},{"dayOfWeek":"SUNDAY","timeRanges":["14:00-15:00"]}]},{"@id":17,"name":"15:00-16:00","dayToTimeRanges":[{"dayOfWeek":"MONDAY","timeRanges":["15:00-16:00"]},{"dayOfWeek":"TUESDAY","timeRanges":["15:00-16:00"]},{"dayOfWeek":"WEDNESDAY","timeRanges":["15:00-16:00"]},{"dayOfWeek":"THURSDAY","timeRanges":["15:00-16:00"]},{"dayOfWeek":"FRIDAY","timeRanges":["15:00-16:00"]},{"dayOfWeek":"SATURDAY","timeRanges":["15:00-16:00"]},{"dayOfWeek":"SUNDAY","timeRanges":["15:00-16:00"]}]},{"@id":18,"name":"16:00-17:00","dayToTimeRanges":[{"dayOfWeek":"MONDAY","timeRanges":["16:00-17:00"]},{"dayOfWeek":"TUESDAY","timeRanges":["16:00-17:00"]},{"dayOfWeek":"WEDNESDAY","timeRanges":["16:00-17:00"]},{"dayOfWeek":"THURSDAY","timeRanges":["16:00-17:00"]},{"dayOfWeek":"FRIDAY","timeRanges":["16:00-17:00"]},{"dayOfWeek":"SATURDAY","timeRanges":["16:00-17:00"]},{"dayOfWeek":"SUNDAY","timeRanges":["16:00-17:00"]}]},{"@id":19,"name":"17:00-18:00","dayToTimeRanges":[{"dayOfWeek":"MONDAY","timeRanges":["17:00-18:00"]},{"dayOfWeek":"TUESDAY","timeRanges":["17:00-18:00"]},{"dayOfWeek":"WEDNESDAY","timeRanges":["17:00-18:00"]},{"dayOfWeek":"THURSDAY","timeRanges":["17:00-18:00"]},{"dayOfWeek":"FRIDAY","timeRanges":["17:00-18:00"]},{"dayOfWeek":"SATURDAY","timeRanges":["17:00-18:00"]},{"dayOfWeek":"SUNDAY","timeRanges":["17:00-18:00"]}]},{"@id":20,"name":"18:00-19:00","dayToTimeRanges":[{"dayOfWeek":"MONDAY","timeRanges":["18:00-19:00"]},{"dayOfWeek":"TUESDAY","timeRanges":["18:00-19:00"]},{"dayOfWeek":"WEDNESDAY","timeRanges":["18:00-19:00"]},{"dayOfWeek":"THURSDAY","timeRanges":["18:00-19:00"]},{"dayOfWeek":"FRIDAY","timeRanges":["18:00-19:00"]},{"dayOfWeek":"SATURDAY","timeRanges":["18:00-19:00"]},{"dayOfWeek":"SUNDAY","timeRanges":["18:00-19:00"]}]},{"@id":21,"name":"19:00-20:00","dayToTimeRanges":[{"dayOfWeek":"MONDAY","timeRanges":["19:00-20:00"]},{"dayOfWeek":"TUESDAY","timeRanges":["19:00-20:00"]},{"dayOfWeek":"WEDNESDAY","timeRanges":["19:00-20:00"]},{"dayOfWeek":"THURSDAY","timeRanges":["19:00-20:00"]},{"dayOfWeek":"FRIDAY","timeRanges":["19:00-20:00"]},{"dayOfWeek":"SATURDAY","timeRanges":["19:00-20:00"]},{"dayOfWeek":"SUNDAY","timeRanges":["19:00-20:00"]}]},{"@id":22,"name":"20:00-21:00","dayToTimeRanges":[{"dayOfWeek":"MONDAY","timeRanges":["20:00-21:00"]},{"dayOfWeek":"TUESDAY","timeRanges":["20:00-21:00"]},{"dayOfWeek":"WEDNESDAY","timeRanges":["20:00-21:00"]},{"dayOfWeek":"THURSDAY","timeRanges":["20:00-21:00"]},{"dayOfWeek":"FRIDAY","timeRanges":["20:00-21:00"]},{"dayOfWeek":"SATURDAY","timeRanges":["20:00-21:00"]},{"dayOfWeek":"SUNDAY","timeRanges":["20:00-21:00"]}]},{"@id":23,"name":"21:00-22:00","dayToTimeRanges":[{"dayOfWeek":"MONDAY","timeRanges":["21:00-22:00"]},{"dayOfWeek":"TUESDAY","timeRanges":["21:00-22:00"]},{"dayOfWeek":"WEDNESDAY","timeRanges":["21:00-22:00"]},{"dayOfWeek":"THURSDAY","timeRanges":["21:00-22:00"]},{"dayOfWeek":"FRIDAY","timeRanges":["21:00-22:00"]},{"dayOfWeek":"SATURDAY","timeRanges":["21:00-22:00"]},{"dayOfWeek":"SUNDAY","timeRanges":["21:00-22:00"]}]},{"@id":24,"name":"22:00-23:00","dayToTimeRanges":[{"dayOfWeek":"MONDAY","timeRanges":["22:00-23:00"]},{"dayOfWeek":"TUESDAY","timeRanges":["22:00-23:00"]},{"dayOfWeek":"WEDNESDAY","timeRanges":["22:00-23:00"]},{"dayOfWeek":"THURSDAY","timeRanges":["22:00-23:00"]},{"dayOfWeek":"FRIDAY","timeRanges":["22:00-23:00"]},{"dayOfWeek":"SATURDAY","timeRanges":["22:00-23:00"]},{"dayOfWeek":"SUNDAY","timeRanges":["22:00-23:00"]}]},{"@id":25,"name":"23:00-24:00","dayToTimeRanges":[{"dayOfWeek":"MONDAY","timeRanges":["23:00-24:00"]},{"dayOfWeek":"TUESDAY","timeRanges":["23:00-24:00"]},{"dayOfWeek":"WEDNESDAY","timeRanges":["23:00-24:00"]},{"dayOfWeek":"THURSDAY","timeRanges":["23:00-24:00"]},{"dayOfWeek":"FRIDAY","timeRanges":["23:00-24:00"]},{"dayOfWeek":"SATURDAY","timeRanges":["23:00-24:00"]},{"dayOfWeek":"SUNDAY","timeRanges":["23:00-24:00"]}]}],"routeName":"Corso Francia_Dir.Centro","zoneId":"Europe/Rome","probeSource":"ALL","fullTraversal":false,"mapsVersions":["SouthWestEurope_eur2025.12.000-22.395-0 DSEG_NOSPLIT"],"summaries":[{"dateRange":1,"timeSet":2,"distance":2494.86,"coveredDistance":2494.86,"averageSampleSize":1950.33,"harmonicAverageSpeed":40.94,"averageTravelTime":219.38,"medianTravelTime":164.28,"averageTravelTimeRatio":1.0,"planningTimeIndex":2.32,"travelTimePercentiles":[108.47,118.34,125.26,130.81,135.95,141.38,146.44,151.88,157.91,164.28,171.78,181.03,192.56,206.92,229.59,258.63,306.45,373.7,508.11],"speedPercentiles":[17.68,24.03,29.31,34.73,39.12,43.41,46.64,49.61,52.29,54.67,56.88,59.14,61.33,63.53,66.07,68.66,71.7,75.9,82.8]},{"dateRange":1,"timeSet":3,"distance":2494.86,"coveredDistance":2494.86,"averageSampleSize":1226.68,"harmonicAverageSpeed":41.08,"averageTravelTime":218.65,"medianTravelTime":160.87,"averageTravelTimeRatio":1.0,"planningTimeIndex":2.31,"travelTimePercentiles":[105.7,115.23,122.07,128.08,133.07,138.02,143.26,148.85,154.85,160.87,167.76,177.18,189.15,206.86,233.11,270.9,316.89,388.49,506.9],"speedPercentiles":[17.72,23.12,28.34,33.15,38.53,43.42,47.48,50.69,53.54,55.83,58.0,60.34,62.69,65.07,67.49,70.12,73.57,77.94,84.97]},{"dateRange":1,"timeSet":4,"distance":2494.86,"coveredDistance":2494.86,"averageSampleSize":779.16,"harmonicAverageSpeed":41.58,"averageTravelTime":216.03,"medianTravelTime":156.58,"averageTravelTimeRatio":0.98,"planningTimeIndex":2.29,"travelTimePercentiles":[102.45,111.55,117.96,123.5,128.31,133.7,138.86,144.6,150.48,156.58,164.2,172.23,185.27,203.39,231.17,265.57,315.66,386.8,503.35],"speedPercentiles":[17.84,23.22,28.45,33.82,38.85,44.16,48.48,52.15,54.7,57.36,59.69,62.11,64.68,67.18,70.0,72.72,76.14,80.51,87.66]},{"dateRange":1,"timeSet":5,"distance":2494.86,"coveredDistance":2494.86,"averageSampleSize":417.26,"harmonicAverageSpeed":41.65,"averageTravelTime":215.66,"medianTravelTime":153.99,"averageTravelTimeRatio":0.98,"planningTimeIndex":2.28,"travelTimePercentiles":[101.38,110.15,116.53,121.82,126.61,131.79,137.04,142.02,147.57,153.99,160.45,168.81,179.91,197.94,220.96,260.38,314.36,381.14,501.17],"speedPercentiles":[17.92,23.56,28.57,34.49,40.65,45.37,49.92,53.2,55.98,58.32,60.86,63.24,65.54,68.15,70.94,73.73,77.08,81.54,88.59]},{"dateRange":1,"timeSet":6,"distance":2494.86,"coveredDistance":2494.86,"averageSampleSize":365.81,"harmonicAverageSpeed":41.48,"averageTravelTime":216.55,"medianTravelTime":154.02,"averageTravelTimeRatio":0.99,"planningTimeIndex":2.37,"travelTimePercentiles":[99.54,107.82,114.66,120.74,126.56,131.16,136.17,141.51,147.26,154.02,161.7,171.48,186.5,206.57,237.51,276.61,319.66,381.63,519.99],"speedPercentiles":[17.27,23.53,28.1,32.47,37.82,43.48,48.16,52.38,55.55,58.31,60.99,63.47,65.96,68.48,70.97,74.38,78.33,83.3,90.23]},{"dateRange":1,"timeSet":7,"distance":2494.86,"coveredDistance":2494.86,"averageSampleSize":339.11,"harmonicAverageSpeed":43.62,"averageTravelTime":205.9,"medianTravelTime":147.01,"averageTravelTimeRatio":0.94,"planningTimeIndex":2.22,"travelTimePercentiles":[101.15,107.9,113.04,117.71,121.95,126.41,130.89,135.46,140.48,147.01,154.59,162.98,173.46,189.62,216.8,253.83,301.11,366.4,487.64],"speedPercentiles":[18.42,24.51,29.83,35.38,41.43,47.37,51.78,55.11,58.1,61.1,63.93,66.3,68.62,71.05,73.65,76.3,79.45,83.24,88.79]},{"dateRange":1,"timeSet":8,"distance":2494.86,"coveredDistance":2494.86,"averageSampleSize":445.89,"harmonicAverageSpeed":46.28,"averageTravelTime":194.07,"medianTravelTime":148.38,"averageTravelTimeRatio":0.88,"planningTimeIndex":2.12,"travelTimePercentiles":[100.91,109.29,115.81,120.45,124.81,129.34,133.57,138.07,143.15,148.38,154.36,161.18,170.0,181.58,196.02,215.59,244.38,312.25,465.42],"speedPercentiles":[19.3,28.76,36.75,41.66,45.82,49.46,52.83,55.72,58.19,60.53,62.74,65.05,67.24,69.44,71.96,74.56,77.56,82.18,89.01]},{"dateRange":1,"timeSet":9,"distance":2494.86,"coveredDistance":2494.86,"averageSampleSize":612.02,"harmonicAverageSpeed":46.54,"averageTravelTime":193.0,"medianTravelTime":148.76,"averageTravelTimeRatio":0.88,"planningTimeIndex":2.1,"travelTimePercentiles":[106.06,113.3,118.86,123.29,127.5,131.5,135.13,139.29,144.11,148.76,154.55,161.53,170.06,180.16,192.6,212.61,240.61,301.31,460.86],"speedPercentiles":[19.49,29.81,37.33,42.24,46.63,49.85,52.81,55.6,58.11,60.37,62.32,64.48,66.46,68.3,70.44,72.85,75.57,79.27,84.68]},{"dateRange":1,"timeSet":10,"distance":2494.86,"coveredDistance":2494.86,"averageSampleSize":1038.84,"harmonicAverageSpeed":43.65,"averageTravelTime":205.75,"medianTravelTime":156.57,"averageTravelTimeRatio":0.94,"planningTimeIndex":2.26,"travelTimePercentiles":[108.51,116.77,122.59,127.82,132.52,136.97,141.36,145.94,150.65,156.57,162.77,170.36,180.5,192.57,208.27,228.33,259.68,335.75,496.23],"speedPercentiles":[18.1,26.75,34.59,39.34,43.12,46.64,49.76,52.72,55.18,57.36,59.62,61.54,63.54,65.57,67.78,70.27,73.27,76.91,82.77]},{"dateRange":1,"timeSet":11,"distance":2494.86,"coveredDistance":2494.86,"averageSampleSize":1652.89,"harmonicAverageSpeed":39.0,"averageTravelTime":230.3,"medianTravelTime":171.84,"averageTravelTimeRatio":1.05,"planningTimeIndex":2.58,"travelTimePercentiles":[116.6,125.34,132.28,138.39,143.84,149.11,154.58,159.47,165.56,171.84,180.44,190.15,203.47,219.05,235.98,257.63,293.7,375.42,565.97],"speedPercentiles":[15.87,23.92,30.58,34.86,38.06,41.0,44.14,47.23,49.77,52.27,54.25,56.32,58.1,60.23,62.44,64.9,67.9,71.65,77.03]},{"dateRange":1,"timeSet":12,"distance":2494.86,"coveredDistance":2494.86,"averageSampleSize":2115.75,"harmonicAverageSpeed":35.82,"averageTravelTime":250.73,"medianTravelTime":183.36,"averageTravelTimeRatio":1.14,"planningTimeIndex":2.88,"travelTimePercentiles":[123.75,133.48,140.82,146.86,152.75,158.15,163.95,170.16,175.94,183.36,193.18,205.9,219.63,235.25,255.53,280.57,319.19,417.59,631.09],"speedPercentiles":[14.23,21.51,28.14,32.01,35.15,38.18,40.89,43.62,46.49,48.98,51.05,52.78,54.78,56.79,58.8,61.16,63.78,67.29,72.58]},{"dateRange":1,"timeSet":13,"distance":2494.86,"coveredDistance":2494.86,"averageSampleSize":2335.16,"harmonicAverageSpeed":35.97,"averageTravelTime":249.71,"medianTravelTime":187.66,"averageTravelTimeRatio":1.14,"planningTimeIndex":2.83,"travelTimePercentiles":[124.89,135.37,142.6,149.77,155.86,161.56,167.55,173.31,180.1,187.66,196.73,206.37,219.37,236.62,254.98,280.04,317.0,400.26,620.92],"speedPercentiles":[14.46,22.44,28.33,32.07,35.22,37.96,40.94,43.52,45.65,47.86,49.87,51.82,53.6,55.59,57.63,59.97,62.98,66.35,71.91]},{"dateRange":1,"timeSet":14,"distance":2494.86,"coveredDistance":2494.86,"averageSampleSize":2863.77,"harmonicAverageSpeed":34.82,"averageTravelTime":257.94,"medianTravelTime":189.22,"averageTravelTimeRatio":1.18,"planningTimeIndex":3.13,"travelTimePercentiles":[125.3,135.82,143.86,150.85,156.8,162.75,169.27,174.87,181.44,189.22,197.15,208.33,222.26,239.02,262.0,290.43,334.78,422.94,687.57],"speedPercentiles":[13.06,21.24,26.83,30.92,34.28,37.58,40.41,43.11,45.56,47.47,49.5,51.36,53.06,55.18,57.28,59.54,62.43,66.13,71.68]},{"dateRange":1,"timeSet":15,"distance":2494.86,"coveredDistance":2494.86,"averageSampleSize":2480.63,"harmonicAverageSpeed":38.14,"averageTravelTime":235.47,"medianTravelTime":175.47,"averageTravelTimeRatio":1.07,"planningTimeIndex":2.66,"travelTimePercentiles":[116.81,127.15,134.75,141.01,146.89,152.53,157.92,163.04,168.73,175.47,183.6,192.96,205.35,220.41,241.0,264.81,302.96,379.25,583.64],"speedPercentiles":[15.39,23.68,29.65,33.92,37.27,40.75,43.74,46.55,48.92,51.18,53.23,55.09,56.88,58.88,61.14,63.7,66.65,70.64,76.89]},{"dateRange":1,"timeSet":16,"distance":2494.86,"coveredDistance":2494.86,"averageSampleSize":1904.51,"harmonicAverageSpeed":40.16,"averageTravelTime":223.63,"medianTravelTime":168.98,"averageTravelTimeRatio":1.02,"planningTimeIndex":2.48,"travelTimePercentiles":[114.53,123.38,129.89,135.95,141.3,146.52,152.1,157.02,162.86,168.98,176.26,185.73,196.96,210.43,230.45,252.42,285.07,349.84,544.06],"speedPercentiles":[16.51,25.67,31.51,35.58,38.97,42.68,45.6,48.36,50.96,53.15,55.15,57.2,59.05,61.3,63.56,66.07,69.15,72.8,78.42]},{"dateRange":1,"timeSet":17,"distance":2494.86,"coveredDistance":2494.86,"averageSampleSize":2278.02,"harmonicAverageSpeed":37.39,"averageTravelTime":240.19,"medianTravelTime":179.82,"averageTravelTimeRatio":1.09,"planningTimeIndex":2.73,"travelTimePercentiles":[119.15,128.65,136.42,142.76,149.07,154.46,160.04,166.0,172.52,179.82,188.52,198.7,211.37,227.07,246.66,269.33,305.46,389.14,598.76],"speedPercentiles":[15.0,23.08,29.4,33.35,36.41,39.55,42.49,45.2,47.64,49.95,52.06,54.11,56.12,58.15,60.25,62.91,65.84,69.81,75.38]},{"dateRange":1,"timeSet":18,"distance":2494.86,"coveredDistance":2494.86,"averageSampleSize":2460.05,"harmonicAverageSpeed":32.88,"averageTravelTime":273.12,"medianTravelTime":189.14,"averageTravelTimeRatio":1.24,"planningTimeIndex":3.59,"travelTimePercentiles":[125.64,135.77,143.76,150.2,156.31,162.09,168.25,174.37,181.52,189.14,198.32,209.94,225.55,243.25,269.36,306.57,362.24,483.75,788.26],"speedPercentiles":[11.39,18.57,24.79,29.3,33.34,36.92,39.82,42.78,45.29,47.49,49.48,51.51,53.38,55.41,57.46,59.8,62.48,66.15,71.49]},{"dateRange":1,"timeSet":19,"distance":2494.86,"coveredDistance":2494.86,"averageSampleSize":2500.28,"harmonicAverageSpeed":28.12,"averageTravelTime":319.34,"medianTravelTime":195.2,"averageTravelTimeRatio":1.46,"planningTimeIndex":4.78,"travelTimePercentiles":[128.14,138.94,146.73,153.57,160.15,166.34,172.4,179.29,186.84,195.2,205.9,218.4,236.77,260.58,299.43,363.96,472.76,726.51,1048.87],"speedPercentiles":[8.56,12.36,19.0,24.68,30.0,34.47,37.93,41.12,43.62,46.01,48.07,50.09,52.1,54.0,56.08,58.49,61.21,64.64,70.09]},{"dateRange":1,"timeSet":20,"distance":2494.86,"coveredDistance":2494.86,"averageSampleSize":2282.54,"harmonicAverageSpeed":31.56,"averageTravelTime":284.6,"medianTravelTime":189.29,"averageTravelTimeRatio":1.3,"planningTimeIndex":3.85,"travelTimePercentiles":[126.03,136.76,144.57,151.07,157.33,163.08,168.87,175.12,181.76,189.29,198.77,211.96,227.59,250.27,279.58,320.29,388.49,551.02,845.15],"speedPercentiles":[10.63,16.3,23.12,28.04,32.12,35.89,39.46,42.37,45.18,47.45,49.41,51.29,53.18,55.08,57.09,59.45,62.13,65.68,71.26]},{"dateRange":1,"timeSet":21,"distance":2494.86,"coveredDistance":2494.86,"averageSampleSize":2247.51,"harmonicAverageSpeed":35.86,"averageTravelTime":250.43,"medianTravelTime":185.09,"averageTravelTimeRatio":1.14,"planningTimeIndex":2.82,"travelTimePercentiles":[126.22,135.66,142.96,149.19,154.79,160.36,166.22,172.28,178.63,185.09,193.06,203.89,217.41,234.76,256.44,283.77,333.74,434.1,619.72],"speedPercentiles":[14.49,20.69,26.91,31.65,35.02,38.26,41.31,44.05,46.52,48.53,50.28,52.13,54.03,56.01,58.02,60.2,62.83,66.21,71.16]},{"dateRange":1,"timeSet":22,"distance":2494.86,"coveredDistance":2494.86,"averageSampleSize":2327.46,"harmonicAverageSpeed":33.85,"averageTravelTime":265.37,"medianTravelTime":188.68,"averageTravelTimeRatio":1.21,"planningTimeIndex":3.15,"travelTimePercentiles":[123.29,134.31,141.9,148.93,155.04,161.5,167.75,174.49,181.34,188.68,199.17,210.14,226.14,246.07,272.27,310.51,364.64,472.24,691.48],"speedPercentiles":[12.99,19.02,24.63,28.93,32.99,36.5,39.72,42.74,45.09,47.6,49.53,51.47,53.54,55.61,57.93,60.3,63.29,66.87,72.85]},{"dateRange":1,"timeSet":23,"distance":2494.86,"coveredDistance":2494.86,"averageSampleSize":1449.3,"harmonicAverageSpeed":40.35,"averageTravelTime":222.58,"medianTravelTime":163.46,"averageTravelTimeRatio":1.01,"planningTimeIndex":2.45,"travelTimePercentiles":[109.28,118.31,124.11,130.24,135.55,140.69,145.72,151.4,157.13,163.46,171.73,180.72,193.24,207.74,226.11,260.61,306.01,391.96,538.23],"speedPercentiles":[16.69,22.91,29.35,34.46,39.72,43.23,46.48,49.7,52.3,54.95,57.16,59.32,61.63,63.84,66.26,68.96,72.37,75.91,82.19]},{"dateRange":1,"timeSet":24,"distance":2494.86,"coveredDistance":2494.86,"averageSampleSize":1301.02,"harmonicAverageSpeed":41.05,"averageTravelTime":218.82,"medianTravelTime":161.14,"averageTravelTimeRatio":1.0,"planningTimeIndex":2.41,"travelTimePercentiles":[108.74,117.57,123.64,129.19,134.16,138.65,143.74,149.14,154.67,161.14,169.11,178.62,190.98,204.03,226.21,251.05,296.53,381.89,527.85],"speedPercentiles":[17.02,23.52,30.29,35.78,39.7,44.02,47.03,50.28,53.11,55.74,58.07,60.22,62.48,64.78,66.95,69.52,72.64,76.39,82.59]},{"dateRange":1,"timeSet":25,"distance":2494.86,"coveredDistance":2494.86,"averageSampleSize":1276.4,"harmonicAverageSpeed":41.44,"averageTravelTime":216.76,"medianTravelTime":161.54,"averageTravelTimeRatio":0.99,"planningTimeIndex":2.37,"travelTimePercentiles":[107.5,116.73,123.15,128.83,133.72,138.92,143.81,149.39,155.48,161.54,168.26,176.06,186.31,201.8,220.26,248.05,294.59,381.53,520.32],"speedPercentiles":[17.26,23.54,30.49,36.21,40.78,44.51,48.21,51.01,53.38,55.6,57.77,60.12,62.45,64.65,67.17,69.72,72.93,76.94,83.55]}]}},{"type":"Feature","geometry":{"type":"LineString","coordinates":[[12.46972,41.94753],[12.46969,41.9474]]},"properties":{"segmentId":-13800007198127,"newSegmentId":"-00004931-3600-0400-0000-0000033ea757","speedLimit":50,"frc":2,"streetName":"Corso di Francia","distance":14.98,"segmentTimeResults":[{"timeSet":2,"dateRange":1,"harmonicAverageSpeed":25.5,"medianSpeed":37.0,"averageSpeed":36.9,"standardDeviationSpeed":15.6,"travelTimeStandardDeviation":2.57,"sampleSize":1757,"normalizedSampleSize":0.4927,"averageTravelTime":2.11,"medianTravelTime":1.46,"travelTimeRatio":1.0,"speedPercentiles":[11,17,21,23,26,28,31,33,35,37,39,41,43,45,47,50,53,56,62]},{"timeSet":3,"dateRange":1,"harmonicAverageSpeed":28.8,"medianSpeed":39.0,"averageSpeed":39.2,"standardDeviationSpeed":15.9,"travelTimeStandardDeviation":1.99,"sampleSize":937,"normalizedSampleSize":0.2628,"averageTravelTime":1.87,"medianTravelTime":1.38,"travelTimeRatio":0.89,"speedPercentiles":[12,18,24,27,29,31,33,35,37,39,41,43,45,47,50,52,55,59,67]},{"timeSet":4,"dateRange":1,"harmonicAverageSpeed":33.1,"medianSpeed":41.0,"averageSpeed":41.3,"standardDeviationSpeed":15.2,"travelTimeStandardDeviation":1.37,"sampleSize":550,"normalizedSampleSize":0.1542,"averageTravelTime":1.63,"medianTravelTime":1.32,"travelTimeRatio":0.77,"speedPercentiles":[18,24,27,29,32,33,35,36,39,41,43,44,46,48,50,53,56,61,66]},{"timeSet":5,"dateRange":1,"harmonicAverageSpeed":30.9,"medianSpeed":40.0,"averageSpeed":41.2,"standardDeviationSpeed":16.3,"travelTimeStandardDeviation":1.66,"sampleSize":308,"normalizedSampleSize":0.0864,"averageTravelTime":1.75,"medianTravelTime":1.35,"travelTimeRatio":0.83,"speedPercentiles":[14,20,24,29,30,34,35,36,38,40,43,45,48,51,53,55,58,62,70]},{"timeSet":6,"dateRange":1,"harmonicAverageSpeed":36.2,"medianSpeed":44.0,"averageSpeed":44.6,"standardDeviationSpeed":15.3,"travelTimeStandardDeviation":1.2,"sampleSize":207,"normalizedSampleSize":0.058,"averageTravelTime":1.49,"medianTravelTime":1.23,"travelTimeRatio":0.71,"speedPercentiles":[17,27,30,32,34,36,38,39,42,44,45,48,51,53,55,57,61,65,72]},{"timeSet":7,"dateRange":1,"harmonicAverageSpeed":30.9,"medianSpeed":42.0,"averageSpeed":42.2,"standardDeviationSpeed":17.3,"travelTimeStandardDeviation":1.64,"sampleSize":281,"normalizedSampleSize":0.0788,"averageTravelTime":1.75,"medianTravelTime":1.28,"travelTimeRatio":0.83,"speedPercentiles":[13,19,25,27,30,32,35,36,40,42,45,47,51,53,54,57,61,63,69]},{"timeSet":8,"dateRange":1,"harmonicAverageSpeed":27.2,"medianSpeed":35.0,"averageSpeed":35.6,"standardDeviationSpeed":14.8,"travelTimeStandardDeviation":1.57,"sampleSize":485,"normalizedSampleSize":0.136,"averageTravelTime":1.98,"medianTravelTime":1.54,"travelTimeRatio":0.94,"speedPercentiles":[11,18,21,23,25,27,29,30,32,35,37,39,41,44,46,49,52,55,61]},{"timeSet":9,"dateRange":1,"harmonicAverageSpeed":23.4,"medianSpeed":35.0,"averageSpeed":34.9,"standardDeviationSpeed":15.4,"travelTimeStandardDeviation":3.7,"sampleSize":655,"normalizedSampleSize":0.1837,"averageTravelTime":2.31,"medianTravelTime":1.54,"travelTimeRatio":1.09,"speedPercentiles":[11,15,18,21,23,25,28,30,32,35,37,40,42,44,46,48,50,54,62]},{"timeSet":10,"dateRange":1,"harmonicAverageSpeed":19.7,"medianSpeed":31.0,"averageSpeed":31.9,"standardDeviationSpeed":14.9,"travelTimeStandardDeviation":4.41,"sampleSize":1081,"normalizedSampleSize":0.3031,"averageTravelTime":2.74,"medianTravelTime":1.74,"travelTimeRatio":1.3,"speedPercentiles":[8,13,16,18,21,23,25,26,29,31,34,36,38,40,42,45,49,52,57]},{"timeSet":11,"dateRange":1,"harmonicAverageSpeed":13.0,"medianSpeed":26.0,"averageSpeed":27.5,"standardDeviationSpeed":14.8,"travelTimeStandardDeviation":7.38,"sampleSize":1676,"normalizedSampleSize":0.47,"averageTravelTime":4.16,"medianTravelTime":2.07,"travelTimeRatio":1.97,"speedPercentiles":[4,7,11,14,17,19,21,23,25,26,28,31,33,35,38,41,43,47,54]},{"timeSet":12,"dateRange":1,"harmonicAverageSpeed":11.7,"medianSpeed":25.0,"averageSpeed":25.2,"standardDeviationSpeed":13.6,"travelTimeStandardDeviation":7.84,"sampleSize":2050,"normalizedSampleSize":0.5749,"averageTravelTime":4.59,"medianTravelTime":2.16,"travelTimeRatio":2.18,"speedPercentiles":[3,6,10,13,16,18,20,21,23,25,26,28,30,32,34,36,40,44,49]},{"timeSet":13,"dateRange":1,"harmonicAverageSpeed":11.5,"medianSpeed":24.0,"averageSpeed":24.4,"standardDeviationSpeed":13.3,"travelTimeStandardDeviation":7.97,"sampleSize":2295,"normalizedSampleSize":0.6436,"averageTravelTime":4.67,"medianTravelTime":2.25,"travelTimeRatio":2.21,"speedPercentiles":[3,6,9,13,15,17,19,21,23,24,26,27,29,31,33,35,38,42,47]},{"timeSet":14,"dateRange":1,"harmonicAverageSpeed":11.6,"medianSpeed":25.0,"averageSpeed":25.0,"standardDeviationSpeed":13.3,"travelTimeStandardDeviation":8.08,"sampleSize":2826,"normalizedSampleSize":0.7925,"averageTravelTime":4.64,"medianTravelTime":2.16,"travelTimeRatio":2.2,"speedPercentiles":[3,7,10,13,16,18,20,22,23,25,26,28,30,32,34,36,38,42,47]},{"timeSet":15,"dateRange":1,"harmonicAverageSpeed":14.2,"medianSpeed":27.0,"averageSpeed":27.0,"standardDeviationSpeed":14.0,"travelTimeStandardDeviation":6.73,"sampleSize":2433,"normalizedSampleSize":0.6823,"averageTravelTime":3.81,"medianTravelTime":2.0,"travelTimeRatio":1.81,"speedPercentiles":[5,8,11,15,17,19,21,23,25,27,28,30,32,34,36,39,41,45,51]},{"timeSet":16,"dateRange":1,"harmonicAverageSpeed":16.1,"medianSpeed":28.0,"averageSpeed":28.6,"standardDeviationSpeed":14.4,"travelTimeStandardDeviation":5.4,"sampleSize":1910,"normalizedSampleSize":0.5356,"averageTravelTime":3.35,"medianTravelTime":1.93,"travelTimeRatio":1.59,"speedPercentiles":[6,10,12,15,18,20,22,24,26,28,30,31,34,36,39,41,44,47,53]},{"timeSet":17,"dateRange":1,"harmonicAverageSpeed":13.5,"medianSpeed":26.0,"averageSpeed":26.9,"standardDeviationSpeed":14.1,"travelTimeStandardDeviation":7.17,"sampleSize":2234,"normalizedSampleSize":0.6265,"averageTravelTime":4.01,"medianTravelTime":2.07,"travelTimeRatio":1.9,"speedPercentiles":[4,8,11,14,16,19,21,23,25,26,28,30,32,34,36,39,42,46,51]},{"timeSet":18,"dateRange":1,"harmonicAverageSpeed":8.4,"medianSpeed":21.0,"averageSpeed":22.7,"standardDeviationSpeed":14.8,"travelTimeStandardDeviation":10.68,"sampleSize":2462,"normalizedSampleSize":0.6904,"averageTravelTime":6.42,"medianTravelTime":2.57,"travelTimeRatio":3.04,"speedPercentiles":[2,3,6,9,11,14,16,18,20,21,23,25,27,30,32,35,38,43,50]},{"timeSet":19,"dateRange":1,"harmonicAverageSpeed":8.3,"medianSpeed":20.0,"averageSpeed":21.7,"standardDeviationSpeed":14.2,"travelTimeStandardDeviation":10.3,"sampleSize":2456,"normalizedSampleSize":0.6887,"averageTravelTime":6.52,"medianTravelTime":2.7,"travelTimeRatio":3.09,"speedPercentiles":[2,3,6,8,11,13,15,17,19,20,23,24,26,29,31,33,37,40,47]},{"timeSet":20,"dateRange":1,"harmonicAverageSpeed":9.7,"medianSpeed":22.0,"averageSpeed":23.5,"standardDeviationSpeed":14.6,"travelTimeStandardDeviation":9.09,"sampleSize":2136,"normalizedSampleSize":0.599,"averageTravelTime":5.54,"medianTravelTime":2.45,"travelTimeRatio":2.62,"speedPercentiles":[2,4,8,10,12,15,17,19,21,22,24,26,28,30,33,35,38,42,51]},{"timeSet":21,"dateRange":1,"harmonicAverageSpeed":10.2,"medianSpeed":23.0,"averageSpeed":24.3,"standardDeviationSpeed":14.2,"travelTimeStandardDeviation":9.14,"sampleSize":2316,"normalizedSampleSize":0.6495,"averageTravelTime":5.27,"medianTravelTime":2.34,"travelTimeRatio":2.5,"speedPercentiles":[2,5,9,12,14,16,18,20,22,23,25,28,30,32,34,36,39,42,49]},{"timeSet":22,"dateRange":1,"harmonicAverageSpeed":11.8,"medianSpeed":26.0,"averageSpeed":26.8,"standardDeviationSpeed":15.1,"travelTimeStandardDeviation":8.32,"sampleSize":2236,"normalizedSampleSize":0.627,"averageTravelTime":4.58,"medianTravelTime":2.07,"travelTimeRatio":2.17,"speedPercentiles":[3,7,10,14,16,18,20,22,24,26,28,30,32,34,36,39,42,47,53]},{"timeSet":23,"dateRange":1,"harmonicAverageSpeed":24.1,"medianSpeed":37.0,"averageSpeed":35.4,"standardDeviationSpeed":15.1,"travelTimeStandardDeviation":2.53,"sampleSize":1445,"normalizedSampleSize":0.4052,"averageTravelTime":2.24,"medianTravelTime":1.46,"travelTimeRatio":1.06,"speedPercentiles":[9,15,18,22,25,27,30,33,35,37,39,40,42,44,46,47,50,53,58]},{"timeSet":24,"dateRange":1,"harmonicAverageSpeed":25.7,"medianSpeed":37.0,"averageSpeed":36.5,"standardDeviationSpeed":14.9,"travelTimeStandardDeviation":2.45,"sampleSize":1259,"normalizedSampleSize":0.3531,"averageTravelTime":2.1,"medianTravelTime":1.46,"travelTimeRatio":0.99,"speedPercentiles":[10,16,21,24,26,29,31,33,35,37,39,41,43,45,47,49,51,55,61]},{"timeSet":25,"dateRange":1,"harmonicAverageSpeed":26.7,"medianSpeed":38.0,"averageSpeed":37.5,"standardDeviationSpeed":15.3,"travelTimeStandardDeviation":2.68,"sampleSize":1288,"normalizedSampleSize":0.3612,"averageTravelTime":2.02,"medianTravelTime":1.42,"travelTimeRatio":0.96,"speedPercentiles":[12,17,21,24,27,29,32,34,36,38,39,41,43,45,48,50,53,57,63]}]}},{"type":"Feature","geometry":{"type":"LineString","coordinates":[[12.46969,41.9474],[12.46968,41.94732],[12.46966,41.94725]]},"properties":{"segmentId":-13800007184018,"newSegmentId":"-00004931-3600-0400-0000-0000033ea756","speedLimit":50,"frc":2,"streetName":"Corso di Francia","distance":16.14,"segmentTimeResults":[{"timeSet":2,"dateRange":1,"harmonicAverageSpeed":16.9,"medianSpeed":37.0,"averageSpeed":34.6,"standardDeviationSpeed":18.4,"travelTimeStandardDeviation":5.2,"sampleSize":1752,"normalizedSampleSize":0.4913,"averageTravelTime":3.44,"medianTravelTime":1.57,"travelTimeRatio":1.0,"speedPercentiles":[4,8,12,16,20,23,27,30,33,37,39,42,43,46,48,50,54,57,63]},{"timeSet":3,"dateRange":1,"harmonicAverageSpeed":20.6,"medianSpeed":38.0,"averageSpeed":36.9,"standardDeviationSpeed":18.6,"travelTimeStandardDeviation":4.19,"sampleSize":935,"normalizedSampleSize":0.2622,"averageTravelTime":2.82,"medianTravelTime":1.53,"travelTimeRatio":0.82,"speedPercentiles":[6,11,15,19,22,25,28,32,35,38,41,43,45,47,50,53,56,59,68]},{"timeSet":4,"dateRange":1,"harmonicAverageSpeed":28.1,"medianSpeed":41.0,"averageSpeed":39.8,"standardDeviationSpeed":17.4,"travelTimeStandardDeviation":2.16,"sampleSize":549,"normalizedSampleSize":0.154,"averageTravelTime":2.07,"medianTravelTime":1.42,"travelTimeRatio":0.6,"speedPercentiles":[12,18,20,24,27,30,33,35,38,41,43,45,47,49,51,53,56,61,67]},{"timeSet":5,"dateRange":1,"harmonicAverageSpeed":26.0,"medianSpeed":40.0,"averageSpeed":39.5,"standardDeviationSpeed":18.5,"travelTimeStandardDeviation":2.61,"sampleSize":306,"normalizedSampleSize":0.0858,"averageTravelTime":2.24,"medianTravelTime":1.45,"travelTimeRatio":0.65,"speedPercentiles":[9,15,18,22,24,27,31,35,36,40,43,46,48,51,53,55,60,63,69]},{"timeSet":6,"dateRange":1,"harmonicAverageSpeed":29.2,"medianSpeed":45.0,"averageSpeed":43.3,"standardDeviationSpeed":18.2,"travelTimeStandardDeviation":2.71,"sampleSize":207,"normalizedSampleSize":0.058,"averageTravelTime":1.99,"medianTravelTime":1.29,"travelTimeRatio":0.58,"speedPercentiles":[15,17,24,26,29,33,36,39,43,45,47,51,52,55,56,59,62,66,72]},{"timeSet":7,"dateRange":1,"harmonicAverageSpeed":24.0,"medianSpeed":43.0,"averageSpeed":41.1,"standardDeviationSpeed":19.7,"travelTimeStandardDeviation":3.19,"sampleSize":280,"normalizedSampleSize":0.0785,"averageTravelTime":2.42,"medianTravelTime":1.35,"travelTimeRatio":0.7,"speedPercentiles":[7,14,17,21,25,28,33,36,41,43,45,49,51,53,56,59,61,65,70]},{"timeSet":8,"dateRange":1,"harmonicAverageSpeed":21.7,"medianSpeed":34.0,"averageSpeed":34.8,"standardDeviationSpeed":16.8,"travelTimeStandardDeviation":3.91,"sampleSize":482,"normalizedSampleSize":0.1352,"averageTravelTime":2.68,"medianTravelTime":1.71,"travelTimeRatio":0.78,"speedPercentiles":[9,14,17,20,22,24,26,28,31,34,37,40,42,45,48,51,53,55,62]},{"timeSet":9,"dateRange":1,"harmonicAverageSpeed":18.0,"medianSpeed":34.0,"averageSpeed":34.0,"standardDeviationSpeed":17.3,"travelTimeStandardDeviation":5.6,"sampleSize":655,"normalizedSampleSize":0.1837,"averageTravelTime":3.22,"medianTravelTime":1.71,"travelTimeRatio":0.94,"speedPercentiles":[6,12,14,17,21,23,26,28,31,34,37,40,42,45,47,49,52,56,62]},{"timeSet":10,"dateRange":1,"harmonicAverageSpeed":12.5,"medianSpeed":30.0,"averageSpeed":30.5,"standardDeviationSpeed":16.9,"travelTimeStandardDeviation":8.51,"sampleSize":1079,"normalizedSampleSize":0.3026,"averageTravelTime":4.65,"medianTravelTime":1.94,"travelTimeRatio":1.35,"speedPercentiles":[2,7,11,15,18,21,22,24,27,30,33,35,38,41,44,47,50,53,58]},{"timeSet":11,"dateRange":1,"harmonicAverageSpeed":10.4,"medianSpeed":27.0,"averageSpeed":27.5,"standardDeviationSpeed":15.9,"travelTimeStandardDeviation":10.4,"sampleSize":1663,"normalizedSampleSize":0.4663,"averageTravelTime":5.61,"medianTravelTime":2.15,"travelTimeRatio":1.63,"speedPercentiles":[2,5,9,13,16,19,20,22,25,27,29,31,33,36,39,42,45,49,55]},{"timeSet":12,"dateRange":1,"harmonicAverageSpeed":9.1,"medianSpeed":25.0,"averageSpeed":25.2,"standardDeviationSpeed":14.5,"travelTimeStandardDeviation":11.58,"sampleSize":2043,"normalizedSampleSize":0.5729,"averageTravelTime":6.4,"medianTravelTime":2.32,"travelTimeRatio":1.86,"speedPercentiles":[2,3,8,12,15,18,20,22,23,25,27,28,30,32,34,37,41,45,50]},{"timeSet":13,"dateRange":1,"harmonicAverageSpeed":10.0,"medianSpeed":24.0,"averageSpeed":24.7,"standardDeviationSpeed":13.9,"travelTimeStandardDeviation":10.52,"sampleSize":2285,"normalizedSampleSize":0.6408,"averageTravelTime":5.81,"medianTravelTime":2.42,"travelTimeRatio":1.69,"speedPercentiles":[2,5,9,13,15,17,19,21,23,24,26,28,29,31,33,36,39,43,48]},{"timeSet":14,"dateRange":1,"harmonicAverageSpeed":9.8,"medianSpeed":25.0,"averageSpeed":25.1,"standardDeviationSpeed":14.0,"travelTimeStandardDeviation":10.94,"sampleSize":2830,"normalizedSampleSize":0.7936,"averageTravelTime":5.93,"medianTravelTime":2.32,"travelTimeRatio":1.73,"speedPercentiles":[2,5,10,13,16,18,20,22,23,25,27,28,30,32,34,37,40,43,48]},{"timeSet":15,"dateRange":1,"harmonicAverageSpeed":11.1,"medianSpeed":27.0,"averageSpeed":27.1,"standardDeviationSpeed":15.0,"travelTimeStandardDeviation":9.77,"sampleSize":2418,"normalizedSampleSize":0.6781,"averageTravelTime":5.25,"medianTravelTime":2.15,"travelTimeRatio":1.53,"speedPercentiles":[2,6,11,14,17,19,21,23,25,27,29,30,32,35,37,40,43,47,52]},{"timeSet":16,"dateRange":1,"harmonicAverageSpeed":11.7,"medianSpeed":28.0,"averageSpeed":28.9,"standardDeviationSpeed":15.5,"travelTimeStandardDeviation":9.71,"sampleSize":1905,"normalizedSampleSize":0.5342,"averageTravelTime":4.98,"medianTravelTime":2.08,"travelTimeRatio":1.45,"speedPercentiles":[2,7,12,15,18,21,23,24,26,28,30,32,34,37,40,43,46,49,55]},{"timeSet":17,"dateRange":1,"harmonicAverageSpeed":9.6,"medianSpeed":27.0,"averageSpeed":26.7,"standardDeviationSpeed":15.4,"travelTimeStandardDeviation":11.33,"sampleSize":2218,"normalizedSampleSize":0.622,"averageTravelTime":6.08,"medianTravelTime":2.15,"travelTimeRatio":1.77,"speedPercentiles":[2,4,9,12,15,18,20,23,25,27,29,31,32,34,37,40,43,47,52]},{"timeSet":18,"dateRange":1,"harmonicAverageSpeed":7.8,"medianSpeed":22.0,"averageSpeed":23.3,"standardDeviationSpeed":15.4,"travelTimeStandardDeviation":12.38,"sampleSize":2453,"normalizedSampleSize":0.6879,"averageTravelTime":7.42,"medianTravelTime":2.64,"travelTimeRatio":2.16,"speedPercentiles":[1,3,5,8,11,14,16,18,20,22,24,26,28,31,33,36,39,44,51]},{"timeSet":19,"dateRange":1,"harmonicAverageSpeed":7.1,"medianSpeed":20.0,"averageSpeed":21.6,"standardDeviationSpeed":15.0,"travelTimeStandardDeviation":13.43,"sampleSize":2426,"normalizedSampleSize":0.6803,"averageTravelTime":8.22,"medianTravelTime":2.91,"travelTimeRatio":2.39,"speedPercentiles":[1,2,4,7,9,12,14,16,18,20,22,25,27,29,32,35,38,42,49]},{"timeSet":20,"dateRange":1,"harmonicAverageSpeed":7.8,"medianSpeed":22.0,"averageSpeed":23.3,"standardDeviationSpeed":15.4,"travelTimeStandardDeviation":12.59,"sampleSize":2126,"normalizedSampleSize":0.5962,"averageTravelTime":7.47,"medianTravelTime":2.64,"travelTimeRatio":2.17,"speedPercentiles":[1,3,6,8,11,14,16,18,20,22,24,26,28,31,33,37,40,44,51]},{"timeSet":21,"dateRange":1,"harmonicAverageSpeed":8.2,"medianSpeed":23.0,"averageSpeed":24.2,"standardDeviationSpeed":15.3,"travelTimeStandardDeviation":12.23,"sampleSize":2298,"normalizedSampleSize":0.6444,"averageTravelTime":7.12,"medianTravelTime":2.53,"travelTimeRatio":2.07,"speedPercentiles":[1,3,6,10,12,15,17,19,21,23,25,27,30,32,35,38,41,44,51]},{"timeSet":22,"dateRange":1,"harmonicAverageSpeed":8.6,"medianSpeed":25.0,"averageSpeed":25.8,"standardDeviationSpeed":16.4,"travelTimeStandardDeviation":11.93,"sampleSize":2222,"normalizedSampleSize":0.6231,"averageTravelTime":6.79,"medianTravelTime":2.32,"travelTimeRatio":1.97,"speedPercentiles":[1,3,6,10,13,16,18,20,23,25,27,29,32,34,37,40,44,48,54]},{"timeSet":23,"dateRange":1,"harmonicAverageSpeed":15.4,"medianSpeed":37.0,"averageSpeed":33.4,"standardDeviationSpeed":18.1,"travelTimeStandardDeviation":5.74,"sampleSize":1433,"normalizedSampleSize":0.4019,"averageTravelTime":3.78,"medianTravelTime":1.57,"travelTimeRatio":1.1,"speedPercentiles":[4,6,10,15,18,22,26,30,34,37,39,41,43,45,47,49,52,54,59]},{"timeSet":24,"dateRange":1,"harmonicAverageSpeed":17.2,"medianSpeed":36.0,"averageSpeed":34.1,"standardDeviationSpeed":17.9,"travelTimeStandardDeviation":5.39,"sampleSize":1255,"normalizedSampleSize":0.3519,"averageTravelTime":3.38,"medianTravelTime":1.61,"travelTimeRatio":0.98,"speedPercentiles":[4,8,13,16,19,22,26,30,33,36,39,41,43,46,48,50,53,56,62]},{"timeSet":25,"dateRange":1,"harmonicAverageSpeed":17.5,"medianSpeed":38.0,"averageSpeed":35.5,"standardDeviationSpeed":18.2,"travelTimeStandardDeviation":5.24,"sampleSize":1280,"normalizedSampleSize":0.3589,"averageTravelTime":3.32,"medianTravelTime":1.53,"travelTimeRatio":0.97,"speedPercentiles":[4,8,14,17,21,25,28,32,35,38,40,42,44,46,48,51,54,58,64]}]}},{"type":"Feature","geometry":{"type":"LineString","coordinates":[[12.46966,41.94725],[12.46964,41.94715],[12.4696,41.94697]]},"properties":{"segmentId":-13800007468537,"newSegmentId":"-00004931-3600-0400-0000-000001365470","speedLimit":50,"frc":2,"streetName":"Corso di Francia","distance":31.38,"segmentTimeResults":[{"timeSet":2,"dateRange":1,"harmonicAverageSpeed":13.3,"medianSpeed":36.0,"averageSpeed":33.5,"standardDeviationSpeed":20.3,"travelTimeStandardDeviation":11.93,"sampleSize":1741,"normalizedSampleSize":0.4882,"averageTravelTime":8.48,"medianTravelTime":3.14,"travelTimeRatio":1.0,"speedPercentiles":[3,5,6,9,15,20,24,28,32,36,39,42,44,47,50,52,55,58,64]},{"timeSet":3,"dateRange":1,"harmonicAverageSpeed":11.6,"medianSpeed":37.0,"averageSpeed":34.0,"standardDeviationSpeed":22.3,"travelTimeStandardDeviation":13.27,"sampleSize":933,"normalizedSampleSize":0.2616,"averageTravelTime":9.78,"medianTravelTime":3.05,"travelTimeRatio":1.15,"speedPercentiles":[3,4,5,6,10,16,24,28,33,37,41,44,46,49,52,54,57,61,68]},{"timeSet":4,"dateRange":1,"harmonicAverageSpeed":12.4,"medianSpeed":42.0,"averageSpeed":36.4,"standardDeviationSpeed":22.4,"travelTimeStandardDeviation":13.18,"sampleSize":549,"normalizedSampleSize":0.154,"averageTravelTime":9.11,"medianTravelTime":2.69,"travelTimeRatio":1.07,"speedPercentiles":[3,4,6,8,12,23,30,34,37,42,44,46,48,50,52,55,58,62,67]},{"timeSet":5,"dateRange":1,"harmonicAverageSpeed":12.3,"medianSpeed":42.0,"averageSpeed":36.3,"standardDeviationSpeed":23.6,"travelTimeStandardDeviation":12.7,"sampleSize":304,"normalizedSampleSize":0.0852,"averageTravelTime":9.19,"medianTravelTime":2.69,"travelTimeRatio":1.08,"speedPercentiles":[3,4,6,7,10,16,24,30,37,42,45,48,50,53,54,57,60,63,72]},{"timeSet":6,"dateRange":1,"harmonicAverageSpeed":13.9,"medianSpeed":45.0,"averageSpeed":40.3,"standardDeviationSpeed":23.6,"travelTimeStandardDeviation":11.8,"sampleSize":207,"normalizedSampleSize":0.058,"averageTravelTime":8.1,"medianTravelTime":2.51,"travelTimeRatio":0.96,"speedPercentiles":[4,4,5,8,16,28,37,40,43,45,48,52,55,56,58,61,64,68,74]},{"timeSet":7,"dateRange":1,"harmonicAverageSpeed":11.5,"medianSpeed":44.0,"averageSpeed":38.0,"standardDeviationSpeed":24.3,"travelTimeStandardDeviation":14.95,"sampleSize":278,"normalizedSampleSize":0.078,"averageTravelTime":9.83,"medianTravelTime":2.57,"travelTimeRatio":1.16,"speedPercentiles":[3,4,5,6,9,20,31,36,39,44,48,50,52,54,57,61,63,66,73]},{"timeSet":8,"dateRange":1,"harmonicAverageSpeed":14.4,"medianSpeed":35.0,"averageSpeed":34.8,"standardDeviationSpeed":19.2,"travelTimeStandardDeviation":12.48,"sampleSize":480,"normalizedSampleSize":0.1346,"averageTravelTime":7.83,"medianTravelTime":3.23,"travelTimeRatio":0.92,"speedPercentiles":[3,5,11,17,21,24,27,30,32,35,38,41,44,48,50,53,55,58,65]},{"timeSet":9,"dateRange":1,"harmonicAverageSpeed":14.7,"medianSpeed":35.0,"averageSpeed":35.0,"standardDeviationSpeed":18.7,"travelTimeStandardDeviation":13.17,"sampleSize":659,"normalizedSampleSize":0.1848,"averageTravelTime":7.7,"medianTravelTime":3.23,"travelTimeRatio":0.91,"speedPercentiles":[3,6,12,18,22,25,27,30,32,35,38,42,44,47,50,52,54,59,65]},{"timeSet":10,"dateRange":1,"harmonicAverageSpeed":11.9,"medianSpeed":32.0,"averageSpeed":31.8,"standardDeviationSpeed":18.0,"travelTimeStandardDeviation":15.22,"sampleSize":1079,"normalizedSampleSize":0.3026,"averageTravelTime":9.52,"medianTravelTime":3.53,"travelTimeRatio":1.12,"speedPercentiles":[2,3,9,15,20,23,25,27,29,32,34,36,40,42,46,49,52,56,59]},{"timeSet":11,"dateRange":1,"harmonicAverageSpeed":11.9,"medianSpeed":29.0,"averageSpeed":29.1,"standardDeviationSpeed":16.1,"travelTimeStandardDeviation":15.04,"sampleSize":1666,"normalizedSampleSize":0.4672,"averageTravelTime":9.53,"medianTravelTime":3.9,"travelTimeRatio":1.12,"speedPercentiles":[2,4,10,16,19,21,23,25,27,29,30,33,34,36,40,43,47,50,57]},{"timeSet":12,"dateRange":1,"harmonicAverageSpeed":12.5,"medianSpeed":27.0,"averageSpeed":27.4,"standardDeviationSpeed":14.4,"travelTimeStandardDeviation":14.28,"sampleSize":2035,"normalizedSampleSize":0.5707,"averageTravelTime":9.06,"medianTravelTime":4.18,"travelTimeRatio":1.07,"speedPercentiles":[2,5,12,16,19,21,23,24,26,27,29,30,32,34,36,39,43,47,52]},{"timeSet":13,"dateRange":1,"harmonicAverageSpeed":12.3,"medianSpeed":27.0,"averageSpeed":26.6,"standardDeviationSpeed":14.0,"travelTimeStandardDeviation":14.09,"sampleSize":2301,"normalizedSampleSize":0.6453,"averageTravelTime":9.17,"medianTravelTime":4.18,"travelTimeRatio":1.08,"speedPercentiles":[2,5,11,15,18,20,22,24,25,27,28,30,31,33,34,37,41,45,50]},{"timeSet":14,"dateRange":1,"harmonicAverageSpeed":13.0,"medianSpeed":27.0,"averageSpeed":27.0,"standardDeviationSpeed":13.9,"travelTimeStandardDeviation":13.44,"sampleSize":2816,"normalizedSampleSize":0.7897,"averageTravelTime":8.71,"medianTravelTime":4.18,"travelTimeRatio":1.03,"speedPercentiles":[2,7,12,16,18,21,22,24,26,27,28,30,32,34,35,38,40,45,50]},{"timeSet":15,"dateRange":1,"harmonicAverageSpeed":12.4,"medianSpeed":29.0,"averageSpeed":28.8,"standardDeviationSpeed":15.5,"travelTimeStandardDeviation":14.53,"sampleSize":2425,"normalizedSampleSize":0.68,"averageTravelTime":9.11,"medianTravelTime":3.9,"travelTimeRatio":1.07,"speedPercentiles":[2,5,11,16,19,21,23,26,27,29,31,32,34,36,38,41,45,49,55]},{"timeSet":16,"dateRange":1,"harmonicAverageSpeed":13.5,"medianSpeed":31.0,"averageSpeed":30.8,"standardDeviationSpeed":15.9,"travelTimeStandardDeviation":14.45,"sampleSize":1896,"normalizedSampleSize":0.5317,"averageTravelTime":8.39,"medianTravelTime":3.64,"travelTimeRatio":0.99,"speedPercentiles":[2,6,12,18,21,24,26,27,29,31,32,34,36,39,41,44,48,51,57]},{"timeSet":17,"dateRange":1,"harmonicAverageSpeed":12.6,"medianSpeed":29.0,"averageSpeed":28.9,"standardDeviationSpeed":15.5,"travelTimeStandardDeviation":14.92,"sampleSize":2218,"normalizedSampleSize":0.622,"averageTravelTime":8.97,"medianTravelTime":3.9,"travelTimeRatio":1.06,"speedPercentiles":[2,5,11,16,19,21,23,26,28,29,31,32,34,36,38,42,45,50,55]},{"timeSet":18,"dateRange":1,"harmonicAverageSpeed":10.6,"medianSpeed":26.0,"averageSpeed":25.8,"standardDeviationSpeed":15.4,"travelTimeStandardDeviation":15.45,"sampleSize":2454,"normalizedSampleSize":0.6882,"averageTravelTime":10.66,"medianTravelTime":4.34,"travelTimeRatio":1.26,"speedPercentiles":[2,3,6,10,14,18,20,22,24,26,28,30,31,33,35,38,41,46,52]},{"timeSet":19,"dateRange":1,"harmonicAverageSpeed":8.7,"medianSpeed":23.0,"averageSpeed":23.5,"standardDeviationSpeed":15.4,"travelTimeStandardDeviation":18.52,"sampleSize":2413,"normalizedSampleSize":0.6767,"averageTravelTime":13.03,"medianTravelTime":4.91,"travelTimeRatio":1.54,"speedPercentiles":[2,3,4,7,10,13,16,19,21,23,26,28,30,32,34,37,40,44,51]},{"timeSet":20,"dateRange":1,"harmonicAverageSpeed":10.1,"medianSpeed":26.0,"averageSpeed":25.3,"standardDeviationSpeed":15.4,"travelTimeStandardDeviation":16.38,"sampleSize":2134,"normalizedSampleSize":0.5984,"averageTravelTime":11.24,"medianTravelTime":4.34,"travelTimeRatio":1.33,"speedPercentiles":[2,3,6,10,14,16,19,22,24,26,27,29,31,32,35,38,42,45,52]},{"timeSet":21,"dateRange":1,"harmonicAverageSpeed":10.0,"medianSpeed":27.0,"averageSpeed":26.3,"standardDeviationSpeed":15.8,"travelTimeStandardDeviation":16.68,"sampleSize":2295,"normalizedSampleSize":0.6436,"averageTravelTime":11.33,"medianTravelTime":4.18,"travelTimeRatio":1.34,"speedPercentiles":[2,3,6,11,15,17,20,23,25,27,28,31,33,35,37,40,43,47,52]},{"timeSet":22,"dateRange":1,"harmonicAverageSpeed":10.4,"medianSpeed":27.0,"averageSpeed":27.4,"standardDeviationSpeed":16.7,"travelTimeStandardDeviation":16.16,"sampleSize":2214,"normalizedSampleSize":0.6209,"averageTravelTime":10.88,"medianTravelTime":4.18,"travelTimeRatio":1.28,"speedPercentiles":[2,3,6,11,15,19,21,24,26,27,29,31,33,35,38,42,45,49,56]},{"timeSet":23,"dateRange":1,"harmonicAverageSpeed":13.2,"medianSpeed":36.0,"averageSpeed":32.9,"standardDeviationSpeed":19.8,"travelTimeStandardDeviation":12.27,"sampleSize":1436,"normalizedSampleSize":0.4027,"averageTravelTime":8.55,"medianTravelTime":3.14,"travelTimeRatio":1.01,"speedPercentiles":[3,5,6,9,15,19,24,28,32,36,39,42,44,46,48,51,53,57,62]},{"timeSet":24,"dateRange":1,"harmonicAverageSpeed":12.5,"medianSpeed":36.0,"averageSpeed":32.7,"standardDeviationSpeed":20.3,"travelTimeStandardDeviation":12.36,"sampleSize":1254,"normalizedSampleSize":0.3517,"averageTravelTime":9.03,"medianTravelTime":3.14,"travelTimeRatio":1.06,"speedPercentiles":[3,4,6,8,11,18,23,28,32,36,39,42,44,47,49,51,54,58,62]},{"timeSet":25,"dateRange":1,"harmonicAverageSpeed":14.2,"medianSpeed":38.0,"averageSpeed":34.8,"standardDeviationSpeed":20.1,"travelTimeStandardDeviation":11.44,"sampleSize":1282,"normalizedSampleSize":0.3595,"averageTravelTime":7.93,"medianTravelTime":2.97,"travelTimeRatio":0.94,"speedPercentiles":[3,5,8,12,18,22,28,31,35,38,40,43,45,48,50,52,55,59,65]}]}},{"type":"Feature","geometry":{"type":"LineString","coordinates":[[12.4696,41.94697],[12.46958,41.94689]]},"properties":{"segmentId":-13800006407150,"newSegmentId":"-00004931-3600-0400-0000-0000015f88be","speedLimit":50,"frc":2,"streetName":"Corso di Francia","distance":9.82,"segmentTimeResults":[{"timeSet":2,"dateRange":1,"harmonicAverageSpeed":24.7,"medianSpeed":35.0,"averageSpeed":37.2,"standardDeviationSpeed":16.5,"travelTimeStandardDeviation":2.79,"sampleSize":2099,"normalizedSampleSize":0.5886,"averageTravelTime":1.43,"medianTravelTime":1.01,"travelTimeRatio":1.0,"speedPercentiles":[12,18,21,24,26,27,29,31,33,35,38,40,43,46,49,52,55,58,65]},{"timeSet":3,"dateRange":1,"harmonicAverageSpeed":23.0,"medianSpeed":34.0,"averageSpeed":37.0,"standardDeviationSpeed":17.5,"travelTimeStandardDeviation":3.1,"sampleSize":1209,"normalizedSampleSize":0.339,"averageTravelTime":1.54,"medianTravelTime":1.04,"travelTimeRatio":1.07,"speedPercentiles":[11,16,20,22,24,26,28,30,32,34,37,40,44,47,50,53,56,61,68]},{"timeSet":4,"dateRange":1,"harmonicAverageSpeed":24.6,"medianSpeed":34.0,"averageSpeed":37.2,"standardDeviationSpeed":17.6,"travelTimeStandardDeviation":2.12,"sampleSize":788,"normalizedSampleSize":0.221,"averageTravelTime":1.44,"medianTravelTime":1.04,"travelTimeRatio":1.0,"speedPercentiles":[13,17,20,22,24,26,27,29,31,34,37,41,45,48,50,53,56,60,66]},{"timeSet":5,"dateRange":1,"harmonicAverageSpeed":20.0,"medianSpeed":33.0,"averageSpeed":36.3,"standardDeviationSpeed":19.3,"travelTimeStandardDeviation":2.65,"sampleSize":449,"normalizedSampleSize":0.1259,"averageTravelTime":1.77,"medianTravelTime":1.07,"travelTimeRatio":1.23,"speedPercentiles":[6,14,17,19,21,24,26,28,31,33,37,40,45,49,52,54,57,62,70]},{"timeSet":6,"dateRange":1,"harmonicAverageSpeed":26.5,"medianSpeed":42.0,"averageSpeed":41.8,"standardDeviationSpeed":19.5,"travelTimeStandardDeviation":1.93,"sampleSize":270,"normalizedSampleSize":0.0757,"averageTravelTime":1.33,"medianTravelTime":0.84,"travelTimeRatio":0.93,"speedPercentiles":[11,17,21,24,26,28,31,34,37,42,45,48,52,55,56,60,63,68,74]},{"timeSet":7,"dateRange":1,"harmonicAverageSpeed":27.6,"medianSpeed":42.0,"averageSpeed":42.8,"standardDeviationSpeed":18.7,"travelTimeStandardDeviation":2.69,"sampleSize":309,"normalizedSampleSize":0.0867,"averageTravelTime":1.28,"medianTravelTime":0.84,"travelTimeRatio":0.89,"speedPercentiles":[13,19,22,24,28,31,34,36,39,42,47,50,52,54,58,61,63,67,73]},{"timeSet":8,"dateRange":1,"harmonicAverageSpeed":28.3,"medianSpeed":39.0,"averageSpeed":40.1,"standardDeviationSpeed":16.6,"travelTimeStandardDeviation":1.64,"sampleSize":499,"normalizedSampleSize":0.1399,"averageTravelTime":1.25,"medianTravelTime":0.91,"travelTimeRatio":0.87,"speedPercentiles":[13,20,23,26,28,31,33,35,37,39,41,43,46,50,52,55,58,63,69]},{"timeSet":9,"dateRange":1,"harmonicAverageSpeed":29.5,"medianSpeed":39.0,"averageSpeed":39.6,"standardDeviationSpeed":15.6,"travelTimeStandardDeviation":1.77,"sampleSize":710,"normalizedSampleSize":0.1991,"averageTravelTime":1.2,"medianTravelTime":0.91,"travelTimeRatio":0.84,"speedPercentiles":[13,19,24,26,29,31,33,35,37,39,41,43,45,48,50,53,56,61,66]},{"timeSet":10,"dateRange":1,"harmonicAverageSpeed":25.8,"medianSpeed":35.0,"averageSpeed":36.5,"standardDeviationSpeed":15.0,"travelTimeStandardDeviation":1.68,"sampleSize":1202,"normalizedSampleSize":0.3371,"averageTravelTime":1.37,"medianTravelTime":1.01,"travelTimeRatio":0.96,"speedPercentiles":[11,19,22,25,27,29,30,32,34,35,37,39,41,44,47,50,53,57,62]},{"timeSet":11,"dateRange":1,"harmonicAverageSpeed":23.6,"medianSpeed":33.0,"averageSpeed":33.5,"standardDeviationSpeed":13.8,"travelTimeStandardDeviation":1.92,"sampleSize":1833,"normalizedSampleSize":0.514,"averageTravelTime":1.5,"medianTravelTime":1.07,"travelTimeRatio":1.05,"speedPercentiles":[11,16,20,23,25,26,28,30,31,33,34,36,37,39,41,44,48,52,58]},{"timeSet":12,"dateRange":1,"harmonicAverageSpeed":22.4,"medianSpeed":30.0,"averageSpeed":31.0,"standardDeviationSpeed":12.6,"travelTimeStandardDeviation":1.86,"sampleSize":2310,"normalizedSampleSize":0.6478,"averageTravelTime":1.58,"medianTravelTime":1.18,"travelTimeRatio":1.1,"speedPercentiles":[10,15,19,21,23,25,26,28,29,30,32,33,35,36,38,41,44,48,53]},{"timeSet":13,"dateRange":1,"harmonicAverageSpeed":20.9,"medianSpeed":30.0,"averageSpeed":29.9,"standardDeviationSpeed":12.5,"travelTimeStandardDeviation":2.21,"sampleSize":2618,"normalizedSampleSize":0.7342,"averageTravelTime":1.69,"medianTravelTime":1.18,"travelTimeRatio":1.18,"speedPercentiles":[9,14,18,20,22,24,26,27,28,30,31,32,34,35,37,39,42,46,52]},{"timeSet":14,"dateRange":1,"harmonicAverageSpeed":21.3,"medianSpeed":30.0,"averageSpeed":30.1,"standardDeviationSpeed":12.7,"travelTimeStandardDeviation":2.45,"sampleSize":3129,"normalizedSampleSize":0.8775,"averageTravelTime":1.66,"medianTravelTime":1.18,"travelTimeRatio":1.16,"speedPercentiles":[9,14,18,20,22,24,25,27,28,30,31,33,34,36,37,39,42,46,52]},{"timeSet":15,"dateRange":1,"harmonicAverageSpeed":22.4,"medianSpeed":32.0,"averageSpeed":32.6,"standardDeviationSpeed":13.5,"travelTimeStandardDeviation":2.94,"sampleSize":2724,"normalizedSampleSize":0.7639,"averageTravelTime":1.58,"medianTravelTime":1.1,"travelTimeRatio":1.1,"speedPercentiles":[11,16,20,22,24,26,28,29,30,32,33,35,37,38,40,42,46,50,57]},{"timeSet":16,"dateRange":1,"harmonicAverageSpeed":22.8,"medianSpeed":33.0,"averageSpeed":34.1,"standardDeviationSpeed":13.9,"travelTimeStandardDeviation":2.79,"sampleSize":2094,"normalizedSampleSize":0.5872,"averageTravelTime":1.55,"medianTravelTime":1.07,"travelTimeRatio":1.08,"speedPercentiles":[10,17,20,23,25,27,29,30,32,33,35,36,38,40,43,45,48,53,58]},{"timeSet":17,"dateRange":1,"harmonicAverageSpeed":21.5,"medianSpeed":32.0,"averageSpeed":32.5,"standardDeviationSpeed":13.8,"travelTimeStandardDeviation":2.71,"sampleSize":2432,"normalizedSampleSize":0.682,"averageTravelTime":1.64,"medianTravelTime":1.1,"travelTimeRatio":1.15,"speedPercentiles":[9,15,19,22,24,26,28,29,31,32,33,35,36,38,40,43,46,51,57]},{"timeSet":18,"dateRange":1,"harmonicAverageSpeed":18.5,"medianSpeed":31.0,"averageSpeed":30.4,"standardDeviationSpeed":13.7,"travelTimeStandardDeviation":3.17,"sampleSize":2708,"normalizedSampleSize":0.7594,"averageTravelTime":1.91,"medianTravelTime":1.14,"travelTimeRatio":1.33,"speedPercentiles":[6,11,16,20,22,24,26,28,29,31,32,33,35,36,38,40,43,48,54]},{"timeSet":19,"dateRange":1,"harmonicAverageSpeed":13.1,"medianSpeed":29.0,"averageSpeed":27.9,"standardDeviationSpeed":14.4,"travelTimeStandardDeviation":6.38,"sampleSize":2562,"normalizedSampleSize":0.7185,"averageTravelTime":2.7,"medianTravelTime":1.22,"travelTimeRatio":1.88,"speedPercentiles":[3,7,11,14,18,21,23,25,27,29,30,32,33,35,37,39,42,46,52]},{"timeSet":20,"dateRange":1,"harmonicAverageSpeed":20.7,"medianSpeed":30.0,"averageSpeed":30.5,"standardDeviationSpeed":13.1,"travelTimeStandardDeviation":2.44,"sampleSize":2310,"normalizedSampleSize":0.6478,"averageTravelTime":1.71,"medianTravelTime":1.18,"travelTimeRatio":1.19,"speedPercentiles":[8,14,17,20,22,24,26,27,29,30,32,33,35,36,38,40,43,47,54]},{"timeSet":21,"dateRange":1,"harmonicAverageSpeed":21.5,"medianSpeed":32.0,"averageSpeed":31.9,"standardDeviationSpeed":12.9,"travelTimeStandardDeviation":2.87,"sampleSize":2498,"normalizedSampleSize":0.7005,"averageTravelTime":1.64,"medianTravelTime":1.1,"travelTimeRatio":1.15,"speedPercentiles":[9,16,19,22,24,26,27,29,30,32,33,34,36,38,40,42,45,48,54]},{"timeSet":22,"dateRange":1,"harmonicAverageSpeed":22.6,"medianSpeed":31.0,"averageSpeed":32.3,"standardDeviationSpeed":13.5,"travelTimeStandardDeviation":2.43,"sampleSize":2557,"normalizedSampleSize":0.717,"averageTravelTime":1.57,"medianTravelTime":1.14,"travelTimeRatio":1.09,"speedPercentiles":[10,16,19,22,24,25,27,29,30,31,33,34,36,38,40,43,46,50,56]},{"timeSet":23,"dateRange":1,"harmonicAverageSpeed":23.8,"medianSpeed":36.0,"averageSpeed":36.9,"standardDeviationSpeed":16.1,"travelTimeStandardDeviation":2.58,"sampleSize":1688,"normalizedSampleSize":0.4734,"averageTravelTime":1.49,"medianTravelTime":0.98,"travelTimeRatio":1.04,"speedPercentiles":[9,17,20,23,25,27,29,32,34,36,39,41,44,46,48,51,54,58,63]},{"timeSet":24,"dateRange":1,"harmonicAverageSpeed":24.1,"medianSpeed":36.0,"averageSpeed":36.8,"standardDeviationSpeed":16.5,"travelTimeStandardDeviation":2.01,"sampleSize":1475,"normalizedSampleSize":0.4136,"averageTravelTime":1.46,"medianTravelTime":0.98,"travelTimeRatio":1.02,"speedPercentiles":[9,16,20,23,25,27,29,31,33,36,38,41,44,46,49,52,55,58,63]},{"timeSet":25,"dateRange":1,"harmonicAverageSpeed":25.4,"medianSpeed":38.0,"averageSpeed":38.6,"standardDeviationSpeed":16.6,"travelTimeStandardDeviation":2.87,"sampleSize":1468,"normalizedSampleSize":0.4117,"averageTravelTime":1.39,"medianTravelTime":0.93,"travelTimeRatio":0.97,"speedPercentiles":[13,19,22,24,26,28,31,33,35,38,40,43,45,48,51,53,56,60,66]}]}},{"type":"Feature","geometry":{"type":"LineString","coordinates":[[12.46958,41.94689],[12.46956,41.94682],[12.46952,41.94671],[12.46949,41.94661],[12.46941,41.94638]]},"properties":{"segmentId":-13800006502581,"newSegmentId":"-00004931-3600-0400-0000-0000015f88c0","speedLimit":50,"frc":2,"streetName":"Corso di Francia","distance":57.45,"segmentTimeResults":[{"timeSet":2,"dateRange":1,"harmonicAverageSpeed":26.1,"medianSpeed":41.0,"averageSpeed":41.7,"standardDeviationSpeed":15.7,"travelTimeStandardDeviation":16.46,"sampleSize":2025,"normalizedSampleSize":0.5679,"averageTravelTime":7.92,"medianTravelTime":5.04,"travelTimeRatio":1.0,"speedPercentiles":[13,22,28,31,33,35,37,38,40,41,43,45,47,49,51,54,57,60,67]},{"timeSet":3,"dateRange":1,"harmonicAverageSpeed":22.7,"medianSpeed":40.0,"averageSpeed":41.3,"standardDeviationSpeed":17.2,"travelTimeStandardDeviation":20.63,"sampleSize":1171,"normalizedSampleSize":0.3284,"averageTravelTime":9.12,"medianTravelTime":5.17,"travelTimeRatio":1.15,"speedPercentiles":[10,18,26,29,32,34,35,37,39,40,42,45,47,50,52,55,59,63,70]},{"timeSet":4,"dateRange":1,"harmonicAverageSpeed":21.8,"medianSpeed":41.0,"averageSpeed":41.7,"standardDeviationSpeed":17.3,"travelTimeStandardDeviation":27.25,"sampleSize":756,"normalizedSampleSize":0.212,"averageTravelTime":9.47,"medianTravelTime":5.04,"travelTimeRatio":1.2,"speedPercentiles":[9,20,27,30,32,34,35,37,39,41,43,45,47,50,52,55,59,63,68]},{"timeSet":5,"dateRange":1,"harmonicAverageSpeed":19.3,"medianSpeed":42.0,"averageSpeed":42.3,"standardDeviationSpeed":18.2,"travelTimeStandardDeviation":27.91,"sampleSize":427,"normalizedSampleSize":0.1197,"averageTravelTime":10.74,"medianTravelTime":4.92,"travelTimeRatio":1.36,"speedPercentiles":[7,18,25,30,32,34,36,38,39,42,44,46,50,52,55,57,59,66,72]},{"timeSet":6,"dateRange":1,"harmonicAverageSpeed":22.0,"medianSpeed":46.0,"averageSpeed":45.8,"standardDeviationSpeed":19.0,"travelTimeStandardDeviation":20.04,"sampleSize":261,"normalizedSampleSize":0.0732,"averageTravelTime":9.39,"medianTravelTime":4.5,"travelTimeRatio":1.19,"speedPercentiles":[5,22,29,32,34,37,39,41,44,46,49,52,54,57,59,62,65,69,75]},{"timeSet":7,"dateRange":1,"harmonicAverageSpeed":32.7,"medianSpeed":46.0,"averageSpeed":48.0,"standardDeviationSpeed":16.9,"travelTimeStandardDeviation":12.87,"sampleSize":301,"normalizedSampleSize":0.0844,"averageTravelTime":6.32,"medianTravelTime":4.5,"travelTimeRatio":0.8,"speedPercentiles":[18,27,32,35,37,40,41,43,45,46,50,53,55,58,61,63,66,69,73]},{"timeSet":8,"dateRange":1,"harmonicAverageSpeed":29.5,"medianSpeed":45.0,"averageSpeed":45.2,"standardDeviationSpeed":16.0,"travelTimeStandardDeviation":13.2,"sampleSize":484,"normalizedSampleSize":0.1357,"averageTravelTime":7.01,"medianTravelTime":4.6,"travelTimeRatio":0.89,"speedPercentiles":[14,26,31,35,37,39,40,42,43,45,46,49,51,53,55,58,61,66,71]},{"timeSet":9,"dateRange":1,"harmonicAverageSpeed":29.1,"medianSpeed":43.0,"averageSpeed":43.5,"standardDeviationSpeed":14.8,"travelTimeStandardDeviation":15.71,"sampleSize":683,"normalizedSampleSize":0.1915,"averageTravelTime":7.11,"medianTravelTime":4.81,"travelTimeRatio":0.9,"speedPercentiles":[16,25,31,33,36,37,39,40,42,43,45,46,49,50,53,56,58,62,67]},{"timeSet":10,"dateRange":1,"harmonicAverageSpeed":26.7,"medianSpeed":40.0,"averageSpeed":40.7,"standardDeviationSpeed":14.2,"travelTimeStandardDeviation":29.3,"sampleSize":1164,"normalizedSampleSize":0.3264,"averageTravelTime":7.73,"medianTravelTime":5.17,"travelTimeRatio":0.98,"speedPercentiles":[15,23,28,31,33,35,36,38,39,40,42,43,45,47,49,52,56,59,64]},{"timeSet":11,"dateRange":1,"harmonicAverageSpeed":25.5,"medianSpeed":38.0,"averageSpeed":37.0,"standardDeviationSpeed":13.4,"travelTimeStandardDeviation":13.28,"sampleSize":1764,"normalizedSampleSize":0.4947,"averageTravelTime":8.12,"medianTravelTime":5.44,"travelTimeRatio":1.02,"speedPercentiles":[13,20,25,28,29,31,33,35,36,38,39,40,41,43,44,47,50,54,59]},{"timeSet":12,"dateRange":1,"harmonicAverageSpeed":22.7,"medianSpeed":35.0,"averageSpeed":34.4,"standardDeviationSpeed":12.8,"travelTimeStandardDeviation":15.48,"sampleSize":2222,"normalizedSampleSize":0.6231,"averageTravelTime":9.13,"medianTravelTime":5.91,"travelTimeRatio":1.15,"speedPercentiles":[10,18,22,25,27,29,31,32,34,35,36,38,39,40,42,44,46,50,55]},{"timeSet":13,"dateRange":1,"harmonicAverageSpeed":22.1,"medianSpeed":34.0,"averageSpeed":33.3,"standardDeviationSpeed":12.5,"travelTimeStandardDeviation":16.43,"sampleSize":2496,"normalizedSampleSize":0.6999,"averageTravelTime":9.35,"medianTravelTime":6.08,"travelTimeRatio":1.18,"speedPercentiles":[10,16,21,24,27,28,30,32,33,34,35,36,37,39,41,42,45,48,54]},{"timeSet":14,"dateRange":1,"harmonicAverageSpeed":22.6,"medianSpeed":34.0,"averageSpeed":33.3,"standardDeviationSpeed":12.9,"travelTimeStandardDeviation":15.14,"sampleSize":3008,"normalizedSampleSize":0.8435,"averageTravelTime":9.15,"medianTravelTime":6.08,"travelTimeRatio":1.16,"speedPercentiles":[10,16,20,24,26,28,30,31,33,34,35,37,38,39,41,42,45,48,54]},{"timeSet":15,"dateRange":1,"harmonicAverageSpeed":23.1,"medianSpeed":36.0,"averageSpeed":35.8,"standardDeviationSpeed":13.8,"travelTimeStandardDeviation":16.91,"sampleSize":2631,"normalizedSampleSize":0.7378,"averageTravelTime":8.94,"medianTravelTime":5.74,"travelTimeRatio":1.13,"speedPercentiles":[11,18,22,26,28,30,32,33,35,36,38,39,40,41,43,45,48,53,59]},{"timeSet":16,"dateRange":1,"harmonicAverageSpeed":21.8,"medianSpeed":38.0,"averageSpeed":37.2,"standardDeviationSpeed":14.2,"travelTimeStandardDeviation":20.55,"sampleSize":2019,"normalizedSampleSize":0.5662,"averageTravelTime":9.49,"medianTravelTime":5.44,"travelTimeRatio":1.2,"speedPercentiles":[10,18,24,27,30,32,34,35,37,38,39,40,42,43,45,48,51,55,60]},{"timeSet":17,"dateRange":1,"harmonicAverageSpeed":21.5,"medianSpeed":36.0,"averageSpeed":35.7,"standardDeviationSpeed":14.0,"travelTimeStandardDeviation":19.65,"sampleSize":2330,"normalizedSampleSize":0.6534,"averageTravelTime":9.61,"medianTravelTime":5.74,"travelTimeRatio":1.21,"speedPercentiles":[9,17,23,27,29,31,32,34,35,36,37,38,40,41,43,45,48,53,59]},{"timeSet":18,"dateRange":1,"harmonicAverageSpeed":18.0,"medianSpeed":35.0,"averageSpeed":33.4,"standardDeviationSpeed":14.3,"travelTimeStandardDeviation":22.57,"sampleSize":2591,"normalizedSampleSize":0.7266,"averageTravelTime":11.48,"medianTravelTime":5.91,"travelTimeRatio":1.45,"speedPercentiles":[5,11,17,22,27,29,31,32,34,35,36,38,39,40,42,43,46,50,55]},{"timeSet":19,"dateRange":1,"harmonicAverageSpeed":11.5,"medianSpeed":34.0,"averageSpeed":30.3,"standardDeviationSpeed":16.0,"travelTimeStandardDeviation":30.04,"sampleSize":2417,"normalizedSampleSize":0.6778,"averageTravelTime":17.94,"medianTravelTime":6.08,"travelTimeRatio":2.26,"speedPercentiles":[2,4,7,13,19,24,28,30,32,34,35,37,38,39,41,42,45,49,54]},{"timeSet":20,"dateRange":1,"harmonicAverageSpeed":18.4,"medianSpeed":35.0,"averageSpeed":33.4,"standardDeviationSpeed":14.0,"travelTimeStandardDeviation":20.54,"sampleSize":2199,"normalizedSampleSize":0.6167,"averageTravelTime":11.24,"medianTravelTime":5.91,"travelTimeRatio":1.42,"speedPercentiles":[6,13,18,22,26,28,31,32,34,35,36,38,39,40,42,44,46,49,55]},{"timeSet":21,"dateRange":1,"harmonicAverageSpeed":20.5,"medianSpeed":36.0,"averageSpeed":35.3,"standardDeviationSpeed":13.1,"travelTimeStandardDeviation":22.36,"sampleSize":2418,"normalizedSampleSize":0.6781,"averageTravelTime":10.08,"medianTravelTime":5.74,"travelTimeRatio":1.27,"speedPercentiles":[9,16,23,27,29,31,33,34,35,36,38,39,40,41,43,44,47,51,55]},{"timeSet":22,"dateRange":1,"harmonicAverageSpeed":20.4,"medianSpeed":37.0,"averageSpeed":35.8,"standardDeviationSpeed":13.9,"travelTimeStandardDeviation":20.63,"sampleSize":2462,"normalizedSampleSize":0.6904,"averageTravelTime":10.14,"medianTravelTime":5.59,"travelTimeRatio":1.28,"speedPercentiles":[9,16,22,26,29,31,33,34,36,37,38,39,41,42,44,46,48,51,58]},{"timeSet":23,"dateRange":1,"harmonicAverageSpeed":21.9,"medianSpeed":41.0,"averageSpeed":40.8,"standardDeviationSpeed":15.9,"travelTimeStandardDeviation":21.82,"sampleSize":1617,"normalizedSampleSize":0.4534,"averageTravelTime":9.44,"medianTravelTime":5.04,"travelTimeRatio":1.19,"speedPercentiles":[9,19,26,30,33,35,37,39,40,41,43,45,47,48,51,53,56,59,65]},{"timeSet":24,"dateRange":1,"harmonicAverageSpeed":20.1,"medianSpeed":41.0,"averageSpeed":40.6,"standardDeviationSpeed":16.8,"travelTimeStandardDeviation":21.86,"sampleSize":1420,"normalizedSampleSize":0.3982,"averageTravelTime":10.27,"medianTravelTime":5.04,"travelTimeRatio":1.3,"speedPercentiles":[6,15,24,30,33,34,36,38,39,41,43,45,47,49,51,54,57,61,66]},{"timeSet":25,"dateRange":1,"harmonicAverageSpeed":24.3,"medianSpeed":42.0,"averageSpeed":42.3,"standardDeviationSpeed":16.1,"travelTimeStandardDeviation":19.15,"sampleSize":1414,"normalizedSampleSize":0.3965,"averageTravelTime":8.51,"medianTravelTime":4.92,"travelTimeRatio":1.07,"speedPercentiles":[12,22,28,31,34,36,37,39,40,42,44,46,48,50,53,56,59,62,68]}]}},{"type":"Feature","geometry":{"type":"LineString","coordinates":[[12.46941,41.94638],[12.46932,41.9461]]},"properties":{"segmentId":-13800007235814,"newSegmentId":"-00004931-3600-0400-0000-0000014b1191","speedLimit":50,"frc":2,"streetName":"Corso di Francia","distance":32.98,"segmentTimeResults":[{"timeSet":2,"dateRange":1,"harmonicAverageSpeed":34.2,"medianSpeed":48.0,"averageSpeed":47.0,"standardDeviationSpeed":15.9,"travelTimeStandardDeviation":6.6,"sampleSize":1972,"normalizedSampleSize":0.553,"averageTravelTime":3.47,"medianTravelTime":2.47,"travelTimeRatio":1.0,"speedPercentiles":[16,26,32,37,39,41,43,45,46,48,50,51,52,54,56,58,61,65,70]},{"timeSet":3,"dateRange":1,"harmonicAverageSpeed":35.1,"medianSpeed":49.0,"averageSpeed":48.1,"standardDeviationSpeed":16.5,"travelTimeStandardDeviation":4.89,"sampleSize":1071,"normalizedSampleSize":0.3003,"averageTravelTime":3.38,"medianTravelTime":2.42,"travelTimeRatio":0.97,"speedPercentiles":[15,25,32,37,40,43,45,46,48,49,51,52,54,56,58,60,63,68,74]},{"timeSet":4,"dateRange":1,"harmonicAverageSpeed":33.5,"medianSpeed":49.0,"averageSpeed":48.4,"standardDeviationSpeed":16.8,"travelTimeStandardDeviation":7.07,"sampleSize":671,"normalizedSampleSize":0.1882,"averageTravelTime":3.54,"medianTravelTime":2.42,"travelTimeRatio":1.02,"speedPercentiles":[16,26,32,38,41,43,44,46,47,49,51,53,54,56,59,61,64,67,74]},{"timeSet":5,"dateRange":1,"harmonicAverageSpeed":27.5,"medianSpeed":52.0,"averageSpeed":49.4,"standardDeviationSpeed":17.4,"travelTimeStandardDeviation":10.73,"sampleSize":399,"normalizedSampleSize":0.1119,"averageTravelTime":4.32,"medianTravelTime":2.28,"travelTimeRatio":1.24,"speedPercentiles":[14,24,31,39,42,44,45,48,50,52,53,54,56,58,59,61,64,69,77]},{"timeSet":6,"dateRange":1,"harmonicAverageSpeed":37.8,"medianSpeed":54.0,"averageSpeed":52.9,"standardDeviationSpeed":17.5,"travelTimeStandardDeviation":5.01,"sampleSize":253,"normalizedSampleSize":0.0709,"averageTravelTime":3.14,"medianTravelTime":2.2,"travelTimeRatio":0.91,"speedPercentiles":[22,30,36,41,43,45,48,51,52,54,56,59,60,61,63,65,70,75,77]},{"timeSet":7,"dateRange":1,"harmonicAverageSpeed":29.9,"medianSpeed":55.0,"averageSpeed":52.7,"standardDeviationSpeed":17.6,"travelTimeStandardDeviation":14.58,"sampleSize":297,"normalizedSampleSize":0.0833,"averageTravelTime":3.97,"medianTravelTime":2.16,"travelTimeRatio":1.14,"speedPercentiles":[14,28,36,40,45,47,50,52,53,55,57,59,61,62,64,66,68,73,77]},{"timeSet":8,"dateRange":1,"harmonicAverageSpeed":35.0,"medianSpeed":52.0,"averageSpeed":50.6,"standardDeviationSpeed":16.7,"travelTimeStandardDeviation":6.17,"sampleSize":470,"normalizedSampleSize":0.1318,"averageTravelTime":3.39,"medianTravelTime":2.28,"travelTimeRatio":0.98,"speedPercentiles":[14,27,37,41,44,45,47,49,50,52,53,55,57,58,61,64,66,71,76]},{"timeSet":9,"dateRange":1,"harmonicAverageSpeed":35.3,"medianSpeed":49.0,"averageSpeed":48.3,"standardDeviationSpeed":15.0,"travelTimeStandardDeviation":8.02,"sampleSize":663,"normalizedSampleSize":0.1859,"averageTravelTime":3.36,"medianTravelTime":2.42,"travelTimeRatio":0.97,"speedPercentiles":[18,27,35,39,42,44,45,46,48,49,51,52,54,56,58,60,63,66,70]},{"timeSet":10,"dateRange":1,"harmonicAverageSpeed":36.0,"medianSpeed":46.0,"averageSpeed":45.2,"standardDeviationSpeed":14.5,"travelTimeStandardDeviation":3.39,"sampleSize":1113,"normalizedSampleSize":0.3121,"averageTravelTime":3.3,"medianTravelTime":2.58,"travelTimeRatio":0.95,"speedPercentiles":[16,25,31,35,38,40,42,43,45,46,48,49,51,52,54,56,59,63,68]},{"timeSet":11,"dateRange":1,"harmonicAverageSpeed":30.8,"medianSpeed":43.0,"averageSpeed":41.3,"standardDeviationSpeed":14.2,"travelTimeStandardDeviation":5.99,"sampleSize":1691,"normalizedSampleSize":0.4742,"averageTravelTime":3.85,"medianTravelTime":2.76,"travelTimeRatio":1.11,"speedPercentiles":[15,21,27,31,34,36,38,39,41,43,44,45,46,48,50,52,55,58,63]},{"timeSet":12,"dateRange":1,"harmonicAverageSpeed":27.9,"medianSpeed":40.0,"averageSpeed":38.9,"standardDeviationSpeed":13.4,"travelTimeStandardDeviation":7.15,"sampleSize":2102,"normalizedSampleSize":0.5895,"averageTravelTime":4.25,"medianTravelTime":2.97,"travelTimeRatio":1.22,"speedPercentiles":[13,20,25,28,31,34,36,37,39,40,41,43,45,46,47,49,52,54,59]},{"timeSet":13,"dateRange":1,"harmonicAverageSpeed":29.7,"medianSpeed":39.0,"averageSpeed":37.8,"standardDeviationSpeed":13.0,"travelTimeStandardDeviation":4.47,"sampleSize":2341,"normalizedSampleSize":0.6565,"averageTravelTime":4.0,"medianTravelTime":3.04,"travelTimeRatio":1.15,"speedPercentiles":[14,20,25,28,31,33,34,36,37,39,40,41,42,44,45,47,50,53,58]},{"timeSet":14,"dateRange":1,"harmonicAverageSpeed":27.9,"medianSpeed":39.0,"averageSpeed":37.6,"standardDeviationSpeed":13.3,"travelTimeStandardDeviation":7.05,"sampleSize":2891,"normalizedSampleSize":0.8107,"averageTravelTime":4.25,"medianTravelTime":3.04,"travelTimeRatio":1.22,"speedPercentiles":[14,19,24,27,30,33,34,36,37,39,40,41,43,44,45,47,49,52,58]},{"timeSet":15,"dateRange":1,"harmonicAverageSpeed":29.3,"medianSpeed":41.0,"averageSpeed":40.0,"standardDeviationSpeed":14.5,"travelTimeStandardDeviation":7.56,"sampleSize":2521,"normalizedSampleSize":0.707,"averageTravelTime":4.06,"medianTravelTime":2.9,"travelTimeRatio":1.17,"speedPercentiles":[14,20,25,28,32,34,36,38,39,41,42,43,45,46,48,51,54,57,62]},{"timeSet":16,"dateRange":1,"harmonicAverageSpeed":31.1,"medianSpeed":43.0,"averageSpeed":41.8,"standardDeviationSpeed":14.6,"travelTimeStandardDeviation":5.67,"sampleSize":1929,"normalizedSampleSize":0.5409,"averageTravelTime":3.82,"medianTravelTime":2.76,"travelTimeRatio":1.1,"speedPercentiles":[14,21,26,30,34,37,39,40,42,43,44,46,47,48,50,52,55,59,65]},{"timeSet":17,"dateRange":1,"harmonicAverageSpeed":26.2,"medianSpeed":41.0,"averageSpeed":39.9,"standardDeviationSpeed":14.5,"travelTimeStandardDeviation":12.38,"sampleSize":2213,"normalizedSampleSize":0.6206,"averageTravelTime":4.54,"medianTravelTime":2.9,"travelTimeRatio":1.31,"speedPercentiles":[12,20,26,30,33,35,36,38,39,41,42,43,45,46,48,50,53,57,63]},{"timeSet":18,"dateRange":1,"harmonicAverageSpeed":22.4,"medianSpeed":41.0,"averageSpeed":38.1,"standardDeviationSpeed":15.1,"travelTimeStandardDeviation":9.4,"sampleSize":2463,"normalizedSampleSize":0.6907,"averageTravelTime":5.29,"medianTravelTime":2.9,"travelTimeRatio":1.52,"speedPercentiles":[8,14,21,27,31,34,36,38,39,41,42,43,45,46,48,49,51,54,59]},{"timeSet":19,"dateRange":1,"harmonicAverageSpeed":12.9,"medianSpeed":39.0,"averageSpeed":34.4,"standardDeviationSpeed":17.4,"travelTimeStandardDeviation":15.93,"sampleSize":2262,"normalizedSampleSize":0.6343,"averageTravelTime":9.19,"medianTravelTime":3.04,"travelTimeRatio":2.65,"speedPercentiles":[3,4,9,15,23,28,33,35,38,39,41,42,44,45,47,49,51,53,57]},{"timeSet":20,"dateRange":1,"harmonicAverageSpeed":22.0,"medianSpeed":41.0,"averageSpeed":37.7,"standardDeviationSpeed":15.3,"travelTimeStandardDeviation":9.07,"sampleSize":2045,"normalizedSampleSize":0.5735,"averageTravelTime":5.39,"medianTravelTime":2.9,"travelTimeRatio":1.55,"speedPercentiles":[8,14,19,24,28,33,35,37,39,41,42,43,45,46,48,49,52,55,59]},{"timeSet":21,"dateRange":1,"harmonicAverageSpeed":29.0,"medianSpeed":42.0,"averageSpeed":40.2,"standardDeviationSpeed":13.4,"travelTimeStandardDeviation":6.8,"sampleSize":2281,"normalizedSampleSize":0.6397,"averageTravelTime":4.09,"medianTravelTime":2.83,"travelTimeRatio":1.18,"speedPercentiles":[13,20,26,31,34,36,38,40,41,42,43,44,46,47,49,50,52,55,59]},{"timeSet":22,"dateRange":1,"harmonicAverageSpeed":29.4,"medianSpeed":42.0,"averageSpeed":40.5,"standardDeviationSpeed":14.4,"travelTimeStandardDeviation":6.79,"sampleSize":2365,"normalizedSampleSize":0.6632,"averageTravelTime":4.05,"medianTravelTime":2.83,"travelTimeRatio":1.17,"speedPercentiles":[13,19,24,29,33,36,38,40,41,42,44,45,46,48,50,51,54,57,61]},{"timeSet":23,"dateRange":1,"harmonicAverageSpeed":32.6,"medianSpeed":48.0,"averageSpeed":46.2,"standardDeviationSpeed":16.0,"travelTimeStandardDeviation":6.16,"sampleSize":1537,"normalizedSampleSize":0.431,"averageTravelTime":3.64,"medianTravelTime":2.47,"travelTimeRatio":1.05,"speedPercentiles":[14,21,29,35,39,41,43,45,47,48,50,51,53,54,56,58,60,64,70]},{"timeSet":24,"dateRange":1,"harmonicAverageSpeed":28.8,"medianSpeed":48.0,"averageSpeed":46.1,"standardDeviationSpeed":16.6,"travelTimeStandardDeviation":10.29,"sampleSize":1368,"normalizedSampleSize":0.3836,"averageTravelTime":4.13,"medianTravelTime":2.47,"travelTimeRatio":1.19,"speedPercentiles":[13,21,28,34,38,41,43,45,46,48,50,51,53,55,57,59,62,65,70]},{"timeSet":25,"dateRange":1,"harmonicAverageSpeed":35.0,"medianSpeed":48.0,"averageSpeed":47.3,"standardDeviationSpeed":15.7,"travelTimeStandardDeviation":5.36,"sampleSize":1345,"normalizedSampleSize":0.3772,"averageTravelTime":3.39,"medianTravelTime":2.47,"travelTimeRatio":0.98,"speedPercentiles":[17,24,32,37,39,42,44,45,47,48,50,52,54,55,57,60,63,65,71]}]}},{"type":"Feature","geometry":{"type":"LineString","coordinates":[[12.46932,41.9461],[12.46927,41.94594],[12.46923,41.94583]]},"properties":{"segmentId":-13800007335853,"newSegmentId":"-00004931-3600-0400-0000-0000015d7bc5","speedLimit":50,"frc":2,"streetName":"Corso di Francia","distance":30.86,"segmentTimeResults":[{"timeSet":2,"dateRange":1,"harmonicAverageSpeed":38.8,"medianSpeed":49.0,"averageSpeed":48.6,"standardDeviationSpeed":15.6,"travelTimeStandardDeviation":3.15,"sampleSize":1975,"normalizedSampleSize":0.5538,"averageTravelTime":2.86,"medianTravelTime":2.27,"travelTimeRatio":1.0,"speedPercentiles":[20,28,34,37,40,43,45,46,48,49,51,53,54,56,58,60,62,66,72]},{"timeSet":3,"dateRange":1,"harmonicAverageSpeed":37.7,"medianSpeed":51.0,"averageSpeed":49.7,"standardDeviationSpeed":16.1,"travelTimeStandardDeviation":4.18,"sampleSize":1080,"normalizedSampleSize":0.3029,"averageTravelTime":2.95,"medianTravelTime":2.18,"travelTimeRatio":1.03,"speedPercentiles":[19,28,34,38,42,44,46,48,49,51,52,54,56,58,59,61,64,68,75]},{"timeSet":4,"dateRange":1,"harmonicAverageSpeed":38.4,"medianSpeed":51.0,"averageSpeed":50.5,"standardDeviationSpeed":16.4,"travelTimeStandardDeviation":4.73,"sampleSize":673,"normalizedSampleSize":0.1887,"averageTravelTime":2.89,"medianTravelTime":2.18,"travelTimeRatio":1.01,"speedPercentiles":[19,29,35,40,43,44,46,48,50,51,53,54,56,58,60,63,66,69,74]},{"timeSet":5,"dateRange":1,"harmonicAverageSpeed":32.4,"medianSpeed":53.0,"averageSpeed":51.4,"standardDeviationSpeed":17.1,"travelTimeStandardDeviation":7.53,"sampleSize":401,"normalizedSampleSize":0.1125,"averageTravelTime":3.42,"medianTravelTime":2.1,"travelTimeRatio":1.2,"speedPercentiles":[18,29,35,41,44,46,48,50,51,53,55,57,58,59,61,63,66,71,78]},{"timeSet":6,"dateRange":1,"harmonicAverageSpeed":42.1,"medianSpeed":57.0,"averageSpeed":54.9,"standardDeviationSpeed":16.8,"travelTimeStandardDeviation":3.61,"sampleSize":256,"normalizedSampleSize":0.0718,"averageTravelTime":2.64,"medianTravelTime":1.95,"travelTimeRatio":0.92,"speedPercentiles":[26,34,38,42,45,47,50,52,54,57,58,61,62,63,65,67,70,75,81]},{"timeSet":7,"dateRange":1,"harmonicAverageSpeed":43.9,"medianSpeed":57.0,"averageSpeed":55.3,"standardDeviationSpeed":16.6,"travelTimeStandardDeviation":3.16,"sampleSize":298,"normalizedSampleSize":0.0836,"averageTravelTime":2.53,"medianTravelTime":1.95,"travelTimeRatio":0.88,"speedPercentiles":[21,33,38,43,47,49,52,54,55,57,59,61,63,65,66,68,70,74,79]},{"timeSet":8,"dateRange":1,"harmonicAverageSpeed":40.0,"medianSpeed":54.0,"averageSpeed":52.8,"standardDeviationSpeed":16.7,"travelTimeStandardDeviation":3.24,"sampleSize":471,"normalizedSampleSize":0.1321,"averageTravelTime":2.77,"medianTravelTime":2.06,"travelTimeRatio":0.97,"speedPercentiles":[17,30,39,43,45,47,49,51,53,54,55,57,59,61,64,66,70,72,77]},{"timeSet":9,"dateRange":1,"harmonicAverageSpeed":42.4,"medianSpeed":51.0,"averageSpeed":50.1,"standardDeviationSpeed":14.6,"travelTimeStandardDeviation":1.89,"sampleSize":664,"normalizedSampleSize":0.1862,"averageTravelTime":2.62,"medianTravelTime":2.18,"travelTimeRatio":0.92,"speedPercentiles":[21,32,37,40,43,45,47,48,49,51,53,54,56,58,60,62,64,68,72]},{"timeSet":10,"dateRange":1,"harmonicAverageSpeed":39.0,"medianSpeed":48.0,"averageSpeed":47.1,"standardDeviationSpeed":14.5,"travelTimeStandardDeviation":2.24,"sampleSize":1115,"normalizedSampleSize":0.3127,"averageTravelTime":2.85,"medianTravelTime":2.31,"travelTimeRatio":1.0,"speedPercentiles":[19,27,34,37,39,42,43,45,47,48,50,51,53,54,56,58,61,64,69]},{"timeSet":11,"dateRange":1,"harmonicAverageSpeed":34.2,"medianSpeed":44.0,"averageSpeed":43.1,"standardDeviationSpeed":13.9,"travelTimeStandardDeviation":3.18,"sampleSize":1696,"normalizedSampleSize":0.4756,"averageTravelTime":3.24,"medianTravelTime":2.52,"travelTimeRatio":1.13,"speedPercentiles":[16,24,29,34,36,38,40,41,43,44,45,47,48,50,51,54,56,60,64]},{"timeSet":12,"dateRange":1,"harmonicAverageSpeed":32.5,"medianSpeed":41.0,"averageSpeed":40.5,"standardDeviationSpeed":13.2,"travelTimeStandardDeviation":4.12,"sampleSize":2108,"normalizedSampleSize":0.5911,"averageTravelTime":3.42,"medianTravelTime":2.71,"travelTimeRatio":1.19,"speedPercentiles":[17,22,27,30,33,35,37,39,40,41,43,44,46,47,49,51,53,56,60]},{"timeSet":13,"dateRange":1,"harmonicAverageSpeed":31.6,"medianSpeed":40.0,"averageSpeed":38.9,"standardDeviationSpeed":12.6,"travelTimeStandardDeviation":3.68,"sampleSize":2348,"normalizedSampleSize":0.6584,"averageTravelTime":3.51,"medianTravelTime":2.78,"travelTimeRatio":1.23,"speedPercentiles":[16,22,26,29,32,34,36,37,38,40,41,42,43,45,46,48,50,54,59]},{"timeSet":14,"dateRange":1,"harmonicAverageSpeed":30.2,"medianSpeed":39.0,"averageSpeed":38.7,"standardDeviationSpeed":13.3,"travelTimeStandardDeviation":4.51,"sampleSize":2899,"normalizedSampleSize":0.813,"averageTravelTime":3.68,"medianTravelTime":2.85,"travelTimeRatio":1.29,"speedPercentiles":[15,20,25,29,31,34,35,37,38,39,41,42,43,45,46,48,51,54,60]},{"timeSet":15,"dateRange":1,"harmonicAverageSpeed":33.7,"medianSpeed":42.0,"averageSpeed":41.4,"standardDeviationSpeed":14.2,"travelTimeStandardDeviation":3.0,"sampleSize":2534,"normalizedSampleSize":0.7106,"averageTravelTime":3.3,"medianTravelTime":2.65,"travelTimeRatio":1.15,"speedPercentiles":[16,22,27,31,34,36,38,39,40,42,43,44,46,47,49,52,55,59,65]},{"timeSet":16,"dateRange":1,"harmonicAverageSpeed":34.1,"medianSpeed":44.0,"averageSpeed":43.4,"standardDeviationSpeed":14.3,"travelTimeStandardDeviation":3.93,"sampleSize":1936,"normalizedSampleSize":0.5429,"averageTravelTime":3.26,"medianTravelTime":2.52,"travelTimeRatio":1.14,"speedPercentiles":[17,24,29,33,36,38,40,41,43,44,45,47,48,49,51,54,57,61,66]},{"timeSet":17,"dateRange":1,"harmonicAverageSpeed":32.4,"medianSpeed":42.0,"averageSpeed":41.3,"standardDeviationSpeed":14.0,"travelTimeStandardDeviation":3.78,"sampleSize":2223,"normalizedSampleSize":0.6234,"averageTravelTime":3.43,"medianTravelTime":2.65,"travelTimeRatio":1.2,"speedPercentiles":[15,23,28,32,34,36,37,39,41,42,43,44,46,47,49,51,55,58,65]},{"timeSet":18,"dateRange":1,"harmonicAverageSpeed":24.3,"medianSpeed":42.0,"averageSpeed":39.8,"standardDeviationSpeed":14.9,"travelTimeStandardDeviation":7.53,"sampleSize":2472,"normalizedSampleSize":0.6932,"averageTravelTime":4.57,"medianTravelTime":2.65,"travelTimeRatio":1.6,"speedPercentiles":[9,17,23,29,33,36,38,39,41,42,44,45,47,48,49,51,53,55,59]},{"timeSet":19,"dateRange":1,"harmonicAverageSpeed":13.0,"medianSpeed":41.0,"averageSpeed":35.8,"standardDeviationSpeed":17.7,"travelTimeStandardDeviation":15.5,"sampleSize":2275,"normalizedSampleSize":0.638,"averageTravelTime":8.57,"medianTravelTime":2.71,"travelTimeRatio":2.99,"speedPercentiles":[2,4,10,17,25,30,34,37,39,41,42,44,45,47,48,50,52,54,59]},{"timeSet":20,"dateRange":1,"harmonicAverageSpeed":21.8,"medianSpeed":42.0,"averageSpeed":38.7,"standardDeviationSpeed":15.6,"travelTimeStandardDeviation":8.48,"sampleSize":2054,"normalizedSampleSize":0.576,"averageTravelTime":5.11,"medianTravelTime":2.65,"travelTimeRatio":1.78,"speedPercentiles":[6,14,20,26,31,34,37,39,41,42,43,45,46,47,49,51,53,56,60]},{"timeSet":21,"dateRange":1,"harmonicAverageSpeed":33.1,"medianSpeed":44.0,"averageSpeed":41.8,"standardDeviationSpeed":13.3,"travelTimeStandardDeviation":3.34,"sampleSize":2290,"normalizedSampleSize":0.6422,"averageTravelTime":3.36,"medianTravelTime":2.52,"travelTimeRatio":1.17,"speedPercentiles":[15,23,28,33,35,38,39,41,42,44,45,46,47,49,50,52,53,56,61]},{"timeSet":22,"dateRange":1,"harmonicAverageSpeed":33.1,"medianSpeed":44.0,"averageSpeed":42.1,"standardDeviationSpeed":14.1,"travelTimeStandardDeviation":3.45,"sampleSize":2373,"normalizedSampleSize":0.6655,"averageTravelTime":3.36,"medianTravelTime":2.52,"travelTimeRatio":1.17,"speedPercentiles":[15,21,27,32,35,37,39,41,42,44,45,46,47,49,51,53,56,58,63]},{"timeSet":23,"dateRange":1,"harmonicAverageSpeed":37.1,"medianSpeed":50.0,"averageSpeed":48.1,"standardDeviationSpeed":15.4,"travelTimeStandardDeviation":3.49,"sampleSize":1542,"normalizedSampleSize":0.4324,"averageTravelTime":3.0,"medianTravelTime":2.22,"travelTimeRatio":1.05,"speedPercentiles":[17,27,34,38,41,43,45,46,48,50,51,53,54,56,58,60,62,66,71]},{"timeSet":24,"dateRange":1,"harmonicAverageSpeed":34.8,"medianSpeed":50.0,"averageSpeed":48.1,"standardDeviationSpeed":16.0,"travelTimeStandardDeviation":4.37,"sampleSize":1369,"normalizedSampleSize":0.3839,"averageTravelTime":3.19,"medianTravelTime":2.22,"travelTimeRatio":1.11,"speedPercentiles":[16,26,33,37,40,43,45,47,48,50,51,53,55,57,59,61,63,66,71]},{"timeSet":25,"dateRange":1,"harmonicAverageSpeed":39.3,"medianSpeed":50.0,"averageSpeed":48.8,"standardDeviationSpeed":15.4,"travelTimeStandardDeviation":2.79,"sampleSize":1352,"normalizedSampleSize":0.3791,"averageTravelTime":2.83,"medianTravelTime":2.22,"travelTimeRatio":0.99,"speedPercentiles":[20,28,34,38,41,43,45,47,48,50,52,54,55,56,59,61,64,67,71]}]}},{"type":"Feature","geometry":{"type":"LineString","coordinates":[[12.46923,41.94583],[12.4692,41.94572],[12.46917,41.94559],[12.46915,41.94548],[12.46913,41.94535],[12.46912,41.9452],[12.46913,41.94495]]},"properties":{"segmentId":-13800006578243,"newSegmentId":"-00004931-3600-0400-0000-0000015d7b99","speedLimit":50,"frc":2,"streetName":"Corso di Francia","distance":97.8,"segmentTimeResults":[{"timeSet":2,"dateRange":1,"harmonicAverageSpeed":27.5,"medianSpeed":48.0,"averageSpeed":43.4,"standardDeviationSpeed":20.6,"travelTimeStandardDeviation":12.22,"sampleSize":1972,"normalizedSampleSize":0.553,"averageTravelTime":12.81,"medianTravelTime":7.34,"travelTimeRatio":1.0,"speedPercentiles":[9,11,14,21,28,34,39,43,45,48,50,52,54,56,57,60,63,67,72]},{"timeSet":3,"dateRange":1,"harmonicAverageSpeed":23.8,"medianSpeed":49.0,"averageSpeed":43.1,"standardDeviationSpeed":22.6,"travelTimeStandardDeviation":18.17,"sampleSize":1079,"normalizedSampleSize":0.3026,"averageTravelTime":14.82,"medianTravelTime":7.19,"travelTimeRatio":1.16,"speedPercentiles":[7,9,11,14,21,29,35,42,46,49,51,54,56,58,60,63,66,69,76]},{"timeSet":4,"dateRange":1,"harmonicAverageSpeed":23.4,"medianSpeed":49.0,"averageSpeed":42.8,"standardDeviationSpeed":23.6,"travelTimeStandardDeviation":14.84,"sampleSize":676,"normalizedSampleSize":0.1896,"averageTravelTime":15.03,"medianTravelTime":7.19,"travelTimeRatio":1.17,"speedPercentiles":[8,9,10,12,17,26,33,41,45,49,51,54,56,59,61,63,66,69,76]},{"timeSet":5,"dateRange":1,"harmonicAverageSpeed":22.9,"medianSpeed":52.0,"averageSpeed":45.4,"standardDeviationSpeed":24.7,"travelTimeStandardDeviation":20.43,"sampleSize":402,"normalizedSampleSize":0.1127,"averageTravelTime":15.4,"medianTravelTime":6.77,"travelTimeRatio":1.2,"speedPercentiles":[8,9,10,14,21,29,35,45,50,52,55,57,59,61,63,65,70,74,79]},{"timeSet":6,"dateRange":1,"harmonicAverageSpeed":22.8,"medianSpeed":54.0,"averageSpeed":46.3,"standardDeviationSpeed":26.1,"travelTimeStandardDeviation":17.5,"sampleSize":256,"normalizedSampleSize":0.0718,"averageTravelTime":15.45,"medianTravelTime":6.52,"travelTimeRatio":1.21,"speedPercentiles":[7,9,10,11,17,29,36,45,49,54,58,60,62,63,66,70,73,76,81]},{"timeSet":7,"dateRange":1,"harmonicAverageSpeed":29.1,"medianSpeed":59.0,"averageSpeed":50.7,"standardDeviationSpeed":23.9,"travelTimeStandardDeviation":12.96,"sampleSize":295,"normalizedSampleSize":0.0827,"averageTravelTime":12.12,"medianTravelTime":5.97,"travelTimeRatio":0.95,"speedPercentiles":[8,10,13,24,33,42,48,51,55,59,61,63,64,67,69,70,72,76,81]},{"timeSet":8,"dateRange":1,"harmonicAverageSpeed":38.1,"medianSpeed":55.0,"averageSpeed":52.8,"standardDeviationSpeed":18.8,"travelTimeStandardDeviation":9.13,"sampleSize":470,"normalizedSampleSize":0.1318,"averageTravelTime":9.25,"medianTravelTime":6.4,"travelTimeRatio":0.72,"speedPercentiles":[11,22,35,40,45,47,50,52,54,55,57,59,61,62,65,67,71,74,80]},{"timeSet":9,"dateRange":1,"harmonicAverageSpeed":34.5,"medianSpeed":53.0,"averageSpeed":49.3,"standardDeviationSpeed":17.8,"travelTimeStandardDeviation":12.13,"sampleSize":665,"normalizedSampleSize":0.1865,"averageTravelTime":10.21,"medianTravelTime":6.64,"travelTimeRatio":0.8,"speedPercentiles":[9,18,30,39,42,45,47,48,50,53,54,56,58,59,61,63,65,69,74]},{"timeSet":10,"dateRange":1,"harmonicAverageSpeed":31.2,"medianSpeed":48.0,"averageSpeed":45.3,"standardDeviationSpeed":18.0,"travelTimeStandardDeviation":10.87,"sampleSize":1114,"normalizedSampleSize":0.3124,"averageTravelTime":11.29,"medianTravelTime":7.34,"travelTimeRatio":0.88,"speedPercentiles":[9,15,23,31,36,40,42,44,47,48,50,52,54,56,58,60,62,65,70]},{"timeSet":11,"dateRange":1,"harmonicAverageSpeed":30.2,"medianSpeed":45.0,"averageSpeed":42.2,"standardDeviationSpeed":16.2,"travelTimeStandardDeviation":10.89,"sampleSize":1697,"normalizedSampleSize":0.4759,"averageTravelTime":11.68,"medianTravelTime":7.82,"travelTimeRatio":0.91,"speedPercentiles":[9,15,23,29,35,38,40,42,43,45,46,48,49,51,52,54,57,61,66]},{"timeSet":12,"dateRange":1,"harmonicAverageSpeed":26.6,"medianSpeed":40.0,"averageSpeed":37.9,"standardDeviationSpeed":15.5,"travelTimeStandardDeviation":13.01,"sampleSize":2101,"normalizedSampleSize":0.5892,"averageTravelTime":13.24,"medianTravelTime":8.8,"travelTimeRatio":1.03,"speedPercentiles":[8,12,20,25,29,32,35,37,39,40,41,43,44,46,48,49,52,55,61]},{"timeSet":13,"dateRange":1,"harmonicAverageSpeed":26.0,"medianSpeed":37.0,"averageSpeed":35.8,"standardDeviationSpeed":14.4,"travelTimeStandardDeviation":13.63,"sampleSize":2353,"normalizedSampleSize":0.6598,"averageTravelTime":13.54,"medianTravelTime":9.52,"travelTimeRatio":1.06,"speedPercentiles":[9,14,20,24,28,30,32,34,35,37,38,40,41,43,44,46,50,53,59]},{"timeSet":14,"dateRange":1,"harmonicAverageSpeed":25.4,"medianSpeed":37.0,"averageSpeed":35.5,"standardDeviationSpeed":14.8,"travelTimeStandardDeviation":13.62,"sampleSize":2900,"normalizedSampleSize":0.8132,"averageTravelTime":13.87,"medianTravelTime":9.52,"travelTimeRatio":1.08,"speedPercentiles":[9,13,18,23,26,30,32,34,36,37,39,40,41,43,45,46,49,53,58]},{"timeSet":15,"dateRange":1,"harmonicAverageSpeed":27.4,"medianSpeed":40.0,"averageSpeed":38.3,"standardDeviationSpeed":16.3,"travelTimeStandardDeviation":11.22,"sampleSize":2532,"normalizedSampleSize":0.71,"averageTravelTime":12.83,"medianTravelTime":8.8,"travelTimeRatio":1.0,"speedPercentiles":[9,13,20,25,28,32,34,36,38,40,41,43,44,46,48,50,53,58,64]},{"timeSet":16,"dateRange":1,"harmonicAverageSpeed":28.7,"medianSpeed":43.0,"averageSpeed":40.9,"standardDeviationSpeed":16.8,"travelTimeStandardDeviation":11.78,"sampleSize":1937,"normalizedSampleSize":0.5432,"averageTravelTime":12.25,"medianTravelTime":8.19,"travelTimeRatio":0.96,"speedPercentiles":[9,14,22,27,31,35,37,39,41,43,44,46,47,49,51,53,57,61,67]},{"timeSet":17,"dateRange":1,"harmonicAverageSpeed":26.5,"medianSpeed":39.0,"averageSpeed":38.1,"standardDeviationSpeed":16.1,"travelTimeStandardDeviation":13.07,"sampleSize":2225,"normalizedSampleSize":0.6239,"averageTravelTime":13.29,"medianTravelTime":9.03,"travelTimeRatio":1.04,"speedPercentiles":[8,12,20,25,29,32,34,36,38,39,41,43,44,46,48,50,53,58,65]},{"timeSet":18,"dateRange":1,"harmonicAverageSpeed":19.9,"medianSpeed":42.0,"averageSpeed":36.7,"standardDeviationSpeed":17.3,"travelTimeStandardDeviation":23.85,"sampleSize":2463,"normalizedSampleSize":0.6907,"averageTravelTime":17.74,"medianTravelTime":8.38,"travelTimeRatio":1.38,"speedPercentiles":[5,9,13,17,23,29,34,37,40,42,43,44,46,48,49,51,53,55,59]},{"timeSet":19,"dateRange":1,"harmonicAverageSpeed":12.8,"medianSpeed":39.0,"averageSpeed":33.4,"standardDeviationSpeed":19.1,"travelTimeStandardDeviation":39.96,"sampleSize":2287,"normalizedSampleSize":0.6413,"averageTravelTime":27.53,"medianTravelTime":9.03,"travelTimeRatio":2.15,"speedPercentiles":[3,4,7,10,15,21,26,32,36,39,41,43,45,46,48,50,52,55,59]},{"timeSet":20,"dateRange":1,"harmonicAverageSpeed":16.5,"medianSpeed":40.0,"averageSpeed":34.4,"standardDeviationSpeed":18.3,"travelTimeStandardDeviation":29.03,"sampleSize":2056,"normalizedSampleSize":0.5766,"averageTravelTime":21.38,"medianTravelTime":8.8,"travelTimeRatio":1.67,"speedPercentiles":[4,7,10,13,17,22,27,32,37,40,42,43,45,47,48,50,52,55,60]},{"timeSet":21,"dateRange":1,"harmonicAverageSpeed":26.5,"medianSpeed":42.0,"averageSpeed":38.3,"standardDeviationSpeed":16.4,"travelTimeStandardDeviation":11.95,"sampleSize":2288,"normalizedSampleSize":0.6416,"averageTravelTime":13.29,"medianTravelTime":8.38,"travelTimeRatio":1.04,"speedPercentiles":[9,12,15,21,26,31,35,38,41,42,44,45,47,48,50,51,53,56,61]},{"timeSet":22,"dateRange":1,"harmonicAverageSpeed":25.2,"medianSpeed":41.0,"averageSpeed":37.4,"standardDeviationSpeed":17.5,"travelTimeStandardDeviation":12.33,"sampleSize":2372,"normalizedSampleSize":0.6652,"averageTravelTime":13.96,"medianTravelTime":8.59,"travelTimeRatio":1.09,"speedPercentiles":[9,12,15,18,22,27,31,35,38,41,43,45,46,48,50,52,55,58,63]},{"timeSet":23,"dateRange":1,"harmonicAverageSpeed":27.1,"medianSpeed":48.0,"averageSpeed":43.7,"standardDeviationSpeed":20.2,"travelTimeStandardDeviation":13.29,"sampleSize":1538,"normalizedSampleSize":0.4313,"averageTravelTime":13.01,"medianTravelTime":7.34,"travelTimeRatio":1.02,"speedPercentiles":[9,11,14,19,28,36,41,44,45,48,50,52,55,56,58,60,63,66,72]},{"timeSet":24,"dateRange":1,"harmonicAverageSpeed":28.1,"medianSpeed":49.0,"averageSpeed":44.9,"standardDeviationSpeed":20.1,"travelTimeStandardDeviation":13.26,"sampleSize":1366,"normalizedSampleSize":0.3831,"averageTravelTime":12.55,"medianTravelTime":7.19,"travelTimeRatio":0.98,"speedPercentiles":[9,11,16,24,30,38,42,45,47,49,51,54,55,57,59,61,64,67,73]},{"timeSet":25,"dateRange":1,"harmonicAverageSpeed":29.5,"medianSpeed":49.0,"averageSpeed":45.3,"standardDeviationSpeed":19.8,"travelTimeStandardDeviation":12.35,"sampleSize":1351,"normalizedSampleSize":0.3789,"averageTravelTime":11.92,"medianTravelTime":7.19,"travelTimeRatio":0.93,"speedPercentiles":[9,12,18,26,33,38,42,45,47,49,51,53,55,57,59,61,64,68,73]}]}},{"type":"Feature","geometry":{"type":"LineString","coordinates":[[12.46913,41.94495],[12.46913,41.9449],[12.46913,41.94485]]},"properties":{"segmentId":-13800007059757,"newSegmentId":"-00004931-3600-0400-0000-000003452664","speedLimit":50,"frc":2,"streetName":"Corso di Francia","distance":11.8,"segmentTimeResults":[{"timeSet":2,"dateRange":1,"harmonicAverageSpeed":36.8,"medianSpeed":48.0,"averageSpeed":46.7,"standardDeviationSpeed":17.0,"travelTimeStandardDeviation":1.24,"sampleSize":2017,"normalizedSampleSize":0.5656,"averageTravelTime":1.16,"medianTravelTime":0.88,"travelTimeRatio":1.0,"speedPercentiles":[20,25,28,31,34,37,41,43,46,48,50,52,54,56,58,60,63,67,73]},{"timeSet":3,"dateRange":1,"harmonicAverageSpeed":33.3,"medianSpeed":50.0,"averageSpeed":47.2,"standardDeviationSpeed":19.0,"travelTimeStandardDeviation":1.7,"sampleSize":1100,"normalizedSampleSize":0.3085,"averageTravelTime":1.28,"medianTravelTime":0.85,"travelTimeRatio":1.1,"speedPercentiles":[15,23,26,28,32,35,39,43,47,50,52,54,57,59,61,63,66,70,76]},{"timeSet":4,"dateRange":1,"harmonicAverageSpeed":34.6,"medianSpeed":49.0,"averageSpeed":47.3,"standardDeviationSpeed":19.4,"travelTimeStandardDeviation":1.39,"sampleSize":696,"normalizedSampleSize":0.1952,"averageTravelTime":1.23,"medianTravelTime":0.87,"travelTimeRatio":1.06,"speedPercentiles":[18,22,25,27,30,34,37,43,47,49,52,55,58,60,62,64,67,70,78]},{"timeSet":5,"dateRange":1,"harmonicAverageSpeed":32.4,"medianSpeed":53.0,"averageSpeed":50.0,"standardDeviationSpeed":20.8,"travelTimeStandardDeviation":2.0,"sampleSize":419,"normalizedSampleSize":0.1175,"averageTravelTime":1.31,"medianTravelTime":0.8,"travelTimeRatio":1.13,"speedPercentiles":[17,23,26,29,34,37,44,47,50,53,55,58,60,62,65,66,71,75,81]},{"timeSet":6,"dateRange":1,"harmonicAverageSpeed":35.4,"medianSpeed":55.0,"averageSpeed":51.3,"standardDeviationSpeed":21.7,"travelTimeStandardDeviation":1.49,"sampleSize":254,"normalizedSampleSize":0.0712,"averageTravelTime":1.2,"medianTravelTime":0.77,"travelTimeRatio":1.04,"speedPercentiles":[17,23,26,29,30,35,43,47,50,55,58,61,62,65,68,71,74,76,82]},{"timeSet":7,"dateRange":1,"harmonicAverageSpeed":42.4,"medianSpeed":60.0,"averageSpeed":55.1,"standardDeviationSpeed":20.2,"travelTimeStandardDeviation":0.9,"sampleSize":292,"normalizedSampleSize":0.0819,"averageTravelTime":1.0,"medianTravelTime":0.71,"travelTimeRatio":0.87,"speedPercentiles":[21,26,30,33,38,45,49,53,57,60,63,64,65,67,70,73,75,77,81]},{"timeSet":8,"dateRange":1,"harmonicAverageSpeed":44.6,"medianSpeed":57.0,"averageSpeed":55.2,"standardDeviationSpeed":17.4,"travelTimeStandardDeviation":0.86,"sampleSize":472,"normalizedSampleSize":0.1324,"averageTravelTime":0.95,"medianTravelTime":0.75,"travelTimeRatio":0.82,"speedPercentiles":[21,30,38,43,46,49,51,53,55,57,59,60,62,64,66,68,71,76,82]},{"timeSet":9,"dateRange":1,"harmonicAverageSpeed":42.5,"medianSpeed":54.0,"averageSpeed":52.1,"standardDeviationSpeed":15.9,"travelTimeStandardDeviation":1.24,"sampleSize":671,"normalizedSampleSize":0.1882,"averageTravelTime":1.0,"medianTravelTime":0.79,"travelTimeRatio":0.87,"speedPercentiles":[22,27,35,41,44,47,49,50,52,54,56,57,59,61,62,64,67,70,75]},{"timeSet":10,"dateRange":1,"harmonicAverageSpeed":39.9,"medianSpeed":50.0,"averageSpeed":48.3,"standardDeviationSpeed":15.8,"travelTimeStandardDeviation":0.81,"sampleSize":1134,"normalizedSampleSize":0.318,"averageTravelTime":1.06,"medianTravelTime":0.85,"travelTimeRatio":0.92,"speedPercentiles":[20,26,31,35,38,41,43,46,48,50,52,54,55,57,59,61,63,66,71]},{"timeSet":11,"dateRange":1,"harmonicAverageSpeed":37.6,"medianSpeed":46.0,"averageSpeed":45.0,"standardDeviationSpeed":14.2,"travelTimeStandardDeviation":0.87,"sampleSize":1717,"normalizedSampleSize":0.4815,"averageTravelTime":1.13,"medianTravelTime":0.92,"travelTimeRatio":0.98,"speedPercentiles":[20,26,29,34,37,39,41,43,45,46,48,49,50,52,54,56,58,62,68]},{"timeSet":12,"dateRange":1,"harmonicAverageSpeed":33.0,"medianSpeed":41.0,"averageSpeed":40.5,"standardDeviationSpeed":13.1,"travelTimeStandardDeviation":1.27,"sampleSize":2123,"normalizedSampleSize":0.5953,"averageTravelTime":1.29,"medianTravelTime":1.04,"travelTimeRatio":1.11,"speedPercentiles":[19,24,27,30,33,35,36,38,39,41,42,44,45,47,48,50,53,56,62]},{"timeSet":13,"dateRange":1,"harmonicAverageSpeed":31.6,"medianSpeed":38.0,"averageSpeed":38.6,"standardDeviationSpeed":12.7,"travelTimeStandardDeviation":1.3,"sampleSize":2371,"normalizedSampleSize":0.6649,"averageTravelTime":1.35,"medianTravelTime":1.12,"travelTimeRatio":1.16,"speedPercentiles":[18,23,27,29,31,33,34,36,37,38,40,41,42,44,46,48,51,54,60]},{"timeSet":14,"dateRange":1,"harmonicAverageSpeed":30.7,"medianSpeed":38.0,"averageSpeed":38.1,"standardDeviationSpeed":12.8,"travelTimeStandardDeviation":1.43,"sampleSize":2943,"normalizedSampleSize":0.8253,"averageTravelTime":1.38,"medianTravelTime":1.12,"travelTimeRatio":1.2,"speedPercentiles":[17,22,26,29,31,33,34,36,37,38,39,41,42,44,45,47,49,53,59]},{"timeSet":15,"dateRange":1,"harmonicAverageSpeed":33.3,"medianSpeed":41.0,"averageSpeed":41.3,"standardDeviationSpeed":14.3,"travelTimeStandardDeviation":1.5,"sampleSize":2573,"normalizedSampleSize":0.7215,"averageTravelTime":1.27,"medianTravelTime":1.04,"travelTimeRatio":1.1,"speedPercentiles":[19,24,27,30,33,35,37,38,40,41,42,44,45,47,48,51,55,60,66]},{"timeSet":16,"dateRange":1,"harmonicAverageSpeed":35.0,"medianSpeed":44.0,"averageSpeed":43.5,"standardDeviationSpeed":14.7,"travelTimeStandardDeviation":1.26,"sampleSize":1969,"normalizedSampleSize":0.5522,"averageTravelTime":1.21,"medianTravelTime":0.97,"travelTimeRatio":1.05,"speedPercentiles":[20,25,28,31,35,37,39,41,42,44,45,47,48,50,52,54,57,62,69]},{"timeSet":17,"dateRange":1,"harmonicAverageSpeed":33.4,"medianSpeed":41.0,"averageSpeed":40.9,"standardDeviationSpeed":13.8,"travelTimeStandardDeviation":1.21,"sampleSize":2272,"normalizedSampleSize":0.6371,"averageTravelTime":1.27,"medianTravelTime":1.04,"travelTimeRatio":1.1,"speedPercentiles":[18,24,27,31,33,34,36,38,39,41,42,44,45,46,49,51,54,59,65]},{"timeSet":18,"dateRange":1,"harmonicAverageSpeed":24.4,"medianSpeed":42.0,"averageSpeed":39.8,"standardDeviationSpeed":15.3,"travelTimeStandardDeviation":2.87,"sampleSize":2486,"normalizedSampleSize":0.6971,"averageTravelTime":1.74,"medianTravelTime":1.01,"travelTimeRatio":1.51,"speedPercentiles":[8,18,24,28,31,34,36,39,41,42,44,45,47,49,50,52,54,57,61]},{"timeSet":19,"dateRange":1,"harmonicAverageSpeed":15.5,"medianSpeed":40.0,"averageSpeed":36.4,"standardDeviationSpeed":17.6,"travelTimeStandardDeviation":5.11,"sampleSize":2335,"normalizedSampleSize":0.6548,"averageTravelTime":2.74,"medianTravelTime":1.06,"travelTimeRatio":2.37,"speedPercentiles":[3,6,11,20,26,30,33,36,39,40,42,44,45,47,49,50,53,56,60]},{"timeSet":20,"dateRange":1,"harmonicAverageSpeed":18.4,"medianSpeed":41.0,"averageSpeed":36.7,"standardDeviationSpeed":17.0,"travelTimeStandardDeviation":3.87,"sampleSize":2117,"normalizedSampleSize":0.5937,"averageTravelTime":2.31,"medianTravelTime":1.04,"travelTimeRatio":2.0,"speedPercentiles":[5,9,15,21,25,29,32,35,38,41,43,44,45,47,49,51,53,55,60]},{"timeSet":21,"dateRange":1,"harmonicAverageSpeed":32.9,"medianSpeed":43.0,"averageSpeed":41.4,"standardDeviationSpeed":13.5,"travelTimeStandardDeviation":1.65,"sampleSize":2325,"normalizedSampleSize":0.652,"averageTravelTime":1.29,"medianTravelTime":0.99,"travelTimeRatio":1.12,"speedPercentiles":[17,23,27,30,33,35,38,39,41,43,44,46,47,49,50,52,54,57,62]},{"timeSet":22,"dateRange":1,"harmonicAverageSpeed":29.7,"medianSpeed":41.0,"averageSpeed":39.6,"standardDeviationSpeed":15.6,"travelTimeStandardDeviation":1.32,"sampleSize":2424,"normalizedSampleSize":0.6798,"averageTravelTime":1.43,"medianTravelTime":1.04,"travelTimeRatio":1.24,"speedPercentiles":[13,19,22,25,28,31,34,36,39,41,43,45,46,48,50,52,55,59,65]},{"timeSet":23,"dateRange":1,"harmonicAverageSpeed":35.5,"medianSpeed":48.0,"averageSpeed":46.6,"standardDeviationSpeed":16.9,"travelTimeStandardDeviation":1.44,"sampleSize":1554,"normalizedSampleSize":0.4358,"averageTravelTime":1.2,"medianTravelTime":0.88,"travelTimeRatio":1.04,"speedPercentiles":[18,24,27,30,34,38,40,44,46,48,51,53,55,57,59,61,64,67,72]},{"timeSet":24,"dateRange":1,"harmonicAverageSpeed":37.7,"medianSpeed":50.0,"averageSpeed":48.2,"standardDeviationSpeed":16.8,"travelTimeStandardDeviation":1.09,"sampleSize":1395,"normalizedSampleSize":0.3912,"averageTravelTime":1.13,"medianTravelTime":0.85,"travelTimeRatio":0.98,"speedPercentiles":[19,25,28,33,36,40,44,46,48,50,52,54,56,58,60,62,64,68,73]},{"timeSet":25,"dateRange":1,"harmonicAverageSpeed":38.3,"medianSpeed":50.0,"averageSpeed":48.5,"standardDeviationSpeed":16.8,"travelTimeStandardDeviation":1.13,"sampleSize":1366,"normalizedSampleSize":0.3831,"averageTravelTime":1.11,"medianTravelTime":0.85,"travelTimeRatio":0.96,"speedPercentiles":[20,25,29,33,37,40,44,46,48,50,51,54,56,58,60,62,65,69,74]}]}},{"type":"Feature","geometry":{"type":"LineString","coordinates":[[12.46913,41.94485],[12.46914,41.94477],[12.46915,41.94473],[12.46915,41.94469]]},"properties":{"segmentId":13800007335854,"newSegmentId":"00004931-3600-0400-0000-0000015da93a","speedLimit":50,"frc":2,"streetName":"Corso di Francia","distance":17.37,"segmentTimeResults":[{"timeSet":2,"dateRange":1,"harmonicAverageSpeed":38.9,"medianSpeed":48.0,"averageSpeed":47.4,"standardDeviationSpeed":16.2,"travelTimeStandardDeviation":1.5,"sampleSize":2046,"normalizedSampleSize":0.5738,"averageTravelTime":1.61,"medianTravelTime":1.3,"travelTimeRatio":1.0,"speedPercentiles":[22,28,31,34,36,38,41,43,46,48,50,52,54,56,58,60,63,67,73]},{"timeSet":3,"dateRange":1,"harmonicAverageSpeed":36.9,"medianSpeed":50.0,"averageSpeed":48.7,"standardDeviationSpeed":17.4,"travelTimeStandardDeviation":2.54,"sampleSize":1136,"normalizedSampleSize":0.3186,"averageTravelTime":1.7,"medianTravelTime":1.25,"travelTimeRatio":1.05,"speedPercentiles":[22,28,30,33,35,38,41,44,47,50,52,54,57,60,61,63,66,70,77]},{"timeSet":4,"dateRange":1,"harmonicAverageSpeed":39.0,"medianSpeed":49.0,"averageSpeed":48.9,"standardDeviationSpeed":18.1,"travelTimeStandardDeviation":1.41,"sampleSize":717,"normalizedSampleSize":0.2011,"averageTravelTime":1.6,"medianTravelTime":1.28,"travelTimeRatio":1.0,"speedPercentiles":[20,27,30,32,34,36,40,44,47,49,53,55,58,60,62,64,67,70,78]},{"timeSet":5,"dateRange":1,"harmonicAverageSpeed":36.8,"medianSpeed":53.0,"averageSpeed":51.3,"standardDeviationSpeed":19.6,"travelTimeStandardDeviation":2.54,"sampleSize":431,"normalizedSampleSize":0.1209,"averageTravelTime":1.7,"medianTravelTime":1.18,"travelTimeRatio":1.06,"speedPercentiles":[20,27,30,34,36,39,44,47,51,53,56,58,60,62,65,67,71,75,81]},{"timeSet":6,"dateRange":1,"harmonicAverageSpeed":36.5,"medianSpeed":55.0,"averageSpeed":52.9,"standardDeviationSpeed":20.0,"travelTimeStandardDeviation":3.7,"sampleSize":258,"normalizedSampleSize":0.0723,"averageTravelTime":1.71,"medianTravelTime":1.14,"travelTimeRatio":1.07,"speedPercentiles":[24,28,30,33,35,39,43,49,52,55,58,61,62,65,68,71,75,78,82]},{"timeSet":7,"dateRange":1,"harmonicAverageSpeed":45.3,"medianSpeed":60.0,"averageSpeed":56.1,"standardDeviationSpeed":19.1,"travelTimeStandardDeviation":1.22,"sampleSize":296,"normalizedSampleSize":0.083,"averageTravelTime":1.38,"medianTravelTime":1.04,"travelTimeRatio":0.86,"speedPercentiles":[26,30,33,36,39,45,49,54,57,60,63,64,65,68,71,73,75,78,83]},{"timeSet":8,"dateRange":1,"harmonicAverageSpeed":47.7,"medianSpeed":57.0,"averageSpeed":55.8,"standardDeviationSpeed":16.5,"travelTimeStandardDeviation":0.85,"sampleSize":474,"normalizedSampleSize":0.1329,"averageTravelTime":1.31,"medianTravelTime":1.1,"travelTimeRatio":0.81,"speedPercentiles":[24,34,40,44,47,50,52,54,55,57,59,60,62,64,66,69,71,76,82]},{"timeSet":9,"dateRange":1,"harmonicAverageSpeed":43.6,"medianSpeed":54.0,"averageSpeed":52.6,"standardDeviationSpeed":15.6,"travelTimeStandardDeviation":1.65,"sampleSize":683,"normalizedSampleSize":0.1915,"averageTravelTime":1.44,"medianTravelTime":1.16,"travelTimeRatio":0.89,"speedPercentiles":[22,30,36,42,44,47,49,51,53,54,56,58,59,61,63,65,67,70,75]},{"timeSet":10,"dateRange":1,"harmonicAverageSpeed":40.7,"medianSpeed":50.0,"averageSpeed":48.9,"standardDeviationSpeed":15.3,"travelTimeStandardDeviation":1.38,"sampleSize":1160,"normalizedSampleSize":0.3253,"averageTravelTime":1.54,"medianTravelTime":1.25,"travelTimeRatio":0.95,"speedPercentiles":[22,29,33,36,38,41,44,46,48,50,52,54,55,57,59,62,64,67,71]},{"timeSet":11,"dateRange":1,"harmonicAverageSpeed":38.3,"medianSpeed":46.0,"averageSpeed":45.5,"standardDeviationSpeed":13.8,"travelTimeStandardDeviation":1.27,"sampleSize":1761,"normalizedSampleSize":0.4938,"averageTravelTime":1.63,"medianTravelTime":1.36,"travelTimeRatio":1.02,"speedPercentiles":[20,27,32,35,38,40,41,43,45,46,48,49,50,52,54,56,59,62,67]},{"timeSet":12,"dateRange":1,"harmonicAverageSpeed":34.1,"medianSpeed":41.0,"averageSpeed":41.1,"standardDeviationSpeed":13.0,"travelTimeStandardDeviation":1.6,"sampleSize":2192,"normalizedSampleSize":0.6147,"averageTravelTime":1.84,"medianTravelTime":1.53,"travelTimeRatio":1.14,"speedPercentiles":[19,25,29,31,34,36,37,38,40,41,42,44,45,47,48,51,53,56,62]},{"timeSet":13,"dateRange":1,"harmonicAverageSpeed":32.6,"medianSpeed":39.0,"averageSpeed":39.3,"standardDeviationSpeed":12.4,"travelTimeStandardDeviation":1.88,"sampleSize":2433,"normalizedSampleSize":0.6823,"averageTravelTime":1.92,"medianTravelTime":1.6,"travelTimeRatio":1.19,"speedPercentiles":[18,25,28,31,33,34,35,37,38,39,40,41,43,44,46,48,51,54,60]},{"timeSet":14,"dateRange":1,"harmonicAverageSpeed":32.4,"medianSpeed":39.0,"averageSpeed":38.7,"standardDeviationSpeed":12.6,"travelTimeStandardDeviation":1.55,"sampleSize":3032,"normalizedSampleSize":0.8503,"averageTravelTime":1.93,"medianTravelTime":1.6,"travelTimeRatio":1.2,"speedPercentiles":[17,23,27,30,32,34,35,36,38,39,40,41,43,44,45,47,50,53,60]},{"timeSet":15,"dateRange":1,"harmonicAverageSpeed":35.9,"medianSpeed":42.0,"averageSpeed":42.1,"standardDeviationSpeed":13.9,"travelTimeStandardDeviation":1.11,"sampleSize":2637,"normalizedSampleSize":0.7395,"averageTravelTime":1.74,"medianTravelTime":1.49,"travelTimeRatio":1.08,"speedPercentiles":[19,25,29,32,34,36,38,39,40,42,43,44,45,47,49,51,55,60,66]},{"timeSet":16,"dateRange":1,"harmonicAverageSpeed":35.9,"medianSpeed":44.0,"averageSpeed":44.2,"standardDeviationSpeed":14.3,"travelTimeStandardDeviation":2.13,"sampleSize":2010,"normalizedSampleSize":0.5637,"averageTravelTime":1.74,"medianTravelTime":1.42,"travelTimeRatio":1.08,"speedPercentiles":[20,26,30,33,36,38,40,41,43,44,46,47,48,50,52,55,58,62,69]},{"timeSet":17,"dateRange":1,"harmonicAverageSpeed":35.3,"medianSpeed":42.0,"averageSpeed":42.0,"standardDeviationSpeed":13.4,"travelTimeStandardDeviation":1.5,"sampleSize":2326,"normalizedSampleSize":0.6523,"averageTravelTime":1.77,"medianTravelTime":1.49,"travelTimeRatio":1.1,"speedPercentiles":[20,26,30,33,35,36,38,39,40,42,43,44,45,47,49,52,55,59,66]},{"timeSet":18,"dateRange":1,"harmonicAverageSpeed":25.1,"medianSpeed":43.0,"averageSpeed":40.6,"standardDeviationSpeed":15.0,"travelTimeStandardDeviation":4.12,"sampleSize":2522,"normalizedSampleSize":0.7072,"averageTravelTime":2.49,"medianTravelTime":1.45,"travelTimeRatio":1.55,"speedPercentiles":[8,19,26,30,33,35,38,40,41,43,44,46,47,49,50,52,54,57,61]},{"timeSet":19,"dateRange":1,"harmonicAverageSpeed":14.3,"medianSpeed":41.0,"averageSpeed":36.9,"standardDeviationSpeed":17.7,"travelTimeStandardDeviation":8.79,"sampleSize":2375,"normalizedSampleSize":0.666,"averageTravelTime":4.36,"medianTravelTime":1.53,"travelTimeRatio":2.71,"speedPercentiles":[3,5,11,21,28,32,35,37,39,41,43,44,46,47,49,51,53,56,61]},{"timeSet":20,"dateRange":1,"harmonicAverageSpeed":17.6,"medianSpeed":41.0,"averageSpeed":36.9,"standardDeviationSpeed":17.1,"travelTimeStandardDeviation":5.97,"sampleSize":2171,"normalizedSampleSize":0.6088,"averageTravelTime":3.55,"medianTravelTime":1.53,"travelTimeRatio":2.21,"speedPercentiles":[4,8,15,21,27,31,33,36,39,41,43,44,46,47,49,51,53,56,60]},{"timeSet":21,"dateRange":1,"harmonicAverageSpeed":34.6,"medianSpeed":43.0,"averageSpeed":41.9,"standardDeviationSpeed":13.1,"travelTimeStandardDeviation":1.6,"sampleSize":2376,"normalizedSampleSize":0.6663,"averageTravelTime":1.81,"medianTravelTime":1.45,"travelTimeRatio":1.12,"speedPercentiles":[17,25,29,32,34,36,38,40,42,43,45,46,47,49,50,52,54,57,62]},{"timeSet":22,"dateRange":1,"harmonicAverageSpeed":29.5,"medianSpeed":41.0,"averageSpeed":39.8,"standardDeviationSpeed":15.5,"travelTimeStandardDeviation":2.2,"sampleSize":2476,"normalizedSampleSize":0.6943,"averageTravelTime":2.12,"medianTravelTime":1.53,"travelTimeRatio":1.32,"speedPercentiles":[12,18,23,27,30,32,35,37,39,41,43,44,46,48,50,52,55,59,65]},{"timeSet":23,"dateRange":1,"harmonicAverageSpeed":38.2,"medianSpeed":49.0,"averageSpeed":47.3,"standardDeviationSpeed":16.0,"travelTimeStandardDeviation":1.45,"sampleSize":1591,"normalizedSampleSize":0.4462,"averageTravelTime":1.64,"medianTravelTime":1.28,"travelTimeRatio":1.02,"speedPercentiles":[20,27,30,33,36,39,41,44,46,49,51,53,55,57,59,61,64,67,72]},{"timeSet":24,"dateRange":1,"harmonicAverageSpeed":40.2,"medianSpeed":50.0,"averageSpeed":48.8,"standardDeviationSpeed":15.9,"travelTimeStandardDeviation":1.18,"sampleSize":1421,"normalizedSampleSize":0.3985,"averageTravelTime":1.56,"medianTravelTime":1.25,"travelTimeRatio":0.97,"speedPercentiles":[20,28,32,35,38,41,44,46,48,50,52,54,56,57,59,62,64,67,73]},{"timeSet":25,"dateRange":1,"harmonicAverageSpeed":39.8,"medianSpeed":50.0,"averageSpeed":48.9,"standardDeviationSpeed":16.5,"travelTimeStandardDeviation":1.42,"sampleSize":1398,"normalizedSampleSize":0.392,"averageTravelTime":1.57,"medianTravelTime":1.25,"travelTimeRatio":0.98,"speedPercentiles":[21,28,31,34,37,41,44,46,48,50,52,54,56,58,60,62,65,69,74]}]}},{"type":"Feature","geometry":{"type":"LineString","coordinates":[[12.46915,41.94469],[12.46916,41.94464],[12.46917,41.9446],[12.46919,41.94452]]},"properties":{"segmentId":13800006712219,"newSegmentId":"00004931-3600-0400-0000-0000034ee52b","speedLimit":50,"frc":2,"streetName":"Corso di Francia","distance":19.26,"segmentTimeResults":[{"timeSet":2,"dateRange":1,"harmonicAverageSpeed":36.3,"medianSpeed":45.0,"averageSpeed":45.1,"standardDeviationSpeed":16.6,"travelTimeStandardDeviation":1.61,"sampleSize":2441,"normalizedSampleSize":0.6845,"averageTravelTime":1.91,"medianTravelTime":1.54,"travelTimeRatio":1.0,"speedPercentiles":[19,24,28,31,34,36,38,41,43,45,47,49,52,54,56,58,61,65,71]},{"timeSet":3,"dateRange":1,"harmonicAverageSpeed":33.9,"medianSpeed":46.0,"averageSpeed":45.8,"standardDeviationSpeed":17.9,"travelTimeStandardDeviation":3.3,"sampleSize":1421,"normalizedSampleSize":0.3985,"averageTravelTime":2.05,"medianTravelTime":1.51,"travelTimeRatio":1.07,"speedPercentiles":[18,24,27,29,32,35,37,40,43,46,48,51,54,56,60,62,65,69,75]},{"timeSet":4,"dateRange":1,"harmonicAverageSpeed":37.3,"medianSpeed":47.0,"averageSpeed":47.2,"standardDeviationSpeed":18.2,"travelTimeStandardDeviation":1.47,"sampleSize":869,"normalizedSampleSize":0.2437,"averageTravelTime":1.86,"medianTravelTime":1.48,"travelTimeRatio":0.97,"speedPercentiles":[18,24,28,31,34,36,39,42,44,47,49,52,55,58,61,63,66,70,77]},{"timeSet":5,"dateRange":1,"harmonicAverageSpeed":36.1,"medianSpeed":48.0,"averageSpeed":47.6,"standardDeviationSpeed":19.8,"travelTimeStandardDeviation":1.74,"sampleSize":550,"normalizedSampleSize":0.1542,"averageTravelTime":1.92,"medianTravelTime":1.44,"travelTimeRatio":1.01,"speedPercentiles":[18,23,26,29,32,35,38,40,44,48,51,54,56,59,62,65,68,72,79]},{"timeSet":6,"dateRange":1,"harmonicAverageSpeed":31.4,"medianSpeed":40.0,"averageSpeed":44.4,"standardDeviationSpeed":21.7,"travelTimeStandardDeviation":1.95,"sampleSize":447,"normalizedSampleSize":0.1254,"averageTravelTime":2.21,"medianTravelTime":1.73,"travelTimeRatio":1.16,"speedPercentiles":[13,19,24,26,29,30,33,35,37,40,44,48,53,57,60,64,69,75,81]},{"timeSet":7,"dateRange":1,"harmonicAverageSpeed":37.2,"medianSpeed":48.0,"averageSpeed":49.3,"standardDeviationSpeed":21.0,"travelTimeStandardDeviation":1.5,"sampleSize":405,"normalizedSampleSize":0.1136,"averageTravelTime":1.86,"medianTravelTime":1.44,"travelTimeRatio":0.97,"speedPercentiles":[18,22,25,28,32,34,37,41,45,48,54,58,62,64,66,69,73,76,81]},{"timeSet":8,"dateRange":1,"harmonicAverageSpeed":43.8,"medianSpeed":55.0,"averageSpeed":54.1,"standardDeviationSpeed":17.6,"travelTimeStandardDeviation":1.3,"sampleSize":524,"normalizedSampleSize":0.1469,"averageTravelTime":1.58,"medianTravelTime":1.26,"travelTimeRatio":0.83,"speedPercentiles":[22,29,37,40,44,47,49,52,54,55,58,60,61,63,65,68,71,75,81]},{"timeSet":9,"dateRange":1,"harmonicAverageSpeed":45.1,"medianSpeed":54.0,"averageSpeed":52.6,"standardDeviationSpeed":15.6,"travelTimeStandardDeviation":0.95,"sampleSize":704,"normalizedSampleSize":0.1974,"averageTravelTime":1.54,"medianTravelTime":1.28,"travelTimeRatio":0.8,"speedPercentiles":[22,31,37,41,44,47,49,51,53,54,56,58,59,61,63,65,67,70,76]},{"timeSet":10,"dateRange":1,"harmonicAverageSpeed":39.3,"medianSpeed":51.0,"averageSpeed":49.1,"standardDeviationSpeed":15.4,"travelTimeStandardDeviation":3.09,"sampleSize":1200,"normalizedSampleSize":0.3365,"averageTravelTime":1.76,"medianTravelTime":1.36,"travelTimeRatio":0.92,"speedPercentiles":[22,28,33,37,39,42,44,47,48,51,52,54,56,57,59,62,64,67,72]},{"timeSet":11,"dateRange":1,"harmonicAverageSpeed":38.6,"medianSpeed":46.0,"averageSpeed":45.8,"standardDeviationSpeed":13.9,"travelTimeStandardDeviation":1.4,"sampleSize":1816,"normalizedSampleSize":0.5093,"averageTravelTime":1.8,"medianTravelTime":1.51,"travelTimeRatio":0.94,"speedPercentiles":[20,27,33,36,38,40,42,44,45,46,48,49,51,52,54,56,59,63,68]},{"timeSet":12,"dateRange":1,"harmonicAverageSpeed":34.3,"medianSpeed":42.0,"averageSpeed":41.3,"standardDeviationSpeed":13.1,"travelTimeStandardDeviation":1.69,"sampleSize":2277,"normalizedSampleSize":0.6385,"averageTravelTime":2.02,"medianTravelTime":1.65,"travelTimeRatio":1.06,"speedPercentiles":[19,25,28,32,35,37,38,39,40,42,43,45,46,47,49,51,53,56,62]},{"timeSet":13,"dateRange":1,"harmonicAverageSpeed":33.5,"medianSpeed":40.0,"averageSpeed":39.7,"standardDeviationSpeed":12.3,"travelTimeStandardDeviation":1.75,"sampleSize":2545,"normalizedSampleSize":0.7137,"averageTravelTime":2.07,"medianTravelTime":1.73,"travelTimeRatio":1.08,"speedPercentiles":[19,25,28,31,33,35,36,37,38,40,41,42,43,45,46,48,51,54,60]},{"timeSet":14,"dateRange":1,"harmonicAverageSpeed":32.7,"medianSpeed":39.0,"averageSpeed":38.9,"standardDeviationSpeed":12.7,"travelTimeStandardDeviation":1.56,"sampleSize":3198,"normalizedSampleSize":0.8968,"averageTravelTime":2.12,"medianTravelTime":1.78,"travelTimeRatio":1.11,"speedPercentiles":[17,22,26,30,32,34,36,37,38,39,41,42,43,44,46,48,50,53,60]},{"timeSet":15,"dateRange":1,"harmonicAverageSpeed":35.3,"medianSpeed":42.0,"averageSpeed":42.2,"standardDeviationSpeed":14.0,"travelTimeStandardDeviation":1.7,"sampleSize":2791,"normalizedSampleSize":0.7827,"averageTravelTime":1.97,"medianTravelTime":1.65,"travelTimeRatio":1.03,"speedPercentiles":[18,25,29,32,35,37,38,40,41,42,43,44,46,47,49,52,55,60,66]},{"timeSet":16,"dateRange":1,"harmonicAverageSpeed":37.8,"medianSpeed":45.0,"averageSpeed":44.6,"standardDeviationSpeed":14.2,"travelTimeStandardDeviation":1.36,"sampleSize":2105,"normalizedSampleSize":0.5903,"averageTravelTime":1.83,"medianTravelTime":1.54,"travelTimeRatio":0.96,"speedPercentiles":[21,26,30,34,37,39,40,42,43,45,46,47,49,50,52,55,58,63,69]},{"timeSet":17,"dateRange":1,"harmonicAverageSpeed":35.1,"medianSpeed":42.0,"averageSpeed":42.5,"standardDeviationSpeed":13.4,"travelTimeStandardDeviation":2.1,"sampleSize":2422,"normalizedSampleSize":0.6792,"averageTravelTime":1.98,"medianTravelTime":1.65,"travelTimeRatio":1.03,"speedPercentiles":[20,25,30,34,36,37,38,40,41,42,44,45,46,47,49,52,55,59,66]},{"timeSet":18,"dateRange":1,"harmonicAverageSpeed":24.6,"medianSpeed":43.0,"averageSpeed":40.8,"standardDeviationSpeed":15.1,"travelTimeStandardDeviation":4.86,"sampleSize":2621,"normalizedSampleSize":0.735,"averageTravelTime":2.82,"medianTravelTime":1.61,"travelTimeRatio":1.48,"speedPercentiles":[8,19,26,30,34,36,38,40,42,43,45,46,47,49,50,52,54,57,62]},{"timeSet":19,"dateRange":1,"harmonicAverageSpeed":14.5,"medianSpeed":41.0,"averageSpeed":36.6,"standardDeviationSpeed":17.8,"travelTimeStandardDeviation":9.12,"sampleSize":2540,"normalizedSampleSize":0.7123,"averageTravelTime":4.78,"medianTravelTime":1.69,"travelTimeRatio":2.5,"speedPercentiles":[3,5,11,20,26,30,34,37,39,41,43,44,45,47,49,51,53,56,60]},{"timeSet":20,"dateRange":1,"harmonicAverageSpeed":16.4,"medianSpeed":41.0,"averageSpeed":36.8,"standardDeviationSpeed":17.4,"travelTimeStandardDeviation":7.43,"sampleSize":2308,"normalizedSampleSize":0.6472,"averageTravelTime":4.24,"medianTravelTime":1.69,"travelTimeRatio":2.22,"speedPercentiles":[4,7,14,21,25,30,34,37,39,41,43,44,46,47,49,51,53,55,60]},{"timeSet":21,"dateRange":1,"harmonicAverageSpeed":34.6,"medianSpeed":43.0,"averageSpeed":41.9,"standardDeviationSpeed":13.3,"travelTimeStandardDeviation":1.53,"sampleSize":2500,"normalizedSampleSize":0.7011,"averageTravelTime":2.0,"medianTravelTime":1.61,"travelTimeRatio":1.05,"speedPercentiles":[17,23,28,32,35,37,39,40,42,43,45,46,47,49,50,52,54,57,61]},{"timeSet":22,"dateRange":1,"harmonicAverageSpeed":28.1,"medianSpeed":41.0,"averageSpeed":39.3,"standardDeviationSpeed":15.9,"travelTimeStandardDeviation":2.61,"sampleSize":2640,"normalizedSampleSize":0.7403,"averageTravelTime":2.46,"medianTravelTime":1.69,"travelTimeRatio":1.29,"speedPercentiles":[11,16,21,24,28,32,35,37,39,41,43,45,46,48,50,52,55,59,64]},{"timeSet":23,"dateRange":1,"harmonicAverageSpeed":37.6,"medianSpeed":48.0,"averageSpeed":46.6,"standardDeviationSpeed":16.1,"travelTimeStandardDeviation":1.49,"sampleSize":1719,"normalizedSampleSize":0.4821,"averageTravelTime":1.84,"medianTravelTime":1.44,"travelTimeRatio":0.96,"speedPercentiles":[18,24,29,33,36,39,41,43,45,48,50,52,54,56,58,60,63,66,71]},{"timeSet":24,"dateRange":1,"harmonicAverageSpeed":40.0,"medianSpeed":49.0,"averageSpeed":48.3,"standardDeviationSpeed":16.3,"travelTimeStandardDeviation":1.18,"sampleSize":1547,"normalizedSampleSize":0.4338,"averageTravelTime":1.73,"medianTravelTime":1.42,"travelTimeRatio":0.91,"speedPercentiles":[20,26,31,35,37,40,43,45,48,49,51,53,55,57,59,61,64,67,73]},{"timeSet":25,"dateRange":1,"harmonicAverageSpeed":39.0,"medianSpeed":49.0,"averageSpeed":48.0,"standardDeviationSpeed":16.6,"travelTimeStandardDeviation":1.62,"sampleSize":1534,"normalizedSampleSize":0.4302,"averageTravelTime":1.78,"medianTravelTime":1.42,"travelTimeRatio":0.93,"speedPercentiles":[20,26,30,34,37,40,42,45,47,49,51,53,55,57,59,62,64,68,74]}]}},{"type":"Feature","geometry":{"type":"LineString","coordinates":[[12.46919,41.94452],[12.46921,41.94446],[12.46924,41.94437],[12.4693,41.94419],[12.46937,41.94402],[12.46941,41.94393],[12.46949,41.94378],[12.46955,41.94368],[12.46963,41.94355],[12.46969,41.94348]]},"properties":{"segmentId":13800006712221,"newSegmentId":"00004931-3600-0400-0000-0000034f02c8","speedLimit":50,"frc":2,"streetName":"Corso di Francia","distance":123.39,"segmentTimeResults":[{"timeSet":2,"dateRange":1,"harmonicAverageSpeed":32.5,"medianSpeed":47.0,"averageSpeed":44.2,"standardDeviationSpeed":18.4,"travelTimeStandardDeviation":10.75,"sampleSize":2446,"normalizedSampleSize":0.6859,"averageTravelTime":13.68,"medianTravelTime":9.45,"travelTimeRatio":1.0,"speedPercentiles":[12,15,19,27,32,37,40,42,45,47,49,51,53,54,57,58,61,66,72]},{"timeSet":3,"dateRange":1,"harmonicAverageSpeed":32.5,"medianSpeed":49.0,"averageSpeed":45.8,"standardDeviationSpeed":20.0,"travelTimeStandardDeviation":10.82,"sampleSize":1425,"normalizedSampleSize":0.3996,"averageTravelTime":13.66,"medianTravelTime":9.07,"travelTimeRatio":1.0,"speedPercentiles":[12,14,17,24,31,36,41,44,47,49,51,53,56,58,61,62,65,69,75]},{"timeSet":4,"dateRange":1,"harmonicAverageSpeed":34.1,"medianSpeed":51.0,"averageSpeed":48.3,"standardDeviationSpeed":20.3,"travelTimeStandardDeviation":11.75,"sampleSize":875,"normalizedSampleSize":0.2454,"averageTravelTime":13.03,"medianTravelTime":8.71,"travelTimeRatio":0.95,"speedPercentiles":[13,15,19,29,34,41,44,47,49,51,54,56,58,60,63,65,67,71,77]},{"timeSet":5,"dateRange":1,"harmonicAverageSpeed":32.0,"medianSpeed":53.0,"averageSpeed":47.7,"standardDeviationSpeed":22.8,"travelTimeStandardDeviation":11.04,"sampleSize":555,"normalizedSampleSize":0.1556,"averageTravelTime":13.87,"medianTravelTime":8.38,"travelTimeRatio":1.01,"speedPercentiles":[12,14,15,19,29,35,43,47,50,53,55,57,59,61,64,67,69,73,80]},{"timeSet":6,"dateRange":1,"harmonicAverageSpeed":27.0,"medianSpeed":46.0,"averageSpeed":43.0,"standardDeviationSpeed":24.2,"travelTimeStandardDeviation":12.82,"sampleSize":457,"normalizedSampleSize":0.1282,"averageTravelTime":16.45,"medianTravelTime":9.66,"travelTimeRatio":1.2,"speedPercentiles":[12,13,14,15,17,22,27,36,43,46,48,51,55,58,61,64,69,75,80]},{"timeSet":7,"dateRange":1,"harmonicAverageSpeed":31.5,"medianSpeed":53.0,"averageSpeed":48.8,"standardDeviationSpeed":23.7,"travelTimeStandardDeviation":12.12,"sampleSize":407,"normalizedSampleSize":0.1141,"averageTravelTime":14.12,"medianTravelTime":8.38,"travelTimeRatio":1.03,"speedPercentiles":[12,13,14,18,26,37,42,46,49,53,56,60,63,64,67,70,74,77,82]},{"timeSet":8,"dateRange":1,"harmonicAverageSpeed":40.4,"medianSpeed":57.0,"averageSpeed":53.3,"standardDeviationSpeed":19.4,"travelTimeStandardDeviation":8.63,"sampleSize":526,"normalizedSampleSize":0.1475,"averageTravelTime":11.0,"medianTravelTime":7.79,"travelTimeRatio":0.8,"speedPercentiles":[13,20,30,39,45,49,51,52,54,57,58,60,62,64,66,68,71,75,81]},{"timeSet":9,"dateRange":1,"harmonicAverageSpeed":45.4,"medianSpeed":55.0,"averageSpeed":53.7,"standardDeviationSpeed":15.7,"travelTimeStandardDeviation":6.54,"sampleSize":704,"normalizedSampleSize":0.1974,"averageTravelTime":9.79,"medianTravelTime":8.08,"travelTimeRatio":0.72,"speedPercentiles":[21,31,39,44,47,49,51,53,54,55,57,59,60,62,63,66,68,71,77]},{"timeSet":10,"dateRange":1,"harmonicAverageSpeed":41.7,"medianSpeed":52.0,"averageSpeed":50.1,"standardDeviationSpeed":15.8,"travelTimeStandardDeviation":7.7,"sampleSize":1198,"normalizedSampleSize":0.336,"averageTravelTime":10.66,"medianTravelTime":8.54,"travelTimeRatio":0.78,"speedPercentiles":[17,26,35,40,42,44,46,48,50,52,54,55,56,58,60,62,65,68,74]},{"timeSet":11,"dateRange":1,"harmonicAverageSpeed":37.7,"medianSpeed":48.0,"averageSpeed":46.3,"standardDeviationSpeed":14.8,"travelTimeStandardDeviation":9.32,"sampleSize":1818,"normalizedSampleSize":0.5098,"averageTravelTime":11.79,"medianTravelTime":9.25,"travelTimeRatio":0.86,"speedPercentiles":[16,24,31,37,39,41,43,45,46,48,49,50,52,54,56,57,60,63,68]},{"timeSet":12,"dateRange":1,"harmonicAverageSpeed":32.4,"medianSpeed":43.0,"averageSpeed":41.0,"standardDeviationSpeed":13.8,"travelTimeStandardDeviation":12.13,"sampleSize":2273,"normalizedSampleSize":0.6374,"averageTravelTime":13.73,"medianTravelTime":10.33,"travelTimeRatio":1.0,"speedPercentiles":[14,21,27,31,34,37,39,40,41,43,44,45,46,48,49,51,53,56,61]},{"timeSet":13,"dateRange":1,"harmonicAverageSpeed":32.7,"medianSpeed":41.0,"averageSpeed":39.9,"standardDeviationSpeed":13.1,"travelTimeStandardDeviation":10.84,"sampleSize":2554,"normalizedSampleSize":0.7162,"averageTravelTime":13.59,"medianTravelTime":10.83,"travelTimeRatio":0.99,"speedPercentiles":[15,21,27,30,33,35,37,38,40,41,42,43,45,46,48,50,52,55,60]},{"timeSet":14,"dateRange":1,"harmonicAverageSpeed":30.7,"medianSpeed":39.0,"averageSpeed":38.1,"standardDeviationSpeed":13.5,"travelTimeStandardDeviation":10.58,"sampleSize":3199,"normalizedSampleSize":0.8971,"averageTravelTime":14.48,"medianTravelTime":11.39,"travelTimeRatio":1.06,"speedPercentiles":[13,18,22,27,31,33,35,37,38,39,41,42,43,45,46,48,50,53,58]},{"timeSet":15,"dateRange":1,"harmonicAverageSpeed":34.5,"medianSpeed":43.0,"averageSpeed":42.4,"standardDeviationSpeed":14.8,"travelTimeStandardDeviation":9.05,"sampleSize":2793,"normalizedSampleSize":0.7832,"averageTravelTime":12.88,"medianTravelTime":10.33,"travelTimeRatio":0.94,"speedPercentiles":[15,21,27,32,36,38,40,41,42,43,45,46,47,48,50,52,55,59,66]},{"timeSet":16,"dateRange":1,"harmonicAverageSpeed":37.1,"medianSpeed":46.0,"averageSpeed":45.3,"standardDeviationSpeed":15.1,"travelTimeStandardDeviation":8.6,"sampleSize":2102,"normalizedSampleSize":0.5895,"averageTravelTime":11.99,"medianTravelTime":9.66,"travelTimeRatio":0.88,"speedPercentiles":[15,24,30,35,38,40,42,44,45,46,48,49,50,52,54,56,59,64,70]},{"timeSet":17,"dateRange":1,"harmonicAverageSpeed":34.8,"medianSpeed":44.0,"averageSpeed":43.0,"standardDeviationSpeed":14.0,"travelTimeStandardDeviation":10.53,"sampleSize":2425,"normalizedSampleSize":0.68,"averageTravelTime":12.76,"medianTravelTime":10.1,"travelTimeRatio":0.93,"speedPercentiles":[15,23,30,34,36,39,40,41,43,44,45,46,47,49,50,53,55,60,65]},{"timeSet":18,"dateRange":1,"harmonicAverageSpeed":22.5,"medianSpeed":44.0,"averageSpeed":39.8,"standardDeviationSpeed":16.6,"travelTimeStandardDeviation":27.85,"sampleSize":2619,"normalizedSampleSize":0.7344,"averageTravelTime":19.71,"medianTravelTime":10.1,"travelTimeRatio":1.44,"speedPercentiles":[5,11,18,26,33,36,39,41,42,44,45,46,47,49,51,52,54,57,61]},{"timeSet":19,"dateRange":1,"harmonicAverageSpeed":15.4,"medianSpeed":42.0,"averageSpeed":36.0,"standardDeviationSpeed":18.5,"travelTimeStandardDeviation":40.74,"sampleSize":2533,"normalizedSampleSize":0.7103,"averageTravelTime":28.8,"medianTravelTime":10.58,"travelTimeRatio":2.1,"speedPercentiles":[4,4,8,14,20,28,34,38,40,42,43,45,46,48,49,51,53,56,60]},{"timeSet":20,"dateRange":1,"harmonicAverageSpeed":17.3,"medianSpeed":43.0,"averageSpeed":37.0,"standardDeviationSpeed":18.5,"travelTimeStandardDeviation":34.52,"sampleSize":2306,"normalizedSampleSize":0.6467,"averageTravelTime":25.7,"medianTravelTime":10.33,"travelTimeRatio":1.88,"speedPercentiles":[4,5,10,16,22,28,35,38,41,43,44,46,47,49,50,52,54,57,61]},{"timeSet":21,"dateRange":1,"harmonicAverageSpeed":32.9,"medianSpeed":45.0,"averageSpeed":42.1,"standardDeviationSpeed":14.4,"travelTimeStandardDeviation":11.37,"sampleSize":2491,"normalizedSampleSize":0.6985,"averageTravelTime":13.5,"medianTravelTime":9.87,"travelTimeRatio":0.99,"speedPercentiles":[13,19,26,32,35,38,40,42,43,45,46,47,49,50,51,53,55,57,62]},{"timeSet":22,"dateRange":1,"harmonicAverageSpeed":22.6,"medianSpeed":42.0,"averageSpeed":37.7,"standardDeviationSpeed":18.0,"travelTimeStandardDeviation":21.71,"sampleSize":2642,"normalizedSampleSize":0.7409,"averageTravelTime":19.65,"medianTravelTime":10.58,"travelTimeRatio":1.44,"speedPercentiles":[6,10,14,18,23,28,33,37,39,42,44,45,47,49,50,52,55,58,64]},{"timeSet":23,"dateRange":1,"harmonicAverageSpeed":33.1,"medianSpeed":49.0,"averageSpeed":45.9,"standardDeviationSpeed":17.8,"travelTimeStandardDeviation":12.77,"sampleSize":1721,"normalizedSampleSize":0.4826,"averageTravelTime":13.42,"medianTravelTime":9.07,"travelTimeRatio":0.98,"speedPercentiles":[12,15,23,31,37,41,43,45,47,49,50,52,54,56,58,60,63,66,71]},{"timeSet":24,"dateRange":1,"harmonicAverageSpeed":37.0,"medianSpeed":51.0,"averageSpeed":48.6,"standardDeviationSpeed":17.6,"travelTimeStandardDeviation":10.34,"sampleSize":1549,"normalizedSampleSize":0.4344,"averageTravelTime":11.99,"medianTravelTime":8.71,"travelTimeRatio":0.88,"speedPercentiles":[13,19,29,36,40,43,46,48,49,51,53,54,56,58,59,62,64,68,73]},{"timeSet":25,"dateRange":1,"harmonicAverageSpeed":36.7,"medianSpeed":50.0,"averageSpeed":47.9,"standardDeviationSpeed":17.8,"travelTimeStandardDeviation":9.4,"sampleSize":1534,"normalizedSampleSize":0.4302,"averageTravelTime":12.11,"medianTravelTime":8.88,"travelTimeRatio":0.88,"speedPercentiles":[14,19,26,34,39,42,45,47,49,50,51,53,56,58,60,62,65,68,74]}]}},{"type":"Feature","geometry":{"type":"LineString","coordinates":[[12.46969,41.94348],[12.46977,41.94337]]},"properties":{"segmentId":13800007069956,"newSegmentId":"00004931-3600-0400-0000-0000014dc575","speedLimit":50,"frc":2,"streetName":"Corso di Francia","distance":13.16,"segmentTimeResults":[{"timeSet":2,"dateRange":1,"harmonicAverageSpeed":29.7,"medianSpeed":48.0,"averageSpeed":45.7,"standardDeviationSpeed":18.2,"travelTimeStandardDeviation":3.22,"sampleSize":2502,"normalizedSampleSize":0.7016,"averageTravelTime":1.6,"medianTravelTime":0.99,"travelTimeRatio":1.0,"speedPercentiles":[14,20,25,29,33,37,40,43,45,48,49,51,53,56,58,60,64,68,73]},{"timeSet":3,"dateRange":1,"harmonicAverageSpeed":25.9,"medianSpeed":51.0,"averageSpeed":47.6,"standardDeviationSpeed":20.4,"travelTimeStandardDeviation":4.59,"sampleSize":1450,"normalizedSampleSize":0.4066,"averageTravelTime":1.83,"medianTravelTime":0.93,"travelTimeRatio":1.14,"speedPercentiles":[11,16,23,27,33,39,43,46,49,51,53,55,57,60,62,64,67,70,77]},{"timeSet":4,"dateRange":1,"harmonicAverageSpeed":26.3,"medianSpeed":53.0,"averageSpeed":50.0,"standardDeviationSpeed":21.3,"travelTimeStandardDeviation":4.31,"sampleSize":898,"normalizedSampleSize":0.2518,"averageTravelTime":1.8,"medianTravelTime":0.89,"travelTimeRatio":1.13,"speedPercentiles":[11,17,23,30,36,43,46,49,51,53,56,58,60,63,65,67,70,74,79]},{"timeSet":5,"dateRange":1,"harmonicAverageSpeed":25.5,"medianSpeed":53.0,"averageSpeed":48.9,"standardDeviationSpeed":23.3,"travelTimeStandardDeviation":3.65,"sampleSize":568,"normalizedSampleSize":0.1593,"averageTravelTime":1.86,"medianTravelTime":0.89,"travelTimeRatio":1.16,"speedPercentiles":[10,14,18,23,30,38,44,49,51,53,56,59,61,64,66,68,71,74,80]},{"timeSet":6,"dateRange":1,"harmonicAverageSpeed":21.1,"medianSpeed":48.0,"averageSpeed":44.2,"standardDeviationSpeed":24.3,"travelTimeStandardDeviation":5.18,"sampleSize":486,"normalizedSampleSize":0.1363,"averageTravelTime":2.24,"medianTravelTime":0.99,"travelTimeRatio":1.41,"speedPercentiles":[8,12,15,18,22,26,30,36,44,48,51,54,56,59,62,65,70,76,83]},{"timeSet":7,"dateRange":1,"harmonicAverageSpeed":25.1,"medianSpeed":53.0,"averageSpeed":49.8,"standardDeviationSpeed":23.3,"travelTimeStandardDeviation":4.79,"sampleSize":414,"normalizedSampleSize":0.1161,"averageTravelTime":1.89,"medianTravelTime":0.89,"travelTimeRatio":1.18,"speedPercentiles":[11,14,20,25,30,37,44,47,50,53,57,61,63,65,67,71,74,78,82]},{"timeSet":8,"dateRange":1,"harmonicAverageSpeed":39.2,"medianSpeed":57.0,"averageSpeed":54.5,"standardDeviationSpeed":19.4,"travelTimeStandardDeviation":1.48,"sampleSize":540,"normalizedSampleSize":0.1514,"averageTravelTime":1.21,"medianTravelTime":0.83,"travelTimeRatio":0.76,"speedPercentiles":[14,23,32,41,46,50,52,54,55,57,59,60,63,64,66,69,71,75,83]},{"timeSet":9,"dateRange":1,"harmonicAverageSpeed":44.6,"medianSpeed":57.0,"averageSpeed":55.0,"standardDeviationSpeed":15.9,"travelTimeStandardDeviation":1.21,"sampleSize":707,"normalizedSampleSize":0.1983,"averageTravelTime":1.06,"medianTravelTime":0.83,"travelTimeRatio":0.67,"speedPercentiles":[22,33,41,45,48,50,51,53,55,57,58,60,61,63,65,67,70,74,78]},{"timeSet":10,"dateRange":1,"harmonicAverageSpeed":36.7,"medianSpeed":53.0,"averageSpeed":51.4,"standardDeviationSpeed":16.1,"travelTimeStandardDeviation":3.18,"sampleSize":1210,"normalizedSampleSize":0.3393,"averageTravelTime":1.29,"medianTravelTime":0.89,"travelTimeRatio":0.81,"speedPercentiles":[20,29,35,41,44,46,48,50,51,53,54,56,58,59,61,63,66,69,76]},{"timeSet":11,"dateRange":1,"harmonicAverageSpeed":33.8,"medianSpeed":48.0,"averageSpeed":47.0,"standardDeviationSpeed":14.8,"travelTimeStandardDeviation":2.89,"sampleSize":1838,"normalizedSampleSize":0.5154,"averageTravelTime":1.4,"medianTravelTime":0.99,"travelTimeRatio":0.88,"speedPercentiles":[19,27,33,37,40,42,44,45,47,48,49,51,52,54,56,58,61,64,69]},{"timeSet":12,"dateRange":1,"harmonicAverageSpeed":27.9,"medianSpeed":43.0,"averageSpeed":41.8,"standardDeviationSpeed":14.0,"travelTimeStandardDeviation":4.7,"sampleSize":2316,"normalizedSampleSize":0.6495,"averageTravelTime":1.7,"medianTravelTime":1.1,"travelTimeRatio":1.07,"speedPercentiles":[16,23,27,31,35,37,39,40,41,43,44,46,47,49,50,52,54,57,63]},{"timeSet":13,"dateRange":1,"harmonicAverageSpeed":29.5,"medianSpeed":41.0,"averageSpeed":40.7,"standardDeviationSpeed":13.7,"travelTimeStandardDeviation":3.24,"sampleSize":2591,"normalizedSampleSize":0.7266,"averageTravelTime":1.6,"medianTravelTime":1.16,"travelTimeRatio":1.0,"speedPercentiles":[16,23,28,31,33,35,37,38,40,41,43,44,46,47,49,51,54,57,63]},{"timeSet":14,"dateRange":1,"harmonicAverageSpeed":25.0,"medianSpeed":40.0,"averageSpeed":38.4,"standardDeviationSpeed":14.4,"travelTimeStandardDeviation":4.74,"sampleSize":3250,"normalizedSampleSize":0.9114,"averageTravelTime":1.9,"medianTravelTime":1.18,"travelTimeRatio":1.19,"speedPercentiles":[13,18,23,27,30,32,35,36,38,40,41,42,44,45,47,49,52,55,60]},{"timeSet":15,"dateRange":1,"harmonicAverageSpeed":30.4,"medianSpeed":44.0,"averageSpeed":43.5,"standardDeviationSpeed":15.0,"travelTimeStandardDeviation":3.84,"sampleSize":2845,"normalizedSampleSize":0.7978,"averageTravelTime":1.56,"medianTravelTime":1.08,"travelTimeRatio":0.98,"speedPercentiles":[16,23,28,33,36,38,40,41,42,44,45,47,48,50,52,54,57,61,67]},{"timeSet":16,"dateRange":1,"harmonicAverageSpeed":32.6,"medianSpeed":47.0,"averageSpeed":46.7,"standardDeviationSpeed":15.6,"travelTimeStandardDeviation":3.4,"sampleSize":2130,"normalizedSampleSize":0.5973,"averageTravelTime":1.45,"medianTravelTime":1.01,"travelTimeRatio":0.91,"speedPercentiles":[18,25,31,37,39,41,43,44,46,47,49,50,52,53,56,58,61,66,71]},{"timeSet":17,"dateRange":1,"harmonicAverageSpeed":30.1,"medianSpeed":44.0,"averageSpeed":44.1,"standardDeviationSpeed":14.5,"travelTimeStandardDeviation":4.44,"sampleSize":2457,"normalizedSampleSize":0.689,"averageTravelTime":1.57,"medianTravelTime":1.08,"travelTimeRatio":0.99,"speedPercentiles":[18,25,31,34,37,39,41,42,43,44,46,47,49,50,52,54,57,61,67]},{"timeSet":18,"dateRange":1,"harmonicAverageSpeed":28.6,"medianSpeed":44.0,"averageSpeed":41.5,"standardDeviationSpeed":14.6,"travelTimeStandardDeviation":3.66,"sampleSize":2665,"normalizedSampleSize":0.7473,"averageTravelTime":1.66,"medianTravelTime":1.08,"travelTimeRatio":1.04,"speedPercentiles":[13,20,25,30,34,36,39,41,42,44,45,46,48,50,51,53,55,57,62]},{"timeSet":19,"dateRange":1,"harmonicAverageSpeed":23.8,"medianSpeed":42.0,"averageSpeed":39.1,"standardDeviationSpeed":15.3,"travelTimeStandardDeviation":5.38,"sampleSize":2575,"normalizedSampleSize":0.7221,"averageTravelTime":2.0,"medianTravelTime":1.13,"travelTimeRatio":1.25,"speedPercentiles":[11,17,21,24,28,31,35,38,40,42,43,45,47,48,50,52,54,57,61]},{"timeSet":20,"dateRange":1,"harmonicAverageSpeed":24.0,"medianSpeed":44.0,"averageSpeed":40.8,"standardDeviationSpeed":15.9,"travelTimeStandardDeviation":5.54,"sampleSize":2378,"normalizedSampleSize":0.6669,"averageTravelTime":1.97,"medianTravelTime":1.08,"travelTimeRatio":1.24,"speedPercentiles":[12,18,23,26,29,33,37,40,42,44,45,47,48,50,52,54,56,59,63]},{"timeSet":21,"dateRange":1,"harmonicAverageSpeed":27.1,"medianSpeed":46.0,"averageSpeed":43.1,"standardDeviationSpeed":14.5,"travelTimeStandardDeviation":5.88,"sampleSize":2564,"normalizedSampleSize":0.719,"averageTravelTime":1.75,"medianTravelTime":1.03,"travelTimeRatio":1.09,"speedPercentiles":[15,22,27,32,36,39,41,43,44,46,47,48,50,51,52,54,56,59,63]},{"timeSet":22,"dateRange":1,"harmonicAverageSpeed":19.2,"medianSpeed":40.0,"averageSpeed":37.6,"standardDeviationSpeed":17.9,"travelTimeStandardDeviation":5.94,"sampleSize":2701,"normalizedSampleSize":0.7574,"averageTravelTime":2.47,"medianTravelTime":1.18,"travelTimeRatio":1.55,"speedPercentiles":[7,12,16,20,23,27,32,35,38,40,43,44,47,49,51,53,55,59,64]},{"timeSet":23,"dateRange":1,"harmonicAverageSpeed":28.4,"medianSpeed":49.0,"averageSpeed":46.3,"standardDeviationSpeed":18.1,"travelTimeStandardDeviation":3.66,"sampleSize":1747,"normalizedSampleSize":0.4899,"averageTravelTime":1.67,"medianTravelTime":0.97,"travelTimeRatio":1.04,"speedPercentiles":[13,19,24,30,36,40,42,44,47,49,51,53,55,57,59,61,64,67,73]},{"timeSet":24,"dateRange":1,"harmonicAverageSpeed":33.7,"medianSpeed":52.0,"averageSpeed":50.0,"standardDeviationSpeed":17.4,"travelTimeStandardDeviation":3.35,"sampleSize":1573,"normalizedSampleSize":0.4411,"averageTravelTime":1.41,"medianTravelTime":0.91,"travelTimeRatio":0.88,"speedPercentiles":[16,24,31,38,42,45,47,49,50,52,54,56,57,59,61,63,66,69,75]},{"timeSet":25,"dateRange":1,"harmonicAverageSpeed":32.3,"medianSpeed":51.0,"averageSpeed":48.8,"standardDeviationSpeed":18.0,"travelTimeStandardDeviation":2.82,"sampleSize":1568,"normalizedSampleSize":0.4397,"averageTravelTime":1.47,"medianTravelTime":0.93,"travelTimeRatio":0.92,"speedPercentiles":[15,22,28,34,39,43,46,48,49,51,53,55,57,59,61,63,65,70,75]}]}},{"type":"Feature","geometry":{"type":"LineString","coordinates":[[12.46977,41.94337],[12.46981,41.94332]]},"properties":{"segmentId":13800007335855,"newSegmentId":"00004931-3600-0400-0000-0000015daa40","speedLimit":50,"frc":2,"streetName":"Corso di Francia","distance":7.31,"segmentTimeResults":[{"timeSet":2,"dateRange":1,"harmonicAverageSpeed":32.6,"medianSpeed":48.0,"averageSpeed":47.0,"standardDeviationSpeed":16.9,"travelTimeStandardDeviation":2.6,"sampleSize":2497,"normalizedSampleSize":0.7002,"averageTravelTime":0.81,"medianTravelTime":0.55,"travelTimeRatio":1.0,"speedPercentiles":[20,25,29,32,35,38,41,43,46,48,50,52,53,56,58,60,64,68,73]},{"timeSet":3,"dateRange":1,"harmonicAverageSpeed":29.0,"medianSpeed":51.0,"averageSpeed":49.0,"standardDeviationSpeed":18.8,"travelTimeStandardDeviation":2.92,"sampleSize":1452,"normalizedSampleSize":0.4072,"averageTravelTime":0.91,"medianTravelTime":0.52,"travelTimeRatio":1.12,"speedPercentiles":[18,23,27,31,35,41,44,47,49,51,53,55,57,60,61,64,67,71,77]},{"timeSet":4,"dateRange":1,"harmonicAverageSpeed":36.6,"medianSpeed":54.0,"averageSpeed":52.1,"standardDeviationSpeed":18.8,"travelTimeStandardDeviation":1.74,"sampleSize":891,"normalizedSampleSize":0.2499,"averageTravelTime":0.72,"medianTravelTime":0.49,"travelTimeRatio":0.89,"speedPercentiles":[19,26,31,34,39,44,47,49,52,54,56,58,60,63,65,67,70,74,80]},{"timeSet":5,"dateRange":1,"harmonicAverageSpeed":36.7,"medianSpeed":54.0,"averageSpeed":51.5,"standardDeviationSpeed":20.3,"travelTimeStandardDeviation":1.19,"sampleSize":566,"normalizedSampleSize":0.1587,"averageTravelTime":0.72,"medianTravelTime":0.49,"travelTimeRatio":0.89,"speedPercentiles":[19,23,27,30,35,40,45,50,51,54,56,59,61,64,66,68,72,75,80]},{"timeSet":6,"dateRange":1,"harmonicAverageSpeed":28.8,"medianSpeed":48.0,"averageSpeed":46.7,"standardDeviationSpeed":22.2,"travelTimeStandardDeviation":1.89,"sampleSize":482,"normalizedSampleSize":0.1352,"averageTravelTime":0.91,"medianTravelTime":0.55,"travelTimeRatio":1.13,"speedPercentiles":[13,19,22,25,28,32,35,40,44,48,51,54,56,59,62,65,69,76,85]},{"timeSet":7,"dateRange":1,"harmonicAverageSpeed":29.3,"medianSpeed":53.0,"averageSpeed":51.8,"standardDeviationSpeed":21.0,"travelTimeStandardDeviation":2.93,"sampleSize":415,"normalizedSampleSize":0.1164,"averageTravelTime":0.9,"medianTravelTime":0.5,"travelTimeRatio":1.11,"speedPercentiles":[16,23,27,30,36,41,45,47,51,53,57,60,63,65,67,71,74,78,82]},{"timeSet":8,"dateRange":1,"harmonicAverageSpeed":39.4,"medianSpeed":57.0,"averageSpeed":55.3,"standardDeviationSpeed":18.0,"travelTimeStandardDeviation":2.28,"sampleSize":538,"normalizedSampleSize":0.1509,"averageTravelTime":0.67,"medianTravelTime":0.46,"travelTimeRatio":0.83,"speedPercentiles":[22,28,35,41,46,50,52,54,55,57,59,61,63,64,66,69,72,76,83]},{"timeSet":9,"dateRange":1,"harmonicAverageSpeed":31.9,"medianSpeed":57.0,"averageSpeed":55.4,"standardDeviationSpeed":15.5,"travelTimeStandardDeviation":4.69,"sampleSize":707,"normalizedSampleSize":0.1983,"averageTravelTime":0.83,"medianTravelTime":0.46,"travelTimeRatio":1.02,"speedPercentiles":[23,33,42,45,48,50,52,53,55,57,58,60,61,63,65,67,71,74,79]},{"timeSet":10,"dateRange":1,"harmonicAverageSpeed":33.2,"medianSpeed":53.0,"averageSpeed":52.1,"standardDeviationSpeed":15.1,"travelTimeStandardDeviation":4.57,"sampleSize":1207,"normalizedSampleSize":0.3385,"averageTravelTime":0.79,"medianTravelTime":0.5,"travelTimeRatio":0.98,"speedPercentiles":[23,31,37,42,44,46,48,50,52,53,55,56,58,60,61,63,66,69,76]},{"timeSet":11,"dateRange":1,"harmonicAverageSpeed":29.8,"medianSpeed":48.0,"averageSpeed":47.4,"standardDeviationSpeed":14.4,"travelTimeStandardDeviation":3.78,"sampleSize":1837,"normalizedSampleSize":0.5151,"averageTravelTime":0.88,"medianTravelTime":0.55,"travelTimeRatio":1.09,"speedPercentiles":[21,28,34,37,40,42,44,45,47,48,50,51,52,54,56,58,61,64,69]},{"timeSet":12,"dateRange":1,"harmonicAverageSpeed":30.1,"medianSpeed":43.0,"averageSpeed":42.4,"standardDeviationSpeed":13.3,"travelTimeStandardDeviation":2.62,"sampleSize":2319,"normalizedSampleSize":0.6503,"averageTravelTime":0.87,"medianTravelTime":0.61,"travelTimeRatio":1.08,"speedPercentiles":[19,25,29,33,35,37,39,40,42,43,44,46,47,49,51,52,55,57,63]},{"timeSet":13,"dateRange":1,"harmonicAverageSpeed":29.9,"medianSpeed":42.0,"averageSpeed":41.3,"standardDeviationSpeed":13.1,"travelTimeStandardDeviation":3.12,"sampleSize":2589,"normalizedSampleSize":0.726,"averageTravelTime":0.88,"medianTravelTime":0.63,"travelTimeRatio":1.09,"speedPercentiles":[19,25,29,31,34,36,37,39,40,42,43,44,46,47,49,51,54,57,63]},{"timeSet":14,"dateRange":1,"harmonicAverageSpeed":26.1,"medianSpeed":40.0,"averageSpeed":39.1,"standardDeviationSpeed":13.8,"travelTimeStandardDeviation":3.6,"sampleSize":3245,"normalizedSampleSize":0.91,"averageTravelTime":1.01,"medianTravelTime":0.66,"travelTimeRatio":1.25,"speedPercentiles":[15,21,25,28,31,33,35,37,38,40,41,43,44,46,48,49,52,55,61]},{"timeSet":15,"dateRange":1,"harmonicAverageSpeed":34.8,"medianSpeed":44.0,"averageSpeed":44.3,"standardDeviationSpeed":14.2,"travelTimeStandardDeviation":2.16,"sampleSize":2844,"normalizedSampleSize":0.7975,"averageTravelTime":0.76,"medianTravelTime":0.6,"travelTimeRatio":0.94,"speedPercentiles":[20,26,30,34,37,39,40,42,43,44,46,47,49,50,52,55,57,61,67]},{"timeSet":16,"dateRange":1,"harmonicAverageSpeed":32.1,"medianSpeed":48.0,"averageSpeed":47.2,"standardDeviationSpeed":14.9,"travelTimeStandardDeviation":3.1,"sampleSize":2129,"normalizedSampleSize":0.597,"averageTravelTime":0.82,"medianTravelTime":0.55,"travelTimeRatio":1.02,"speedPercentiles":[21,27,33,37,40,42,43,44,46,48,49,50,52,54,56,58,61,65,71]},{"timeSet":17,"dateRange":1,"harmonicAverageSpeed":33.8,"medianSpeed":45.0,"averageSpeed":44.8,"standardDeviationSpeed":13.8,"travelTimeStandardDeviation":2.25,"sampleSize":2446,"normalizedSampleSize":0.6859,"averageTravelTime":0.78,"medianTravelTime":0.58,"travelTimeRatio":0.96,"speedPercentiles":[21,27,32,35,37,39,41,42,44,45,46,48,49,51,53,55,58,61,67]},{"timeSet":18,"dateRange":1,"harmonicAverageSpeed":31.3,"medianSpeed":44.0,"averageSpeed":42.3,"standardDeviationSpeed":13.5,"travelTimeStandardDeviation":2.44,"sampleSize":2663,"normalizedSampleSize":0.7468,"averageTravelTime":0.84,"medianTravelTime":0.6,"travelTimeRatio":1.04,"speedPercentiles":[17,24,28,32,35,37,39,41,42,44,45,47,48,50,51,53,55,57,62]},{"timeSet":19,"dateRange":1,"harmonicAverageSpeed":26.3,"medianSpeed":42.0,"averageSpeed":40.1,"standardDeviationSpeed":14.2,"travelTimeStandardDeviation":3.39,"sampleSize":2583,"normalizedSampleSize":0.7243,"averageTravelTime":1.0,"medianTravelTime":0.63,"travelTimeRatio":1.24,"speedPercentiles":[14,20,24,27,30,33,36,38,40,42,44,45,47,48,50,52,54,57,61]},{"timeSet":20,"dateRange":1,"harmonicAverageSpeed":26.1,"medianSpeed":44.0,"averageSpeed":42.0,"standardDeviationSpeed":14.8,"travelTimeStandardDeviation":3.87,"sampleSize":2368,"normalizedSampleSize":0.664,"averageTravelTime":1.01,"medianTravelTime":0.6,"travelTimeRatio":1.25,"speedPercentiles":[15,22,26,29,32,35,38,41,43,44,46,47,49,50,52,54,56,59,63]},{"timeSet":21,"dateRange":1,"harmonicAverageSpeed":31.0,"medianSpeed":46.0,"averageSpeed":43.8,"standardDeviationSpeed":13.6,"travelTimeStandardDeviation":2.71,"sampleSize":2551,"normalizedSampleSize":0.7154,"averageTravelTime":0.85,"medianTravelTime":0.57,"travelTimeRatio":1.05,"speedPercentiles":[18,24,29,33,36,40,41,43,44,46,47,49,50,51,53,54,56,59,63]},{"timeSet":22,"dateRange":1,"harmonicAverageSpeed":18.5,"medianSpeed":40.0,"averageSpeed":38.0,"standardDeviationSpeed":17.4,"travelTimeStandardDeviation":5.13,"sampleSize":2703,"normalizedSampleSize":0.758,"averageTravelTime":1.43,"medianTravelTime":0.66,"travelTimeRatio":1.76,"speedPercentiles":[8,13,17,21,24,28,32,35,38,40,42,44,47,49,51,53,55,59,64]},{"timeSet":23,"dateRange":1,"harmonicAverageSpeed":30.2,"medianSpeed":49.0,"averageSpeed":47.2,"standardDeviationSpeed":16.9,"travelTimeStandardDeviation":3.37,"sampleSize":1736,"normalizedSampleSize":0.4868,"averageTravelTime":0.87,"medianTravelTime":0.54,"travelTimeRatio":1.08,"speedPercentiles":[17,23,28,32,36,40,42,45,47,49,51,53,55,57,59,61,64,67,73]},{"timeSet":24,"dateRange":1,"harmonicAverageSpeed":31.4,"medianSpeed":52.0,"averageSpeed":50.7,"standardDeviationSpeed":16.6,"travelTimeStandardDeviation":3.58,"sampleSize":1574,"normalizedSampleSize":0.4414,"averageTravelTime":0.84,"medianTravelTime":0.51,"travelTimeRatio":1.04,"speedPercentiles":[20,27,33,38,42,45,47,49,50,52,54,56,57,59,61,63,66,70,75]},{"timeSet":25,"dateRange":1,"harmonicAverageSpeed":36.4,"medianSpeed":51.0,"averageSpeed":49.7,"standardDeviationSpeed":16.9,"travelTimeStandardDeviation":1.43,"sampleSize":1567,"normalizedSampleSize":0.4394,"averageTravelTime":0.72,"medianTravelTime":0.52,"travelTimeRatio":0.89,"speedPercentiles":[20,26,31,36,40,44,46,48,49,51,53,55,57,59,61,63,65,70,75]}]}},{"type":"Feature","geometry":{"type":"LineString","coordinates":[[12.46981,41.94332],[12.46991,41.94316],[12.47,41.943]]},"properties":{"segmentId":13800006960095,"newSegmentId":"00004931-3600-0400-0000-0000015daa41","speedLimit":50,"frc":2,"streetName":"Corso di Francia","distance":38.42,"segmentTimeResults":[{"timeSet":2,"dateRange":1,"harmonicAverageSpeed":38.5,"medianSpeed":47.0,"averageSpeed":47.4,"standardDeviationSpeed":15.8,"travelTimeStandardDeviation":3.52,"sampleSize":2614,"normalizedSampleSize":0.733,"averageTravelTime":3.6,"medianTravelTime":2.94,"travelTimeRatio":1.0,"speedPercentiles":[22,29,32,35,37,39,41,43,45,47,49,51,53,55,57,60,63,67,73]},{"timeSet":3,"dateRange":1,"harmonicAverageSpeed":40.7,"medianSpeed":50.0,"averageSpeed":49.8,"standardDeviationSpeed":16.7,"travelTimeStandardDeviation":3.27,"sampleSize":1514,"normalizedSampleSize":0.4246,"averageTravelTime":3.4,"medianTravelTime":2.77,"travelTimeRatio":0.95,"speedPercentiles":[23,29,33,35,37,40,43,46,49,50,53,55,57,59,61,63,66,70,76]},{"timeSet":4,"dateRange":1,"harmonicAverageSpeed":40.3,"medianSpeed":53.0,"averageSpeed":51.8,"standardDeviationSpeed":18.1,"travelTimeStandardDeviation":4.08,"sampleSize":954,"normalizedSampleSize":0.2675,"averageTravelTime":3.43,"medianTravelTime":2.61,"travelTimeRatio":0.95,"speedPercentiles":[22,30,33,35,39,42,45,48,50,53,55,57,59,62,64,66,69,73,78]},{"timeSet":5,"dateRange":1,"harmonicAverageSpeed":39.8,"medianSpeed":54.0,"averageSpeed":52.7,"standardDeviationSpeed":18.2,"travelTimeStandardDeviation":9.07,"sampleSize":578,"normalizedSampleSize":0.1621,"averageTravelTime":3.48,"medianTravelTime":2.56,"travelTimeRatio":0.97,"speedPercentiles":[24,30,33,36,38,41,44,49,51,54,56,58,61,64,65,68,70,74,80]},{"timeSet":6,"dateRange":1,"harmonicAverageSpeed":35.1,"medianSpeed":48.0,"averageSpeed":49.1,"standardDeviationSpeed":19.3,"travelTimeStandardDeviation":8.48,"sampleSize":491,"normalizedSampleSize":0.1377,"averageTravelTime":3.94,"medianTravelTime":2.88,"travelTimeRatio":1.1,"speedPercentiles":[21,26,31,34,36,37,39,43,44,48,51,54,55,57,61,64,69,75,85]},{"timeSet":7,"dateRange":1,"harmonicAverageSpeed":42.0,"medianSpeed":53.0,"averageSpeed":52.6,"standardDeviationSpeed":18.9,"travelTimeStandardDeviation":2.99,"sampleSize":425,"normalizedSampleSize":0.1192,"averageTravelTime":3.29,"medianTravelTime":2.61,"travelTimeRatio":0.92,"speedPercentiles":[20,30,33,35,38,40,45,47,50,53,56,59,62,64,67,71,74,77,81]},{"timeSet":8,"dateRange":1,"harmonicAverageSpeed":47.7,"medianSpeed":56.0,"averageSpeed":55.5,"standardDeviationSpeed":16.6,"travelTimeStandardDeviation":2.16,"sampleSize":546,"normalizedSampleSize":0.1531,"averageTravelTime":2.9,"medianTravelTime":2.47,"travelTimeRatio":0.81,"speedPercentiles":[28,32,36,41,46,49,51,53,55,56,58,60,62,64,66,68,71,75,82]},{"timeSet":9,"dateRange":1,"harmonicAverageSpeed":46.7,"medianSpeed":56.0,"averageSpeed":55.2,"standardDeviationSpeed":15.3,"travelTimeStandardDeviation":3.3,"sampleSize":724,"normalizedSampleSize":0.203,"averageTravelTime":2.96,"medianTravelTime":2.47,"travelTimeRatio":0.82,"speedPercentiles":[26,34,40,44,47,49,51,53,55,56,58,60,61,63,65,67,70,73,79]},{"timeSet":10,"dateRange":1,"harmonicAverageSpeed":43.3,"medianSpeed":52.0,"averageSpeed":51.7,"standardDeviationSpeed":14.8,"travelTimeStandardDeviation":3.92,"sampleSize":1250,"normalizedSampleSize":0.3505,"averageTravelTime":3.2,"medianTravelTime":2.66,"travelTimeRatio":0.89,"speedPercentiles":[26,32,36,41,43,46,47,49,51,52,54,56,57,59,61,63,66,69,76]},{"timeSet":11,"dateRange":1,"harmonicAverageSpeed":37.8,"medianSpeed":48.0,"averageSpeed":47.4,"standardDeviationSpeed":14.0,"travelTimeStandardDeviation":6.11,"sampleSize":1905,"normalizedSampleSize":0.5342,"averageTravelTime":3.66,"medianTravelTime":2.88,"travelTimeRatio":1.02,"speedPercentiles":[23,29,34,37,40,42,43,45,47,48,50,51,52,54,56,58,60,64,69]},{"timeSet":12,"dateRange":1,"harmonicAverageSpeed":34.3,"medianSpeed":43.0,"averageSpeed":42.3,"standardDeviationSpeed":13.0,"travelTimeStandardDeviation":4.35,"sampleSize":2410,"normalizedSampleSize":0.6758,"averageTravelTime":4.03,"medianTravelTime":3.22,"travelTimeRatio":1.12,"speedPercentiles":[20,25,29,33,35,37,39,40,41,43,44,46,47,49,51,52,54,57,62]},{"timeSet":13,"dateRange":1,"harmonicAverageSpeed":33.0,"medianSpeed":42.0,"averageSpeed":41.4,"standardDeviationSpeed":12.8,"travelTimeStandardDeviation":5.57,"sampleSize":2696,"normalizedSampleSize":0.756,"averageTravelTime":4.2,"medianTravelTime":3.29,"travelTimeRatio":1.17,"speedPercentiles":[20,26,29,32,34,36,37,39,40,42,43,44,46,47,49,51,53,56,63]},{"timeSet":14,"dateRange":1,"harmonicAverageSpeed":29.5,"medianSpeed":40.0,"averageSpeed":38.9,"standardDeviationSpeed":13.9,"travelTimeStandardDeviation":5.63,"sampleSize":3333,"normalizedSampleSize":0.9347,"averageTravelTime":4.69,"medianTravelTime":3.46,"travelTimeRatio":1.3,"speedPercentiles":[14,20,25,28,31,33,35,37,38,40,41,43,44,45,47,49,52,55,60]},{"timeSet":15,"dateRange":1,"harmonicAverageSpeed":36.6,"medianSpeed":44.0,"averageSpeed":44.3,"standardDeviationSpeed":13.8,"travelTimeStandardDeviation":4.26,"sampleSize":2950,"normalizedSampleSize":0.8273,"averageTravelTime":3.78,"medianTravelTime":3.14,"travelTimeRatio":1.05,"speedPercentiles":[21,27,32,35,37,39,40,41,43,44,46,47,49,50,52,54,57,60,66]},{"timeSet":16,"dateRange":1,"harmonicAverageSpeed":39.4,"medianSpeed":47.0,"averageSpeed":47.2,"standardDeviationSpeed":14.2,"travelTimeStandardDeviation":3.48,"sampleSize":2205,"normalizedSampleSize":0.6183,"averageTravelTime":3.51,"medianTravelTime":2.94,"travelTimeRatio":0.98,"speedPercentiles":[23,29,33,37,39,41,43,44,46,47,49,50,52,54,56,58,61,65,71]},{"timeSet":17,"dateRange":1,"harmonicAverageSpeed":36.2,"medianSpeed":45.0,"averageSpeed":44.8,"standardDeviationSpeed":13.3,"travelTimeStandardDeviation":7.7,"sampleSize":2546,"normalizedSampleSize":0.714,"averageTravelTime":3.82,"medianTravelTime":3.07,"travelTimeRatio":1.06,"speedPercentiles":[22,29,32,35,37,39,41,42,44,45,46,48,49,51,53,55,57,61,66]},{"timeSet":18,"dateRange":1,"harmonicAverageSpeed":34.3,"medianSpeed":43.0,"averageSpeed":42.3,"standardDeviationSpeed":12.7,"travelTimeStandardDeviation":4.61,"sampleSize":2785,"normalizedSampleSize":0.781,"averageTravelTime":4.04,"medianTravelTime":3.22,"travelTimeRatio":1.12,"speedPercentiles":[20,27,31,33,35,37,38,40,42,43,45,46,47,49,50,52,54,57,61]},{"timeSet":19,"dateRange":1,"harmonicAverageSpeed":31.8,"medianSpeed":42.0,"averageSpeed":40.5,"standardDeviationSpeed":13.2,"travelTimeStandardDeviation":4.83,"sampleSize":2706,"normalizedSampleSize":0.7588,"averageTravelTime":4.36,"medianTravelTime":3.29,"travelTimeRatio":1.21,"speedPercentiles":[16,23,27,30,33,35,36,38,40,42,43,45,46,48,50,52,54,56,60]},{"timeSet":20,"dateRange":1,"harmonicAverageSpeed":32.1,"medianSpeed":44.0,"averageSpeed":42.5,"standardDeviationSpeed":14.0,"travelTimeStandardDeviation":6.03,"sampleSize":2482,"normalizedSampleSize":0.696,"averageTravelTime":4.31,"medianTravelTime":3.14,"travelTimeRatio":1.2,"speedPercentiles":[16,24,29,32,35,37,39,41,42,44,45,47,48,50,52,53,55,58,63]},{"timeSet":21,"dateRange":1,"harmonicAverageSpeed":35.5,"medianSpeed":46.0,"averageSpeed":43.7,"standardDeviationSpeed":13.1,"travelTimeStandardDeviation":4.2,"sampleSize":2634,"normalizedSampleSize":0.7386,"averageTravelTime":3.9,"medianTravelTime":3.01,"travelTimeRatio":1.08,"speedPercentiles":[19,26,30,33,36,39,41,42,44,46,47,48,49,51,52,54,56,58,62]},{"timeSet":22,"dateRange":1,"harmonicAverageSpeed":26.0,"medianSpeed":39.0,"averageSpeed":37.4,"standardDeviationSpeed":16.5,"travelTimeStandardDeviation":5.74,"sampleSize":2824,"normalizedSampleSize":0.7919,"averageTravelTime":5.33,"medianTravelTime":3.55,"travelTimeRatio":1.48,"speedPercentiles":[10,14,18,21,24,28,31,34,36,39,41,43,45,47,50,52,54,58,63]},{"timeSet":23,"dateRange":1,"harmonicAverageSpeed":36.7,"medianSpeed":47.0,"averageSpeed":46.1,"standardDeviationSpeed":16.5,"travelTimeStandardDeviation":4.05,"sampleSize":1833,"normalizedSampleSize":0.514,"averageTravelTime":3.77,"medianTravelTime":2.94,"travelTimeRatio":1.05,"speedPercentiles":[19,24,28,31,34,37,40,42,45,47,49,51,53,56,58,60,63,67,72]},{"timeSet":24,"dateRange":1,"harmonicAverageSpeed":40.5,"medianSpeed":51.0,"averageSpeed":50.0,"standardDeviationSpeed":16.0,"travelTimeStandardDeviation":3.6,"sampleSize":1649,"normalizedSampleSize":0.4624,"averageTravelTime":3.41,"medianTravelTime":2.71,"travelTimeRatio":0.95,"speedPercentiles":[22,29,33,36,40,43,45,48,49,51,53,55,57,58,60,62,65,69,75]},{"timeSet":25,"dateRange":1,"harmonicAverageSpeed":38.9,"medianSpeed":50.0,"averageSpeed":49.4,"standardDeviationSpeed":16.2,"travelTimeStandardDeviation":4.11,"sampleSize":1638,"normalizedSampleSize":0.4593,"averageTravelTime":3.55,"medianTravelTime":2.77,"travelTimeRatio":0.99,"speedPercentiles":[21,29,33,36,39,42,45,47,49,50,52,54,56,58,60,62,65,68,74]}]}},{"type":"Feature","geometry":{"type":"LineString","coordinates":[[12.47,41.943],[12.47006,41.94291],[12.47013,41.94279],[12.47041,41.94231]]},"properties":{"segmentId":13800006456376,"newSegmentId":"00004931-3600-0400-0000-0000015c6b68","speedLimit":50,"frc":2,"streetName":"Corso di Francia","distance":84.0,"segmentTimeResults":[{"timeSet":2,"dateRange":1,"harmonicAverageSpeed":38.4,"medianSpeed":46.0,"averageSpeed":46.3,"standardDeviationSpeed":15.0,"travelTimeStandardDeviation":6.42,"sampleSize":2614,"normalizedSampleSize":0.733,"averageTravelTime":7.89,"medianTravelTime":6.57,"travelTimeRatio":1.0,"speedPercentiles":[21,29,32,35,37,39,40,42,44,46,48,50,52,54,56,58,61,64,71]},{"timeSet":3,"dateRange":1,"harmonicAverageSpeed":43.9,"medianSpeed":50.0,"averageSpeed":49.7,"standardDeviationSpeed":14.6,"travelTimeStandardDeviation":3.87,"sampleSize":1510,"normalizedSampleSize":0.4234,"averageTravelTime":6.89,"medianTravelTime":6.05,"travelTimeRatio":0.87,"speedPercentiles":[27,33,35,38,40,42,44,46,48,50,51,53,55,57,59,61,64,68,73]},{"timeSet":4,"dateRange":1,"harmonicAverageSpeed":44.5,"medianSpeed":51.0,"averageSpeed":51.6,"standardDeviationSpeed":16.4,"travelTimeStandardDeviation":3.97,"sampleSize":955,"normalizedSampleSize":0.2678,"averageTravelTime":6.79,"medianTravelTime":5.93,"travelTimeRatio":0.86,"speedPercentiles":[27,32,35,38,40,44,46,48,50,51,54,56,58,60,62,64,67,71,77]},{"timeSet":5,"dateRange":1,"harmonicAverageSpeed":44.7,"medianSpeed":52.0,"averageSpeed":52.1,"standardDeviationSpeed":15.2,"travelTimeStandardDeviation":6.84,"sampleSize":578,"normalizedSampleSize":0.1621,"averageTravelTime":6.76,"medianTravelTime":5.82,"travelTimeRatio":0.86,"speedPercentiles":[29,34,36,39,42,44,46,48,50,52,54,56,58,59,63,64,67,71,78]},{"timeSet":6,"dateRange":1,"harmonicAverageSpeed":39.8,"medianSpeed":48.0,"averageSpeed":48.9,"standardDeviationSpeed":18.6,"travelTimeStandardDeviation":5.57,"sampleSize":496,"normalizedSampleSize":0.1391,"averageTravelTime":7.61,"medianTravelTime":6.3,"travelTimeRatio":0.96,"speedPercentiles":[21,26,31,33,36,38,40,43,45,48,50,52,55,57,60,63,68,74,82]},{"timeSet":7,"dateRange":1,"harmonicAverageSpeed":36.3,"medianSpeed":50.0,"averageSpeed":50.4,"standardDeviationSpeed":18.6,"travelTimeStandardDeviation":11.47,"sampleSize":426,"normalizedSampleSize":0.1195,"averageTravelTime":8.33,"medianTravelTime":6.05,"travelTimeRatio":1.06,"speedPercentiles":[17,28,32,34,37,40,43,46,48,50,52,54,58,62,65,68,72,75,80]},{"timeSet":8,"dateRange":1,"harmonicAverageSpeed":44.5,"medianSpeed":54.0,"averageSpeed":52.9,"standardDeviationSpeed":17.2,"travelTimeStandardDeviation":4.33,"sampleSize":546,"normalizedSampleSize":0.1531,"averageTravelTime":6.8,"medianTravelTime":5.6,"travelTimeRatio":0.86,"speedPercentiles":[22,30,35,38,41,44,47,50,52,54,56,58,60,62,64,66,70,74,80]},{"timeSet":9,"dateRange":1,"harmonicAverageSpeed":46.7,"medianSpeed":55.0,"averageSpeed":53.5,"standardDeviationSpeed":15.2,"travelTimeStandardDeviation":5.23,"sampleSize":723,"normalizedSampleSize":0.2027,"averageTravelTime":6.48,"medianTravelTime":5.5,"travelTimeRatio":0.82,"speedPercentiles":[27,34,37,40,42,45,48,50,53,55,57,59,61,62,63,66,69,73,78]},{"timeSet":10,"dateRange":1,"harmonicAverageSpeed":43.1,"medianSpeed":50.0,"averageSpeed":49.9,"standardDeviationSpeed":14.6,"travelTimeStandardDeviation":5.14,"sampleSize":1246,"normalizedSampleSize":0.3494,"averageTravelTime":7.02,"medianTravelTime":6.05,"travelTimeRatio":0.89,"speedPercentiles":[26,32,35,37,39,42,44,46,48,50,52,54,56,58,60,62,65,68,73]},{"timeSet":11,"dateRange":1,"harmonicAverageSpeed":38.7,"medianSpeed":46.0,"averageSpeed":45.7,"standardDeviationSpeed":13.5,"travelTimeStandardDeviation":8.23,"sampleSize":1905,"normalizedSampleSize":0.5342,"averageTravelTime":7.82,"medianTravelTime":6.57,"travelTimeRatio":0.99,"speedPercentiles":[23,29,33,35,37,39,40,42,44,46,48,49,51,52,55,56,59,63,67]},{"timeSet":12,"dateRange":1,"harmonicAverageSpeed":31.4,"medianSpeed":40.0,"averageSpeed":39.6,"standardDeviationSpeed":14.0,"travelTimeStandardDeviation":7.79,"sampleSize":2416,"normalizedSampleSize":0.6775,"averageTravelTime":9.63,"medianTravelTime":7.56,"travelTimeRatio":1.22,"speedPercentiles":[14,21,25,29,32,34,35,37,38,40,42,43,45,47,49,51,53,56,61]},{"timeSet":13,"dateRange":1,"harmonicAverageSpeed":30.5,"medianSpeed":40.0,"averageSpeed":39.6,"standardDeviationSpeed":13.2,"travelTimeStandardDeviation":11.53,"sampleSize":2677,"normalizedSampleSize":0.7507,"averageTravelTime":9.91,"medianTravelTime":7.56,"travelTimeRatio":1.26,"speedPercentiles":[14,23,28,31,32,34,36,37,38,40,42,43,45,46,48,50,52,55,60]},{"timeSet":14,"dateRange":1,"harmonicAverageSpeed":23.7,"medianSpeed":37.0,"averageSpeed":36.0,"standardDeviationSpeed":15.1,"travelTimeStandardDeviation":14.32,"sampleSize":3315,"normalizedSampleSize":0.9296,"averageTravelTime":12.79,"medianTravelTime":8.17,"travelTimeRatio":1.62,"speedPercentiles":[6,12,19,24,28,31,32,34,36,37,39,40,42,44,46,48,50,54,58]},{"timeSet":15,"dateRange":1,"harmonicAverageSpeed":34.7,"medianSpeed":42.0,"averageSpeed":42.5,"standardDeviationSpeed":13.9,"travelTimeStandardDeviation":7.54,"sampleSize":2945,"normalizedSampleSize":0.8259,"averageTravelTime":8.71,"medianTravelTime":7.2,"travelTimeRatio":1.1,"speedPercentiles":[18,26,30,33,34,36,38,39,41,42,44,46,47,49,51,53,56,59,65]},{"timeSet":16,"dateRange":1,"harmonicAverageSpeed":39.3,"medianSpeed":45.0,"averageSpeed":45.6,"standardDeviationSpeed":13.4,"travelTimeStandardDeviation":6.2,"sampleSize":2207,"normalizedSampleSize":0.6189,"averageTravelTime":7.69,"medianTravelTime":6.72,"travelTimeRatio":0.98,"speedPercentiles":[23,30,33,35,37,39,40,42,44,45,47,49,51,53,54,56,59,62,67]},{"timeSet":17,"dateRange":1,"harmonicAverageSpeed":37.8,"medianSpeed":43.0,"averageSpeed":43.3,"standardDeviationSpeed":12.7,"travelTimeStandardDeviation":4.8,"sampleSize":2543,"normalizedSampleSize":0.7131,"averageTravelTime":7.99,"medianTravelTime":7.03,"travelTimeRatio":1.01,"speedPercentiles":[22,29,32,34,36,37,39,40,41,43,44,46,48,49,51,53,56,59,64]},{"timeSet":18,"dateRange":1,"harmonicAverageSpeed":32.2,"medianSpeed":39.0,"averageSpeed":39.1,"standardDeviationSpeed":13.2,"travelTimeStandardDeviation":6.41,"sampleSize":2794,"normalizedSampleSize":0.7835,"averageTravelTime":9.39,"medianTravelTime":7.75,"travelTimeRatio":1.19,"speedPercentiles":[15,20,25,29,31,33,35,36,38,39,41,43,45,47,48,51,53,55,59]},{"timeSet":19,"dateRange":1,"harmonicAverageSpeed":30.4,"medianSpeed":39.0,"averageSpeed":38.4,"standardDeviationSpeed":13.7,"travelTimeStandardDeviation":8.9,"sampleSize":2704,"normalizedSampleSize":0.7583,"averageTravelTime":9.94,"medianTravelTime":7.75,"travelTimeRatio":1.26,"speedPercentiles":[13,18,23,27,30,32,34,36,38,39,41,43,45,46,48,51,53,55,58]},{"timeSet":20,"dateRange":1,"harmonicAverageSpeed":32.4,"medianSpeed":41.0,"averageSpeed":40.1,"standardDeviationSpeed":14.1,"travelTimeStandardDeviation":6.62,"sampleSize":2482,"normalizedSampleSize":0.696,"averageTravelTime":9.33,"medianTravelTime":7.38,"travelTimeRatio":1.18,"speedPercentiles":[14,20,24,29,32,34,36,37,39,41,43,44,46,48,50,52,54,57,62]},{"timeSet":21,"dateRange":1,"harmonicAverageSpeed":33.5,"medianSpeed":41.0,"averageSpeed":40.0,"standardDeviationSpeed":13.3,"travelTimeStandardDeviation":5.43,"sampleSize":2626,"normalizedSampleSize":0.7364,"averageTravelTime":9.02,"medianTravelTime":7.38,"travelTimeRatio":1.14,"speedPercentiles":[15,21,25,29,32,34,36,37,39,41,42,44,46,48,50,52,54,57,60]},{"timeSet":22,"dateRange":1,"harmonicAverageSpeed":27.1,"medianSpeed":35.0,"averageSpeed":34.8,"standardDeviationSpeed":14.8,"travelTimeStandardDeviation":7.35,"sampleSize":2823,"normalizedSampleSize":0.7916,"averageTravelTime":11.16,"medianTravelTime":8.64,"travelTimeRatio":1.42,"speedPercentiles":[12,15,18,21,24,26,28,31,33,35,36,38,40,42,45,48,51,54,59]},{"timeSet":23,"dateRange":1,"harmonicAverageSpeed":34.6,"medianSpeed":43.0,"averageSpeed":43.7,"standardDeviationSpeed":16.2,"travelTimeStandardDeviation":6.51,"sampleSize":1835,"normalizedSampleSize":0.5146,"averageTravelTime":8.74,"medianTravelTime":7.03,"travelTimeRatio":1.11,"speedPercentiles":[15,23,28,30,33,35,37,39,41,43,46,48,50,53,55,58,61,64,69]},{"timeSet":24,"dateRange":1,"harmonicAverageSpeed":38.4,"medianSpeed":48.0,"averageSpeed":47.6,"standardDeviationSpeed":15.9,"travelTimeStandardDeviation":9.89,"sampleSize":1645,"normalizedSampleSize":0.4613,"averageTravelTime":7.88,"medianTravelTime":6.3,"travelTimeRatio":1.0,"speedPercentiles":[21,27,32,35,37,39,42,44,45,48,50,52,54,56,58,61,64,67,73]},{"timeSet":25,"dateRange":1,"harmonicAverageSpeed":39.7,"medianSpeed":47.0,"averageSpeed":47.4,"standardDeviationSpeed":15.3,"travelTimeStandardDeviation":5.78,"sampleSize":1637,"normalizedSampleSize":0.4591,"averageTravelTime":7.63,"medianTravelTime":6.43,"travelTimeRatio":0.97,"speedPercentiles":[22,29,33,35,38,40,42,44,45,47,50,52,53,55,57,60,62,66,71]}]}},{"type":"Feature","geometry":{"type":"LineString","coordinates":[[12.47041,41.94231],[12.47047,41.9422],[12.47056,41.94204]]},"properties":{"segmentId":13800006566751,"newSegmentId":"00004931-3600-0400-0000-000001376f31","speedLimit":50,"frc":2,"streetName":"Corso di Francia","distance":32.91,"segmentTimeResults":[{"timeSet":2,"dateRange":1,"harmonicAverageSpeed":29.1,"medianSpeed":46.0,"averageSpeed":45.0,"standardDeviationSpeed":17.2,"travelTimeStandardDeviation":5.78,"sampleSize":2610,"normalizedSampleSize":0.7319,"averageTravelTime":4.07,"medianTravelTime":2.58,"travelTimeRatio":1.0,"speedPercentiles":[10,23,27,32,35,38,40,42,44,46,48,50,52,54,57,59,62,65,70]},{"timeSet":3,"dateRange":1,"harmonicAverageSpeed":36.9,"medianSpeed":50.0,"averageSpeed":48.5,"standardDeviationSpeed":16.1,"travelTimeStandardDeviation":3.77,"sampleSize":1504,"normalizedSampleSize":0.4218,"averageTravelTime":3.21,"medianTravelTime":2.37,"travelTimeRatio":0.79,"speedPercentiles":[20,28,32,36,39,42,44,46,48,50,52,53,55,57,58,61,63,67,72]},{"timeSet":4,"dateRange":1,"harmonicAverageSpeed":33.1,"medianSpeed":50.0,"averageSpeed":49.1,"standardDeviationSpeed":18.3,"travelTimeStandardDeviation":5.57,"sampleSize":960,"normalizedSampleSize":0.2692,"averageTravelTime":3.58,"medianTravelTime":2.37,"travelTimeRatio":0.88,"speedPercentiles":[15,26,31,35,38,41,44,46,48,50,52,55,57,59,61,63,66,69,76]},{"timeSet":5,"dateRange":1,"harmonicAverageSpeed":35.6,"medianSpeed":52.0,"averageSpeed":50.0,"standardDeviationSpeed":17.3,"travelTimeStandardDeviation":4.33,"sampleSize":574,"normalizedSampleSize":0.161,"averageTravelTime":3.33,"medianTravelTime":2.28,"travelTimeRatio":0.82,"speedPercentiles":[15,28,34,37,40,43,45,48,50,52,53,55,57,59,62,64,67,70,76]},{"timeSet":6,"dateRange":1,"harmonicAverageSpeed":27.8,"medianSpeed":47.0,"averageSpeed":44.5,"standardDeviationSpeed":21.3,"travelTimeStandardDeviation":4.91,"sampleSize":496,"normalizedSampleSize":0.1391,"averageTravelTime":4.26,"medianTravelTime":2.52,"travelTimeRatio":1.05,"speedPercentiles":[8,14,20,24,27,31,35,39,44,47,50,52,54,57,59,62,65,70,79]},{"timeSet":7,"dateRange":1,"harmonicAverageSpeed":26.4,"medianSpeed":48.0,"averageSpeed":46.0,"standardDeviationSpeed":20.8,"travelTimeStandardDeviation":9.08,"sampleSize":432,"normalizedSampleSize":0.1211,"averageTravelTime":4.48,"medianTravelTime":2.47,"travelTimeRatio":1.1,"speedPercentiles":[12,19,24,26,28,33,35,40,44,48,51,53,56,59,63,66,69,73,78]},{"timeSet":8,"dateRange":1,"harmonicAverageSpeed":32.4,"medianSpeed":53.0,"averageSpeed":49.3,"standardDeviationSpeed":19.6,"travelTimeStandardDeviation":5.22,"sampleSize":545,"normalizedSampleSize":0.1528,"averageTravelTime":3.66,"medianTravelTime":2.24,"travelTimeRatio":0.9,"speedPercentiles":[15,23,27,32,35,39,43,47,50,53,54,56,58,60,63,66,69,73,77]},{"timeSet":9,"dateRange":1,"harmonicAverageSpeed":37.0,"medianSpeed":54.0,"averageSpeed":52.4,"standardDeviationSpeed":16.8,"travelTimeStandardDeviation":5.7,"sampleSize":724,"normalizedSampleSize":0.203,"averageTravelTime":3.2,"medianTravelTime":2.19,"travelTimeRatio":0.79,"speedPercentiles":[23,30,35,39,42,45,48,50,52,54,56,58,60,62,64,66,69,72,77]},{"timeSet":10,"dateRange":1,"harmonicAverageSpeed":37.0,"medianSpeed":51.0,"averageSpeed":49.4,"standardDeviationSpeed":16.3,"travelTimeStandardDeviation":4.2,"sampleSize":1245,"normalizedSampleSize":0.3491,"averageTravelTime":3.21,"medianTravelTime":2.32,"travelTimeRatio":0.79,"speedPercentiles":[20,28,32,36,40,43,45,47,49,51,53,55,57,59,60,62,65,68,73]},{"timeSet":11,"dateRange":1,"harmonicAverageSpeed":34.5,"medianSpeed":46.0,"averageSpeed":45.3,"standardDeviationSpeed":15.1,"travelTimeStandardDeviation":4.11,"sampleSize":1911,"normalizedSampleSize":0.5359,"averageTravelTime":3.43,"medianTravelTime":2.58,"travelTimeRatio":0.84,"speedPercentiles":[18,25,29,33,36,39,41,43,45,46,48,50,51,53,55,58,60,64,69]},{"timeSet":12,"dateRange":1,"harmonicAverageSpeed":26.3,"medianSpeed":42.0,"averageSpeed":40.7,"standardDeviationSpeed":15.7,"travelTimeStandardDeviation":6.8,"sampleSize":2429,"normalizedSampleSize":0.6812,"averageTravelTime":4.5,"medianTravelTime":2.82,"travelTimeRatio":1.11,"speedPercentiles":[12,20,24,27,30,33,36,38,40,42,44,46,48,50,52,54,56,59,64]},{"timeSet":13,"dateRange":1,"harmonicAverageSpeed":24.5,"medianSpeed":43.0,"averageSpeed":40.6,"standardDeviationSpeed":15.8,"travelTimeStandardDeviation":7.54,"sampleSize":2683,"normalizedSampleSize":0.7524,"averageTravelTime":4.83,"medianTravelTime":2.76,"travelTimeRatio":1.19,"speedPercentiles":[8,19,24,29,31,34,37,39,41,43,44,46,47,49,51,53,55,59,64]},{"timeSet":14,"dateRange":1,"harmonicAverageSpeed":21.7,"medianSpeed":39.0,"averageSpeed":37.5,"standardDeviationSpeed":16.2,"travelTimeStandardDeviation":8.25,"sampleSize":3325,"normalizedSampleSize":0.9324,"averageTravelTime":5.45,"medianTravelTime":3.04,"travelTimeRatio":1.34,"speedPercentiles":[6,15,21,24,27,30,32,34,37,39,41,43,45,47,49,51,54,57,63]},{"timeSet":15,"dateRange":1,"harmonicAverageSpeed":26.1,"medianSpeed":43.0,"averageSpeed":42.1,"standardDeviationSpeed":16.2,"travelTimeStandardDeviation":7.0,"sampleSize":2956,"normalizedSampleSize":0.8289,"averageTravelTime":4.54,"medianTravelTime":2.76,"travelTimeRatio":1.12,"speedPercentiles":[9,21,25,29,33,36,38,40,42,43,45,47,49,51,53,55,58,61,66]},{"timeSet":16,"dateRange":1,"harmonicAverageSpeed":31.1,"medianSpeed":47.0,"averageSpeed":45.7,"standardDeviationSpeed":15.8,"travelTimeStandardDeviation":6.04,"sampleSize":2204,"normalizedSampleSize":0.6181,"averageTravelTime":3.8,"medianTravelTime":2.52,"travelTimeRatio":0.94,"speedPercentiles":[16,25,30,33,37,39,41,44,45,47,49,51,52,54,56,58,61,64,69]},{"timeSet":17,"dateRange":1,"harmonicAverageSpeed":31.3,"medianSpeed":45.0,"averageSpeed":43.9,"standardDeviationSpeed":15.2,"travelTimeStandardDeviation":7.36,"sampleSize":2553,"normalizedSampleSize":0.7159,"averageTravelTime":3.79,"medianTravelTime":2.63,"travelTimeRatio":0.93,"speedPercentiles":[15,24,28,32,35,38,40,42,43,45,47,48,50,52,54,56,59,62,67]},{"timeSet":18,"dateRange":1,"harmonicAverageSpeed":28.1,"medianSpeed":41.0,"averageSpeed":39.3,"standardDeviationSpeed":15.7,"travelTimeStandardDeviation":4.12,"sampleSize":2784,"normalizedSampleSize":0.7807,"averageTravelTime":4.22,"medianTravelTime":2.89,"travelTimeRatio":1.04,"speedPercentiles":[10,17,23,25,28,31,34,36,39,41,43,45,47,49,51,53,55,59,62]},{"timeSet":19,"dateRange":1,"harmonicAverageSpeed":26.3,"medianSpeed":40.0,"averageSpeed":38.5,"standardDeviationSpeed":16.3,"travelTimeStandardDeviation":5.09,"sampleSize":2701,"normalizedSampleSize":0.7574,"averageTravelTime":4.5,"medianTravelTime":2.96,"travelTimeRatio":1.11,"speedPercentiles":[9,15,21,24,26,30,32,35,37,40,42,44,47,49,51,53,55,58,64]},{"timeSet":20,"dateRange":1,"harmonicAverageSpeed":27.0,"medianSpeed":42.0,"averageSpeed":39.5,"standardDeviationSpeed":17.0,"travelTimeStandardDeviation":4.52,"sampleSize":2486,"normalizedSampleSize":0.6971,"averageTravelTime":4.39,"medianTravelTime":2.82,"travelTimeRatio":1.08,"speedPercentiles":[10,15,20,24,26,30,33,36,39,42,44,46,48,50,52,54,57,60,65]},{"timeSet":21,"dateRange":1,"harmonicAverageSpeed":28.7,"medianSpeed":41.0,"averageSpeed":39.2,"standardDeviationSpeed":15.5,"travelTimeStandardDeviation":3.8,"sampleSize":2611,"normalizedSampleSize":0.7322,"averageTravelTime":4.13,"medianTravelTime":2.89,"travelTimeRatio":1.01,"speedPercentiles":[11,17,23,24,28,31,34,36,38,41,43,45,47,49,51,53,55,58,63]},{"timeSet":22,"dateRange":1,"harmonicAverageSpeed":23.6,"medianSpeed":36.0,"averageSpeed":35.5,"standardDeviationSpeed":16.3,"travelTimeStandardDeviation":6.12,"sampleSize":2833,"normalizedSampleSize":0.7944,"averageTravelTime":5.01,"medianTravelTime":3.29,"travelTimeRatio":1.23,"speedPercentiles":[8,12,17,22,24,25,28,31,33,36,38,40,43,45,47,50,53,57,62]},{"timeSet":23,"dateRange":1,"harmonicAverageSpeed":23.4,"medianSpeed":44.0,"averageSpeed":42.3,"standardDeviationSpeed":18.5,"travelTimeStandardDeviation":9.03,"sampleSize":1817,"normalizedSampleSize":0.5095,"averageTravelTime":5.06,"medianTravelTime":2.69,"travelTimeRatio":1.24,"speedPercentiles":[6,16,23,26,31,34,37,39,41,44,46,48,51,53,56,58,61,64,69]},{"timeSet":24,"dateRange":1,"harmonicAverageSpeed":27.4,"medianSpeed":47.0,"averageSpeed":44.9,"standardDeviationSpeed":18.3,"travelTimeStandardDeviation":6.32,"sampleSize":1633,"normalizedSampleSize":0.4579,"averageTravelTime":4.32,"medianTravelTime":2.52,"travelTimeRatio":1.06,"speedPercentiles":[8,20,26,30,34,36,39,42,44,47,49,51,53,56,58,60,62,66,72]},{"timeSet":25,"dateRange":1,"harmonicAverageSpeed":25.1,"medianSpeed":46.0,"averageSpeed":44.0,"standardDeviationSpeed":18.9,"travelTimeStandardDeviation":7.09,"sampleSize":1626,"normalizedSampleSize":0.456,"averageTravelTime":4.71,"medianTravelTime":2.58,"travelTimeRatio":1.16,"speedPercentiles":[6,17,24,29,33,36,38,41,44,46,48,51,53,55,57,59,62,66,71]}]}},{"type":"Feature","geometry":{"type":"LineString","coordinates":[[12.47056,41.94204],[12.4706,41.94192],[12.47064,41.94181],[12.47066,41.94171]]},"properties":{"segmentId":13800006526870,"newSegmentId":"00004931-3600-0400-0000-000001376f5e","speedLimit":50,"frc":2,"streetName":"Corso di Francia","distance":37.63,"segmentTimeResults":[{"timeSet":2,"dateRange":1,"harmonicAverageSpeed":21.7,"medianSpeed":45.0,"averageSpeed":42.7,"standardDeviationSpeed":19.0,"travelTimeStandardDeviation":9.81,"sampleSize":2602,"normalizedSampleSize":0.7297,"averageTravelTime":6.26,"medianTravelTime":3.01,"travelTimeRatio":1.0,"speedPercentiles":[4,11,22,28,32,35,38,41,43,45,47,49,51,54,56,59,61,65,70]},{"timeSet":3,"dateRange":1,"harmonicAverageSpeed":20.7,"medianSpeed":48.0,"averageSpeed":44.8,"standardDeviationSpeed":20.3,"travelTimeStandardDeviation":10.24,"sampleSize":1505,"normalizedSampleSize":0.422,"averageTravelTime":6.55,"medianTravelTime":2.82,"travelTimeRatio":1.05,"speedPercentiles":[4,6,21,29,35,39,42,44,47,48,50,52,54,56,58,60,63,67,72]},{"timeSet":4,"dateRange":1,"harmonicAverageSpeed":17.7,"medianSpeed":49.0,"averageSpeed":44.5,"standardDeviationSpeed":22.7,"travelTimeStandardDeviation":14.0,"sampleSize":953,"normalizedSampleSize":0.2672,"averageTravelTime":7.65,"medianTravelTime":2.76,"travelTimeRatio":1.22,"speedPercentiles":[4,5,12,24,32,37,41,44,47,49,51,53,55,57,60,62,65,69,77]},{"timeSet":5,"dateRange":1,"harmonicAverageSpeed":17.5,"medianSpeed":50.0,"averageSpeed":45.0,"standardDeviationSpeed":22.8,"travelTimeStandardDeviation":11.73,"sampleSize":570,"normalizedSampleSize":0.1598,"averageTravelTime":7.75,"medianTravelTime":2.71,"travelTimeRatio":1.24,"speedPercentiles":[3,4,8,22,33,39,43,45,48,50,52,54,57,59,61,63,67,70,76]},{"timeSet":6,"dateRange":1,"harmonicAverageSpeed":20.7,"medianSpeed":45.0,"averageSpeed":42.2,"standardDeviationSpeed":22.6,"travelTimeStandardDeviation":8.85,"sampleSize":497,"normalizedSampleSize":0.1394,"averageTravelTime":6.54,"medianTravelTime":3.01,"travelTimeRatio":1.05,"speedPercentiles":[4,10,14,18,22,27,34,39,42,45,48,52,54,56,59,62,65,69,78]},{"timeSet":7,"dateRange":1,"harmonicAverageSpeed":20.8,"medianSpeed":45.0,"averageSpeed":42.7,"standardDeviationSpeed":22.9,"travelTimeStandardDeviation":9.13,"sampleSize":430,"normalizedSampleSize":0.1206,"averageTravelTime":6.52,"medianTravelTime":3.01,"travelTimeRatio":1.04,"speedPercentiles":[4,9,17,20,22,26,31,34,40,45,49,52,55,59,62,64,68,73,78]},{"timeSet":8,"dateRange":1,"harmonicAverageSpeed":23.7,"medianSpeed":51.0,"averageSpeed":47.4,"standardDeviationSpeed":21.1,"travelTimeStandardDeviation":9.42,"sampleSize":547,"normalizedSampleSize":0.1534,"averageTravelTime":5.71,"medianTravelTime":2.66,"travelTimeRatio":0.91,"speedPercentiles":[5,16,23,29,32,39,42,46,50,51,53,55,58,59,62,65,69,72,77]},{"timeSet":9,"dateRange":1,"harmonicAverageSpeed":25.0,"medianSpeed":53.0,"averageSpeed":50.6,"standardDeviationSpeed":19.4,"travelTimeStandardDeviation":10.0,"sampleSize":724,"normalizedSampleSize":0.203,"averageTravelTime":5.42,"medianTravelTime":2.56,"travelTimeRatio":0.87,"speedPercentiles":[4,22,33,39,42,44,47,50,52,53,56,58,59,62,63,66,69,72,76]},{"timeSet":10,"dateRange":1,"harmonicAverageSpeed":27.4,"medianSpeed":51.0,"averageSpeed":48.1,"standardDeviationSpeed":18.1,"travelTimeStandardDeviation":8.2,"sampleSize":1246,"normalizedSampleSize":0.3494,"averageTravelTime":4.94,"medianTravelTime":2.66,"travelTimeRatio":0.79,"speedPercentiles":[6,24,31,35,39,42,45,47,49,51,53,54,56,58,60,62,65,68,73]},{"timeSet":11,"dateRange":1,"harmonicAverageSpeed":26.2,"medianSpeed":46.0,"averageSpeed":44.3,"standardDeviationSpeed":16.6,"travelTimeStandardDeviation":8.29,"sampleSize":1909,"normalizedSampleSize":0.5353,"averageTravelTime":5.18,"medianTravelTime":2.94,"travelTimeRatio":0.83,"speedPercentiles":[7,22,28,33,36,39,41,43,45,46,48,50,51,53,55,57,60,63,68]},{"timeSet":12,"dateRange":1,"harmonicAverageSpeed":25.7,"medianSpeed":43.0,"averageSpeed":41.2,"standardDeviationSpeed":15.6,"travelTimeStandardDeviation":8.0,"sampleSize":2422,"normalizedSampleSize":0.6792,"averageTravelTime":5.28,"medianTravelTime":3.15,"travelTimeRatio":0.84,"speedPercentiles":[9,22,26,29,32,35,37,39,41,43,45,46,48,50,52,54,56,60,64]},{"timeSet":13,"dateRange":1,"harmonicAverageSpeed":22.7,"medianSpeed":42.0,"averageSpeed":40.4,"standardDeviationSpeed":16.3,"travelTimeStandardDeviation":9.76,"sampleSize":2700,"normalizedSampleSize":0.7572,"averageTravelTime":5.98,"medianTravelTime":3.23,"travelTimeRatio":0.96,"speedPercentiles":[5,17,24,28,31,34,37,39,41,42,44,46,47,49,51,53,56,59,64]},{"timeSet":14,"dateRange":1,"harmonicAverageSpeed":20.8,"medianSpeed":40.0,"averageSpeed":38.1,"standardDeviationSpeed":16.2,"travelTimeStandardDeviation":12.91,"sampleSize":3328,"normalizedSampleSize":0.9333,"averageTravelTime":6.52,"medianTravelTime":3.39,"travelTimeRatio":1.04,"speedPercentiles":[4,15,21,25,28,31,33,36,38,40,41,43,45,47,49,51,54,57,63]},{"timeSet":15,"dateRange":1,"harmonicAverageSpeed":22.7,"medianSpeed":43.0,"averageSpeed":41.2,"standardDeviationSpeed":17.1,"travelTimeStandardDeviation":9.8,"sampleSize":2955,"normalizedSampleSize":0.8287,"averageTravelTime":5.97,"medianTravelTime":3.15,"travelTimeRatio":0.95,"speedPercentiles":[4,16,23,28,32,35,37,39,41,43,45,47,49,51,53,55,58,61,66]},{"timeSet":16,"dateRange":1,"harmonicAverageSpeed":23.9,"medianSpeed":47.0,"averageSpeed":44.2,"standardDeviationSpeed":17.8,"travelTimeStandardDeviation":8.8,"sampleSize":2206,"normalizedSampleSize":0.6186,"averageTravelTime":5.66,"medianTravelTime":2.88,"travelTimeRatio":0.9,"speedPercentiles":[4,18,26,31,35,39,41,43,45,47,49,51,52,54,56,58,60,64,69]},{"timeSet":17,"dateRange":1,"harmonicAverageSpeed":23.0,"medianSpeed":45.0,"averageSpeed":42.8,"standardDeviationSpeed":17.0,"travelTimeStandardDeviation":12.92,"sampleSize":2563,"normalizedSampleSize":0.7187,"averageTravelTime":5.88,"medianTravelTime":3.01,"travelTimeRatio":0.94,"speedPercentiles":[4,18,26,31,35,37,40,42,43,45,47,48,50,52,54,56,59,62,66]},{"timeSet":18,"dateRange":1,"harmonicAverageSpeed":25.7,"medianSpeed":41.0,"averageSpeed":39.5,"standardDeviationSpeed":15.8,"travelTimeStandardDeviation":6.46,"sampleSize":2784,"normalizedSampleSize":0.7807,"averageTravelTime":5.27,"medianTravelTime":3.3,"travelTimeRatio":0.84,"speedPercentiles":[7,16,23,27,30,33,35,37,39,41,43,45,47,49,51,53,55,58,62]},{"timeSet":19,"dateRange":1,"harmonicAverageSpeed":24.2,"medianSpeed":41.0,"averageSpeed":38.8,"standardDeviationSpeed":16.6,"travelTimeStandardDeviation":6.92,"sampleSize":2704,"normalizedSampleSize":0.7583,"averageTravelTime":5.6,"medianTravelTime":3.3,"travelTimeRatio":0.89,"speedPercentiles":[6,13,21,25,28,31,34,36,38,41,43,45,46,49,51,53,55,59,64]},{"timeSet":20,"dateRange":1,"harmonicAverageSpeed":23.8,"medianSpeed":42.0,"averageSpeed":39.3,"standardDeviationSpeed":17.4,"travelTimeStandardDeviation":7.2,"sampleSize":2486,"normalizedSampleSize":0.6971,"averageTravelTime":5.7,"medianTravelTime":3.23,"travelTimeRatio":0.91,"speedPercentiles":[6,13,19,24,27,30,33,36,39,42,44,46,48,50,52,54,57,60,65]},{"timeSet":21,"dateRange":1,"harmonicAverageSpeed":25.6,"medianSpeed":41.0,"averageSpeed":38.9,"standardDeviationSpeed":15.9,"travelTimeStandardDeviation":6.28,"sampleSize":2601,"normalizedSampleSize":0.7294,"averageTravelTime":5.3,"medianTravelTime":3.3,"travelTimeRatio":0.85,"speedPercentiles":[8,15,22,26,29,32,34,36,39,41,43,44,46,48,50,52,55,58,63]},{"timeSet":22,"dateRange":1,"harmonicAverageSpeed":20.9,"medianSpeed":37.0,"averageSpeed":35.6,"standardDeviationSpeed":16.7,"travelTimeStandardDeviation":8.22,"sampleSize":2814,"normalizedSampleSize":0.7891,"averageTravelTime":6.47,"medianTravelTime":3.66,"travelTimeRatio":1.03,"speedPercentiles":[5,11,17,21,24,27,29,32,35,37,39,41,43,45,47,49,53,56,62]},{"timeSet":23,"dateRange":1,"harmonicAverageSpeed":17.9,"medianSpeed":43.0,"averageSpeed":40.3,"standardDeviationSpeed":20.4,"travelTimeStandardDeviation":11.54,"sampleSize":1801,"normalizedSampleSize":0.505,"averageTravelTime":7.57,"medianTravelTime":3.15,"travelTimeRatio":1.21,"speedPercentiles":[3,6,15,22,27,31,35,37,40,43,45,48,50,53,55,58,61,64,70]},{"timeSet":24,"dateRange":1,"harmonicAverageSpeed":19.3,"medianSpeed":46.0,"averageSpeed":42.1,"standardDeviationSpeed":20.8,"travelTimeStandardDeviation":10.63,"sampleSize":1629,"normalizedSampleSize":0.4568,"averageTravelTime":7.02,"medianTravelTime":2.94,"travelTimeRatio":1.12,"speedPercentiles":[4,6,17,24,28,33,36,40,43,46,48,50,53,55,57,59,62,66,72]},{"timeSet":25,"dateRange":1,"harmonicAverageSpeed":19.2,"medianSpeed":45.0,"averageSpeed":41.6,"standardDeviationSpeed":20.6,"travelTimeStandardDeviation":10.38,"sampleSize":1629,"normalizedSampleSize":0.4568,"averageTravelTime":7.05,"medianTravelTime":3.01,"travelTimeRatio":1.13,"speedPercentiles":[4,6,15,23,29,33,37,39,42,45,47,49,52,54,57,59,62,65,71]}]}},{"type":"Feature","geometry":{"type":"LineString","coordinates":[[12.47066,41.94171],[12.4707,41.94148]]},"properties":{"segmentId":13800007229329,"newSegmentId":"00004931-3600-0400-0000-0000014b11ba","speedLimit":50,"frc":2,"streetName":"Corso di Francia","distance":24.78,"segmentTimeResults":[{"timeSet":2,"dateRange":1,"harmonicAverageSpeed":34.1,"medianSpeed":43.0,"averageSpeed":43.2,"standardDeviationSpeed":16.7,"travelTimeStandardDeviation":2.07,"sampleSize":2581,"normalizedSampleSize":0.7238,"averageTravelTime":2.62,"medianTravelTime":2.07,"travelTimeRatio":1.0,"speedPercentiles":[17,23,26,28,30,33,35,38,40,43,45,48,50,52,55,58,61,64,71]},{"timeSet":3,"dateRange":1,"harmonicAverageSpeed":33.1,"medianSpeed":45.0,"averageSpeed":44.3,"standardDeviationSpeed":18.0,"travelTimeStandardDeviation":2.98,"sampleSize":1516,"normalizedSampleSize":0.4251,"averageTravelTime":2.69,"medianTravelTime":1.98,"travelTimeRatio":1.03,"speedPercentiles":[17,23,26,28,30,32,35,38,42,45,48,50,52,54,57,59,63,66,73]},{"timeSet":4,"dateRange":1,"harmonicAverageSpeed":33.7,"medianSpeed":46.0,"averageSpeed":46.0,"standardDeviationSpeed":19.3,"travelTimeStandardDeviation":3.46,"sampleSize":904,"normalizedSampleSize":0.2535,"averageTravelTime":2.64,"medianTravelTime":1.94,"travelTimeRatio":1.01,"speedPercentiles":[17,24,27,28,31,33,36,39,42,46,49,51,54,56,59,62,65,70,77]},{"timeSet":5,"dateRange":1,"harmonicAverageSpeed":35.8,"medianSpeed":46.0,"averageSpeed":46.3,"standardDeviationSpeed":18.5,"travelTimeStandardDeviation":2.22,"sampleSize":525,"normalizedSampleSize":0.1472,"averageTravelTime":2.49,"medianTravelTime":1.94,"travelTimeRatio":0.95,"speedPercentiles":[18,25,26,29,31,33,36,40,43,46,50,53,55,57,60,62,66,70,75]},{"timeSet":6,"dateRange":1,"harmonicAverageSpeed":32.8,"medianSpeed":41.0,"averageSpeed":44.1,"standardDeviationSpeed":20.2,"travelTimeStandardDeviation":2.24,"sampleSize":482,"normalizedSampleSize":0.1352,"averageTravelTime":2.72,"medianTravelTime":2.18,"travelTimeRatio":1.04,"speedPercentiles":[16,23,24,26,29,31,32,34,37,41,45,49,52,55,58,61,65,71,79]},{"timeSet":7,"dateRange":1,"harmonicAverageSpeed":35.9,"medianSpeed":43.0,"averageSpeed":45.8,"standardDeviationSpeed":19.4,"travelTimeStandardDeviation":1.74,"sampleSize":410,"normalizedSampleSize":0.115,"averageTravelTime":2.49,"medianTravelTime":2.07,"travelTimeRatio":0.95,"speedPercentiles":[18,24,27,28,30,32,34,36,39,43,48,51,54,58,62,65,69,73,79]},{"timeSet":8,"dateRange":1,"harmonicAverageSpeed":38.5,"medianSpeed":51.0,"averageSpeed":49.4,"standardDeviationSpeed":18.8,"travelTimeStandardDeviation":2.11,"sampleSize":517,"normalizedSampleSize":0.145,"averageTravelTime":2.32,"medianTravelTime":1.75,"travelTimeRatio":0.89,"speedPercentiles":[21,26,28,31,34,37,40,44,48,51,54,55,58,60,63,66,70,73,79]},{"timeSet":9,"dateRange":1,"harmonicAverageSpeed":42.3,"medianSpeed":54.0,"averageSpeed":51.7,"standardDeviationSpeed":17.6,"travelTimeStandardDeviation":1.59,"sampleSize":681,"normalizedSampleSize":0.191,"averageTravelTime":2.11,"medianTravelTime":1.65,"travelTimeRatio":0.81,"speedPercentiles":[22,27,31,35,39,42,46,49,52,54,56,58,60,62,64,66,70,73,77]},{"timeSet":10,"dateRange":1,"harmonicAverageSpeed":37.4,"medianSpeed":50.0,"averageSpeed":48.2,"standardDeviationSpeed":17.0,"travelTimeStandardDeviation":2.34,"sampleSize":1203,"normalizedSampleSize":0.3374,"averageTravelTime":2.38,"medianTravelTime":1.78,"travelTimeRatio":0.91,"speedPercentiles":[21,26,29,32,36,39,43,46,48,50,52,54,56,58,60,63,66,69,74]},{"timeSet":11,"dateRange":1,"harmonicAverageSpeed":35.8,"medianSpeed":45.0,"averageSpeed":44.6,"standardDeviationSpeed":15.1,"travelTimeStandardDeviation":2.37,"sampleSize":1845,"normalizedSampleSize":0.5174,"averageTravelTime":2.49,"medianTravelTime":1.98,"travelTimeRatio":0.95,"speedPercentiles":[19,26,29,31,34,36,39,41,43,45,47,49,51,53,55,57,59,63,69]},{"timeSet":12,"dateRange":1,"harmonicAverageSpeed":33.7,"medianSpeed":42.0,"averageSpeed":41.8,"standardDeviationSpeed":14.1,"travelTimeStandardDeviation":2.37,"sampleSize":2349,"normalizedSampleSize":0.6587,"averageTravelTime":2.65,"medianTravelTime":2.12,"travelTimeRatio":1.01,"speedPercentiles":[19,25,27,30,32,34,36,38,40,42,44,46,48,49,52,54,56,59,63]},{"timeSet":13,"dateRange":1,"harmonicAverageSpeed":31.3,"medianSpeed":42.0,"averageSpeed":41.0,"standardDeviationSpeed":15.0,"travelTimeStandardDeviation":3.85,"sampleSize":2538,"normalizedSampleSize":0.7117,"averageTravelTime":2.85,"medianTravelTime":2.12,"travelTimeRatio":1.09,"speedPercentiles":[16,23,26,28,30,33,35,37,39,42,43,45,47,49,51,53,56,59,65]},{"timeSet":14,"dateRange":1,"harmonicAverageSpeed":32.0,"medianSpeed":40.0,"averageSpeed":39.7,"standardDeviationSpeed":14.1,"travelTimeStandardDeviation":2.3,"sampleSize":3075,"normalizedSampleSize":0.8623,"averageTravelTime":2.78,"medianTravelTime":2.23,"travelTimeRatio":1.06,"speedPercentiles":[17,23,25,28,30,32,34,36,38,40,42,43,45,47,49,52,54,58,63]},{"timeSet":15,"dateRange":1,"harmonicAverageSpeed":33.8,"medianSpeed":43.0,"averageSpeed":43.2,"standardDeviationSpeed":15.2,"travelTimeStandardDeviation":4.23,"sampleSize":2689,"normalizedSampleSize":0.7541,"averageTravelTime":2.64,"medianTravelTime":2.07,"travelTimeRatio":1.01,"speedPercentiles":[19,25,28,30,32,34,37,39,41,43,46,48,50,52,54,56,59,62,67]},{"timeSet":16,"dateRange":1,"harmonicAverageSpeed":36.5,"medianSpeed":47.0,"averageSpeed":45.6,"standardDeviationSpeed":15.5,"travelTimeStandardDeviation":2.35,"sampleSize":2079,"normalizedSampleSize":0.583,"averageTravelTime":2.45,"medianTravelTime":1.9,"travelTimeRatio":0.93,"speedPercentiles":[20,26,29,31,34,37,40,42,45,47,49,51,53,54,57,59,61,64,69]},{"timeSet":17,"dateRange":1,"harmonicAverageSpeed":35.1,"medianSpeed":44.0,"averageSpeed":43.6,"standardDeviationSpeed":14.8,"travelTimeStandardDeviation":2.25,"sampleSize":2483,"normalizedSampleSize":0.6963,"averageTravelTime":2.54,"medianTravelTime":2.03,"travelTimeRatio":0.97,"speedPercentiles":[20,26,28,30,33,35,38,40,42,44,46,48,50,52,54,56,58,62,67]},{"timeSet":18,"dateRange":1,"harmonicAverageSpeed":34.0,"medianSpeed":41.0,"averageSpeed":40.8,"standardDeviationSpeed":13.7,"travelTimeStandardDeviation":1.98,"sampleSize":2684,"normalizedSampleSize":0.7527,"averageTravelTime":2.62,"medianTravelTime":2.18,"travelTimeRatio":1.0,"speedPercentiles":[19,25,27,29,31,33,35,37,39,41,43,44,46,48,50,52,55,58,62]},{"timeSet":19,"dateRange":1,"harmonicAverageSpeed":33.0,"medianSpeed":40.0,"averageSpeed":40.7,"standardDeviationSpeed":14.0,"travelTimeStandardDeviation":2.36,"sampleSize":2568,"normalizedSampleSize":0.7201,"averageTravelTime":2.71,"medianTravelTime":2.23,"travelTimeRatio":1.03,"speedPercentiles":[18,24,27,29,31,33,34,36,38,40,42,44,46,49,51,53,55,59,64]},{"timeSet":20,"dateRange":1,"harmonicAverageSpeed":31.6,"medianSpeed":41.0,"averageSpeed":40.8,"standardDeviationSpeed":14.9,"travelTimeStandardDeviation":3.84,"sampleSize":2414,"normalizedSampleSize":0.6769,"averageTravelTime":2.82,"medianTravelTime":2.18,"travelTimeRatio":1.08,"speedPercentiles":[18,23,26,28,30,32,33,36,38,41,43,45,47,49,51,54,56,60,65]},{"timeSet":21,"dateRange":1,"harmonicAverageSpeed":34.2,"medianSpeed":41.0,"averageSpeed":40.9,"standardDeviationSpeed":13.5,"travelTimeStandardDeviation":1.94,"sampleSize":2383,"normalizedSampleSize":0.6683,"averageTravelTime":2.61,"medianTravelTime":2.18,"travelTimeRatio":1.0,"speedPercentiles":[19,25,28,29,31,33,35,37,39,41,42,44,46,48,50,53,55,58,63]},{"timeSet":22,"dateRange":1,"harmonicAverageSpeed":31.1,"medianSpeed":38.0,"averageSpeed":38.8,"standardDeviationSpeed":13.8,"travelTimeStandardDeviation":2.59,"sampleSize":2518,"normalizedSampleSize":0.7061,"averageTravelTime":2.87,"medianTravelTime":2.35,"travelTimeRatio":1.1,"speedPercentiles":[16,23,26,28,29,31,33,35,36,38,40,41,43,45,48,50,53,57,62]},{"timeSet":23,"dateRange":1,"harmonicAverageSpeed":34.6,"medianSpeed":43.0,"averageSpeed":43.9,"standardDeviationSpeed":17.1,"travelTimeStandardDeviation":2.05,"sampleSize":1603,"normalizedSampleSize":0.4495,"averageTravelTime":2.58,"medianTravelTime":2.07,"travelTimeRatio":0.99,"speedPercentiles":[18,24,27,29,31,33,35,38,40,43,45,48,51,53,56,59,62,66,72]},{"timeSet":24,"dateRange":1,"harmonicAverageSpeed":33.5,"medianSpeed":45.0,"averageSpeed":44.4,"standardDeviationSpeed":17.9,"travelTimeStandardDeviation":2.65,"sampleSize":1532,"normalizedSampleSize":0.4296,"averageTravelTime":2.66,"medianTravelTime":1.98,"travelTimeRatio":1.02,"speedPercentiles":[16,23,26,28,30,32,35,38,41,45,48,50,53,55,58,60,63,67,73]},{"timeSet":25,"dateRange":1,"harmonicAverageSpeed":34.1,"medianSpeed":43.0,"averageSpeed":43.9,"standardDeviationSpeed":17.4,"travelTimeStandardDeviation":2.43,"sampleSize":1523,"normalizedSampleSize":0.4271,"averageTravelTime":2.61,"medianTravelTime":2.07,"travelTimeRatio":1.0,"speedPercentiles":[18,24,27,28,30,32,34,37,40,43,46,49,52,54,57,60,62,66,72]}]}},{"type":"Feature","geometry":{"type":"LineString","coordinates":[[12.4707,41.94148],[12.47071,41.94141],[12.47073,41.94134],[12.47074,41.94125],[12.47076,41.94117]]},"properties":{"segmentId":13800007302573,"newSegmentId":"00004931-3600-0400-0000-0000014b11bb","speedLimit":50,"frc":2,"streetName":"Corso di Francia","distance":35.16,"segmentTimeResults":[{"timeSet":2,"dateRange":1,"harmonicAverageSpeed":36.1,"medianSpeed":44.0,"averageSpeed":44.2,"standardDeviationSpeed":16.1,"travelTimeStandardDeviation":2.53,"sampleSize":2591,"normalizedSampleSize":0.7266,"averageTravelTime":3.5,"medianTravelTime":2.88,"travelTimeRatio":1.0,"speedPercentiles":[19,24,28,30,33,35,37,40,42,44,46,48,50,52,55,57,61,64,71]},{"timeSet":3,"dateRange":1,"harmonicAverageSpeed":36.3,"medianSpeed":45.0,"averageSpeed":45.5,"standardDeviationSpeed":17.3,"travelTimeStandardDeviation":2.79,"sampleSize":1526,"normalizedSampleSize":0.4279,"averageTravelTime":3.49,"medianTravelTime":2.81,"travelTimeRatio":1.0,"speedPercentiles":[19,25,29,32,33,35,37,40,43,45,47,49,52,54,56,59,63,67,74]},{"timeSet":4,"dateRange":1,"harmonicAverageSpeed":39.8,"medianSpeed":46.0,"averageSpeed":47.8,"standardDeviationSpeed":17.7,"travelTimeStandardDeviation":1.99,"sampleSize":909,"normalizedSampleSize":0.2549,"averageTravelTime":3.18,"medianTravelTime":2.75,"travelTimeRatio":0.91,"speedPercentiles":[23,28,31,33,35,37,39,41,44,46,48,51,53,55,59,62,65,71,78]},{"timeSet":5,"dateRange":1,"harmonicAverageSpeed":40.5,"medianSpeed":47.0,"averageSpeed":48.0,"standardDeviationSpeed":16.7,"travelTimeStandardDeviation":1.88,"sampleSize":531,"normalizedSampleSize":0.1489,"averageTravelTime":3.12,"medianTravelTime":2.69,"travelTimeRatio":0.89,"speedPercentiles":[23,29,32,35,36,38,40,42,44,47,50,53,54,57,59,61,64,69,77]},{"timeSet":6,"dateRange":1,"harmonicAverageSpeed":38.2,"medianSpeed":43.0,"averageSpeed":47.0,"standardDeviationSpeed":18.3,"travelTimeStandardDeviation":2.29,"sampleSize":482,"normalizedSampleSize":0.1352,"averageTravelTime":3.31,"medianTravelTime":2.94,"travelTimeRatio":0.95,"speedPercentiles":[23,28,31,33,34,36,37,39,41,43,46,50,52,55,58,62,65,72,80]},{"timeSet":7,"dateRange":1,"harmonicAverageSpeed":39.8,"medianSpeed":46.0,"averageSpeed":48.3,"standardDeviationSpeed":17.7,"travelTimeStandardDeviation":2.2,"sampleSize":418,"normalizedSampleSize":0.1172,"averageTravelTime":3.18,"medianTravelTime":2.75,"travelTimeRatio":0.91,"speedPercentiles":[22,28,31,34,35,37,39,41,43,46,49,52,54,58,62,66,69,73,79]},{"timeSet":8,"dateRange":1,"harmonicAverageSpeed":42.2,"medianSpeed":51.0,"averageSpeed":51.1,"standardDeviationSpeed":17.4,"travelTimeStandardDeviation":2.69,"sampleSize":519,"normalizedSampleSize":0.1455,"averageTravelTime":3.0,"medianTravelTime":2.48,"travelTimeRatio":0.86,"speedPercentiles":[23,30,33,36,39,40,43,45,48,51,54,56,58,60,63,66,70,74,80]},{"timeSet":9,"dateRange":1,"harmonicAverageSpeed":44.5,"medianSpeed":54.0,"averageSpeed":52.4,"standardDeviationSpeed":16.9,"travelTimeStandardDeviation":1.72,"sampleSize":683,"normalizedSampleSize":0.1915,"averageTravelTime":2.85,"medianTravelTime":2.34,"travelTimeRatio":0.81,"speedPercentiles":[23,30,34,36,40,44,46,49,52,54,56,58,60,62,65,66,70,73,78]},{"timeSet":10,"dateRange":1,"harmonicAverageSpeed":40.7,"medianSpeed":50.0,"averageSpeed":49.1,"standardDeviationSpeed":16.2,"travelTimeStandardDeviation":2.18,"sampleSize":1205,"normalizedSampleSize":0.3379,"averageTravelTime":3.11,"medianTravelTime":2.53,"travelTimeRatio":0.89,"speedPercentiles":[23,28,32,35,38,41,44,46,48,50,52,54,56,58,60,63,66,69,74]},{"timeSet":11,"dateRange":1,"harmonicAverageSpeed":38.6,"medianSpeed":47.0,"averageSpeed":45.8,"standardDeviationSpeed":14.4,"travelTimeStandardDeviation":2.6,"sampleSize":1844,"normalizedSampleSize":0.5171,"averageTravelTime":3.28,"medianTravelTime":2.69,"travelTimeRatio":0.94,"speedPercentiles":[21,27,30,33,36,39,41,43,45,47,49,50,52,54,55,57,59,63,68]},{"timeSet":12,"dateRange":1,"harmonicAverageSpeed":36.2,"medianSpeed":44.0,"averageSpeed":42.6,"standardDeviationSpeed":13.7,"travelTimeStandardDeviation":2.22,"sampleSize":2349,"normalizedSampleSize":0.6587,"averageTravelTime":3.49,"medianTravelTime":2.88,"travelTimeRatio":1.0,"speedPercentiles":[20,25,28,31,33,35,38,40,42,44,45,47,49,50,52,54,56,59,63]},{"timeSet":13,"dateRange":1,"harmonicAverageSpeed":33.5,"medianSpeed":42.0,"averageSpeed":41.5,"standardDeviationSpeed":14.3,"travelTimeStandardDeviation":4.4,"sampleSize":2548,"normalizedSampleSize":0.7145,"averageTravelTime":3.78,"medianTravelTime":3.01,"travelTimeRatio":1.08,"speedPercentiles":[17,23,27,29,32,34,36,38,40,42,44,46,48,49,51,54,56,58,64]},{"timeSet":14,"dateRange":1,"harmonicAverageSpeed":33.7,"medianSpeed":41.0,"averageSpeed":40.6,"standardDeviationSpeed":13.9,"travelTimeStandardDeviation":2.61,"sampleSize":3081,"normalizedSampleSize":0.864,"averageTravelTime":3.76,"medianTravelTime":3.09,"travelTimeRatio":1.07,"speedPercentiles":[18,23,26,29,31,33,35,37,39,41,43,45,46,48,50,52,55,58,63]},{"timeSet":15,"dateRange":1,"harmonicAverageSpeed":36.2,"medianSpeed":44.0,"averageSpeed":44.1,"standardDeviationSpeed":14.7,"travelTimeStandardDeviation":3.33,"sampleSize":2694,"normalizedSampleSize":0.7555,"averageTravelTime":3.5,"medianTravelTime":2.88,"travelTimeRatio":1.0,"speedPercentiles":[21,25,29,31,34,36,39,41,42,44,46,48,50,52,54,56,59,62,67]},{"timeSet":16,"dateRange":1,"harmonicAverageSpeed":39.7,"medianSpeed":47.0,"averageSpeed":46.5,"standardDeviationSpeed":14.4,"travelTimeStandardDeviation":2.51,"sampleSize":2080,"normalizedSampleSize":0.5833,"averageTravelTime":3.19,"medianTravelTime":2.69,"travelTimeRatio":0.91,"speedPercentiles":[23,28,31,34,37,39,41,43,45,47,49,51,52,54,57,59,61,64,69]},{"timeSet":17,"dateRange":1,"harmonicAverageSpeed":37.8,"medianSpeed":45.0,"averageSpeed":44.3,"standardDeviationSpeed":14.2,"travelTimeStandardDeviation":2.13,"sampleSize":2487,"normalizedSampleSize":0.6974,"averageTravelTime":3.35,"medianTravelTime":2.81,"travelTimeRatio":0.96,"speedPercentiles":[22,27,29,32,35,37,39,41,43,45,46,48,50,52,54,56,58,61,66]},{"timeSet":18,"dateRange":1,"harmonicAverageSpeed":36.3,"medianSpeed":42.0,"averageSpeed":41.7,"standardDeviationSpeed":13.0,"travelTimeStandardDeviation":1.97,"sampleSize":2687,"normalizedSampleSize":0.7535,"averageTravelTime":3.49,"medianTravelTime":3.01,"travelTimeRatio":0.99,"speedPercentiles":[21,26,29,31,33,34,36,38,40,42,43,45,47,49,50,52,55,58,62]},{"timeSet":19,"dateRange":1,"harmonicAverageSpeed":35.2,"medianSpeed":41.0,"averageSpeed":41.4,"standardDeviationSpeed":13.3,"travelTimeStandardDeviation":2.32,"sampleSize":2577,"normalizedSampleSize":0.7227,"averageTravelTime":3.59,"medianTravelTime":3.09,"travelTimeRatio":1.03,"speedPercentiles":[19,25,28,31,33,34,36,38,40,41,43,45,47,49,51,53,55,58,63]},{"timeSet":20,"dateRange":1,"harmonicAverageSpeed":35.0,"medianSpeed":42.0,"averageSpeed":41.8,"standardDeviationSpeed":14.1,"travelTimeStandardDeviation":2.57,"sampleSize":2426,"normalizedSampleSize":0.6803,"averageTravelTime":3.62,"medianTravelTime":3.01,"travelTimeRatio":1.03,"speedPercentiles":[19,25,28,30,32,34,36,38,40,42,43,45,47,49,52,54,56,59,64]},{"timeSet":21,"dateRange":1,"harmonicAverageSpeed":36.4,"medianSpeed":42.0,"averageSpeed":42.0,"standardDeviationSpeed":12.6,"travelTimeStandardDeviation":2.07,"sampleSize":2384,"normalizedSampleSize":0.6685,"averageTravelTime":3.48,"medianTravelTime":3.01,"travelTimeRatio":0.99,"speedPercentiles":[21,27,29,32,33,35,37,38,41,42,44,45,47,49,51,53,55,58,62]},{"timeSet":22,"dateRange":1,"harmonicAverageSpeed":33.1,"medianSpeed":40.0,"averageSpeed":40.2,"standardDeviationSpeed":13.2,"travelTimeStandardDeviation":3.35,"sampleSize":2524,"normalizedSampleSize":0.7078,"averageTravelTime":3.82,"medianTravelTime":3.16,"travelTimeRatio":1.09,"speedPercentiles":[18,24,27,30,32,34,35,37,38,40,42,43,45,47,49,51,54,57,61]},{"timeSet":23,"dateRange":1,"harmonicAverageSpeed":37.6,"medianSpeed":44.0,"averageSpeed":45.4,"standardDeviationSpeed":16.2,"travelTimeStandardDeviation":2.37,"sampleSize":1604,"normalizedSampleSize":0.4498,"averageTravelTime":3.36,"medianTravelTime":2.88,"travelTimeRatio":0.96,"speedPercentiles":[21,27,30,32,34,36,38,40,42,44,46,49,51,54,56,59,63,66,72]},{"timeSet":24,"dateRange":1,"harmonicAverageSpeed":37.4,"medianSpeed":46.0,"averageSpeed":46.1,"standardDeviationSpeed":16.7,"travelTimeStandardDeviation":2.39,"sampleSize":1534,"normalizedSampleSize":0.4302,"averageTravelTime":3.38,"medianTravelTime":2.75,"travelTimeRatio":0.97,"speedPercentiles":[18,26,29,32,34,37,39,41,43,46,48,51,54,56,58,60,64,67,73]},{"timeSet":25,"dateRange":1,"harmonicAverageSpeed":37.4,"medianSpeed":44.0,"averageSpeed":45.2,"standardDeviationSpeed":16.6,"travelTimeStandardDeviation":2.31,"sampleSize":1530,"normalizedSampleSize":0.4291,"averageTravelTime":3.39,"medianTravelTime":2.88,"travelTimeRatio":0.97,"speedPercentiles":[20,25,29,32,33,35,37,40,42,44,46,49,52,54,57,60,62,66,72]}]}},{"type":"Feature","geometry":{"type":"LineString","coordinates":[[12.47076,41.94117],[12.47077,41.94111],[12.47078,41.94105]]},"properties":{"segmentId":13800007051638,"newSegmentId":"00004931-3600-0400-0000-0000034f02f0","speedLimit":50,"frc":2,"streetName":"Corso di Francia","distance":13.32,"segmentTimeResults":[{"timeSet":2,"dateRange":1,"harmonicAverageSpeed":34.0,"medianSpeed":45.0,"averageSpeed":44.5,"standardDeviationSpeed":17.3,"travelTimeStandardDeviation":1.56,"sampleSize":2606,"normalizedSampleSize":0.7308,"averageTravelTime":1.41,"medianTravelTime":1.07,"travelTimeRatio":1.0,"speedPercentiles":[16,22,26,29,32,35,38,40,42,45,47,49,51,54,56,59,62,66,73]},{"timeSet":3,"dateRange":1,"harmonicAverageSpeed":34.9,"medianSpeed":45.0,"averageSpeed":45.9,"standardDeviationSpeed":18.0,"travelTimeStandardDeviation":2.15,"sampleSize":1535,"normalizedSampleSize":0.4305,"averageTravelTime":1.37,"medianTravelTime":1.07,"travelTimeRatio":0.97,"speedPercentiles":[17,24,28,31,33,36,38,41,43,45,48,50,53,55,57,61,64,69,76]},{"timeSet":4,"dateRange":1,"harmonicAverageSpeed":38.5,"medianSpeed":47.0,"averageSpeed":48.0,"standardDeviationSpeed":18.2,"travelTimeStandardDeviation":0.97,"sampleSize":915,"normalizedSampleSize":0.2566,"averageTravelTime":1.25,"medianTravelTime":1.02,"travelTimeRatio":0.88,"speedPercentiles":[19,27,31,33,36,39,41,43,45,47,48,51,53,56,60,62,66,71,79]},{"timeSet":5,"dateRange":1,"harmonicAverageSpeed":39.5,"medianSpeed":48.0,"averageSpeed":48.9,"standardDeviationSpeed":16.6,"travelTimeStandardDeviation":1.39,"sampleSize":531,"normalizedSampleSize":0.1489,"averageTravelTime":1.21,"medianTravelTime":1.0,"travelTimeRatio":0.86,"speedPercentiles":[24,30,33,36,39,40,42,44,46,48,50,52,55,57,59,62,65,69,77]},{"timeSet":6,"dateRange":1,"harmonicAverageSpeed":39.0,"medianSpeed":45.0,"averageSpeed":47.8,"standardDeviationSpeed":18.4,"travelTimeStandardDeviation":0.85,"sampleSize":486,"normalizedSampleSize":0.1363,"averageTravelTime":1.23,"medianTravelTime":1.07,"travelTimeRatio":0.87,"speedPercentiles":[21,27,31,33,36,37,39,41,43,45,48,51,53,55,58,62,66,73,81]},{"timeSet":7,"dateRange":1,"harmonicAverageSpeed":39.6,"medianSpeed":49.0,"averageSpeed":49.3,"standardDeviationSpeed":18.1,"travelTimeStandardDeviation":0.95,"sampleSize":425,"normalizedSampleSize":0.1192,"averageTravelTime":1.21,"medianTravelTime":0.98,"travelTimeRatio":0.86,"speedPercentiles":[21,27,31,34,37,39,42,43,46,49,50,53,55,59,63,67,70,75,81]},{"timeSet":8,"dateRange":1,"harmonicAverageSpeed":42.3,"medianSpeed":53.0,"averageSpeed":52.1,"standardDeviationSpeed":17.9,"travelTimeStandardDeviation":1.03,"sampleSize":522,"normalizedSampleSize":0.1464,"averageTravelTime":1.13,"medianTravelTime":0.9,"travelTimeRatio":0.8,"speedPercentiles":[23,29,32,36,40,43,45,47,50,53,55,57,60,62,65,68,71,74,80]},{"timeSet":9,"dateRange":1,"harmonicAverageSpeed":45.1,"medianSpeed":54.0,"averageSpeed":53.2,"standardDeviationSpeed":17.0,"travelTimeStandardDeviation":0.65,"sampleSize":683,"normalizedSampleSize":0.1915,"averageTravelTime":1.06,"medianTravelTime":0.89,"travelTimeRatio":0.75,"speedPercentiles":[23,29,35,39,43,45,47,50,52,54,57,59,62,64,66,67,70,74,78]},{"timeSet":10,"dateRange":1,"harmonicAverageSpeed":40.8,"medianSpeed":51.0,"averageSpeed":50.0,"standardDeviationSpeed":16.8,"travelTimeStandardDeviation":0.87,"sampleSize":1208,"normalizedSampleSize":0.3388,"averageTravelTime":1.18,"medianTravelTime":0.94,"travelTimeRatio":0.83,"speedPercentiles":[20,27,32,36,40,43,45,47,49,51,53,55,57,59,61,64,67,71,76]},{"timeSet":11,"dateRange":1,"harmonicAverageSpeed":38.4,"medianSpeed":48.0,"averageSpeed":46.8,"standardDeviationSpeed":15.3,"travelTimeStandardDeviation":1.21,"sampleSize":1848,"normalizedSampleSize":0.5182,"averageTravelTime":1.25,"medianTravelTime":1.0,"travelTimeRatio":0.89,"speedPercentiles":[19,26,30,34,36,40,42,45,46,48,50,52,54,55,57,59,62,65,70]},{"timeSet":12,"dateRange":1,"harmonicAverageSpeed":35.8,"medianSpeed":45.0,"averageSpeed":43.4,"standardDeviationSpeed":14.9,"travelTimeStandardDeviation":0.92,"sampleSize":2354,"normalizedSampleSize":0.6601,"averageTravelTime":1.34,"medianTravelTime":1.07,"travelTimeRatio":0.95,"speedPercentiles":[17,23,27,30,33,36,39,41,43,45,47,48,50,52,54,56,58,61,65]},{"timeSet":13,"dateRange":1,"harmonicAverageSpeed":32.1,"medianSpeed":43.0,"averageSpeed":42.2,"standardDeviationSpeed":15.3,"travelTimeStandardDeviation":2.11,"sampleSize":2558,"normalizedSampleSize":0.7173,"averageTravelTime":1.49,"medianTravelTime":1.12,"travelTimeRatio":1.06,"speedPercentiles":[15,22,26,29,32,34,36,39,41,43,45,47,49,51,53,55,57,60,65]},{"timeSet":14,"dateRange":1,"harmonicAverageSpeed":32.9,"medianSpeed":42.0,"averageSpeed":41.4,"standardDeviationSpeed":14.9,"travelTimeStandardDeviation":1.19,"sampleSize":3084,"normalizedSampleSize":0.8648,"averageTravelTime":1.46,"medianTravelTime":1.14,"travelTimeRatio":1.03,"speedPercentiles":[16,22,25,29,31,34,36,38,40,42,44,46,48,49,52,54,56,60,65]},{"timeSet":15,"dateRange":1,"harmonicAverageSpeed":33.4,"medianSpeed":46.0,"averageSpeed":45.1,"standardDeviationSpeed":15.6,"travelTimeStandardDeviation":6.66,"sampleSize":2703,"normalizedSampleSize":0.758,"averageTravelTime":1.44,"medianTravelTime":1.04,"travelTimeRatio":1.02,"speedPercentiles":[19,24,28,32,35,37,40,42,44,46,48,50,52,54,56,58,60,64,69]},{"timeSet":16,"dateRange":1,"harmonicAverageSpeed":39.8,"medianSpeed":48.0,"averageSpeed":47.2,"standardDeviationSpeed":14.9,"travelTimeStandardDeviation":0.98,"sampleSize":2087,"normalizedSampleSize":0.5852,"averageTravelTime":1.21,"medianTravelTime":1.0,"travelTimeRatio":0.85,"speedPercentiles":[21,27,31,34,38,40,42,44,47,48,50,52,53,56,58,60,62,65,70]},{"timeSet":17,"dateRange":1,"harmonicAverageSpeed":36.7,"medianSpeed":46.0,"averageSpeed":44.9,"standardDeviationSpeed":15.1,"travelTimeStandardDeviation":1.13,"sampleSize":2494,"normalizedSampleSize":0.6994,"averageTravelTime":1.31,"medianTravelTime":1.04,"travelTimeRatio":0.93,"speedPercentiles":[19,25,28,32,35,37,40,42,44,46,48,49,51,53,55,58,60,63,67]},{"timeSet":18,"dateRange":1,"harmonicAverageSpeed":36.3,"medianSpeed":43.0,"averageSpeed":42.7,"standardDeviationSpeed":13.8,"travelTimeStandardDeviation":0.86,"sampleSize":2697,"normalizedSampleSize":0.7563,"averageTravelTime":1.32,"medianTravelTime":1.12,"travelTimeRatio":0.94,"speedPercentiles":[19,25,29,31,34,36,38,40,42,43,45,47,48,50,52,54,56,59,64]},{"timeSet":19,"dateRange":1,"harmonicAverageSpeed":35.6,"medianSpeed":43.0,"averageSpeed":42.3,"standardDeviationSpeed":13.9,"travelTimeStandardDeviation":0.91,"sampleSize":2588,"normalizedSampleSize":0.7257,"averageTravelTime":1.35,"medianTravelTime":1.12,"travelTimeRatio":0.96,"speedPercentiles":[19,24,28,31,33,35,37,39,41,43,44,46,48,50,52,54,57,59,64]},{"timeSet":20,"dateRange":1,"harmonicAverageSpeed":34.5,"medianSpeed":43.0,"averageSpeed":42.8,"standardDeviationSpeed":14.7,"travelTimeStandardDeviation":1.87,"sampleSize":2435,"normalizedSampleSize":0.6828,"averageTravelTime":1.39,"medianTravelTime":1.12,"travelTimeRatio":0.99,"speedPercentiles":[18,24,28,31,33,35,37,39,41,43,45,47,49,51,53,55,57,61,66]},{"timeSet":21,"dateRange":1,"harmonicAverageSpeed":36.7,"medianSpeed":44.0,"averageSpeed":43.2,"standardDeviationSpeed":13.4,"travelTimeStandardDeviation":0.9,"sampleSize":2388,"normalizedSampleSize":0.6697,"averageTravelTime":1.31,"medianTravelTime":1.09,"travelTimeRatio":0.93,"speedPercentiles":[20,25,29,32,34,36,39,41,42,44,45,47,49,51,53,55,57,60,64]},{"timeSet":22,"dateRange":1,"harmonicAverageSpeed":33.9,"medianSpeed":42.0,"averageSpeed":41.4,"standardDeviationSpeed":13.9,"travelTimeStandardDeviation":1.19,"sampleSize":2531,"normalizedSampleSize":0.7098,"averageTravelTime":1.41,"medianTravelTime":1.14,"travelTimeRatio":1.0,"speedPercentiles":[17,23,27,29,32,35,37,38,40,42,44,45,47,49,51,53,55,58,63]},{"timeSet":23,"dateRange":1,"harmonicAverageSpeed":36.5,"medianSpeed":45.0,"averageSpeed":46.1,"standardDeviationSpeed":17.1,"travelTimeStandardDeviation":1.36,"sampleSize":1606,"normalizedSampleSize":0.4504,"averageTravelTime":1.31,"medianTravelTime":1.07,"travelTimeRatio":0.93,"speedPercentiles":[19,25,29,32,34,37,39,41,43,45,48,50,52,55,58,61,64,68,74]},{"timeSet":24,"dateRange":1,"harmonicAverageSpeed":34.8,"medianSpeed":47.0,"averageSpeed":46.9,"standardDeviationSpeed":17.5,"travelTimeStandardDeviation":3.25,"sampleSize":1541,"normalizedSampleSize":0.4321,"averageTravelTime":1.38,"medianTravelTime":1.02,"travelTimeRatio":0.98,"speedPercentiles":[17,24,29,32,35,38,40,43,45,47,49,51,54,56,59,62,65,69,73]},{"timeSet":25,"dateRange":1,"harmonicAverageSpeed":36.7,"medianSpeed":45.0,"averageSpeed":45.8,"standardDeviationSpeed":17.5,"travelTimeStandardDeviation":1.1,"sampleSize":1536,"normalizedSampleSize":0.4307,"averageTravelTime":1.31,"medianTravelTime":1.07,"travelTimeRatio":0.93,"speedPercentiles":[18,23,28,31,34,36,38,41,43,45,47,50,52,55,58,61,64,68,74]}]}},{"type":"Feature","geometry":{"type":"LineString","coordinates":[[12.47078,41.94105],[12.47081,41.94087]]},"properties":{"segmentId":13800006921530,"newSegmentId":"00004931-3600-0400-0000-00000346e25e","speedLimit":50,"frc":2,"streetName":"Corso di Francia","distance":20.05,"segmentTimeResults":[{"timeSet":2,"dateRange":1,"harmonicAverageSpeed":25.5,"medianSpeed":43.0,"averageSpeed":41.8,"standardDeviationSpeed":19.9,"travelTimeStandardDeviation":3.7,"sampleSize":2845,"normalizedSampleSize":0.7978,"averageTravelTime":2.83,"medianTravelTime":1.68,"travelTimeRatio":1.0,"speedPercentiles":[9,15,19,23,26,30,34,37,40,43,45,48,51,53,56,58,62,66,74]},{"timeSet":3,"dateRange":1,"harmonicAverageSpeed":27.5,"medianSpeed":42.0,"averageSpeed":42.2,"standardDeviationSpeed":20.4,"travelTimeStandardDeviation":3.03,"sampleSize":1779,"normalizedSampleSize":0.4989,"averageTravelTime":2.62,"medianTravelTime":1.72,"travelTimeRatio":0.93,"speedPercentiles":[11,16,20,23,26,29,33,36,39,42,45,48,50,53,56,60,63,68,75]},{"timeSet":4,"dateRange":1,"harmonicAverageSpeed":30.5,"medianSpeed":43.0,"averageSpeed":43.5,"standardDeviationSpeed":20.4,"travelTimeStandardDeviation":2.44,"sampleSize":1110,"normalizedSampleSize":0.3113,"averageTravelTime":2.37,"medianTravelTime":1.68,"travelTimeRatio":0.84,"speedPercentiles":[14,19,22,24,27,31,34,38,40,43,45,47,50,53,56,60,64,70,78]},{"timeSet":5,"dateRange":1,"harmonicAverageSpeed":32.0,"medianSpeed":46.0,"averageSpeed":45.3,"standardDeviationSpeed":19.2,"travelTimeStandardDeviation":2.44,"sampleSize":593,"normalizedSampleSize":0.1663,"averageTravelTime":2.26,"medianTravelTime":1.57,"travelTimeRatio":0.8,"speedPercentiles":[12,20,24,27,31,37,40,42,44,46,48,50,53,56,58,61,64,67,77]},{"timeSet":6,"dateRange":1,"harmonicAverageSpeed":35.2,"medianSpeed":45.0,"averageSpeed":45.8,"standardDeviationSpeed":19.8,"travelTimeStandardDeviation":1.51,"sampleSize":522,"normalizedSampleSize":0.1464,"averageTravelTime":2.05,"medianTravelTime":1.6,"travelTimeRatio":0.73,"speedPercentiles":[16,21,25,27,32,34,37,41,43,45,48,49,52,54,56,61,65,73,81]},{"timeSet":7,"dateRange":1,"harmonicAverageSpeed":34.6,"medianSpeed":49.0,"averageSpeed":48.1,"standardDeviationSpeed":19.9,"travelTimeStandardDeviation":2.21,"sampleSize":445,"normalizedSampleSize":0.1248,"averageTravelTime":2.09,"medianTravelTime":1.47,"travelTimeRatio":0.74,"speedPercentiles":[14,21,25,30,34,38,41,43,46,49,51,53,55,59,64,67,70,75,81]},{"timeSet":8,"dateRange":1,"harmonicAverageSpeed":31.0,"medianSpeed":53.0,"averageSpeed":51.1,"standardDeviationSpeed":19.8,"travelTimeStandardDeviation":8.69,"sampleSize":535,"normalizedSampleSize":0.15,"averageTravelTime":2.33,"medianTravelTime":1.36,"travelTimeRatio":0.82,"speedPercentiles":[15,23,30,34,39,42,45,47,51,53,56,57,59,62,65,68,71,75,80]},{"timeSet":9,"dateRange":1,"harmonicAverageSpeed":37.7,"medianSpeed":54.0,"averageSpeed":51.7,"standardDeviationSpeed":18.8,"travelTimeStandardDeviation":2.57,"sampleSize":720,"normalizedSampleSize":0.2019,"averageTravelTime":1.91,"medianTravelTime":1.34,"travelTimeRatio":0.68,"speedPercentiles":[17,22,30,36,40,44,46,49,51,54,56,59,61,63,66,67,70,74,79]},{"timeSet":10,"dateRange":1,"harmonicAverageSpeed":32.5,"medianSpeed":51.0,"averageSpeed":48.7,"standardDeviationSpeed":18.9,"travelTimeStandardDeviation":3.9,"sampleSize":1251,"normalizedSampleSize":0.3508,"averageTravelTime":2.22,"medianTravelTime":1.42,"travelTimeRatio":0.78,"speedPercentiles":[13,20,25,32,38,41,44,47,49,51,54,56,58,59,62,65,67,71,76]},{"timeSet":11,"dateRange":1,"harmonicAverageSpeed":30.9,"medianSpeed":48.0,"averageSpeed":45.4,"standardDeviationSpeed":17.5,"travelTimeStandardDeviation":3.44,"sampleSize":1933,"normalizedSampleSize":0.5421,"averageTravelTime":2.34,"medianTravelTime":1.5,"travelTimeRatio":0.83,"speedPercentiles":[14,19,25,29,34,38,41,44,46,48,50,52,54,56,58,60,63,66,70]},{"timeSet":12,"dateRange":1,"harmonicAverageSpeed":26.9,"medianSpeed":45.0,"averageSpeed":41.9,"standardDeviationSpeed":17.2,"travelTimeStandardDeviation":3.89,"sampleSize":2504,"normalizedSampleSize":0.7022,"averageTravelTime":2.68,"medianTravelTime":1.6,"travelTimeRatio":0.95,"speedPercentiles":[10,17,22,26,30,34,37,40,42,45,47,48,50,52,54,56,59,62,66]},{"timeSet":13,"dateRange":1,"harmonicAverageSpeed":25.9,"medianSpeed":43.0,"averageSpeed":41.0,"standardDeviationSpeed":17.0,"travelTimeStandardDeviation":6.12,"sampleSize":2711,"normalizedSampleSize":0.7602,"averageTravelTime":2.79,"medianTravelTime":1.68,"travelTimeRatio":0.99,"speedPercentiles":[10,16,22,26,29,33,35,38,40,43,45,47,49,51,53,55,58,61,66]},{"timeSet":14,"dateRange":1,"harmonicAverageSpeed":25.8,"medianSpeed":42.0,"averageSpeed":40.3,"standardDeviationSpeed":16.7,"travelTimeStandardDeviation":4.02,"sampleSize":3268,"normalizedSampleSize":0.9164,"averageTravelTime":2.8,"medianTravelTime":1.72,"travelTimeRatio":0.99,"speedPercentiles":[10,17,22,25,29,32,35,37,40,42,44,46,48,50,52,54,57,61,66]},{"timeSet":15,"dateRange":1,"harmonicAverageSpeed":28.7,"medianSpeed":46.0,"averageSpeed":44.0,"standardDeviationSpeed":17.5,"travelTimeStandardDeviation":5.91,"sampleSize":2833,"normalizedSampleSize":0.7944,"averageTravelTime":2.52,"medianTravelTime":1.57,"travelTimeRatio":0.89,"speedPercentiles":[12,20,24,28,32,36,39,41,43,46,48,50,52,54,56,59,61,65,70]},{"timeSet":16,"dateRange":1,"harmonicAverageSpeed":31.0,"medianSpeed":48.0,"averageSpeed":45.6,"standardDeviationSpeed":17.3,"travelTimeStandardDeviation":3.42,"sampleSize":2224,"normalizedSampleSize":0.6237,"averageTravelTime":2.33,"medianTravelTime":1.5,"travelTimeRatio":0.82,"speedPercentiles":[13,21,25,30,35,39,41,44,46,48,50,52,53,56,58,60,63,65,70]},{"timeSet":17,"dateRange":1,"harmonicAverageSpeed":29.1,"medianSpeed":45.0,"averageSpeed":43.0,"standardDeviationSpeed":17.3,"travelTimeStandardDeviation":3.26,"sampleSize":2675,"normalizedSampleSize":0.7501,"averageTravelTime":2.48,"medianTravelTime":1.6,"travelTimeRatio":0.88,"speedPercentiles":[11,18,23,27,31,35,38,40,43,45,47,49,51,53,55,58,60,63,68]},{"timeSet":18,"dateRange":1,"harmonicAverageSpeed":31.3,"medianSpeed":43.0,"averageSpeed":41.8,"standardDeviationSpeed":15.5,"travelTimeStandardDeviation":2.39,"sampleSize":2820,"normalizedSampleSize":0.7908,"averageTravelTime":2.31,"medianTravelTime":1.68,"travelTimeRatio":0.82,"speedPercentiles":[14,20,25,29,32,35,37,39,41,43,45,47,49,51,53,55,57,60,65]},{"timeSet":19,"dateRange":1,"harmonicAverageSpeed":30.7,"medianSpeed":43.0,"averageSpeed":41.3,"standardDeviationSpeed":15.7,"travelTimeStandardDeviation":2.43,"sampleSize":2728,"normalizedSampleSize":0.765,"averageTravelTime":2.35,"medianTravelTime":1.68,"travelTimeRatio":0.83,"speedPercentiles":[14,19,24,28,31,34,36,39,41,43,44,46,48,50,52,54,57,60,65]},{"timeSet":20,"dateRange":1,"harmonicAverageSpeed":30.2,"medianSpeed":43.0,"averageSpeed":41.5,"standardDeviationSpeed":16.4,"travelTimeStandardDeviation":2.96,"sampleSize":2575,"normalizedSampleSize":0.7221,"averageTravelTime":2.39,"medianTravelTime":1.68,"travelTimeRatio":0.84,"speedPercentiles":[12,18,23,27,30,34,36,38,41,43,45,47,49,51,53,55,58,61,67]},{"timeSet":21,"dateRange":1,"harmonicAverageSpeed":31.8,"medianSpeed":44.0,"averageSpeed":42.2,"standardDeviationSpeed":15.2,"travelTimeStandardDeviation":2.47,"sampleSize":2526,"normalizedSampleSize":0.7084,"averageTravelTime":2.27,"medianTravelTime":1.64,"travelTimeRatio":0.8,"speedPercentiles":[14,20,25,29,33,35,38,40,42,44,46,47,49,51,53,55,57,61,65]},{"timeSet":22,"dateRange":1,"harmonicAverageSpeed":27.9,"medianSpeed":42.0,"averageSpeed":40.2,"standardDeviationSpeed":15.9,"travelTimeStandardDeviation":3.14,"sampleSize":2709,"normalizedSampleSize":0.7597,"averageTravelTime":2.59,"medianTravelTime":1.72,"travelTimeRatio":0.91,"speedPercentiles":[12,18,22,26,30,33,35,37,40,42,44,45,47,49,51,54,56,59,64]},{"timeSet":23,"dateRange":1,"harmonicAverageSpeed":29.3,"medianSpeed":44.0,"averageSpeed":43.9,"standardDeviationSpeed":19.3,"travelTimeStandardDeviation":3.08,"sampleSize":1743,"normalizedSampleSize":0.4888,"averageTravelTime":2.46,"medianTravelTime":1.64,"travelTimeRatio":0.87,"speedPercentiles":[12,18,22,26,30,34,37,40,42,44,47,49,52,55,58,61,64,68,74]},{"timeSet":24,"dateRange":1,"harmonicAverageSpeed":30.0,"medianSpeed":45.0,"averageSpeed":44.4,"standardDeviationSpeed":19.7,"travelTimeStandardDeviation":2.73,"sampleSize":1672,"normalizedSampleSize":0.4689,"averageTravelTime":2.41,"medianTravelTime":1.6,"travelTimeRatio":0.85,"speedPercentiles":[12,17,21,25,29,34,37,41,43,45,48,50,53,56,59,62,65,69,74]},{"timeSet":25,"dateRange":1,"harmonicAverageSpeed":26.1,"medianSpeed":44.0,"averageSpeed":42.9,"standardDeviationSpeed":20.2,"travelTimeStandardDeviation":3.78,"sampleSize":1675,"normalizedSampleSize":0.4697,"averageTravelTime":2.77,"medianTravelTime":1.64,"travelTimeRatio":0.98,"speedPercentiles":[9,16,20,23,27,32,35,38,41,44,46,49,52,54,57,61,64,68,73]}]}},{"type":"Feature","geometry":{"type":"LineString","coordinates":[[12.47081,41.94087],[12.47082,41.94079],[12.47085,41.94064],[12.47086,41.94057],[12.47088,41.94047]]},"properties":{"segmentId":13800006887551,"newSegmentId":"00004931-3600-0400-0000-000001456bdb","speedLimit":50,"frc":2,"streetName":"Corso di Francia","distance":45.38,"segmentTimeResults":[{"timeSet":2,"dateRange":1,"harmonicAverageSpeed":20.6,"medianSpeed":43.0,"averageSpeed":41.4,"standardDeviationSpeed":21.7,"travelTimeStandardDeviation":10.77,"sampleSize":2831,"normalizedSampleSize":0.7939,"averageTravelTime":7.94,"medianTravelTime":3.8,"travelTimeRatio":1.0,"speedPercentiles":[5,7,14,20,26,31,34,38,40,43,46,48,51,54,57,60,63,68,75]},{"timeSet":3,"dateRange":1,"harmonicAverageSpeed":20.2,"medianSpeed":42.0,"averageSpeed":41.5,"standardDeviationSpeed":22.8,"travelTimeStandardDeviation":10.42,"sampleSize":1778,"normalizedSampleSize":0.4986,"averageTravelTime":8.11,"medianTravelTime":3.89,"travelTimeRatio":1.02,"speedPercentiles":[5,7,11,18,26,32,35,37,40,42,44,47,50,54,57,61,65,70,77]},{"timeSet":4,"dateRange":1,"harmonicAverageSpeed":20.7,"medianSpeed":43.0,"averageSpeed":42.4,"standardDeviationSpeed":23.3,"travelTimeStandardDeviation":10.22,"sampleSize":1103,"normalizedSampleSize":0.3093,"averageTravelTime":7.9,"medianTravelTime":3.8,"travelTimeRatio":0.99,"speedPercentiles":[5,7,12,20,28,32,36,39,40,43,45,48,50,53,57,61,66,71,81]},{"timeSet":5,"dateRange":1,"harmonicAverageSpeed":21.4,"medianSpeed":45.0,"averageSpeed":43.7,"standardDeviationSpeed":21.7,"travelTimeStandardDeviation":10.46,"sampleSize":590,"normalizedSampleSize":0.1655,"averageTravelTime":7.64,"medianTravelTime":3.63,"travelTimeRatio":0.96,"speedPercentiles":[5,7,13,29,34,37,39,41,43,45,47,49,52,55,58,60,64,69,77]},{"timeSet":6,"dateRange":1,"harmonicAverageSpeed":20.4,"medianSpeed":44.0,"averageSpeed":43.4,"standardDeviationSpeed":23.1,"travelTimeStandardDeviation":10.95,"sampleSize":518,"normalizedSampleSize":0.1453,"averageTravelTime":8.0,"medianTravelTime":3.71,"travelTimeRatio":1.01,"speedPercentiles":[5,6,12,24,31,35,38,41,43,44,46,48,51,54,56,61,66,73,83]},{"timeSet":7,"dateRange":1,"harmonicAverageSpeed":23.6,"medianSpeed":50.0,"averageSpeed":47.3,"standardDeviationSpeed":22.9,"travelTimeStandardDeviation":9.64,"sampleSize":444,"normalizedSampleSize":0.1245,"averageTravelTime":6.93,"medianTravelTime":3.27,"travelTimeRatio":0.87,"speedPercentiles":[5,8,18,27,36,39,41,45,47,50,52,55,57,60,65,68,71,76,82]},{"timeSet":8,"dateRange":1,"harmonicAverageSpeed":26.4,"medianSpeed":53.0,"averageSpeed":51.3,"standardDeviationSpeed":22.0,"travelTimeStandardDeviation":9.63,"sampleSize":529,"normalizedSampleSize":0.1483,"averageTravelTime":6.19,"medianTravelTime":3.08,"travelTimeRatio":0.78,"speedPercentiles":[5,12,30,36,40,44,46,48,51,53,57,59,62,64,67,69,72,76,85]},{"timeSet":9,"dateRange":1,"harmonicAverageSpeed":28.6,"medianSpeed":55.0,"averageSpeed":51.6,"standardDeviationSpeed":21.1,"travelTimeStandardDeviation":8.86,"sampleSize":718,"normalizedSampleSize":0.2013,"averageTravelTime":5.71,"medianTravelTime":2.97,"travelTimeRatio":0.72,"speedPercentiles":[6,17,30,36,41,44,46,49,52,55,58,60,63,65,67,69,72,75,81]},{"timeSet":10,"dateRange":1,"harmonicAverageSpeed":27.6,"medianSpeed":52.0,"averageSpeed":48.9,"standardDeviationSpeed":20.9,"travelTimeStandardDeviation":8.17,"sampleSize":1247,"normalizedSampleSize":0.3497,"averageTravelTime":5.92,"medianTravelTime":3.14,"travelTimeRatio":0.75,"speedPercentiles":[6,12,26,33,37,41,45,47,50,52,55,57,59,61,64,66,69,73,78]},{"timeSet":11,"dateRange":1,"harmonicAverageSpeed":27.2,"medianSpeed":49.0,"averageSpeed":46.0,"standardDeviationSpeed":19.2,"travelTimeStandardDeviation":8.05,"sampleSize":1924,"normalizedSampleSize":0.5395,"averageTravelTime":6.0,"medianTravelTime":3.33,"travelTimeRatio":0.76,"speedPercentiles":[6,15,24,31,35,39,42,45,47,49,51,54,55,58,59,61,64,68,72]},{"timeSet":12,"dateRange":1,"harmonicAverageSpeed":24.4,"medianSpeed":45.0,"averageSpeed":42.7,"standardDeviationSpeed":18.7,"travelTimeStandardDeviation":9.06,"sampleSize":2498,"normalizedSampleSize":0.7005,"averageTravelTime":6.69,"medianTravelTime":3.63,"travelTimeRatio":0.84,"speedPercentiles":[6,12,22,27,32,35,38,40,43,45,48,50,52,54,56,59,61,64,68]},{"timeSet":13,"dateRange":1,"harmonicAverageSpeed":24.0,"medianSpeed":44.0,"averageSpeed":41.8,"standardDeviationSpeed":18.2,"travelTimeStandardDeviation":9.38,"sampleSize":2706,"normalizedSampleSize":0.7588,"averageTravelTime":6.81,"medianTravelTime":3.71,"travelTimeRatio":0.86,"speedPercentiles":[6,13,21,27,32,34,37,39,42,44,46,48,50,53,55,57,60,63,68]},{"timeSet":14,"dateRange":1,"harmonicAverageSpeed":24.9,"medianSpeed":43.0,"averageSpeed":41.9,"standardDeviationSpeed":17.6,"travelTimeStandardDeviation":9.24,"sampleSize":3266,"normalizedSampleSize":0.9159,"averageTravelTime":6.56,"medianTravelTime":3.8,"travelTimeRatio":0.83,"speedPercentiles":[6,16,23,28,32,35,37,39,42,43,45,48,50,52,54,57,60,63,68]},{"timeSet":15,"dateRange":1,"harmonicAverageSpeed":26.8,"medianSpeed":46.0,"averageSpeed":44.6,"standardDeviationSpeed":18.7,"travelTimeStandardDeviation":8.27,"sampleSize":2826,"normalizedSampleSize":0.7925,"averageTravelTime":6.09,"medianTravelTime":3.55,"travelTimeRatio":0.77,"speedPercentiles":[6,16,25,30,34,37,40,42,44,46,49,51,54,56,58,60,63,67,72]},{"timeSet":16,"dateRange":1,"harmonicAverageSpeed":27.6,"medianSpeed":49.0,"averageSpeed":46.1,"standardDeviationSpeed":18.8,"travelTimeStandardDeviation":8.06,"sampleSize":2214,"normalizedSampleSize":0.6209,"averageTravelTime":5.92,"medianTravelTime":3.33,"travelTimeRatio":0.75,"speedPercentiles":[6,16,26,32,36,39,42,45,47,49,51,53,55,57,59,62,64,67,71]},{"timeSet":17,"dateRange":1,"harmonicAverageSpeed":25.2,"medianSpeed":46.0,"averageSpeed":43.6,"standardDeviationSpeed":18.9,"travelTimeStandardDeviation":8.71,"sampleSize":2677,"normalizedSampleSize":0.7507,"averageTravelTime":6.49,"medianTravelTime":3.55,"travelTimeRatio":0.82,"speedPercentiles":[6,12,22,29,33,36,39,41,44,46,48,51,53,55,57,60,62,65,70]},{"timeSet":18,"dateRange":1,"harmonicAverageSpeed":27.7,"medianSpeed":45.0,"averageSpeed":42.5,"standardDeviationSpeed":16.9,"travelTimeStandardDeviation":7.13,"sampleSize":2821,"normalizedSampleSize":0.7911,"averageTravelTime":5.9,"medianTravelTime":3.63,"travelTimeRatio":0.74,"speedPercentiles":[7,17,25,30,33,36,39,41,42,45,46,48,50,52,54,56,59,62,66]},{"timeSet":19,"dateRange":1,"harmonicAverageSpeed":26.5,"medianSpeed":44.0,"averageSpeed":41.9,"standardDeviationSpeed":17.2,"travelTimeStandardDeviation":7.69,"sampleSize":2726,"normalizedSampleSize":0.7644,"averageTravelTime":6.16,"medianTravelTime":3.71,"travelTimeRatio":0.78,"speedPercentiles":[7,15,24,29,33,35,38,40,42,44,46,48,50,51,53,56,58,61,66]},{"timeSet":20,"dateRange":1,"harmonicAverageSpeed":26.2,"medianSpeed":44.0,"averageSpeed":42.0,"standardDeviationSpeed":17.9,"travelTimeStandardDeviation":7.47,"sampleSize":2564,"normalizedSampleSize":0.719,"averageTravelTime":6.23,"medianTravelTime":3.71,"travelTimeRatio":0.78,"speedPercentiles":[7,13,22,28,32,35,37,40,42,44,46,48,50,53,55,57,59,62,68]},{"timeSet":21,"dateRange":1,"harmonicAverageSpeed":27.6,"medianSpeed":45.0,"averageSpeed":42.8,"standardDeviationSpeed":16.8,"travelTimeStandardDeviation":7.42,"sampleSize":2520,"normalizedSampleSize":0.7067,"averageTravelTime":5.91,"medianTravelTime":3.63,"travelTimeRatio":0.74,"speedPercentiles":[7,16,25,30,34,37,39,41,43,45,47,49,51,53,55,57,60,63,66]},{"timeSet":22,"dateRange":1,"harmonicAverageSpeed":25.5,"medianSpeed":43.0,"averageSpeed":41.2,"standardDeviationSpeed":17.2,"travelTimeStandardDeviation":8.4,"sampleSize":2696,"normalizedSampleSize":0.756,"averageTravelTime":6.42,"medianTravelTime":3.8,"travelTimeRatio":0.81,"speedPercentiles":[6,14,22,27,32,34,37,39,41,43,45,47,49,51,53,56,58,62,66]},{"timeSet":23,"dateRange":1,"harmonicAverageSpeed":21.9,"medianSpeed":45.0,"averageSpeed":43.6,"standardDeviationSpeed":21.6,"travelTimeStandardDeviation":10.21,"sampleSize":1738,"normalizedSampleSize":0.4874,"averageTravelTime":7.45,"medianTravelTime":3.63,"travelTimeRatio":0.94,"speedPercentiles":[5,7,15,25,32,35,38,40,43,45,47,50,53,56,59,62,66,71,76]},{"timeSet":24,"dateRange":1,"harmonicAverageSpeed":21.8,"medianSpeed":46.0,"averageSpeed":44.3,"standardDeviationSpeed":22.3,"travelTimeStandardDeviation":10.68,"sampleSize":1668,"normalizedSampleSize":0.4678,"averageTravelTime":7.5,"medianTravelTime":3.55,"travelTimeRatio":0.94,"speedPercentiles":[5,8,15,23,30,35,38,41,43,46,49,51,55,58,60,64,67,71,76]},{"timeSet":25,"dateRange":1,"harmonicAverageSpeed":20.0,"medianSpeed":44.0,"averageSpeed":42.4,"standardDeviationSpeed":22.6,"travelTimeStandardDeviation":11.29,"sampleSize":1670,"normalizedSampleSize":0.4683,"averageTravelTime":8.18,"medianTravelTime":3.71,"travelTimeRatio":1.03,"speedPercentiles":[5,7,12,21,27,32,35,38,41,44,47,50,53,56,59,62,65,69,76]}]}},{"type":"Feature","geometry":{"type":"LineString","coordinates":[[12.47088,41.94047],[12.4709,41.94035],[12.47092,41.94024]]},"properties":{"segmentId":13800007290271,"newSegmentId":"00004931-3600-0400-0000-0000034e43cd","speedLimit":50,"frc":3,"streetName":"Corso di Francia","distance":25.49,"segmentTimeResults":[{"timeSet":2,"dateRange":1,"harmonicAverageSpeed":42.2,"medianSpeed":52.0,"averageSpeed":51.8,"standardDeviationSpeed":18.2,"travelTimeStandardDeviation":1.66,"sampleSize":2035,"normalizedSampleSize":0.5707,"averageTravelTime":2.17,"medianTravelTime":1.76,"travelTimeRatio":1.0,"speedPercentiles":[22,29,34,36,39,42,45,48,50,52,54,57,59,61,63,66,70,74,81]},{"timeSet":3,"dateRange":1,"harmonicAverageSpeed":44.0,"medianSpeed":52.0,"averageSpeed":52.8,"standardDeviationSpeed":19.0,"travelTimeStandardDeviation":1.29,"sampleSize":1200,"normalizedSampleSize":0.3365,"averageTravelTime":2.08,"medianTravelTime":1.76,"travelTimeRatio":0.96,"speedPercentiles":[21,31,34,37,39,42,45,47,50,52,55,57,60,62,65,69,72,76,84]},{"timeSet":4,"dateRange":1,"harmonicAverageSpeed":42.7,"medianSpeed":53.0,"averageSpeed":54.5,"standardDeviationSpeed":20.4,"travelTimeStandardDeviation":2.34,"sampleSize":673,"normalizedSampleSize":0.1887,"averageTravelTime":2.15,"medianTravelTime":1.73,"travelTimeRatio":0.99,"speedPercentiles":[23,30,34,37,40,44,47,49,52,53,56,59,61,64,68,71,74,81,88]},{"timeSet":5,"dateRange":1,"harmonicAverageSpeed":46.4,"medianSpeed":54.0,"averageSpeed":54.5,"standardDeviationSpeed":18.7,"travelTimeStandardDeviation":1.12,"sampleSize":339,"normalizedSampleSize":0.0951,"averageTravelTime":1.98,"medianTravelTime":1.7,"travelTimeRatio":0.91,"speedPercentiles":[29,31,34,37,40,43,47,50,52,54,57,59,61,64,67,69,74,80,86]},{"timeSet":6,"dateRange":1,"harmonicAverageSpeed":42.4,"medianSpeed":55.0,"averageSpeed":55.2,"standardDeviationSpeed":21.0,"travelTimeStandardDeviation":2.38,"sampleSize":304,"normalizedSampleSize":0.0852,"averageTravelTime":2.17,"medianTravelTime":1.67,"travelTimeRatio":1.0,"speedPercentiles":[19,29,33,35,43,45,47,50,52,55,57,60,62,64,68,73,78,83,92]},{"timeSet":7,"dateRange":1,"harmonicAverageSpeed":48.2,"medianSpeed":58.0,"averageSpeed":56.8,"standardDeviationSpeed":18.6,"travelTimeStandardDeviation":1.07,"sampleSize":335,"normalizedSampleSize":0.0939,"averageTravelTime":1.91,"medianTravelTime":1.58,"travelTimeRatio":0.88,"speedPercentiles":[24,31,36,39,42,48,51,53,56,58,60,63,65,69,71,73,77,81,86]},{"timeSet":8,"dateRange":1,"harmonicAverageSpeed":51.6,"medianSpeed":60.0,"averageSpeed":59.3,"standardDeviationSpeed":17.7,"travelTimeStandardDeviation":1.0,"sampleSize":424,"normalizedSampleSize":0.1189,"averageTravelTime":1.78,"medianTravelTime":1.53,"travelTimeRatio":0.82,"speedPercentiles":[30,35,41,45,48,51,53,56,59,60,62,65,67,69,71,74,76,80,88]},{"timeSet":9,"dateRange":1,"harmonicAverageSpeed":51.9,"medianSpeed":62.0,"averageSpeed":59.4,"standardDeviationSpeed":16.9,"travelTimeStandardDeviation":1.07,"sampleSize":594,"normalizedSampleSize":0.1666,"averageTravelTime":1.77,"medianTravelTime":1.48,"travelTimeRatio":0.81,"speedPercentiles":[30,35,41,45,49,52,55,58,60,62,64,66,67,68,70,73,75,78,84]},{"timeSet":10,"dateRange":1,"harmonicAverageSpeed":48.6,"medianSpeed":58.0,"averageSpeed":57.1,"standardDeviationSpeed":16.7,"travelTimeStandardDeviation":1.24,"sampleSize":987,"normalizedSampleSize":0.2768,"averageTravelTime":1.89,"medianTravelTime":1.58,"travelTimeRatio":0.87,"speedPercentiles":[26,34,39,46,48,51,53,55,57,58,60,62,64,66,68,70,73,77,82]},{"timeSet":11,"dateRange":1,"harmonicAverageSpeed":45.6,"medianSpeed":55.0,"averageSpeed":53.2,"standardDeviationSpeed":15.4,"travelTimeStandardDeviation":1.55,"sampleSize":1551,"normalizedSampleSize":0.4349,"averageTravelTime":2.01,"medianTravelTime":1.67,"travelTimeRatio":0.93,"speedPercentiles":[26,33,36,40,43,46,49,51,53,55,56,58,60,62,64,66,68,72,76]},{"timeSet":12,"dateRange":1,"harmonicAverageSpeed":44.1,"medianSpeed":52.0,"averageSpeed":50.7,"standardDeviationSpeed":15.0,"travelTimeStandardDeviation":1.38,"sampleSize":1963,"normalizedSampleSize":0.5505,"averageTravelTime":2.08,"medianTravelTime":1.76,"travelTimeRatio":0.96,"speedPercentiles":[25,31,35,38,40,43,45,48,50,52,54,56,57,59,61,63,65,68,73]},{"timeSet":13,"dateRange":1,"harmonicAverageSpeed":42.4,"medianSpeed":50.0,"averageSpeed":49.2,"standardDeviationSpeed":14.7,"travelTimeStandardDeviation":1.35,"sampleSize":2162,"normalizedSampleSize":0.6063,"averageTravelTime":2.17,"medianTravelTime":1.84,"travelTimeRatio":1.0,"speedPercentiles":[23,30,34,37,40,42,44,46,48,50,52,54,56,57,59,61,64,67,71]},{"timeSet":14,"dateRange":1,"harmonicAverageSpeed":41.5,"medianSpeed":49.0,"averageSpeed":48.4,"standardDeviationSpeed":14.5,"travelTimeStandardDeviation":2.32,"sampleSize":2719,"normalizedSampleSize":0.7625,"averageTravelTime":2.21,"medianTravelTime":1.87,"travelTimeRatio":1.02,"speedPercentiles":[24,30,34,37,39,41,43,45,47,49,50,53,54,56,59,61,64,67,71]},{"timeSet":15,"dateRange":1,"harmonicAverageSpeed":44.4,"medianSpeed":53.0,"averageSpeed":51.7,"standardDeviationSpeed":15.6,"travelTimeStandardDeviation":1.32,"sampleSize":2301,"normalizedSampleSize":0.6453,"averageTravelTime":2.07,"medianTravelTime":1.73,"travelTimeRatio":0.95,"speedPercentiles":[25,32,35,38,41,44,47,49,51,53,55,57,58,60,63,65,67,70,75]},{"timeSet":16,"dateRange":1,"harmonicAverageSpeed":46.2,"medianSpeed":54.0,"averageSpeed":53.5,"standardDeviationSpeed":14.8,"travelTimeStandardDeviation":1.72,"sampleSize":1747,"normalizedSampleSize":0.4899,"averageTravelTime":1.99,"medianTravelTime":1.7,"travelTimeRatio":0.91,"speedPercentiles":[28,34,38,41,44,47,49,51,53,54,56,58,60,62,64,66,68,71,75]},{"timeSet":17,"dateRange":1,"harmonicAverageSpeed":45.1,"medianSpeed":52.0,"averageSpeed":51.4,"standardDeviationSpeed":15.0,"travelTimeStandardDeviation":1.08,"sampleSize":2155,"normalizedSampleSize":0.6043,"averageTravelTime":2.03,"medianTravelTime":1.76,"travelTimeRatio":0.94,"speedPercentiles":[26,32,35,38,41,44,47,49,51,52,54,56,58,60,61,64,66,69,74]},{"timeSet":18,"dateRange":1,"harmonicAverageSpeed":44.6,"medianSpeed":50.0,"averageSpeed":49.5,"standardDeviationSpeed":13.1,"travelTimeStandardDeviation":0.97,"sampleSize":2249,"normalizedSampleSize":0.6307,"averageTravelTime":2.06,"medianTravelTime":1.84,"travelTimeRatio":0.95,"speedPercentiles":[27,33,36,39,42,43,45,47,49,50,52,53,55,56,58,60,62,65,69]},{"timeSet":19,"dateRange":1,"harmonicAverageSpeed":41.8,"medianSpeed":49.0,"averageSpeed":48.0,"standardDeviationSpeed":14.1,"travelTimeStandardDeviation":1.39,"sampleSize":2252,"normalizedSampleSize":0.6315,"averageTravelTime":2.2,"medianTravelTime":1.87,"travelTimeRatio":1.01,"speedPercentiles":[24,30,34,37,39,41,44,45,47,49,50,52,53,55,57,59,61,64,69]},{"timeSet":20,"dateRange":1,"harmonicAverageSpeed":43.0,"medianSpeed":50.0,"averageSpeed":49.2,"standardDeviationSpeed":14.3,"travelTimeStandardDeviation":1.62,"sampleSize":2101,"normalizedSampleSize":0.5892,"averageTravelTime":2.14,"medianTravelTime":1.84,"travelTimeRatio":0.98,"speedPercentiles":[24,31,35,38,40,42,45,46,48,50,52,53,55,57,58,60,63,66,72]},{"timeSet":21,"dateRange":1,"harmonicAverageSpeed":43.1,"medianSpeed":51.0,"averageSpeed":49.6,"standardDeviationSpeed":13.5,"travelTimeStandardDeviation":1.84,"sampleSize":2007,"normalizedSampleSize":0.5628,"averageTravelTime":2.13,"medianTravelTime":1.8,"travelTimeRatio":0.98,"speedPercentiles":[26,32,36,39,42,44,45,47,49,51,52,54,56,57,59,61,63,65,70]},{"timeSet":22,"dateRange":1,"harmonicAverageSpeed":41.1,"medianSpeed":49.0,"averageSpeed":48.7,"standardDeviationSpeed":14.3,"travelTimeStandardDeviation":2.26,"sampleSize":2142,"normalizedSampleSize":0.6007,"averageTravelTime":2.23,"medianTravelTime":1.87,"travelTimeRatio":1.03,"speedPercentiles":[24,31,34,37,40,42,44,46,48,49,51,53,55,57,58,60,62,66,70]},{"timeSet":23,"dateRange":1,"harmonicAverageSpeed":45.0,"medianSpeed":53.0,"averageSpeed":53.0,"standardDeviationSpeed":17.3,"travelTimeStandardDeviation":1.38,"sampleSize":1325,"normalizedSampleSize":0.3716,"averageTravelTime":2.04,"medianTravelTime":1.73,"travelTimeRatio":0.94,"speedPercentiles":[25,32,35,38,41,43,46,48,51,53,55,57,60,63,65,68,71,74,81]},{"timeSet":24,"dateRange":1,"harmonicAverageSpeed":44.3,"medianSpeed":54.0,"averageSpeed":53.7,"standardDeviationSpeed":18.0,"travelTimeStandardDeviation":1.77,"sampleSize":1307,"normalizedSampleSize":0.3665,"averageTravelTime":2.07,"medianTravelTime":1.7,"travelTimeRatio":0.95,"speedPercentiles":[25,32,35,38,41,44,47,49,52,54,56,59,61,64,66,68,71,75,81]},{"timeSet":25,"dateRange":1,"harmonicAverageSpeed":40.6,"medianSpeed":52.0,"averageSpeed":51.7,"standardDeviationSpeed":18.1,"travelTimeStandardDeviation":4.23,"sampleSize":1305,"normalizedSampleSize":0.366,"averageTravelTime":2.26,"medianTravelTime":1.76,"travelTimeRatio":1.04,"speedPercentiles":[22,30,34,36,39,41,44,47,49,52,55,57,59,61,64,66,69,74,80]}]}},{"type":"Feature","geometry":{"type":"LineString","coordinates":[[12.47092,41.94024],[12.47094,41.94012]]},"properties":{"segmentId":13800014505240,"newSegmentId":"cd6a3b75-1848-4336-a8e0-2fb8c3b1e06b","speedLimit":50,"frc":3,"streetName":"Corso di Francia","distance":13.1,"segmentTimeResults":[{"timeSet":2,"dateRange":1,"harmonicAverageSpeed":44.5,"medianSpeed":53.0,"averageSpeed":53.5,"standardDeviationSpeed":17.5,"travelTimeStandardDeviation":0.91,"sampleSize":2036,"normalizedSampleSize":0.5709,"averageTravelTime":1.06,"medianTravelTime":0.89,"travelTimeRatio":1.0,"speedPercentiles":[24,33,37,40,42,45,47,49,51,53,55,57,60,62,65,67,71,76,82]},{"timeSet":3,"dateRange":1,"harmonicAverageSpeed":46.1,"medianSpeed":54.0,"averageSpeed":54.7,"standardDeviationSpeed":18.5,"travelTimeStandardDeviation":0.69,"sampleSize":1207,"normalizedSampleSize":0.3385,"averageTravelTime":1.02,"medianTravelTime":0.87,"travelTimeRatio":0.97,"speedPercentiles":[24,34,38,40,42,45,47,50,52,54,56,59,61,63,66,69,73,77,85]},{"timeSet":4,"dateRange":1,"harmonicAverageSpeed":47.2,"medianSpeed":55.0,"averageSpeed":56.8,"standardDeviationSpeed":19.6,"travelTimeStandardDeviation":0.93,"sampleSize":676,"normalizedSampleSize":0.1896,"averageTravelTime":1.0,"medianTravelTime":0.86,"travelTimeRatio":0.94,"speedPercentiles":[28,35,38,41,44,46,48,51,53,55,58,60,63,65,69,72,75,82,89]},{"timeSet":5,"dateRange":1,"harmonicAverageSpeed":48.8,"medianSpeed":55.0,"averageSpeed":56.5,"standardDeviationSpeed":18.5,"travelTimeStandardDeviation":0.55,"sampleSize":340,"normalizedSampleSize":0.0953,"averageTravelTime":0.97,"medianTravelTime":0.86,"travelTimeRatio":0.91,"speedPercentiles":[31,35,38,40,43,45,48,51,53,55,58,61,63,66,68,71,75,80,88]},{"timeSet":6,"dateRange":1,"harmonicAverageSpeed":47.6,"medianSpeed":57.0,"averageSpeed":57.7,"standardDeviationSpeed":20.1,"travelTimeStandardDeviation":0.73,"sampleSize":304,"normalizedSampleSize":0.0852,"averageTravelTime":0.99,"medianTravelTime":0.83,"travelTimeRatio":0.94,"speedPercentiles":[24,34,39,43,46,48,50,52,54,57,58,61,64,65,68,73,79,83,92]},{"timeSet":7,"dateRange":1,"harmonicAverageSpeed":38.5,"medianSpeed":60.0,"averageSpeed":58.2,"standardDeviationSpeed":18.3,"travelTimeStandardDeviation":5.03,"sampleSize":337,"normalizedSampleSize":0.0945,"averageTravelTime":1.23,"medianTravelTime":0.79,"travelTimeRatio":1.16,"speedPercentiles":[26,36,39,42,47,50,52,55,57,60,61,64,66,69,72,75,77,81,87]},{"timeSet":8,"dateRange":1,"harmonicAverageSpeed":51.9,"medianSpeed":61.0,"averageSpeed":60.3,"standardDeviationSpeed":17.5,"travelTimeStandardDeviation":0.66,"sampleSize":424,"normalizedSampleSize":0.1189,"averageTravelTime":0.91,"medianTravelTime":0.77,"travelTimeRatio":0.86,"speedPercentiles":[31,38,43,46,49,52,55,57,59,61,63,66,67,69,72,75,77,81,88]},{"timeSet":9,"dateRange":1,"harmonicAverageSpeed":52.4,"medianSpeed":63.0,"averageSpeed":60.6,"standardDeviationSpeed":16.2,"travelTimeStandardDeviation":0.93,"sampleSize":596,"normalizedSampleSize":0.1671,"averageTravelTime":0.9,"medianTravelTime":0.75,"travelTimeRatio":0.85,"speedPercentiles":[32,39,43,47,51,54,57,58,61,63,65,66,68,70,71,73,75,78,84]},{"timeSet":10,"dateRange":1,"harmonicAverageSpeed":51.1,"medianSpeed":59.0,"averageSpeed":58.5,"standardDeviationSpeed":16.1,"travelTimeStandardDeviation":0.55,"sampleSize":988,"normalizedSampleSize":0.2771,"averageTravelTime":0.92,"medianTravelTime":0.8,"travelTimeRatio":0.87,"speedPercentiles":[30,38,43,47,50,52,54,56,57,59,61,63,65,66,68,71,74,78,84]},{"timeSet":11,"dateRange":1,"harmonicAverageSpeed":47.5,"medianSpeed":56.0,"averageSpeed":54.5,"standardDeviationSpeed":15.0,"travelTimeStandardDeviation":0.74,"sampleSize":1553,"normalizedSampleSize":0.4355,"averageTravelTime":0.99,"medianTravelTime":0.84,"travelTimeRatio":0.94,"speedPercentiles":[28,35,39,42,45,47,50,52,54,56,57,59,61,63,64,67,69,72,77]},{"timeSet":12,"dateRange":1,"harmonicAverageSpeed":43.9,"medianSpeed":53.0,"averageSpeed":52.0,"standardDeviationSpeed":14.5,"travelTimeStandardDeviation":2.68,"sampleSize":1973,"normalizedSampleSize":0.5533,"averageTravelTime":1.07,"medianTravelTime":0.89,"travelTimeRatio":1.01,"speedPercentiles":[27,34,37,40,42,45,47,49,51,53,55,56,58,60,62,64,66,69,74]},{"timeSet":13,"dateRange":1,"harmonicAverageSpeed":44.5,"medianSpeed":51.0,"averageSpeed":50.5,"standardDeviationSpeed":14.4,"travelTimeStandardDeviation":0.59,"sampleSize":2164,"normalizedSampleSize":0.6068,"averageTravelTime":1.06,"medianTravelTime":0.92,"travelTimeRatio":1.0,"speedPercentiles":[25,33,36,39,41,44,46,47,49,51,53,55,57,58,60,62,65,68,72]},{"timeSet":14,"dateRange":1,"harmonicAverageSpeed":43.7,"medianSpeed":50.0,"averageSpeed":49.7,"standardDeviationSpeed":14.3,"travelTimeStandardDeviation":0.68,"sampleSize":2727,"normalizedSampleSize":0.7647,"averageTravelTime":1.08,"medianTravelTime":0.94,"travelTimeRatio":1.02,"speedPercentiles":[25,31,36,38,41,43,44,46,48,50,52,53,55,58,60,62,64,68,72]},{"timeSet":15,"dateRange":1,"harmonicAverageSpeed":46.4,"medianSpeed":54.0,"averageSpeed":53.1,"standardDeviationSpeed":15.2,"travelTimeStandardDeviation":0.62,"sampleSize":2309,"normalizedSampleSize":0.6475,"averageTravelTime":1.02,"medianTravelTime":0.87,"travelTimeRatio":0.96,"speedPercentiles":[27,33,38,41,43,46,48,50,52,54,56,57,59,61,63,66,68,71,76]},{"timeSet":16,"dateRange":1,"harmonicAverageSpeed":49.4,"medianSpeed":56.0,"averageSpeed":55.1,"standardDeviationSpeed":14.2,"travelTimeStandardDeviation":0.57,"sampleSize":1751,"normalizedSampleSize":0.491,"averageTravelTime":0.95,"medianTravelTime":0.84,"travelTimeRatio":0.9,"speedPercentiles":[31,37,40,43,46,48,50,53,54,56,58,59,61,63,65,67,69,72,76]},{"timeSet":17,"dateRange":1,"harmonicAverageSpeed":47.2,"medianSpeed":53.0,"averageSpeed":52.8,"standardDeviationSpeed":14.4,"travelTimeStandardDeviation":0.5,"sampleSize":2156,"normalizedSampleSize":0.6046,"averageTravelTime":1.0,"medianTravelTime":0.89,"travelTimeRatio":0.94,"speedPercentiles":[28,35,39,41,43,46,48,50,52,53,55,57,59,60,62,64,67,70,75]},{"timeSet":18,"dateRange":1,"harmonicAverageSpeed":46.3,"medianSpeed":51.0,"averageSpeed":50.8,"standardDeviationSpeed":12.8,"travelTimeStandardDeviation":0.44,"sampleSize":2252,"normalizedSampleSize":0.6315,"averageTravelTime":1.02,"medianTravelTime":0.92,"travelTimeRatio":0.96,"speedPercentiles":[29,35,39,41,43,45,47,48,50,51,53,54,55,57,59,61,64,66,71]},{"timeSet":19,"dateRange":1,"harmonicAverageSpeed":43.3,"medianSpeed":50.0,"averageSpeed":49.1,"standardDeviationSpeed":13.9,"travelTimeStandardDeviation":0.61,"sampleSize":2257,"normalizedSampleSize":0.6329,"averageTravelTime":1.09,"medianTravelTime":0.94,"travelTimeRatio":1.03,"speedPercentiles":[25,32,35,39,41,43,45,46,48,50,51,53,54,56,58,60,62,65,70]},{"timeSet":20,"dateRange":1,"harmonicAverageSpeed":44.5,"medianSpeed":51.0,"averageSpeed":50.4,"standardDeviationSpeed":13.9,"travelTimeStandardDeviation":0.81,"sampleSize":2109,"normalizedSampleSize":0.5914,"averageTravelTime":1.06,"medianTravelTime":0.92,"travelTimeRatio":1.0,"speedPercentiles":[26,33,37,40,42,44,46,47,49,51,52,54,56,57,59,61,63,67,73]},{"timeSet":21,"dateRange":1,"harmonicAverageSpeed":44.2,"medianSpeed":52.0,"averageSpeed":50.6,"standardDeviationSpeed":13.2,"travelTimeStandardDeviation":0.96,"sampleSize":2011,"normalizedSampleSize":0.5639,"averageTravelTime":1.07,"medianTravelTime":0.91,"travelTimeRatio":1.01,"speedPercentiles":[27,34,38,41,43,45,47,48,50,52,53,55,56,58,60,61,64,66,70]},{"timeSet":22,"dateRange":1,"harmonicAverageSpeed":42.7,"medianSpeed":50.0,"averageSpeed":50.0,"standardDeviationSpeed":14.0,"travelTimeStandardDeviation":1.14,"sampleSize":2145,"normalizedSampleSize":0.6015,"averageTravelTime":1.1,"medianTravelTime":0.94,"travelTimeRatio":1.04,"speedPercentiles":[26,33,37,39,42,44,46,47,49,50,52,54,56,57,59,61,63,67,72]},{"timeSet":23,"dateRange":1,"harmonicAverageSpeed":47.8,"medianSpeed":54.0,"averageSpeed":54.9,"standardDeviationSpeed":16.4,"travelTimeStandardDeviation":0.82,"sampleSize":1329,"normalizedSampleSize":0.3727,"averageTravelTime":0.99,"medianTravelTime":0.87,"travelTimeRatio":0.93,"speedPercentiles":[28,35,39,41,44,46,48,50,52,54,56,58,61,63,66,69,72,75,82]},{"timeSet":24,"dateRange":1,"harmonicAverageSpeed":47.4,"medianSpeed":56.0,"averageSpeed":55.3,"standardDeviationSpeed":17.4,"travelTimeStandardDeviation":0.61,"sampleSize":1308,"normalizedSampleSize":0.3668,"averageTravelTime":1.0,"medianTravelTime":0.84,"travelTimeRatio":0.94,"speedPercentiles":[26,35,38,41,44,46,49,51,53,56,57,60,62,65,67,69,72,76,82]},{"timeSet":25,"dateRange":1,"harmonicAverageSpeed":44.6,"medianSpeed":53.0,"averageSpeed":53.3,"standardDeviationSpeed":17.4,"travelTimeStandardDeviation":0.85,"sampleSize":1307,"normalizedSampleSize":0.3665,"averageTravelTime":1.06,"medianTravelTime":0.89,"travelTimeRatio":1.0,"speedPercentiles":[25,34,37,39,41,44,46,48,51,53,55,58,60,62,65,67,70,74,81]}]}},{"type":"Feature","geometry":{"type":"LineString","coordinates":[[12.47094,41.94012],[12.47108,41.93934]]},"properties":{"segmentId":13800014505241,"newSegmentId":"f1e03f97-0d51-40f8-bca5-11b6cf6d6661","speedLimit":50,"frc":3,"streetName":"Corso di Francia","distance":88.05,"segmentTimeResults":[{"timeSet":2,"dateRange":1,"harmonicAverageSpeed":46.0,"medianSpeed":55.0,"averageSpeed":54.6,"standardDeviationSpeed":17.4,"travelTimeStandardDeviation":5.12,"sampleSize":2025,"normalizedSampleSize":0.5679,"averageTravelTime":6.9,"medianTravelTime":5.76,"travelTimeRatio":1.0,"speedPercentiles":[25,33,38,41,43,46,49,51,53,55,57,59,61,63,66,69,72,77,82]},{"timeSet":3,"dateRange":1,"harmonicAverageSpeed":47.5,"medianSpeed":56.0,"averageSpeed":56.1,"standardDeviationSpeed":18.3,"travelTimeStandardDeviation":5.12,"sampleSize":1207,"normalizedSampleSize":0.3385,"averageTravelTime":6.67,"medianTravelTime":5.66,"travelTimeRatio":0.97,"speedPercentiles":[26,34,39,42,44,46,49,51,54,56,58,60,63,65,67,70,74,78,86]},{"timeSet":4,"dateRange":1,"harmonicAverageSpeed":50.6,"medianSpeed":58.0,"averageSpeed":58.8,"standardDeviationSpeed":19.4,"travelTimeStandardDeviation":4.08,"sampleSize":672,"normalizedSampleSize":0.1884,"averageTravelTime":6.27,"medianTravelTime":5.47,"travelTimeRatio":0.91,"speedPercentiles":[32,37,40,43,45,48,50,53,55,58,60,62,64,67,70,75,78,83,91]},{"timeSet":5,"dateRange":1,"harmonicAverageSpeed":44.6,"medianSpeed":58.0,"averageSpeed":58.2,"standardDeviationSpeed":18.6,"travelTimeStandardDeviation":17.22,"sampleSize":338,"normalizedSampleSize":0.0948,"averageTravelTime":7.1,"medianTravelTime":5.47,"travelTimeRatio":1.03,"speedPercentiles":[33,37,40,42,45,47,50,53,56,58,60,62,66,68,70,73,76,82,88]},{"timeSet":6,"dateRange":1,"harmonicAverageSpeed":52.5,"medianSpeed":59.0,"averageSpeed":60.3,"standardDeviationSpeed":19.9,"travelTimeStandardDeviation":2.93,"sampleSize":301,"normalizedSampleSize":0.0844,"averageTravelTime":6.04,"medianTravelTime":5.37,"travelTimeRatio":0.88,"speedPercentiles":[32,37,41,44,47,49,52,54,57,59,62,64,67,69,71,76,81,87,95]},{"timeSet":7,"dateRange":1,"harmonicAverageSpeed":50.1,"medianSpeed":60.0,"averageSpeed":59.8,"standardDeviationSpeed":18.8,"travelTimeStandardDeviation":4.5,"sampleSize":338,"normalizedSampleSize":0.0948,"averageTravelTime":6.33,"medianTravelTime":5.28,"travelTimeRatio":0.92,"speedPercentiles":[26,34,40,43,48,52,54,57,59,60,63,66,69,72,73,75,80,82,87]},{"timeSet":8,"dateRange":1,"harmonicAverageSpeed":54.4,"medianSpeed":63.0,"averageSpeed":61.9,"standardDeviationSpeed":17.8,"travelTimeStandardDeviation":3.06,"sampleSize":422,"normalizedSampleSize":0.1183,"averageTravelTime":5.82,"medianTravelTime":5.03,"travelTimeRatio":0.84,"speedPercentiles":[31,37,43,46,51,54,57,59,61,63,65,67,69,72,75,77,79,82,90]},{"timeSet":9,"dateRange":1,"harmonicAverageSpeed":55.9,"medianSpeed":64.0,"averageSpeed":61.7,"standardDeviationSpeed":15.9,"travelTimeStandardDeviation":2.44,"sampleSize":593,"normalizedSampleSize":0.1663,"averageTravelTime":5.67,"medianTravelTime":4.95,"travelTimeRatio":0.82,"speedPercentiles":[34,40,44,48,52,55,58,60,62,64,66,68,69,71,72,74,76,79,85]},{"timeSet":10,"dateRange":1,"harmonicAverageSpeed":50.4,"medianSpeed":61.0,"averageSpeed":59.7,"standardDeviationSpeed":16.4,"travelTimeStandardDeviation":5.72,"sampleSize":985,"normalizedSampleSize":0.2762,"averageTravelTime":6.29,"medianTravelTime":5.2,"travelTimeRatio":0.91,"speedPercentiles":[31,38,44,48,51,54,55,57,59,61,62,65,66,68,70,73,75,79,85]},{"timeSet":11,"dateRange":1,"harmonicAverageSpeed":48.3,"medianSpeed":57.0,"averageSpeed":55.4,"standardDeviationSpeed":15.3,"travelTimeStandardDeviation":5.03,"sampleSize":1553,"normalizedSampleSize":0.4355,"averageTravelTime":6.56,"medianTravelTime":5.56,"travelTimeRatio":0.95,"speedPercentiles":[28,35,39,42,45,48,51,53,55,57,59,61,62,64,66,68,71,74,78]},{"timeSet":12,"dateRange":1,"harmonicAverageSpeed":46.2,"medianSpeed":54.0,"averageSpeed":52.9,"standardDeviationSpeed":14.6,"travelTimeStandardDeviation":6.02,"sampleSize":1965,"normalizedSampleSize":0.551,"averageTravelTime":6.86,"medianTravelTime":5.87,"travelTimeRatio":0.99,"speedPercentiles":[28,34,38,41,43,46,48,50,52,54,56,57,59,61,63,65,67,70,75]},{"timeSet":13,"dateRange":1,"harmonicAverageSpeed":45.9,"medianSpeed":52.0,"averageSpeed":51.4,"standardDeviationSpeed":14.5,"travelTimeStandardDeviation":3.13,"sampleSize":2147,"normalizedSampleSize":0.6021,"averageTravelTime":6.9,"medianTravelTime":6.1,"travelTimeRatio":1.0,"speedPercentiles":[27,33,37,39,42,44,46,48,50,52,54,56,57,59,61,64,66,69,74]},{"timeSet":14,"dateRange":1,"harmonicAverageSpeed":44.6,"medianSpeed":51.0,"averageSpeed":50.4,"standardDeviationSpeed":14.7,"travelTimeStandardDeviation":4.0,"sampleSize":2710,"normalizedSampleSize":0.76,"averageTravelTime":7.11,"medianTravelTime":6.22,"travelTimeRatio":1.03,"speedPercentiles":[25,32,35,38,40,42,44,46,49,51,53,54,56,59,61,63,66,69,74]},{"timeSet":15,"dateRange":1,"harmonicAverageSpeed":47.0,"medianSpeed":55.0,"averageSpeed":54.0,"standardDeviationSpeed":15.5,"travelTimeStandardDeviation":5.45,"sampleSize":2294,"normalizedSampleSize":0.6433,"averageTravelTime":6.74,"medianTravelTime":5.76,"travelTimeRatio":0.98,"speedPercentiles":[28,34,38,41,43,46,48,51,53,55,57,59,61,63,65,67,69,73,78]},{"timeSet":16,"dateRange":1,"harmonicAverageSpeed":51.4,"medianSpeed":57.0,"averageSpeed":56.4,"standardDeviationSpeed":14.4,"travelTimeStandardDeviation":2.67,"sampleSize":1747,"normalizedSampleSize":0.4899,"averageTravelTime":6.16,"medianTravelTime":5.56,"travelTimeRatio":0.89,"speedPercentiles":[32,37,41,44,47,49,52,54,56,57,59,61,63,65,67,69,71,74,78]},{"timeSet":17,"dateRange":1,"harmonicAverageSpeed":48.0,"medianSpeed":55.0,"averageSpeed":53.8,"standardDeviationSpeed":14.7,"travelTimeStandardDeviation":3.65,"sampleSize":2148,"normalizedSampleSize":0.6024,"averageTravelTime":6.6,"medianTravelTime":5.76,"travelTimeRatio":0.96,"speedPercentiles":[29,35,39,41,43,46,49,51,53,55,57,59,60,62,64,66,68,71,76]},{"timeSet":18,"dateRange":1,"harmonicAverageSpeed":46.1,"medianSpeed":52.0,"averageSpeed":51.2,"standardDeviationSpeed":13.4,"travelTimeStandardDeviation":4.31,"sampleSize":2245,"normalizedSampleSize":0.6296,"averageTravelTime":6.88,"medianTravelTime":6.1,"travelTimeRatio":1.0,"speedPercentiles":[29,35,38,40,42,44,47,48,50,52,53,55,56,58,60,62,64,68,73]},{"timeSet":19,"dateRange":1,"harmonicAverageSpeed":44.1,"medianSpeed":50.0,"averageSpeed":49.4,"standardDeviationSpeed":13.9,"travelTimeStandardDeviation":3.54,"sampleSize":2247,"normalizedSampleSize":0.6301,"averageTravelTime":7.19,"medianTravelTime":6.34,"travelTimeRatio":1.04,"speedPercentiles":[26,32,35,38,40,42,44,46,48,50,52,53,55,57,59,61,63,65,71]},{"timeSet":20,"dateRange":1,"harmonicAverageSpeed":45.4,"medianSpeed":52.0,"averageSpeed":51.1,"standardDeviationSpeed":14.0,"travelTimeStandardDeviation":5.38,"sampleSize":2097,"normalizedSampleSize":0.5881,"averageTravelTime":6.98,"medianTravelTime":6.1,"travelTimeRatio":1.01,"speedPercentiles":[28,34,37,40,42,44,46,48,50,52,53,55,57,59,60,62,64,68,74]},{"timeSet":21,"dateRange":1,"harmonicAverageSpeed":45.0,"medianSpeed":52.0,"averageSpeed":51.0,"standardDeviationSpeed":13.5,"travelTimeStandardDeviation":5.87,"sampleSize":1996,"normalizedSampleSize":0.5597,"averageTravelTime":7.05,"medianTravelTime":6.1,"travelTimeRatio":1.02,"speedPercentiles":[28,34,37,39,42,44,46,48,50,52,54,56,57,59,61,63,64,67,71]},{"timeSet":22,"dateRange":1,"harmonicAverageSpeed":43.1,"medianSpeed":51.0,"averageSpeed":50.5,"standardDeviationSpeed":14.3,"travelTimeStandardDeviation":8.09,"sampleSize":2131,"normalizedSampleSize":0.5976,"averageTravelTime":7.36,"medianTravelTime":6.22,"travelTimeRatio":1.07,"speedPercentiles":[27,34,37,39,41,43,45,48,49,51,53,54,56,58,60,62,65,67,72]},{"timeSet":23,"dateRange":1,"harmonicAverageSpeed":49.2,"medianSpeed":56.0,"averageSpeed":56.5,"standardDeviationSpeed":16.8,"travelTimeStandardDeviation":6.6,"sampleSize":1323,"normalizedSampleSize":0.371,"averageTravelTime":6.44,"medianTravelTime":5.66,"travelTimeRatio":0.93,"speedPercentiles":[30,35,39,42,44,47,49,52,54,56,59,61,63,65,68,71,74,77,83]},{"timeSet":24,"dateRange":1,"harmonicAverageSpeed":48.8,"medianSpeed":57.0,"averageSpeed":56.7,"standardDeviationSpeed":17.7,"travelTimeStandardDeviation":4.67,"sampleSize":1302,"normalizedSampleSize":0.3651,"averageTravelTime":6.5,"medianTravelTime":5.56,"travelTimeRatio":0.94,"speedPercentiles":[29,35,39,42,45,48,50,53,55,57,59,61,64,66,68,70,74,78,84]},{"timeSet":25,"dateRange":1,"harmonicAverageSpeed":47.6,"medianSpeed":55.0,"averageSpeed":55.1,"standardDeviationSpeed":17.4,"travelTimeStandardDeviation":4.33,"sampleSize":1299,"normalizedSampleSize":0.3643,"averageTravelTime":6.66,"medianTravelTime":5.76,"travelTimeRatio":0.97,"speedPercentiles":[28,34,37,40,43,46,48,51,53,55,57,60,62,64,66,68,72,76,82]}]}},{"type":"Feature","geometry":{"type":"LineString","coordinates":[[12.47108,41.93934],[12.47111,41.93918]]},"properties":{"segmentId":13800007290273,"newSegmentId":"00004931-3600-0400-0000-0000015f88a4","speedLimit":50,"frc":3,"streetName":"Corso di Francia","distance":17.31,"segmentTimeResults":[{"timeSet":2,"dateRange":1,"harmonicAverageSpeed":49.5,"medianSpeed":57.0,"averageSpeed":57.5,"standardDeviationSpeed":17.1,"travelTimeStandardDeviation":0.87,"sampleSize":2038,"normalizedSampleSize":0.5715,"averageTravelTime":1.26,"medianTravelTime":1.09,"travelTimeRatio":1.0,"speedPercentiles":[27,37,42,45,48,50,52,54,56,57,59,61,63,65,69,71,75,79,86]},{"timeSet":3,"dateRange":1,"harmonicAverageSpeed":52.4,"medianSpeed":60.0,"averageSpeed":59.7,"standardDeviationSpeed":17.7,"travelTimeStandardDeviation":0.66,"sampleSize":1221,"normalizedSampleSize":0.3424,"averageTravelTime":1.19,"medianTravelTime":1.04,"travelTimeRatio":0.94,"speedPercentiles":[30,39,44,46,49,51,54,56,58,60,62,64,66,68,70,73,76,80,89]},{"timeSet":4,"dateRange":1,"harmonicAverageSpeed":52.3,"medianSpeed":62.0,"averageSpeed":62.4,"standardDeviationSpeed":19.0,"travelTimeStandardDeviation":2.01,"sampleSize":676,"normalizedSampleSize":0.1896,"averageTravelTime":1.19,"medianTravelTime":1.01,"travelTimeRatio":0.95,"speedPercentiles":[34,40,45,48,50,53,55,57,60,62,63,65,68,71,74,78,81,85,93]},{"timeSet":5,"dateRange":1,"harmonicAverageSpeed":55.5,"medianSpeed":61.0,"averageSpeed":62.3,"standardDeviationSpeed":18.1,"travelTimeStandardDeviation":0.6,"sampleSize":346,"normalizedSampleSize":0.097,"averageTravelTime":1.12,"medianTravelTime":1.02,"travelTimeRatio":0.89,"speedPercentiles":[37,41,44,47,50,53,55,57,59,61,64,66,68,70,73,76,79,84,93]},{"timeSet":6,"dateRange":1,"harmonicAverageSpeed":56.1,"medianSpeed":63.0,"averageSpeed":64.3,"standardDeviationSpeed":19.5,"travelTimeStandardDeviation":0.57,"sampleSize":302,"normalizedSampleSize":0.0847,"averageTravelTime":1.11,"medianTravelTime":0.99,"travelTimeRatio":0.88,"speedPercentiles":[32,43,47,50,52,55,58,60,62,63,66,69,71,73,75,79,82,89,96]},{"timeSet":7,"dateRange":1,"harmonicAverageSpeed":54.1,"medianSpeed":65.0,"averageSpeed":63.1,"standardDeviationSpeed":18.4,"travelTimeStandardDeviation":0.82,"sampleSize":339,"normalizedSampleSize":0.0951,"averageTravelTime":1.15,"medianTravelTime":0.96,"travelTimeRatio":0.92,"speedPercentiles":[28,38,45,50,52,56,58,60,62,65,66,68,71,73,75,78,81,85,89]},{"timeSet":8,"dateRange":1,"harmonicAverageSpeed":57.6,"medianSpeed":64.0,"averageSpeed":63.9,"standardDeviationSpeed":17.4,"travelTimeStandardDeviation":0.48,"sampleSize":428,"normalizedSampleSize":0.12,"averageTravelTime":1.08,"medianTravelTime":0.97,"travelTimeRatio":0.86,"speedPercentiles":[32,41,46,50,53,57,59,61,62,64,66,68,71,73,75,78,81,86,90]},{"timeSet":9,"dateRange":1,"harmonicAverageSpeed":58.2,"medianSpeed":66.0,"averageSpeed":63.7,"standardDeviationSpeed":15.8,"travelTimeStandardDeviation":0.42,"sampleSize":593,"normalizedSampleSize":0.1663,"averageTravelTime":1.07,"medianTravelTime":0.94,"travelTimeRatio":0.85,"speedPercentiles":[35,42,48,51,54,57,59,62,64,66,68,69,71,72,74,76,78,81,87]},{"timeSet":10,"dateRange":1,"harmonicAverageSpeed":51.8,"medianSpeed":63.0,"averageSpeed":62.2,"standardDeviationSpeed":16.1,"travelTimeStandardDeviation":2.64,"sampleSize":991,"normalizedSampleSize":0.2779,"averageTravelTime":1.2,"medianTravelTime":0.99,"travelTimeRatio":0.96,"speedPercentiles":[32,42,47,51,54,56,58,60,62,63,65,67,68,70,72,75,77,81,88]},{"timeSet":11,"dateRange":1,"harmonicAverageSpeed":51.5,"medianSpeed":60.0,"averageSpeed":58.3,"standardDeviationSpeed":15.6,"travelTimeStandardDeviation":0.76,"sampleSize":1561,"normalizedSampleSize":0.4377,"averageTravelTime":1.21,"medianTravelTime":1.04,"travelTimeRatio":0.96,"speedPercentiles":[30,37,42,46,49,52,54,56,58,60,62,63,65,67,69,71,73,76,81]},{"timeSet":12,"dateRange":1,"harmonicAverageSpeed":50.4,"medianSpeed":57.0,"averageSpeed":56.2,"standardDeviationSpeed":14.8,"travelTimeStandardDeviation":0.64,"sampleSize":1985,"normalizedSampleSize":0.5566,"averageTravelTime":1.24,"medianTravelTime":1.09,"travelTimeRatio":0.98,"speedPercentiles":[30,37,41,44,47,50,52,54,56,57,59,60,62,64,66,68,71,73,78]},{"timeSet":13,"dateRange":1,"harmonicAverageSpeed":49.0,"medianSpeed":56.0,"averageSpeed":54.9,"standardDeviationSpeed":15.1,"travelTimeStandardDeviation":0.7,"sampleSize":2165,"normalizedSampleSize":0.6071,"averageTravelTime":1.27,"medianTravelTime":1.11,"travelTimeRatio":1.01,"speedPercentiles":[28,35,39,43,45,48,50,52,54,56,58,59,61,63,65,67,70,73,78]},{"timeSet":14,"dateRange":1,"harmonicAverageSpeed":47.1,"medianSpeed":55.0,"averageSpeed":53.9,"standardDeviationSpeed":14.9,"travelTimeStandardDeviation":1.65,"sampleSize":2738,"normalizedSampleSize":0.7678,"averageTravelTime":1.32,"medianTravelTime":1.13,"travelTimeRatio":1.05,"speedPercentiles":[27,34,39,42,44,47,49,51,53,55,57,58,60,62,64,67,69,72,76]},{"timeSet":15,"dateRange":1,"harmonicAverageSpeed":49.5,"medianSpeed":59.0,"averageSpeed":57.1,"standardDeviationSpeed":15.9,"travelTimeStandardDeviation":1.85,"sampleSize":2321,"normalizedSampleSize":0.6509,"averageTravelTime":1.26,"medianTravelTime":1.06,"travelTimeRatio":1.0,"speedPercentiles":[29,36,40,45,47,50,52,55,56,59,60,62,64,66,68,70,72,76,81]},{"timeSet":16,"dateRange":1,"harmonicAverageSpeed":54.9,"medianSpeed":61.0,"averageSpeed":59.8,"standardDeviationSpeed":14.3,"travelTimeStandardDeviation":0.57,"sampleSize":1754,"normalizedSampleSize":0.4919,"averageTravelTime":1.14,"medianTravelTime":1.02,"travelTimeRatio":0.9,"speedPercentiles":[35,41,45,48,51,54,55,57,59,61,62,64,66,68,69,71,74,77,81]},{"timeSet":17,"dateRange":1,"harmonicAverageSpeed":51.5,"medianSpeed":58.0,"averageSpeed":57.2,"standardDeviationSpeed":14.8,"travelTimeStandardDeviation":0.65,"sampleSize":2161,"normalizedSampleSize":0.606,"averageTravelTime":1.21,"medianTravelTime":1.07,"travelTimeRatio":0.96,"speedPercentiles":[31,37,42,46,48,51,53,55,56,58,60,62,64,65,67,69,71,74,79]},{"timeSet":18,"dateRange":1,"harmonicAverageSpeed":48.7,"medianSpeed":56.0,"averageSpeed":55.0,"standardDeviationSpeed":14.1,"travelTimeStandardDeviation":1.83,"sampleSize":2263,"normalizedSampleSize":0.6346,"averageTravelTime":1.28,"medianTravelTime":1.11,"travelTimeRatio":1.02,"speedPercentiles":[31,37,42,44,47,49,51,52,54,56,57,59,60,62,64,66,68,72,77]},{"timeSet":19,"dateRange":1,"harmonicAverageSpeed":47.2,"medianSpeed":54.0,"averageSpeed":53.0,"standardDeviationSpeed":14.5,"travelTimeStandardDeviation":0.68,"sampleSize":2261,"normalizedSampleSize":0.634,"averageTravelTime":1.32,"medianTravelTime":1.15,"travelTimeRatio":1.05,"speedPercentiles":[28,34,39,41,44,47,49,51,52,54,56,57,59,61,62,64,67,70,76]},{"timeSet":20,"dateRange":1,"harmonicAverageSpeed":47.3,"medianSpeed":55.0,"averageSpeed":54.1,"standardDeviationSpeed":14.5,"travelTimeStandardDeviation":1.38,"sampleSize":2110,"normalizedSampleSize":0.5917,"averageTravelTime":1.32,"medianTravelTime":1.13,"travelTimeRatio":1.05,"speedPercentiles":[28,36,40,43,45,48,50,51,53,55,56,58,60,61,63,65,68,70,76]},{"timeSet":21,"dateRange":1,"harmonicAverageSpeed":49.2,"medianSpeed":56.0,"averageSpeed":54.8,"standardDeviationSpeed":14.0,"travelTimeStandardDeviation":0.72,"sampleSize":2002,"normalizedSampleSize":0.5614,"averageTravelTime":1.27,"medianTravelTime":1.11,"travelTimeRatio":1.01,"speedPercentiles":[30,37,41,44,47,48,50,52,54,56,58,59,61,63,64,66,68,71,75]},{"timeSet":22,"dateRange":1,"harmonicAverageSpeed":46.6,"medianSpeed":55.0,"averageSpeed":54.0,"standardDeviationSpeed":14.6,"travelTimeStandardDeviation":1.41,"sampleSize":2150,"normalizedSampleSize":0.6029,"averageTravelTime":1.34,"medianTravelTime":1.13,"travelTimeRatio":1.06,"speedPercentiles":[28,35,40,43,46,48,49,51,53,55,57,58,60,61,64,66,68,72,76]},{"timeSet":23,"dateRange":1,"harmonicAverageSpeed":55.0,"medianSpeed":61.0,"averageSpeed":60.5,"standardDeviationSpeed":16.4,"travelTimeStandardDeviation":0.44,"sampleSize":1342,"normalizedSampleSize":0.3763,"averageTravelTime":1.13,"medianTravelTime":1.02,"travelTimeRatio":0.9,"speedPercentiles":[34,40,44,47,49,52,54,56,59,61,63,65,67,69,71,74,77,81,87]},{"timeSet":24,"dateRange":1,"harmonicAverageSpeed":49.9,"medianSpeed":60.0,"averageSpeed":60.3,"standardDeviationSpeed":17.4,"travelTimeStandardDeviation":3.16,"sampleSize":1308,"normalizedSampleSize":0.3668,"averageTravelTime":1.25,"medianTravelTime":1.04,"travelTimeRatio":0.99,"speedPercentiles":[32,39,44,47,50,52,54,57,58,60,63,65,67,69,71,73,77,80,86]},{"timeSet":25,"dateRange":1,"harmonicAverageSpeed":51.3,"medianSpeed":58.0,"averageSpeed":58.3,"standardDeviationSpeed":17.4,"travelTimeStandardDeviation":0.62,"sampleSize":1314,"normalizedSampleSize":0.3685,"averageTravelTime":1.21,"medianTravelTime":1.07,"travelTimeRatio":0.96,"speedPercentiles":[29,36,42,45,48,50,52,54,56,58,60,63,65,67,69,72,76,79,84]}]}},{"type":"Feature","geometry":{"type":"LineString","coordinates":[[12.47111,41.93918],[12.47115,41.93896]]},"properties":{"segmentId":13800011255483,"newSegmentId":"be9e9f94-2c9d-4ce2-a8a5-39711d39cbd7","speedLimit":50,"frc":3,"streetName":"Corso di Francia","distance":24.68,"segmentTimeResults":[{"timeSet":2,"dateRange":1,"harmonicAverageSpeed":49.7,"medianSpeed":57.0,"averageSpeed":57.3,"standardDeviationSpeed":17.1,"travelTimeStandardDeviation":1.18,"sampleSize":2042,"normalizedSampleSize":0.5726,"averageTravelTime":1.79,"medianTravelTime":1.56,"travelTimeRatio":1.0,"speedPercentiles":[28,37,41,44,47,49,51,53,55,57,58,61,63,65,69,72,75,78,85]},{"timeSet":3,"dateRange":1,"harmonicAverageSpeed":53.1,"medianSpeed":60.0,"averageSpeed":60.1,"standardDeviationSpeed":17.6,"travelTimeStandardDeviation":0.9,"sampleSize":1226,"normalizedSampleSize":0.3438,"averageTravelTime":1.67,"medianTravelTime":1.48,"travelTimeRatio":0.94,"speedPercentiles":[33,40,44,46,49,51,54,56,58,60,62,64,66,68,71,73,77,80,90]},{"timeSet":4,"dateRange":1,"harmonicAverageSpeed":52.0,"medianSpeed":62.0,"averageSpeed":62.6,"standardDeviationSpeed":19.3,"travelTimeStandardDeviation":2.89,"sampleSize":678,"normalizedSampleSize":0.1901,"averageTravelTime":1.71,"medianTravelTime":1.43,"travelTimeRatio":0.96,"speedPercentiles":[34,40,45,47,50,53,55,57,60,62,64,66,68,71,74,78,81,86,95]},{"timeSet":5,"dateRange":1,"harmonicAverageSpeed":55.7,"medianSpeed":61.0,"averageSpeed":62.4,"standardDeviationSpeed":18.3,"travelTimeStandardDeviation":0.85,"sampleSize":346,"normalizedSampleSize":0.097,"averageTravelTime":1.6,"medianTravelTime":1.46,"travelTimeRatio":0.89,"speedPercentiles":[37,41,43,47,49,52,55,57,59,61,64,66,68,70,73,77,80,86,94]},{"timeSet":6,"dateRange":1,"harmonicAverageSpeed":56.9,"medianSpeed":63.0,"averageSpeed":64.5,"standardDeviationSpeed":19.4,"travelTimeStandardDeviation":0.74,"sampleSize":303,"normalizedSampleSize":0.085,"averageTravelTime":1.56,"medianTravelTime":1.41,"travelTimeRatio":0.87,"speedPercentiles":[32,43,48,50,52,54,57,60,62,63,66,69,71,74,77,79,82,88,97]},{"timeSet":7,"dateRange":1,"harmonicAverageSpeed":54.6,"medianSpeed":65.0,"averageSpeed":63.3,"standardDeviationSpeed":18.3,"travelTimeStandardDeviation":1.12,"sampleSize":339,"normalizedSampleSize":0.0951,"averageTravelTime":1.63,"medianTravelTime":1.37,"travelTimeRatio":0.91,"speedPercentiles":[29,39,45,49,53,56,57,59,63,65,66,69,71,73,75,78,81,85,89]},{"timeSet":8,"dateRange":1,"harmonicAverageSpeed":57.6,"medianSpeed":64.0,"averageSpeed":64.1,"standardDeviationSpeed":18.0,"travelTimeStandardDeviation":0.66,"sampleSize":429,"normalizedSampleSize":0.1203,"averageTravelTime":1.54,"medianTravelTime":1.39,"travelTimeRatio":0.86,"speedPercentiles":[32,41,46,50,53,56,59,61,62,64,66,68,71,74,76,79,82,86,92]},{"timeSet":9,"dateRange":1,"harmonicAverageSpeed":58.5,"medianSpeed":66.0,"averageSpeed":63.8,"standardDeviationSpeed":15.8,"travelTimeStandardDeviation":0.57,"sampleSize":593,"normalizedSampleSize":0.1663,"averageTravelTime":1.52,"medianTravelTime":1.35,"travelTimeRatio":0.85,"speedPercentiles":[35,42,47,51,54,57,58,61,64,66,68,69,71,72,74,77,78,82,87]},{"timeSet":10,"dateRange":1,"harmonicAverageSpeed":56.3,"medianSpeed":64.0,"averageSpeed":62.5,"standardDeviationSpeed":16.1,"travelTimeStandardDeviation":0.77,"sampleSize":989,"normalizedSampleSize":0.2773,"averageTravelTime":1.58,"medianTravelTime":1.39,"travelTimeRatio":0.88,"speedPercentiles":[33,41,47,51,53,56,58,60,62,64,66,67,69,70,72,75,78,82,88]},{"timeSet":11,"dateRange":1,"harmonicAverageSpeed":51.8,"medianSpeed":60.0,"averageSpeed":58.4,"standardDeviationSpeed":15.6,"travelTimeStandardDeviation":1.06,"sampleSize":1564,"normalizedSampleSize":0.4386,"averageTravelTime":1.71,"medianTravelTime":1.48,"travelTimeRatio":0.96,"speedPercentiles":[31,36,42,46,49,52,54,56,58,60,62,64,65,67,69,71,73,77,81]},{"timeSet":12,"dateRange":1,"harmonicAverageSpeed":50.9,"medianSpeed":57.0,"averageSpeed":56.3,"standardDeviationSpeed":14.9,"travelTimeStandardDeviation":0.82,"sampleSize":1990,"normalizedSampleSize":0.558,"averageTravelTime":1.75,"medianTravelTime":1.56,"travelTimeRatio":0.98,"speedPercentiles":[31,37,41,44,47,49,52,53,56,57,59,61,62,64,66,68,71,74,79]},{"timeSet":13,"dateRange":1,"harmonicAverageSpeed":49.1,"medianSpeed":56.0,"averageSpeed":55.1,"standardDeviationSpeed":15.2,"travelTimeStandardDeviation":1.04,"sampleSize":2167,"normalizedSampleSize":0.6077,"averageTravelTime":1.81,"medianTravelTime":1.59,"travelTimeRatio":1.01,"speedPercentiles":[29,35,39,43,45,48,50,52,54,56,58,60,61,63,65,67,70,74,79]},{"timeSet":14,"dateRange":1,"harmonicAverageSpeed":47.2,"medianSpeed":55.0,"averageSpeed":54.1,"standardDeviationSpeed":15.0,"travelTimeStandardDeviation":3.11,"sampleSize":2740,"normalizedSampleSize":0.7684,"averageTravelTime":1.88,"medianTravelTime":1.62,"travelTimeRatio":1.05,"speedPercentiles":[28,34,39,42,44,47,49,51,53,55,57,59,60,62,65,67,69,73,77]},{"timeSet":15,"dateRange":1,"harmonicAverageSpeed":50.4,"medianSpeed":59.0,"averageSpeed":57.3,"standardDeviationSpeed":16.0,"travelTimeStandardDeviation":1.61,"sampleSize":2324,"normalizedSampleSize":0.6517,"averageTravelTime":1.76,"medianTravelTime":1.51,"travelTimeRatio":0.99,"speedPercentiles":[29,36,40,44,47,50,52,54,57,59,60,62,64,66,68,70,72,76,81]},{"timeSet":16,"dateRange":1,"harmonicAverageSpeed":55.1,"medianSpeed":61.0,"averageSpeed":60.0,"standardDeviationSpeed":14.5,"travelTimeStandardDeviation":0.8,"sampleSize":1759,"normalizedSampleSize":0.4933,"averageTravelTime":1.61,"medianTravelTime":1.46,"travelTimeRatio":0.9,"speedPercentiles":[35,41,45,48,51,53,55,57,59,61,63,65,66,68,70,72,74,77,82]},{"timeSet":17,"dateRange":1,"harmonicAverageSpeed":52.0,"medianSpeed":59.0,"averageSpeed":57.5,"standardDeviationSpeed":14.9,"travelTimeStandardDeviation":0.89,"sampleSize":2164,"normalizedSampleSize":0.6068,"averageTravelTime":1.71,"medianTravelTime":1.51,"travelTimeRatio":0.96,"speedPercentiles":[32,37,42,46,48,51,53,55,57,59,60,62,64,66,68,69,72,75,80]},{"timeSet":18,"dateRange":1,"harmonicAverageSpeed":49.6,"medianSpeed":55.0,"averageSpeed":55.1,"standardDeviationSpeed":14.2,"travelTimeStandardDeviation":1.14,"sampleSize":2266,"normalizedSampleSize":0.6354,"averageTravelTime":1.79,"medianTravelTime":1.62,"travelTimeRatio":1.0,"speedPercentiles":[31,37,41,44,47,49,51,52,54,55,57,59,60,62,64,66,69,72,77]},{"timeSet":19,"dateRange":1,"harmonicAverageSpeed":46.4,"medianSpeed":54.0,"averageSpeed":53.1,"standardDeviationSpeed":14.6,"travelTimeStandardDeviation":2.25,"sampleSize":2262,"normalizedSampleSize":0.6343,"averageTravelTime":1.92,"medianTravelTime":1.65,"travelTimeRatio":1.07,"speedPercentiles":[28,34,39,42,44,47,48,50,52,54,56,57,59,61,62,64,67,70,76]},{"timeSet":20,"dateRange":1,"harmonicAverageSpeed":48.4,"medianSpeed":55.0,"averageSpeed":54.3,"standardDeviationSpeed":14.4,"travelTimeStandardDeviation":1.46,"sampleSize":2113,"normalizedSampleSize":0.5925,"averageTravelTime":1.84,"medianTravelTime":1.62,"travelTimeRatio":1.03,"speedPercentiles":[29,36,41,43,46,48,49,51,53,55,56,58,60,62,63,66,68,71,77]},{"timeSet":21,"dateRange":1,"harmonicAverageSpeed":49.4,"medianSpeed":56.0,"averageSpeed":54.8,"standardDeviationSpeed":14.0,"travelTimeStandardDeviation":1.0,"sampleSize":2007,"normalizedSampleSize":0.5628,"averageTravelTime":1.8,"medianTravelTime":1.59,"travelTimeRatio":1.01,"speedPercentiles":[31,37,41,44,46,48,50,52,54,56,58,59,61,63,64,66,69,72,75]},{"timeSet":22,"dateRange":1,"harmonicAverageSpeed":48.0,"medianSpeed":55.0,"averageSpeed":54.1,"standardDeviationSpeed":14.5,"travelTimeStandardDeviation":1.29,"sampleSize":2156,"normalizedSampleSize":0.6046,"averageTravelTime":1.85,"medianTravelTime":1.62,"travelTimeRatio":1.04,"speedPercentiles":[29,36,40,43,45,47,49,51,53,55,57,58,60,62,64,66,68,72,76]},{"timeSet":23,"dateRange":1,"harmonicAverageSpeed":55.2,"medianSpeed":61.0,"averageSpeed":60.7,"standardDeviationSpeed":16.6,"travelTimeStandardDeviation":0.62,"sampleSize":1346,"normalizedSampleSize":0.3775,"averageTravelTime":1.61,"medianTravelTime":1.46,"travelTimeRatio":0.9,"speedPercentiles":[34,40,44,47,49,51,54,56,59,61,63,65,67,69,72,75,78,81,87]},{"timeSet":24,"dateRange":1,"harmonicAverageSpeed":52.1,"medianSpeed":61.0,"averageSpeed":60.4,"standardDeviationSpeed":17.5,"travelTimeStandardDeviation":2.15,"sampleSize":1311,"normalizedSampleSize":0.3676,"averageTravelTime":1.7,"medianTravelTime":1.46,"travelTimeRatio":0.95,"speedPercentiles":[32,39,43,47,50,52,54,56,59,61,63,65,67,69,72,74,77,80,87]},{"timeSet":25,"dateRange":1,"harmonicAverageSpeed":51.3,"medianSpeed":58.0,"averageSpeed":58.4,"standardDeviationSpeed":17.7,"travelTimeStandardDeviation":0.91,"sampleSize":1319,"normalizedSampleSize":0.3699,"averageTravelTime":1.73,"medianTravelTime":1.53,"travelTimeRatio":0.97,"speedPercentiles":[30,36,41,44,47,49,51,53,56,58,60,63,65,68,70,73,76,80,86]}]}},{"type":"Feature","geometry":{"type":"LineString","coordinates":[[12.47115,41.93896],[12.4712,41.93867]]},"properties":{"segmentId":13800011255443,"newSegmentId":"9d8974dc-03c4-452d-b177-0d57bd190bc4","speedLimit":50,"frc":3,"streetName":"Corso di Francia","distance":32.97,"segmentTimeResults":[{"timeSet":2,"dateRange":1,"harmonicAverageSpeed":48.7,"medianSpeed":57.0,"averageSpeed":56.7,"standardDeviationSpeed":18.0,"travelTimeStandardDeviation":1.6,"sampleSize":2054,"normalizedSampleSize":0.576,"averageTravelTime":2.44,"medianTravelTime":2.08,"travelTimeRatio":1.0,"speedPercentiles":[28,34,38,41,44,47,50,52,55,57,59,61,64,66,69,72,75,79,86]},{"timeSet":3,"dateRange":1,"harmonicAverageSpeed":52.6,"medianSpeed":60.0,"averageSpeed":60.0,"standardDeviationSpeed":18.2,"travelTimeStandardDeviation":1.22,"sampleSize":1225,"normalizedSampleSize":0.3435,"averageTravelTime":2.25,"medianTravelTime":1.98,"travelTimeRatio":0.92,"speedPercentiles":[31,37,42,45,48,51,54,56,58,60,62,64,67,69,71,74,77,80,90]},{"timeSet":4,"dateRange":1,"harmonicAverageSpeed":50.9,"medianSpeed":62.0,"averageSpeed":62.2,"standardDeviationSpeed":20.1,"travelTimeStandardDeviation":3.92,"sampleSize":693,"normalizedSampleSize":0.1943,"averageTravelTime":2.33,"medianTravelTime":1.91,"travelTimeRatio":0.96,"speedPercentiles":[30,37,41,46,49,52,55,57,60,62,64,67,69,72,75,79,81,87,95]},{"timeSet":5,"dateRange":1,"harmonicAverageSpeed":54.3,"medianSpeed":61.0,"averageSpeed":61.8,"standardDeviationSpeed":19.3,"travelTimeStandardDeviation":1.19,"sampleSize":348,"normalizedSampleSize":0.0976,"averageTravelTime":2.19,"medianTravelTime":1.95,"travelTimeRatio":0.9,"speedPercentiles":[33,38,41,45,48,51,54,57,59,61,64,66,68,72,74,77,79,85,95]},{"timeSet":6,"dateRange":1,"harmonicAverageSpeed":56.8,"medianSpeed":64.0,"averageSpeed":64.5,"standardDeviationSpeed":20.0,"travelTimeStandardDeviation":0.95,"sampleSize":303,"normalizedSampleSize":0.085,"averageTravelTime":2.09,"medianTravelTime":1.85,"travelTimeRatio":0.86,"speedPercentiles":[32,39,45,48,51,54,56,60,62,64,67,69,71,75,78,80,83,88,99]},{"timeSet":7,"dateRange":1,"harmonicAverageSpeed":54.5,"medianSpeed":65.0,"averageSpeed":63.5,"standardDeviationSpeed":19.0,"travelTimeStandardDeviation":1.49,"sampleSize":342,"normalizedSampleSize":0.0959,"averageTravelTime":2.18,"medianTravelTime":1.83,"travelTimeRatio":0.89,"speedPercentiles":[29,37,42,48,53,56,58,61,63,65,67,69,71,74,76,79,81,85,92]},{"timeSet":8,"dateRange":1,"harmonicAverageSpeed":56.6,"medianSpeed":65.0,"averageSpeed":64.3,"standardDeviationSpeed":19.0,"travelTimeStandardDeviation":1.03,"sampleSize":428,"normalizedSampleSize":0.12,"averageTravelTime":2.1,"medianTravelTime":1.83,"travelTimeRatio":0.86,"speedPercentiles":[30,39,45,49,52,56,58,61,62,65,67,69,72,75,77,81,83,88,93]},{"timeSet":9,"dateRange":1,"harmonicAverageSpeed":58.2,"medianSpeed":66.0,"averageSpeed":63.9,"standardDeviationSpeed":16.4,"travelTimeStandardDeviation":0.81,"sampleSize":592,"normalizedSampleSize":0.166,"averageTravelTime":2.04,"medianTravelTime":1.8,"travelTimeRatio":0.84,"speedPercentiles":[34,41,46,50,54,57,59,61,64,66,68,70,71,73,75,77,80,83,88]},{"timeSet":10,"dateRange":1,"harmonicAverageSpeed":56.7,"medianSpeed":64.0,"averageSpeed":63.0,"standardDeviationSpeed":16.5,"travelTimeStandardDeviation":1.03,"sampleSize":991,"normalizedSampleSize":0.2779,"averageTravelTime":2.1,"medianTravelTime":1.85,"travelTimeRatio":0.86,"speedPercentiles":[33,42,47,50,54,56,59,60,62,64,66,68,69,71,73,75,79,83,89]},{"timeSet":11,"dateRange":1,"harmonicAverageSpeed":52.3,"medianSpeed":61.0,"averageSpeed":58.7,"standardDeviationSpeed":16.0,"travelTimeStandardDeviation":1.22,"sampleSize":1568,"normalizedSampleSize":0.4397,"averageTravelTime":2.27,"medianTravelTime":1.95,"travelTimeRatio":0.93,"speedPercentiles":[30,36,41,45,48,52,54,56,59,61,63,64,66,68,69,72,74,78,82]},{"timeSet":12,"dateRange":1,"harmonicAverageSpeed":50.9,"medianSpeed":58.0,"averageSpeed":56.6,"standardDeviationSpeed":15.3,"travelTimeStandardDeviation":1.05,"sampleSize":1992,"normalizedSampleSize":0.5586,"averageTravelTime":2.33,"medianTravelTime":2.05,"travelTimeRatio":0.96,"speedPercentiles":[30,36,40,44,47,50,52,54,56,58,60,61,63,65,66,69,71,75,80]},{"timeSet":13,"dateRange":1,"harmonicAverageSpeed":49.1,"medianSpeed":56.0,"averageSpeed":55.4,"standardDeviationSpeed":15.7,"travelTimeStandardDeviation":1.4,"sampleSize":2171,"normalizedSampleSize":0.6088,"averageTravelTime":2.42,"medianTravelTime":2.12,"travelTimeRatio":0.99,"speedPercentiles":[28,34,38,42,45,48,50,52,54,56,58,60,62,64,66,68,71,75,80]},{"timeSet":14,"dateRange":1,"harmonicAverageSpeed":48.8,"medianSpeed":55.0,"averageSpeed":54.4,"standardDeviationSpeed":15.5,"travelTimeStandardDeviation":1.03,"sampleSize":2741,"normalizedSampleSize":0.7686,"averageTravelTime":2.43,"medianTravelTime":2.16,"travelTimeRatio":1.0,"speedPercentiles":[28,34,37,41,44,47,49,51,53,55,57,59,61,63,66,68,70,73,78]},{"timeSet":15,"dateRange":1,"harmonicAverageSpeed":51.0,"medianSpeed":59.0,"averageSpeed":57.5,"standardDeviationSpeed":16.6,"travelTimeStandardDeviation":1.15,"sampleSize":2332,"normalizedSampleSize":0.654,"averageTravelTime":2.33,"medianTravelTime":2.01,"travelTimeRatio":0.95,"speedPercentiles":[29,34,39,43,46,50,52,55,57,59,61,63,65,67,69,71,73,77,82]},{"timeSet":16,"dateRange":1,"harmonicAverageSpeed":55.1,"medianSpeed":61.0,"averageSpeed":60.2,"standardDeviationSpeed":15.0,"travelTimeStandardDeviation":1.05,"sampleSize":1764,"normalizedSampleSize":0.4947,"averageTravelTime":2.15,"medianTravelTime":1.95,"travelTimeRatio":0.88,"speedPercentiles":[34,40,44,48,51,53,55,58,59,61,63,65,67,69,70,73,75,78,82]},{"timeSet":17,"dateRange":1,"harmonicAverageSpeed":52.1,"medianSpeed":59.0,"averageSpeed":57.8,"standardDeviationSpeed":15.4,"travelTimeStandardDeviation":1.15,"sampleSize":2164,"normalizedSampleSize":0.6068,"averageTravelTime":2.28,"medianTravelTime":2.01,"travelTimeRatio":0.93,"speedPercentiles":[31,37,40,45,48,51,53,55,57,59,61,63,65,67,68,70,73,75,81]},{"timeSet":18,"dateRange":1,"harmonicAverageSpeed":50.3,"medianSpeed":56.0,"averageSpeed":55.4,"standardDeviationSpeed":14.6,"travelTimeStandardDeviation":1.01,"sampleSize":2269,"normalizedSampleSize":0.6363,"averageTravelTime":2.36,"medianTravelTime":2.12,"travelTimeRatio":0.97,"speedPercentiles":[31,36,40,44,47,49,51,52,54,56,58,59,61,63,65,67,69,73,78]},{"timeSet":19,"dateRange":1,"harmonicAverageSpeed":46.8,"medianSpeed":54.0,"averageSpeed":53.3,"standardDeviationSpeed":14.8,"travelTimeStandardDeviation":2.52,"sampleSize":2263,"normalizedSampleSize":0.6346,"averageTravelTime":2.53,"medianTravelTime":2.2,"travelTimeRatio":1.04,"speedPercentiles":[28,34,38,41,44,46,49,51,53,54,56,58,59,61,63,65,68,71,77]},{"timeSet":20,"dateRange":1,"harmonicAverageSpeed":49.1,"medianSpeed":55.0,"averageSpeed":54.5,"standardDeviationSpeed":14.7,"travelTimeStandardDeviation":1.17,"sampleSize":2115,"normalizedSampleSize":0.5931,"averageTravelTime":2.42,"medianTravelTime":2.16,"travelTimeRatio":0.99,"speedPercentiles":[29,35,40,43,45,47,49,52,53,55,57,59,60,62,64,66,68,71,77]},{"timeSet":21,"dateRange":1,"harmonicAverageSpeed":49.8,"medianSpeed":56.0,"averageSpeed":55.0,"standardDeviationSpeed":14.5,"travelTimeStandardDeviation":1.06,"sampleSize":2009,"normalizedSampleSize":0.5634,"averageTravelTime":2.39,"medianTravelTime":2.12,"travelTimeRatio":0.98,"speedPercentiles":[30,36,40,43,45,48,50,53,55,56,58,60,61,63,65,67,69,72,76]},{"timeSet":22,"dateRange":1,"harmonicAverageSpeed":47.9,"medianSpeed":55.0,"averageSpeed":54.3,"standardDeviationSpeed":15.1,"travelTimeStandardDeviation":1.68,"sampleSize":2158,"normalizedSampleSize":0.6052,"averageTravelTime":2.48,"medianTravelTime":2.16,"travelTimeRatio":1.02,"speedPercentiles":[28,34,38,41,44,47,49,51,53,55,57,59,61,63,65,67,69,72,77]},{"timeSet":23,"dateRange":1,"harmonicAverageSpeed":54.6,"medianSpeed":61.0,"averageSpeed":60.6,"standardDeviationSpeed":17.5,"travelTimeStandardDeviation":0.84,"sampleSize":1354,"normalizedSampleSize":0.3797,"averageTravelTime":2.18,"medianTravelTime":1.95,"travelTimeRatio":0.89,"speedPercentiles":[31,37,41,45,48,51,54,57,59,61,64,66,68,70,72,76,79,82,88]},{"timeSet":24,"dateRange":1,"harmonicAverageSpeed":53.3,"medianSpeed":61.0,"averageSpeed":60.4,"standardDeviationSpeed":18.3,"travelTimeStandardDeviation":1.08,"sampleSize":1312,"normalizedSampleSize":0.3679,"averageTravelTime":2.23,"medianTravelTime":1.95,"travelTimeRatio":0.91,"speedPercentiles":[30,36,40,44,48,52,55,57,59,61,64,66,68,70,72,75,78,81,87]},{"timeSet":25,"dateRange":1,"harmonicAverageSpeed":51.0,"medianSpeed":59.0,"averageSpeed":58.5,"standardDeviationSpeed":18.5,"travelTimeStandardDeviation":1.18,"sampleSize":1322,"normalizedSampleSize":0.3707,"averageTravelTime":2.33,"medianTravelTime":2.01,"travelTimeRatio":0.95,"speedPercentiles":[30,35,38,42,45,48,51,54,57,59,61,64,66,69,71,74,77,81,86]}]}},{"type":"Feature","geometry":{"type":"LineString","coordinates":[[12.4712,41.93867],[12.47123,41.93852],[12.47125,41.93838]]},"properties":{"segmentId":13800007335857,"newSegmentId":"00004931-3600-0400-0000-0000014dcacb","speedLimit":50,"frc":3,"streetName":"Corso di Francia","distance":31.93,"segmentTimeResults":[{"timeSet":2,"dateRange":1,"harmonicAverageSpeed":55.3,"medianSpeed":61.0,"averageSpeed":61.5,"standardDeviationSpeed":16.8,"travelTimeStandardDeviation":1.21,"sampleSize":1658,"normalizedSampleSize":0.4649,"averageTravelTime":2.08,"medianTravelTime":1.88,"travelTimeRatio":1.0,"speedPercentiles":[34,40,45,48,51,53,56,57,59,61,63,66,68,70,73,75,78,82,88]},{"timeSet":3,"dateRange":1,"harmonicAverageSpeed":57.4,"medianSpeed":63.0,"averageSpeed":63.2,"standardDeviationSpeed":17.1,"travelTimeStandardDeviation":0.92,"sampleSize":1075,"normalizedSampleSize":0.3015,"averageTravelTime":2.0,"medianTravelTime":1.82,"travelTimeRatio":0.96,"speedPercentiles":[37,44,47,50,52,55,57,59,60,63,65,67,69,71,73,76,79,84,92]},{"timeSet":4,"dateRange":1,"harmonicAverageSpeed":56.3,"medianSpeed":66.0,"averageSpeed":67.0,"standardDeviationSpeed":18.6,"travelTimeStandardDeviation":3.96,"sampleSize":595,"normalizedSampleSize":0.1669,"averageTravelTime":2.04,"medianTravelTime":1.74,"travelTimeRatio":0.98,"speedPercentiles":[39,45,49,52,55,57,60,62,64,66,68,70,73,76,79,81,84,89,97]},{"timeSet":5,"dateRange":1,"harmonicAverageSpeed":60.7,"medianSpeed":66.0,"averageSpeed":66.7,"standardDeviationSpeed":18.5,"travelTimeStandardDeviation":0.86,"sampleSize":290,"normalizedSampleSize":0.0813,"averageTravelTime":1.89,"medianTravelTime":1.74,"travelTimeRatio":0.91,"speedPercentiles":[40,44,47,51,54,57,60,62,64,66,68,70,73,75,78,80,83,90,98]},{"timeSet":6,"dateRange":1,"harmonicAverageSpeed":62.3,"medianSpeed":68.0,"averageSpeed":68.4,"standardDeviationSpeed":18.8,"travelTimeStandardDeviation":0.72,"sampleSize":263,"normalizedSampleSize":0.0738,"averageTravelTime":1.85,"medianTravelTime":1.69,"travelTimeRatio":0.89,"speedPercentiles":[41,48,50,53,55,58,61,64,65,68,69,72,76,79,81,82,86,94,100]},{"timeSet":7,"dateRange":1,"harmonicAverageSpeed":58.2,"medianSpeed":69.0,"averageSpeed":67.1,"standardDeviationSpeed":18.1,"travelTimeStandardDeviation":1.47,"sampleSize":300,"normalizedSampleSize":0.0841,"averageTravelTime":1.97,"medianTravelTime":1.67,"travelTimeRatio":0.95,"speedPercentiles":[34,44,49,53,57,59,62,65,66,69,70,72,74,77,79,81,83,87,93]},{"timeSet":8,"dateRange":1,"harmonicAverageSpeed":59.1,"medianSpeed":66.0,"averageSpeed":65.9,"standardDeviationSpeed":19.0,"travelTimeStandardDeviation":0.79,"sampleSize":411,"normalizedSampleSize":0.1153,"averageTravelTime":1.94,"medianTravelTime":1.74,"travelTimeRatio":0.94,"speedPercentiles":[34,40,46,50,53,56,59,61,64,66,69,72,74,77,79,82,85,89,95]},{"timeSet":9,"dateRange":1,"harmonicAverageSpeed":60.8,"medianSpeed":68.0,"averageSpeed":65.7,"standardDeviationSpeed":15.7,"travelTimeStandardDeviation":0.68,"sampleSize":567,"normalizedSampleSize":0.159,"averageTravelTime":1.89,"medianTravelTime":1.69,"travelTimeRatio":0.91,"speedPercentiles":[38,44,49,54,56,59,61,63,66,68,69,71,73,74,76,78,81,84,89]},{"timeSet":10,"dateRange":1,"harmonicAverageSpeed":59.6,"medianSpeed":65.0,"averageSpeed":65.2,"standardDeviationSpeed":15.5,"travelTimeStandardDeviation":1.1,"sampleSize":934,"normalizedSampleSize":0.2619,"averageTravelTime":1.93,"medianTravelTime":1.77,"travelTimeRatio":0.93,"speedPercentiles":[38,46,50,53,56,59,61,63,64,65,67,69,71,72,75,77,80,85,90]},{"timeSet":11,"dateRange":1,"harmonicAverageSpeed":55.9,"medianSpeed":63.0,"averageSpeed":60.9,"standardDeviationSpeed":15.2,"travelTimeStandardDeviation":0.77,"sampleSize":1450,"normalizedSampleSize":0.4066,"averageTravelTime":2.06,"medianTravelTime":1.82,"travelTimeRatio":0.99,"speedPercentiles":[34,40,45,48,51,54,56,59,60,63,64,66,67,69,71,73,76,79,84]},{"timeSet":12,"dateRange":1,"harmonicAverageSpeed":54.1,"medianSpeed":60.0,"averageSpeed":58.7,"standardDeviationSpeed":14.6,"travelTimeStandardDeviation":0.8,"sampleSize":1834,"normalizedSampleSize":0.5143,"averageTravelTime":2.13,"medianTravelTime":1.92,"travelTimeRatio":1.02,"speedPercentiles":[33,39,44,47,50,53,54,56,58,60,61,63,65,66,68,70,73,76,81]},{"timeSet":13,"dateRange":1,"harmonicAverageSpeed":52.2,"medianSpeed":58.0,"averageSpeed":57.5,"standardDeviationSpeed":14.8,"travelTimeStandardDeviation":1.24,"sampleSize":1995,"normalizedSampleSize":0.5595,"averageTravelTime":2.2,"medianTravelTime":1.98,"travelTimeRatio":1.06,"speedPercentiles":[32,38,43,45,48,50,53,54,56,58,60,62,64,65,67,69,72,76,81]},{"timeSet":14,"dateRange":1,"harmonicAverageSpeed":52.2,"medianSpeed":57.0,"averageSpeed":56.9,"standardDeviationSpeed":14.7,"travelTimeStandardDeviation":0.82,"sampleSize":2468,"normalizedSampleSize":0.6921,"averageTravelTime":2.2,"medianTravelTime":2.02,"travelTimeRatio":1.06,"speedPercentiles":[32,38,42,45,48,50,52,54,55,57,59,61,63,65,67,69,72,75,80]},{"timeSet":15,"dateRange":1,"harmonicAverageSpeed":55.7,"medianSpeed":62.0,"averageSpeed":60.4,"standardDeviationSpeed":15.5,"travelTimeStandardDeviation":0.71,"sampleSize":2088,"normalizedSampleSize":0.5855,"averageTravelTime":2.07,"medianTravelTime":1.85,"travelTimeRatio":0.99,"speedPercentiles":[33,39,44,48,51,53,55,58,60,62,63,65,67,68,70,72,75,79,84]},{"timeSet":16,"dateRange":1,"harmonicAverageSpeed":57.8,"medianSpeed":63.0,"averageSpeed":62.2,"standardDeviationSpeed":14.3,"travelTimeStandardDeviation":0.95,"sampleSize":1647,"normalizedSampleSize":0.4619,"averageTravelTime":1.99,"medianTravelTime":1.82,"travelTimeRatio":0.96,"speedPercentiles":[38,43,47,51,53,55,57,59,61,63,65,67,68,70,72,74,77,80,84]},{"timeSet":17,"dateRange":1,"harmonicAverageSpeed":55.2,"medianSpeed":61.0,"averageSpeed":60.0,"standardDeviationSpeed":14.8,"travelTimeStandardDeviation":0.98,"sampleSize":2012,"normalizedSampleSize":0.5642,"averageTravelTime":2.08,"medianTravelTime":1.88,"travelTimeRatio":1.0,"speedPercentiles":[35,40,44,48,51,53,55,57,59,61,63,65,66,68,70,72,74,77,83]},{"timeSet":18,"dateRange":1,"harmonicAverageSpeed":52.7,"medianSpeed":57.0,"averageSpeed":56.9,"standardDeviationSpeed":14.1,"travelTimeStandardDeviation":0.77,"sampleSize":2131,"normalizedSampleSize":0.5976,"averageTravelTime":2.18,"medianTravelTime":2.02,"travelTimeRatio":1.05,"speedPercentiles":[33,39,43,46,48,50,52,54,55,57,59,60,62,64,66,68,70,74,79]},{"timeSet":19,"dateRange":1,"harmonicAverageSpeed":50.1,"medianSpeed":55.0,"averageSpeed":54.8,"standardDeviationSpeed":14.1,"travelTimeStandardDeviation":0.95,"sampleSize":2116,"normalizedSampleSize":0.5934,"averageTravelTime":2.29,"medianTravelTime":2.09,"travelTimeRatio":1.1,"speedPercentiles":[31,37,41,44,46,48,50,52,54,55,57,58,60,62,64,66,68,72,77]},{"timeSet":20,"dateRange":1,"harmonicAverageSpeed":51.3,"medianSpeed":57.0,"averageSpeed":56.1,"standardDeviationSpeed":14.1,"travelTimeStandardDeviation":1.04,"sampleSize":1974,"normalizedSampleSize":0.5536,"averageTravelTime":2.24,"medianTravelTime":2.02,"travelTimeRatio":1.08,"speedPercentiles":[32,39,43,45,47,49,51,53,55,57,58,60,61,63,65,67,69,72,79]},{"timeSet":21,"dateRange":1,"harmonicAverageSpeed":52.0,"medianSpeed":58.0,"averageSpeed":56.7,"standardDeviationSpeed":13.8,"travelTimeStandardDeviation":0.96,"sampleSize":1860,"normalizedSampleSize":0.5216,"averageTravelTime":2.21,"medianTravelTime":1.98,"travelTimeRatio":1.06,"speedPercentiles":[33,39,43,45,48,50,52,54,56,58,59,61,63,64,66,68,70,73,76]},{"timeSet":22,"dateRange":1,"harmonicAverageSpeed":51.0,"medianSpeed":58.0,"averageSpeed":56.7,"standardDeviationSpeed":14.4,"travelTimeStandardDeviation":1.58,"sampleSize":1933,"normalizedSampleSize":0.5421,"averageTravelTime":2.25,"medianTravelTime":1.98,"travelTimeRatio":1.08,"speedPercentiles":[32,38,42,45,48,50,52,54,56,58,59,61,63,64,66,68,71,73,79]},{"timeSet":23,"dateRange":1,"harmonicAverageSpeed":60.1,"medianSpeed":65.0,"averageSpeed":64.7,"standardDeviationSpeed":16.0,"travelTimeStandardDeviation":0.61,"sampleSize":1164,"normalizedSampleSize":0.3264,"averageTravelTime":1.91,"medianTravelTime":1.77,"travelTimeRatio":0.92,"speedPercentiles":[39,44,48,51,54,57,59,61,63,65,67,69,71,73,76,78,81,84,91]},{"timeSet":24,"dateRange":1,"harmonicAverageSpeed":59.4,"medianSpeed":65.0,"averageSpeed":64.5,"standardDeviationSpeed":16.6,"travelTimeStandardDeviation":0.69,"sampleSize":1113,"normalizedSampleSize":0.3121,"averageTravelTime":1.94,"medianTravelTime":1.77,"travelTimeRatio":0.93,"speedPercentiles":[37,43,47,51,55,56,59,61,63,65,67,69,70,73,75,77,80,83,90]},{"timeSet":25,"dateRange":1,"harmonicAverageSpeed":57.9,"medianSpeed":63.0,"averageSpeed":63.4,"standardDeviationSpeed":17.0,"travelTimeStandardDeviation":0.76,"sampleSize":1104,"normalizedSampleSize":0.3096,"averageTravelTime":1.99,"medianTravelTime":1.82,"travelTimeRatio":0.95,"speedPercentiles":[36,42,46,49,52,55,57,59,62,63,65,68,70,72,75,77,80,83,90]}]}},{"type":"Feature","geometry":{"type":"LineString","coordinates":[[12.47125,41.93838],[12.47128,41.93826]]},"properties":{"segmentId":13800006791423,"newSegmentId":"00004931-3600-0400-0000-0000034ee52d","speedLimit":50,"frc":3,"streetName":"Corso di Francia","distance":14.24,"segmentTimeResults":[{"timeSet":2,"dateRange":1,"harmonicAverageSpeed":52.4,"medianSpeed":59.0,"averageSpeed":59.1,"standardDeviationSpeed":17.9,"travelTimeStandardDeviation":0.45,"sampleSize":1971,"normalizedSampleSize":0.5527,"averageTravelTime":0.98,"medianTravelTime":0.87,"travelTimeRatio":1.0,"speedPercentiles":[29,36,40,44,47,50,52,55,57,59,61,63,66,69,71,74,77,82,88]},{"timeSet":3,"dateRange":1,"harmonicAverageSpeed":53.0,"medianSpeed":59.0,"averageSpeed":59.6,"standardDeviationSpeed":18.6,"travelTimeStandardDeviation":0.4,"sampleSize":1324,"normalizedSampleSize":0.3713,"averageTravelTime":0.97,"medianTravelTime":0.87,"travelTimeRatio":0.99,"speedPercentiles":[29,36,41,44,47,50,53,55,57,59,61,64,66,69,71,74,78,82,90]},{"timeSet":4,"dateRange":1,"harmonicAverageSpeed":52.9,"medianSpeed":60.0,"averageSpeed":60.3,"standardDeviationSpeed":20.4,"travelTimeStandardDeviation":0.4,"sampleSize":840,"normalizedSampleSize":0.2356,"averageTravelTime":0.97,"medianTravelTime":0.85,"travelTimeRatio":0.99,"speedPercentiles":[29,33,38,42,46,49,52,54,56,60,62,64,68,70,74,78,81,86,95]},{"timeSet":5,"dateRange":1,"harmonicAverageSpeed":52.7,"medianSpeed":60.0,"averageSpeed":60.4,"standardDeviationSpeed":20.7,"travelTimeStandardDeviation":0.42,"sampleSize":420,"normalizedSampleSize":0.1178,"averageTravelTime":0.97,"medianTravelTime":0.85,"travelTimeRatio":0.99,"speedPercentiles":[29,34,38,43,46,49,51,54,57,60,62,65,68,71,74,78,81,86,95]},{"timeSet":6,"dateRange":1,"harmonicAverageSpeed":50.8,"medianSpeed":59.0,"averageSpeed":59.8,"standardDeviationSpeed":21.6,"travelTimeStandardDeviation":0.49,"sampleSize":398,"normalizedSampleSize":0.1116,"averageTravelTime":1.01,"medianTravelTime":0.87,"travelTimeRatio":1.03,"speedPercentiles":[27,31,35,40,44,48,50,53,56,59,62,65,68,70,75,79,82,87,97]},{"timeSet":7,"dateRange":1,"harmonicAverageSpeed":54.0,"medianSpeed":65.0,"averageSpeed":63.5,"standardDeviationSpeed":20.0,"travelTimeStandardDeviation":0.64,"sampleSize":364,"normalizedSampleSize":0.1021,"averageTravelTime":0.95,"medianTravelTime":0.79,"travelTimeRatio":0.97,"speedPercentiles":[28,34,41,48,51,54,58,60,63,65,68,70,72,74,77,80,82,87,93]},{"timeSet":8,"dateRange":1,"harmonicAverageSpeed":58.4,"medianSpeed":66.0,"averageSpeed":65.1,"standardDeviationSpeed":19.2,"travelTimeStandardDeviation":0.35,"sampleSize":438,"normalizedSampleSize":0.1228,"averageTravelTime":0.88,"medianTravelTime":0.78,"travelTimeRatio":0.9,"speedPercentiles":[32,40,45,49,52,54,57,60,63,66,68,71,73,76,79,82,84,89,96]},{"timeSet":9,"dateRange":1,"harmonicAverageSpeed":59.1,"medianSpeed":67.0,"averageSpeed":64.7,"standardDeviationSpeed":16.7,"travelTimeStandardDeviation":0.33,"sampleSize":615,"normalizedSampleSize":0.1725,"averageTravelTime":0.87,"medianTravelTime":0.77,"travelTimeRatio":0.89,"speedPercentiles":[33,42,46,51,55,58,59,61,64,67,68,70,73,75,76,78,81,84,89]},{"timeSet":10,"dateRange":1,"harmonicAverageSpeed":57.0,"medianSpeed":64.0,"averageSpeed":62.9,"standardDeviationSpeed":16.9,"travelTimeStandardDeviation":0.37,"sampleSize":1067,"normalizedSampleSize":0.2992,"averageTravelTime":0.9,"medianTravelTime":0.8,"travelTimeRatio":0.92,"speedPercentiles":[33,39,45,49,52,56,58,60,62,64,66,68,70,71,74,76,79,84,90]},{"timeSet":11,"dateRange":1,"harmonicAverageSpeed":51.4,"medianSpeed":59.0,"averageSpeed":57.5,"standardDeviationSpeed":16.7,"travelTimeStandardDeviation":0.41,"sampleSize":1769,"normalizedSampleSize":0.4961,"averageTravelTime":1.0,"medianTravelTime":0.87,"travelTimeRatio":1.02,"speedPercentiles":[28,34,38,42,46,49,52,55,57,59,61,63,65,67,69,71,74,78,83]},{"timeSet":12,"dateRange":1,"harmonicAverageSpeed":50.0,"medianSpeed":57.0,"averageSpeed":55.8,"standardDeviationSpeed":15.9,"travelTimeStandardDeviation":0.44,"sampleSize":2267,"normalizedSampleSize":0.6357,"averageTravelTime":1.03,"medianTravelTime":0.9,"travelTimeRatio":1.05,"speedPercentiles":[28,34,38,42,45,49,51,53,55,57,59,61,62,64,66,68,71,74,80]},{"timeSet":13,"dateRange":1,"harmonicAverageSpeed":48.9,"medianSpeed":55.0,"averageSpeed":54.8,"standardDeviationSpeed":15.8,"travelTimeStandardDeviation":0.53,"sampleSize":2518,"normalizedSampleSize":0.7061,"averageTravelTime":1.05,"medianTravelTime":0.93,"travelTimeRatio":1.07,"speedPercentiles":[28,34,37,41,44,47,49,51,53,55,57,59,61,63,66,68,71,74,80]},{"timeSet":14,"dateRange":1,"harmonicAverageSpeed":49.0,"medianSpeed":55.0,"averageSpeed":54.6,"standardDeviationSpeed":15.6,"travelTimeStandardDeviation":0.49,"sampleSize":3052,"normalizedSampleSize":0.8559,"averageTravelTime":1.05,"medianTravelTime":0.93,"travelTimeRatio":1.07,"speedPercentiles":[28,34,38,41,44,47,49,51,53,55,57,59,61,63,66,68,70,74,79]},{"timeSet":15,"dateRange":1,"harmonicAverageSpeed":51.2,"medianSpeed":58.0,"averageSpeed":57.1,"standardDeviationSpeed":17.1,"travelTimeStandardDeviation":0.39,"sampleSize":2636,"normalizedSampleSize":0.7392,"averageTravelTime":1.0,"medianTravelTime":0.88,"travelTimeRatio":1.02,"speedPercentiles":[28,33,38,41,45,48,51,54,56,58,60,62,64,66,68,71,74,77,83]},{"timeSet":16,"dateRange":1,"harmonicAverageSpeed":53.1,"medianSpeed":60.0,"averageSpeed":59.1,"standardDeviationSpeed":16.4,"travelTimeStandardDeviation":0.49,"sampleSize":2017,"normalizedSampleSize":0.5656,"averageTravelTime":0.97,"medianTravelTime":0.85,"travelTimeRatio":0.99,"speedPercentiles":[31,37,41,45,48,51,54,55,58,60,62,64,67,69,71,73,75,79,84]},{"timeSet":17,"dateRange":1,"harmonicAverageSpeed":51.1,"medianSpeed":58.0,"averageSpeed":57.2,"standardDeviationSpeed":16.3,"travelTimeStandardDeviation":0.5,"sampleSize":2459,"normalizedSampleSize":0.6896,"averageTravelTime":1.0,"medianTravelTime":0.88,"travelTimeRatio":1.02,"speedPercentiles":[29,35,39,43,46,49,52,54,56,58,60,62,64,67,68,71,73,76,83]},{"timeSet":18,"dateRange":1,"harmonicAverageSpeed":48.9,"medianSpeed":55.0,"averageSpeed":54.2,"standardDeviationSpeed":15.3,"travelTimeStandardDeviation":0.43,"sampleSize":2654,"normalizedSampleSize":0.7443,"averageTravelTime":1.05,"medianTravelTime":0.93,"travelTimeRatio":1.07,"speedPercentiles":[28,33,37,41,44,47,49,51,53,55,57,59,60,62,64,66,69,72,78]},{"timeSet":19,"dateRange":1,"harmonicAverageSpeed":45.9,"medianSpeed":52.0,"averageSpeed":51.5,"standardDeviationSpeed":15.1,"travelTimeStandardDeviation":0.49,"sampleSize":2833,"normalizedSampleSize":0.7944,"averageTravelTime":1.12,"medianTravelTime":0.99,"travelTimeRatio":1.14,"speedPercentiles":[27,31,35,39,41,44,46,48,50,52,54,56,57,59,62,64,66,70,75]},{"timeSet":20,"dateRange":1,"harmonicAverageSpeed":47.2,"medianSpeed":54.0,"averageSpeed":52.8,"standardDeviationSpeed":15.4,"travelTimeStandardDeviation":0.48,"sampleSize":2588,"normalizedSampleSize":0.7257,"averageTravelTime":1.09,"medianTravelTime":0.95,"travelTimeRatio":1.11,"speedPercentiles":[27,32,36,40,42,45,48,50,52,54,55,57,59,61,63,65,68,71,77]},{"timeSet":21,"dateRange":1,"harmonicAverageSpeed":47.8,"medianSpeed":54.0,"averageSpeed":53.5,"standardDeviationSpeed":15.0,"travelTimeStandardDeviation":0.52,"sampleSize":2396,"normalizedSampleSize":0.6719,"averageTravelTime":1.07,"medianTravelTime":0.95,"travelTimeRatio":1.1,"speedPercentiles":[28,33,37,41,44,46,48,51,53,54,57,58,60,62,64,66,69,71,75]},{"timeSet":22,"dateRange":1,"harmonicAverageSpeed":47.7,"medianSpeed":55.0,"averageSpeed":54.1,"standardDeviationSpeed":15.4,"travelTimeStandardDeviation":0.76,"sampleSize":2410,"normalizedSampleSize":0.6758,"averageTravelTime":1.08,"medianTravelTime":0.93,"travelTimeRatio":1.1,"speedPercentiles":[28,34,37,41,44,46,49,51,53,55,57,58,61,63,65,67,70,72,78]},{"timeSet":23,"dateRange":1,"harmonicAverageSpeed":54.4,"medianSpeed":61.0,"averageSpeed":60.8,"standardDeviationSpeed":18.2,"travelTimeStandardDeviation":0.39,"sampleSize":1467,"normalizedSampleSize":0.4114,"averageTravelTime":0.94,"medianTravelTime":0.84,"travelTimeRatio":0.96,"speedPercentiles":[31,37,41,45,48,51,53,56,58,61,63,66,68,71,74,76,80,84,89]},{"timeSet":24,"dateRange":1,"harmonicAverageSpeed":54.4,"medianSpeed":62.0,"averageSpeed":61.0,"standardDeviationSpeed":18.3,"travelTimeStandardDeviation":0.4,"sampleSize":1339,"normalizedSampleSize":0.3755,"averageTravelTime":0.94,"medianTravelTime":0.83,"travelTimeRatio":0.96,"speedPercentiles":[31,36,41,45,48,52,55,57,59,62,64,66,68,71,73,76,79,82,89]},{"timeSet":25,"dateRange":1,"harmonicAverageSpeed":53.1,"medianSpeed":60.0,"averageSpeed":60.2,"standardDeviationSpeed":18.6,"travelTimeStandardDeviation":0.45,"sampleSize":1314,"normalizedSampleSize":0.3685,"averageTravelTime":0.97,"medianTravelTime":0.85,"travelTimeRatio":0.99,"speedPercentiles":[29,36,41,44,48,51,54,56,58,60,63,65,68,70,73,75,79,82,90]}]}},{"type":"Feature","geometry":{"type":"LineString","coordinates":[[12.47128,41.93826],[12.47133,41.93787]]},"properties":{"segmentId":13800010858649,"newSegmentId":"96d528b6-412b-4a08-93ee-785b912e3ec3","speedLimit":50,"frc":3,"streetName":"Corso di Francia","distance":43.51,"segmentTimeResults":[{"timeSet":2,"dateRange":1,"harmonicAverageSpeed":54.7,"medianSpeed":60.0,"averageSpeed":60.7,"standardDeviationSpeed":17.2,"travelTimeStandardDeviation":1.23,"sampleSize":1974,"normalizedSampleSize":0.5536,"averageTravelTime":2.87,"medianTravelTime":2.61,"travelTimeRatio":1.0,"speedPercentiles":[33,40,44,47,49,52,54,56,58,60,62,65,67,69,72,75,78,82,89]},{"timeSet":3,"dateRange":1,"harmonicAverageSpeed":55.6,"medianSpeed":60.0,"averageSpeed":61.2,"standardDeviationSpeed":17.9,"travelTimeStandardDeviation":1.0,"sampleSize":1325,"normalizedSampleSize":0.3716,"averageTravelTime":2.82,"medianTravelTime":2.61,"travelTimeRatio":0.98,"speedPercentiles":[34,39,44,46,49,51,54,56,58,60,62,65,67,69,72,75,79,84,91]},{"timeSet":4,"dateRange":1,"harmonicAverageSpeed":56.3,"medianSpeed":60.0,"averageSpeed":62.2,"standardDeviationSpeed":19.1,"travelTimeStandardDeviation":0.95,"sampleSize":842,"normalizedSampleSize":0.2361,"averageTravelTime":2.78,"medianTravelTime":2.61,"travelTimeRatio":0.97,"speedPercentiles":[36,39,42,46,48,51,53,55,58,60,63,65,69,71,75,78,82,87,95]},{"timeSet":5,"dateRange":1,"harmonicAverageSpeed":56.7,"medianSpeed":61.0,"averageSpeed":62.6,"standardDeviationSpeed":19.0,"travelTimeStandardDeviation":0.97,"sampleSize":421,"normalizedSampleSize":0.1181,"averageTravelTime":2.76,"medianTravelTime":2.57,"travelTimeRatio":0.96,"speedPercentiles":[37,42,45,47,49,51,53,56,58,61,63,66,68,71,74,78,81,86,96]},{"timeSet":6,"dateRange":1,"harmonicAverageSpeed":54.4,"medianSpeed":60.0,"averageSpeed":61.7,"standardDeviationSpeed":20.1,"travelTimeStandardDeviation":1.25,"sampleSize":399,"normalizedSampleSize":0.1119,"averageTravelTime":2.88,"medianTravelTime":2.61,"travelTimeRatio":1.0,"speedPercentiles":[31,36,41,44,48,50,53,55,58,60,63,66,69,72,75,80,83,88,99]},{"timeSet":7,"dateRange":1,"harmonicAverageSpeed":55.8,"medianSpeed":67.0,"averageSpeed":64.7,"standardDeviationSpeed":19.1,"travelTimeStandardDeviation":1.97,"sampleSize":365,"normalizedSampleSize":0.1024,"averageTravelTime":2.81,"medianTravelTime":2.34,"travelTimeRatio":0.98,"speedPercentiles":[34,40,45,49,52,55,58,61,63,67,69,70,72,75,77,80,83,87,94]},{"timeSet":8,"dateRange":1,"harmonicAverageSpeed":56.2,"medianSpeed":66.0,"averageSpeed":65.8,"standardDeviationSpeed":19.2,"travelTimeStandardDeviation":2.1,"sampleSize":437,"normalizedSampleSize":0.1225,"averageTravelTime":2.79,"medianTravelTime":2.37,"travelTimeRatio":0.97,"speedPercentiles":[33,43,47,51,53,56,58,61,64,66,68,71,74,76,79,82,85,90,96]},{"timeSet":9,"dateRange":1,"harmonicAverageSpeed":59.6,"medianSpeed":67.0,"averageSpeed":65.5,"standardDeviationSpeed":16.3,"travelTimeStandardDeviation":1.28,"sampleSize":614,"normalizedSampleSize":0.1722,"averageTravelTime":2.63,"medianTravelTime":2.34,"travelTimeRatio":0.92,"speedPercentiles":[38,44,48,52,55,58,60,62,65,67,68,70,73,75,77,78,81,85,90]},{"timeSet":10,"dateRange":1,"harmonicAverageSpeed":58.3,"medianSpeed":64.0,"averageSpeed":64.0,"standardDeviationSpeed":16.3,"travelTimeStandardDeviation":1.24,"sampleSize":1064,"normalizedSampleSize":0.2984,"averageTravelTime":2.69,"medianTravelTime":2.45,"travelTimeRatio":0.94,"speedPercentiles":[36,42,48,51,53,57,59,61,63,64,66,68,70,72,75,76,79,84,90]},{"timeSet":11,"dateRange":1,"harmonicAverageSpeed":51.4,"medianSpeed":60.0,"averageSpeed":58.7,"standardDeviationSpeed":16.2,"travelTimeStandardDeviation":3.38,"sampleSize":1771,"normalizedSampleSize":0.4966,"averageTravelTime":3.05,"medianTravelTime":2.61,"travelTimeRatio":1.06,"speedPercentiles":[31,37,41,45,48,50,53,56,58,60,62,64,66,68,70,72,75,78,83]},{"timeSet":12,"dateRange":1,"harmonicAverageSpeed":51.6,"medianSpeed":58.0,"averageSpeed":57.1,"standardDeviationSpeed":15.2,"travelTimeStandardDeviation":1.43,"sampleSize":2264,"normalizedSampleSize":0.6349,"averageTravelTime":3.03,"medianTravelTime":2.7,"travelTimeRatio":1.06,"speedPercentiles":[31,37,41,44,47,50,52,54,56,58,60,62,63,65,67,69,72,75,81]},{"timeSet":13,"dateRange":1,"harmonicAverageSpeed":50.8,"medianSpeed":56.0,"averageSpeed":56.0,"standardDeviationSpeed":15.0,"travelTimeStandardDeviation":1.53,"sampleSize":2519,"normalizedSampleSize":0.7064,"averageTravelTime":3.09,"medianTravelTime":2.8,"travelTimeRatio":1.08,"speedPercentiles":[31,36,40,44,46,48,50,52,54,56,58,60,62,64,66,69,71,74,80]},{"timeSet":14,"dateRange":1,"harmonicAverageSpeed":50.5,"medianSpeed":56.0,"averageSpeed":55.9,"standardDeviationSpeed":14.9,"travelTimeStandardDeviation":1.69,"sampleSize":3052,"normalizedSampleSize":0.8559,"averageTravelTime":3.1,"medianTravelTime":2.8,"travelTimeRatio":1.08,"speedPercentiles":[30,37,41,44,46,48,50,52,54,56,58,60,62,64,66,68,71,74,80]},{"timeSet":15,"dateRange":1,"harmonicAverageSpeed":52.4,"medianSpeed":59.0,"averageSpeed":58.7,"standardDeviationSpeed":16.6,"travelTimeStandardDeviation":1.59,"sampleSize":2633,"normalizedSampleSize":0.7384,"averageTravelTime":2.99,"medianTravelTime":2.65,"travelTimeRatio":1.04,"speedPercentiles":[31,38,41,45,48,50,53,55,57,59,61,63,65,67,69,72,75,78,85]},{"timeSet":16,"dateRange":1,"harmonicAverageSpeed":54.7,"medianSpeed":61.0,"averageSpeed":60.4,"standardDeviationSpeed":15.7,"travelTimeStandardDeviation":1.59,"sampleSize":2014,"normalizedSampleSize":0.5648,"averageTravelTime":2.87,"medianTravelTime":2.57,"travelTimeRatio":1.0,"speedPercentiles":[34,40,44,47,50,52,54,57,59,61,63,65,67,69,71,74,76,80,84]},{"timeSet":17,"dateRange":1,"harmonicAverageSpeed":51.3,"medianSpeed":59.0,"averageSpeed":58.3,"standardDeviationSpeed":15.7,"travelTimeStandardDeviation":2.13,"sampleSize":2456,"normalizedSampleSize":0.6887,"averageTravelTime":3.05,"medianTravelTime":2.65,"travelTimeRatio":1.06,"speedPercentiles":[32,38,42,45,48,51,53,55,57,59,61,63,65,67,69,71,74,77,83]},{"timeSet":18,"dateRange":1,"harmonicAverageSpeed":50.6,"medianSpeed":56.0,"averageSpeed":55.6,"standardDeviationSpeed":14.7,"travelTimeStandardDeviation":1.35,"sampleSize":2655,"normalizedSampleSize":0.7445,"averageTravelTime":3.1,"medianTravelTime":2.8,"travelTimeRatio":1.08,"speedPercentiles":[31,36,41,44,46,49,51,52,54,56,58,59,61,63,65,67,70,73,78]},{"timeSet":19,"dateRange":1,"harmonicAverageSpeed":47.9,"medianSpeed":53.0,"averageSpeed":53.1,"standardDeviationSpeed":14.5,"travelTimeStandardDeviation":1.49,"sampleSize":2833,"normalizedSampleSize":0.7944,"averageTravelTime":3.27,"medianTravelTime":2.96,"travelTimeRatio":1.14,"speedPercentiles":[29,34,39,41,44,46,48,50,52,53,55,57,59,60,62,64,67,70,76]},{"timeSet":20,"dateRange":1,"harmonicAverageSpeed":48.8,"medianSpeed":55.0,"averageSpeed":54.4,"standardDeviationSpeed":14.8,"travelTimeStandardDeviation":1.71,"sampleSize":2586,"normalizedSampleSize":0.7252,"averageTravelTime":3.21,"medianTravelTime":2.85,"travelTimeRatio":1.12,"speedPercentiles":[29,36,40,43,45,47,49,51,53,55,57,58,60,62,64,66,68,72,77]},{"timeSet":21,"dateRange":1,"harmonicAverageSpeed":49.8,"medianSpeed":55.0,"averageSpeed":54.9,"standardDeviationSpeed":14.2,"travelTimeStandardDeviation":1.5,"sampleSize":2398,"normalizedSampleSize":0.6725,"averageTravelTime":3.15,"medianTravelTime":2.85,"travelTimeRatio":1.1,"speedPercentiles":[31,37,40,43,46,48,50,52,54,55,57,59,61,63,65,67,69,72,76]},{"timeSet":22,"dateRange":1,"harmonicAverageSpeed":49.7,"medianSpeed":56.0,"averageSpeed":55.5,"standardDeviationSpeed":14.9,"travelTimeStandardDeviation":2.07,"sampleSize":2409,"normalizedSampleSize":0.6755,"averageTravelTime":3.15,"medianTravelTime":2.8,"travelTimeRatio":1.1,"speedPercentiles":[30,36,40,43,46,48,50,52,54,56,58,60,62,64,66,68,70,73,79]},{"timeSet":23,"dateRange":1,"harmonicAverageSpeed":55.6,"medianSpeed":62.0,"averageSpeed":62.0,"standardDeviationSpeed":17.6,"travelTimeStandardDeviation":1.41,"sampleSize":1468,"normalizedSampleSize":0.4117,"averageTravelTime":2.82,"medianTravelTime":2.53,"travelTimeRatio":0.98,"speedPercentiles":[34,41,44,46,49,52,55,57,59,62,64,67,69,71,74,77,80,84,90]},{"timeSet":24,"dateRange":1,"harmonicAverageSpeed":55.5,"medianSpeed":62.0,"averageSpeed":61.9,"standardDeviationSpeed":17.6,"travelTimeStandardDeviation":1.55,"sampleSize":1341,"normalizedSampleSize":0.3761,"averageTravelTime":2.82,"medianTravelTime":2.53,"travelTimeRatio":0.98,"speedPercentiles":[34,39,43,47,49,53,55,58,60,62,64,66,69,71,73,76,79,83,90]},{"timeSet":25,"dateRange":1,"harmonicAverageSpeed":54.2,"medianSpeed":61.0,"averageSpeed":61.4,"standardDeviationSpeed":18.0,"travelTimeStandardDeviation":1.75,"sampleSize":1310,"normalizedSampleSize":0.3674,"averageTravelTime":2.89,"medianTravelTime":2.57,"travelTimeRatio":1.01,"speedPercentiles":[33,39,43,46,49,52,55,57,59,61,64,66,68,71,74,76,79,83,90]}]}},{"type":"Feature","geometry":{"type":"LineString","coordinates":[[12.47133,41.93787],[12.47136,41.93762],[12.47142,41.93726]]},"properties":{"segmentId":13800010858648,"newSegmentId":"920fde67-d40d-41a5-b78b-24b9b51df6b3","speedLimit":50,"frc":3,"streetName":"Corso di Francia","distance":68.03,"segmentTimeResults":[{"timeSet":2,"dateRange":1,"harmonicAverageSpeed":57.2,"medianSpeed":62.0,"averageSpeed":62.8,"standardDeviationSpeed":17.1,"travelTimeStandardDeviation":1.65,"sampleSize":1984,"normalizedSampleSize":0.5564,"averageTravelTime":4.28,"medianTravelTime":3.95,"travelTimeRatio":1.0,"speedPercentiles":[35,43,46,50,52,54,56,58,60,62,64,66,69,71,74,77,80,84,91]},{"timeSet":3,"dateRange":1,"harmonicAverageSpeed":58.3,"medianSpeed":62.0,"averageSpeed":63.3,"standardDeviationSpeed":17.4,"travelTimeStandardDeviation":1.38,"sampleSize":1333,"normalizedSampleSize":0.3738,"averageTravelTime":4.2,"medianTravelTime":3.95,"travelTimeRatio":0.98,"speedPercentiles":[37,43,46,50,52,54,56,58,60,62,64,66,69,71,73,76,80,85,92]},{"timeSet":4,"dateRange":1,"harmonicAverageSpeed":58.9,"medianSpeed":62.0,"averageSpeed":64.5,"standardDeviationSpeed":18.7,"travelTimeStandardDeviation":1.42,"sampleSize":846,"normalizedSampleSize":0.2372,"averageTravelTime":4.16,"medianTravelTime":3.95,"travelTimeRatio":0.97,"speedPercentiles":[38,44,46,49,52,53,55,58,60,62,65,67,70,73,77,80,84,89,97]},{"timeSet":5,"dateRange":1,"harmonicAverageSpeed":60.2,"medianSpeed":62.0,"averageSpeed":65.0,"standardDeviationSpeed":18.0,"travelTimeStandardDeviation":1.2,"sampleSize":420,"normalizedSampleSize":0.1178,"averageTravelTime":4.07,"medianTravelTime":3.95,"travelTimeRatio":0.95,"speedPercentiles":[38,44,48,50,53,55,57,59,61,62,65,67,70,72,76,79,82,87,96]},{"timeSet":6,"dateRange":1,"harmonicAverageSpeed":58.9,"medianSpeed":64.0,"averageSpeed":65.1,"standardDeviationSpeed":19.3,"travelTimeStandardDeviation":1.54,"sampleSize":400,"normalizedSampleSize":0.1122,"averageTravelTime":4.16,"medianTravelTime":3.83,"travelTimeRatio":0.97,"speedPercentiles":[35,42,46,50,52,54,56,58,60,64,66,69,71,73,78,81,84,90,101]},{"timeSet":7,"dateRange":1,"harmonicAverageSpeed":58.8,"medianSpeed":68.0,"averageSpeed":66.8,"standardDeviationSpeed":18.7,"travelTimeStandardDeviation":2.74,"sampleSize":367,"normalizedSampleSize":0.1029,"averageTravelTime":4.16,"medianTravelTime":3.6,"travelTimeRatio":0.97,"speedPercentiles":[35,42,49,52,54,57,60,62,65,68,70,72,74,76,79,83,85,89,97]},{"timeSet":8,"dateRange":1,"harmonicAverageSpeed":61.3,"medianSpeed":67.0,"averageSpeed":67.7,"standardDeviationSpeed":18.6,"travelTimeStandardDeviation":1.58,"sampleSize":442,"normalizedSampleSize":0.1239,"averageTravelTime":4.0,"medianTravelTime":3.66,"travelTimeRatio":0.93,"speedPercentiles":[36,44,49,53,56,58,61,63,65,67,71,74,75,78,80,83,86,90,97]},{"timeSet":9,"dateRange":1,"harmonicAverageSpeed":62.5,"medianSpeed":68.0,"averageSpeed":67.2,"standardDeviationSpeed":15.7,"travelTimeStandardDeviation":1.32,"sampleSize":613,"normalizedSampleSize":0.1719,"averageTravelTime":3.92,"medianTravelTime":3.6,"travelTimeRatio":0.92,"speedPercentiles":[40,46,52,55,58,59,62,64,67,68,70,72,74,76,78,80,81,86,91]},{"timeSet":10,"dateRange":1,"harmonicAverageSpeed":60.9,"medianSpeed":65.0,"averageSpeed":65.7,"standardDeviationSpeed":15.7,"travelTimeStandardDeviation":1.53,"sampleSize":1066,"normalizedSampleSize":0.2989,"averageTravelTime":4.02,"medianTravelTime":3.77,"travelTimeRatio":0.94,"speedPercentiles":[39,46,50,53,56,59,61,63,64,65,67,69,71,74,76,78,81,86,92]},{"timeSet":11,"dateRange":1,"harmonicAverageSpeed":55.6,"medianSpeed":61.0,"averageSpeed":60.6,"standardDeviationSpeed":15.7,"travelTimeStandardDeviation":1.58,"sampleSize":1772,"normalizedSampleSize":0.4969,"averageTravelTime":4.41,"medianTravelTime":4.01,"travelTimeRatio":1.03,"speedPercentiles":[33,39,44,48,51,53,55,57,59,61,63,65,67,69,71,73,76,79,85]},{"timeSet":12,"dateRange":1,"harmonicAverageSpeed":54.3,"medianSpeed":59.0,"averageSpeed":58.8,"standardDeviationSpeed":14.8,"travelTimeStandardDeviation":1.6,"sampleSize":2269,"normalizedSampleSize":0.6363,"averageTravelTime":4.51,"medianTravelTime":4.15,"travelTimeRatio":1.05,"speedPercentiles":[33,39,44,47,50,52,54,56,58,59,61,63,65,67,68,70,73,77,82]},{"timeSet":13,"dateRange":1,"harmonicAverageSpeed":53.4,"medianSpeed":58.0,"averageSpeed":58.0,"standardDeviationSpeed":14.7,"travelTimeStandardDeviation":1.75,"sampleSize":2520,"normalizedSampleSize":0.7067,"averageTravelTime":4.59,"medianTravelTime":4.22,"travelTimeRatio":1.07,"speedPercentiles":[33,39,43,46,49,50,52,54,56,58,60,62,64,66,68,70,73,76,81]},{"timeSet":14,"dateRange":1,"harmonicAverageSpeed":52.9,"medianSpeed":58.0,"averageSpeed":57.7,"standardDeviationSpeed":14.9,"travelTimeStandardDeviation":1.82,"sampleSize":3060,"normalizedSampleSize":0.8581,"averageTravelTime":4.63,"medianTravelTime":4.22,"travelTimeRatio":1.08,"speedPercentiles":[32,39,43,46,48,51,52,54,56,58,60,61,64,66,68,70,73,76,81]},{"timeSet":15,"dateRange":1,"harmonicAverageSpeed":56.0,"medianSpeed":61.0,"averageSpeed":60.8,"standardDeviationSpeed":16.0,"travelTimeStandardDeviation":1.48,"sampleSize":2639,"normalizedSampleSize":0.74,"averageTravelTime":4.37,"medianTravelTime":4.01,"travelTimeRatio":1.02,"speedPercentiles":[34,40,45,48,51,53,55,57,59,61,63,65,67,69,71,73,76,79,87]},{"timeSet":16,"dateRange":1,"harmonicAverageSpeed":57.3,"medianSpeed":62.0,"averageSpeed":62.2,"standardDeviationSpeed":15.2,"travelTimeStandardDeviation":2.06,"sampleSize":2020,"normalizedSampleSize":0.5665,"averageTravelTime":4.27,"medianTravelTime":3.95,"travelTimeRatio":1.0,"speedPercentiles":[36,43,46,50,52,54,56,58,60,62,64,67,69,71,73,75,78,81,86]},{"timeSet":17,"dateRange":1,"harmonicAverageSpeed":55.7,"medianSpeed":60.0,"averageSpeed":60.2,"standardDeviationSpeed":15.1,"travelTimeStandardDeviation":1.49,"sampleSize":2468,"normalizedSampleSize":0.6921,"averageTravelTime":4.4,"medianTravelTime":4.08,"travelTimeRatio":1.03,"speedPercentiles":[35,40,45,48,50,53,55,57,59,60,62,64,66,68,71,73,75,79,84]},{"timeSet":18,"dateRange":1,"harmonicAverageSpeed":52.9,"medianSpeed":58.0,"averageSpeed":57.4,"standardDeviationSpeed":14.7,"travelTimeStandardDeviation":1.67,"sampleSize":2658,"normalizedSampleSize":0.7454,"averageTravelTime":4.63,"medianTravelTime":4.22,"travelTimeRatio":1.08,"speedPercentiles":[32,38,43,46,49,51,52,54,56,58,59,61,63,64,67,69,71,74,80]},{"timeSet":19,"dateRange":1,"harmonicAverageSpeed":50.7,"medianSpeed":55.0,"averageSpeed":55.1,"standardDeviationSpeed":14.1,"travelTimeStandardDeviation":1.83,"sampleSize":2842,"normalizedSampleSize":0.797,"averageTravelTime":4.84,"medianTravelTime":4.45,"travelTimeRatio":1.13,"speedPercentiles":[31,37,41,44,47,49,51,52,54,55,57,58,60,62,64,66,69,72,78]},{"timeSet":20,"dateRange":1,"harmonicAverageSpeed":52.0,"medianSpeed":57.0,"averageSpeed":56.4,"standardDeviationSpeed":14.3,"travelTimeStandardDeviation":1.71,"sampleSize":2587,"normalizedSampleSize":0.7255,"averageTravelTime":4.71,"medianTravelTime":4.3,"travelTimeRatio":1.1,"speedPercentiles":[32,38,43,46,48,50,51,53,55,57,58,60,62,63,65,67,70,74,79]},{"timeSet":21,"dateRange":1,"harmonicAverageSpeed":52.7,"medianSpeed":58.0,"averageSpeed":57.1,"standardDeviationSpeed":14.0,"travelTimeStandardDeviation":1.86,"sampleSize":2392,"normalizedSampleSize":0.6708,"averageTravelTime":4.65,"medianTravelTime":4.22,"travelTimeRatio":1.09,"speedPercentiles":[33,39,43,46,48,50,52,54,56,58,60,61,63,65,66,69,71,74,79]},{"timeSet":22,"dateRange":1,"harmonicAverageSpeed":53.0,"medianSpeed":58.0,"averageSpeed":57.5,"standardDeviationSpeed":14.5,"travelTimeStandardDeviation":1.66,"sampleSize":2416,"normalizedSampleSize":0.6775,"averageTravelTime":4.62,"medianTravelTime":4.22,"travelTimeRatio":1.08,"speedPercentiles":[33,39,43,46,48,51,53,54,56,58,60,61,63,66,67,69,72,75,81]},{"timeSet":23,"dateRange":1,"harmonicAverageSpeed":58.3,"medianSpeed":64.0,"averageSpeed":64.1,"standardDeviationSpeed":17.1,"travelTimeStandardDeviation":2.64,"sampleSize":1473,"normalizedSampleSize":0.4131,"averageTravelTime":4.2,"medianTravelTime":3.83,"travelTimeRatio":0.98,"speedPercentiles":[37,43,47,50,52,55,57,59,61,64,66,68,70,73,76,78,82,86,92]},{"timeSet":24,"dateRange":1,"harmonicAverageSpeed":58.6,"medianSpeed":64.0,"averageSpeed":63.7,"standardDeviationSpeed":17.0,"travelTimeStandardDeviation":1.38,"sampleSize":1348,"normalizedSampleSize":0.378,"averageTravelTime":4.18,"medianTravelTime":3.83,"travelTimeRatio":0.98,"speedPercentiles":[36,41,46,50,53,55,57,59,61,64,66,68,71,72,75,78,81,84,91]},{"timeSet":25,"dateRange":1,"harmonicAverageSpeed":57.2,"medianSpeed":63.0,"averageSpeed":63.3,"standardDeviationSpeed":17.6,"travelTimeStandardDeviation":2.71,"sampleSize":1312,"normalizedSampleSize":0.3679,"averageTravelTime":4.29,"medianTravelTime":3.89,"travelTimeRatio":1.0,"speedPercentiles":[35,41,46,48,52,54,56,58,61,63,65,67,70,72,75,78,81,85,93]}]}},{"type":"Feature","geometry":{"type":"LineString","coordinates":[[12.47142,41.93726],[12.47143,41.93719],[12.47146,41.93706]]},"properties":{"segmentId":13800006791425,"newSegmentId":"00004931-3600-0400-0000-0000034cdc26","speedLimit":50,"frc":3,"streetName":"Corso di Francia","distance":21.75,"segmentTimeResults":[{"timeSet":2,"dateRange":1,"harmonicAverageSpeed":56.6,"medianSpeed":63.0,"averageSpeed":64.3,"standardDeviationSpeed":17.1,"travelTimeStandardDeviation":2.49,"sampleSize":1998,"normalizedSampleSize":0.5603,"averageTravelTime":1.38,"medianTravelTime":1.24,"travelTimeRatio":1.0,"speedPercentiles":[36,44,48,51,53,56,57,60,62,63,66,68,70,72,75,78,81,86,93]},{"timeSet":3,"dateRange":1,"harmonicAverageSpeed":59.9,"medianSpeed":64.0,"averageSpeed":64.8,"standardDeviationSpeed":17.3,"travelTimeStandardDeviation":0.42,"sampleSize":1345,"normalizedSampleSize":0.3772,"averageTravelTime":1.31,"medianTravelTime":1.22,"travelTimeRatio":0.95,"speedPercentiles":[40,44,48,51,53,56,57,59,61,64,66,68,70,73,75,77,81,85,94]},{"timeSet":4,"dateRange":1,"harmonicAverageSpeed":61.4,"medianSpeed":64.0,"averageSpeed":66.5,"standardDeviationSpeed":18.3,"travelTimeStandardDeviation":0.4,"sampleSize":853,"normalizedSampleSize":0.2392,"averageTravelTime":1.28,"medianTravelTime":1.22,"travelTimeRatio":0.92,"speedPercentiles":[41,45,49,52,55,56,58,60,62,64,66,69,71,75,78,81,86,90,97]},{"timeSet":5,"dateRange":1,"harmonicAverageSpeed":62.8,"medianSpeed":66.0,"averageSpeed":67.2,"standardDeviationSpeed":17.8,"travelTimeStandardDeviation":0.34,"sampleSize":424,"normalizedSampleSize":0.1189,"averageTravelTime":1.25,"medianTravelTime":1.19,"travelTimeRatio":0.9,"speedPercentiles":[43,46,50,53,55,57,59,61,63,66,67,69,72,74,77,80,84,88,100]},{"timeSet":6,"dateRange":1,"harmonicAverageSpeed":62.2,"medianSpeed":66.0,"averageSpeed":68.1,"standardDeviationSpeed":19.1,"travelTimeStandardDeviation":0.45,"sampleSize":401,"normalizedSampleSize":0.1125,"averageTravelTime":1.26,"medianTravelTime":1.19,"travelTimeRatio":0.91,"speedPercentiles":[41,46,51,53,56,58,60,62,64,66,69,70,72,76,79,83,86,94,103]},{"timeSet":7,"dateRange":1,"harmonicAverageSpeed":61.7,"medianSpeed":69.0,"averageSpeed":68.8,"standardDeviationSpeed":18.1,"travelTimeStandardDeviation":0.82,"sampleSize":370,"normalizedSampleSize":0.1038,"averageTravelTime":1.27,"medianTravelTime":1.13,"travelTimeRatio":0.92,"speedPercentiles":[40,47,52,53,56,59,62,64,66,69,72,74,76,78,81,83,87,92,98]},{"timeSet":8,"dateRange":1,"harmonicAverageSpeed":63.0,"medianSpeed":69.0,"averageSpeed":68.9,"standardDeviationSpeed":18.4,"travelTimeStandardDeviation":0.45,"sampleSize":442,"normalizedSampleSize":0.1239,"averageTravelTime":1.24,"medianTravelTime":1.13,"travelTimeRatio":0.9,"speedPercentiles":[38,45,50,54,57,60,62,65,67,69,72,74,76,79,81,83,87,91,98]},{"timeSet":9,"dateRange":1,"harmonicAverageSpeed":63.9,"medianSpeed":69.0,"averageSpeed":68.4,"standardDeviationSpeed":15.7,"travelTimeStandardDeviation":0.4,"sampleSize":614,"normalizedSampleSize":0.1722,"averageTravelTime":1.23,"medianTravelTime":1.13,"travelTimeRatio":0.89,"speedPercentiles":[41,48,53,56,59,61,63,66,68,69,71,73,75,77,78,80,83,87,93]},{"timeSet":10,"dateRange":1,"harmonicAverageSpeed":62.4,"medianSpeed":66.0,"averageSpeed":67.0,"standardDeviationSpeed":15.5,"travelTimeStandardDeviation":0.46,"sampleSize":1072,"normalizedSampleSize":0.3006,"averageTravelTime":1.25,"medianTravelTime":1.19,"travelTimeRatio":0.91,"speedPercentiles":[42,48,52,55,58,60,61,63,65,66,68,70,73,75,77,79,82,86,92]},{"timeSet":11,"dateRange":1,"harmonicAverageSpeed":57.5,"medianSpeed":62.0,"averageSpeed":62.1,"standardDeviationSpeed":15.3,"travelTimeStandardDeviation":0.46,"sampleSize":1779,"normalizedSampleSize":0.4989,"averageTravelTime":1.36,"medianTravelTime":1.26,"travelTimeRatio":0.99,"speedPercentiles":[36,42,46,50,53,55,57,59,61,62,64,66,68,70,72,74,78,81,86]},{"timeSet":12,"dateRange":1,"harmonicAverageSpeed":56.0,"medianSpeed":60.0,"averageSpeed":60.2,"standardDeviationSpeed":14.5,"travelTimeStandardDeviation":0.47,"sampleSize":2277,"normalizedSampleSize":0.6385,"averageTravelTime":1.4,"medianTravelTime":1.3,"travelTimeRatio":1.01,"speedPercentiles":[35,41,46,49,51,54,55,57,59,60,62,64,66,68,69,72,74,78,83]},{"timeSet":13,"dateRange":1,"harmonicAverageSpeed":55.1,"medianSpeed":59.0,"averageSpeed":59.4,"standardDeviationSpeed":14.5,"travelTimeStandardDeviation":0.49,"sampleSize":2528,"normalizedSampleSize":0.7089,"averageTravelTime":1.42,"medianTravelTime":1.33,"travelTimeRatio":1.03,"speedPercentiles":[36,41,45,48,50,52,54,56,58,59,61,63,65,67,69,71,74,77,83]},{"timeSet":14,"dateRange":1,"harmonicAverageSpeed":54.5,"medianSpeed":59.0,"averageSpeed":59.2,"standardDeviationSpeed":14.9,"travelTimeStandardDeviation":0.54,"sampleSize":3076,"normalizedSampleSize":0.8626,"averageTravelTime":1.44,"medianTravelTime":1.33,"travelTimeRatio":1.04,"speedPercentiles":[34,41,44,47,50,52,54,56,57,59,61,63,65,67,69,71,74,77,83]},{"timeSet":15,"dateRange":1,"harmonicAverageSpeed":58.1,"medianSpeed":63.0,"averageSpeed":62.6,"standardDeviationSpeed":15.7,"travelTimeStandardDeviation":0.43,"sampleSize":2639,"normalizedSampleSize":0.74,"averageTravelTime":1.35,"medianTravelTime":1.24,"travelTimeRatio":0.98,"speedPercentiles":[36,42,47,50,53,55,57,59,61,63,65,66,68,70,72,75,77,81,88]},{"timeSet":16,"dateRange":1,"harmonicAverageSpeed":59.2,"medianSpeed":64.0,"averageSpeed":63.6,"standardDeviationSpeed":14.9,"travelTimeStandardDeviation":0.59,"sampleSize":2031,"normalizedSampleSize":0.5695,"averageTravelTime":1.32,"medianTravelTime":1.22,"travelTimeRatio":0.96,"speedPercentiles":[39,44,48,52,54,56,58,60,62,64,66,68,70,71,74,76,79,82,87]},{"timeSet":17,"dateRange":1,"harmonicAverageSpeed":57.3,"medianSpeed":62.0,"averageSpeed":61.6,"standardDeviationSpeed":15.0,"travelTimeStandardDeviation":0.44,"sampleSize":2482,"normalizedSampleSize":0.696,"averageTravelTime":1.37,"medianTravelTime":1.26,"travelTimeRatio":0.99,"speedPercentiles":[37,42,46,49,52,54,56,58,60,62,64,66,68,70,72,74,76,80,85]},{"timeSet":18,"dateRange":1,"harmonicAverageSpeed":54.6,"medianSpeed":59.0,"averageSpeed":58.8,"standardDeviationSpeed":14.6,"travelTimeStandardDeviation":0.48,"sampleSize":2672,"normalizedSampleSize":0.7493,"averageTravelTime":1.43,"medianTravelTime":1.33,"travelTimeRatio":1.04,"speedPercentiles":[35,41,44,48,50,52,54,55,57,59,60,62,64,66,68,70,73,76,82]},{"timeSet":19,"dateRange":1,"harmonicAverageSpeed":52.5,"medianSpeed":57.0,"averageSpeed":56.7,"standardDeviationSpeed":14.1,"travelTimeStandardDeviation":0.54,"sampleSize":2851,"normalizedSampleSize":0.7995,"averageTravelTime":1.49,"medianTravelTime":1.37,"travelTimeRatio":1.08,"speedPercentiles":[33,39,43,46,48,50,52,54,55,57,58,60,61,63,65,68,70,74,79]},{"timeSet":20,"dateRange":1,"harmonicAverageSpeed":53.7,"medianSpeed":58.0,"averageSpeed":58.0,"standardDeviationSpeed":14.1,"travelTimeStandardDeviation":0.81,"sampleSize":2595,"normalizedSampleSize":0.7277,"averageTravelTime":1.46,"medianTravelTime":1.35,"travelTimeRatio":1.05,"speedPercentiles":[36,41,45,47,49,51,53,54,56,58,59,61,63,65,67,69,71,75,81]},{"timeSet":21,"dateRange":1,"harmonicAverageSpeed":54.2,"medianSpeed":59.0,"averageSpeed":58.6,"standardDeviationSpeed":14.1,"travelTimeStandardDeviation":0.57,"sampleSize":2408,"normalizedSampleSize":0.6753,"averageTravelTime":1.45,"medianTravelTime":1.33,"travelTimeRatio":1.05,"speedPercentiles":[35,41,44,47,49,52,54,56,58,59,61,62,64,66,68,70,72,76,80]},{"timeSet":22,"dateRange":1,"harmonicAverageSpeed":54.7,"medianSpeed":59.0,"averageSpeed":59.0,"standardDeviationSpeed":14.5,"travelTimeStandardDeviation":0.48,"sampleSize":2426,"normalizedSampleSize":0.6803,"averageTravelTime":1.43,"medianTravelTime":1.33,"travelTimeRatio":1.03,"speedPercentiles":[35,40,44,47,50,52,54,56,57,59,61,63,65,67,68,70,73,77,82]},{"timeSet":23,"dateRange":1,"harmonicAverageSpeed":61.0,"medianSpeed":65.0,"averageSpeed":65.7,"standardDeviationSpeed":16.6,"travelTimeStandardDeviation":0.4,"sampleSize":1479,"normalizedSampleSize":0.4148,"averageTravelTime":1.28,"medianTravelTime":1.2,"travelTimeRatio":0.93,"speedPercentiles":[40,45,49,52,54,57,59,61,63,65,67,69,71,74,76,79,83,87,93]},{"timeSet":24,"dateRange":1,"harmonicAverageSpeed":60.7,"medianSpeed":64.0,"averageSpeed":65.2,"standardDeviationSpeed":16.5,"travelTimeStandardDeviation":0.39,"sampleSize":1350,"normalizedSampleSize":0.3786,"averageTravelTime":1.29,"medianTravelTime":1.22,"travelTimeRatio":0.93,"speedPercentiles":[39,44,48,52,55,57,58,60,62,64,67,69,72,74,76,79,81,85,92]},{"timeSet":25,"dateRange":1,"harmonicAverageSpeed":60.0,"medianSpeed":63.0,"averageSpeed":65.0,"standardDeviationSpeed":17.2,"travelTimeStandardDeviation":0.42,"sampleSize":1312,"normalizedSampleSize":0.3679,"averageTravelTime":1.3,"medianTravelTime":1.24,"travelTimeRatio":0.94,"speedPercentiles":[39,44,48,51,53,56,58,60,62,63,66,68,71,74,77,79,82,87,96]}]}},{"type":"Feature","geometry":{"type":"LineString","coordinates":[[12.47146,41.93706],[12.47154,41.93655]]},"properties":{"segmentId":13800012255659,"newSegmentId":"def90518-8a88-4393-8fd4-371987c35d5c","speedLimit":50,"frc":3,"streetName":"Ponte Flaminio","distance":57.36,"segmentTimeResults":[{"timeSet":2,"dateRange":1,"harmonicAverageSpeed":59.6,"medianSpeed":65.0,"averageSpeed":65.4,"standardDeviationSpeed":17.2,"travelTimeStandardDeviation":1.55,"sampleSize":2003,"normalizedSampleSize":0.5617,"averageTravelTime":3.46,"medianTravelTime":3.18,"travelTimeRatio":1.0,"speedPercentiles":[38,45,49,52,55,57,59,61,63,65,67,69,71,73,76,79,82,87,95]},{"timeSet":3,"dateRange":1,"harmonicAverageSpeed":61.0,"medianSpeed":65.0,"averageSpeed":66.0,"standardDeviationSpeed":17.5,"travelTimeStandardDeviation":1.11,"sampleSize":1346,"normalizedSampleSize":0.3775,"averageTravelTime":3.38,"medianTravelTime":3.18,"travelTimeRatio":0.98,"speedPercentiles":[41,45,49,52,55,57,58,60,63,65,67,69,71,74,76,79,82,87,95]},{"timeSet":4,"dateRange":1,"harmonicAverageSpeed":61.1,"medianSpeed":65.0,"averageSpeed":67.7,"standardDeviationSpeed":18.5,"travelTimeStandardDeviation":2.8,"sampleSize":859,"normalizedSampleSize":0.2409,"averageTravelTime":3.38,"medianTravelTime":3.18,"travelTimeRatio":0.98,"speedPercentiles":[41,46,51,53,56,57,59,62,64,65,67,70,73,76,79,82,86,92,99]},{"timeSet":5,"dateRange":1,"harmonicAverageSpeed":64.2,"medianSpeed":67.0,"averageSpeed":68.7,"standardDeviationSpeed":17.9,"travelTimeStandardDeviation":0.87,"sampleSize":425,"normalizedSampleSize":0.1192,"averageTravelTime":3.21,"medianTravelTime":3.08,"travelTimeRatio":0.93,"speedPercentiles":[44,47,51,54,56,59,61,63,66,67,70,71,74,76,78,81,85,89,101]},{"timeSet":6,"dateRange":1,"harmonicAverageSpeed":63.9,"medianSpeed":68.0,"averageSpeed":69.7,"standardDeviationSpeed":18.8,"travelTimeStandardDeviation":1.18,"sampleSize":403,"normalizedSampleSize":0.113,"averageTravelTime":3.23,"medianTravelTime":3.04,"travelTimeRatio":0.93,"speedPercentiles":[42,49,53,56,58,61,63,64,66,68,70,72,74,77,80,83,88,95,104]},{"timeSet":7,"dateRange":1,"harmonicAverageSpeed":63.8,"medianSpeed":71.0,"averageSpeed":69.9,"standardDeviationSpeed":18.1,"travelTimeStandardDeviation":1.31,"sampleSize":370,"normalizedSampleSize":0.1038,"averageTravelTime":3.24,"medianTravelTime":2.91,"travelTimeRatio":0.93,"speedPercentiles":[40,48,52,54,58,60,63,64,68,71,74,75,77,80,83,85,88,93,98]},{"timeSet":8,"dateRange":1,"harmonicAverageSpeed":63.9,"medianSpeed":71.0,"averageSpeed":69.9,"standardDeviationSpeed":18.6,"travelTimeStandardDeviation":1.17,"sampleSize":442,"normalizedSampleSize":0.1239,"averageTravelTime":3.23,"medianTravelTime":2.91,"travelTimeRatio":0.93,"speedPercentiles":[38,45,51,54,58,61,64,66,68,71,73,75,77,80,83,84,88,92,99]},{"timeSet":9,"dateRange":1,"harmonicAverageSpeed":64.4,"medianSpeed":70.0,"averageSpeed":69.1,"standardDeviationSpeed":15.8,"travelTimeStandardDeviation":1.05,"sampleSize":615,"normalizedSampleSize":0.1725,"averageTravelTime":3.2,"medianTravelTime":2.95,"travelTimeRatio":0.92,"speedPercentiles":[41,48,54,58,60,62,64,67,68,70,72,74,75,77,79,81,84,87,93]},{"timeSet":10,"dateRange":1,"harmonicAverageSpeed":63.8,"medianSpeed":68.0,"averageSpeed":68.1,"standardDeviationSpeed":15.3,"travelTimeStandardDeviation":1.06,"sampleSize":1073,"normalizedSampleSize":0.3009,"averageTravelTime":3.24,"medianTravelTime":3.04,"travelTimeRatio":0.93,"speedPercentiles":[44,50,54,56,59,61,62,64,66,68,70,72,74,76,78,80,83,87,94]},{"timeSet":11,"dateRange":1,"harmonicAverageSpeed":58.5,"medianSpeed":63.0,"averageSpeed":63.1,"standardDeviationSpeed":15.3,"travelTimeStandardDeviation":1.19,"sampleSize":1775,"normalizedSampleSize":0.4978,"averageTravelTime":3.53,"medianTravelTime":3.28,"travelTimeRatio":1.02,"speedPercentiles":[36,43,48,52,54,56,58,60,62,63,65,67,69,71,73,75,78,82,87]},{"timeSet":12,"dateRange":1,"harmonicAverageSpeed":56.8,"medianSpeed":61.0,"averageSpeed":61.1,"standardDeviationSpeed":14.5,"travelTimeStandardDeviation":1.22,"sampleSize":2279,"normalizedSampleSize":0.6391,"averageTravelTime":3.63,"medianTravelTime":3.39,"travelTimeRatio":1.05,"speedPercentiles":[37,42,47,50,52,54,57,58,60,61,63,64,67,68,70,73,75,79,85]},{"timeSet":13,"dateRange":1,"harmonicAverageSpeed":56.0,"medianSpeed":60.0,"averageSpeed":60.3,"standardDeviationSpeed":14.6,"travelTimeStandardDeviation":1.28,"sampleSize":2525,"normalizedSampleSize":0.7081,"averageTravelTime":3.69,"medianTravelTime":3.44,"travelTimeRatio":1.06,"speedPercentiles":[36,42,46,49,51,53,55,57,58,60,62,64,66,68,70,72,75,78,84]},{"timeSet":14,"dateRange":1,"harmonicAverageSpeed":55.3,"medianSpeed":60.0,"averageSpeed":60.0,"standardDeviationSpeed":14.9,"travelTimeStandardDeviation":1.4,"sampleSize":3073,"normalizedSampleSize":0.8617,"averageTravelTime":3.73,"medianTravelTime":3.44,"travelTimeRatio":1.08,"speedPercentiles":[34,41,46,48,51,53,55,56,58,60,62,64,66,68,70,72,75,78,84]},{"timeSet":15,"dateRange":1,"harmonicAverageSpeed":59.1,"medianSpeed":64.0,"averageSpeed":63.7,"standardDeviationSpeed":15.9,"travelTimeStandardDeviation":1.14,"sampleSize":2636,"normalizedSampleSize":0.7392,"averageTravelTime":3.5,"medianTravelTime":3.23,"travelTimeRatio":1.01,"speedPercentiles":[36,43,48,52,54,57,59,60,62,64,66,68,69,71,73,76,79,82,89]},{"timeSet":16,"dateRange":1,"harmonicAverageSpeed":60.5,"medianSpeed":64.0,"averageSpeed":64.5,"standardDeviationSpeed":15.0,"travelTimeStandardDeviation":1.02,"sampleSize":2028,"normalizedSampleSize":0.5687,"averageTravelTime":3.41,"medianTravelTime":3.23,"travelTimeRatio":0.99,"speedPercentiles":[39,45,50,53,55,57,59,61,63,64,66,68,70,72,75,77,80,83,89]},{"timeSet":17,"dateRange":1,"harmonicAverageSpeed":58.1,"medianSpeed":62.0,"averageSpeed":62.4,"standardDeviationSpeed":15.1,"travelTimeStandardDeviation":1.13,"sampleSize":2476,"normalizedSampleSize":0.6943,"averageTravelTime":3.56,"medianTravelTime":3.33,"travelTimeRatio":1.03,"speedPercentiles":[37,43,47,50,53,55,57,59,61,62,64,66,68,71,73,75,77,81,86]},{"timeSet":18,"dateRange":1,"harmonicAverageSpeed":55.4,"medianSpeed":60.0,"averageSpeed":59.6,"standardDeviationSpeed":14.8,"travelTimeStandardDeviation":1.22,"sampleSize":2672,"normalizedSampleSize":0.7493,"averageTravelTime":3.73,"medianTravelTime":3.44,"travelTimeRatio":1.08,"speedPercentiles":[35,42,45,48,51,53,54,56,58,60,61,63,64,66,68,71,74,77,83]},{"timeSet":19,"dateRange":1,"harmonicAverageSpeed":53.2,"medianSpeed":57.0,"averageSpeed":57.4,"standardDeviationSpeed":14.3,"travelTimeStandardDeviation":1.39,"sampleSize":2851,"normalizedSampleSize":0.7995,"averageTravelTime":3.88,"medianTravelTime":3.62,"travelTimeRatio":1.12,"speedPercentiles":[33,40,43,46,49,51,52,54,56,57,59,61,62,64,66,68,71,75,80]},{"timeSet":20,"dateRange":1,"harmonicAverageSpeed":54.8,"medianSpeed":58.0,"averageSpeed":58.7,"standardDeviationSpeed":14.1,"travelTimeStandardDeviation":1.19,"sampleSize":2601,"normalizedSampleSize":0.7294,"averageTravelTime":3.77,"medianTravelTime":3.56,"travelTimeRatio":1.09,"speedPercentiles":[36,42,45,48,50,52,54,55,57,58,60,62,63,65,67,69,72,76,81]},{"timeSet":21,"dateRange":1,"harmonicAverageSpeed":54.9,"medianSpeed":60.0,"averageSpeed":59.3,"standardDeviationSpeed":14.3,"travelTimeStandardDeviation":1.44,"sampleSize":2404,"normalizedSampleSize":0.6741,"averageTravelTime":3.76,"medianTravelTime":3.44,"travelTimeRatio":1.09,"speedPercentiles":[35,41,45,48,50,53,55,56,58,60,62,63,65,66,68,70,73,77,81]},{"timeSet":22,"dateRange":1,"harmonicAverageSpeed":55.4,"medianSpeed":60.0,"averageSpeed":59.8,"standardDeviationSpeed":14.7,"travelTimeStandardDeviation":1.27,"sampleSize":2425,"normalizedSampleSize":0.68,"averageTravelTime":3.73,"medianTravelTime":3.44,"travelTimeRatio":1.08,"speedPercentiles":[35,41,45,48,51,53,55,57,58,60,62,63,65,68,69,71,74,77,83]},{"timeSet":23,"dateRange":1,"harmonicAverageSpeed":62.1,"medianSpeed":66.0,"averageSpeed":66.7,"standardDeviationSpeed":16.5,"travelTimeStandardDeviation":1.05,"sampleSize":1483,"normalizedSampleSize":0.4159,"averageTravelTime":3.33,"medianTravelTime":3.13,"travelTimeRatio":0.96,"speedPercentiles":[41,46,50,53,56,58,60,62,64,66,68,70,72,75,77,80,83,87,95]},{"timeSet":24,"dateRange":1,"harmonicAverageSpeed":61.7,"medianSpeed":65.0,"averageSpeed":66.1,"standardDeviationSpeed":16.3,"travelTimeStandardDeviation":0.99,"sampleSize":1350,"normalizedSampleSize":0.3786,"averageTravelTime":3.35,"medianTravelTime":3.18,"travelTimeRatio":0.97,"speedPercentiles":[39,45,50,53,56,57,59,61,63,65,67,70,73,75,77,80,82,86,93]},{"timeSet":25,"dateRange":1,"harmonicAverageSpeed":60.9,"medianSpeed":64.0,"averageSpeed":65.9,"standardDeviationSpeed":17.3,"travelTimeStandardDeviation":1.13,"sampleSize":1315,"normalizedSampleSize":0.3688,"averageTravelTime":3.39,"medianTravelTime":3.23,"travelTimeRatio":0.98,"speedPercentiles":[39,45,49,52,55,56,59,61,62,64,66,69,72,75,77,80,83,88,96]}]}},{"type":"Feature","geometry":{"type":"LineString","coordinates":[[12.47154,41.93655],[12.4716,41.93622]]},"properties":{"segmentId":13800012543275,"newSegmentId":"b2498001-42bb-44e5-a9f5-493299fc9863","speedLimit":50,"frc":3,"streetName":"Ponte Flaminio","distance":37.23,"segmentTimeResults":[{"timeSet":2,"dateRange":1,"harmonicAverageSpeed":59.2,"medianSpeed":66.0,"averageSpeed":66.4,"standardDeviationSpeed":17.2,"travelTimeStandardDeviation":3.11,"sampleSize":2021,"normalizedSampleSize":0.5667,"averageTravelTime":2.26,"medianTravelTime":2.03,"travelTimeRatio":1.0,"speedPercentiles":[39,45,50,53,56,58,60,62,64,66,68,70,72,75,77,80,83,88,96]},{"timeSet":3,"dateRange":1,"harmonicAverageSpeed":62.0,"medianSpeed":66.0,"averageSpeed":67.0,"standardDeviationSpeed":17.6,"travelTimeStandardDeviation":0.71,"sampleSize":1359,"normalizedSampleSize":0.3811,"averageTravelTime":2.16,"medianTravelTime":2.03,"travelTimeRatio":0.95,"speedPercentiles":[41,45,50,53,56,58,60,62,64,66,68,71,72,75,77,80,83,88,96]},{"timeSet":4,"dateRange":1,"harmonicAverageSpeed":63.9,"medianSpeed":67.0,"averageSpeed":69.1,"standardDeviationSpeed":18.6,"travelTimeStandardDeviation":0.68,"sampleSize":862,"normalizedSampleSize":0.2417,"averageTravelTime":2.1,"medianTravelTime":2.0,"travelTimeRatio":0.93,"speedPercentiles":[41,46,52,55,57,59,61,63,65,67,70,72,75,78,81,84,87,92,100]},{"timeSet":5,"dateRange":1,"harmonicAverageSpeed":65.7,"medianSpeed":70.0,"averageSpeed":70.2,"standardDeviationSpeed":18.3,"travelTimeStandardDeviation":0.55,"sampleSize":435,"normalizedSampleSize":0.122,"averageTravelTime":2.04,"medianTravelTime":1.91,"travelTimeRatio":0.9,"speedPercentiles":[44,48,52,55,58,60,62,65,67,70,72,73,75,78,80,83,87,92,100]},{"timeSet":6,"dateRange":1,"harmonicAverageSpeed":65.7,"medianSpeed":70.0,"averageSpeed":71.5,"standardDeviationSpeed":18.7,"travelTimeStandardDeviation":0.74,"sampleSize":408,"normalizedSampleSize":0.1144,"averageTravelTime":2.04,"medianTravelTime":1.91,"travelTimeRatio":0.9,"speedPercentiles":[43,50,54,57,61,63,65,66,68,70,72,73,76,78,81,85,89,97,104]},{"timeSet":7,"dateRange":1,"harmonicAverageSpeed":66.3,"medianSpeed":73.0,"averageSpeed":71.4,"standardDeviationSpeed":17.7,"travelTimeStandardDeviation":0.63,"sampleSize":372,"normalizedSampleSize":0.1043,"averageTravelTime":2.02,"medianTravelTime":1.84,"travelTimeRatio":0.89,"speedPercentiles":[42,49,52,56,59,62,64,67,70,73,74,76,78,81,84,87,89,93,100]},{"timeSet":8,"dateRange":1,"harmonicAverageSpeed":64.7,"medianSpeed":71.0,"averageSpeed":70.9,"standardDeviationSpeed":19.0,"travelTimeStandardDeviation":0.76,"sampleSize":446,"normalizedSampleSize":0.1251,"averageTravelTime":2.07,"medianTravelTime":1.89,"travelTimeRatio":0.92,"speedPercentiles":[39,46,51,55,59,62,65,67,69,71,74,76,78,81,84,85,89,94,103]},{"timeSet":9,"dateRange":1,"harmonicAverageSpeed":65.4,"medianSpeed":71.0,"averageSpeed":70.0,"standardDeviationSpeed":15.9,"travelTimeStandardDeviation":0.67,"sampleSize":617,"normalizedSampleSize":0.173,"averageTravelTime":2.05,"medianTravelTime":1.89,"travelTimeRatio":0.91,"speedPercentiles":[41,48,54,58,61,64,66,67,69,71,73,75,77,78,80,82,84,88,94]},{"timeSet":10,"dateRange":1,"harmonicAverageSpeed":64.9,"medianSpeed":69.0,"averageSpeed":69.2,"standardDeviationSpeed":15.6,"travelTimeStandardDeviation":0.66,"sampleSize":1072,"normalizedSampleSize":0.3006,"averageTravelTime":2.06,"medianTravelTime":1.94,"travelTimeRatio":0.91,"speedPercentiles":[44,51,54,57,59,62,63,65,67,69,71,73,75,77,79,82,84,89,95]},{"timeSet":11,"dateRange":1,"harmonicAverageSpeed":59.4,"medianSpeed":64.0,"averageSpeed":64.1,"standardDeviationSpeed":15.6,"travelTimeStandardDeviation":0.77,"sampleSize":1786,"normalizedSampleSize":0.5008,"averageTravelTime":2.26,"medianTravelTime":2.09,"travelTimeRatio":1.0,"speedPercentiles":[36,43,48,53,55,57,59,61,62,64,67,68,70,72,74,77,80,83,89]},{"timeSet":12,"dateRange":1,"harmonicAverageSpeed":57.3,"medianSpeed":62.0,"averageSpeed":61.8,"standardDeviationSpeed":14.8,"travelTimeStandardDeviation":0.82,"sampleSize":2287,"normalizedSampleSize":0.6413,"averageTravelTime":2.34,"medianTravelTime":2.16,"travelTimeRatio":1.03,"speedPercentiles":[36,43,47,51,53,55,57,59,61,62,64,65,67,69,71,74,76,80,85]},{"timeSet":13,"dateRange":1,"harmonicAverageSpeed":56.7,"medianSpeed":61.0,"averageSpeed":61.1,"standardDeviationSpeed":14.8,"travelTimeStandardDeviation":0.83,"sampleSize":2539,"normalizedSampleSize":0.712,"averageTravelTime":2.37,"medianTravelTime":2.2,"travelTimeRatio":1.05,"speedPercentiles":[36,42,46,49,52,54,56,57,59,61,63,65,67,69,71,73,76,79,85]},{"timeSet":14,"dateRange":1,"harmonicAverageSpeed":56.1,"medianSpeed":61.0,"averageSpeed":60.9,"standardDeviationSpeed":15.1,"travelTimeStandardDeviation":0.92,"sampleSize":3088,"normalizedSampleSize":0.866,"averageTravelTime":2.39,"medianTravelTime":2.2,"travelTimeRatio":1.06,"speedPercentiles":[36,42,46,49,52,54,56,57,59,61,63,65,67,69,71,73,76,79,85]},{"timeSet":15,"dateRange":1,"harmonicAverageSpeed":59.9,"medianSpeed":65.0,"averageSpeed":64.6,"standardDeviationSpeed":16.1,"travelTimeStandardDeviation":0.73,"sampleSize":2645,"normalizedSampleSize":0.7417,"averageTravelTime":2.24,"medianTravelTime":2.06,"travelTimeRatio":0.99,"speedPercentiles":[37,44,49,52,55,57,59,61,63,65,67,69,71,72,75,77,79,83,90]},{"timeSet":16,"dateRange":1,"harmonicAverageSpeed":61.3,"medianSpeed":65.0,"averageSpeed":65.4,"standardDeviationSpeed":15.3,"travelTimeStandardDeviation":0.65,"sampleSize":2036,"normalizedSampleSize":0.5709,"averageTravelTime":2.19,"medianTravelTime":2.06,"travelTimeRatio":0.97,"speedPercentiles":[40,46,50,53,55,58,60,62,64,65,67,70,71,73,76,78,81,84,90]},{"timeSet":17,"dateRange":1,"harmonicAverageSpeed":58.8,"medianSpeed":63.0,"averageSpeed":63.1,"standardDeviationSpeed":15.3,"travelTimeStandardDeviation":0.71,"sampleSize":2490,"normalizedSampleSize":0.6983,"averageTravelTime":2.28,"medianTravelTime":2.13,"travelTimeRatio":1.01,"speedPercentiles":[37,43,47,50,53,56,58,60,62,63,65,67,69,71,73,76,78,81,87]},{"timeSet":18,"dateRange":1,"harmonicAverageSpeed":56.1,"medianSpeed":60.0,"averageSpeed":60.3,"standardDeviationSpeed":15.0,"travelTimeStandardDeviation":0.79,"sampleSize":2689,"normalizedSampleSize":0.7541,"averageTravelTime":2.39,"medianTravelTime":2.23,"travelTimeRatio":1.06,"speedPercentiles":[36,42,46,49,51,53,55,57,59,60,62,64,65,67,69,72,74,78,84]},{"timeSet":19,"dateRange":1,"harmonicAverageSpeed":53.5,"medianSpeed":58.0,"averageSpeed":57.9,"standardDeviationSpeed":14.7,"travelTimeStandardDeviation":0.9,"sampleSize":2867,"normalizedSampleSize":0.804,"averageTravelTime":2.5,"medianTravelTime":2.31,"travelTimeRatio":1.11,"speedPercentiles":[34,40,43,46,49,51,52,54,56,58,59,61,63,65,67,69,72,76,82]},{"timeSet":20,"dateRange":1,"harmonicAverageSpeed":55.3,"medianSpeed":59.0,"averageSpeed":59.1,"standardDeviationSpeed":14.2,"travelTimeStandardDeviation":0.75,"sampleSize":2603,"normalizedSampleSize":0.7299,"averageTravelTime":2.42,"medianTravelTime":2.27,"travelTimeRatio":1.07,"speedPercentiles":[36,42,45,48,50,52,54,56,57,59,60,62,64,65,68,70,72,76,83]},{"timeSet":21,"dateRange":1,"harmonicAverageSpeed":55.6,"medianSpeed":61.0,"averageSpeed":60.0,"standardDeviationSpeed":14.5,"travelTimeStandardDeviation":0.89,"sampleSize":2416,"normalizedSampleSize":0.6775,"averageTravelTime":2.41,"medianTravelTime":2.2,"travelTimeRatio":1.06,"speedPercentiles":[35,41,45,48,51,53,55,57,59,61,62,64,65,67,69,71,74,78,82]},{"timeSet":22,"dateRange":1,"harmonicAverageSpeed":56.1,"medianSpeed":60.0,"averageSpeed":60.4,"standardDeviationSpeed":14.8,"travelTimeStandardDeviation":0.78,"sampleSize":2438,"normalizedSampleSize":0.6837,"averageTravelTime":2.39,"medianTravelTime":2.23,"travelTimeRatio":1.06,"speedPercentiles":[35,41,45,48,51,53,55,57,59,60,62,64,66,68,70,72,75,78,84]},{"timeSet":23,"dateRange":1,"harmonicAverageSpeed":61.5,"medianSpeed":67.0,"averageSpeed":67.6,"standardDeviationSpeed":16.9,"travelTimeStandardDeviation":2.09,"sampleSize":1496,"normalizedSampleSize":0.4195,"averageTravelTime":2.18,"medianTravelTime":2.0,"travelTimeRatio":0.96,"speedPercentiles":[41,47,51,54,57,59,61,63,66,67,69,71,73,76,78,80,85,89,96]},{"timeSet":24,"dateRange":1,"harmonicAverageSpeed":62.4,"medianSpeed":66.0,"averageSpeed":66.9,"standardDeviationSpeed":16.5,"travelTimeStandardDeviation":0.64,"sampleSize":1361,"normalizedSampleSize":0.3817,"averageTravelTime":2.15,"medianTravelTime":2.03,"travelTimeRatio":0.95,"speedPercentiles":[40,46,50,54,56,58,60,62,64,66,68,71,73,76,78,80,83,87,93]},{"timeSet":25,"dateRange":1,"harmonicAverageSpeed":61.7,"medianSpeed":66.0,"averageSpeed":66.8,"standardDeviationSpeed":17.7,"travelTimeStandardDeviation":0.69,"sampleSize":1325,"normalizedSampleSize":0.3716,"averageTravelTime":2.17,"medianTravelTime":2.03,"travelTimeRatio":0.96,"speedPercentiles":[39,45,50,53,55,57,59,61,63,66,68,70,73,75,78,81,84,88,96]}]}},{"type":"Feature","geometry":{"type":"LineString","coordinates":[[12.4716,41.93622],[12.47167,41.93579],[12.47174,41.93537]]},"properties":{"segmentId":13800012543352,"newSegmentId":"a930a115-14b3-4644-ad9a-6e5c4b48c55b","speedLimit":50,"frc":3,"streetName":"Ponte Flaminio","distance":95.64,"segmentTimeResults":[{"timeSet":2,"dateRange":1,"harmonicAverageSpeed":59.1,"medianSpeed":65.0,"averageSpeed":64.9,"standardDeviationSpeed":17.8,"travelTimeStandardDeviation":2.45,"sampleSize":2022,"normalizedSampleSize":0.567,"averageTravelTime":5.83,"medianTravelTime":5.3,"travelTimeRatio":1.0,"speedPercentiles":[38,43,46,49,52,55,58,60,63,65,67,69,71,73,76,79,82,87,95]},{"timeSet":3,"dateRange":1,"harmonicAverageSpeed":60.6,"medianSpeed":66.0,"averageSpeed":66.0,"standardDeviationSpeed":18.4,"travelTimeStandardDeviation":1.93,"sampleSize":1363,"normalizedSampleSize":0.3822,"averageTravelTime":5.68,"medianTravelTime":5.22,"travelTimeRatio":0.98,"speedPercentiles":[38,44,47,50,54,57,59,61,64,66,68,70,72,74,77,80,84,88,96]},{"timeSet":4,"dateRange":1,"harmonicAverageSpeed":63.3,"medianSpeed":68.0,"averageSpeed":68.8,"standardDeviationSpeed":19.1,"travelTimeStandardDeviation":1.79,"sampleSize":864,"normalizedSampleSize":0.2423,"averageTravelTime":5.44,"medianTravelTime":5.06,"travelTimeRatio":0.93,"speedPercentiles":[40,45,48,53,55,58,61,63,66,68,70,72,75,77,81,85,88,93,100]},{"timeSet":5,"dateRange":1,"harmonicAverageSpeed":64.6,"medianSpeed":68.0,"averageSpeed":69.5,"standardDeviationSpeed":18.8,"travelTimeStandardDeviation":1.51,"sampleSize":435,"normalizedSampleSize":0.122,"averageTravelTime":5.33,"medianTravelTime":5.06,"travelTimeRatio":0.91,"speedPercentiles":[42,47,50,52,56,59,61,64,67,68,71,73,75,77,80,84,88,92,100]},{"timeSet":6,"dateRange":1,"harmonicAverageSpeed":65.5,"medianSpeed":70.0,"averageSpeed":71.2,"standardDeviationSpeed":18.6,"travelTimeStandardDeviation":1.88,"sampleSize":409,"normalizedSampleSize":0.1147,"averageTravelTime":5.26,"medianTravelTime":4.92,"travelTimeRatio":0.9,"speedPercentiles":[41,47,53,58,61,63,65,67,69,70,72,74,76,79,82,85,89,95,103]},{"timeSet":7,"dateRange":1,"harmonicAverageSpeed":65.2,"medianSpeed":73.0,"averageSpeed":71.0,"standardDeviationSpeed":18.9,"travelTimeStandardDeviation":1.77,"sampleSize":371,"normalizedSampleSize":0.104,"averageTravelTime":5.28,"medianTravelTime":4.72,"travelTimeRatio":0.91,"speedPercentiles":[40,44,49,54,57,61,64,67,70,73,75,77,79,82,84,87,90,93,100]},{"timeSet":8,"dateRange":1,"harmonicAverageSpeed":63.0,"medianSpeed":71.0,"averageSpeed":70.1,"standardDeviationSpeed":20.1,"travelTimeStandardDeviation":2.19,"sampleSize":448,"normalizedSampleSize":0.1256,"averageTravelTime":5.47,"medianTravelTime":4.85,"travelTimeRatio":0.94,"speedPercentiles":[35,44,48,53,57,61,63,66,68,71,74,76,78,80,83,86,88,95,104]},{"timeSet":9,"dateRange":1,"harmonicAverageSpeed":64.6,"medianSpeed":70.0,"averageSpeed":69.4,"standardDeviationSpeed":16.4,"travelTimeStandardDeviation":1.75,"sampleSize":619,"normalizedSampleSize":0.1736,"averageTravelTime":5.33,"medianTravelTime":4.92,"travelTimeRatio":0.92,"speedPercentiles":[39,47,52,57,60,63,66,68,69,70,72,74,76,78,80,82,85,89,93]},{"timeSet":10,"dateRange":1,"harmonicAverageSpeed":63.5,"medianSpeed":68.0,"averageSpeed":68.2,"standardDeviationSpeed":16.4,"travelTimeStandardDeviation":1.79,"sampleSize":1067,"normalizedSampleSize":0.2992,"averageTravelTime":5.42,"medianTravelTime":5.06,"travelTimeRatio":0.93,"speedPercentiles":[42,47,51,54,58,61,62,64,66,68,70,72,74,77,79,81,84,88,96]},{"timeSet":11,"dateRange":1,"harmonicAverageSpeed":58.0,"medianSpeed":64.0,"averageSpeed":63.0,"standardDeviationSpeed":16.2,"travelTimeStandardDeviation":2.04,"sampleSize":1785,"normalizedSampleSize":0.5006,"averageTravelTime":5.93,"medianTravelTime":5.38,"travelTimeRatio":1.02,"speedPercentiles":[36,41,45,48,52,55,57,60,62,64,65,68,70,71,74,77,79,83,88]},{"timeSet":12,"dateRange":1,"harmonicAverageSpeed":55.4,"medianSpeed":61.0,"averageSpeed":60.3,"standardDeviationSpeed":15.4,"travelTimeStandardDeviation":2.39,"sampleSize":2287,"normalizedSampleSize":0.6413,"averageTravelTime":6.21,"medianTravelTime":5.64,"travelTimeRatio":1.07,"speedPercentiles":[35,41,44,47,49,52,54,57,59,61,63,64,67,69,71,73,76,79,85]},{"timeSet":13,"dateRange":1,"harmonicAverageSpeed":55.0,"medianSpeed":59.0,"averageSpeed":59.6,"standardDeviationSpeed":15.4,"travelTimeStandardDeviation":2.12,"sampleSize":2540,"normalizedSampleSize":0.7123,"averageTravelTime":6.26,"medianTravelTime":5.84,"travelTimeRatio":1.07,"speedPercentiles":[35,40,44,46,48,51,54,56,57,59,61,63,65,68,70,73,76,79,85]},{"timeSet":14,"dateRange":1,"harmonicAverageSpeed":54.6,"medianSpeed":59.0,"averageSpeed":59.5,"standardDeviationSpeed":15.7,"travelTimeStandardDeviation":2.4,"sampleSize":3091,"normalizedSampleSize":0.8668,"averageTravelTime":6.3,"medianTravelTime":5.84,"travelTimeRatio":1.08,"speedPercentiles":[35,40,43,46,48,51,53,55,57,59,61,64,66,68,70,73,76,79,85]},{"timeSet":15,"dateRange":1,"harmonicAverageSpeed":58.1,"medianSpeed":64.0,"averageSpeed":63.5,"standardDeviationSpeed":16.7,"travelTimeStandardDeviation":3.22,"sampleSize":2639,"normalizedSampleSize":0.74,"averageTravelTime":5.93,"medianTravelTime":5.38,"travelTimeRatio":1.02,"speedPercentiles":[37,42,46,49,52,55,57,60,62,64,66,68,70,72,74,76,79,83,90]},{"timeSet":16,"dateRange":1,"harmonicAverageSpeed":59.6,"medianSpeed":65.0,"averageSpeed":64.3,"standardDeviationSpeed":16.2,"travelTimeStandardDeviation":1.85,"sampleSize":2036,"normalizedSampleSize":0.5709,"averageTravelTime":5.78,"medianTravelTime":5.3,"travelTimeRatio":0.99,"speedPercentiles":[38,43,46,50,52,55,58,61,63,65,67,69,71,73,76,78,81,84,89]},{"timeSet":17,"dateRange":1,"harmonicAverageSpeed":57.3,"medianSpeed":62.0,"averageSpeed":61.8,"standardDeviationSpeed":15.9,"travelTimeStandardDeviation":1.92,"sampleSize":2484,"normalizedSampleSize":0.6966,"averageTravelTime":6.01,"medianTravelTime":5.55,"travelTimeRatio":1.03,"speedPercentiles":[36,42,45,47,50,53,56,58,61,62,64,66,68,70,73,75,78,82,87]},{"timeSet":18,"dateRange":1,"harmonicAverageSpeed":54.0,"medianSpeed":59.0,"averageSpeed":58.6,"standardDeviationSpeed":15.8,"travelTimeStandardDeviation":2.15,"sampleSize":2687,"normalizedSampleSize":0.7535,"averageTravelTime":6.38,"medianTravelTime":5.84,"travelTimeRatio":1.09,"speedPercentiles":[35,39,42,45,47,50,52,54,57,59,61,62,64,66,69,71,74,78,83]},{"timeSet":19,"dateRange":1,"harmonicAverageSpeed":51.4,"medianSpeed":55.0,"averageSpeed":55.9,"standardDeviationSpeed":15.4,"travelTimeStandardDeviation":2.23,"sampleSize":2866,"normalizedSampleSize":0.8037,"averageTravelTime":6.71,"medianTravelTime":6.26,"travelTimeRatio":1.15,"speedPercentiles":[33,37,40,42,45,47,49,51,53,55,57,59,62,64,66,69,72,75,81]},{"timeSet":20,"dateRange":1,"harmonicAverageSpeed":53.0,"medianSpeed":57.0,"averageSpeed":57.1,"standardDeviationSpeed":14.8,"travelTimeStandardDeviation":1.99,"sampleSize":2604,"normalizedSampleSize":0.7302,"averageTravelTime":6.49,"medianTravelTime":6.04,"travelTimeRatio":1.11,"speedPercentiles":[35,39,42,44,46,48,50,53,55,57,59,60,62,65,67,69,72,75,82]},{"timeSet":21,"dateRange":1,"harmonicAverageSpeed":53.6,"medianSpeed":59.0,"averageSpeed":58.3,"standardDeviationSpeed":15.2,"travelTimeStandardDeviation":2.39,"sampleSize":2411,"normalizedSampleSize":0.6761,"averageTravelTime":6.43,"medianTravelTime":5.84,"travelTimeRatio":1.1,"speedPercentiles":[34,39,42,45,47,49,52,54,56,59,61,63,65,66,68,71,74,77,83]},{"timeSet":22,"dateRange":1,"harmonicAverageSpeed":54.2,"medianSpeed":59.0,"averageSpeed":58.6,"standardDeviationSpeed":15.5,"travelTimeStandardDeviation":2.04,"sampleSize":2444,"normalizedSampleSize":0.6854,"averageTravelTime":6.36,"medianTravelTime":5.84,"travelTimeRatio":1.09,"speedPercentiles":[35,39,42,44,47,49,51,54,57,59,61,63,65,67,69,72,75,78,84]},{"timeSet":23,"dateRange":1,"harmonicAverageSpeed":61.9,"medianSpeed":67.0,"averageSpeed":66.8,"standardDeviationSpeed":17.4,"travelTimeStandardDeviation":1.73,"sampleSize":1489,"normalizedSampleSize":0.4176,"averageTravelTime":5.56,"medianTravelTime":5.14,"travelTimeRatio":0.95,"speedPercentiles":[40,45,48,51,55,57,60,62,65,67,69,71,73,76,78,81,84,88,96]},{"timeSet":24,"dateRange":1,"harmonicAverageSpeed":60.9,"medianSpeed":65.0,"averageSpeed":65.6,"standardDeviationSpeed":17.1,"travelTimeStandardDeviation":1.7,"sampleSize":1360,"normalizedSampleSize":0.3814,"averageTravelTime":5.66,"medianTravelTime":5.3,"travelTimeRatio":0.97,"speedPercentiles":[39,44,47,50,53,56,58,60,62,65,68,70,72,75,77,80,83,87,94]},{"timeSet":25,"dateRange":1,"harmonicAverageSpeed":59.9,"medianSpeed":64.0,"averageSpeed":65.4,"standardDeviationSpeed":18.6,"travelTimeStandardDeviation":1.9,"sampleSize":1325,"normalizedSampleSize":0.3716,"averageTravelTime":5.75,"medianTravelTime":5.38,"travelTimeRatio":0.99,"speedPercentiles":[38,43,46,49,52,55,57,60,62,64,67,69,72,74,77,80,84,89,96]}]}},{"type":"Feature","geometry":{"type":"LineString","coordinates":[[12.47174,41.93537],[12.47175,41.9353],[12.47177,41.93521]]},"properties":{"segmentId":13800007305424,"newSegmentId":"00004931-3600-0400-0000-0000034f02fa","speedLimit":50,"frc":3,"streetName":"Corso di Francia","distance":17.31,"segmentTimeResults":[{"timeSet":2,"dateRange":1,"harmonicAverageSpeed":59.0,"medianSpeed":63.0,"averageSpeed":64.6,"standardDeviationSpeed":17.9,"travelTimeStandardDeviation":0.4,"sampleSize":2039,"normalizedSampleSize":0.5718,"averageTravelTime":1.06,"medianTravelTime":0.99,"travelTimeRatio":1.0,"speedPercentiles":[38,43,47,50,53,55,57,59,61,63,66,68,71,73,76,79,82,87,95]},{"timeSet":3,"dateRange":1,"harmonicAverageSpeed":61.4,"medianSpeed":65.0,"averageSpeed":66.6,"standardDeviationSpeed":17.9,"travelTimeStandardDeviation":0.34,"sampleSize":1372,"normalizedSampleSize":0.3847,"averageTravelTime":1.01,"medianTravelTime":0.96,"travelTimeRatio":0.96,"speedPercentiles":[40,46,49,52,55,57,59,61,63,65,68,70,73,75,77,80,84,89,96]},{"timeSet":4,"dateRange":1,"harmonicAverageSpeed":63.8,"medianSpeed":68.0,"averageSpeed":69.3,"standardDeviationSpeed":18.9,"travelTimeStandardDeviation":0.32,"sampleSize":873,"normalizedSampleSize":0.2448,"averageTravelTime":0.98,"medianTravelTime":0.92,"travelTimeRatio":0.92,"speedPercentiles":[41,46,51,54,56,58,61,63,66,68,69,72,75,78,81,84,89,93,101]},{"timeSet":5,"dateRange":1,"harmonicAverageSpeed":65.8,"medianSpeed":68.0,"averageSpeed":70.6,"standardDeviationSpeed":19.1,"travelTimeStandardDeviation":0.26,"sampleSize":442,"normalizedSampleSize":0.1239,"averageTravelTime":0.95,"medianTravelTime":0.92,"travelTimeRatio":0.9,"speedPercentiles":[44,48,52,54,57,59,62,65,67,68,71,73,76,78,83,87,90,95,101]},{"timeSet":6,"dateRange":1,"harmonicAverageSpeed":65.2,"medianSpeed":69.0,"averageSpeed":70.7,"standardDeviationSpeed":18.9,"travelTimeStandardDeviation":0.32,"sampleSize":417,"normalizedSampleSize":0.1169,"averageTravelTime":0.96,"medianTravelTime":0.9,"travelTimeRatio":0.9,"speedPercentiles":[42,47,53,55,58,61,64,66,68,69,71,73,76,79,82,85,90,96,104]},{"timeSet":7,"dateRange":1,"harmonicAverageSpeed":66.4,"medianSpeed":74.0,"averageSpeed":72.1,"standardDeviationSpeed":18.8,"travelTimeStandardDeviation":0.32,"sampleSize":374,"normalizedSampleSize":0.1049,"averageTravelTime":0.94,"medianTravelTime":0.84,"travelTimeRatio":0.89,"speedPercentiles":[41,48,52,55,58,62,64,68,71,74,76,78,80,82,85,87,90,95,100]},{"timeSet":8,"dateRange":1,"harmonicAverageSpeed":61.0,"medianSpeed":70.0,"averageSpeed":70.0,"standardDeviationSpeed":20.6,"travelTimeStandardDeviation":0.67,"sampleSize":449,"normalizedSampleSize":0.1259,"averageTravelTime":1.02,"medianTravelTime":0.89,"travelTimeRatio":0.97,"speedPercentiles":[36,45,49,53,57,59,63,66,68,70,74,76,78,81,83,85,89,95,104]},{"timeSet":9,"dateRange":1,"harmonicAverageSpeed":64.6,"medianSpeed":71.0,"averageSpeed":69.6,"standardDeviationSpeed":16.6,"travelTimeStandardDeviation":0.32,"sampleSize":623,"normalizedSampleSize":0.1747,"averageTravelTime":0.96,"medianTravelTime":0.88,"travelTimeRatio":0.91,"speedPercentiles":[40,47,52,56,59,62,65,67,69,71,73,75,76,79,81,83,86,90,93]},{"timeSet":10,"dateRange":1,"harmonicAverageSpeed":63.4,"medianSpeed":68.0,"averageSpeed":68.1,"standardDeviationSpeed":16.4,"travelTimeStandardDeviation":0.33,"sampleSize":1071,"normalizedSampleSize":0.3003,"averageTravelTime":0.98,"medianTravelTime":0.92,"travelTimeRatio":0.93,"speedPercentiles":[42,48,51,54,57,60,62,64,66,68,70,72,74,76,78,81,85,88,95]},{"timeSet":11,"dateRange":1,"harmonicAverageSpeed":58.5,"medianSpeed":64.0,"averageSpeed":63.7,"standardDeviationSpeed":16.4,"travelTimeStandardDeviation":0.38,"sampleSize":1793,"normalizedSampleSize":0.5028,"averageTravelTime":1.07,"medianTravelTime":0.97,"travelTimeRatio":1.01,"speedPercentiles":[35,42,47,50,53,56,58,60,62,64,66,68,71,73,75,77,80,84,90]},{"timeSet":12,"dateRange":1,"harmonicAverageSpeed":56.0,"medianSpeed":61.0,"averageSpeed":61.2,"standardDeviationSpeed":15.6,"travelTimeStandardDeviation":0.49,"sampleSize":2298,"normalizedSampleSize":0.6444,"averageTravelTime":1.11,"medianTravelTime":1.02,"travelTimeRatio":1.05,"speedPercentiles":[35,41,46,48,51,53,55,58,60,61,64,65,67,69,72,74,77,80,86]},{"timeSet":13,"dateRange":1,"harmonicAverageSpeed":56.2,"medianSpeed":61.0,"averageSpeed":60.8,"standardDeviationSpeed":15.3,"travelTimeStandardDeviation":0.37,"sampleSize":2553,"normalizedSampleSize":0.7159,"averageTravelTime":1.11,"medianTravelTime":1.02,"travelTimeRatio":1.05,"speedPercentiles":[36,41,45,48,50,53,55,57,59,61,63,64,67,69,71,74,77,80,85]},{"timeSet":14,"dateRange":1,"harmonicAverageSpeed":55.9,"medianSpeed":60.0,"averageSpeed":60.8,"standardDeviationSpeed":15.7,"travelTimeStandardDeviation":0.41,"sampleSize":3114,"normalizedSampleSize":0.8732,"averageTravelTime":1.11,"medianTravelTime":1.04,"travelTimeRatio":1.05,"speedPercentiles":[35,41,45,48,50,52,55,56,59,60,62,65,67,69,72,74,77,80,86]},{"timeSet":15,"dateRange":1,"harmonicAverageSpeed":59.3,"medianSpeed":65.0,"averageSpeed":64.3,"standardDeviationSpeed":16.7,"travelTimeStandardDeviation":0.35,"sampleSize":2659,"normalizedSampleSize":0.7457,"averageTravelTime":1.05,"medianTravelTime":0.96,"travelTimeRatio":0.99,"speedPercentiles":[37,43,47,50,53,56,58,60,62,65,67,69,71,73,75,77,80,84,91]},{"timeSet":16,"dateRange":1,"harmonicAverageSpeed":60.1,"medianSpeed":65.0,"averageSpeed":65.1,"standardDeviationSpeed":16.1,"travelTimeStandardDeviation":0.41,"sampleSize":2042,"normalizedSampleSize":0.5726,"averageTravelTime":1.04,"medianTravelTime":0.96,"travelTimeRatio":0.98,"speedPercentiles":[39,45,49,52,54,57,59,61,63,65,68,70,72,74,76,79,81,85,90]},{"timeSet":17,"dateRange":1,"harmonicAverageSpeed":57.7,"medianSpeed":63.0,"averageSpeed":62.9,"standardDeviationSpeed":15.9,"travelTimeStandardDeviation":0.5,"sampleSize":2491,"normalizedSampleSize":0.6985,"averageTravelTime":1.08,"medianTravelTime":0.99,"travelTimeRatio":1.02,"speedPercentiles":[36,43,47,50,52,55,57,59,61,63,65,68,69,71,73,76,79,83,88]},{"timeSet":18,"dateRange":1,"harmonicAverageSpeed":54.4,"medianSpeed":60.0,"averageSpeed":60.0,"standardDeviationSpeed":15.7,"travelTimeStandardDeviation":1.06,"sampleSize":2703,"normalizedSampleSize":0.758,"averageTravelTime":1.14,"medianTravelTime":1.04,"travelTimeRatio":1.08,"speedPercentiles":[35,40,44,47,50,52,54,56,58,60,61,64,65,68,70,73,75,79,85]},{"timeSet":19,"dateRange":1,"harmonicAverageSpeed":52.4,"medianSpeed":57.0,"averageSpeed":57.0,"standardDeviationSpeed":15.5,"travelTimeStandardDeviation":0.41,"sampleSize":2891,"normalizedSampleSize":0.8107,"averageTravelTime":1.19,"medianTravelTime":1.09,"travelTimeRatio":1.12,"speedPercentiles":[33,38,41,44,46,48,51,53,55,57,59,61,62,64,67,70,73,76,82]},{"timeSet":20,"dateRange":1,"harmonicAverageSpeed":53.6,"medianSpeed":57.0,"averageSpeed":57.9,"standardDeviationSpeed":14.8,"travelTimeStandardDeviation":0.47,"sampleSize":2625,"normalizedSampleSize":0.7361,"averageTravelTime":1.16,"medianTravelTime":1.09,"travelTimeRatio":1.1,"speedPercentiles":[34,40,43,46,48,50,52,54,56,57,59,61,63,65,67,69,72,76,82]},{"timeSet":21,"dateRange":1,"harmonicAverageSpeed":54.7,"medianSpeed":60.0,"averageSpeed":59.6,"standardDeviationSpeed":15.1,"travelTimeStandardDeviation":0.5,"sampleSize":2428,"normalizedSampleSize":0.6809,"averageTravelTime":1.14,"medianTravelTime":1.04,"travelTimeRatio":1.08,"speedPercentiles":[35,41,44,47,49,52,54,56,58,60,61,63,65,67,69,72,75,79,85]},{"timeSet":22,"dateRange":1,"harmonicAverageSpeed":55.0,"medianSpeed":60.0,"averageSpeed":59.6,"standardDeviationSpeed":15.5,"travelTimeStandardDeviation":0.38,"sampleSize":2468,"normalizedSampleSize":0.6921,"averageTravelTime":1.13,"medianTravelTime":1.04,"travelTimeRatio":1.07,"speedPercentiles":[35,40,43,46,49,51,53,56,58,60,62,64,65,68,70,72,75,79,85]},{"timeSet":23,"dateRange":1,"harmonicAverageSpeed":61.8,"medianSpeed":67.0,"averageSpeed":66.9,"standardDeviationSpeed":17.5,"travelTimeStandardDeviation":0.35,"sampleSize":1500,"normalizedSampleSize":0.4206,"averageTravelTime":1.01,"medianTravelTime":0.93,"travelTimeRatio":0.95,"speedPercentiles":[40,45,49,52,55,57,60,62,64,67,69,71,73,75,78,81,84,89,97]},{"timeSet":24,"dateRange":1,"harmonicAverageSpeed":59.4,"medianSpeed":66.0,"averageSpeed":65.8,"standardDeviationSpeed":17.2,"travelTimeStandardDeviation":1.21,"sampleSize":1363,"normalizedSampleSize":0.3822,"averageTravelTime":1.05,"medianTravelTime":0.94,"travelTimeRatio":0.99,"speedPercentiles":[39,44,48,51,53,56,58,60,63,66,68,71,72,75,77,80,83,87,94]},{"timeSet":25,"dateRange":1,"harmonicAverageSpeed":59.8,"medianSpeed":64.0,"averageSpeed":65.5,"standardDeviationSpeed":18.7,"travelTimeStandardDeviation":0.42,"sampleSize":1327,"normalizedSampleSize":0.3721,"averageTravelTime":1.04,"medianTravelTime":0.97,"travelTimeRatio":0.99,"speedPercentiles":[39,44,47,50,52,54,56,59,62,64,67,69,72,75,78,81,85,89,98]}]}},{"type":"Feature","geometry":{"type":"LineString","coordinates":[[12.47177,41.93521],[12.47178,41.93514]]},"properties":{"segmentId":13800007305429,"newSegmentId":"00004931-3600-0400-0000-0000034b9e30","speedLimit":50,"frc":3,"streetName":"Corso di Francia","distance":7.91,"segmentTimeResults":[{"timeSet":2,"dateRange":1,"harmonicAverageSpeed":58.3,"medianSpeed":63.0,"averageSpeed":64.0,"standardDeviationSpeed":18.2,"travelTimeStandardDeviation":0.19,"sampleSize":2041,"normalizedSampleSize":0.5723,"averageTravelTime":0.49,"medianTravelTime":0.45,"travelTimeRatio":1.0,"speedPercentiles":[38,43,46,49,51,54,56,58,61,63,65,68,70,73,75,79,82,87,94]},{"timeSet":3,"dateRange":1,"harmonicAverageSpeed":61.2,"medianSpeed":65.0,"averageSpeed":66.3,"standardDeviationSpeed":18.2,"travelTimeStandardDeviation":0.15,"sampleSize":1372,"normalizedSampleSize":0.3847,"averageTravelTime":0.47,"medianTravelTime":0.44,"travelTimeRatio":0.95,"speedPercentiles":[40,45,48,51,54,56,58,60,63,65,67,70,72,74,77,80,84,89,97]},{"timeSet":4,"dateRange":1,"harmonicAverageSpeed":63.6,"medianSpeed":68.0,"averageSpeed":69.1,"standardDeviationSpeed":19.2,"travelTimeStandardDeviation":0.15,"sampleSize":873,"normalizedSampleSize":0.2448,"averageTravelTime":0.45,"medianTravelTime":0.42,"travelTimeRatio":0.92,"speedPercentiles":[41,46,50,53,56,58,60,63,66,68,69,72,75,78,81,84,88,93,101]},{"timeSet":5,"dateRange":1,"harmonicAverageSpeed":65.3,"medianSpeed":68.0,"averageSpeed":70.4,"standardDeviationSpeed":19.4,"travelTimeStandardDeviation":0.12,"sampleSize":442,"normalizedSampleSize":0.1239,"averageTravelTime":0.44,"medianTravelTime":0.42,"travelTimeRatio":0.89,"speedPercentiles":[43,47,51,53,57,59,62,65,66,68,71,73,76,78,83,87,90,95,101]},{"timeSet":6,"dateRange":1,"harmonicAverageSpeed":64.7,"medianSpeed":69.0,"averageSpeed":70.3,"standardDeviationSpeed":19.1,"travelTimeStandardDeviation":0.15,"sampleSize":417,"normalizedSampleSize":0.1169,"averageTravelTime":0.44,"medianTravelTime":0.41,"travelTimeRatio":0.9,"speedPercentiles":[42,46,50,54,57,60,64,66,68,69,72,74,76,79,82,85,89,96,104]},{"timeSet":7,"dateRange":1,"harmonicAverageSpeed":66.2,"medianSpeed":74.0,"averageSpeed":71.9,"standardDeviationSpeed":19.0,"travelTimeStandardDeviation":0.15,"sampleSize":375,"normalizedSampleSize":0.1052,"averageTravelTime":0.43,"medianTravelTime":0.38,"travelTimeRatio":0.88,"speedPercentiles":[40,48,52,54,58,62,64,68,70,74,76,78,80,82,85,87,90,95,100]},{"timeSet":8,"dateRange":1,"harmonicAverageSpeed":60.3,"medianSpeed":70.0,"averageSpeed":69.9,"standardDeviationSpeed":20.8,"travelTimeStandardDeviation":0.32,"sampleSize":449,"normalizedSampleSize":0.1259,"averageTravelTime":0.47,"medianTravelTime":0.41,"travelTimeRatio":0.97,"speedPercentiles":[36,45,49,52,56,59,63,66,68,70,74,76,78,81,83,85,89,95,104]},{"timeSet":9,"dateRange":1,"harmonicAverageSpeed":64.6,"medianSpeed":71.0,"averageSpeed":69.5,"standardDeviationSpeed":16.7,"travelTimeStandardDeviation":0.14,"sampleSize":623,"normalizedSampleSize":0.1747,"averageTravelTime":0.44,"medianTravelTime":0.4,"travelTimeRatio":0.9,"speedPercentiles":[40,46,52,56,59,62,64,67,69,71,73,75,77,79,81,83,85,90,94]},{"timeSet":10,"dateRange":1,"harmonicAverageSpeed":63.1,"medianSpeed":68.0,"averageSpeed":67.9,"standardDeviationSpeed":16.6,"travelTimeStandardDeviation":0.15,"sampleSize":1071,"normalizedSampleSize":0.3003,"averageTravelTime":0.45,"medianTravelTime":0.42,"travelTimeRatio":0.92,"speedPercentiles":[42,47,51,54,57,60,62,64,66,68,70,72,74,76,79,81,85,88,96]},{"timeSet":11,"dateRange":1,"harmonicAverageSpeed":58.1,"medianSpeed":64.0,"averageSpeed":63.5,"standardDeviationSpeed":16.7,"travelTimeStandardDeviation":0.19,"sampleSize":1797,"normalizedSampleSize":0.5039,"averageTravelTime":0.49,"medianTravelTime":0.44,"travelTimeRatio":1.0,"speedPercentiles":[35,42,46,49,53,56,57,60,62,64,66,68,71,73,75,78,80,84,90]},{"timeSet":12,"dateRange":1,"harmonicAverageSpeed":55.7,"medianSpeed":61.0,"averageSpeed":61.0,"standardDeviationSpeed":15.6,"travelTimeStandardDeviation":0.23,"sampleSize":2296,"normalizedSampleSize":0.6439,"averageTravelTime":0.51,"medianTravelTime":0.47,"travelTimeRatio":1.05,"speedPercentiles":[35,41,45,48,51,53,55,57,60,61,63,65,67,69,72,74,77,80,86]},{"timeSet":13,"dateRange":1,"harmonicAverageSpeed":56.0,"medianSpeed":60.0,"averageSpeed":60.6,"standardDeviationSpeed":15.4,"travelTimeStandardDeviation":0.17,"sampleSize":2554,"normalizedSampleSize":0.7162,"averageTravelTime":0.51,"medianTravelTime":0.47,"travelTimeRatio":1.04,"speedPercentiles":[36,41,45,47,50,52,54,56,58,60,62,64,67,69,72,74,77,80,86]},{"timeSet":14,"dateRange":1,"harmonicAverageSpeed":55.7,"medianSpeed":60.0,"averageSpeed":60.6,"standardDeviationSpeed":15.8,"travelTimeStandardDeviation":0.19,"sampleSize":3116,"normalizedSampleSize":0.8738,"averageTravelTime":0.51,"medianTravelTime":0.47,"travelTimeRatio":1.05,"speedPercentiles":[35,40,44,47,50,52,54,56,58,60,62,65,67,69,72,74,77,80,86]},{"timeSet":15,"dateRange":1,"harmonicAverageSpeed":59.0,"medianSpeed":64.0,"averageSpeed":64.1,"standardDeviationSpeed":16.9,"travelTimeStandardDeviation":0.16,"sampleSize":2663,"normalizedSampleSize":0.7468,"averageTravelTime":0.48,"medianTravelTime":0.44,"travelTimeRatio":0.99,"speedPercentiles":[37,42,47,50,53,55,57,60,62,64,67,68,71,73,75,77,80,84,90]},{"timeSet":16,"dateRange":1,"harmonicAverageSpeed":60.2,"medianSpeed":65.0,"averageSpeed":65.0,"standardDeviationSpeed":16.2,"travelTimeStandardDeviation":0.16,"sampleSize":2044,"normalizedSampleSize":0.5732,"averageTravelTime":0.47,"medianTravelTime":0.44,"travelTimeRatio":0.97,"speedPercentiles":[39,45,48,51,54,56,58,61,63,65,68,69,71,74,76,79,81,85,90]},{"timeSet":17,"dateRange":1,"harmonicAverageSpeed":57.6,"medianSpeed":63.0,"averageSpeed":62.8,"standardDeviationSpeed":16.0,"travelTimeStandardDeviation":0.22,"sampleSize":2495,"normalizedSampleSize":0.6997,"averageTravelTime":0.49,"medianTravelTime":0.45,"travelTimeRatio":1.01,"speedPercentiles":[36,42,46,49,52,54,56,59,61,63,65,67,69,71,73,76,79,83,88]},{"timeSet":18,"dateRange":1,"harmonicAverageSpeed":55.1,"medianSpeed":59.0,"averageSpeed":59.8,"standardDeviationSpeed":15.8,"travelTimeStandardDeviation":0.19,"sampleSize":2703,"normalizedSampleSize":0.758,"averageTravelTime":0.52,"medianTravelTime":0.48,"travelTimeRatio":1.06,"speedPercentiles":[35,40,43,47,49,51,54,56,57,59,61,63,65,67,70,73,75,79,84]},{"timeSet":19,"dateRange":1,"harmonicAverageSpeed":52.2,"medianSpeed":56.0,"averageSpeed":56.8,"standardDeviationSpeed":15.5,"travelTimeStandardDeviation":0.19,"sampleSize":2896,"normalizedSampleSize":0.8121,"averageTravelTime":0.55,"medianTravelTime":0.51,"travelTimeRatio":1.12,"speedPercentiles":[33,38,41,44,46,48,51,52,54,56,58,60,62,64,66,69,73,76,82]},{"timeSet":20,"dateRange":1,"harmonicAverageSpeed":53.1,"medianSpeed":57.0,"averageSpeed":57.7,"standardDeviationSpeed":14.8,"travelTimeStandardDeviation":0.29,"sampleSize":2626,"normalizedSampleSize":0.7364,"averageTravelTime":0.54,"medianTravelTime":0.5,"travelTimeRatio":1.1,"speedPercentiles":[34,40,43,45,48,50,52,54,55,57,59,61,63,65,67,69,72,76,82]},{"timeSet":21,"dateRange":1,"harmonicAverageSpeed":54.6,"medianSpeed":59.0,"averageSpeed":59.4,"standardDeviationSpeed":15.2,"travelTimeStandardDeviation":0.23,"sampleSize":2431,"normalizedSampleSize":0.6817,"averageTravelTime":0.52,"medianTravelTime":0.48,"travelTimeRatio":1.07,"speedPercentiles":[35,41,44,46,49,52,54,56,57,59,61,63,65,67,69,72,75,78,85]},{"timeSet":22,"dateRange":1,"harmonicAverageSpeed":54.3,"medianSpeed":60.0,"averageSpeed":59.4,"standardDeviationSpeed":15.6,"travelTimeStandardDeviation":0.3,"sampleSize":2471,"normalizedSampleSize":0.6929,"averageTravelTime":0.52,"medianTravelTime":0.47,"travelTimeRatio":1.07,"speedPercentiles":[34,40,43,46,48,51,53,56,58,60,62,64,65,67,69,72,75,79,84]},{"timeSet":23,"dateRange":1,"harmonicAverageSpeed":61.6,"medianSpeed":67.0,"averageSpeed":66.7,"standardDeviationSpeed":17.6,"travelTimeStandardDeviation":0.16,"sampleSize":1500,"normalizedSampleSize":0.4206,"averageTravelTime":0.46,"medianTravelTime":0.43,"travelTimeRatio":0.95,"speedPercentiles":[39,45,48,51,54,56,60,62,64,67,68,71,73,75,78,81,84,88,97]},{"timeSet":24,"dateRange":1,"harmonicAverageSpeed":60.7,"medianSpeed":65.0,"averageSpeed":65.5,"standardDeviationSpeed":17.4,"travelTimeStandardDeviation":0.14,"sampleSize":1361,"normalizedSampleSize":0.3817,"averageTravelTime":0.47,"medianTravelTime":0.44,"travelTimeRatio":0.96,"speedPercentiles":[39,44,47,51,53,55,57,59,62,65,68,70,72,75,77,80,82,87,95]},{"timeSet":25,"dateRange":1,"harmonicAverageSpeed":59.6,"medianSpeed":64.0,"averageSpeed":65.5,"standardDeviationSpeed":19.0,"travelTimeStandardDeviation":0.19,"sampleSize":1321,"normalizedSampleSize":0.3704,"averageTravelTime":0.48,"medianTravelTime":0.44,"travelTimeRatio":0.98,"speedPercentiles":[39,43,46,49,51,53,56,59,61,64,67,69,71,75,78,81,84,90,98]}]}},{"type":"Feature","geometry":{"type":"LineString","coordinates":[[12.47178,41.93514],[12.47181,41.93495],[12.47186,41.93461],[12.47186,41.93454]]},"properties":{"segmentId":13800006917856,"newSegmentId":"00004931-3600-0400-0000-0000034bba05","speedLimit":50,"frc":3,"streetName":"Corso di Francia","distance":66.81,"segmentTimeResults":[{"timeSet":2,"dateRange":1,"harmonicAverageSpeed":54.4,"medianSpeed":61.0,"averageSpeed":61.4,"standardDeviationSpeed":20.3,"travelTimeStandardDeviation":1.7,"sampleSize":2032,"normalizedSampleSize":0.5698,"averageTravelTime":4.42,"medianTravelTime":3.94,"travelTimeRatio":1.0,"speedPercentiles":[31,36,40,43,45,47,51,55,58,61,64,66,70,72,75,79,81,87,95]},{"timeSet":3,"dateRange":1,"harmonicAverageSpeed":56.7,"medianSpeed":63.0,"averageSpeed":64.2,"standardDeviationSpeed":20.2,"travelTimeStandardDeviation":2.94,"sampleSize":1366,"normalizedSampleSize":0.3831,"averageTravelTime":4.24,"medianTravelTime":3.82,"travelTimeRatio":0.96,"speedPercentiles":[34,39,43,46,49,52,55,58,61,63,66,69,72,74,77,80,84,90,97]},{"timeSet":4,"dateRange":1,"harmonicAverageSpeed":61.1,"medianSpeed":67.0,"averageSpeed":67.8,"standardDeviationSpeed":20.7,"travelTimeStandardDeviation":1.42,"sampleSize":872,"normalizedSampleSize":0.2445,"averageTravelTime":3.93,"medianTravelTime":3.59,"travelTimeRatio":0.89,"speedPercentiles":[37,41,45,49,53,56,59,62,65,67,69,72,75,79,81,84,88,94,103]},{"timeSet":5,"dateRange":1,"harmonicAverageSpeed":61.8,"medianSpeed":68.0,"averageSpeed":68.5,"standardDeviationSpeed":21.4,"travelTimeStandardDeviation":1.33,"sampleSize":441,"normalizedSampleSize":0.1237,"averageTravelTime":3.89,"medianTravelTime":3.54,"travelTimeRatio":0.88,"speedPercentiles":[37,41,45,49,52,56,59,62,66,68,70,74,76,79,83,86,91,96,101]},{"timeSet":6,"dateRange":1,"harmonicAverageSpeed":60.7,"medianSpeed":69.0,"averageSpeed":68.1,"standardDeviationSpeed":21.1,"travelTimeStandardDeviation":1.54,"sampleSize":416,"normalizedSampleSize":0.1167,"averageTravelTime":3.96,"medianTravelTime":3.49,"travelTimeRatio":0.9,"speedPercentiles":[35,40,44,47,51,56,61,65,67,69,72,74,76,78,82,85,89,94,104]},{"timeSet":7,"dateRange":1,"harmonicAverageSpeed":62.6,"medianSpeed":74.0,"averageSpeed":70.5,"standardDeviationSpeed":20.7,"travelTimeStandardDeviation":1.8,"sampleSize":373,"normalizedSampleSize":0.1046,"averageTravelTime":3.84,"medianTravelTime":3.25,"travelTimeRatio":0.87,"speedPercentiles":[35,41,47,52,56,59,63,67,70,74,76,78,80,82,84,87,90,95,100]},{"timeSet":8,"dateRange":1,"harmonicAverageSpeed":59.7,"medianSpeed":70.0,"averageSpeed":69.2,"standardDeviationSpeed":21.8,"travelTimeStandardDeviation":2.21,"sampleSize":450,"normalizedSampleSize":0.1262,"averageTravelTime":4.03,"medianTravelTime":3.44,"travelTimeRatio":0.91,"speedPercentiles":[30,40,46,51,54,58,62,65,67,70,74,76,79,81,83,86,89,94,103]},{"timeSet":9,"dateRange":1,"harmonicAverageSpeed":62.5,"medianSpeed":71.0,"averageSpeed":68.9,"standardDeviationSpeed":18.2,"travelTimeStandardDeviation":1.5,"sampleSize":619,"normalizedSampleSize":0.1736,"averageTravelTime":3.85,"medianTravelTime":3.39,"travelTimeRatio":0.87,"speedPercentiles":[34,42,48,54,58,62,64,67,69,71,73,75,77,79,81,84,86,90,95]},{"timeSet":10,"dateRange":1,"harmonicAverageSpeed":61.0,"medianSpeed":68.0,"averageSpeed":67.0,"standardDeviationSpeed":17.9,"travelTimeStandardDeviation":1.54,"sampleSize":1071,"normalizedSampleSize":0.3003,"averageTravelTime":3.94,"medianTravelTime":3.54,"travelTimeRatio":0.89,"speedPercentiles":[38,43,47,51,55,58,61,64,66,68,70,72,74,76,79,81,85,88,96]},{"timeSet":11,"dateRange":1,"harmonicAverageSpeed":55.5,"medianSpeed":64.0,"averageSpeed":62.6,"standardDeviationSpeed":17.9,"travelTimeStandardDeviation":2.18,"sampleSize":1786,"normalizedSampleSize":0.5008,"averageTravelTime":4.34,"medianTravelTime":3.76,"travelTimeRatio":0.98,"speedPercentiles":[33,38,42,46,50,54,57,60,62,64,66,69,71,73,75,78,80,84,90]},{"timeSet":12,"dateRange":1,"harmonicAverageSpeed":54.3,"medianSpeed":61.0,"averageSpeed":60.3,"standardDeviationSpeed":16.7,"travelTimeStandardDeviation":2.01,"sampleSize":2288,"normalizedSampleSize":0.6416,"averageTravelTime":4.43,"medianTravelTime":3.94,"travelTimeRatio":1.0,"speedPercentiles":[33,38,41,45,49,51,54,57,59,61,64,66,68,70,72,74,77,81,86]},{"timeSet":13,"dateRange":1,"harmonicAverageSpeed":53.1,"medianSpeed":61.0,"averageSpeed":59.6,"standardDeviationSpeed":16.7,"travelTimeStandardDeviation":3.35,"sampleSize":2545,"normalizedSampleSize":0.7137,"averageTravelTime":4.53,"medianTravelTime":3.94,"travelTimeRatio":1.02,"speedPercentiles":[33,37,41,44,48,50,53,56,58,61,62,64,66,69,72,74,77,80,86]},{"timeSet":14,"dateRange":1,"harmonicAverageSpeed":53.8,"medianSpeed":60.0,"averageSpeed":59.7,"standardDeviationSpeed":17.1,"travelTimeStandardDeviation":1.85,"sampleSize":3112,"normalizedSampleSize":0.8727,"averageTravelTime":4.47,"medianTravelTime":4.01,"travelTimeRatio":1.01,"speedPercentiles":[31,36,40,44,47,51,54,56,58,60,63,65,67,70,72,74,77,81,87]},{"timeSet":15,"dateRange":1,"harmonicAverageSpeed":56.3,"medianSpeed":64.0,"averageSpeed":63.1,"standardDeviationSpeed":18.4,"travelTimeStandardDeviation":2.72,"sampleSize":2658,"normalizedSampleSize":0.7454,"averageTravelTime":4.27,"medianTravelTime":3.76,"travelTimeRatio":0.97,"speedPercentiles":[33,38,42,46,50,53,56,59,62,64,67,69,71,73,76,78,80,85,91]},{"timeSet":16,"dateRange":1,"harmonicAverageSpeed":58.2,"medianSpeed":65.0,"averageSpeed":64.1,"standardDeviationSpeed":17.7,"travelTimeStandardDeviation":1.7,"sampleSize":2035,"normalizedSampleSize":0.5707,"averageTravelTime":4.14,"medianTravelTime":3.7,"travelTimeRatio":0.94,"speedPercentiles":[35,40,44,47,51,55,57,60,63,65,68,70,72,74,77,79,82,86,91]},{"timeSet":17,"dateRange":1,"harmonicAverageSpeed":55.3,"medianSpeed":63.0,"averageSpeed":61.8,"standardDeviationSpeed":17.4,"travelTimeStandardDeviation":2.1,"sampleSize":2487,"normalizedSampleSize":0.6974,"averageTravelTime":4.35,"medianTravelTime":3.82,"travelTimeRatio":0.98,"speedPercentiles":[33,39,42,46,49,53,56,58,61,63,65,67,69,71,74,77,80,83,88]},{"timeSet":18,"dateRange":1,"harmonicAverageSpeed":53.0,"medianSpeed":59.0,"averageSpeed":58.8,"standardDeviationSpeed":16.9,"travelTimeStandardDeviation":2.55,"sampleSize":2697,"normalizedSampleSize":0.7563,"averageTravelTime":4.54,"medianTravelTime":4.08,"travelTimeRatio":1.03,"speedPercentiles":[32,37,40,43,47,50,52,55,57,59,61,63,65,68,70,73,76,79,85]},{"timeSet":19,"dateRange":1,"harmonicAverageSpeed":50.4,"medianSpeed":56.0,"averageSpeed":55.9,"standardDeviationSpeed":16.5,"travelTimeStandardDeviation":1.83,"sampleSize":2878,"normalizedSampleSize":0.8071,"averageTravelTime":4.77,"medianTravelTime":4.29,"travelTimeRatio":1.08,"speedPercentiles":[30,34,38,41,44,47,49,52,54,56,58,60,62,64,67,70,73,76,82]},{"timeSet":20,"dateRange":1,"harmonicAverageSpeed":51.3,"medianSpeed":57.0,"averageSpeed":56.5,"standardDeviationSpeed":15.9,"travelTimeStandardDeviation":1.82,"sampleSize":2613,"normalizedSampleSize":0.7328,"averageTravelTime":4.69,"medianTravelTime":4.22,"travelTimeRatio":1.06,"speedPercentiles":[30,36,40,42,45,48,50,53,55,57,59,61,63,65,67,70,72,76,82]},{"timeSet":21,"dateRange":1,"harmonicAverageSpeed":53.5,"medianSpeed":59.0,"averageSpeed":58.7,"standardDeviationSpeed":16.1,"travelTimeStandardDeviation":1.72,"sampleSize":2420,"normalizedSampleSize":0.6786,"averageTravelTime":4.5,"medianTravelTime":4.08,"travelTimeRatio":1.02,"speedPercentiles":[32,37,41,44,47,50,52,55,57,59,61,63,65,68,70,72,75,79,85]},{"timeSet":22,"dateRange":1,"harmonicAverageSpeed":53.0,"medianSpeed":59.0,"averageSpeed":58.4,"standardDeviationSpeed":16.7,"travelTimeStandardDeviation":1.63,"sampleSize":2466,"normalizedSampleSize":0.6915,"averageTravelTime":4.54,"medianTravelTime":4.08,"travelTimeRatio":1.03,"speedPercentiles":[32,36,39,43,46,49,52,55,57,59,61,63,65,67,69,72,75,79,85]},{"timeSet":23,"dateRange":1,"harmonicAverageSpeed":58.4,"medianSpeed":66.0,"averageSpeed":65.4,"standardDeviationSpeed":19.2,"travelTimeStandardDeviation":2.13,"sampleSize":1495,"normalizedSampleSize":0.4192,"averageTravelTime":4.12,"medianTravelTime":3.64,"travelTimeRatio":0.93,"speedPercentiles":[34,39,44,48,52,55,58,61,64,66,68,71,73,75,78,81,85,89,97]},{"timeSet":24,"dateRange":1,"harmonicAverageSpeed":57.4,"medianSpeed":65.0,"averageSpeed":63.9,"standardDeviationSpeed":19.4,"travelTimeStandardDeviation":1.61,"sampleSize":1358,"normalizedSampleSize":0.3808,"averageTravelTime":4.19,"medianTravelTime":3.7,"travelTimeRatio":0.95,"speedPercentiles":[34,38,42,45,48,52,56,59,62,65,67,70,72,75,78,80,84,88,95]},{"timeSet":25,"dateRange":1,"harmonicAverageSpeed":55.9,"medianSpeed":63.0,"averageSpeed":63.4,"standardDeviationSpeed":21.0,"travelTimeStandardDeviation":1.89,"sampleSize":1313,"normalizedSampleSize":0.3682,"averageTravelTime":4.3,"medianTravelTime":3.82,"travelTimeRatio":0.97,"speedPercentiles":[32,36,39,43,46,50,54,57,61,63,66,69,71,75,78,82,85,90,98]}]}},{"type":"Feature","geometry":{"type":"LineString","coordinates":[[12.47186,41.93454],[12.47188,41.93443]]},"properties":{"segmentId":13800007335858,"newSegmentId":"00004931-3600-0400-0000-0000034bba0f","speedLimit":50,"frc":3,"streetName":"Corso di Francia","distance":12.63,"segmentTimeResults":[{"timeSet":2,"dateRange":1,"harmonicAverageSpeed":57.9,"medianSpeed":67.0,"averageSpeed":67.1,"standardDeviationSpeed":20.3,"travelTimeStandardDeviation":0.56,"sampleSize":1615,"normalizedSampleSize":0.4529,"averageTravelTime":0.78,"medianTravelTime":0.68,"travelTimeRatio":1.0,"speedPercentiles":[34,42,46,51,54,58,61,63,65,67,70,72,75,77,79,82,86,92,99]},{"timeSet":3,"dateRange":1,"harmonicAverageSpeed":60.5,"medianSpeed":68.0,"averageSpeed":68.2,"standardDeviationSpeed":20.5,"travelTimeStandardDeviation":0.38,"sampleSize":1172,"normalizedSampleSize":0.3287,"averageTravelTime":0.75,"medianTravelTime":0.67,"travelTimeRatio":0.96,"speedPercentiles":[36,44,47,51,55,58,61,63,65,68,70,73,75,78,81,84,88,93,100]},{"timeSet":4,"dateRange":1,"harmonicAverageSpeed":61.9,"medianSpeed":70.0,"averageSpeed":70.7,"standardDeviationSpeed":21.1,"travelTimeStandardDeviation":0.43,"sampleSize":785,"normalizedSampleSize":0.2201,"averageTravelTime":0.73,"medianTravelTime":0.65,"travelTimeRatio":0.94,"speedPercentiles":[35,45,51,54,57,60,63,66,68,70,73,76,79,81,83,86,91,96,105]},{"timeSet":5,"dateRange":1,"harmonicAverageSpeed":64.2,"medianSpeed":72.0,"averageSpeed":72.3,"standardDeviationSpeed":21.5,"travelTimeStandardDeviation":0.36,"sampleSize":390,"normalizedSampleSize":0.1094,"averageTravelTime":0.71,"medianTravelTime":0.63,"travelTimeRatio":0.9,"speedPercentiles":[38,46,51,56,58,62,64,67,69,72,75,76,79,81,87,90,94,98,103]},{"timeSet":6,"dateRange":1,"harmonicAverageSpeed":57.7,"medianSpeed":72.0,"averageSpeed":68.8,"standardDeviationSpeed":22.9,"travelTimeStandardDeviation":0.47,"sampleSize":391,"normalizedSampleSize":0.1096,"averageTravelTime":0.79,"medianTravelTime":0.63,"travelTimeRatio":1.0,"speedPercentiles":[28,36,42,49,54,59,64,66,69,72,74,76,78,80,83,87,91,95,105]},{"timeSet":7,"dateRange":1,"harmonicAverageSpeed":68.9,"medianSpeed":77.0,"averageSpeed":74.8,"standardDeviationSpeed":19.2,"travelTimeStandardDeviation":0.23,"sampleSize":327,"normalizedSampleSize":0.0917,"averageTravelTime":0.66,"medianTravelTime":0.59,"travelTimeRatio":0.84,"speedPercentiles":[42,49,53,57,63,65,70,72,75,77,79,81,82,85,87,89,92,97,103]},{"timeSet":8,"dateRange":1,"harmonicAverageSpeed":68.0,"medianSpeed":75.0,"averageSpeed":74.1,"standardDeviationSpeed":20.1,"travelTimeStandardDeviation":0.23,"sampleSize":408,"normalizedSampleSize":0.1144,"averageTravelTime":0.67,"medianTravelTime":0.61,"travelTimeRatio":0.85,"speedPercentiles":[42,48,53,58,60,64,66,69,71,75,77,79,82,84,86,88,92,98,109]},{"timeSet":9,"dateRange":1,"harmonicAverageSpeed":63.4,"medianSpeed":74.0,"averageSpeed":72.3,"standardDeviationSpeed":16.8,"travelTimeStandardDeviation":1.06,"sampleSize":566,"normalizedSampleSize":0.1587,"averageTravelTime":0.72,"medianTravelTime":0.61,"travelTimeRatio":0.91,"speedPercentiles":[41,48,56,60,63,66,68,71,72,74,75,77,79,81,83,85,88,92,97]},{"timeSet":10,"dateRange":1,"harmonicAverageSpeed":64.5,"medianSpeed":71.0,"averageSpeed":70.6,"standardDeviationSpeed":17.0,"travelTimeStandardDeviation":0.45,"sampleSize":953,"normalizedSampleSize":0.2672,"averageTravelTime":0.71,"medianTravelTime":0.64,"travelTimeRatio":0.9,"speedPercentiles":[42,49,53,57,60,63,65,67,69,71,73,75,77,79,81,84,87,91,98]},{"timeSet":11,"dateRange":1,"harmonicAverageSpeed":61.4,"medianSpeed":68.0,"averageSpeed":66.8,"standardDeviationSpeed":16.6,"travelTimeStandardDeviation":0.29,"sampleSize":1560,"normalizedSampleSize":0.4375,"averageTravelTime":0.74,"medianTravelTime":0.67,"travelTimeRatio":0.94,"speedPercentiles":[36,44,49,53,57,60,62,64,66,68,70,72,74,76,78,80,83,86,92]},{"timeSet":12,"dateRange":1,"harmonicAverageSpeed":56.2,"medianSpeed":64.0,"averageSpeed":63.2,"standardDeviationSpeed":16.7,"travelTimeStandardDeviation":0.56,"sampleSize":2071,"normalizedSampleSize":0.5808,"averageTravelTime":0.81,"medianTravelTime":0.71,"travelTimeRatio":1.03,"speedPercentiles":[35,41,46,50,53,55,58,60,62,64,66,68,71,73,75,77,80,83,88]},{"timeSet":13,"dateRange":1,"harmonicAverageSpeed":53.1,"medianSpeed":63.0,"averageSpeed":62.5,"standardDeviationSpeed":16.7,"travelTimeStandardDeviation":1.78,"sampleSize":2297,"normalizedSampleSize":0.6441,"averageTravelTime":0.86,"medianTravelTime":0.72,"travelTimeRatio":1.09,"speedPercentiles":[34,40,45,49,52,54,57,59,62,63,65,67,69,72,74,77,79,83,89]},{"timeSet":14,"dateRange":1,"harmonicAverageSpeed":57.5,"medianSpeed":64.0,"averageSpeed":63.1,"standardDeviationSpeed":16.7,"travelTimeStandardDeviation":0.34,"sampleSize":2804,"normalizedSampleSize":0.7863,"averageTravelTime":0.79,"medianTravelTime":0.71,"travelTimeRatio":1.01,"speedPercentiles":[35,40,45,49,52,55,57,59,61,64,66,68,70,72,74,77,80,84,90]},{"timeSet":15,"dateRange":1,"harmonicAverageSpeed":58.9,"medianSpeed":68.0,"averageSpeed":66.3,"standardDeviationSpeed":18.4,"travelTimeStandardDeviation":0.46,"sampleSize":2393,"normalizedSampleSize":0.6711,"averageTravelTime":0.77,"medianTravelTime":0.67,"travelTimeRatio":0.98,"speedPercentiles":[34,41,47,51,55,58,61,64,66,68,70,72,74,76,78,80,83,86,93]},{"timeSet":16,"dateRange":1,"harmonicAverageSpeed":59.0,"medianSpeed":69.0,"averageSpeed":66.8,"standardDeviationSpeed":18.3,"travelTimeStandardDeviation":0.47,"sampleSize":1855,"normalizedSampleSize":0.5202,"averageTravelTime":0.77,"medianTravelTime":0.66,"travelTimeRatio":0.98,"speedPercentiles":[35,42,47,52,55,58,62,64,67,69,71,72,74,77,79,82,85,88,94]},{"timeSet":17,"dateRange":1,"harmonicAverageSpeed":57.2,"medianSpeed":66.0,"averageSpeed":64.5,"standardDeviationSpeed":17.7,"travelTimeStandardDeviation":0.47,"sampleSize":2268,"normalizedSampleSize":0.636,"averageTravelTime":0.79,"medianTravelTime":0.69,"travelTimeRatio":1.01,"speedPercentiles":[34,41,46,50,54,57,59,62,64,66,68,70,72,74,77,79,82,85,90]},{"timeSet":18,"dateRange":1,"harmonicAverageSpeed":54.9,"medianSpeed":62.0,"averageSpeed":61.5,"standardDeviationSpeed":17.1,"travelTimeStandardDeviation":0.59,"sampleSize":2429,"normalizedSampleSize":0.6812,"averageTravelTime":0.83,"medianTravelTime":0.73,"travelTimeRatio":1.06,"speedPercentiles":[34,39,44,48,50,53,55,58,60,62,64,66,68,70,72,75,79,81,87]},{"timeSet":19,"dateRange":1,"harmonicAverageSpeed":50.8,"medianSpeed":58.0,"averageSpeed":58.0,"standardDeviationSpeed":16.9,"travelTimeStandardDeviation":0.58,"sampleSize":2628,"normalizedSampleSize":0.737,"averageTravelTime":0.89,"medianTravelTime":0.78,"travelTimeRatio":1.14,"speedPercentiles":[31,37,41,44,47,49,51,54,56,58,60,63,64,66,69,72,75,79,85]},{"timeSet":20,"dateRange":1,"harmonicAverageSpeed":50.8,"medianSpeed":59.0,"averageSpeed":58.3,"standardDeviationSpeed":16.6,"travelTimeStandardDeviation":0.66,"sampleSize":2406,"normalizedSampleSize":0.6747,"averageTravelTime":0.9,"medianTravelTime":0.77,"travelTimeRatio":1.14,"speedPercentiles":[30,38,42,45,48,50,53,55,57,59,61,63,64,66,68,71,75,78,84]},{"timeSet":21,"dateRange":1,"harmonicAverageSpeed":55.2,"medianSpeed":62.0,"averageSpeed":61.0,"standardDeviationSpeed":16.2,"travelTimeStandardDeviation":0.44,"sampleSize":2226,"normalizedSampleSize":0.6242,"averageTravelTime":0.82,"medianTravelTime":0.73,"travelTimeRatio":1.05,"speedPercentiles":[33,40,44,48,51,53,55,57,60,62,64,66,68,70,71,74,77,81,86]},{"timeSet":22,"dateRange":1,"harmonicAverageSpeed":53.0,"medianSpeed":61.0,"averageSpeed":60.5,"standardDeviationSpeed":17.0,"travelTimeStandardDeviation":0.68,"sampleSize":2272,"normalizedSampleSize":0.6371,"averageTravelTime":0.86,"medianTravelTime":0.75,"travelTimeRatio":1.09,"speedPercentiles":[32,39,43,46,49,52,55,57,59,61,63,65,67,69,72,74,77,81,88]},{"timeSet":23,"dateRange":1,"harmonicAverageSpeed":61.8,"medianSpeed":69.0,"averageSpeed":68.7,"standardDeviationSpeed":18.6,"travelTimeStandardDeviation":0.38,"sampleSize":1349,"normalizedSampleSize":0.3783,"averageTravelTime":0.74,"medianTravelTime":0.66,"travelTimeRatio":0.94,"speedPercentiles":[38,45,50,53,57,60,62,65,67,69,71,73,75,77,80,83,87,92,99]},{"timeSet":24,"dateRange":1,"harmonicAverageSpeed":62.7,"medianSpeed":70.0,"averageSpeed":69.0,"standardDeviationSpeed":18.6,"travelTimeStandardDeviation":0.3,"sampleSize":1146,"normalizedSampleSize":0.3214,"averageTravelTime":0.73,"medianTravelTime":0.65,"travelTimeRatio":0.92,"speedPercentiles":[38,45,49,53,57,60,63,65,67,70,72,74,76,79,81,83,87,92,97]},{"timeSet":25,"dateRange":1,"harmonicAverageSpeed":62.4,"medianSpeed":68.0,"averageSpeed":69.1,"standardDeviationSpeed":20.2,"travelTimeStandardDeviation":0.29,"sampleSize":1086,"normalizedSampleSize":0.3045,"averageTravelTime":0.73,"medianTravelTime":0.67,"travelTimeRatio":0.93,"speedPercentiles":[35,43,48,52,56,59,62,64,66,68,71,74,76,79,82,85,88,93,101]}]}},{"type":"Feature","geometry":{"type":"LineString","coordinates":[[12.47188,41.93443],[12.47191,41.93426]]},"properties":{"segmentId":13800007335859,"newSegmentId":"00004931-3600-0400-0000-0000034bba10","speedLimit":50,"frc":3,"streetName":"Corso di Francia","distance":19.4,"segmentTimeResults":[{"timeSet":2,"dateRange":1,"harmonicAverageSpeed":59.9,"medianSpeed":67.0,"averageSpeed":67.3,"standardDeviationSpeed":20.1,"travelTimeStandardDeviation":0.53,"sampleSize":1618,"normalizedSampleSize":0.4537,"averageTravelTime":1.17,"medianTravelTime":1.04,"travelTimeRatio":1.0,"speedPercentiles":[34,42,47,51,55,57,60,63,65,67,70,72,74,77,80,82,87,92,100]},{"timeSet":3,"dateRange":1,"harmonicAverageSpeed":61.4,"medianSpeed":67.0,"averageSpeed":68.3,"standardDeviationSpeed":20.4,"travelTimeStandardDeviation":0.45,"sampleSize":1174,"normalizedSampleSize":0.3292,"averageTravelTime":1.14,"medianTravelTime":1.04,"travelTimeRatio":0.97,"speedPercentiles":[36,44,47,51,55,58,60,63,65,67,70,73,75,78,81,85,89,93,100]},{"timeSet":4,"dateRange":1,"harmonicAverageSpeed":62.3,"medianSpeed":70.0,"averageSpeed":70.8,"standardDeviationSpeed":21.3,"travelTimeStandardDeviation":0.62,"sampleSize":786,"normalizedSampleSize":0.2204,"averageTravelTime":1.12,"medianTravelTime":1.0,"travelTimeRatio":0.96,"speedPercentiles":[35,45,51,54,58,60,63,65,68,70,72,76,79,81,84,87,91,97,104]},{"timeSet":5,"dateRange":1,"harmonicAverageSpeed":63.5,"medianSpeed":71.0,"averageSpeed":72.2,"standardDeviationSpeed":21.9,"travelTimeStandardDeviation":0.59,"sampleSize":392,"normalizedSampleSize":0.1099,"averageTravelTime":1.1,"medianTravelTime":0.98,"travelTimeRatio":0.94,"speedPercentiles":[37,46,51,55,58,61,64,67,69,71,75,76,79,81,87,91,94,98,105]},{"timeSet":6,"dateRange":1,"harmonicAverageSpeed":58.4,"medianSpeed":71.0,"averageSpeed":69.0,"standardDeviationSpeed":22.9,"travelTimeStandardDeviation":0.66,"sampleSize":391,"normalizedSampleSize":0.1096,"averageTravelTime":1.2,"medianTravelTime":0.98,"travelTimeRatio":1.03,"speedPercentiles":[28,36,43,49,54,58,64,66,69,71,74,76,78,80,83,88,91,95,104]},{"timeSet":7,"dateRange":1,"harmonicAverageSpeed":69.0,"medianSpeed":77.0,"averageSpeed":74.9,"standardDeviationSpeed":19.3,"travelTimeStandardDeviation":0.34,"sampleSize":326,"normalizedSampleSize":0.0914,"averageTravelTime":1.01,"medianTravelTime":0.91,"travelTimeRatio":0.87,"speedPercentiles":[43,49,53,58,63,64,69,72,74,77,79,81,82,85,88,89,93,97,103]},{"timeSet":8,"dateRange":1,"harmonicAverageSpeed":68.1,"medianSpeed":75.0,"averageSpeed":74.3,"standardDeviationSpeed":20.2,"travelTimeStandardDeviation":0.36,"sampleSize":408,"normalizedSampleSize":0.1144,"averageTravelTime":1.03,"medianTravelTime":0.93,"travelTimeRatio":0.88,"speedPercentiles":[42,47,53,58,60,64,66,69,72,75,78,80,82,84,86,89,93,100,110]},{"timeSet":9,"dateRange":1,"harmonicAverageSpeed":67.5,"medianSpeed":74.0,"averageSpeed":72.6,"standardDeviationSpeed":16.8,"travelTimeStandardDeviation":0.35,"sampleSize":566,"normalizedSampleSize":0.1587,"averageTravelTime":1.04,"medianTravelTime":0.94,"travelTimeRatio":0.89,"speedPercentiles":[41,48,56,60,63,66,68,71,73,74,76,78,80,81,83,86,88,93,98]},{"timeSet":10,"dateRange":1,"harmonicAverageSpeed":65.1,"medianSpeed":71.0,"averageSpeed":70.6,"standardDeviationSpeed":17.0,"travelTimeStandardDeviation":0.48,"sampleSize":952,"normalizedSampleSize":0.267,"averageTravelTime":1.07,"medianTravelTime":0.98,"travelTimeRatio":0.92,"speedPercentiles":[43,49,53,57,60,63,65,67,68,71,73,75,77,79,81,84,87,91,99]},{"timeSet":11,"dateRange":1,"harmonicAverageSpeed":61.8,"medianSpeed":68.0,"averageSpeed":66.9,"standardDeviationSpeed":16.5,"travelTimeStandardDeviation":0.39,"sampleSize":1558,"normalizedSampleSize":0.4369,"averageTravelTime":1.13,"medianTravelTime":1.03,"travelTimeRatio":0.97,"speedPercentiles":[36,45,49,53,57,60,62,64,66,68,70,72,74,76,78,80,83,87,92]},{"timeSet":12,"dateRange":1,"harmonicAverageSpeed":57.5,"medianSpeed":64.0,"averageSpeed":63.5,"standardDeviationSpeed":16.5,"travelTimeStandardDeviation":0.55,"sampleSize":2071,"normalizedSampleSize":0.5808,"averageTravelTime":1.21,"medianTravelTime":1.09,"travelTimeRatio":1.04,"speedPercentiles":[35,41,46,50,53,56,58,60,63,64,67,69,71,73,75,77,80,83,89]},{"timeSet":13,"dateRange":1,"harmonicAverageSpeed":56.9,"medianSpeed":63.0,"averageSpeed":62.7,"standardDeviationSpeed":16.5,"travelTimeStandardDeviation":0.54,"sampleSize":2298,"normalizedSampleSize":0.6444,"averageTravelTime":1.23,"medianTravelTime":1.11,"travelTimeRatio":1.05,"speedPercentiles":[34,40,45,49,53,55,57,59,61,63,65,67,69,71,74,76,79,83,89]},{"timeSet":14,"dateRange":1,"harmonicAverageSpeed":57.8,"medianSpeed":64.0,"averageSpeed":63.4,"standardDeviationSpeed":16.7,"travelTimeStandardDeviation":0.52,"sampleSize":2802,"normalizedSampleSize":0.7858,"averageTravelTime":1.21,"medianTravelTime":1.09,"travelTimeRatio":1.04,"speedPercentiles":[35,41,46,50,53,55,58,60,61,64,66,68,70,72,75,77,80,84,90]},{"timeSet":15,"dateRange":1,"harmonicAverageSpeed":60.2,"medianSpeed":68.0,"averageSpeed":66.6,"standardDeviationSpeed":18.4,"travelTimeStandardDeviation":0.47,"sampleSize":2397,"normalizedSampleSize":0.6722,"averageTravelTime":1.16,"medianTravelTime":1.03,"travelTimeRatio":0.99,"speedPercentiles":[34,41,47,52,55,58,61,63,66,68,70,72,74,76,78,81,83,87,94]},{"timeSet":16,"dateRange":1,"harmonicAverageSpeed":60.8,"medianSpeed":69.0,"averageSpeed":67.2,"standardDeviationSpeed":18.1,"travelTimeStandardDeviation":0.47,"sampleSize":1855,"normalizedSampleSize":0.5202,"averageTravelTime":1.15,"medianTravelTime":1.01,"travelTimeRatio":0.98,"speedPercentiles":[35,43,47,52,56,59,62,64,67,69,71,73,75,77,80,82,85,89,94]},{"timeSet":17,"dateRange":1,"harmonicAverageSpeed":58.4,"medianSpeed":66.0,"averageSpeed":64.7,"standardDeviationSpeed":17.6,"travelTimeStandardDeviation":0.51,"sampleSize":2267,"normalizedSampleSize":0.6357,"averageTravelTime":1.2,"medianTravelTime":1.06,"travelTimeRatio":1.03,"speedPercentiles":[34,41,46,50,54,57,59,62,64,66,68,70,72,74,77,79,82,85,90]},{"timeSet":18,"dateRange":1,"harmonicAverageSpeed":56.2,"medianSpeed":62.0,"averageSpeed":61.7,"standardDeviationSpeed":16.9,"travelTimeStandardDeviation":0.47,"sampleSize":2429,"normalizedSampleSize":0.6812,"averageTravelTime":1.24,"medianTravelTime":1.13,"travelTimeRatio":1.06,"speedPercentiles":[34,40,44,48,51,53,55,58,60,62,64,66,68,70,72,75,78,82,88]},{"timeSet":19,"dateRange":1,"harmonicAverageSpeed":52.6,"medianSpeed":58.0,"averageSpeed":58.2,"standardDeviationSpeed":16.4,"travelTimeStandardDeviation":0.57,"sampleSize":2625,"normalizedSampleSize":0.7361,"averageTravelTime":1.33,"medianTravelTime":1.2,"travelTimeRatio":1.14,"speedPercentiles":[32,37,42,45,47,50,52,54,56,58,60,63,64,66,68,71,74,78,85]},{"timeSet":20,"dateRange":1,"harmonicAverageSpeed":52.9,"medianSpeed":59.0,"averageSpeed":58.5,"standardDeviationSpeed":16.1,"travelTimeStandardDeviation":0.55,"sampleSize":2408,"normalizedSampleSize":0.6753,"averageTravelTime":1.32,"medianTravelTime":1.18,"travelTimeRatio":1.13,"speedPercentiles":[31,38,43,46,49,51,53,55,57,59,61,63,64,66,68,71,74,78,85]},{"timeSet":21,"dateRange":1,"harmonicAverageSpeed":56.1,"medianSpeed":62.0,"averageSpeed":61.2,"standardDeviationSpeed":15.9,"travelTimeStandardDeviation":0.46,"sampleSize":2228,"normalizedSampleSize":0.6248,"averageTravelTime":1.24,"medianTravelTime":1.13,"travelTimeRatio":1.07,"speedPercentiles":[33,41,45,48,52,53,56,58,60,62,64,65,67,69,71,74,77,81,87]},{"timeSet":22,"dateRange":1,"harmonicAverageSpeed":55.4,"medianSpeed":61.0,"averageSpeed":60.8,"standardDeviationSpeed":16.6,"travelTimeStandardDeviation":0.46,"sampleSize":2272,"normalizedSampleSize":0.6371,"averageTravelTime":1.26,"medianTravelTime":1.14,"travelTimeRatio":1.08,"speedPercentiles":[33,39,43,47,50,53,56,58,59,61,63,65,67,69,71,74,76,81,88]},{"timeSet":23,"dateRange":1,"harmonicAverageSpeed":62.8,"medianSpeed":69.0,"averageSpeed":69.0,"standardDeviationSpeed":18.6,"travelTimeStandardDeviation":0.45,"sampleSize":1350,"normalizedSampleSize":0.3786,"averageTravelTime":1.11,"medianTravelTime":1.01,"travelTimeRatio":0.95,"speedPercentiles":[38,45,50,54,57,60,62,64,67,69,71,73,76,78,81,84,87,92,99]},{"timeSet":24,"dateRange":1,"harmonicAverageSpeed":63.4,"medianSpeed":70.0,"averageSpeed":69.1,"standardDeviationSpeed":18.4,"travelTimeStandardDeviation":0.39,"sampleSize":1145,"normalizedSampleSize":0.3211,"averageTravelTime":1.1,"medianTravelTime":1.0,"travelTimeRatio":0.94,"speedPercentiles":[38,45,49,53,57,60,63,65,67,70,72,74,76,78,81,84,87,92,97]},{"timeSet":25,"dateRange":1,"harmonicAverageSpeed":62.7,"medianSpeed":69.0,"averageSpeed":69.3,"standardDeviationSpeed":20.1,"travelTimeStandardDeviation":0.42,"sampleSize":1084,"normalizedSampleSize":0.304,"averageTravelTime":1.11,"medianTravelTime":1.01,"travelTimeRatio":0.96,"speedPercentiles":[35,44,49,53,56,59,62,64,66,69,71,74,76,79,82,85,89,94,102]}]}},{"type":"Feature","geometry":{"type":"LineString","coordinates":[[12.47191,41.93426],[12.47192,41.93414]]},"properties":{"segmentId":13800007335860,"newSegmentId":"00004931-3600-0400-0000-0000034b9e33","speedLimit":50,"frc":3,"streetName":"Corso di Francia","distance":13.2,"segmentTimeResults":[{"timeSet":2,"dateRange":1,"harmonicAverageSpeed":62.0,"medianSpeed":68.0,"averageSpeed":68.5,"standardDeviationSpeed":19.9,"travelTimeStandardDeviation":0.29,"sampleSize":1619,"normalizedSampleSize":0.454,"averageTravelTime":0.77,"medianTravelTime":0.7,"travelTimeRatio":1.0,"speedPercentiles":[37,44,48,52,55,59,61,63,66,68,70,73,75,78,81,84,88,93,101]},{"timeSet":3,"dateRange":1,"harmonicAverageSpeed":62.9,"medianSpeed":67.0,"averageSpeed":69.3,"standardDeviationSpeed":20.8,"travelTimeStandardDeviation":0.27,"sampleSize":1177,"normalizedSampleSize":0.3301,"averageTravelTime":0.76,"medianTravelTime":0.71,"travelTimeRatio":0.99,"speedPercentiles":[38,44,48,52,56,59,61,63,65,67,70,73,75,78,82,85,89,94,105]},{"timeSet":4,"dateRange":1,"harmonicAverageSpeed":65.3,"medianSpeed":71.0,"averageSpeed":71.8,"standardDeviationSpeed":20.7,"travelTimeStandardDeviation":0.26,"sampleSize":790,"normalizedSampleSize":0.2215,"averageTravelTime":0.73,"medianTravelTime":0.67,"travelTimeRatio":0.95,"speedPercentiles":[39,46,51,55,59,61,64,66,68,71,73,76,79,81,85,87,92,98,106]},{"timeSet":5,"dateRange":1,"harmonicAverageSpeed":65.6,"medianSpeed":72.0,"averageSpeed":73.0,"standardDeviationSpeed":21.4,"travelTimeStandardDeviation":0.33,"sampleSize":394,"normalizedSampleSize":0.1105,"averageTravelTime":0.72,"medianTravelTime":0.66,"travelTimeRatio":0.94,"speedPercentiles":[38,47,52,56,58,62,65,67,69,72,75,77,79,83,87,91,95,99,105]},{"timeSet":6,"dateRange":1,"harmonicAverageSpeed":62.6,"medianSpeed":71.0,"averageSpeed":70.6,"standardDeviationSpeed":21.8,"travelTimeStandardDeviation":0.31,"sampleSize":392,"normalizedSampleSize":0.1099,"averageTravelTime":0.76,"medianTravelTime":0.67,"travelTimeRatio":0.99,"speedPercentiles":[34,39,45,52,55,59,64,67,69,71,74,77,79,82,84,89,92,99,105]},{"timeSet":7,"dateRange":1,"harmonicAverageSpeed":69.8,"medianSpeed":78.0,"averageSpeed":75.7,"standardDeviationSpeed":19.7,"travelTimeStandardDeviation":0.23,"sampleSize":327,"normalizedSampleSize":0.0917,"averageTravelTime":0.68,"medianTravelTime":0.61,"travelTimeRatio":0.89,"speedPercentiles":[44,49,55,58,63,65,69,72,75,78,80,81,83,85,89,90,94,98,107]},{"timeSet":8,"dateRange":1,"harmonicAverageSpeed":69.2,"medianSpeed":76.0,"averageSpeed":75.2,"standardDeviationSpeed":20.3,"travelTimeStandardDeviation":0.22,"sampleSize":408,"normalizedSampleSize":0.1144,"averageTravelTime":0.69,"medianTravelTime":0.63,"travelTimeRatio":0.89,"speedPercentiles":[43,48,54,59,61,64,67,70,73,76,78,81,83,85,87,90,93,100,111]},{"timeSet":9,"dateRange":1,"harmonicAverageSpeed":68.6,"medianSpeed":75.0,"averageSpeed":73.3,"standardDeviationSpeed":16.6,"travelTimeStandardDeviation":0.21,"sampleSize":565,"normalizedSampleSize":0.1584,"averageTravelTime":0.69,"medianTravelTime":0.63,"travelTimeRatio":0.9,"speedPercentiles":[42,49,57,61,64,67,69,71,73,75,76,79,80,82,84,86,89,94,98]},{"timeSet":10,"dateRange":1,"harmonicAverageSpeed":66.4,"medianSpeed":71.0,"averageSpeed":71.4,"standardDeviationSpeed":17.1,"travelTimeStandardDeviation":0.25,"sampleSize":954,"normalizedSampleSize":0.2675,"averageTravelTime":0.72,"medianTravelTime":0.67,"travelTimeRatio":0.93,"speedPercentiles":[43,50,54,58,61,63,65,67,69,71,74,76,77,80,83,85,88,93,100]},{"timeSet":11,"dateRange":1,"harmonicAverageSpeed":63.0,"medianSpeed":68.0,"averageSpeed":67.8,"standardDeviationSpeed":16.5,"travelTimeStandardDeviation":0.24,"sampleSize":1560,"normalizedSampleSize":0.4375,"averageTravelTime":0.75,"medianTravelTime":0.7,"travelTimeRatio":0.98,"speedPercentiles":[38,45,50,55,58,60,63,65,67,68,71,73,75,77,79,81,84,88,94]},{"timeSet":12,"dateRange":1,"harmonicAverageSpeed":59.3,"medianSpeed":65.0,"averageSpeed":64.9,"standardDeviationSpeed":16.5,"travelTimeStandardDeviation":0.34,"sampleSize":2073,"normalizedSampleSize":0.5813,"averageTravelTime":0.8,"medianTravelTime":0.73,"travelTimeRatio":1.04,"speedPercentiles":[37,43,48,52,55,57,59,62,64,65,68,69,72,73,76,78,81,85,91]},{"timeSet":13,"dateRange":1,"harmonicAverageSpeed":58.6,"medianSpeed":64.0,"averageSpeed":63.9,"standardDeviationSpeed":16.5,"travelTimeStandardDeviation":0.33,"sampleSize":2304,"normalizedSampleSize":0.6461,"averageTravelTime":0.81,"medianTravelTime":0.74,"travelTimeRatio":1.06,"speedPercentiles":[35,42,46,50,54,56,59,61,63,64,66,68,70,72,75,77,81,84,91]},{"timeSet":14,"dateRange":1,"harmonicAverageSpeed":59.1,"medianSpeed":64.0,"averageSpeed":64.5,"standardDeviationSpeed":16.8,"travelTimeStandardDeviation":0.33,"sampleSize":2803,"normalizedSampleSize":0.786,"averageTravelTime":0.8,"medianTravelTime":0.74,"travelTimeRatio":1.05,"speedPercentiles":[36,42,47,51,54,56,59,60,63,64,67,69,71,73,75,78,81,85,92]},{"timeSet":15,"dateRange":1,"harmonicAverageSpeed":61.7,"medianSpeed":69.0,"averageSpeed":67.7,"standardDeviationSpeed":18.3,"travelTimeStandardDeviation":0.28,"sampleSize":2399,"normalizedSampleSize":0.6727,"averageTravelTime":0.77,"medianTravelTime":0.69,"travelTimeRatio":1.0,"speedPercentiles":[36,42,48,53,56,59,62,64,67,69,71,73,75,77,79,82,85,88,97]},{"timeSet":16,"dateRange":1,"harmonicAverageSpeed":62.8,"medianSpeed":70.0,"averageSpeed":68.6,"standardDeviationSpeed":18.0,"travelTimeStandardDeviation":0.28,"sampleSize":1856,"normalizedSampleSize":0.5205,"averageTravelTime":0.76,"medianTravelTime":0.68,"travelTimeRatio":0.99,"speedPercentiles":[37,44,49,54,57,60,63,65,68,70,72,74,76,78,81,84,86,90,95]},{"timeSet":17,"dateRange":1,"harmonicAverageSpeed":60.0,"medianSpeed":67.0,"averageSpeed":65.7,"standardDeviationSpeed":17.4,"travelTimeStandardDeviation":0.3,"sampleSize":2267,"normalizedSampleSize":0.6357,"averageTravelTime":0.79,"medianTravelTime":0.71,"travelTimeRatio":1.03,"speedPercentiles":[36,42,47,51,55,58,60,62,64,67,68,70,73,75,77,80,83,86,92]},{"timeSet":18,"dateRange":1,"harmonicAverageSpeed":57.8,"medianSpeed":63.0,"averageSpeed":62.9,"standardDeviationSpeed":16.8,"travelTimeStandardDeviation":0.3,"sampleSize":2436,"normalizedSampleSize":0.6831,"averageTravelTime":0.82,"medianTravelTime":0.75,"travelTimeRatio":1.07,"speedPercentiles":[35,42,46,49,52,55,57,59,61,63,65,67,69,71,73,76,79,83,90]},{"timeSet":19,"dateRange":1,"harmonicAverageSpeed":54.2,"medianSpeed":59.0,"averageSpeed":59.3,"standardDeviationSpeed":16.2,"travelTimeStandardDeviation":0.32,"sampleSize":2629,"normalizedSampleSize":0.7372,"averageTravelTime":0.88,"medianTravelTime":0.81,"travelTimeRatio":1.14,"speedPercentiles":[33,38,43,46,49,51,53,55,57,59,61,63,65,67,69,72,75,79,86]},{"timeSet":20,"dateRange":1,"harmonicAverageSpeed":54.8,"medianSpeed":60.0,"averageSpeed":59.8,"standardDeviationSpeed":15.8,"travelTimeStandardDeviation":0.31,"sampleSize":2411,"normalizedSampleSize":0.6761,"averageTravelTime":0.87,"medianTravelTime":0.79,"travelTimeRatio":1.13,"speedPercentiles":[33,40,44,47,50,52,54,56,58,60,61,63,65,67,69,72,75,80,87]},{"timeSet":21,"dateRange":1,"harmonicAverageSpeed":57.6,"medianSpeed":63.0,"averageSpeed":62.2,"standardDeviationSpeed":15.7,"travelTimeStandardDeviation":0.27,"sampleSize":2234,"normalizedSampleSize":0.6265,"averageTravelTime":0.82,"medianTravelTime":0.75,"travelTimeRatio":1.07,"speedPercentiles":[35,42,46,50,52,54,57,59,61,63,64,66,68,70,72,75,78,81,87]},{"timeSet":22,"dateRange":1,"harmonicAverageSpeed":56.8,"medianSpeed":62.0,"averageSpeed":61.9,"standardDeviationSpeed":16.6,"travelTimeStandardDeviation":0.29,"sampleSize":2270,"normalizedSampleSize":0.6366,"averageTravelTime":0.84,"medianTravelTime":0.77,"travelTimeRatio":1.09,"speedPercentiles":[34,40,44,48,51,54,57,58,60,62,64,66,68,70,72,74,78,82,89]},{"timeSet":23,"dateRange":1,"harmonicAverageSpeed":64.2,"medianSpeed":70.0,"averageSpeed":70.1,"standardDeviationSpeed":18.7,"travelTimeStandardDeviation":0.27,"sampleSize":1356,"normalizedSampleSize":0.3803,"averageTravelTime":0.74,"medianTravelTime":0.68,"travelTimeRatio":0.96,"speedPercentiles":[40,46,51,55,58,60,63,65,68,70,72,74,77,79,82,85,89,94,102]},{"timeSet":24,"dateRange":1,"harmonicAverageSpeed":64.1,"medianSpeed":70.0,"averageSpeed":69.8,"standardDeviationSpeed":18.2,"travelTimeStandardDeviation":0.32,"sampleSize":1144,"normalizedSampleSize":0.3208,"averageTravelTime":0.74,"medianTravelTime":0.68,"travelTimeRatio":0.97,"speedPercentiles":[40,46,50,55,58,60,63,66,68,70,72,74,77,79,81,85,87,92,98]},{"timeSet":25,"dateRange":1,"harmonicAverageSpeed":64.0,"medianSpeed":69.0,"averageSpeed":70.1,"standardDeviationSpeed":19.9,"travelTimeStandardDeviation":0.26,"sampleSize":1087,"normalizedSampleSize":0.3048,"averageTravelTime":0.74,"medianTravelTime":0.69,"travelTimeRatio":0.97,"speedPercentiles":[38,45,50,54,57,60,63,65,67,69,71,74,77,80,83,86,90,95,104]}]}},{"type":"Feature","geometry":{"type":"LineString","coordinates":[[12.47192,41.93414],[12.47195,41.93401]]},"properties":{"segmentId":13800013612830,"newSegmentId":"b1f61224-8ea4-473e-a2db-e1270aa655fd","speedLimit":50,"frc":3,"streetName":"Corso di Francia","distance":13.99,"segmentTimeResults":[{"timeSet":2,"dateRange":1,"harmonicAverageSpeed":62.8,"medianSpeed":68.0,"averageSpeed":69.0,"standardDeviationSpeed":19.7,"travelTimeStandardDeviation":0.29,"sampleSize":1621,"normalizedSampleSize":0.4546,"averageTravelTime":0.8,"medianTravelTime":0.74,"travelTimeRatio":1.0,"speedPercentiles":[39,44,49,52,56,59,61,63,66,68,71,73,76,78,81,84,88,93,102]},{"timeSet":3,"dateRange":1,"harmonicAverageSpeed":63.6,"medianSpeed":68.0,"averageSpeed":69.7,"standardDeviationSpeed":20.4,"travelTimeStandardDeviation":0.27,"sampleSize":1177,"normalizedSampleSize":0.3301,"averageTravelTime":0.79,"medianTravelTime":0.74,"travelTimeRatio":0.99,"speedPercentiles":[39,45,48,52,56,59,61,64,65,68,71,73,75,79,82,86,89,95,105]},{"timeSet":4,"dateRange":1,"harmonicAverageSpeed":66.1,"medianSpeed":71.0,"averageSpeed":72.4,"standardDeviationSpeed":20.4,"travelTimeStandardDeviation":0.26,"sampleSize":790,"normalizedSampleSize":0.2215,"averageTravelTime":0.76,"medianTravelTime":0.71,"travelTimeRatio":0.95,"speedPercentiles":[40,47,52,56,59,62,64,67,69,71,73,76,79,81,85,88,93,98,106]},{"timeSet":5,"dateRange":1,"harmonicAverageSpeed":66.2,"medianSpeed":73.0,"averageSpeed":73.4,"standardDeviationSpeed":21.3,"travelTimeStandardDeviation":0.35,"sampleSize":394,"normalizedSampleSize":0.1105,"averageTravelTime":0.76,"medianTravelTime":0.69,"travelTimeRatio":0.95,"speedPercentiles":[39,47,52,56,58,62,65,68,70,73,75,77,80,83,88,92,96,99,106]},{"timeSet":6,"dateRange":1,"harmonicAverageSpeed":63.9,"medianSpeed":72.0,"averageSpeed":71.3,"standardDeviationSpeed":21.4,"travelTimeStandardDeviation":0.3,"sampleSize":392,"normalizedSampleSize":0.1099,"averageTravelTime":0.79,"medianTravelTime":0.7,"travelTimeRatio":0.98,"speedPercentiles":[36,43,47,53,55,60,65,67,69,72,75,77,80,82,84,89,92,99,106]},{"timeSet":7,"dateRange":1,"harmonicAverageSpeed":70.1,"medianSpeed":79.0,"averageSpeed":76.0,"standardDeviationSpeed":19.5,"travelTimeStandardDeviation":0.24,"sampleSize":327,"normalizedSampleSize":0.0917,"averageTravelTime":0.72,"medianTravelTime":0.64,"travelTimeRatio":0.9,"speedPercentiles":[45,50,54,58,63,65,69,72,75,79,80,81,84,86,89,90,94,99,106]},{"timeSet":8,"dateRange":1,"harmonicAverageSpeed":69.4,"medianSpeed":76.0,"averageSpeed":75.5,"standardDeviationSpeed":20.4,"travelTimeStandardDeviation":0.24,"sampleSize":408,"normalizedSampleSize":0.1144,"averageTravelTime":0.73,"medianTravelTime":0.66,"travelTimeRatio":0.9,"speedPercentiles":[43,48,55,58,62,64,67,70,73,76,79,81,83,85,87,90,93,100,111]},{"timeSet":9,"dateRange":1,"harmonicAverageSpeed":69.1,"medianSpeed":75.0,"averageSpeed":73.7,"standardDeviationSpeed":16.6,"travelTimeStandardDeviation":0.22,"sampleSize":564,"normalizedSampleSize":0.1582,"averageTravelTime":0.73,"medianTravelTime":0.67,"travelTimeRatio":0.91,"speedPercentiles":[43,49,58,61,64,67,70,72,73,75,77,79,81,82,85,87,90,95,98]},{"timeSet":10,"dateRange":1,"harmonicAverageSpeed":67.1,"medianSpeed":72.0,"averageSpeed":71.9,"standardDeviationSpeed":17.1,"travelTimeStandardDeviation":0.26,"sampleSize":954,"normalizedSampleSize":0.2675,"averageTravelTime":0.75,"medianTravelTime":0.7,"travelTimeRatio":0.94,"speedPercentiles":[44,50,54,58,61,64,66,68,69,72,74,76,78,80,83,86,89,93,100]},{"timeSet":11,"dateRange":1,"harmonicAverageSpeed":63.4,"medianSpeed":69.0,"averageSpeed":68.2,"standardDeviationSpeed":16.5,"travelTimeStandardDeviation":0.25,"sampleSize":1561,"normalizedSampleSize":0.4377,"averageTravelTime":0.79,"medianTravelTime":0.73,"travelTimeRatio":0.99,"speedPercentiles":[39,45,51,55,58,61,63,65,67,69,71,73,75,77,79,81,85,88,94]},{"timeSet":12,"dateRange":1,"harmonicAverageSpeed":60.1,"medianSpeed":66.0,"averageSpeed":65.5,"standardDeviationSpeed":16.4,"travelTimeStandardDeviation":0.36,"sampleSize":2071,"normalizedSampleSize":0.5808,"averageTravelTime":0.84,"medianTravelTime":0.76,"travelTimeRatio":1.05,"speedPercentiles":[37,43,49,52,55,58,60,62,64,66,68,70,72,74,76,79,81,86,91]},{"timeSet":13,"dateRange":1,"harmonicAverageSpeed":59.4,"medianSpeed":65.0,"averageSpeed":64.5,"standardDeviationSpeed":16.4,"travelTimeStandardDeviation":0.31,"sampleSize":2307,"normalizedSampleSize":0.6469,"averageTravelTime":0.85,"medianTravelTime":0.77,"travelTimeRatio":1.06,"speedPercentiles":[36,43,47,51,54,57,59,61,63,65,67,69,71,73,75,78,81,85,91]},{"timeSet":14,"dateRange":1,"harmonicAverageSpeed":59.7,"medianSpeed":65.0,"averageSpeed":65.0,"standardDeviationSpeed":16.7,"travelTimeStandardDeviation":0.35,"sampleSize":2803,"normalizedSampleSize":0.786,"averageTravelTime":0.84,"medianTravelTime":0.77,"travelTimeRatio":1.05,"speedPercentiles":[37,43,48,51,55,57,59,61,63,65,68,70,72,74,76,78,81,85,92]},{"timeSet":15,"dateRange":1,"harmonicAverageSpeed":62.3,"medianSpeed":69.0,"averageSpeed":68.2,"standardDeviationSpeed":18.3,"travelTimeStandardDeviation":0.29,"sampleSize":2403,"normalizedSampleSize":0.6739,"averageTravelTime":0.81,"medianTravelTime":0.73,"travelTimeRatio":1.01,"speedPercentiles":[36,43,49,53,57,60,62,65,67,69,72,73,76,78,80,82,85,89,97]},{"timeSet":16,"dateRange":1,"harmonicAverageSpeed":63.4,"medianSpeed":70.0,"averageSpeed":69.1,"standardDeviationSpeed":17.8,"travelTimeStandardDeviation":0.32,"sampleSize":1855,"normalizedSampleSize":0.5202,"averageTravelTime":0.79,"medianTravelTime":0.72,"travelTimeRatio":0.99,"speedPercentiles":[38,44,49,54,58,61,63,66,68,70,73,75,77,79,81,84,87,90,96]},{"timeSet":17,"dateRange":1,"harmonicAverageSpeed":60.6,"medianSpeed":67.0,"averageSpeed":66.2,"standardDeviationSpeed":17.3,"travelTimeStandardDeviation":0.31,"sampleSize":2272,"normalizedSampleSize":0.6371,"averageTravelTime":0.83,"medianTravelTime":0.75,"travelTimeRatio":1.04,"speedPercentiles":[36,43,48,51,56,58,61,63,65,67,69,71,73,76,78,80,83,87,93]},{"timeSet":18,"dateRange":1,"harmonicAverageSpeed":58.5,"medianSpeed":63.0,"averageSpeed":63.5,"standardDeviationSpeed":16.7,"travelTimeStandardDeviation":0.31,"sampleSize":2436,"normalizedSampleSize":0.6831,"averageTravelTime":0.86,"medianTravelTime":0.8,"travelTimeRatio":1.07,"speedPercentiles":[36,42,47,50,53,55,57,59,61,63,65,67,69,71,74,76,80,84,90]},{"timeSet":19,"dateRange":1,"harmonicAverageSpeed":55.1,"medianSpeed":60.0,"averageSpeed":60.0,"standardDeviationSpeed":16.0,"travelTimeStandardDeviation":0.32,"sampleSize":2631,"normalizedSampleSize":0.7378,"averageTravelTime":0.91,"medianTravelTime":0.84,"travelTimeRatio":1.14,"speedPercentiles":[34,40,43,47,50,52,54,56,58,60,62,64,66,68,70,72,76,80,86]},{"timeSet":20,"dateRange":1,"harmonicAverageSpeed":55.5,"medianSpeed":60.0,"averageSpeed":60.3,"standardDeviationSpeed":15.8,"travelTimeStandardDeviation":0.33,"sampleSize":2411,"normalizedSampleSize":0.6761,"averageTravelTime":0.91,"medianTravelTime":0.84,"travelTimeRatio":1.13,"speedPercentiles":[34,40,45,48,50,53,55,57,58,60,62,64,66,68,70,73,76,80,87]},{"timeSet":21,"dateRange":1,"harmonicAverageSpeed":58.2,"medianSpeed":63.0,"averageSpeed":62.6,"standardDeviationSpeed":15.6,"travelTimeStandardDeviation":0.27,"sampleSize":2236,"normalizedSampleSize":0.627,"averageTravelTime":0.87,"medianTravelTime":0.8,"travelTimeRatio":1.08,"speedPercentiles":[36,42,47,50,53,55,57,59,61,63,65,66,68,71,73,75,78,81,87]},{"timeSet":22,"dateRange":1,"harmonicAverageSpeed":57.5,"medianSpeed":63.0,"averageSpeed":62.4,"standardDeviationSpeed":16.4,"travelTimeStandardDeviation":0.29,"sampleSize":2272,"normalizedSampleSize":0.6371,"averageTravelTime":0.88,"medianTravelTime":0.8,"travelTimeRatio":1.09,"speedPercentiles":[35,41,45,49,52,55,57,59,61,63,65,67,68,70,72,75,78,83,89]},{"timeSet":23,"dateRange":1,"harmonicAverageSpeed":65.0,"medianSpeed":70.0,"averageSpeed":70.6,"standardDeviationSpeed":18.6,"travelTimeStandardDeviation":0.28,"sampleSize":1357,"normalizedSampleSize":0.3805,"averageTravelTime":0.78,"medianTravelTime":0.72,"travelTimeRatio":0.97,"speedPercentiles":[41,46,51,56,58,61,63,66,68,70,73,75,77,80,82,86,90,94,103]},{"timeSet":24,"dateRange":1,"harmonicAverageSpeed":64.3,"medianSpeed":70.0,"averageSpeed":70.1,"standardDeviationSpeed":18.2,"travelTimeStandardDeviation":0.41,"sampleSize":1144,"normalizedSampleSize":0.3208,"averageTravelTime":0.78,"medianTravelTime":0.72,"travelTimeRatio":0.98,"speedPercentiles":[41,46,51,55,58,61,64,66,68,70,72,75,77,79,81,85,88,92,98]},{"timeSet":25,"dateRange":1,"harmonicAverageSpeed":64.6,"medianSpeed":69.0,"averageSpeed":70.6,"standardDeviationSpeed":19.8,"travelTimeStandardDeviation":0.26,"sampleSize":1086,"normalizedSampleSize":0.3045,"averageTravelTime":0.78,"medianTravelTime":0.73,"travelTimeRatio":0.97,"speedPercentiles":[39,46,50,54,57,60,63,65,67,69,72,75,77,80,83,87,90,95,103]}]}},{"type":"Feature","geometry":{"type":"LineString","coordinates":[[12.47195,41.93401],[12.47223,41.93258]]},"properties":{"segmentId":13800013612829,"newSegmentId":"f066f3f7-7d80-4540-99ad-836894065017","speedLimit":50,"frc":3,"streetName":"Corso di Francia","distance":161.29,"segmentTimeResults":[{"timeSet":2,"dateRange":1,"harmonicAverageSpeed":65.1,"medianSpeed":69.0,"averageSpeed":70.8,"standardDeviationSpeed":19.7,"travelTimeStandardDeviation":2.97,"sampleSize":1618,"normalizedSampleSize":0.4537,"averageTravelTime":8.93,"medianTravelTime":8.42,"travelTimeRatio":1.0,"speedPercentiles":[42,46,51,54,57,60,62,65,67,69,72,74,77,80,83,86,89,95,106]},{"timeSet":3,"dateRange":1,"harmonicAverageSpeed":65.9,"medianSpeed":70.0,"averageSpeed":71.5,"standardDeviationSpeed":20.0,"travelTimeStandardDeviation":2.72,"sampleSize":1174,"normalizedSampleSize":0.3292,"averageTravelTime":8.81,"medianTravelTime":8.29,"travelTimeRatio":0.99,"speedPercentiles":[43,47,52,55,58,60,63,65,67,70,72,74,77,80,84,87,91,97,107]},{"timeSet":4,"dateRange":1,"harmonicAverageSpeed":67.7,"medianSpeed":72.0,"averageSpeed":73.8,"standardDeviationSpeed":20.8,"travelTimeStandardDeviation":2.81,"sampleSize":787,"normalizedSampleSize":0.2207,"averageTravelTime":8.57,"medianTravelTime":8.06,"travelTimeRatio":0.96,"speedPercentiles":[44,49,54,56,59,62,65,66,68,72,74,77,81,83,86,90,95,101,109]},{"timeSet":5,"dateRange":1,"harmonicAverageSpeed":69.2,"medianSpeed":73.0,"averageSpeed":74.9,"standardDeviationSpeed":20.7,"travelTimeStandardDeviation":2.58,"sampleSize":395,"normalizedSampleSize":0.1108,"averageTravelTime":8.39,"medianTravelTime":7.95,"travelTimeRatio":0.94,"speedPercentiles":[45,50,54,57,60,62,65,68,71,73,76,78,80,85,88,93,97,101,109]},{"timeSet":6,"dateRange":1,"harmonicAverageSpeed":68.3,"medianSpeed":74.0,"averageSpeed":74.4,"standardDeviationSpeed":19.9,"travelTimeStandardDeviation":2.98,"sampleSize":391,"normalizedSampleSize":0.1096,"averageTravelTime":8.5,"medianTravelTime":7.85,"travelTimeRatio":0.95,"speedPercentiles":[42,50,55,58,61,63,66,69,72,74,76,78,81,83,85,91,95,100,107]},{"timeSet":7,"dateRange":1,"harmonicAverageSpeed":70.9,"medianSpeed":79.0,"averageSpeed":76.8,"standardDeviationSpeed":19.8,"travelTimeStandardDeviation":2.79,"sampleSize":325,"normalizedSampleSize":0.0911,"averageTravelTime":8.19,"medianTravelTime":7.35,"travelTimeRatio":0.92,"speedPercentiles":[47,52,56,59,62,66,69,72,75,79,81,83,85,87,89,93,97,101,108]},{"timeSet":8,"dateRange":1,"harmonicAverageSpeed":70.1,"medianSpeed":76.0,"averageSpeed":75.8,"standardDeviationSpeed":20.1,"travelTimeStandardDeviation":2.63,"sampleSize":408,"normalizedSampleSize":0.1144,"averageTravelTime":8.29,"medianTravelTime":7.64,"travelTimeRatio":0.93,"speedPercentiles":[44,51,55,58,62,65,67,71,73,76,78,80,83,85,88,91,94,101,111]},{"timeSet":9,"dateRange":1,"harmonicAverageSpeed":70.0,"medianSpeed":76.0,"averageSpeed":74.8,"standardDeviationSpeed":17.2,"travelTimeStandardDeviation":2.51,"sampleSize":562,"normalizedSampleSize":0.1576,"averageTravelTime":8.29,"medianTravelTime":7.64,"travelTimeRatio":0.93,"speedPercentiles":[43,50,58,61,64,67,70,72,74,76,78,80,82,84,86,88,91,96,101]},{"timeSet":10,"dateRange":1,"harmonicAverageSpeed":68.2,"medianSpeed":73.0,"averageSpeed":73.0,"standardDeviationSpeed":17.2,"travelTimeStandardDeviation":3.02,"sampleSize":952,"normalizedSampleSize":0.267,"averageTravelTime":8.52,"medianTravelTime":7.95,"travelTimeRatio":0.95,"speedPercentiles":[45,51,56,60,62,65,67,69,71,73,75,77,79,81,83,86,90,95,102]},{"timeSet":11,"dateRange":1,"harmonicAverageSpeed":64.7,"medianSpeed":70.0,"averageSpeed":69.3,"standardDeviationSpeed":16.6,"travelTimeStandardDeviation":2.72,"sampleSize":1551,"normalizedSampleSize":0.4349,"averageTravelTime":8.98,"medianTravelTime":8.29,"travelTimeRatio":1.01,"speedPercentiles":[40,46,52,56,59,62,63,66,68,70,72,74,76,78,80,83,86,90,95]},{"timeSet":12,"dateRange":1,"harmonicAverageSpeed":61.8,"medianSpeed":68.0,"averageSpeed":67.0,"standardDeviationSpeed":16.6,"travelTimeStandardDeviation":3.57,"sampleSize":2065,"normalizedSampleSize":0.5791,"averageTravelTime":9.39,"medianTravelTime":8.54,"travelTimeRatio":1.05,"speedPercentiles":[38,44,50,54,57,59,61,63,65,68,69,72,74,76,78,81,83,88,92]},{"timeSet":13,"dateRange":1,"harmonicAverageSpeed":61.4,"medianSpeed":67.0,"averageSpeed":66.2,"standardDeviationSpeed":16.4,"travelTimeStandardDeviation":3.15,"sampleSize":2298,"normalizedSampleSize":0.6444,"averageTravelTime":9.46,"medianTravelTime":8.67,"travelTimeRatio":1.06,"speedPercentiles":[37,44,49,53,57,59,61,63,65,67,68,71,72,74,76,79,83,87,93]},{"timeSet":14,"dateRange":1,"harmonicAverageSpeed":61.8,"medianSpeed":67.0,"averageSpeed":66.5,"standardDeviationSpeed":16.6,"travelTimeStandardDeviation":2.92,"sampleSize":2788,"normalizedSampleSize":0.7818,"averageTravelTime":9.39,"medianTravelTime":8.67,"travelTimeRatio":1.05,"speedPercentiles":[38,44,49,53,56,58,61,63,65,67,69,71,73,75,77,80,83,87,93]},{"timeSet":15,"dateRange":1,"harmonicAverageSpeed":64.2,"medianSpeed":71.0,"averageSpeed":69.9,"standardDeviationSpeed":18.4,"travelTimeStandardDeviation":3.05,"sampleSize":2389,"normalizedSampleSize":0.6699,"averageTravelTime":9.04,"medianTravelTime":8.18,"travelTimeRatio":1.01,"speedPercentiles":[38,45,50,55,58,61,64,66,69,71,73,75,77,79,82,85,87,91,99]},{"timeSet":16,"dateRange":1,"harmonicAverageSpeed":65.4,"medianSpeed":72.0,"averageSpeed":70.8,"standardDeviationSpeed":17.8,"travelTimeStandardDeviation":2.99,"sampleSize":1847,"normalizedSampleSize":0.5179,"averageTravelTime":8.87,"medianTravelTime":8.06,"travelTimeRatio":0.99,"speedPercentiles":[41,47,52,56,59,62,64,66,69,72,73,76,78,80,83,86,89,92,98]},{"timeSet":17,"dateRange":1,"harmonicAverageSpeed":62.5,"medianSpeed":68.0,"averageSpeed":67.7,"standardDeviationSpeed":17.3,"travelTimeStandardDeviation":3.13,"sampleSize":2262,"normalizedSampleSize":0.6343,"averageTravelTime":9.29,"medianTravelTime":8.54,"travelTimeRatio":1.04,"speedPercentiles":[38,44,49,54,57,60,62,64,66,68,70,72,75,77,79,82,85,89,95]},{"timeSet":18,"dateRange":1,"harmonicAverageSpeed":60.0,"medianSpeed":65.0,"averageSpeed":64.8,"standardDeviationSpeed":16.5,"travelTimeStandardDeviation":3.35,"sampleSize":2427,"normalizedSampleSize":0.6806,"averageTravelTime":9.67,"medianTravelTime":8.93,"travelTimeRatio":1.08,"speedPercentiles":[37,44,48,51,54,57,59,61,63,65,66,68,70,72,75,78,81,85,91]},{"timeSet":19,"dateRange":1,"harmonicAverageSpeed":57.7,"medianSpeed":62.0,"averageSpeed":62.1,"standardDeviationSpeed":15.8,"travelTimeStandardDeviation":3.11,"sampleSize":2620,"normalizedSampleSize":0.7347,"averageTravelTime":10.07,"medianTravelTime":9.37,"travelTimeRatio":1.13,"speedPercentiles":[35,42,46,49,52,55,57,59,60,62,64,65,67,69,72,74,78,82,89]},{"timeSet":20,"dateRange":1,"harmonicAverageSpeed":58.1,"medianSpeed":62.0,"averageSpeed":62.2,"standardDeviationSpeed":15.3,"travelTimeStandardDeviation":2.88,"sampleSize":2389,"normalizedSampleSize":0.6699,"averageTravelTime":9.99,"medianTravelTime":9.37,"travelTimeRatio":1.12,"speedPercentiles":[38,43,46,49,52,54,56,58,60,62,64,65,67,69,71,74,77,81,88]},{"timeSet":21,"dateRange":1,"harmonicAverageSpeed":60.0,"medianSpeed":64.0,"averageSpeed":64.2,"standardDeviationSpeed":15.6,"travelTimeStandardDeviation":2.86,"sampleSize":2228,"normalizedSampleSize":0.6248,"averageTravelTime":9.68,"medianTravelTime":9.07,"travelTimeRatio":1.08,"speedPercentiles":[38,44,48,52,54,57,59,61,62,64,66,68,69,71,74,76,80,84,89]},{"timeSet":22,"dateRange":1,"harmonicAverageSpeed":59.3,"medianSpeed":64.0,"averageSpeed":63.9,"standardDeviationSpeed":16.3,"travelTimeStandardDeviation":3.06,"sampleSize":2260,"normalizedSampleSize":0.6338,"averageTravelTime":9.79,"medianTravelTime":9.07,"travelTimeRatio":1.1,"speedPercentiles":[37,43,47,51,54,56,58,60,62,64,66,68,70,72,74,77,80,83,91]},{"timeSet":23,"dateRange":1,"harmonicAverageSpeed":66.6,"medianSpeed":72.0,"averageSpeed":72.0,"standardDeviationSpeed":18.7,"travelTimeStandardDeviation":2.95,"sampleSize":1351,"normalizedSampleSize":0.3789,"averageTravelTime":8.71,"medianTravelTime":8.06,"travelTimeRatio":0.98,"speedPercentiles":[43,48,53,56,59,61,64,66,69,72,74,76,79,81,83,87,92,96,104]},{"timeSet":24,"dateRange":1,"harmonicAverageSpeed":66.2,"medianSpeed":71.0,"averageSpeed":71.2,"standardDeviationSpeed":18.2,"travelTimeStandardDeviation":2.65,"sampleSize":1140,"normalizedSampleSize":0.3197,"averageTravelTime":8.77,"medianTravelTime":8.18,"travelTimeRatio":0.98,"speedPercentiles":[42,47,53,56,59,62,65,66,68,71,73,75,77,80,82,86,89,93,101]},{"timeSet":25,"dateRange":1,"harmonicAverageSpeed":66.2,"medianSpeed":71.0,"averageSpeed":72.0,"standardDeviationSpeed":19.8,"travelTimeStandardDeviation":2.84,"sampleSize":1081,"normalizedSampleSize":0.3031,"averageTravelTime":8.77,"medianTravelTime":8.18,"travelTimeRatio":0.98,"speedPercentiles":[42,47,51,56,58,61,64,66,68,71,73,76,79,81,85,88,92,97,106]}]}},{"type":"Feature","geometry":{"type":"LineString","coordinates":[[12.47223,41.93258],[12.47233,41.93203]]},"properties":{"segmentId":13800012635043,"newSegmentId":"deee0406-505a-48a2-aa00-5c9247510784","speedLimit":50,"frc":3,"streetName":"Corso di Francia","distance":60.71,"segmentTimeResults":[{"timeSet":2,"dateRange":1,"harmonicAverageSpeed":69.4,"medianSpeed":76.0,"averageSpeed":76.3,"standardDeviationSpeed":21.4,"travelTimeStandardDeviation":1.15,"sampleSize":1619,"normalizedSampleSize":0.454,"averageTravelTime":3.15,"medianTravelTime":2.88,"travelTimeRatio":1.0,"speedPercentiles":[42,48,54,58,62,65,68,71,74,76,79,81,83,86,89,92,98,104,115]},{"timeSet":3,"dateRange":1,"harmonicAverageSpeed":71.0,"medianSpeed":76.0,"averageSpeed":76.9,"standardDeviationSpeed":20.4,"travelTimeStandardDeviation":1.01,"sampleSize":1184,"normalizedSampleSize":0.332,"averageTravelTime":3.08,"medianTravelTime":2.88,"travelTimeRatio":0.98,"speedPercentiles":[45,51,56,60,63,67,69,71,74,76,78,81,83,86,89,93,97,103,113]},{"timeSet":4,"dateRange":1,"harmonicAverageSpeed":72.8,"medianSpeed":80.0,"averageSpeed":79.5,"standardDeviationSpeed":21.7,"travelTimeStandardDeviation":1.04,"sampleSize":804,"normalizedSampleSize":0.2255,"averageTravelTime":3.0,"medianTravelTime":2.73,"travelTimeRatio":0.95,"speedPercentiles":[45,52,57,62,65,68,70,73,76,80,82,85,88,90,93,97,101,106,116]},{"timeSet":5,"dateRange":1,"harmonicAverageSpeed":74.1,"medianSpeed":80.0,"averageSpeed":80.4,"standardDeviationSpeed":21.6,"travelTimeStandardDeviation":0.95,"sampleSize":395,"normalizedSampleSize":0.1108,"averageTravelTime":2.95,"medianTravelTime":2.73,"travelTimeRatio":0.94,"speedPercentiles":[46,51,60,63,66,68,72,74,77,80,82,85,87,91,96,99,103,106,117]},{"timeSet":6,"dateRange":1,"harmonicAverageSpeed":74.6,"medianSpeed":81.0,"averageSpeed":81.3,"standardDeviationSpeed":21.2,"travelTimeStandardDeviation":1.11,"sampleSize":396,"normalizedSampleSize":0.111,"averageTravelTime":2.93,"medianTravelTime":2.7,"travelTimeRatio":0.93,"speedPercentiles":[46,56,61,65,68,71,74,76,78,81,83,85,87,91,94,99,103,109,118]},{"timeSet":7,"dateRange":1,"harmonicAverageSpeed":75.5,"medianSpeed":85.0,"averageSpeed":82.4,"standardDeviationSpeed":21.1,"travelTimeStandardDeviation":1.09,"sampleSize":319,"normalizedSampleSize":0.0895,"averageTravelTime":2.9,"medianTravelTime":2.57,"travelTimeRatio":0.92,"speedPercentiles":[46,53,59,65,68,71,76,80,83,85,88,89,91,94,96,99,103,107,113]},{"timeSet":8,"dateRange":1,"harmonicAverageSpeed":73.7,"medianSpeed":81.0,"averageSpeed":80.3,"standardDeviationSpeed":21.4,"travelTimeStandardDeviation":1.01,"sampleSize":412,"normalizedSampleSize":0.1155,"averageTravelTime":2.97,"medianTravelTime":2.7,"travelTimeRatio":0.94,"speedPercentiles":[45,52,58,63,66,69,73,76,78,81,83,85,88,90,93,97,102,107,119]},{"timeSet":9,"dateRange":1,"harmonicAverageSpeed":73.5,"medianSpeed":81.0,"averageSpeed":79.2,"standardDeviationSpeed":18.9,"travelTimeStandardDeviation":0.97,"sampleSize":564,"normalizedSampleSize":0.1582,"averageTravelTime":2.97,"medianTravelTime":2.7,"travelTimeRatio":0.94,"speedPercentiles":[44,52,59,64,68,72,74,76,79,81,82,85,87,88,91,95,98,103,108]},{"timeSet":10,"dateRange":1,"harmonicAverageSpeed":71.4,"medianSpeed":78.0,"averageSpeed":77.6,"standardDeviationSpeed":19.3,"travelTimeStandardDeviation":1.21,"sampleSize":950,"normalizedSampleSize":0.2664,"averageTravelTime":3.06,"medianTravelTime":2.8,"travelTimeRatio":0.97,"speedPercentiles":[44,51,57,62,66,68,71,74,76,78,81,82,85,87,90,92,97,102,109]},{"timeSet":11,"dateRange":1,"harmonicAverageSpeed":68.1,"medianSpeed":75.0,"averageSpeed":73.9,"standardDeviationSpeed":18.8,"travelTimeStandardDeviation":1.09,"sampleSize":1560,"normalizedSampleSize":0.4375,"averageTravelTime":3.21,"medianTravelTime":2.91,"travelTimeRatio":1.02,"speedPercentiles":[40,47,54,59,62,66,68,71,72,75,77,79,81,84,87,89,93,97,104]},{"timeSet":12,"dateRange":1,"harmonicAverageSpeed":65.0,"medianSpeed":73.0,"averageSpeed":71.4,"standardDeviationSpeed":18.6,"travelTimeStandardDeviation":1.39,"sampleSize":2078,"normalizedSampleSize":0.5827,"averageTravelTime":3.36,"medianTravelTime":2.99,"travelTimeRatio":1.07,"speedPercentiles":[38,45,52,57,60,63,66,68,71,73,75,77,80,82,84,87,90,94,100]},{"timeSet":13,"dateRange":1,"harmonicAverageSpeed":64.7,"medianSpeed":72.0,"averageSpeed":70.9,"standardDeviationSpeed":18.5,"travelTimeStandardDeviation":1.28,"sampleSize":2309,"normalizedSampleSize":0.6475,"averageTravelTime":3.38,"medianTravelTime":3.04,"travelTimeRatio":1.07,"speedPercentiles":[37,44,51,56,60,63,66,68,70,72,74,76,78,81,83,86,89,93,99]},{"timeSet":14,"dateRange":1,"harmonicAverageSpeed":65.4,"medianSpeed":72.0,"averageSpeed":71.4,"standardDeviationSpeed":18.7,"travelTimeStandardDeviation":1.18,"sampleSize":2798,"normalizedSampleSize":0.7846,"averageTravelTime":3.34,"medianTravelTime":3.04,"travelTimeRatio":1.06,"speedPercentiles":[37,45,51,57,60,63,66,68,70,72,74,77,79,82,84,87,90,94,100]},{"timeSet":15,"dateRange":1,"harmonicAverageSpeed":67.6,"medianSpeed":77.0,"averageSpeed":74.5,"standardDeviationSpeed":20.3,"travelTimeStandardDeviation":1.23,"sampleSize":2404,"normalizedSampleSize":0.6741,"averageTravelTime":3.23,"medianTravelTime":2.84,"travelTimeRatio":1.03,"speedPercentiles":[38,46,53,57,62,66,69,72,74,77,79,81,83,85,88,90,94,98,105]},{"timeSet":16,"dateRange":1,"harmonicAverageSpeed":69.7,"medianSpeed":78.0,"averageSpeed":76.0,"standardDeviationSpeed":19.6,"travelTimeStandardDeviation":1.13,"sampleSize":1855,"normalizedSampleSize":0.5202,"averageTravelTime":3.14,"medianTravelTime":2.8,"travelTimeRatio":1.0,"speedPercentiles":[41,48,54,60,64,67,70,73,76,78,80,82,84,87,89,92,95,100,106]},{"timeSet":17,"dateRange":1,"harmonicAverageSpeed":66.1,"medianSpeed":74.0,"averageSpeed":72.5,"standardDeviationSpeed":19.0,"travelTimeStandardDeviation":1.24,"sampleSize":2272,"normalizedSampleSize":0.6371,"averageTravelTime":3.3,"medianTravelTime":2.95,"travelTimeRatio":1.05,"speedPercentiles":[38,45,52,58,61,64,67,69,71,74,76,78,81,83,85,88,91,95,102]},{"timeSet":18,"dateRange":1,"harmonicAverageSpeed":64.1,"medianSpeed":71.0,"averageSpeed":70.0,"standardDeviationSpeed":18.8,"travelTimeStandardDeviation":1.18,"sampleSize":2442,"normalizedSampleSize":0.6848,"averageTravelTime":3.41,"medianTravelTime":3.08,"travelTimeRatio":1.08,"speedPercentiles":[36,45,51,55,59,61,64,66,68,71,73,75,77,79,82,85,88,93,99]},{"timeSet":19,"dateRange":1,"harmonicAverageSpeed":61.9,"medianSpeed":68.0,"averageSpeed":67.4,"standardDeviationSpeed":17.7,"travelTimeStandardDeviation":1.24,"sampleSize":2634,"normalizedSampleSize":0.7386,"averageTravelTime":3.53,"medianTravelTime":3.21,"travelTimeRatio":1.12,"speedPercentiles":[36,43,49,53,56,59,62,64,66,68,70,72,74,76,79,81,85,89,97]},{"timeSet":20,"dateRange":1,"harmonicAverageSpeed":62.9,"medianSpeed":68.0,"averageSpeed":67.9,"standardDeviationSpeed":17.2,"travelTimeStandardDeviation":1.11,"sampleSize":2414,"normalizedSampleSize":0.6769,"averageTravelTime":3.47,"medianTravelTime":3.21,"travelTimeRatio":1.1,"speedPercentiles":[39,46,51,54,57,59,62,64,66,68,70,72,74,76,79,81,85,89,96]},{"timeSet":21,"dateRange":1,"harmonicAverageSpeed":64.5,"medianSpeed":70.0,"averageSpeed":69.8,"standardDeviationSpeed":17.6,"travelTimeStandardDeviation":1.12,"sampleSize":2232,"normalizedSampleSize":0.6259,"averageTravelTime":3.39,"medianTravelTime":3.12,"travelTimeRatio":1.08,"speedPercentiles":[38,45,52,56,59,62,64,66,68,70,72,74,76,79,81,84,87,92,97]},{"timeSet":22,"dateRange":1,"harmonicAverageSpeed":63.0,"medianSpeed":69.0,"averageSpeed":68.8,"standardDeviationSpeed":18.3,"travelTimeStandardDeviation":1.21,"sampleSize":2280,"normalizedSampleSize":0.6394,"averageTravelTime":3.47,"medianTravelTime":3.17,"travelTimeRatio":1.1,"speedPercentiles":[36,43,49,54,57,60,63,65,67,69,72,74,76,78,80,83,87,91,97]},{"timeSet":23,"dateRange":1,"harmonicAverageSpeed":70.9,"medianSpeed":77.0,"averageSpeed":76.8,"standardDeviationSpeed":19.8,"travelTimeStandardDeviation":1.0,"sampleSize":1364,"normalizedSampleSize":0.3825,"averageTravelTime":3.08,"medianTravelTime":2.84,"travelTimeRatio":0.98,"speedPercentiles":[44,51,56,60,63,66,69,72,75,77,80,82,84,87,90,94,97,102,109]},{"timeSet":24,"dateRange":1,"harmonicAverageSpeed":69.9,"medianSpeed":76.0,"averageSpeed":75.8,"standardDeviationSpeed":20.1,"travelTimeStandardDeviation":1.03,"sampleSize":1147,"normalizedSampleSize":0.3216,"averageTravelTime":3.13,"medianTravelTime":2.88,"travelTimeRatio":0.99,"speedPercentiles":[43,49,55,59,63,66,68,70,73,76,78,81,83,85,88,92,96,102,111]},{"timeSet":25,"dateRange":1,"harmonicAverageSpeed":70.2,"medianSpeed":77.0,"averageSpeed":76.8,"standardDeviationSpeed":20.7,"travelTimeStandardDeviation":1.1,"sampleSize":1089,"normalizedSampleSize":0.3054,"averageTravelTime":3.11,"medianTravelTime":2.84,"travelTimeRatio":0.99,"speedPercentiles":[41,49,55,60,65,67,70,72,74,77,79,81,84,87,89,93,97,102,111]}]}},{"type":"Feature","geometry":{"type":"LineString","coordinates":[[12.47233,41.93203],[12.4727,41.93002]]},"properties":{"segmentId":13800012194724,"newSegmentId":"b6af9e69-f979-4f36-b8b8-4d0d1a2c2047","speedLimit":50,"frc":3,"streetName":"Corso di Francia","distance":225.34,"segmentTimeResults":[{"timeSet":2,"dateRange":1,"harmonicAverageSpeed":67.1,"medianSpeed":73.0,"averageSpeed":73.4,"standardDeviationSpeed":20.2,"travelTimeStandardDeviation":4.35,"sampleSize":1605,"normalizedSampleSize":0.4501,"averageTravelTime":12.1,"medianTravelTime":11.11,"travelTimeRatio":1.0,"speedPercentiles":[42,47,53,57,60,63,66,69,71,73,75,78,80,83,85,88,93,98,108]},{"timeSet":3,"dateRange":1,"harmonicAverageSpeed":68.7,"medianSpeed":74.0,"averageSpeed":74.3,"standardDeviationSpeed":19.7,"travelTimeStandardDeviation":3.72,"sampleSize":1179,"normalizedSampleSize":0.3306,"averageTravelTime":11.8,"medianTravelTime":10.96,"travelTimeRatio":0.98,"speedPercentiles":[44,48,54,58,61,64,67,69,72,74,76,78,80,83,86,89,93,99,108]},{"timeSet":4,"dateRange":1,"harmonicAverageSpeed":70.5,"medianSpeed":76.0,"averageSpeed":76.6,"standardDeviationSpeed":20.6,"travelTimeStandardDeviation":3.81,"sampleSize":810,"normalizedSampleSize":0.2271,"averageTravelTime":11.51,"medianTravelTime":10.67,"travelTimeRatio":0.95,"speedPercentiles":[45,51,55,59,62,65,68,71,73,76,79,81,84,87,90,92,98,102,110]},{"timeSet":5,"dateRange":1,"harmonicAverageSpeed":71.2,"medianSpeed":76.0,"averageSpeed":77.4,"standardDeviationSpeed":20.9,"travelTimeStandardDeviation":3.8,"sampleSize":394,"normalizedSampleSize":0.1105,"averageTravelTime":11.39,"medianTravelTime":10.67,"travelTimeRatio":0.94,"speedPercentiles":[44,51,59,60,64,66,69,71,74,76,78,82,84,87,92,95,98,103,111]},{"timeSet":6,"dateRange":1,"harmonicAverageSpeed":71.0,"medianSpeed":78.0,"averageSpeed":78.1,"standardDeviationSpeed":20.3,"travelTimeStandardDeviation":4.91,"sampleSize":395,"normalizedSampleSize":0.1108,"averageTravelTime":11.43,"medianTravelTime":10.4,"travelTimeRatio":0.94,"speedPercentiles":[43,53,60,65,67,69,71,73,76,78,80,82,85,88,90,93,98,104,112]},{"timeSet":7,"dateRange":1,"harmonicAverageSpeed":72.8,"medianSpeed":82.0,"averageSpeed":79.4,"standardDeviationSpeed":20.2,"travelTimeStandardDeviation":4.22,"sampleSize":315,"normalizedSampleSize":0.0883,"averageTravelTime":11.15,"medianTravelTime":9.89,"travelTimeRatio":0.92,"speedPercentiles":[45,52,57,63,67,70,74,76,80,82,84,86,88,90,92,94,98,102,110]},{"timeSet":8,"dateRange":1,"harmonicAverageSpeed":70.6,"medianSpeed":78.0,"averageSpeed":76.7,"standardDeviationSpeed":20.2,"travelTimeStandardDeviation":3.81,"sampleSize":412,"normalizedSampleSize":0.1155,"averageTravelTime":11.48,"medianTravelTime":10.4,"travelTimeRatio":0.95,"speedPercentiles":[43,48,57,60,64,67,70,73,76,78,80,81,83,86,88,92,96,103,110]},{"timeSet":9,"dateRange":1,"harmonicAverageSpeed":71.4,"medianSpeed":78.0,"averageSpeed":76.4,"standardDeviationSpeed":17.8,"travelTimeStandardDeviation":3.43,"sampleSize":563,"normalizedSampleSize":0.1579,"averageTravelTime":11.36,"medianTravelTime":10.4,"travelTimeRatio":0.94,"speedPercentiles":[43,50,58,63,66,69,72,74,76,78,80,81,83,85,88,91,95,98,105]},{"timeSet":10,"dateRange":1,"harmonicAverageSpeed":69.3,"medianSpeed":75.0,"averageSpeed":74.6,"standardDeviationSpeed":18.1,"travelTimeStandardDeviation":3.91,"sampleSize":943,"normalizedSampleSize":0.2644,"averageTravelTime":11.71,"medianTravelTime":10.82,"travelTimeRatio":0.97,"speedPercentiles":[44,50,55,60,64,67,69,71,73,75,78,79,82,84,86,89,92,97,104]},{"timeSet":11,"dateRange":1,"harmonicAverageSpeed":65.2,"medianSpeed":71.0,"averageSpeed":70.5,"standardDeviationSpeed":17.6,"travelTimeStandardDeviation":4.05,"sampleSize":1552,"normalizedSampleSize":0.4352,"averageTravelTime":12.44,"medianTravelTime":11.43,"travelTimeRatio":1.03,"speedPercentiles":[39,46,52,57,60,63,65,67,69,71,73,75,77,80,82,85,88,92,97]},{"timeSet":12,"dateRange":1,"harmonicAverageSpeed":62.5,"medianSpeed":69.0,"averageSpeed":68.1,"standardDeviationSpeed":17.3,"travelTimeStandardDeviation":4.85,"sampleSize":2075,"normalizedSampleSize":0.5819,"averageTravelTime":12.98,"medianTravelTime":11.76,"travelTimeRatio":1.07,"speedPercentiles":[37,44,50,54,58,60,63,65,67,69,71,73,75,78,80,83,86,89,95]},{"timeSet":13,"dateRange":1,"harmonicAverageSpeed":62.3,"medianSpeed":69.0,"averageSpeed":67.8,"standardDeviationSpeed":17.3,"travelTimeStandardDeviation":4.56,"sampleSize":2281,"normalizedSampleSize":0.6397,"averageTravelTime":13.02,"medianTravelTime":11.76,"travelTimeRatio":1.08,"speedPercentiles":[36,43,48,54,58,61,63,65,67,69,71,73,75,77,79,82,85,89,94]},{"timeSet":14,"dateRange":1,"harmonicAverageSpeed":62.5,"medianSpeed":69.0,"averageSpeed":68.0,"standardDeviationSpeed":17.5,"travelTimeStandardDeviation":4.52,"sampleSize":2782,"normalizedSampleSize":0.7801,"averageTravelTime":12.97,"medianTravelTime":11.76,"travelTimeRatio":1.07,"speedPercentiles":[37,43,49,54,58,60,63,65,67,69,70,72,74,77,79,82,85,90,96]},{"timeSet":15,"dateRange":1,"harmonicAverageSpeed":65.0,"medianSpeed":73.0,"averageSpeed":71.5,"standardDeviationSpeed":19.4,"travelTimeStandardDeviation":4.68,"sampleSize":2391,"normalizedSampleSize":0.6705,"averageTravelTime":12.48,"medianTravelTime":11.11,"travelTimeRatio":1.03,"speedPercentiles":[37,45,51,56,59,63,66,69,71,73,75,77,79,81,84,87,89,93,101]},{"timeSet":16,"dateRange":1,"harmonicAverageSpeed":66.9,"medianSpeed":74.0,"averageSpeed":72.8,"standardDeviationSpeed":18.7,"travelTimeStandardDeviation":4.25,"sampleSize":1844,"normalizedSampleSize":0.5171,"averageTravelTime":12.13,"medianTravelTime":10.96,"travelTimeRatio":1.0,"speedPercentiles":[39,46,52,57,61,65,67,69,72,74,76,79,81,83,85,88,91,94,102]},{"timeSet":17,"dateRange":1,"harmonicAverageSpeed":63.6,"medianSpeed":70.0,"averageSpeed":69.4,"standardDeviationSpeed":18.1,"travelTimeStandardDeviation":4.62,"sampleSize":2253,"normalizedSampleSize":0.6318,"averageTravelTime":12.75,"medianTravelTime":11.59,"travelTimeRatio":1.05,"speedPercentiles":[37,44,50,55,59,61,64,66,68,70,72,74,77,79,81,84,88,92,98]},{"timeSet":18,"dateRange":1,"harmonicAverageSpeed":61.1,"medianSpeed":66.0,"averageSpeed":66.4,"standardDeviationSpeed":17.6,"travelTimeStandardDeviation":4.37,"sampleSize":2425,"normalizedSampleSize":0.68,"averageTravelTime":13.28,"medianTravelTime":12.29,"travelTimeRatio":1.1,"speedPercentiles":[36,43,48,52,55,58,60,62,64,66,68,71,73,75,78,80,84,88,94]},{"timeSet":19,"dateRange":1,"harmonicAverageSpeed":59.1,"medianSpeed":64.0,"averageSpeed":64.1,"standardDeviationSpeed":16.6,"travelTimeStandardDeviation":4.61,"sampleSize":2605,"normalizedSampleSize":0.7305,"averageTravelTime":13.72,"medianTravelTime":12.68,"travelTimeRatio":1.13,"speedPercentiles":[35,42,47,51,54,56,59,61,62,64,66,68,70,72,74,77,80,85,92]},{"timeSet":20,"dateRange":1,"harmonicAverageSpeed":59.7,"medianSpeed":64.0,"averageSpeed":64.2,"standardDeviationSpeed":16.1,"travelTimeStandardDeviation":4.17,"sampleSize":2402,"normalizedSampleSize":0.6736,"averageTravelTime":13.58,"medianTravelTime":12.68,"travelTimeRatio":1.12,"speedPercentiles":[37,43,48,51,54,57,58,60,62,64,66,68,70,72,74,77,80,85,91]},{"timeSet":21,"dateRange":1,"harmonicAverageSpeed":61.4,"medianSpeed":66.0,"averageSpeed":66.2,"standardDeviationSpeed":16.5,"travelTimeStandardDeviation":4.2,"sampleSize":2217,"normalizedSampleSize":0.6217,"averageTravelTime":13.21,"medianTravelTime":12.29,"travelTimeRatio":1.09,"speedPercentiles":[37,44,49,53,56,59,61,63,65,66,68,70,72,74,77,80,83,87,93]},{"timeSet":22,"dateRange":1,"harmonicAverageSpeed":59.8,"medianSpeed":66.0,"averageSpeed":65.4,"standardDeviationSpeed":17.6,"travelTimeStandardDeviation":5.1,"sampleSize":2272,"normalizedSampleSize":0.6371,"averageTravelTime":13.57,"medianTravelTime":12.29,"travelTimeRatio":1.12,"speedPercentiles":[35,42,47,51,55,57,59,62,64,66,68,70,72,74,77,79,82,86,94]},{"timeSet":23,"dateRange":1,"harmonicAverageSpeed":68.8,"medianSpeed":74.0,"averageSpeed":74.1,"standardDeviationSpeed":18.7,"travelTimeStandardDeviation":3.65,"sampleSize":1358,"normalizedSampleSize":0.3808,"averageTravelTime":11.8,"medianTravelTime":10.96,"travelTimeRatio":0.98,"speedPercentiles":[43,49,55,59,62,64,67,69,72,74,76,79,81,83,86,89,93,98,105]},{"timeSet":24,"dateRange":1,"harmonicAverageSpeed":67.4,"medianSpeed":72.0,"averageSpeed":72.7,"standardDeviationSpeed":18.7,"travelTimeStandardDeviation":3.74,"sampleSize":1139,"normalizedSampleSize":0.3194,"averageTravelTime":12.03,"medianTravelTime":11.27,"travelTimeRatio":0.99,"speedPercentiles":[42,48,53,57,61,63,66,68,70,72,75,77,80,82,84,87,91,96,105]},{"timeSet":25,"dateRange":1,"harmonicAverageSpeed":67.9,"medianSpeed":74.0,"averageSpeed":73.8,"standardDeviationSpeed":19.5,"travelTimeStandardDeviation":4.03,"sampleSize":1083,"normalizedSampleSize":0.3037,"averageTravelTime":11.95,"medianTravelTime":10.96,"travelTimeRatio":0.99,"speedPercentiles":[41,48,55,59,62,64,67,69,71,74,76,78,80,83,85,88,93,98,107]}]}},{"type":"Feature","geometry":{"type":"LineString","coordinates":[[12.4727,41.93002],[12.47273,41.92972]]},"properties":{"segmentId":13800012635034,"newSegmentId":"f4eda395-174c-47df-a58b-36b56bc4adf1","speedLimit":50,"frc":3,"streetName":"Corso di Francia","distance":34.26,"segmentTimeResults":[{"timeSet":2,"dateRange":1,"harmonicAverageSpeed":65.3,"medianSpeed":71.0,"averageSpeed":70.7,"standardDeviationSpeed":18.5,"travelTimeStandardDeviation":0.63,"sampleSize":1618,"normalizedSampleSize":0.4537,"averageTravelTime":1.89,"medianTravelTime":1.74,"travelTimeRatio":1.0,"speedPercentiles":[41,47,52,56,59,62,64,66,68,71,73,75,77,79,82,85,88,93,102]},{"timeSet":3,"dateRange":1,"harmonicAverageSpeed":67.2,"medianSpeed":72.0,"averageSpeed":72.3,"standardDeviationSpeed":18.4,"travelTimeStandardDeviation":0.56,"sampleSize":1190,"normalizedSampleSize":0.3337,"averageTravelTime":1.83,"medianTravelTime":1.71,"travelTimeRatio":0.97,"speedPercentiles":[44,49,53,57,60,63,65,68,70,72,74,76,78,80,82,85,89,95,103]},{"timeSet":4,"dateRange":1,"harmonicAverageSpeed":68.5,"medianSpeed":73.0,"averageSpeed":74.0,"standardDeviationSpeed":19.0,"travelTimeStandardDeviation":0.58,"sampleSize":820,"normalizedSampleSize":0.2299,"averageTravelTime":1.8,"medianTravelTime":1.69,"travelTimeRatio":0.95,"speedPercentiles":[44,50,54,58,61,64,67,69,71,73,76,79,81,84,87,89,93,98,105]},{"timeSet":5,"dateRange":1,"harmonicAverageSpeed":69.1,"medianSpeed":74.0,"averageSpeed":74.5,"standardDeviationSpeed":18.8,"travelTimeStandardDeviation":0.6,"sampleSize":396,"normalizedSampleSize":0.111,"averageTravelTime":1.79,"medianTravelTime":1.67,"travelTimeRatio":0.95,"speedPercentiles":[45,51,56,59,62,64,67,70,71,74,77,79,81,83,86,89,93,98,104]},{"timeSet":6,"dateRange":1,"harmonicAverageSpeed":68.4,"medianSpeed":75.0,"averageSpeed":75.5,"standardDeviationSpeed":19.0,"travelTimeStandardDeviation":0.87,"sampleSize":397,"normalizedSampleSize":0.1113,"averageTravelTime":1.8,"medianTravelTime":1.64,"travelTimeRatio":0.95,"speedPercentiles":[43,53,58,63,66,68,69,71,73,75,77,80,82,84,88,90,94,98,105]},{"timeSet":7,"dateRange":1,"harmonicAverageSpeed":70.6,"medianSpeed":79.0,"averageSpeed":76.4,"standardDeviationSpeed":18.7,"travelTimeStandardDeviation":0.62,"sampleSize":319,"normalizedSampleSize":0.0895,"averageTravelTime":1.75,"medianTravelTime":1.56,"travelTimeRatio":0.93,"speedPercentiles":[45,52,57,60,65,68,71,73,76,79,81,82,84,86,87,90,93,98,105]},{"timeSet":8,"dateRange":1,"harmonicAverageSpeed":67.3,"medianSpeed":75.0,"averageSpeed":73.2,"standardDeviationSpeed":18.9,"travelTimeStandardDeviation":0.63,"sampleSize":413,"normalizedSampleSize":0.1158,"averageTravelTime":1.83,"medianTravelTime":1.64,"travelTimeRatio":0.97,"speedPercentiles":[40,47,53,58,62,65,69,71,73,75,76,78,80,81,84,87,91,96,101]},{"timeSet":9,"dateRange":1,"harmonicAverageSpeed":69.4,"medianSpeed":75.0,"averageSpeed":74.2,"standardDeviationSpeed":17.0,"travelTimeStandardDeviation":0.54,"sampleSize":565,"normalizedSampleSize":0.1584,"averageTravelTime":1.78,"medianTravelTime":1.64,"travelTimeRatio":0.94,"speedPercentiles":[42,50,58,62,64,67,70,72,73,75,77,79,80,83,85,87,91,96,101]},{"timeSet":10,"dateRange":1,"harmonicAverageSpeed":66.7,"medianSpeed":73.0,"averageSpeed":72.3,"standardDeviationSpeed":17.3,"travelTimeStandardDeviation":0.73,"sampleSize":943,"normalizedSampleSize":0.2644,"averageTravelTime":1.85,"medianTravelTime":1.69,"travelTimeRatio":0.98,"speedPercentiles":[42,49,54,59,63,65,67,69,71,73,75,77,79,81,84,86,89,92,100]},{"timeSet":11,"dateRange":1,"harmonicAverageSpeed":63.1,"medianSpeed":69.0,"averageSpeed":68.3,"standardDeviationSpeed":16.9,"travelTimeStandardDeviation":0.68,"sampleSize":1564,"normalizedSampleSize":0.4386,"averageTravelTime":1.96,"medianTravelTime":1.79,"travelTimeRatio":1.04,"speedPercentiles":[37,45,51,56,59,61,63,65,67,69,71,73,75,77,79,81,85,88,95]},{"timeSet":12,"dateRange":1,"harmonicAverageSpeed":60.8,"medianSpeed":67.0,"averageSpeed":66.1,"standardDeviationSpeed":16.6,"travelTimeStandardDeviation":0.75,"sampleSize":2084,"normalizedSampleSize":0.5844,"averageTravelTime":2.03,"medianTravelTime":1.84,"travelTimeRatio":1.08,"speedPercentiles":[36,43,49,53,57,59,61,63,65,67,69,71,73,75,78,80,83,86,92]},{"timeSet":13,"dateRange":1,"harmonicAverageSpeed":60.3,"medianSpeed":66.0,"averageSpeed":65.7,"standardDeviationSpeed":16.6,"travelTimeStandardDeviation":0.73,"sampleSize":2298,"normalizedSampleSize":0.6444,"averageTravelTime":2.05,"medianTravelTime":1.87,"travelTimeRatio":1.08,"speedPercentiles":[35,42,48,53,56,59,61,63,65,66,69,71,73,75,77,79,82,86,91]},{"timeSet":14,"dateRange":1,"harmonicAverageSpeed":60.3,"medianSpeed":67.0,"averageSpeed":65.9,"standardDeviationSpeed":16.9,"travelTimeStandardDeviation":0.95,"sampleSize":2790,"normalizedSampleSize":0.7824,"averageTravelTime":2.05,"medianTravelTime":1.84,"travelTimeRatio":1.08,"speedPercentiles":[35,42,48,53,56,59,61,63,65,67,69,71,72,74,76,80,82,87,93]},{"timeSet":15,"dateRange":1,"harmonicAverageSpeed":62.6,"medianSpeed":71.0,"averageSpeed":69.2,"standardDeviationSpeed":18.6,"travelTimeStandardDeviation":0.86,"sampleSize":2413,"normalizedSampleSize":0.6767,"averageTravelTime":1.97,"medianTravelTime":1.74,"travelTimeRatio":1.04,"speedPercentiles":[36,43,49,55,58,61,64,66,69,71,73,74,77,79,81,84,87,91,98]},{"timeSet":16,"dateRange":1,"harmonicAverageSpeed":64.9,"medianSpeed":72.0,"averageSpeed":70.7,"standardDeviationSpeed":18.2,"travelTimeStandardDeviation":0.69,"sampleSize":1865,"normalizedSampleSize":0.523,"averageTravelTime":1.9,"medianTravelTime":1.71,"travelTimeRatio":1.01,"speedPercentiles":[38,45,50,56,60,63,65,67,70,72,75,76,79,81,83,85,88,91,99]},{"timeSet":17,"dateRange":1,"harmonicAverageSpeed":61.8,"medianSpeed":68.0,"averageSpeed":67.4,"standardDeviationSpeed":17.3,"travelTimeStandardDeviation":0.74,"sampleSize":2267,"normalizedSampleSize":0.6357,"averageTravelTime":2.0,"medianTravelTime":1.81,"travelTimeRatio":1.06,"speedPercentiles":[36,43,49,54,58,60,62,64,66,68,70,72,74,76,79,82,85,88,94]},{"timeSet":18,"dateRange":1,"harmonicAverageSpeed":59.3,"medianSpeed":65.0,"averageSpeed":64.4,"standardDeviationSpeed":17.0,"travelTimeStandardDeviation":0.69,"sampleSize":2439,"normalizedSampleSize":0.684,"averageTravelTime":2.08,"medianTravelTime":1.9,"travelTimeRatio":1.1,"speedPercentiles":[35,42,47,51,54,56,59,61,63,65,67,68,70,73,75,78,81,85,92]},{"timeSet":19,"dateRange":1,"harmonicAverageSpeed":57.5,"medianSpeed":63.0,"averageSpeed":62.5,"standardDeviationSpeed":16.1,"travelTimeStandardDeviation":0.73,"sampleSize":2635,"normalizedSampleSize":0.7389,"averageTravelTime":2.14,"medianTravelTime":1.96,"travelTimeRatio":1.14,"speedPercentiles":[35,41,45,49,52,55,57,59,61,63,64,66,68,70,73,75,78,82,88]},{"timeSet":20,"dateRange":1,"harmonicAverageSpeed":57.9,"medianSpeed":62.0,"averageSpeed":62.5,"standardDeviationSpeed":15.6,"travelTimeStandardDeviation":0.71,"sampleSize":2430,"normalizedSampleSize":0.6814,"averageTravelTime":2.13,"medianTravelTime":1.99,"travelTimeRatio":1.13,"speedPercentiles":[36,43,47,50,53,55,57,59,61,62,64,66,68,70,72,74,78,82,88]},{"timeSet":21,"dateRange":1,"harmonicAverageSpeed":59.4,"medianSpeed":65.0,"averageSpeed":64.1,"standardDeviationSpeed":15.9,"travelTimeStandardDeviation":0.69,"sampleSize":2233,"normalizedSampleSize":0.6262,"averageTravelTime":2.08,"medianTravelTime":1.9,"travelTimeRatio":1.1,"speedPercentiles":[35,43,47,52,55,57,59,61,63,65,66,68,70,72,74,77,80,84,90]},{"timeSet":22,"dateRange":1,"harmonicAverageSpeed":57.9,"medianSpeed":64.0,"averageSpeed":63.3,"standardDeviationSpeed":16.9,"travelTimeStandardDeviation":0.77,"sampleSize":2297,"normalizedSampleSize":0.6441,"averageTravelTime":2.13,"medianTravelTime":1.93,"travelTimeRatio":1.13,"speedPercentiles":[34,41,46,50,54,56,58,60,62,64,66,68,69,71,74,76,80,83,90]},{"timeSet":23,"dateRange":1,"harmonicAverageSpeed":66.2,"medianSpeed":72.0,"averageSpeed":71.4,"standardDeviationSpeed":17.8,"travelTimeStandardDeviation":0.59,"sampleSize":1371,"normalizedSampleSize":0.3845,"averageTravelTime":1.86,"medianTravelTime":1.71,"travelTimeRatio":0.99,"speedPercentiles":[41,47,53,57,60,63,65,67,69,72,74,76,78,80,83,85,89,94,100]},{"timeSet":24,"dateRange":1,"harmonicAverageSpeed":65.7,"medianSpeed":70.0,"averageSpeed":70.4,"standardDeviationSpeed":17.3,"travelTimeStandardDeviation":0.57,"sampleSize":1140,"normalizedSampleSize":0.3197,"averageTravelTime":1.88,"medianTravelTime":1.76,"travelTimeRatio":0.99,"speedPercentiles":[42,47,52,56,60,63,65,67,68,70,72,74,77,78,81,84,87,91,99]},{"timeSet":25,"dateRange":1,"harmonicAverageSpeed":65.2,"medianSpeed":71.0,"averageSpeed":71.1,"standardDeviationSpeed":18.5,"travelTimeStandardDeviation":0.77,"sampleSize":1096,"normalizedSampleSize":0.3073,"averageTravelTime":1.89,"medianTravelTime":1.74,"travelTimeRatio":1.0,"speedPercentiles":[41,47,53,57,59,62,65,67,69,71,73,75,77,79,82,85,89,93,102]}]}},{"type":"Feature","geometry":{"type":"LineString","coordinates":[[12.47273,41.92972],[12.47274,41.92958]]},"properties":{"segmentId":13800012635046,"newSegmentId":"ff094150-5709-464a-b3a7-895bf4c6757b","speedLimit":50,"frc":3,"streetName":"Corso di Francia","distance":15.73,"segmentTimeResults":[{"timeSet":2,"dateRange":1,"harmonicAverageSpeed":64.6,"medianSpeed":70.0,"averageSpeed":69.8,"standardDeviationSpeed":18.0,"travelTimeStandardDeviation":0.29,"sampleSize":1620,"normalizedSampleSize":0.4543,"averageTravelTime":0.88,"medianTravelTime":0.81,"travelTimeRatio":1.0,"speedPercentiles":[41,47,51,55,58,61,63,66,67,70,72,74,76,78,80,83,86,91,100]},{"timeSet":3,"dateRange":1,"harmonicAverageSpeed":66.7,"medianSpeed":71.0,"averageSpeed":71.5,"standardDeviationSpeed":18.0,"travelTimeStandardDeviation":0.26,"sampleSize":1187,"normalizedSampleSize":0.3329,"averageTravelTime":0.85,"medianTravelTime":0.8,"travelTimeRatio":0.97,"speedPercentiles":[44,49,53,57,60,62,65,67,70,71,73,76,77,79,81,84,88,93,102]},{"timeSet":4,"dateRange":1,"harmonicAverageSpeed":68.1,"medianSpeed":73.0,"averageSpeed":73.4,"standardDeviationSpeed":18.7,"travelTimeStandardDeviation":0.27,"sampleSize":824,"normalizedSampleSize":0.2311,"averageTravelTime":0.83,"medianTravelTime":0.78,"travelTimeRatio":0.95,"speedPercentiles":[44,51,54,57,61,64,66,68,71,73,76,78,81,83,86,89,92,97,104]},{"timeSet":5,"dateRange":1,"harmonicAverageSpeed":68.4,"medianSpeed":74.0,"averageSpeed":73.7,"standardDeviationSpeed":18.3,"travelTimeStandardDeviation":0.28,"sampleSize":398,"normalizedSampleSize":0.1116,"averageTravelTime":0.83,"medianTravelTime":0.77,"travelTimeRatio":0.94,"speedPercentiles":[45,51,56,60,62,64,66,69,71,74,76,78,80,82,84,88,91,97,104]},{"timeSet":6,"dateRange":1,"harmonicAverageSpeed":68.0,"medianSpeed":75.0,"averageSpeed":74.8,"standardDeviationSpeed":18.6,"travelTimeStandardDeviation":0.4,"sampleSize":397,"normalizedSampleSize":0.1113,"averageTravelTime":0.83,"medianTravelTime":0.76,"travelTimeRatio":0.95,"speedPercentiles":[43,53,58,63,66,68,69,70,73,75,77,79,82,83,86,90,93,95,104]},{"timeSet":7,"dateRange":1,"harmonicAverageSpeed":70.0,"medianSpeed":78.0,"averageSpeed":75.7,"standardDeviationSpeed":18.4,"travelTimeStandardDeviation":0.29,"sampleSize":319,"normalizedSampleSize":0.0895,"averageTravelTime":0.81,"medianTravelTime":0.73,"travelTimeRatio":0.92,"speedPercentiles":[45,52,56,60,64,67,70,73,76,78,80,81,83,85,86,89,93,97,104]},{"timeSet":8,"dateRange":1,"harmonicAverageSpeed":67.4,"medianSpeed":75.0,"averageSpeed":72.8,"standardDeviationSpeed":18.1,"travelTimeStandardDeviation":0.28,"sampleSize":413,"normalizedSampleSize":0.1158,"averageTravelTime":0.84,"medianTravelTime":0.76,"travelTimeRatio":0.96,"speedPercentiles":[40,48,55,58,62,65,68,70,72,75,76,78,79,81,83,86,90,95,101]},{"timeSet":9,"dateRange":1,"harmonicAverageSpeed":68.8,"medianSpeed":74.0,"averageSpeed":73.4,"standardDeviationSpeed":16.6,"travelTimeStandardDeviation":0.24,"sampleSize":566,"normalizedSampleSize":0.1587,"averageTravelTime":0.82,"medianTravelTime":0.77,"travelTimeRatio":0.94,"speedPercentiles":[42,49,57,61,64,66,69,71,73,74,77,78,79,82,84,87,90,94,99]},{"timeSet":10,"dateRange":1,"harmonicAverageSpeed":66.4,"medianSpeed":73.0,"averageSpeed":71.6,"standardDeviationSpeed":17.1,"travelTimeStandardDeviation":0.29,"sampleSize":946,"normalizedSampleSize":0.2653,"averageTravelTime":0.85,"medianTravelTime":0.78,"travelTimeRatio":0.97,"speedPercentiles":[42,49,54,58,62,64,67,69,71,73,74,76,78,80,82,85,88,92,99]},{"timeSet":11,"dateRange":1,"harmonicAverageSpeed":62.6,"medianSpeed":69.0,"averageSpeed":67.7,"standardDeviationSpeed":16.6,"travelTimeStandardDeviation":0.31,"sampleSize":1563,"normalizedSampleSize":0.4383,"averageTravelTime":0.9,"medianTravelTime":0.82,"travelTimeRatio":1.03,"speedPercentiles":[37,45,51,55,58,61,63,65,67,69,71,72,74,76,79,81,84,88,94]},{"timeSet":12,"dateRange":1,"harmonicAverageSpeed":60.2,"medianSpeed":66.0,"averageSpeed":65.5,"standardDeviationSpeed":16.4,"travelTimeStandardDeviation":0.36,"sampleSize":2085,"normalizedSampleSize":0.5847,"averageTravelTime":0.94,"medianTravelTime":0.86,"travelTimeRatio":1.07,"speedPercentiles":[36,43,49,53,56,59,61,63,65,66,68,70,72,74,77,79,82,86,91]},{"timeSet":13,"dateRange":1,"harmonicAverageSpeed":59.4,"medianSpeed":66.0,"averageSpeed":65.1,"standardDeviationSpeed":16.5,"travelTimeStandardDeviation":0.43,"sampleSize":2298,"normalizedSampleSize":0.6444,"averageTravelTime":0.95,"medianTravelTime":0.86,"travelTimeRatio":1.09,"speedPercentiles":[35,42,47,53,56,59,61,62,64,66,68,70,72,74,76,78,81,85,90]},{"timeSet":14,"dateRange":1,"harmonicAverageSpeed":59.4,"medianSpeed":66.0,"averageSpeed":65.3,"standardDeviationSpeed":16.7,"travelTimeStandardDeviation":0.66,"sampleSize":2795,"normalizedSampleSize":0.7838,"averageTravelTime":0.95,"medianTravelTime":0.86,"travelTimeRatio":1.09,"speedPercentiles":[35,42,48,53,56,58,60,62,64,66,68,70,72,73,76,79,81,86,92]},{"timeSet":15,"dateRange":1,"harmonicAverageSpeed":61.9,"medianSpeed":70.0,"averageSpeed":68.5,"standardDeviationSpeed":18.4,"travelTimeStandardDeviation":0.4,"sampleSize":2416,"normalizedSampleSize":0.6775,"averageTravelTime":0.91,"medianTravelTime":0.81,"travelTimeRatio":1.04,"speedPercentiles":[34,43,49,55,58,61,63,66,68,70,72,74,76,78,80,83,86,90,97]},{"timeSet":16,"dateRange":1,"harmonicAverageSpeed":64.4,"medianSpeed":72.0,"averageSpeed":70.2,"standardDeviationSpeed":18.0,"travelTimeStandardDeviation":0.32,"sampleSize":1869,"normalizedSampleSize":0.5241,"averageTravelTime":0.88,"medianTravelTime":0.79,"travelTimeRatio":1.0,"speedPercentiles":[37,45,50,56,60,63,65,67,69,72,74,76,78,80,82,85,87,91,97]},{"timeSet":17,"dateRange":1,"harmonicAverageSpeed":61.2,"medianSpeed":68.0,"averageSpeed":66.8,"standardDeviationSpeed":17.1,"travelTimeStandardDeviation":0.35,"sampleSize":2266,"normalizedSampleSize":0.6354,"averageTravelTime":0.92,"medianTravelTime":0.83,"travelTimeRatio":1.05,"speedPercentiles":[36,43,49,54,58,60,62,64,66,68,69,71,74,76,78,80,84,88,93]},{"timeSet":18,"dateRange":1,"harmonicAverageSpeed":58.6,"medianSpeed":64.0,"averageSpeed":63.8,"standardDeviationSpeed":16.7,"travelTimeStandardDeviation":0.33,"sampleSize":2443,"normalizedSampleSize":0.6851,"averageTravelTime":0.97,"medianTravelTime":0.88,"travelTimeRatio":1.1,"speedPercentiles":[35,42,47,50,53,56,58,60,62,64,66,68,70,72,75,77,80,84,90]},{"timeSet":19,"dateRange":1,"harmonicAverageSpeed":57.1,"medianSpeed":62.0,"averageSpeed":61.9,"standardDeviationSpeed":15.9,"travelTimeStandardDeviation":0.34,"sampleSize":2636,"normalizedSampleSize":0.7392,"averageTravelTime":0.99,"medianTravelTime":0.91,"travelTimeRatio":1.13,"speedPercentiles":[34,41,45,49,52,55,57,59,61,62,64,65,67,70,72,74,77,81,88]},{"timeSet":20,"dateRange":1,"harmonicAverageSpeed":57.5,"medianSpeed":62.0,"averageSpeed":62.0,"standardDeviationSpeed":15.4,"travelTimeStandardDeviation":0.32,"sampleSize":2430,"normalizedSampleSize":0.6814,"averageTravelTime":0.99,"medianTravelTime":0.91,"travelTimeRatio":1.12,"speedPercentiles":[35,42,46,50,53,55,57,59,60,62,63,65,67,69,71,74,77,81,87]},{"timeSet":21,"dateRange":1,"harmonicAverageSpeed":58.8,"medianSpeed":64.0,"averageSpeed":63.6,"standardDeviationSpeed":15.7,"travelTimeStandardDeviation":0.32,"sampleSize":2238,"normalizedSampleSize":0.6276,"averageTravelTime":0.96,"medianTravelTime":0.88,"travelTimeRatio":1.1,"speedPercentiles":[34,43,47,52,54,56,59,61,62,64,66,67,69,72,74,76,79,83,89]},{"timeSet":22,"dateRange":1,"harmonicAverageSpeed":57.6,"medianSpeed":63.0,"averageSpeed":62.9,"standardDeviationSpeed":16.7,"travelTimeStandardDeviation":0.35,"sampleSize":2298,"normalizedSampleSize":0.6444,"averageTravelTime":0.98,"medianTravelTime":0.9,"travelTimeRatio":1.12,"speedPercentiles":[34,41,46,50,53,56,58,60,62,63,65,67,69,71,73,75,78,82,90]},{"timeSet":23,"dateRange":1,"harmonicAverageSpeed":65.6,"medianSpeed":71.0,"averageSpeed":70.6,"standardDeviationSpeed":17.4,"travelTimeStandardDeviation":0.27,"sampleSize":1373,"normalizedSampleSize":0.385,"averageTravelTime":0.86,"medianTravelTime":0.8,"travelTimeRatio":0.99,"speedPercentiles":[41,47,53,56,60,63,65,67,69,71,73,75,77,79,82,84,87,92,98]},{"timeSet":24,"dateRange":1,"harmonicAverageSpeed":65.2,"medianSpeed":70.0,"averageSpeed":69.8,"standardDeviationSpeed":17.0,"travelTimeStandardDeviation":0.26,"sampleSize":1140,"normalizedSampleSize":0.3197,"averageTravelTime":0.87,"medianTravelTime":0.81,"travelTimeRatio":0.99,"speedPercentiles":[41,47,52,56,60,62,64,66,68,70,71,74,76,78,80,83,86,91,98]},{"timeSet":25,"dateRange":1,"harmonicAverageSpeed":64.2,"medianSpeed":71.0,"averageSpeed":70.5,"standardDeviationSpeed":18.3,"travelTimeStandardDeviation":0.42,"sampleSize":1101,"normalizedSampleSize":0.3087,"averageTravelTime":0.88,"medianTravelTime":0.8,"travelTimeRatio":1.01,"speedPercentiles":[40,47,53,56,59,62,64,67,69,71,73,74,76,79,82,85,88,92,101]}]}},{"type":"Feature","geometry":{"type":"LineString","coordinates":[[12.47274,41.92958],[12.47275,41.92955],[12.47276,41.92952]]},"properties":{"segmentId":13800012635041,"newSegmentId":"bf7ec0fe-57c2-421c-bee0-3820232ef810","speedLimit":50,"frc":3,"streetName":"Corso di Francia","distance":6.85,"segmentTimeResults":[{"timeSet":2,"dateRange":1,"harmonicAverageSpeed":61.9,"medianSpeed":69.0,"averageSpeed":69.4,"standardDeviationSpeed":17.9,"travelTimeStandardDeviation":0.62,"sampleSize":1619,"normalizedSampleSize":0.454,"averageTravelTime":0.4,"medianTravelTime":0.36,"travelTimeRatio":1.0,"speedPercentiles":[41,47,51,55,58,61,63,66,67,69,71,74,76,78,80,82,86,90,99]},{"timeSet":3,"dateRange":1,"harmonicAverageSpeed":56.9,"medianSpeed":71.0,"averageSpeed":71.1,"standardDeviationSpeed":18.0,"travelTimeStandardDeviation":2.16,"sampleSize":1190,"normalizedSampleSize":0.3337,"averageTravelTime":0.43,"medianTravelTime":0.35,"travelTimeRatio":1.09,"speedPercentiles":[44,48,53,57,59,62,64,67,69,71,73,75,77,79,81,84,87,92,101]},{"timeSet":4,"dateRange":1,"harmonicAverageSpeed":67.8,"medianSpeed":73.0,"averageSpeed":73.1,"standardDeviationSpeed":18.5,"travelTimeStandardDeviation":0.12,"sampleSize":827,"normalizedSampleSize":0.2319,"averageTravelTime":0.36,"medianTravelTime":0.34,"travelTimeRatio":0.91,"speedPercentiles":[44,50,55,57,61,63,66,68,70,73,75,78,80,83,86,88,91,96,103]},{"timeSet":5,"dateRange":1,"harmonicAverageSpeed":68.2,"medianSpeed":74.0,"averageSpeed":73.4,"standardDeviationSpeed":18.1,"travelTimeStandardDeviation":0.12,"sampleSize":398,"normalizedSampleSize":0.1116,"averageTravelTime":0.36,"medianTravelTime":0.33,"travelTimeRatio":0.91,"speedPercentiles":[45,51,56,59,61,64,66,69,71,74,75,78,80,81,84,88,91,96,103]},{"timeSet":6,"dateRange":1,"harmonicAverageSpeed":67.4,"medianSpeed":75.0,"averageSpeed":74.4,"standardDeviationSpeed":18.8,"travelTimeStandardDeviation":0.18,"sampleSize":396,"normalizedSampleSize":0.111,"averageTravelTime":0.37,"medianTravelTime":0.33,"travelTimeRatio":0.92,"speedPercentiles":[43,53,58,62,65,67,69,70,73,75,77,79,81,83,86,89,92,94,104]},{"timeSet":7,"dateRange":1,"harmonicAverageSpeed":69.8,"medianSpeed":78.0,"averageSpeed":75.4,"standardDeviationSpeed":18.3,"travelTimeStandardDeviation":0.12,"sampleSize":318,"normalizedSampleSize":0.0892,"averageTravelTime":0.35,"medianTravelTime":0.32,"travelTimeRatio":0.89,"speedPercentiles":[45,52,56,60,64,67,69,73,75,78,79,81,82,84,86,89,92,97,103]},{"timeSet":8,"dateRange":1,"harmonicAverageSpeed":67.2,"medianSpeed":75.0,"averageSpeed":72.5,"standardDeviationSpeed":17.9,"travelTimeStandardDeviation":0.12,"sampleSize":413,"normalizedSampleSize":0.1158,"averageTravelTime":0.37,"medianTravelTime":0.33,"travelTimeRatio":0.92,"speedPercentiles":[40,47,54,58,62,65,68,70,73,75,76,77,79,81,82,85,89,95,101]},{"timeSet":9,"dateRange":1,"harmonicAverageSpeed":68.6,"medianSpeed":74.0,"averageSpeed":73.2,"standardDeviationSpeed":16.6,"travelTimeStandardDeviation":0.11,"sampleSize":566,"normalizedSampleSize":0.1587,"averageTravelTime":0.36,"medianTravelTime":0.33,"travelTimeRatio":0.9,"speedPercentiles":[41,49,57,61,64,66,69,70,72,74,76,78,79,82,84,87,89,93,99]},{"timeSet":10,"dateRange":1,"harmonicAverageSpeed":66.2,"medianSpeed":72.0,"averageSpeed":71.2,"standardDeviationSpeed":16.8,"travelTimeStandardDeviation":0.13,"sampleSize":945,"normalizedSampleSize":0.265,"averageTravelTime":0.37,"medianTravelTime":0.34,"travelTimeRatio":0.94,"speedPercentiles":[42,49,54,58,62,64,66,68,70,72,74,76,78,80,82,85,88,90,98]},{"timeSet":11,"dateRange":1,"harmonicAverageSpeed":62.4,"medianSpeed":68.0,"averageSpeed":67.5,"standardDeviationSpeed":16.6,"travelTimeStandardDeviation":0.14,"sampleSize":1566,"normalizedSampleSize":0.4391,"averageTravelTime":0.4,"medianTravelTime":0.36,"travelTimeRatio":0.99,"speedPercentiles":[36,45,50,55,58,61,63,64,66,68,70,72,74,76,79,81,84,87,93]},{"timeSet":12,"dateRange":1,"harmonicAverageSpeed":59.8,"medianSpeed":66.0,"averageSpeed":65.3,"standardDeviationSpeed":16.3,"travelTimeStandardDeviation":0.17,"sampleSize":2085,"normalizedSampleSize":0.5847,"averageTravelTime":0.41,"medianTravelTime":0.37,"travelTimeRatio":1.04,"speedPercentiles":[36,43,49,53,56,58,60,62,64,66,68,69,71,74,76,79,81,85,91]},{"timeSet":13,"dateRange":1,"harmonicAverageSpeed":59.2,"medianSpeed":66.0,"averageSpeed":64.9,"standardDeviationSpeed":16.4,"travelTimeStandardDeviation":0.19,"sampleSize":2299,"normalizedSampleSize":0.6447,"averageTravelTime":0.42,"medianTravelTime":0.37,"travelTimeRatio":1.05,"speedPercentiles":[35,42,47,53,56,58,60,62,64,66,68,70,72,74,76,78,81,84,90]},{"timeSet":14,"dateRange":1,"harmonicAverageSpeed":59.8,"medianSpeed":66.0,"averageSpeed":65.0,"standardDeviationSpeed":16.5,"travelTimeStandardDeviation":0.14,"sampleSize":2791,"normalizedSampleSize":0.7827,"averageTravelTime":0.41,"medianTravelTime":0.37,"travelTimeRatio":1.04,"speedPercentiles":[34,42,48,52,56,58,60,62,64,66,67,69,71,73,75,78,81,85,92]},{"timeSet":15,"dateRange":1,"harmonicAverageSpeed":61.6,"medianSpeed":70.0,"averageSpeed":68.1,"standardDeviationSpeed":18.3,"travelTimeStandardDeviation":0.17,"sampleSize":2408,"normalizedSampleSize":0.6753,"averageTravelTime":0.4,"medianTravelTime":0.35,"travelTimeRatio":1.01,"speedPercentiles":[34,43,49,54,57,61,63,65,67,70,71,73,75,77,80,82,85,89,96]},{"timeSet":16,"dateRange":1,"harmonicAverageSpeed":64.0,"medianSpeed":71.0,"averageSpeed":69.8,"standardDeviationSpeed":17.9,"travelTimeStandardDeviation":0.14,"sampleSize":1873,"normalizedSampleSize":0.5252,"averageTravelTime":0.39,"medianTravelTime":0.35,"travelTimeRatio":0.97,"speedPercentiles":[37,45,50,56,59,62,65,67,69,71,74,75,77,80,82,84,87,90,97]},{"timeSet":17,"dateRange":1,"harmonicAverageSpeed":60.9,"medianSpeed":67.0,"averageSpeed":66.5,"standardDeviationSpeed":17.0,"travelTimeStandardDeviation":0.15,"sampleSize":2262,"normalizedSampleSize":0.6343,"averageTravelTime":0.4,"medianTravelTime":0.37,"travelTimeRatio":1.02,"speedPercentiles":[36,43,49,54,57,59,61,63,65,67,69,71,73,75,78,80,83,87,92]},{"timeSet":18,"dateRange":1,"harmonicAverageSpeed":58.4,"medianSpeed":64.0,"averageSpeed":63.6,"standardDeviationSpeed":16.7,"travelTimeStandardDeviation":0.15,"sampleSize":2445,"normalizedSampleSize":0.6856,"averageTravelTime":0.42,"medianTravelTime":0.39,"travelTimeRatio":1.06,"speedPercentiles":[34,42,46,50,53,56,58,60,62,64,66,67,69,72,74,77,80,84,90]},{"timeSet":19,"dateRange":1,"harmonicAverageSpeed":56.9,"medianSpeed":62.0,"averageSpeed":61.7,"standardDeviationSpeed":15.8,"travelTimeStandardDeviation":0.15,"sampleSize":2635,"normalizedSampleSize":0.7389,"averageTravelTime":0.43,"medianTravelTime":0.4,"travelTimeRatio":1.09,"speedPercentiles":[34,41,45,49,52,54,57,59,60,62,64,65,67,69,71,74,77,81,87]},{"timeSet":20,"dateRange":1,"harmonicAverageSpeed":57.3,"medianSpeed":62.0,"averageSpeed":61.7,"standardDeviationSpeed":15.3,"travelTimeStandardDeviation":0.14,"sampleSize":2432,"normalizedSampleSize":0.682,"averageTravelTime":0.43,"medianTravelTime":0.4,"travelTimeRatio":1.08,"speedPercentiles":[35,42,46,50,52,55,57,58,60,62,63,65,67,69,71,73,77,80,87]},{"timeSet":21,"dateRange":1,"harmonicAverageSpeed":58.6,"medianSpeed":64.0,"averageSpeed":63.2,"standardDeviationSpeed":15.6,"travelTimeStandardDeviation":0.14,"sampleSize":2238,"normalizedSampleSize":0.6276,"averageTravelTime":0.42,"medianTravelTime":0.39,"travelTimeRatio":1.06,"speedPercentiles":[34,42,47,52,54,56,59,60,62,64,65,67,69,71,73,75,79,82,88]},{"timeSet":22,"dateRange":1,"harmonicAverageSpeed":57.3,"medianSpeed":63.0,"averageSpeed":62.6,"standardDeviationSpeed":16.6,"travelTimeStandardDeviation":0.16,"sampleSize":2296,"normalizedSampleSize":0.6439,"averageTravelTime":0.43,"medianTravelTime":0.39,"travelTimeRatio":1.08,"speedPercentiles":[34,41,45,49,53,55,57,59,61,63,65,67,68,71,73,75,78,82,89]},{"timeSet":23,"dateRange":1,"harmonicAverageSpeed":65.0,"medianSpeed":70.0,"averageSpeed":70.0,"standardDeviationSpeed":17.3,"travelTimeStandardDeviation":0.12,"sampleSize":1373,"normalizedSampleSize":0.385,"averageTravelTime":0.38,"medianTravelTime":0.35,"travelTimeRatio":0.95,"speedPercentiles":[40,47,52,56,59,62,64,66,68,70,73,75,77,79,81,84,86,91,98]},{"timeSet":24,"dateRange":1,"harmonicAverageSpeed":64.9,"medianSpeed":69.0,"averageSpeed":69.5,"standardDeviationSpeed":16.8,"travelTimeStandardDeviation":0.11,"sampleSize":1140,"normalizedSampleSize":0.3197,"averageTravelTime":0.38,"medianTravelTime":0.36,"travelTimeRatio":0.95,"speedPercentiles":[41,47,52,56,59,62,64,66,68,69,71,73,75,78,79,82,86,90,97]},{"timeSet":25,"dateRange":1,"harmonicAverageSpeed":64.3,"medianSpeed":70.0,"averageSpeed":70.1,"standardDeviationSpeed":18.0,"travelTimeStandardDeviation":0.16,"sampleSize":1100,"normalizedSampleSize":0.3085,"averageTravelTime":0.38,"medianTravelTime":0.35,"travelTimeRatio":0.96,"speedPercentiles":[40,47,53,56,59,62,64,67,68,70,72,74,76,78,81,84,87,92,100]}]}},{"type":"Feature","geometry":{"type":"LineString","coordinates":[[12.47276,41.92952],[12.47277,41.92945],[12.47285,41.92914],[12.47289,41.92901]]},"properties":{"segmentId":13800006899874,"newSegmentId":"00004931-3600-0400-0000-0000014dd3ac","speedLimit":50,"frc":3,"streetName":"Corso di Francia","distance":56.95,"segmentTimeResults":[{"timeSet":2,"dateRange":1,"harmonicAverageSpeed":59.9,"medianSpeed":68.0,"averageSpeed":67.8,"standardDeviationSpeed":17.0,"travelTimeStandardDeviation":7.17,"sampleSize":1618,"normalizedSampleSize":0.4537,"averageTravelTime":3.42,"medianTravelTime":3.02,"travelTimeRatio":1.0,"speedPercentiles":[41,46,50,54,57,60,62,64,66,68,70,72,74,76,78,81,84,87,95]},{"timeSet":3,"dateRange":1,"harmonicAverageSpeed":64.8,"medianSpeed":69.0,"averageSpeed":69.1,"standardDeviationSpeed":16.6,"travelTimeStandardDeviation":0.91,"sampleSize":1184,"normalizedSampleSize":0.332,"averageTravelTime":3.16,"medianTravelTime":2.97,"travelTimeRatio":0.92,"speedPercentiles":[43,47,53,56,58,61,63,65,67,69,71,73,75,77,78,81,85,89,97]},{"timeSet":4,"dateRange":1,"harmonicAverageSpeed":66.2,"medianSpeed":71.0,"averageSpeed":71.1,"standardDeviationSpeed":17.4,"travelTimeStandardDeviation":0.96,"sampleSize":825,"normalizedSampleSize":0.2314,"averageTravelTime":3.1,"medianTravelTime":2.89,"travelTimeRatio":0.9,"speedPercentiles":[43,49,53,57,60,62,64,66,69,71,73,75,78,81,83,85,88,93,99]},{"timeSet":5,"dateRange":1,"harmonicAverageSpeed":66.7,"medianSpeed":71.0,"averageSpeed":71.6,"standardDeviationSpeed":17.6,"travelTimeStandardDeviation":1.01,"sampleSize":398,"normalizedSampleSize":0.1116,"averageTravelTime":3.07,"medianTravelTime":2.89,"travelTimeRatio":0.9,"speedPercentiles":[45,50,54,57,60,62,65,67,69,71,74,76,78,79,82,85,88,94,101]},{"timeSet":6,"dateRange":1,"harmonicAverageSpeed":66.2,"medianSpeed":73.0,"averageSpeed":72.8,"standardDeviationSpeed":17.9,"travelTimeStandardDeviation":1.47,"sampleSize":396,"normalizedSampleSize":0.111,"averageTravelTime":3.1,"medianTravelTime":2.81,"travelTimeRatio":0.9,"speedPercentiles":[43,52,57,61,64,66,67,69,71,73,76,77,79,82,83,87,90,93,101]},{"timeSet":7,"dateRange":1,"harmonicAverageSpeed":68.2,"medianSpeed":75.0,"averageSpeed":73.5,"standardDeviationSpeed":17.6,"travelTimeStandardDeviation":1.03,"sampleSize":318,"normalizedSampleSize":0.0892,"averageTravelTime":3.01,"medianTravelTime":2.73,"travelTimeRatio":0.88,"speedPercentiles":[43,52,55,59,63,66,68,71,74,75,77,79,80,82,84,86,90,93,102]},{"timeSet":8,"dateRange":1,"harmonicAverageSpeed":65.8,"medianSpeed":72.0,"averageSpeed":70.8,"standardDeviationSpeed":17.2,"travelTimeStandardDeviation":0.99,"sampleSize":413,"normalizedSampleSize":0.1158,"averageTravelTime":3.12,"medianTravelTime":2.85,"travelTimeRatio":0.91,"speedPercentiles":[40,47,52,57,61,64,66,68,70,72,74,76,77,79,81,84,87,91,99]},{"timeSet":9,"dateRange":1,"harmonicAverageSpeed":67.0,"medianSpeed":73.0,"averageSpeed":71.3,"standardDeviationSpeed":15.7,"travelTimeStandardDeviation":0.9,"sampleSize":566,"normalizedSampleSize":0.1587,"averageTravelTime":3.06,"medianTravelTime":2.81,"travelTimeRatio":0.89,"speedPercentiles":[41,49,57,59,62,65,68,69,71,73,74,76,78,79,82,84,87,90,95]},{"timeSet":10,"dateRange":1,"harmonicAverageSpeed":65.0,"medianSpeed":70.0,"averageSpeed":69.6,"standardDeviationSpeed":16.0,"travelTimeStandardDeviation":1.03,"sampleSize":944,"normalizedSampleSize":0.2647,"averageTravelTime":3.16,"medianTravelTime":2.93,"travelTimeRatio":0.92,"speedPercentiles":[42,48,53,57,61,63,65,67,69,70,72,74,76,78,80,82,85,88,95]},{"timeSet":11,"dateRange":1,"harmonicAverageSpeed":61.0,"medianSpeed":67.0,"averageSpeed":65.7,"standardDeviationSpeed":15.9,"travelTimeStandardDeviation":1.13,"sampleSize":1561,"normalizedSampleSize":0.4377,"averageTravelTime":3.36,"medianTravelTime":3.06,"travelTimeRatio":0.98,"speedPercentiles":[36,44,50,54,56,59,61,63,65,67,68,70,72,74,76,78,81,85,91]},{"timeSet":12,"dateRange":1,"harmonicAverageSpeed":58.7,"medianSpeed":64.0,"averageSpeed":63.6,"standardDeviationSpeed":15.6,"travelTimeStandardDeviation":1.27,"sampleSize":2082,"normalizedSampleSize":0.5838,"averageTravelTime":3.5,"medianTravelTime":3.2,"travelTimeRatio":1.02,"speedPercentiles":[36,42,48,52,55,57,59,61,63,64,66,68,70,72,74,76,79,83,88]},{"timeSet":13,"dateRange":1,"harmonicAverageSpeed":58.1,"medianSpeed":64.0,"averageSpeed":63.2,"standardDeviationSpeed":15.6,"travelTimeStandardDeviation":1.39,"sampleSize":2299,"normalizedSampleSize":0.6447,"averageTravelTime":3.53,"medianTravelTime":3.2,"travelTimeRatio":1.03,"speedPercentiles":[35,41,47,51,55,57,59,61,62,64,66,68,70,71,74,76,79,82,87]},{"timeSet":14,"dateRange":1,"harmonicAverageSpeed":58.3,"medianSpeed":64.0,"averageSpeed":63.2,"standardDeviationSpeed":15.9,"travelTimeStandardDeviation":1.2,"sampleSize":2788,"normalizedSampleSize":0.7818,"averageTravelTime":3.52,"medianTravelTime":3.2,"travelTimeRatio":1.03,"speedPercentiles":[34,41,47,51,54,57,59,60,62,64,66,67,69,71,73,75,79,82,89]},{"timeSet":15,"dateRange":1,"harmonicAverageSpeed":60.4,"medianSpeed":68.0,"averageSpeed":66.4,"standardDeviationSpeed":17.4,"travelTimeStandardDeviation":1.44,"sampleSize":2403,"normalizedSampleSize":0.6739,"averageTravelTime":3.4,"medianTravelTime":3.02,"travelTimeRatio":0.99,"speedPercentiles":[34,42,48,53,57,59,62,64,66,68,70,71,73,75,78,80,83,86,93]},{"timeSet":16,"dateRange":1,"harmonicAverageSpeed":62.7,"medianSpeed":70.0,"averageSpeed":68.1,"standardDeviationSpeed":17.0,"travelTimeStandardDeviation":1.15,"sampleSize":1871,"normalizedSampleSize":0.5247,"averageTravelTime":3.27,"medianTravelTime":2.93,"travelTimeRatio":0.95,"speedPercentiles":[37,45,50,55,58,62,63,65,67,70,71,73,75,77,79,82,85,88,93]},{"timeSet":17,"dateRange":1,"harmonicAverageSpeed":59.7,"medianSpeed":66.0,"averageSpeed":64.9,"standardDeviationSpeed":16.3,"travelTimeStandardDeviation":1.24,"sampleSize":2255,"normalizedSampleSize":0.6324,"averageTravelTime":3.43,"medianTravelTime":3.11,"travelTimeRatio":1.0,"speedPercentiles":[36,42,48,53,56,58,60,62,64,66,68,69,71,74,76,78,81,84,89]},{"timeSet":18,"dateRange":1,"harmonicAverageSpeed":57.2,"medianSpeed":62.0,"averageSpeed":62.0,"standardDeviationSpeed":15.9,"travelTimeStandardDeviation":1.2,"sampleSize":2441,"normalizedSampleSize":0.6845,"averageTravelTime":3.59,"medianTravelTime":3.31,"travelTimeRatio":1.05,"speedPercentiles":[34,41,46,49,52,55,57,59,61,62,64,66,68,70,72,74,78,82,87]},{"timeSet":19,"dateRange":1,"harmonicAverageSpeed":55.6,"medianSpeed":60.0,"averageSpeed":60.1,"standardDeviationSpeed":15.1,"travelTimeStandardDeviation":1.23,"sampleSize":2636,"normalizedSampleSize":0.7392,"averageTravelTime":3.69,"medianTravelTime":3.42,"travelTimeRatio":1.08,"speedPercentiles":[34,41,45,48,51,53,55,57,59,60,62,64,65,67,69,72,75,78,84]},{"timeSet":20,"dateRange":1,"harmonicAverageSpeed":56.1,"medianSpeed":60.0,"averageSpeed":60.2,"standardDeviationSpeed":14.4,"travelTimeStandardDeviation":1.16,"sampleSize":2431,"normalizedSampleSize":0.6817,"averageTravelTime":3.66,"medianTravelTime":3.42,"travelTimeRatio":1.07,"speedPercentiles":[35,42,46,49,51,53,55,57,59,60,62,63,65,67,69,71,74,78,84]},{"timeSet":21,"dateRange":1,"harmonicAverageSpeed":57.2,"medianSpeed":62.0,"averageSpeed":61.5,"standardDeviationSpeed":14.7,"travelTimeStandardDeviation":1.18,"sampleSize":2228,"normalizedSampleSize":0.6248,"averageTravelTime":3.59,"medianTravelTime":3.31,"travelTimeRatio":1.05,"speedPercentiles":[34,42,47,51,53,55,57,59,61,62,64,65,67,69,71,73,76,79,85]},{"timeSet":22,"dateRange":1,"harmonicAverageSpeed":56.0,"medianSpeed":62.0,"averageSpeed":61.0,"standardDeviationSpeed":15.9,"travelTimeStandardDeviation":1.29,"sampleSize":2289,"normalizedSampleSize":0.6419,"averageTravelTime":3.66,"medianTravelTime":3.31,"travelTimeRatio":1.07,"speedPercentiles":[33,40,44,48,51,54,56,58,60,62,63,65,67,69,70,73,76,80,86]},{"timeSet":23,"dateRange":1,"harmonicAverageSpeed":63.5,"medianSpeed":68.0,"averageSpeed":68.1,"standardDeviationSpeed":16.5,"travelTimeStandardDeviation":0.99,"sampleSize":1368,"normalizedSampleSize":0.3836,"averageTravelTime":3.23,"medianTravelTime":3.02,"travelTimeRatio":0.94,"speedPercentiles":[40,46,51,55,58,61,63,64,66,68,71,72,74,76,78,81,84,88,95]},{"timeSet":24,"dateRange":1,"harmonicAverageSpeed":63.5,"medianSpeed":68.0,"averageSpeed":67.8,"standardDeviationSpeed":15.9,"travelTimeStandardDeviation":0.94,"sampleSize":1135,"normalizedSampleSize":0.3183,"averageTravelTime":3.23,"medianTravelTime":3.02,"travelTimeRatio":0.94,"speedPercentiles":[41,46,51,55,59,61,63,64,66,68,69,71,73,75,78,80,83,88,94]},{"timeSet":25,"dateRange":1,"harmonicAverageSpeed":62.9,"medianSpeed":69.0,"averageSpeed":68.4,"standardDeviationSpeed":17.4,"travelTimeStandardDeviation":1.35,"sampleSize":1098,"normalizedSampleSize":0.3079,"averageTravelTime":3.26,"medianTravelTime":2.97,"travelTimeRatio":0.95,"speedPercentiles":[39,46,52,55,58,60,63,65,67,69,70,72,74,76,79,81,85,88,98]}]}},{"type":"Feature","geometry":{"type":"LineString","coordinates":[[12.47289,41.92901],[12.47293,41.92886],[12.4731,41.9285]]},"properties":{"segmentId":13800007088896,"newSegmentId":"00004931-3600-0400-0000-000001376b6e","speedLimit":50,"frc":3,"streetName":"Corso di Francia","distance":59.42,"segmentTimeResults":[{"timeSet":2,"dateRange":1,"harmonicAverageSpeed":61.0,"medianSpeed":65.0,"averageSpeed":65.1,"standardDeviationSpeed":15.4,"travelTimeStandardDeviation":1.07,"sampleSize":1617,"normalizedSampleSize":0.4534,"averageTravelTime":3.51,"medianTravelTime":3.29,"travelTimeRatio":1.0,"speedPercentiles":[41,46,50,53,56,58,60,62,63,65,67,68,70,72,74,76,79,83,91]},{"timeSet":3,"dateRange":1,"harmonicAverageSpeed":62.4,"medianSpeed":66.0,"averageSpeed":66.0,"standardDeviationSpeed":14.8,"travelTimeStandardDeviation":0.91,"sampleSize":1181,"normalizedSampleSize":0.3312,"averageTravelTime":3.43,"medianTravelTime":3.24,"travelTimeRatio":0.98,"speedPercentiles":[43,46,51,54,57,59,61,62,64,66,68,69,71,72,74,76,80,84,91]},{"timeSet":4,"dateRange":1,"harmonicAverageSpeed":63.4,"medianSpeed":67.0,"averageSpeed":67.8,"standardDeviationSpeed":15.9,"travelTimeStandardDeviation":1.06,"sampleSize":827,"normalizedSampleSize":0.2319,"averageTravelTime":3.37,"medianTravelTime":3.19,"travelTimeRatio":0.96,"speedPercentiles":[42,49,52,55,58,60,62,64,65,67,69,71,74,76,79,81,83,87,94]},{"timeSet":5,"dateRange":1,"harmonicAverageSpeed":63.6,"medianSpeed":68.0,"averageSpeed":67.9,"standardDeviationSpeed":16.1,"travelTimeStandardDeviation":1.04,"sampleSize":399,"normalizedSampleSize":0.1119,"averageTravelTime":3.36,"medianTravelTime":3.15,"travelTimeRatio":0.96,"speedPercentiles":[44,49,53,55,58,60,61,63,65,68,70,72,73,76,78,80,84,88,94]},{"timeSet":6,"dateRange":1,"harmonicAverageSpeed":64.1,"medianSpeed":70.0,"averageSpeed":69.7,"standardDeviationSpeed":16.1,"travelTimeStandardDeviation":1.5,"sampleSize":394,"normalizedSampleSize":0.1105,"averageTravelTime":3.34,"medianTravelTime":3.06,"travelTimeRatio":0.95,"speedPercentiles":[43,51,55,59,62,64,65,66,68,70,72,74,75,78,79,81,85,89,93]},{"timeSet":7,"dateRange":1,"harmonicAverageSpeed":65.5,"medianSpeed":72.0,"averageSpeed":70.2,"standardDeviationSpeed":16.3,"travelTimeStandardDeviation":1.07,"sampleSize":319,"normalizedSampleSize":0.0895,"averageTravelTime":3.27,"medianTravelTime":2.97,"travelTimeRatio":0.93,"speedPercentiles":[40,49,53,57,60,63,66,68,70,72,74,75,76,78,80,82,85,90,97]},{"timeSet":8,"dateRange":1,"harmonicAverageSpeed":63.0,"medianSpeed":69.0,"averageSpeed":67.5,"standardDeviationSpeed":15.9,"travelTimeStandardDeviation":1.04,"sampleSize":411,"normalizedSampleSize":0.1153,"averageTravelTime":3.4,"medianTravelTime":3.1,"travelTimeRatio":0.97,"speedPercentiles":[39,46,51,55,59,61,63,65,67,69,71,73,74,75,77,78,81,85,92]},{"timeSet":9,"dateRange":1,"harmonicAverageSpeed":64.2,"medianSpeed":69.0,"averageSpeed":68.1,"standardDeviationSpeed":14.6,"travelTimeStandardDeviation":0.95,"sampleSize":563,"normalizedSampleSize":0.1579,"averageTravelTime":3.33,"medianTravelTime":3.1,"travelTimeRatio":0.95,"speedPercentiles":[40,48,55,57,60,63,64,66,67,69,70,72,73,75,77,80,82,85,91]},{"timeSet":10,"dateRange":1,"harmonicAverageSpeed":62.3,"medianSpeed":67.0,"averageSpeed":66.4,"standardDeviationSpeed":14.8,"travelTimeStandardDeviation":1.02,"sampleSize":943,"normalizedSampleSize":0.2644,"averageTravelTime":3.43,"medianTravelTime":3.19,"travelTimeRatio":0.98,"speedPercentiles":[41,47,51,54,58,60,63,64,66,67,69,70,72,74,75,78,81,84,88]},{"timeSet":11,"dateRange":1,"harmonicAverageSpeed":58.1,"medianSpeed":63.0,"averageSpeed":62.4,"standardDeviationSpeed":14.8,"travelTimeStandardDeviation":1.2,"sampleSize":1557,"normalizedSampleSize":0.4366,"averageTravelTime":3.68,"medianTravelTime":3.4,"travelTimeRatio":1.05,"speedPercentiles":[35,42,48,51,54,56,58,60,61,63,65,67,68,70,72,74,77,80,86]},{"timeSet":12,"dateRange":1,"harmonicAverageSpeed":54.9,"medianSpeed":61.0,"averageSpeed":60.2,"standardDeviationSpeed":14.3,"travelTimeStandardDeviation":2.68,"sampleSize":2081,"normalizedSampleSize":0.5836,"averageTravelTime":3.9,"medianTravelTime":3.51,"travelTimeRatio":1.11,"speedPercentiles":[35,41,46,50,52,54,56,58,59,61,63,64,65,68,69,72,74,77,83]},{"timeSet":13,"dateRange":1,"harmonicAverageSpeed":55.6,"medianSpeed":61.0,"averageSpeed":60.0,"standardDeviationSpeed":14.5,"travelTimeStandardDeviation":1.31,"sampleSize":2295,"normalizedSampleSize":0.6436,"averageTravelTime":3.85,"medianTravelTime":3.51,"travelTimeRatio":1.1,"speedPercentiles":[34,39,45,49,52,54,56,58,59,61,62,64,66,67,69,72,74,77,82]},{"timeSet":14,"dateRange":1,"harmonicAverageSpeed":55.2,"medianSpeed":60.0,"averageSpeed":59.8,"standardDeviationSpeed":14.8,"travelTimeStandardDeviation":1.32,"sampleSize":2780,"normalizedSampleSize":0.7796,"averageTravelTime":3.87,"medianTravelTime":3.57,"travelTimeRatio":1.1,"speedPercentiles":[32,39,44,49,52,54,56,57,59,60,62,63,65,67,69,71,74,78,82]},{"timeSet":15,"dateRange":1,"harmonicAverageSpeed":57.9,"medianSpeed":64.0,"averageSpeed":63.2,"standardDeviationSpeed":15.8,"travelTimeStandardDeviation":1.5,"sampleSize":2407,"normalizedSampleSize":0.675,"averageTravelTime":3.7,"medianTravelTime":3.34,"travelTimeRatio":1.05,"speedPercentiles":[34,42,47,52,55,57,59,61,63,64,66,68,69,71,73,75,78,81,88]},{"timeSet":16,"dateRange":1,"harmonicAverageSpeed":60.1,"medianSpeed":66.0,"averageSpeed":64.9,"standardDeviationSpeed":15.7,"travelTimeStandardDeviation":1.21,"sampleSize":1867,"normalizedSampleSize":0.5236,"averageTravelTime":3.56,"medianTravelTime":3.24,"travelTimeRatio":1.01,"speedPercentiles":[36,43,49,53,56,59,61,63,64,66,68,69,71,73,75,77,80,83,88]},{"timeSet":17,"dateRange":1,"harmonicAverageSpeed":57.3,"medianSpeed":63.0,"averageSpeed":62.0,"standardDeviationSpeed":15.0,"travelTimeStandardDeviation":1.31,"sampleSize":2254,"normalizedSampleSize":0.6321,"averageTravelTime":3.73,"medianTravelTime":3.4,"travelTimeRatio":1.06,"speedPercentiles":[35,41,47,51,54,56,58,59,61,63,64,66,68,70,72,74,77,80,84]},{"timeSet":18,"dateRange":1,"harmonicAverageSpeed":54.3,"medianSpeed":59.0,"averageSpeed":58.7,"standardDeviationSpeed":14.9,"travelTimeStandardDeviation":1.3,"sampleSize":2437,"normalizedSampleSize":0.6834,"averageTravelTime":3.94,"medianTravelTime":3.63,"travelTimeRatio":1.12,"speedPercentiles":[33,39,43,47,50,52,54,55,57,59,61,62,64,66,68,71,73,77,83]},{"timeSet":19,"dateRange":1,"harmonicAverageSpeed":52.8,"medianSpeed":57.0,"averageSpeed":57.0,"standardDeviationSpeed":14.0,"travelTimeStandardDeviation":1.37,"sampleSize":2636,"normalizedSampleSize":0.7392,"averageTravelTime":4.05,"medianTravelTime":3.75,"travelTimeRatio":1.15,"speedPercentiles":[33,39,43,46,48,51,52,54,56,57,59,60,62,64,65,68,70,75,80]},{"timeSet":20,"dateRange":1,"harmonicAverageSpeed":53.7,"medianSpeed":57.0,"averageSpeed":57.2,"standardDeviationSpeed":13.1,"travelTimeStandardDeviation":1.2,"sampleSize":2423,"normalizedSampleSize":0.6795,"averageTravelTime":3.99,"medianTravelTime":3.75,"travelTimeRatio":1.14,"speedPercentiles":[34,41,44,47,49,51,53,55,56,57,59,60,62,64,65,68,70,73,79]},{"timeSet":21,"dateRange":1,"harmonicAverageSpeed":54.1,"medianSpeed":59.0,"averageSpeed":58.2,"standardDeviationSpeed":13.7,"travelTimeStandardDeviation":1.35,"sampleSize":2230,"normalizedSampleSize":0.6254,"averageTravelTime":3.95,"medianTravelTime":3.63,"travelTimeRatio":1.13,"speedPercentiles":[33,40,45,48,51,53,54,56,57,59,60,62,63,65,67,69,71,75,80]},{"timeSet":22,"dateRange":1,"harmonicAverageSpeed":52.8,"medianSpeed":59.0,"averageSpeed":58.0,"standardDeviationSpeed":15.1,"travelTimeStandardDeviation":1.86,"sampleSize":2291,"normalizedSampleSize":0.6425,"averageTravelTime":4.05,"medianTravelTime":3.63,"travelTimeRatio":1.16,"speedPercentiles":[32,39,43,46,49,52,54,56,57,59,60,62,63,65,67,69,71,75,83]},{"timeSet":23,"dateRange":1,"harmonicAverageSpeed":61.0,"medianSpeed":65.0,"averageSpeed":65.0,"standardDeviationSpeed":15.0,"travelTimeStandardDeviation":1.02,"sampleSize":1366,"normalizedSampleSize":0.3831,"averageTravelTime":3.51,"medianTravelTime":3.29,"travelTimeRatio":1.0,"speedPercentiles":[39,46,50,53,56,58,60,62,63,65,67,69,71,72,75,77,80,83,89]},{"timeSet":24,"dateRange":1,"harmonicAverageSpeed":61.4,"medianSpeed":65.0,"averageSpeed":65.0,"standardDeviationSpeed":14.6,"travelTimeStandardDeviation":0.96,"sampleSize":1136,"normalizedSampleSize":0.3186,"averageTravelTime":3.49,"medianTravelTime":3.29,"travelTimeRatio":0.99,"speedPercentiles":[41,45,50,54,57,59,60,62,63,65,67,68,70,72,74,76,80,84,89]},{"timeSet":25,"dateRange":1,"harmonicAverageSpeed":60.4,"medianSpeed":65.0,"averageSpeed":65.2,"standardDeviationSpeed":16.0,"travelTimeStandardDeviation":1.39,"sampleSize":1098,"normalizedSampleSize":0.3079,"averageTravelTime":3.54,"medianTravelTime":3.29,"travelTimeRatio":1.01,"speedPercentiles":[38,45,49,53,56,58,60,62,64,65,67,69,70,72,75,77,80,84,91]}]}},{"type":"Feature","geometry":{"type":"LineString","coordinates":[[12.4731,41.9285],[12.47315,41.9284],[12.4732,41.92831]]},"properties":{"segmentId":13800007088897,"newSegmentId":"00004931-3600-0400-0000-00000136552e","speedLimit":50,"frc":3,"streetName":"Corso di Francia","distance":22.61,"segmentTimeResults":[{"timeSet":2,"dateRange":1,"harmonicAverageSpeed":59.4,"medianSpeed":63.0,"averageSpeed":63.0,"standardDeviationSpeed":14.3,"travelTimeStandardDeviation":0.4,"sampleSize":1616,"normalizedSampleSize":0.4532,"averageTravelTime":1.37,"medianTravelTime":1.29,"travelTimeRatio":1.0,"speedPercentiles":[40,45,49,52,55,57,58,60,61,63,64,66,68,69,71,74,76,80,87]},{"timeSet":3,"dateRange":1,"harmonicAverageSpeed":60.4,"medianSpeed":63.0,"averageSpeed":63.6,"standardDeviationSpeed":13.9,"travelTimeStandardDeviation":0.34,"sampleSize":1183,"normalizedSampleSize":0.3317,"averageTravelTime":1.35,"medianTravelTime":1.29,"travelTimeRatio":0.98,"speedPercentiles":[42,46,50,52,55,57,58,60,62,63,65,67,68,70,72,74,76,80,87]},{"timeSet":4,"dateRange":1,"harmonicAverageSpeed":61.3,"medianSpeed":65.0,"averageSpeed":65.3,"standardDeviationSpeed":15.1,"travelTimeStandardDeviation":0.41,"sampleSize":828,"normalizedSampleSize":0.2322,"averageTravelTime":1.33,"medianTravelTime":1.25,"travelTimeRatio":0.97,"speedPercentiles":[42,47,51,53,56,58,60,62,63,65,66,68,70,72,75,77,80,84,90]},{"timeSet":5,"dateRange":1,"harmonicAverageSpeed":61.8,"medianSpeed":65.0,"averageSpeed":65.5,"standardDeviationSpeed":14.5,"travelTimeStandardDeviation":0.38,"sampleSize":401,"normalizedSampleSize":0.1125,"averageTravelTime":1.32,"medianTravelTime":1.25,"travelTimeRatio":0.96,"speedPercentiles":[43,48,52,55,57,58,60,61,63,65,67,68,70,73,75,78,80,84,89]},{"timeSet":6,"dateRange":1,"harmonicAverageSpeed":62.2,"medianSpeed":68.0,"averageSpeed":67.5,"standardDeviationSpeed":15.5,"travelTimeStandardDeviation":0.57,"sampleSize":394,"normalizedSampleSize":0.1105,"averageTravelTime":1.31,"medianTravelTime":1.2,"travelTimeRatio":0.95,"speedPercentiles":[41,49,53,56,59,62,64,65,66,68,70,71,73,75,76,79,82,86,90]},{"timeSet":7,"dateRange":1,"harmonicAverageSpeed":63.4,"medianSpeed":69.0,"averageSpeed":67.9,"standardDeviationSpeed":15.4,"travelTimeStandardDeviation":0.42,"sampleSize":320,"normalizedSampleSize":0.0897,"averageTravelTime":1.28,"medianTravelTime":1.18,"travelTimeRatio":0.94,"speedPercentiles":[40,49,53,54,59,62,63,65,66,69,70,72,74,75,78,79,82,86,91]},{"timeSet":8,"dateRange":1,"harmonicAverageSpeed":61.7,"medianSpeed":67.0,"averageSpeed":65.7,"standardDeviationSpeed":14.9,"travelTimeStandardDeviation":0.39,"sampleSize":411,"normalizedSampleSize":0.1153,"averageTravelTime":1.32,"medianTravelTime":1.21,"travelTimeRatio":0.96,"speedPercentiles":[40,46,50,55,57,59,62,63,65,67,69,70,72,74,75,76,79,82,91]},{"timeSet":9,"dateRange":1,"harmonicAverageSpeed":62.4,"medianSpeed":67.0,"averageSpeed":66.0,"standardDeviationSpeed":13.9,"travelTimeStandardDeviation":0.36,"sampleSize":563,"normalizedSampleSize":0.1579,"averageTravelTime":1.3,"medianTravelTime":1.21,"travelTimeRatio":0.95,"speedPercentiles":[40,47,54,57,58,61,62,64,65,67,68,69,71,73,75,77,80,83,86]},{"timeSet":10,"dateRange":1,"harmonicAverageSpeed":60.5,"medianSpeed":65.0,"averageSpeed":64.3,"standardDeviationSpeed":14.0,"travelTimeStandardDeviation":0.41,"sampleSize":943,"normalizedSampleSize":0.2644,"averageTravelTime":1.35,"medianTravelTime":1.25,"travelTimeRatio":0.98,"speedPercentiles":[40,45,51,54,57,59,61,62,64,65,67,68,69,71,73,75,77,81,85]},{"timeSet":11,"dateRange":1,"harmonicAverageSpeed":56.2,"medianSpeed":61.0,"averageSpeed":60.2,"standardDeviationSpeed":14.1,"travelTimeStandardDeviation":0.46,"sampleSize":1554,"normalizedSampleSize":0.4358,"averageTravelTime":1.45,"medianTravelTime":1.33,"travelTimeRatio":1.06,"speedPercentiles":[35,41,46,50,52,54,56,58,59,61,62,64,65,67,69,71,74,77,83]},{"timeSet":12,"dateRange":1,"harmonicAverageSpeed":53.9,"medianSpeed":59.0,"averageSpeed":58.1,"standardDeviationSpeed":13.6,"travelTimeStandardDeviation":0.54,"sampleSize":2081,"normalizedSampleSize":0.5836,"averageTravelTime":1.51,"medianTravelTime":1.38,"travelTimeRatio":1.1,"speedPercentiles":[34,40,44,48,51,53,54,55,57,59,60,62,63,65,67,69,71,74,79]},{"timeSet":13,"dateRange":1,"harmonicAverageSpeed":53.1,"medianSpeed":59.0,"averageSpeed":57.7,"standardDeviationSpeed":13.8,"travelTimeStandardDeviation":0.67,"sampleSize":2295,"normalizedSampleSize":0.6436,"averageTravelTime":1.53,"medianTravelTime":1.38,"travelTimeRatio":1.12,"speedPercentiles":[32,39,44,47,50,52,54,56,57,59,60,62,63,65,66,68,71,74,78]},{"timeSet":14,"dateRange":1,"harmonicAverageSpeed":52.9,"medianSpeed":58.0,"averageSpeed":57.2,"standardDeviationSpeed":14.1,"travelTimeStandardDeviation":0.53,"sampleSize":2779,"normalizedSampleSize":0.7793,"averageTravelTime":1.54,"medianTravelTime":1.4,"travelTimeRatio":1.12,"speedPercentiles":[31,38,43,47,49,52,53,55,57,58,59,61,62,64,66,68,71,74,79]},{"timeSet":15,"dateRange":1,"harmonicAverageSpeed":55.8,"medianSpeed":62.0,"averageSpeed":60.8,"standardDeviationSpeed":15.0,"travelTimeStandardDeviation":0.59,"sampleSize":2411,"normalizedSampleSize":0.6761,"averageTravelTime":1.46,"medianTravelTime":1.31,"travelTimeRatio":1.06,"speedPercentiles":[34,40,46,50,53,55,57,59,60,62,63,65,66,68,70,72,75,78,84]},{"timeSet":16,"dateRange":1,"harmonicAverageSpeed":58.4,"medianSpeed":64.0,"averageSpeed":62.9,"standardDeviationSpeed":14.9,"travelTimeStandardDeviation":0.47,"sampleSize":1872,"normalizedSampleSize":0.525,"averageTravelTime":1.39,"medianTravelTime":1.27,"travelTimeRatio":1.02,"speedPercentiles":[35,43,48,52,55,57,59,60,62,64,65,67,68,70,72,74,77,81,86]},{"timeSet":17,"dateRange":1,"harmonicAverageSpeed":55.6,"medianSpeed":61.0,"averageSpeed":60.0,"standardDeviationSpeed":14.2,"travelTimeStandardDeviation":0.51,"sampleSize":2248,"normalizedSampleSize":0.6304,"averageTravelTime":1.46,"medianTravelTime":1.33,"travelTimeRatio":1.07,"speedPercentiles":[34,41,46,50,52,54,56,58,59,61,62,64,66,68,69,71,74,77,82]},{"timeSet":18,"dateRange":1,"harmonicAverageSpeed":52.2,"medianSpeed":57.0,"averageSpeed":56.5,"standardDeviationSpeed":14.4,"travelTimeStandardDeviation":0.53,"sampleSize":2436,"normalizedSampleSize":0.6831,"averageTravelTime":1.56,"medianTravelTime":1.43,"travelTimeRatio":1.14,"speedPercentiles":[31,37,42,45,48,50,52,53,55,57,59,60,62,64,66,68,71,74,80]},{"timeSet":19,"dateRange":1,"harmonicAverageSpeed":50.7,"medianSpeed":55.0,"averageSpeed":55.1,"standardDeviationSpeed":13.6,"travelTimeStandardDeviation":0.7,"sampleSize":2630,"normalizedSampleSize":0.7375,"averageTravelTime":1.6,"medianTravelTime":1.48,"travelTimeRatio":1.17,"speedPercentiles":[32,38,42,45,47,49,51,52,54,55,57,59,60,62,64,65,68,72,77]},{"timeSet":20,"dateRange":1,"harmonicAverageSpeed":52.1,"medianSpeed":56.0,"averageSpeed":55.4,"standardDeviationSpeed":12.5,"travelTimeStandardDeviation":0.47,"sampleSize":2427,"normalizedSampleSize":0.6806,"averageTravelTime":1.56,"medianTravelTime":1.45,"travelTimeRatio":1.14,"speedPercentiles":[34,40,43,46,48,49,51,53,54,56,57,58,60,61,63,65,68,71,76]},{"timeSet":21,"dateRange":1,"harmonicAverageSpeed":52.0,"medianSpeed":56.0,"averageSpeed":55.9,"standardDeviationSpeed":13.1,"travelTimeStandardDeviation":0.53,"sampleSize":2228,"normalizedSampleSize":0.6248,"averageTravelTime":1.56,"medianTravelTime":1.45,"travelTimeRatio":1.14,"speedPercentiles":[32,39,43,46,48,50,52,54,55,56,58,59,61,62,64,66,68,71,77]},{"timeSet":22,"dateRange":1,"harmonicAverageSpeed":50.7,"medianSpeed":57.0,"averageSpeed":56.0,"standardDeviationSpeed":14.5,"travelTimeStandardDeviation":0.92,"sampleSize":2293,"normalizedSampleSize":0.643,"averageTravelTime":1.6,"medianTravelTime":1.43,"travelTimeRatio":1.17,"speedPercentiles":[30,38,42,45,47,50,52,54,55,57,58,60,61,63,64,66,69,73,79]},{"timeSet":23,"dateRange":1,"harmonicAverageSpeed":58.7,"medianSpeed":62.0,"averageSpeed":62.5,"standardDeviationSpeed":14.0,"travelTimeStandardDeviation":0.42,"sampleSize":1365,"normalizedSampleSize":0.3828,"averageTravelTime":1.39,"medianTravelTime":1.31,"travelTimeRatio":1.01,"speedPercentiles":[38,45,48,52,54,56,58,59,61,62,64,66,67,69,71,74,77,79,85]},{"timeSet":24,"dateRange":1,"harmonicAverageSpeed":59.6,"medianSpeed":63.0,"averageSpeed":62.9,"standardDeviationSpeed":13.5,"travelTimeStandardDeviation":0.36,"sampleSize":1140,"normalizedSampleSize":0.3197,"averageTravelTime":1.37,"medianTravelTime":1.29,"travelTimeRatio":1.0,"speedPercentiles":[40,44,49,53,55,57,59,60,61,63,64,66,67,69,71,73,76,81,86]},{"timeSet":25,"dateRange":1,"harmonicAverageSpeed":58.8,"medianSpeed":63.0,"averageSpeed":63.2,"standardDeviationSpeed":15.1,"travelTimeStandardDeviation":0.52,"sampleSize":1095,"normalizedSampleSize":0.3071,"averageTravelTime":1.38,"medianTravelTime":1.29,"travelTimeRatio":1.01,"speedPercentiles":[38,44,48,52,54,57,58,60,61,63,65,66,68,70,72,74,77,81,87]}]}},{"type":"Feature","geometry":{"type":"LineString","coordinates":[[12.4732,41.92831],[12.47325,41.92813],[12.47328,41.92805],[12.47329,41.92802]]},"properties":{"segmentId":13800007370833,"newSegmentId":"00004931-3600-0400-0000-0000034e43d8","speedLimit":50,"frc":3,"streetName":"Corso di Francia","distance":33.47,"segmentTimeResults":[{"timeSet":2,"dateRange":1,"harmonicAverageSpeed":58.6,"medianSpeed":63.0,"averageSpeed":62.5,"standardDeviationSpeed":14.4,"travelTimeStandardDeviation":0.66,"sampleSize":765,"normalizedSampleSize":0.2145,"averageTravelTime":2.06,"medianTravelTime":1.91,"travelTimeRatio":1.0,"speedPercentiles":[38,45,49,52,54,57,58,59,61,63,64,66,68,69,71,73,75,79,85]},{"timeSet":3,"dateRange":1,"harmonicAverageSpeed":60.4,"medianSpeed":64.0,"averageSpeed":63.9,"standardDeviationSpeed":14.0,"travelTimeStandardDeviation":0.54,"sampleSize":536,"normalizedSampleSize":0.1503,"averageTravelTime":1.99,"medianTravelTime":1.88,"travelTimeRatio":0.97,"speedPercentiles":[40,46,50,54,55,57,59,61,62,64,65,67,69,70,72,74,77,82,87]},{"timeSet":4,"dateRange":1,"harmonicAverageSpeed":61.7,"medianSpeed":65.0,"averageSpeed":65.9,"standardDeviationSpeed":15.5,"travelTimeStandardDeviation":0.59,"sampleSize":436,"normalizedSampleSize":0.1223,"averageTravelTime":1.95,"medianTravelTime":1.85,"travelTimeRatio":0.95,"speedPercentiles":[39,47,51,54,56,58,60,63,64,65,66,69,72,73,76,78,81,85,93]},{"timeSet":5,"dateRange":1,"harmonicAverageSpeed":61.6,"medianSpeed":65.0,"averageSpeed":65.9,"standardDeviationSpeed":15.1,"travelTimeStandardDeviation":0.64,"sampleSize":209,"normalizedSampleSize":0.0586,"averageTravelTime":1.96,"medianTravelTime":1.85,"travelTimeRatio":0.95,"speedPercentiles":[41,48,52,55,56,58,59,61,63,65,67,70,71,74,77,78,82,85,89]},{"timeSet":6,"dateRange":1,"harmonicAverageSpeed":59.6,"medianSpeed":67.0,"averageSpeed":66.4,"standardDeviationSpeed":16.6,"travelTimeStandardDeviation":1.05,"sampleSize":203,"normalizedSampleSize":0.0569,"averageTravelTime":2.02,"medianTravelTime":1.8,"travelTimeRatio":0.98,"speedPercentiles":[35,45,53,56,58,60,63,64,65,67,69,71,73,75,77,80,83,86,89]},{"timeSet":7,"dateRange":1,"harmonicAverageSpeed":61.8,"medianSpeed":68.0,"averageSpeed":67.3,"standardDeviationSpeed":16.5,"travelTimeStandardDeviation":0.74,"sampleSize":174,"normalizedSampleSize":0.0488,"averageTravelTime":1.95,"medianTravelTime":1.77,"travelTimeRatio":0.95,"speedPercentiles":[37,47,52,54,59,61,62,65,66,68,70,72,74,75,78,81,82,88,90]},{"timeSet":8,"dateRange":1,"harmonicAverageSpeed":62.1,"medianSpeed":68.0,"averageSpeed":66.6,"standardDeviationSpeed":15.5,"travelTimeStandardDeviation":0.61,"sampleSize":240,"normalizedSampleSize":0.0673,"averageTravelTime":1.94,"medianTravelTime":1.77,"travelTimeRatio":0.94,"speedPercentiles":[36,45,52,55,58,60,62,64,66,68,69,72,73,74,75,77,80,84,91]},{"timeSet":9,"dateRange":1,"harmonicAverageSpeed":61.9,"medianSpeed":67.0,"averageSpeed":66.1,"standardDeviationSpeed":14.7,"travelTimeStandardDeviation":0.61,"sampleSize":337,"normalizedSampleSize":0.0945,"averageTravelTime":1.95,"medianTravelTime":1.8,"travelTimeRatio":0.95,"speedPercentiles":[39,46,51,56,58,61,63,64,65,67,68,70,71,73,76,79,80,83,89]},{"timeSet":10,"dateRange":1,"harmonicAverageSpeed":60.6,"medianSpeed":65.0,"averageSpeed":64.2,"standardDeviationSpeed":13.9,"travelTimeStandardDeviation":0.55,"sampleSize":548,"normalizedSampleSize":0.1537,"averageTravelTime":1.99,"medianTravelTime":1.85,"travelTimeRatio":0.97,"speedPercentiles":[41,46,50,53,56,58,60,62,63,65,66,68,69,71,73,75,77,80,86]},{"timeSet":11,"dateRange":1,"harmonicAverageSpeed":54.1,"medianSpeed":59.0,"averageSpeed":58.5,"standardDeviationSpeed":14.6,"travelTimeStandardDeviation":0.75,"sampleSize":965,"normalizedSampleSize":0.2706,"averageTravelTime":2.23,"medianTravelTime":2.04,"travelTimeRatio":1.08,"speedPercentiles":[33,39,44,47,50,52,54,55,57,59,61,62,64,66,68,70,73,76,81]},{"timeSet":12,"dateRange":1,"harmonicAverageSpeed":50.6,"medianSpeed":57.0,"averageSpeed":56.0,"standardDeviationSpeed":14.0,"travelTimeStandardDeviation":1.35,"sampleSize":1227,"normalizedSampleSize":0.3441,"averageTravelTime":2.38,"medianTravelTime":2.11,"travelTimeRatio":1.16,"speedPercentiles":[31,37,42,46,49,51,53,54,55,57,58,60,61,63,65,67,69,72,77]},{"timeSet":13,"dateRange":1,"harmonicAverageSpeed":51.2,"medianSpeed":58.0,"averageSpeed":56.4,"standardDeviationSpeed":14.1,"travelTimeStandardDeviation":1.12,"sampleSize":1263,"normalizedSampleSize":0.3542,"averageTravelTime":2.36,"medianTravelTime":2.08,"travelTimeRatio":1.14,"speedPercentiles":[29,38,43,47,49,51,53,55,57,58,59,61,62,64,65,67,69,72,78]},{"timeSet":14,"dateRange":1,"harmonicAverageSpeed":50.8,"medianSpeed":57.0,"averageSpeed":55.9,"standardDeviationSpeed":14.9,"travelTimeStandardDeviation":0.95,"sampleSize":1519,"normalizedSampleSize":0.426,"averageTravelTime":2.37,"medianTravelTime":2.11,"travelTimeRatio":1.15,"speedPercentiles":[28,35,40,44,48,50,52,54,56,57,58,60,61,63,65,67,71,74,79]},{"timeSet":15,"dateRange":1,"harmonicAverageSpeed":53.9,"medianSpeed":61.0,"averageSpeed":59.5,"standardDeviationSpeed":15.7,"travelTimeStandardDeviation":0.92,"sampleSize":1389,"normalizedSampleSize":0.3895,"averageTravelTime":2.24,"medianTravelTime":1.98,"travelTimeRatio":1.09,"speedPercentiles":[30,38,44,48,51,53,55,57,59,61,62,64,66,67,69,72,74,78,84]},{"timeSet":16,"dateRange":1,"harmonicAverageSpeed":56.2,"medianSpeed":61.0,"averageSpeed":61.0,"standardDeviationSpeed":15.2,"travelTimeStandardDeviation":0.76,"sampleSize":1089,"normalizedSampleSize":0.3054,"averageTravelTime":2.14,"medianTravelTime":1.98,"travelTimeRatio":1.04,"speedPercentiles":[34,41,46,50,52,55,57,58,60,61,63,65,67,68,71,73,76,79,85]},{"timeSet":17,"dateRange":1,"harmonicAverageSpeed":53.2,"medianSpeed":59.0,"averageSpeed":58.1,"standardDeviationSpeed":14.5,"travelTimeStandardDeviation":0.88,"sampleSize":1320,"normalizedSampleSize":0.3702,"averageTravelTime":2.27,"medianTravelTime":2.04,"travelTimeRatio":1.1,"speedPercentiles":[31,38,44,48,50,53,54,56,57,59,60,62,64,65,67,69,72,75,81]},{"timeSet":18,"dateRange":1,"harmonicAverageSpeed":48.4,"medianSpeed":54.0,"averageSpeed":53.9,"standardDeviationSpeed":14.9,"travelTimeStandardDeviation":1.17,"sampleSize":1409,"normalizedSampleSize":0.3951,"averageTravelTime":2.49,"medianTravelTime":2.23,"travelTimeRatio":1.21,"speedPercentiles":[29,35,39,42,45,47,49,51,52,54,56,58,60,62,63,65,68,72,79]},{"timeSet":19,"dateRange":1,"harmonicAverageSpeed":48.1,"medianSpeed":53.0,"averageSpeed":53.0,"standardDeviationSpeed":14.2,"travelTimeStandardDeviation":0.99,"sampleSize":1518,"normalizedSampleSize":0.4257,"averageTravelTime":2.5,"medianTravelTime":2.27,"travelTimeRatio":1.22,"speedPercentiles":[28,35,39,42,45,47,48,50,51,53,55,57,58,60,62,64,67,70,75]},{"timeSet":20,"dateRange":1,"harmonicAverageSpeed":50.9,"medianSpeed":55.0,"averageSpeed":54.6,"standardDeviationSpeed":12.9,"travelTimeStandardDeviation":0.78,"sampleSize":1264,"normalizedSampleSize":0.3545,"averageTravelTime":2.37,"medianTravelTime":2.19,"travelTimeRatio":1.15,"speedPercentiles":[32,39,43,45,47,49,50,52,54,55,56,57,59,61,62,64,67,70,75]},{"timeSet":21,"dateRange":1,"harmonicAverageSpeed":49.0,"medianSpeed":55.0,"averageSpeed":53.6,"standardDeviationSpeed":13.8,"travelTimeStandardDeviation":0.97,"sampleSize":1254,"normalizedSampleSize":0.3517,"averageTravelTime":2.46,"medianTravelTime":2.19,"travelTimeRatio":1.2,"speedPercentiles":[29,35,39,43,46,48,50,51,53,55,56,57,59,60,62,64,66,70,75]},{"timeSet":22,"dateRange":1,"harmonicAverageSpeed":49.2,"medianSpeed":56.0,"averageSpeed":54.9,"standardDeviationSpeed":15.3,"travelTimeStandardDeviation":1.25,"sampleSize":1301,"normalizedSampleSize":0.3648,"averageTravelTime":2.45,"medianTravelTime":2.15,"travelTimeRatio":1.19,"speedPercentiles":[28,35,40,44,46,48,51,52,54,56,57,58,60,62,63,65,68,73,81]},{"timeSet":23,"dateRange":1,"harmonicAverageSpeed":58.1,"medianSpeed":62.0,"averageSpeed":62.0,"standardDeviationSpeed":14.4,"travelTimeStandardDeviation":0.61,"sampleSize":747,"normalizedSampleSize":0.2095,"averageTravelTime":2.07,"medianTravelTime":1.94,"travelTimeRatio":1.01,"speedPercentiles":[37,45,48,51,53,55,57,58,60,62,63,65,67,69,71,74,77,79,86]},{"timeSet":24,"dateRange":1,"harmonicAverageSpeed":60.2,"medianSpeed":63.0,"averageSpeed":63.4,"standardDeviationSpeed":13.2,"travelTimeStandardDeviation":0.54,"sampleSize":627,"normalizedSampleSize":0.1758,"averageTravelTime":2.0,"medianTravelTime":1.91,"travelTimeRatio":0.97,"speedPercentiles":[41,45,51,54,56,58,59,61,62,63,65,66,68,69,71,74,76,80,85]},{"timeSet":25,"dateRange":1,"harmonicAverageSpeed":57.5,"medianSpeed":63.0,"averageSpeed":62.6,"standardDeviationSpeed":15.2,"travelTimeStandardDeviation":0.97,"sampleSize":559,"normalizedSampleSize":0.1568,"averageTravelTime":2.1,"medianTravelTime":1.91,"travelTimeRatio":1.02,"speedPercentiles":[35,43,48,51,53,56,58,60,62,63,65,67,68,70,72,74,77,81,87]}]}},{"type":"Feature","geometry":{"type":"LineString","coordinates":[[12.47329,41.92802],[12.47336,41.92791],[12.47345,41.92775],[12.47369,41.92732],[12.47377,41.92706],[12.47381,41.92674]]},"properties":{"segmentId":13800007370835,"newSegmentId":"00004931-3600-0400-0000-0000034e43d9","speedLimit":40,"frc":3,"streetName":"Corso di Francia","distance":149.36,"segmentTimeResults":[{"timeSet":2,"dateRange":1,"harmonicAverageSpeed":53.1,"medianSpeed":56.0,"averageSpeed":56.1,"standardDeviationSpeed":12.0,"travelTimeStandardDeviation":2.98,"sampleSize":761,"normalizedSampleSize":0.2134,"averageTravelTime":10.13,"medianTravelTime":9.6,"travelTimeRatio":1.0,"speedPercentiles":[36,42,46,48,49,51,53,54,55,56,57,59,60,61,63,65,66,69,74]},{"timeSet":3,"dateRange":1,"harmonicAverageSpeed":54.4,"medianSpeed":57.0,"averageSpeed":56.9,"standardDeviationSpeed":11.4,"travelTimeStandardDeviation":2.35,"sampleSize":533,"normalizedSampleSize":0.1495,"averageTravelTime":9.89,"medianTravelTime":9.43,"travelTimeRatio":0.98,"speedPercentiles":[37,43,46,49,50,52,53,54,55,57,58,59,60,61,63,65,68,71,76]},{"timeSet":4,"dateRange":1,"harmonicAverageSpeed":55.3,"medianSpeed":58.0,"averageSpeed":58.1,"standardDeviationSpeed":12.2,"travelTimeStandardDeviation":2.44,"sampleSize":435,"normalizedSampleSize":0.122,"averageTravelTime":9.73,"medianTravelTime":9.27,"travelTimeRatio":0.96,"speedPercentiles":[37,44,46,48,50,52,54,55,56,58,58,60,62,64,66,67,70,73,79]},{"timeSet":5,"dateRange":1,"harmonicAverageSpeed":55.0,"medianSpeed":57.0,"averageSpeed":58.4,"standardDeviationSpeed":12.9,"travelTimeStandardDeviation":3.03,"sampleSize":207,"normalizedSampleSize":0.058,"averageTravelTime":9.78,"medianTravelTime":9.43,"travelTimeRatio":0.97,"speedPercentiles":[39,44,47,49,50,52,53,54,56,57,59,62,63,66,67,70,72,74,78]},{"timeSet":6,"dateRange":1,"harmonicAverageSpeed":53.3,"medianSpeed":59.0,"averageSpeed":58.3,"standardDeviationSpeed":13.6,"travelTimeStandardDeviation":4.58,"sampleSize":202,"normalizedSampleSize":0.0566,"averageTravelTime":10.09,"medianTravelTime":9.11,"travelTimeRatio":1.0,"speedPercentiles":[31,41,48,50,52,54,56,57,58,59,61,61,63,66,67,69,72,74,76]},{"timeSet":7,"dateRange":1,"harmonicAverageSpeed":56.2,"medianSpeed":60.0,"averageSpeed":59.9,"standardDeviationSpeed":12.7,"travelTimeStandardDeviation":3.09,"sampleSize":174,"normalizedSampleSize":0.0488,"averageTravelTime":9.57,"medianTravelTime":8.96,"travelTimeRatio":0.94,"speedPercentiles":[34,45,50,52,53,55,57,58,59,60,63,64,65,66,67,69,72,75,78]},{"timeSet":8,"dateRange":1,"harmonicAverageSpeed":55.6,"medianSpeed":60.0,"averageSpeed":59.0,"standardDeviationSpeed":12.8,"travelTimeStandardDeviation":2.82,"sampleSize":240,"normalizedSampleSize":0.0673,"averageTravelTime":9.67,"medianTravelTime":8.96,"travelTimeRatio":0.95,"speedPercentiles":[34,42,46,49,52,54,56,58,59,60,62,63,64,65,67,68,69,75,80]},{"timeSet":9,"dateRange":1,"harmonicAverageSpeed":55.6,"medianSpeed":59.0,"averageSpeed":58.7,"standardDeviationSpeed":12.4,"travelTimeStandardDeviation":2.67,"sampleSize":334,"normalizedSampleSize":0.0937,"averageTravelTime":9.68,"medianTravelTime":9.11,"travelTimeRatio":0.96,"speedPercentiles":[36,43,46,49,52,54,55,56,58,59,60,62,63,64,66,68,71,74,79]},{"timeSet":10,"dateRange":1,"harmonicAverageSpeed":54.6,"medianSpeed":58.0,"averageSpeed":57.4,"standardDeviationSpeed":11.6,"travelTimeStandardDeviation":2.61,"sampleSize":549,"normalizedSampleSize":0.154,"averageTravelTime":9.85,"medianTravelTime":9.27,"travelTimeRatio":0.97,"speedPercentiles":[35,43,46,49,51,52,54,55,56,58,59,61,62,63,65,67,69,71,76]},{"timeSet":11,"dateRange":1,"harmonicAverageSpeed":42.9,"medianSpeed":50.0,"averageSpeed":49.5,"standardDeviationSpeed":14.2,"travelTimeStandardDeviation":7.46,"sampleSize":959,"normalizedSampleSize":0.2689,"averageTravelTime":12.53,"medianTravelTime":10.75,"travelTimeRatio":1.24,"speedPercentiles":[22,31,35,39,42,44,46,47,49,50,52,54,55,57,59,61,63,67,72]},{"timeSet":12,"dateRange":1,"harmonicAverageSpeed":36.7,"medianSpeed":48.0,"averageSpeed":45.3,"standardDeviationSpeed":14.9,"travelTimeStandardDeviation":10.55,"sampleSize":1222,"normalizedSampleSize":0.3427,"averageTravelTime":14.65,"medianTravelTime":11.2,"travelTimeRatio":1.45,"speedPercentiles":[15,22,29,34,37,40,43,45,46,48,49,50,52,54,55,57,59,62,66]},{"timeSet":13,"dateRange":1,"harmonicAverageSpeed":42.9,"medianSpeed":50.0,"averageSpeed":47.9,"standardDeviationSpeed":12.9,"travelTimeStandardDeviation":5.68,"sampleSize":1255,"normalizedSampleSize":0.3519,"averageTravelTime":12.53,"medianTravelTime":10.75,"travelTimeRatio":1.24,"speedPercentiles":[22,29,35,38,41,44,45,47,48,50,51,52,54,55,56,58,60,62,66]},{"timeSet":14,"dateRange":1,"harmonicAverageSpeed":38.6,"medianSpeed":48.0,"averageSpeed":45.9,"standardDeviationSpeed":14.4,"travelTimeStandardDeviation":8.88,"sampleSize":1501,"normalizedSampleSize":0.4209,"averageTravelTime":13.95,"medianTravelTime":11.2,"travelTimeRatio":1.38,"speedPercentiles":[18,25,30,34,38,40,43,45,47,48,50,51,52,54,56,57,60,62,67]},{"timeSet":15,"dateRange":1,"harmonicAverageSpeed":43.8,"medianSpeed":52.0,"averageSpeed":50.3,"standardDeviationSpeed":14.4,"travelTimeStandardDeviation":6.73,"sampleSize":1376,"normalizedSampleSize":0.3859,"averageTravelTime":12.28,"medianTravelTime":10.34,"travelTimeRatio":1.21,"speedPercentiles":[22,31,36,40,42,45,47,49,50,52,53,55,56,58,59,62,64,67,71]},{"timeSet":16,"dateRange":1,"harmonicAverageSpeed":47.8,"medianSpeed":54.0,"averageSpeed":52.8,"standardDeviationSpeed":13.5,"travelTimeStandardDeviation":5.03,"sampleSize":1083,"normalizedSampleSize":0.3037,"averageTravelTime":11.25,"medianTravelTime":9.96,"travelTimeRatio":1.11,"speedPercentiles":[27,35,40,43,45,47,49,51,52,54,55,56,58,60,62,63,66,69,73]},{"timeSet":17,"dateRange":1,"harmonicAverageSpeed":43.9,"medianSpeed":51.0,"averageSpeed":49.5,"standardDeviationSpeed":13.3,"travelTimeStandardDeviation":6.15,"sampleSize":1310,"normalizedSampleSize":0.3674,"averageTravelTime":12.25,"medianTravelTime":10.54,"travelTimeRatio":1.21,"speedPercentiles":[23,31,37,40,43,45,47,48,49,51,52,54,55,56,58,60,62,65,69]},{"timeSet":18,"dateRange":1,"harmonicAverageSpeed":35.2,"medianSpeed":45.0,"averageSpeed":43.4,"standardDeviationSpeed":15.3,"travelTimeStandardDeviation":10.03,"sampleSize":1398,"normalizedSampleSize":0.392,"averageTravelTime":15.26,"medianTravelTime":11.95,"travelTimeRatio":1.51,"speedPercentiles":[15,21,27,30,34,37,39,41,43,45,47,49,51,52,54,56,59,62,67]},{"timeSet":19,"dateRange":1,"harmonicAverageSpeed":37.3,"medianSpeed":45.0,"averageSpeed":43.9,"standardDeviationSpeed":13.7,"travelTimeStandardDeviation":8.56,"sampleSize":1508,"normalizedSampleSize":0.4229,"averageTravelTime":14.41,"medianTravelTime":11.95,"travelTimeRatio":1.42,"speedPercentiles":[17,25,30,33,36,38,40,42,43,45,47,48,50,51,53,55,57,60,64]},{"timeSet":20,"dateRange":1,"harmonicAverageSpeed":42.0,"medianSpeed":48.0,"averageSpeed":46.7,"standardDeviationSpeed":12.2,"travelTimeStandardDeviation":5.94,"sampleSize":1253,"normalizedSampleSize":0.3514,"averageTravelTime":12.8,"medianTravelTime":11.2,"travelTimeRatio":1.26,"speedPercentiles":[24,31,35,38,40,42,44,45,46,48,49,50,52,53,54,56,58,61,65]},{"timeSet":21,"dateRange":1,"harmonicAverageSpeed":38.2,"medianSpeed":46.0,"averageSpeed":44.5,"standardDeviationSpeed":13.5,"travelTimeStandardDeviation":7.96,"sampleSize":1236,"normalizedSampleSize":0.3466,"averageTravelTime":14.08,"medianTravelTime":11.69,"travelTimeRatio":1.39,"speedPercentiles":[18,25,30,34,37,40,42,43,45,46,47,48,50,52,54,55,57,60,65]},{"timeSet":22,"dateRange":1,"harmonicAverageSpeed":40.1,"medianSpeed":48.0,"averageSpeed":46.8,"standardDeviationSpeed":14.1,"travelTimeStandardDeviation":8.41,"sampleSize":1291,"normalizedSampleSize":0.362,"averageTravelTime":13.41,"medianTravelTime":11.2,"travelTimeRatio":1.32,"speedPercentiles":[20,27,32,36,39,41,43,45,46,48,49,51,52,54,56,57,59,63,69]},{"timeSet":23,"dateRange":1,"harmonicAverageSpeed":51.9,"medianSpeed":55.0,"averageSpeed":54.7,"standardDeviationSpeed":11.7,"travelTimeStandardDeviation":2.76,"sampleSize":749,"normalizedSampleSize":0.21,"averageTravelTime":10.36,"medianTravelTime":9.78,"travelTimeRatio":1.02,"speedPercentiles":[35,41,44,46,47,49,50,52,53,55,56,57,59,60,61,64,67,69,75]},{"timeSet":24,"dateRange":1,"harmonicAverageSpeed":54.0,"medianSpeed":56.0,"averageSpeed":56.2,"standardDeviationSpeed":10.7,"travelTimeStandardDeviation":2.31,"sampleSize":627,"normalizedSampleSize":0.1758,"averageTravelTime":9.96,"medianTravelTime":9.6,"travelTimeRatio":0.98,"speedPercentiles":[39,43,46,48,50,52,53,54,55,56,57,58,59,61,63,64,67,69,74]},{"timeSet":25,"dateRange":1,"harmonicAverageSpeed":51.8,"medianSpeed":56.0,"averageSpeed":55.6,"standardDeviationSpeed":12.5,"travelTimeStandardDeviation":4.29,"sampleSize":552,"normalizedSampleSize":0.1548,"averageTravelTime":10.38,"medianTravelTime":9.6,"travelTimeRatio":1.02,"speedPercentiles":[34,40,44,46,48,50,52,54,55,56,57,59,60,61,62,64,67,70,75]}]}},{"type":"Feature","geometry":{"type":"LineString","coordinates":[[12.47381,41.92674],[12.47378,41.92656],[12.47374,41.92644],[12.47372,41.92638],[12.4737,41.92633]]},"properties":{"segmentId":-13800007370829,"newSegmentId":"-00004931-3600-0400-0000-000001376b28","speedLimit":40,"frc":3,"streetName":"Corso di Francia","distance":46.83,"segmentTimeResults":[{"timeSet":2,"dateRange":1,"harmonicAverageSpeed":47.6,"medianSpeed":51.0,"averageSpeed":50.7,"standardDeviationSpeed":11.7,"travelTimeStandardDeviation":1.17,"sampleSize":766,"normalizedSampleSize":0.2148,"averageTravelTime":3.54,"medianTravelTime":3.31,"travelTimeRatio":1.0,"speedPercentiles":[33,38,41,43,45,46,47,48,49,51,52,53,54,55,57,58,60,63,67]},{"timeSet":3,"dateRange":1,"harmonicAverageSpeed":49.5,"medianSpeed":52.0,"averageSpeed":51.8,"standardDeviationSpeed":10.8,"travelTimeStandardDeviation":0.82,"sampleSize":536,"normalizedSampleSize":0.1503,"averageTravelTime":3.41,"medianTravelTime":3.24,"travelTimeRatio":0.96,"speedPercentiles":[36,39,43,44,46,47,48,50,51,52,52,53,55,56,57,59,61,64,69]},{"timeSet":4,"dateRange":1,"harmonicAverageSpeed":49.7,"medianSpeed":52.0,"averageSpeed":52.2,"standardDeviationSpeed":10.9,"travelTimeStandardDeviation":0.87,"sampleSize":439,"normalizedSampleSize":0.1231,"averageTravelTime":3.39,"medianTravelTime":3.24,"travelTimeRatio":0.96,"speedPercentiles":[36,40,42,44,46,47,48,49,51,52,53,54,56,57,58,60,62,64,71]},{"timeSet":5,"dateRange":1,"harmonicAverageSpeed":49.8,"medianSpeed":52.0,"averageSpeed":52.8,"standardDeviationSpeed":11.4,"travelTimeStandardDeviation":1.01,"sampleSize":209,"normalizedSampleSize":0.0586,"averageTravelTime":3.39,"medianTravelTime":3.24,"travelTimeRatio":0.96,"speedPercentiles":[38,40,43,44,46,47,48,49,50,52,53,55,57,59,60,62,64,68,73]},{"timeSet":6,"dateRange":1,"harmonicAverageSpeed":48.8,"medianSpeed":54.0,"averageSpeed":53.0,"standardDeviationSpeed":11.8,"travelTimeStandardDeviation":1.47,"sampleSize":203,"normalizedSampleSize":0.0569,"averageTravelTime":3.45,"medianTravelTime":3.12,"travelTimeRatio":0.98,"speedPercentiles":[31,39,43,46,48,49,51,52,53,54,54,56,57,59,61,61,64,66,71]},{"timeSet":7,"dateRange":1,"harmonicAverageSpeed":50.1,"medianSpeed":54.0,"averageSpeed":53.4,"standardDeviationSpeed":11.4,"travelTimeStandardDeviation":1.08,"sampleSize":177,"normalizedSampleSize":0.0496,"averageTravelTime":3.37,"medianTravelTime":3.12,"travelTimeRatio":0.95,"speedPercentiles":[32,40,44,46,48,50,51,52,53,54,55,56,57,58,60,61,63,66,70]},{"timeSet":8,"dateRange":1,"harmonicAverageSpeed":47.9,"medianSpeed":53.0,"averageSpeed":51.9,"standardDeviationSpeed":12.2,"travelTimeStandardDeviation":1.32,"sampleSize":238,"normalizedSampleSize":0.0667,"averageTravelTime":3.52,"medianTravelTime":3.18,"travelTimeRatio":0.99,"speedPercentiles":[28,37,39,42,45,47,49,50,52,53,54,56,57,58,59,61,63,66,72]},{"timeSet":9,"dateRange":1,"harmonicAverageSpeed":46.5,"medianSpeed":52.0,"averageSpeed":51.3,"standardDeviationSpeed":12.7,"travelTimeStandardDeviation":1.71,"sampleSize":334,"normalizedSampleSize":0.0937,"averageTravelTime":3.63,"medianTravelTime":3.24,"travelTimeRatio":1.02,"speedPercentiles":[28,35,40,43,45,47,48,49,50,52,53,54,56,57,59,61,63,66,72]},{"timeSet":10,"dateRange":1,"harmonicAverageSpeed":45.3,"medianSpeed":51.0,"averageSpeed":49.9,"standardDeviationSpeed":11.8,"travelTimeStandardDeviation":2.44,"sampleSize":546,"normalizedSampleSize":0.1531,"averageTravelTime":3.73,"medianTravelTime":3.31,"travelTimeRatio":1.05,"speedPercentiles":[30,34,38,41,43,45,47,48,50,51,52,54,55,56,57,59,61,63,68]},{"timeSet":11,"dateRange":1,"harmonicAverageSpeed":25.6,"medianSpeed":42.0,"averageSpeed":39.6,"standardDeviationSpeed":15.8,"travelTimeStandardDeviation":8.46,"sampleSize":966,"normalizedSampleSize":0.2709,"averageTravelTime":6.58,"medianTravelTime":4.01,"travelTimeRatio":1.86,"speedPercentiles":[7,17,23,28,31,33,36,38,40,42,44,45,46,48,50,52,55,57,63]},{"timeSet":12,"dateRange":1,"harmonicAverageSpeed":22.6,"medianSpeed":39.0,"averageSpeed":36.4,"standardDeviationSpeed":15.1,"travelTimeStandardDeviation":9.84,"sampleSize":1232,"normalizedSampleSize":0.3455,"averageTravelTime":7.45,"medianTravelTime":4.32,"travelTimeRatio":2.1,"speedPercentiles":[7,12,19,24,27,30,33,35,37,39,41,42,44,45,47,49,51,54,58]},{"timeSet":13,"dateRange":1,"harmonicAverageSpeed":26.2,"medianSpeed":40.0,"averageSpeed":38.0,"standardDeviationSpeed":14.7,"travelTimeStandardDeviation":7.41,"sampleSize":1244,"normalizedSampleSize":0.3489,"averageTravelTime":6.44,"medianTravelTime":4.21,"travelTimeRatio":1.82,"speedPercentiles":[8,17,21,25,28,32,34,37,39,40,42,44,45,46,48,50,52,54,58]},{"timeSet":14,"dateRange":1,"harmonicAverageSpeed":20.7,"medianSpeed":38.0,"averageSpeed":35.8,"standardDeviationSpeed":15.8,"travelTimeStandardDeviation":11.41,"sampleSize":1516,"normalizedSampleSize":0.4251,"averageTravelTime":8.14,"medianTravelTime":4.44,"travelTimeRatio":2.3,"speedPercentiles":[5,10,17,22,26,29,32,34,36,38,40,41,43,45,47,49,51,54,58]},{"timeSet":15,"dateRange":1,"harmonicAverageSpeed":28.1,"medianSpeed":43.0,"averageSpeed":40.5,"standardDeviationSpeed":15.2,"travelTimeStandardDeviation":7.09,"sampleSize":1382,"normalizedSampleSize":0.3875,"averageTravelTime":6.0,"medianTravelTime":3.92,"travelTimeRatio":1.69,"speedPercentiles":[9,18,23,29,32,35,37,40,41,43,44,46,47,49,50,52,54,58,61]},{"timeSet":16,"dateRange":1,"harmonicAverageSpeed":32.2,"medianSpeed":45.0,"averageSpeed":43.1,"standardDeviationSpeed":14.8,"travelTimeStandardDeviation":5.41,"sampleSize":1089,"normalizedSampleSize":0.3054,"averageTravelTime":5.24,"medianTravelTime":3.75,"travelTimeRatio":1.48,"speedPercentiles":[12,21,28,32,35,38,41,42,44,45,47,48,49,51,53,55,57,60,64]},{"timeSet":17,"dateRange":1,"harmonicAverageSpeed":25.4,"medianSpeed":42.0,"averageSpeed":38.9,"standardDeviationSpeed":15.2,"travelTimeStandardDeviation":8.06,"sampleSize":1314,"normalizedSampleSize":0.3685,"averageTravelTime":6.63,"medianTravelTime":4.01,"travelTimeRatio":1.87,"speedPercentiles":[8,14,22,27,31,34,36,38,40,42,43,45,46,48,49,51,53,56,60]},{"timeSet":18,"dateRange":1,"harmonicAverageSpeed":20.0,"medianSpeed":36.0,"averageSpeed":34.3,"standardDeviationSpeed":15.4,"travelTimeStandardDeviation":11.15,"sampleSize":1414,"normalizedSampleSize":0.3965,"averageTravelTime":8.44,"medianTravelTime":4.68,"travelTimeRatio":2.39,"speedPercentiles":[5,10,17,21,24,27,29,32,35,36,38,40,42,44,45,47,49,53,57]},{"timeSet":19,"dateRange":1,"harmonicAverageSpeed":23.0,"medianSpeed":37.0,"averageSpeed":35.2,"standardDeviationSpeed":14.7,"travelTimeStandardDeviation":8.59,"sampleSize":1516,"normalizedSampleSize":0.4251,"averageTravelTime":7.34,"medianTravelTime":4.56,"travelTimeRatio":2.08,"speedPercentiles":[7,12,18,22,26,29,32,34,36,37,39,40,42,44,45,47,50,52,56]},{"timeSet":20,"dateRange":1,"harmonicAverageSpeed":26.5,"medianSpeed":40.0,"averageSpeed":38.1,"standardDeviationSpeed":13.7,"travelTimeStandardDeviation":8.27,"sampleSize":1255,"normalizedSampleSize":0.3519,"averageTravelTime":6.37,"medianTravelTime":4.21,"travelTimeRatio":1.8,"speedPercentiles":[9,18,24,28,31,33,35,37,39,40,41,43,44,45,47,49,51,54,57]},{"timeSet":21,"dateRange":1,"harmonicAverageSpeed":25.9,"medianSpeed":39.0,"averageSpeed":37.0,"standardDeviationSpeed":13.8,"travelTimeStandardDeviation":7.16,"sampleSize":1245,"normalizedSampleSize":0.3491,"averageTravelTime":6.51,"medianTravelTime":4.32,"travelTimeRatio":1.84,"speedPercentiles":[8,16,22,27,29,32,34,36,38,39,40,42,43,45,46,48,50,53,57]},{"timeSet":22,"dateRange":1,"harmonicAverageSpeed":26.3,"medianSpeed":41.0,"averageSpeed":39.1,"standardDeviationSpeed":14.7,"travelTimeStandardDeviation":8.33,"sampleSize":1297,"normalizedSampleSize":0.3637,"averageTravelTime":6.41,"medianTravelTime":4.11,"travelTimeRatio":1.81,"speedPercentiles":[9,17,24,28,32,34,36,38,39,41,42,44,46,47,49,50,53,56,60]},{"timeSet":23,"dateRange":1,"harmonicAverageSpeed":42.3,"medianSpeed":48.0,"averageSpeed":47.3,"standardDeviationSpeed":11.8,"travelTimeStandardDeviation":2.42,"sampleSize":755,"normalizedSampleSize":0.2117,"averageTravelTime":3.99,"medianTravelTime":3.51,"travelTimeRatio":1.13,"speedPercentiles":[26,33,37,39,42,43,45,46,47,48,49,50,51,52,54,56,58,61,66]},{"timeSet":24,"dateRange":1,"harmonicAverageSpeed":47.6,"medianSpeed":50.0,"averageSpeed":50.1,"standardDeviationSpeed":10.4,"travelTimeStandardDeviation":0.95,"sampleSize":629,"normalizedSampleSize":0.1764,"averageTravelTime":3.54,"medianTravelTime":3.37,"travelTimeRatio":1.0,"speedPercentiles":[34,39,41,42,44,45,46,48,48,50,51,52,53,55,56,57,59,62,66]},{"timeSet":25,"dateRange":1,"harmonicAverageSpeed":46.2,"medianSpeed":50.0,"averageSpeed":49.9,"standardDeviationSpeed":11.6,"travelTimeStandardDeviation":1.58,"sampleSize":555,"normalizedSampleSize":0.1556,"averageTravelTime":3.65,"medianTravelTime":3.37,"travelTimeRatio":1.03,"speedPercentiles":[32,36,39,42,44,46,47,48,49,50,51,52,53,54,56,57,60,63,67]}]}},{"type":"Feature","geometry":{"type":"LineString","coordinates":[[12.4737,41.92633],[12.47369,41.9263],[12.47366,41.92624],[12.47358,41.92611],[12.47354,41.92607],[12.47349,41.92601],[12.47329,41.92576],[12.47322,41.92567]]},"properties":{"segmentId":-13800007468539,"newSegmentId":"-00004931-3600-0400-0000-0000034a6353","speedLimit":40,"frc":3,"streetName":"Viale Maresciallo Pilsudski","distance":84.15,"segmentTimeResults":[{"timeSet":2,"dateRange":1,"harmonicAverageSpeed":18.5,"medianSpeed":37.0,"averageSpeed":34.9,"standardDeviationSpeed":21.3,"travelTimeStandardDeviation":16.45,"sampleSize":745,"normalizedSampleSize":0.2089,"averageTravelTime":16.36,"medianTravelTime":8.19,"travelTimeRatio":1.0,"speedPercentiles":[7,8,9,11,13,18,22,27,33,37,40,43,46,49,52,55,57,60,65]},{"timeSet":3,"dateRange":1,"harmonicAverageSpeed":18.9,"medianSpeed":37.0,"averageSpeed":35.6,"standardDeviationSpeed":21.1,"travelTimeStandardDeviation":16.63,"sampleSize":532,"normalizedSampleSize":0.1492,"averageTravelTime":16.01,"medianTravelTime":8.19,"travelTimeRatio":0.98,"speedPercentiles":[7,8,9,11,14,18,24,30,34,37,40,44,47,51,53,55,58,62,65]},{"timeSet":4,"dateRange":1,"harmonicAverageSpeed":17.5,"medianSpeed":39.0,"averageSpeed":36.1,"standardDeviationSpeed":21.9,"travelTimeStandardDeviation":19.55,"sampleSize":431,"normalizedSampleSize":0.1209,"averageTravelTime":17.35,"medianTravelTime":7.77,"travelTimeRatio":1.06,"speedPercentiles":[5,7,9,11,13,16,23,31,35,39,43,46,49,51,54,57,59,62,68]},{"timeSet":5,"dateRange":1,"harmonicAverageSpeed":22.0,"medianSpeed":41.0,"averageSpeed":39.4,"standardDeviationSpeed":20.9,"travelTimeStandardDeviation":16.11,"sampleSize":208,"normalizedSampleSize":0.0583,"averageTravelTime":13.78,"medianTravelTime":7.39,"travelTimeRatio":0.84,"speedPercentiles":[7,10,13,15,20,24,34,36,39,41,45,47,49,52,55,58,62,67,73]},{"timeSet":6,"dateRange":1,"harmonicAverageSpeed":20.3,"medianSpeed":42.0,"averageSpeed":38.6,"standardDeviationSpeed":22.0,"travelTimeStandardDeviation":15.78,"sampleSize":202,"normalizedSampleSize":0.0566,"averageTravelTime":14.91,"medianTravelTime":7.21,"travelTimeRatio":0.91,"speedPercentiles":[7,8,10,13,16,20,28,33,37,42,47,50,52,54,55,59,62,65,71]},{"timeSet":7,"dateRange":1,"harmonicAverageSpeed":21.6,"medianSpeed":40.0,"averageSpeed":38.9,"standardDeviationSpeed":21.9,"travelTimeStandardDeviation":14.68,"sampleSize":171,"normalizedSampleSize":0.048,"averageTravelTime":14.04,"medianTravelTime":7.57,"travelTimeRatio":0.86,"speedPercentiles":[8,9,11,13,18,21,27,33,36,40,45,48,52,54,58,61,63,66,70]},{"timeSet":8,"dateRange":1,"harmonicAverageSpeed":20.3,"medianSpeed":38.0,"averageSpeed":36.9,"standardDeviationSpeed":21.1,"travelTimeStandardDeviation":16.21,"sampleSize":230,"normalizedSampleSize":0.0645,"averageTravelTime":14.9,"medianTravelTime":7.97,"travelTimeRatio":0.91,"speedPercentiles":[7,9,11,13,16,20,26,31,35,38,40,45,48,51,55,58,60,64,69]},{"timeSet":9,"dateRange":1,"harmonicAverageSpeed":18.0,"medianSpeed":38.0,"averageSpeed":35.4,"standardDeviationSpeed":21.3,"travelTimeStandardDeviation":18.43,"sampleSize":331,"normalizedSampleSize":0.0928,"averageTravelTime":16.85,"medianTravelTime":7.97,"travelTimeRatio":1.03,"speedPercentiles":[6,7,9,11,15,18,22,28,33,38,40,44,48,50,53,56,59,63,68]},{"timeSet":10,"dateRange":1,"harmonicAverageSpeed":16.8,"medianSpeed":37.0,"averageSpeed":34.2,"standardDeviationSpeed":21.0,"travelTimeStandardDeviation":19.76,"sampleSize":533,"normalizedSampleSize":0.1495,"averageTravelTime":18.04,"medianTravelTime":8.19,"travelTimeRatio":1.1,"speedPercentiles":[5,7,9,10,12,15,20,27,32,37,41,44,46,49,51,54,57,61,66]},{"timeSet":11,"dateRange":1,"harmonicAverageSpeed":13.1,"medianSpeed":26.0,"averageSpeed":26.6,"standardDeviationSpeed":18.3,"travelTimeStandardDeviation":21.92,"sampleSize":948,"normalizedSampleSize":0.2658,"averageTravelTime":23.14,"medianTravelTime":11.65,"travelTimeRatio":1.41,"speedPercentiles":[4,6,7,8,9,10,13,17,21,26,29,32,35,37,40,44,48,52,58]},{"timeSet":12,"dateRange":1,"harmonicAverageSpeed":11.9,"medianSpeed":24.0,"averageSpeed":24.4,"standardDeviationSpeed":16.8,"travelTimeStandardDeviation":24.43,"sampleSize":1199,"normalizedSampleSize":0.3362,"averageTravelTime":25.49,"medianTravelTime":12.62,"travelTimeRatio":1.56,"speedPercentiles":[4,5,6,7,8,9,11,14,19,24,28,30,33,35,38,41,44,48,54]},{"timeSet":13,"dateRange":1,"harmonicAverageSpeed":12.5,"medianSpeed":22.0,"averageSpeed":24.3,"standardDeviationSpeed":16.6,"travelTimeStandardDeviation":22.26,"sampleSize":1215,"normalizedSampleSize":0.3407,"averageTravelTime":24.23,"medianTravelTime":13.77,"travelTimeRatio":1.48,"speedPercentiles":[4,5,7,7,9,10,13,16,19,22,26,29,31,34,37,39,43,47,53]},{"timeSet":14,"dateRange":1,"harmonicAverageSpeed":13.0,"medianSpeed":25.0,"averageSpeed":25.2,"standardDeviationSpeed":16.4,"travelTimeStandardDeviation":22.3,"sampleSize":1478,"normalizedSampleSize":0.4145,"averageTravelTime":23.27,"medianTravelTime":12.12,"travelTimeRatio":1.42,"speedPercentiles":[4,6,7,7,9,11,14,18,22,25,28,31,32,34,37,40,43,48,53]},{"timeSet":15,"dateRange":1,"harmonicAverageSpeed":13.7,"medianSpeed":27.0,"averageSpeed":27.0,"standardDeviationSpeed":17.7,"travelTimeStandardDeviation":22.15,"sampleSize":1347,"normalizedSampleSize":0.3777,"averageTravelTime":22.17,"medianTravelTime":11.22,"travelTimeRatio":1.36,"speedPercentiles":[4,6,7,8,9,12,15,19,23,27,30,32,34,37,40,43,47,51,57]},{"timeSet":16,"dateRange":1,"harmonicAverageSpeed":14.0,"medianSpeed":27.0,"averageSpeed":27.7,"standardDeviationSpeed":18.5,"travelTimeStandardDeviation":21.2,"sampleSize":1063,"normalizedSampleSize":0.2981,"averageTravelTime":21.65,"medianTravelTime":11.22,"travelTimeRatio":1.32,"speedPercentiles":[5,6,7,8,9,12,15,19,23,27,30,33,35,39,41,45,49,53,60]},{"timeSet":17,"dateRange":1,"harmonicAverageSpeed":12.5,"medianSpeed":22.0,"averageSpeed":24.7,"standardDeviationSpeed":17.4,"travelTimeStandardDeviation":21.94,"sampleSize":1280,"normalizedSampleSize":0.3589,"averageTravelTime":24.27,"medianTravelTime":13.77,"travelTimeRatio":1.48,"speedPercentiles":[4,6,6,7,8,10,12,15,18,22,26,29,32,35,37,41,45,50,56]},{"timeSet":18,"dateRange":1,"harmonicAverageSpeed":12.4,"medianSpeed":22.0,"averageSpeed":23.2,"standardDeviationSpeed":15.4,"travelTimeStandardDeviation":21.93,"sampleSize":1374,"normalizedSampleSize":0.3853,"averageTravelTime":24.49,"medianTravelTime":13.77,"travelTimeRatio":1.5,"speedPercentiles":[4,6,6,7,8,10,12,16,19,22,25,28,30,32,34,37,39,44,51]},{"timeSet":19,"dateRange":1,"harmonicAverageSpeed":12.6,"medianSpeed":23.0,"averageSpeed":23.8,"standardDeviationSpeed":15.7,"travelTimeStandardDeviation":22.58,"sampleSize":1487,"normalizedSampleSize":0.417,"averageTravelTime":24.06,"medianTravelTime":13.17,"travelTimeRatio":1.47,"speedPercentiles":[4,6,7,7,9,11,13,16,19,23,25,28,31,33,35,38,41,45,51]},{"timeSet":20,"dateRange":1,"harmonicAverageSpeed":12.8,"medianSpeed":24.0,"averageSpeed":25.3,"standardDeviationSpeed":16.7,"travelTimeStandardDeviation":23.62,"sampleSize":1214,"normalizedSampleSize":0.3404,"averageTravelTime":23.73,"medianTravelTime":12.62,"travelTimeRatio":1.45,"speedPercentiles":[4,6,7,8,9,11,14,17,21,24,28,31,33,35,38,41,45,49,54]},{"timeSet":21,"dateRange":1,"harmonicAverageSpeed":13.5,"medianSpeed":25.0,"averageSpeed":25.2,"standardDeviationSpeed":16.3,"travelTimeStandardDeviation":20.81,"sampleSize":1217,"normalizedSampleSize":0.3413,"averageTravelTime":22.46,"medianTravelTime":12.12,"travelTimeRatio":1.37,"speedPercentiles":[5,6,7,8,9,11,14,18,22,25,27,30,32,35,37,40,44,48,53]},{"timeSet":22,"dateRange":1,"harmonicAverageSpeed":13.8,"medianSpeed":25.0,"averageSpeed":25.9,"standardDeviationSpeed":16.9,"travelTimeStandardDeviation":20.77,"sampleSize":1267,"normalizedSampleSize":0.3553,"averageTravelTime":22.03,"medianTravelTime":12.12,"travelTimeRatio":1.35,"speedPercentiles":[5,6,7,8,10,12,15,18,21,25,27,30,33,35,39,42,46,50,55]},{"timeSet":23,"dateRange":1,"harmonicAverageSpeed":17.1,"medianSpeed":33.0,"averageSpeed":31.6,"standardDeviationSpeed":19.2,"travelTimeStandardDeviation":17.3,"sampleSize":741,"normalizedSampleSize":0.2078,"averageTravelTime":17.7,"medianTravelTime":9.18,"travelTimeRatio":1.08,"speedPercentiles":[6,8,9,10,13,15,18,24,28,33,36,38,41,44,47,49,54,57,63]},{"timeSet":24,"dateRange":1,"harmonicAverageSpeed":17.5,"medianSpeed":34.0,"averageSpeed":33.0,"standardDeviationSpeed":20.7,"travelTimeStandardDeviation":16.62,"sampleSize":619,"normalizedSampleSize":0.1736,"averageTravelTime":17.33,"medianTravelTime":8.91,"travelTimeRatio":1.06,"speedPercentiles":[6,7,9,11,12,15,17,22,30,34,38,41,44,47,50,53,57,60,66]},{"timeSet":25,"dateRange":1,"harmonicAverageSpeed":17.8,"medianSpeed":37.0,"averageSpeed":34.5,"standardDeviationSpeed":20.3,"travelTimeStandardDeviation":18.34,"sampleSize":550,"normalizedSampleSize":0.1542,"averageTravelTime":16.99,"medianTravelTime":8.19,"travelTimeRatio":1.04,"speedPercentiles":[5,7,9,11,14,18,25,30,34,37,40,42,46,48,51,53,55,59,65]}]}}]}